Temps (s), T1 (°C), T2 (°C), T3 (°C),Ampérage (A)
0,24.05,24.23,24.14,0.0
1,24.05,24.23,24.14,0.0
2,24.05,24.23,24.14,0.0
3,24.05,24.23,24.14,0.0
4,24.05,24.32,24.14,0.0
5,24.05,24.23,24.14,0.0
6,24.05,24.23,24.14,0.0
7,24.05,24.23,24.14,0.0
8,24.05,24.23,24.05,0.0
9,24.05,24.23,24.14,0.0
10,24.05,24.32,24.14,0.0
11,23.96,24.32,24.14,-1.0
12,23.78,24.23,24.14,-1.0
13,23.51,24.23,24.14,-1.0
14,23.33,24.23,24.14,-1.0
15,23.15,24.23,24.14,-1.0
16,22.97,24.23,24.14,-1.0
17,22.79,24.23,24.14,-1.0
18,22.7,24.23,24.14,-1.0
19,22.52,24.23,24.14,-1.0
20,22.43,24.23,24.14,-1.0
21,22.35,24.14,24.14,-1.0
22,22.26,24.14,24.14,-1.0
23,22.08,24.14,24.14,-1.0
24,21.99,24.05,24.14,-1.0
25,21.9,24.05,24.14,-1.0
26,21.81,23.96,24.14,-1.0
27,21.72,23.96,24.05,-1.0
28,21.63,23.87,24.05,-1.0
29,21.54,23.87,24.05,-1.0
30,21.45,23.78,24.05,-1.0
31,21.45,23.78,24.05,-1.0
32,21.36,23.69,24.05,-1.0
33,21.27,23.69,24.05,-1.0
34,21.18,23.6,23.96,-1.0
35,21.18,23.6,23.96,-1.0
36,21.1,23.51,23.96,-1.0
37,21.01,23.51,23.96,-1.0
38,21.01,23.51,23.87,-1.0
39,20.92,23.42,23.87,-1.0
40,20.83,23.42,23.87,-1.0
41,20.83,23.33,23.87,-1.0
42,20.74,23.33,23.87,-1.0
43,20.74,23.24,23.78,-1.0
44,20.65,23.24,23.78,-1.0
45,20.65,23.15,23.78,-1.0
46,20.56,23.15,23.69,-1.0
47,20.56,23.06,23.69,-1.0
48,20.56,23.06,23.69,-1.0
49,20.47,23.06,23.6,-1.0
50,20.38,22.97,23.6,-1.0
51,20.38,22.97,23.6,-1.0
52,20.29,22.88,23.51,-1.0
53,20.29,22.88,23.51,-1.0
54,20.21,22.88,23.51,-1.0
55,20.21,22.79,23.42,-1.0
56,20.21,22.79,23.42,-1.0
57,20.12,22.7,23.42,-1.0
58,20.03,22.7,23.33,-1.0
59,20.03,22.7,23.33,-1.0
60,19.94,22.61,23.33,-1.0
61,19.94,22.61,23.33,-1.0
62,19.85,22.52,23.24,-1.0
63,19.85,22.52,23.24,-1.0
64,19.85,22.43,23.24,-1.0
65,19.76,22.43,23.15,-1.0
66,19.76,22.43,23.15,-1.0
67,19.67,22.35,23.06,-1.0
68,19.67,22.35,23.06,-1.0
69,19.58,22.35,23.06,-1.0
70,19.58,22.26,22.97,-1.0
71,19.58,22.26,22.97,-1.0
72,19.58,22.26,22.97,-1.0
73,19.58,22.17,22.97,-1.0
74,19.58,22.17,22.88,-1.0
75,19.58,22.17,22.88,-1.0
76,19.49,22.08,22.79,-1.0
77,19.49,22.08,22.79,-1.0
78,19.49,21.99,22.79,-1.0
79,19.4,21.99,22.79,-1.0
80,19.4,21.99,22.7,-1.0
81,19.32,21.99,22.7,-1.0
82,19.32,21.9,22.7,-1.0
83,19.23,21.9,22.61,-1.0
84,19.23,21.9,22.61,-1.0
85,19.23,21.9,22.61,-1.0
86,19.14,21.81,22.52,-1.0
87,19.14,21.81,22.61,-1.0
88,19.14,21.81,22.52,-1.0
89,19.14,21.72,22.52,-1.0
90,19.05,21.72,22.52,-1.0
91,19.05,21.72,22.43,-1.0
92,19.05,21.63,22.43,-1.0
93,19.05,21.63,22.43,-1.0
94,19.05,21.63,22.35,-1.0
95,19.05,21.63,22.35,-1.0
96,19.05,21.54,22.35,-1.0
97,18.96,21.54,22.35,-1.0
98,18.96,21.54,22.26,-1.0
99,18.96,21.45,22.26,-1.0
100,18.87,21.45,22.26,-1.0
101,18.87,21.45,22.17,-1.0
102,18.87,21.36,22.17,-1.0
103,18.87,21.36,22.17,-1.0
104,18.78,21.36,22.08,-1.0
105,18.78,21.36,22.08,-1.0
106,18.69,21.36,22.08,-1.0
107,18.69,21.27,22.08,-1.0
108,18.69,21.27,22.08,-1.0
109,18.69,21.27,21.99,-1.0
110,18.69,21.18,21.99,-1.0
111,18.69,21.18,21.99,-1.0
112,18.69,21.18,21.9,-1.0
113,18.69,21.1,21.9,-1.0
114,18.6,21.18,21.9,-1.0
115,18.6,21.1,21.9,-1.0
116,18.6,21.1,21.9,-1.0
117,18.51,21.1,21.81,-1.0
118,18.51,21.1,21.81,-1.0
119,18.51,21.01,21.72,-1.0
120,18.43,21.01,21.72,-1.0
121,18.43,21.01,21.72,-1.0
122,18.43,20.92,21.72,-1.0
123,18.43,20.92,21.63,-1.0
124,18.34,20.92,21.63,-1.0
125,18.34,20.92,21.63,-1.0
126,18.34,20.83,21.63,-1.0
127,18.34,20.83,21.54,-1.0
128,18.34,20.83,21.54,-1.0
129,18.34,20.74,21.54,-1.0
130,18.34,20.74,21.54,-1.0
131,18.34,20.74,21.54,-1.0
132,18.25,20.74,21.45,-1.0
133,18.25,20.65,21.45,-1.0
134,18.25,20.65,21.45,-1.0
135,18.25,20.65,21.45,-1.0
136,18.25,20.65,21.36,-1.0
137,18.16,20.65,21.36,-1.0
138,18.16,20.65,21.36,-1.0
139,18.16,20.56,21.36,-1.0
140,18.16,20.56,21.36,-1.0
141,18.07,20.56,21.36,-1.0
142,18.07,20.56,21.36,-1.0
143,18.07,20.56,21.27,-1.0
144,18.07,20.56,21.27,-1.0
145,18.07,20.47,21.27,-1.0
146,17.98,20.47,21.27,-1.0
147,17.98,20.47,21.18,-1.0
148,17.98,20.47,21.18,-1.0
149,17.98,20.47,21.18,-1.0
150,17.98,20.38,21.18,-1.0
151,17.98,20.38,21.18,-1.0
152,17.98,20.38,21.1,-1.0
153,17.98,20.38,21.1,-1.0
154,17.98,20.38,21.1,-1.0
155,17.89,20.38,21.1,-1.0
156,17.89,20.29,21.1,-1.0
157,17.89,20.29,21.1,-1.0
158,17.89,20.29,21.1,-1.0
159,17.8,20.29,21.01,-1.0
160,17.8,20.29,21.01,-1.0
161,17.8,20.21,21.01,-1.0
162,17.8,20.21,21.01,-1.0
163,17.8,20.21,20.92,-1.0
164,17.89,20.21,20.92,-1.0
165,17.89,20.21,20.92,-1.0
166,17.89,20.21,20.92,-1.0
167,17.8,20.21,20.92,-1.0
168,17.8,20.12,20.92,-1.0
169,17.8,20.12,20.92,-1.0
170,17.8,20.12,20.83,-1.0
171,17.71,20.12,20.83,-1.0
172,17.71,20.12,20.83,-1.0
173,17.71,20.03,20.83,-1.0
174,17.62,20.03,20.83,-1.0
175,17.62,20.03,20.83,-1.0
176,17.62,20.03,20.74,-1.0
177,17.62,20.03,20.74,-1.0
178,17.62,20.03,20.74,-1.0
179,17.62,19.94,20.74,-1.0
180,17.54,19.94,20.74,-1.0
181,17.54,19.94,20.74,-1.0
182,17.54,19.94,20.74,-1.0
183,17.54,19.94,20.65,-1.0
184,17.54,19.94,20.65,-1.0
185,17.54,19.94,20.65,-1.0
186,17.45,19.94,20.65,-1.0
187,17.45,19.94,20.65,-1.0
188,17.45,19.85,20.65,-1.0
189,17.45,19.85,20.56,-1.0
190,17.45,19.85,20.56,-1.0
191,17.45,19.85,20.56,-1.0
192,17.45,19.85,20.56,-1.0
193,17.36,19.76,20.56,-1.0
194,17.45,19.76,20.56,-1.0
195,17.45,19.76,20.56,-1.0
196,17.45,19.76,20.47,-1.0
197,17.45,19.76,20.47,-1.0
198,17.45,19.76,20.47,-1.0
199,17.45,19.67,20.47,-1.0
200,17.45,19.67,20.47,-1.0
201,17.45,19.67,20.47,-1.0
202,17.45,19.67,20.47,-1.0
203,17.36,19.67,20.47,-1.0
204,17.36,19.67,20.38,-1.0
205,17.45,19.67,20.38,-1.0
206,17.45,19.67,20.38,-1.0
207,17.45,19.58,20.38,-1.0
208,17.45,19.58,20.38,-1.0
209,17.45,19.58,20.38,-1.0
210,17.45,19.58,20.38,-1.0
211,17.45,19.58,20.29,-1.0
212,17.36,19.58,20.29,-1.0
213,17.36,19.58,20.29,-1.0
214,17.36,19.58,20.29,-1.0
215,17.45,19.58,20.29,-1.0
216,17.45,19.49,20.29,-1.0
217,17.45,19.49,20.29,-1.0
218,17.45,19.49,20.29,-1.0
219,17.45,19.49,20.29,-1.0
220,17.36,19.49,20.21,-1.0
221,17.36,19.49,20.21,-1.0
222,17.27,19.49,20.21,-1.0
223,17.27,19.49,20.21,-1.0
224,17.27,19.49,20.21,-1.0
225,17.27,19.4,20.21,-1.0
226,17.27,19.4,20.21,-1.0
227,17.27,19.4,20.21,-1.0
228,17.27,19.4,20.12,-1.0
229,17.27,19.4,20.12,-1.0
230,17.27,19.4,20.12,-1.0
231,17.27,19.4,20.12,-1.0
232,17.18,19.4,20.12,-1.0
233,17.18,19.4,20.12,-1.0
234,17.18,19.4,20.12,-1.0
235,17.18,19.4,20.12,-1.0
236,17.18,19.4,20.12,-1.0
237,17.18,19.4,20.12,-1.0
238,17.18,19.32,20.03,-1.0
239,17.18,19.32,20.03,-1.0
240,17.18,19.32,20.03,-1.0
241,17.09,19.32,20.03,-1.0
242,17.09,19.32,20.03,-1.0
243,17.09,19.32,20.03,-1.0
244,17.09,19.32,20.03,-1.0
245,17.18,19.32,20.03,-1.0
246,17.18,19.23,20.03,-1.0
247,17.09,19.23,20.03,-1.0
248,17.09,19.32,20.03,-1.0
249,17.09,19.23,20.03,-1.0
250,17.09,19.32,20.03,-1.0
251,17.09,19.23,20.03,-1.0
252,17.09,19.23,20.03,-1.0
253,17.09,19.23,20.03,-1.0
254,17.09,19.23,19.94,-1.0
255,17.09,19.23,19.94,-1.0
256,17.09,19.23,19.94,-1.0
257,17.09,19.23,19.94,-1.0
258,17.09,19.23,19.94,-1.0
259,17.09,19.23,19.94,-1.0
260,17.09,19.23,19.94,-1.0
261,17.09,19.23,19.94,-1.0
262,17.09,19.23,19.94,-1.0
263,17.09,19.23,19.94,-1.0
264,17.09,19.23,19.94,-1.0
265,17.09,19.23,19.94,-1.0
266,17.09,19.23,19.94,-1.0
267,17.09,19.23,19.94,-1.0
268,17.0,19.23,19.94,-1.0
270,17.0,19.23,19.94,-1.0
271,17.0,19.23,19.94,-1.0
272,17.0,19.23,19.94,-1.0
273,17.0,19.23,19.94,-1.0
274,17.0,19.23,19.94,-1.0
275,17.0,19.14,19.85,-1.0
276,17.0,19.14,19.85,-1.0
277,17.0,19.14,19.85,-1.0
278,17.0,19.14,19.85,-1.0
279,17.0,19.14,19.85,-1.0
280,17.0,19.14,19.85,-1.0
281,17.0,19.14,19.85,-1.0
282,17.0,19.14,19.85,-1.0
283,17.09,19.05,19.85,-1.0
284,17.09,19.14,19.85,-1.0
285,17.09,19.05,19.85,-1.0
286,17.0,19.05,19.85,-1.0
287,17.0,19.05,19.85,-1.0
288,17.0,19.14,19.85,-1.0
289,17.0,19.05,19.85,-1.0
290,16.91,19.14,19.85,-1.0
291,16.91,19.05,19.85,-1.0
292,16.91,19.14,19.85,-1.0
293,16.91,19.05,19.76,-1.0
294,16.91,19.05,19.76,-1.0
295,16.91,19.05,19.76,-1.0
296,16.91,19.05,19.76,-1.0
297,16.91,19.05,19.76,-1.0
298,16.91,19.05,19.76,-1.0
299,16.91,19.05,19.76,-1.0
300,16.91,19.05,19.76,-1.0
301,16.91,19.05,19.76,-1.0
302,16.91,19.05,19.76,-1.0
303,16.91,19.05,19.76,-1.0
304,16.91,19.05,19.76,-1.0
305,16.91,19.05,19.76,-1.0
306,16.82,19.05,19.76,-1.0
307,16.82,19.05,19.76,-1.0
308,16.82,19.05,19.76,-1.0
309,16.82,19.05,19.76,-1.0
310,16.82,19.05,19.76,-1.0
311,16.82,19.05,19.76,-1.0
312,16.82,19.05,19.76,-1.0
313,16.82,19.05,19.76,-1.0
314,16.82,19.05,19.76,-1.0
315,16.82,19.05,19.76,-1.0
316,16.82,19.05,19.76,-1.0
317,16.82,19.05,19.76,-1.0
318,16.82,19.05,19.76,-1.0
319,16.73,19.05,19.76,-1.0
320,16.73,19.05,19.76,-1.0
321,16.73,19.05,19.76,-1.0
322,16.73,19.05,19.76,-1.0
323,16.73,19.05,19.76,-1.0
324,16.73,18.96,19.67,-1.0
325,16.73,18.96,19.67,-1.0
326,16.73,18.96,19.67,-1.0
327,16.73,18.96,19.67,-1.0
328,16.73,18.96,19.67,-1.0
329,16.73,18.96,19.67,-1.0
330,16.73,18.96,19.67,-1.0
331,16.73,18.96,19.67,-1.0
332,16.73,18.96,19.67,-1.0
333,16.73,18.96,19.67,-1.0
334,16.73,18.96,19.67,-1.0
335,16.73,18.96,19.67,-1.0
336,16.73,18.96,19.67,-1.0
337,16.73,18.96,19.67,-1.0
338,16.73,18.96,19.67,-1.0
339,16.73,18.87,19.67,-1.0
340,16.64,18.96,19.67,-1.0
341,16.73,18.87,19.58,-1.0
342,16.73,18.87,19.58,-1.0
343,16.73,18.87,19.58,-1.0
344,16.73,18.87,19.58,-1.0
345,16.73,18.87,19.58,-1.0
346,16.73,18.87,19.58,-1.0
347,16.73,18.87,19.58,-1.0
348,16.73,18.87,19.58,-1.0
349,16.64,18.87,19.58,-1.0
350,16.64,18.87,19.58,-1.0
351,16.64,18.87,19.58,-1.0
352,16.64,18.87,19.58,-1.0
353,16.64,18.87,19.58,-1.0
354,16.64,18.87,19.58,-1.0
355,16.64,18.87,19.58,-1.0
356,16.64,18.87,19.58,-1.0
357,16.55,18.87,19.58,-1.0
358,16.55,18.87,19.58,-1.0
359,16.55,18.87,19.58,-1.0
360,16.55,18.87,19.58,-1.0
361,16.55,18.78,19.58,-1.0
362,16.55,18.78,19.49,-1.0
363,16.55,18.78,19.58,-1.0
364,16.55,18.78,19.58,-1.0
365,16.64,18.78,19.49,-1.0
366,16.64,18.78,19.49,-1.0
367,16.64,18.78,19.49,-1.0
368,16.64,18.78,19.49,-1.0
369,16.55,18.78,19.49,-1.0
370,16.55,18.78,19.49,-1.0
371,16.55,18.78,19.49,-1.0
372,16.55,18.78,19.49,-1.0
373,16.55,18.69,19.49,-1.0
374,16.55,18.69,19.49,-1.0
375,16.55,18.78,19.49,-1.0
376,16.55,18.78,19.49,-1.0
377,16.55,18.78,19.49,-1.0
378,16.55,18.69,19.49,-1.0
379,16.55,18.69,19.49,-1.0
380,16.55,18.69,19.49,-1.0
381,16.55,18.69,19.49,-1.0
382,16.55,18.69,19.49,-1.0
383,16.46,18.78,19.4,-1.0
384,16.55,18.69,19.49,-1.0
385,16.55,18.69,19.4,-1.0
386,16.55,18.69,19.49,-1.0
387,16.64,18.69,19.4,-1.0
388,16.64,18.69,19.4,-1.0
389,16.64,18.69,19.4,-1.0
390,16.64,18.69,19.4,-1.0
391,16.64,18.69,19.4,-1.0
392,16.64,18.69,19.4,-1.0
393,16.64,18.69,19.4,-1.0
394,16.64,18.69,19.4,-1.0
395,16.64,18.69,19.4,-1.0
396,16.64,18.69,19.4,-1.0
397,16.64,18.69,19.4,-1.0
398,16.55,18.69,19.4,-1.0
399,16.55,18.69,19.4,-1.0
400,16.55,18.69,19.4,-1.0
401,16.55,18.69,19.4,-1.0
402,16.46,18.69,19.4,-1.0
403,16.46,18.69,19.4,-1.0
404,16.46,18.69,19.4,-1.0
405,16.55,18.69,19.4,-1.0
406,16.55,18.69,19.4,-1.0
407,16.46,18.69,19.4,-1.0
408,16.46,18.69,19.4,-1.0
409,16.46,18.69,19.4,-1.0
410,16.46,18.69,19.4,-1.0
411,16.46,18.69,19.4,-1.0
412,16.46,18.69,19.4,-1.0
413,16.46,18.69,19.4,-1.0
414,16.46,18.69,19.32,-1.0
415,16.46,18.69,19.4,-1.0
416,16.46,18.69,19.4,-1.0
417,16.46,18.69,19.4,-1.0
418,16.46,18.69,19.4,-1.0
419,16.46,18.69,19.4,-1.0
420,16.46,18.69,19.4,-1.0
421,16.46,18.69,19.4,-1.0
422,16.46,18.69,19.32,-1.0
423,16.46,18.69,19.4,-1.0
424,16.46,18.69,19.4,-1.0
425,16.46,18.69,19.4,-1.0
426,16.46,18.69,19.4,-1.0
427,16.46,18.69,19.32,-1.0
428,16.55,18.6,19.32,-1.0
429,16.55,18.6,19.32,-1.0
430,16.55,18.6,19.32,-1.0
431,16.55,18.6,19.32,-1.0
432,16.55,18.6,19.32,-1.0
433,16.55,18.6,19.32,-1.0
434,16.55,18.6,19.32,-1.0
435,16.55,18.6,19.32,-1.0
436,16.46,18.6,19.32,-1.0
437,16.46,18.6,19.32,-1.0
438,16.46,18.6,19.32,-1.0
439,16.46,18.6,19.32,-1.0
440,16.46,18.6,19.32,-1.0
441,16.46,18.6,19.32,-1.0
442,16.46,18.6,19.32,-1.0
443,16.46,18.51,19.32,-1.0
444,16.38,18.6,19.32,-1.0
445,16.38,18.51,19.23,-1.0
446,16.38,18.51,19.32,-1.0
447,16.38,18.51,19.32,-1.0
448,16.38,18.6,19.32,-1.0
449,16.38,18.6,19.23,-1.0
450,16.38,18.6,19.32,-1.0
451,16.38,18.6,19.32,-1.0
452,16.38,18.6,19.32,-1.0
453,16.46,18.51,19.23,-1.0
454,16.46,18.51,19.32,-1.0
455,16.46,18.51,19.32,-1.0
456,16.46,18.51,19.23,-1.0
457,16.46,18.51,19.32,-1.0
458,16.46,18.6,19.23,-1.0
459,16.46,18.6,19.32,-1.0
460,16.46,18.6,19.23,-1.0
461,16.46,18.6,19.23,-1.0
462,16.46,18.51,19.23,-1.0
463,16.46,18.6,19.23,-1.0
464,16.46,18.6,19.23,-1.0
465,16.46,18.6,19.32,-1.0
466,16.46,18.6,19.23,-1.0
467,16.38,18.6,19.23,-1.0
468,16.38,18.6,19.23,-1.0
469,16.38,18.6,19.32,-1.0
470,16.38,18.6,19.32,-1.0
471,16.38,18.6,19.32,-1.0
472,16.38,18.6,19.23,-1.0
473,16.38,18.6,19.32,-1.0
474,16.38,18.6,19.32,-1.0
475,16.38,18.51,19.23,-1.0
476,16.38,18.6,19.32,-1.0
477,16.38,18.6,19.23,-1.0
478,16.38,18.6,19.23,-1.0
479,16.38,18.6,19.23,-1.0
480,16.38,18.51,19.23,-1.0
481,16.38,18.51,19.23,-1.0
482,16.38,18.51,19.23,-1.0
483,16.38,18.51,19.23,-1.0
484,16.29,18.51,19.23,-1.0
485,16.29,18.51,19.23,-1.0
486,16.29,18.51,19.23,-1.0
487,16.29,18.51,19.23,-1.0
488,16.29,18.51,19.23,-1.0
489,16.29,18.51,19.23,-1.0
490,16.38,18.51,19.23,-1.0
491,16.29,18.51,19.23,-1.0
492,16.29,18.51,19.23,-1.0
493,16.29,18.51,19.23,-1.0
494,16.29,18.51,19.23,-1.0
495,16.38,18.51,19.23,-1.0
496,16.29,18.51,19.23,-1.0
497,16.29,18.51,19.14,-1.0
498,16.29,18.51,19.23,-1.0
499,16.29,18.51,19.14,-1.0
500,16.38,18.43,19.23,-1.0
501,16.38,18.43,19.14,-1.0
502,16.38,18.43,19.14,-1.0
503,16.38,18.43,19.14,-1.0
504,16.38,18.43,19.14,-1.0
505,16.38,18.43,19.14,-1.0
506,16.38,18.43,19.14,-1.0
507,16.38,18.43,19.14,-1.0
508,16.38,18.43,19.14,-1.0
509,16.29,18.43,19.14,-1.0
510,16.29,18.43,19.14,-1.0
511,16.29,18.43,19.14,-1.0
512,16.29,18.43,19.14,-1.0
513,16.29,18.43,19.23,-1.0
514,16.29,18.43,19.14,-1.0
515,16.29,18.43,19.14,-1.0
516,16.29,18.43,19.14,-1.0
517,16.29,18.43,19.14,-1.0
518,16.29,18.43,19.14,-1.0
519,16.29,18.43,19.14,-1.0
520,16.29,18.43,19.14,-1.0
521,16.38,18.34,19.14,-1.0
522,16.38,18.34,19.14,-1.0
523,16.29,18.34,19.14,-1.0
524,16.29,18.34,19.14,-1.0
525,16.29,18.34,19.14,-1.0
526,16.29,18.34,19.14,-1.0
527,16.29,18.34,19.14,-1.0
528,16.29,18.34,19.05,-1.0
529,16.29,18.34,19.14,-1.0
530,16.29,18.34,19.14,-1.0
531,16.29,18.34,19.14,-1.0
532,16.29,18.34,19.14,-1.0
533,16.29,18.34,19.05,-1.0
534,16.29,18.34,19.14,-1.0
535,16.2,18.34,19.05,-1.0
536,16.29,18.34,19.05,-1.0
538,16.29,18.34,19.05,-1.0
539,16.29,18.34,19.05,-1.0
540,16.29,18.34,19.05,-1.0
541,16.38,18.34,19.05,-1.0
542,16.38,18.34,19.05,-1.0
543,16.29,18.34,19.05,-1.0
544,16.29,18.34,19.05,-1.0
545,16.29,18.34,19.05,-1.0
546,16.2,18.34,19.05,-1.0
547,16.2,18.34,19.05,-1.0
548,16.2,18.34,19.05,-1.0
549,16.2,18.34,19.05,-1.0
550,16.2,18.34,19.05,-1.0
551,16.2,18.34,19.05,-1.0
552,16.2,18.34,19.05,-1.0
553,16.2,18.34,19.05,-1.0
554,16.2,18.34,19.05,-1.0
555,16.2,18.25,19.05,-1.0
556,16.29,18.25,19.05,-1.0
557,16.29,18.34,19.05,-1.0
558,16.29,18.25,19.05,-1.0
559,16.29,18.25,19.05,-1.0
560,16.29,18.25,18.96,-1.0
561,16.29,18.25,18.96,-1.0
562,16.29,18.25,18.96,-1.0
563,16.29,18.25,18.96,-1.0
564,16.29,18.25,18.96,-1.0
565,16.2,18.25,18.96,-1.0
566,16.2,18.25,18.96,-1.0
567,16.2,18.25,18.96,-1.0
568,16.2,18.25,18.96,-1.0
569,16.2,18.25,18.96,-1.0
570,16.2,18.25,18.96,-1.0
571,16.11,18.25,18.96,-1.0
572,16.11,18.25,18.96,-1.0
573,16.11,18.25,18.96,-1.0
574,16.11,18.25,18.96,-1.0
575,16.11,18.25,18.96,-1.0
576,16.11,18.25,18.96,-1.0
577,16.11,18.25,18.96,-1.0
578,16.11,18.25,18.96,-1.0
579,16.11,18.25,18.96,-1.0
580,16.11,18.25,18.96,-1.0
581,16.11,18.25,18.96,-1.0
582,16.11,18.25,18.96,-1.0
583,16.11,18.25,18.96,-1.0
584,16.11,18.25,18.96,-1.0
585,16.11,18.25,18.96,-1.0
586,16.11,18.25,18.96,-1.0
587,16.11,18.25,18.96,-1.0
588,16.11,18.25,18.96,-1.0
589,16.02,18.16,18.96,-1.0
590,16.02,18.16,18.96,-1.0
591,16.02,18.25,18.96,-1.0
592,16.02,18.16,18.96,-1.0
593,16.11,18.16,18.96,-1.0
594,16.02,18.16,18.96,-1.0
595,16.11,18.16,18.96,-1.0
596,16.02,18.16,18.96,-1.0
597,16.02,18.16,18.96,-1.0
598,16.11,18.25,18.96,-1.0
599,16.02,18.16,18.96,-1.0
600,16.02,18.25,18.96,-1.0
601,16.02,18.25,18.96,-1.0
602,16.02,18.25,18.96,-1.0
603,16.02,18.25,18.96,-1.0
604,16.02,18.25,18.96,-1.0
605,16.02,18.25,18.96,-1.0
606,16.02,18.25,18.96,-1.0
607,16.02,18.25,18.96,-1.0
608,16.02,18.25,18.96,-1.0
609,16.02,18.25,18.96,-1.0
610,16.02,18.25,19.05,-1.0
611,16.02,18.25,18.96,-1.0
612,16.02,18.25,19.05,-1.0
613,16.02,18.25,18.96,-1.0
614,16.02,18.25,18.96,-1.0
615,16.02,18.25,18.96,-1.0
616,16.02,18.25,18.96,-1.0
617,16.02,18.25,18.96,-1.0
618,16.02,18.25,18.96,-1.0
619,16.02,18.25,18.96,-1.0
620,16.02,18.25,18.96,-1.0
621,16.02,18.25,18.96,-1.0
622,16.02,18.25,18.96,-1.0
623,16.02,18.25,18.96,-1.0
624,16.02,18.25,18.96,-1.0
625,16.02,18.25,18.96,-1.0
626,16.02,18.16,18.96,-1.0
627,16.02,18.25,18.96,-1.0
628,16.02,18.25,18.96,-1.0
629,16.02,18.25,18.96,-1.0
630,16.02,18.25,18.96,-1.0
631,16.02,18.16,18.87,-1.0
632,16.02,18.16,18.87,-1.0
633,16.02,18.16,18.87,-1.0
634,16.02,18.16,18.87,-1.0
635,16.02,18.16,18.87,-1.0
636,16.02,18.16,18.96,-1.0
637,16.02,18.16,18.87,-1.0
638,16.11,18.16,18.87,-1.0
639,16.11,18.16,18.87,-1.0
640,16.11,18.16,18.87,-1.0
641,16.11,18.16,18.87,-1.0
642,16.11,18.16,18.87,-1.0
643,16.11,18.16,18.87,-1.0
644,16.11,18.16,18.87,-1.0
645,16.11,18.16,18.87,-1.0
646,16.02,18.16,18.87,-1.0
647,16.02,18.16,18.87,-1.0
648,16.02,18.16,18.87,-1.0
649,16.02,18.16,18.87,-1.0
650,16.02,18.16,18.87,-1.0
651,16.02,18.16,18.87,-1.0
652,16.02,18.16,18.87,-1.0
653,15.93,18.16,18.87,-1.0
654,15.93,18.16,18.87,-1.0
655,16.02,18.16,18.87,-1.0
656,15.93,18.16,18.87,-1.0
657,15.93,18.16,18.87,-1.0
658,15.93,18.16,18.87,-1.0
659,15.93,18.16,18.87,-1.0
660,15.93,18.16,18.87,-1.0
661,16.02,18.16,18.87,-1.0
662,16.02,18.16,18.87,-1.0
663,16.02,18.16,18.87,-1.0
664,16.02,18.16,18.87,-1.0
665,16.02,18.16,18.87,-1.0
666,16.11,18.16,18.87,-1.0
667,16.11,18.16,18.87,-1.0
668,16.11,18.16,18.87,-1.0
669,16.11,18.16,18.87,-1.0
670,16.11,18.16,18.87,-1.0
671,16.11,18.16,18.87,-1.0
672,16.2,18.16,18.87,-1.0
673,16.2,18.16,18.87,-1.0
674,16.11,18.25,18.87,-1.0
675,16.2,18.16,18.87,-1.0
676,16.2,18.25,18.87,-1.0
677,16.2,18.25,18.87,-1.0
678,16.2,18.25,18.96,-1.0
679,16.11,18.25,18.96,-1.0
680,16.2,18.25,18.96,-1.0
681,16.2,18.25,18.96,-1.0
682,16.2,18.25,18.96,-1.0
683,16.2,18.25,18.96,-1.0
684,16.2,18.25,18.96,-1.0
685,16.11,18.25,18.96,-1.0
686,16.11,18.25,18.96,-1.0
687,16.2,18.16,18.96,-1.0
688,16.11,18.16,18.96,-1.0
689,16.11,18.16,18.96,-1.0
690,16.2,18.16,18.96,-1.0
691,16.2,18.16,18.96,-1.0
692,16.2,18.16,18.96,-1.0
693,16.2,18.16,18.87,-1.0
694,16.11,18.16,18.87,-1.0
695,16.11,18.16,18.87,-1.0
696,16.11,18.16,18.87,-1.0
697,16.11,18.16,18.87,-1.0
698,16.11,18.16,18.87,-1.0
699,16.11,18.16,18.87,-1.0
700,16.11,18.16,18.87,-1.0
701,16.02,18.16,18.87,-1.0
702,16.02,18.16,18.87,-1.0
703,16.02,18.16,18.78,-1.0
704,16.02,18.16,18.87,-1.0
705,16.02,18.16,18.87,-1.0
706,16.02,18.16,18.78,-1.0
707,16.02,18.16,18.87,-1.0
708,16.02,18.16,18.87,-1.0
709,16.02,18.16,18.87,-1.0
710,16.02,18.16,18.87,-1.0
711,15.93,18.16,18.87,-1.0
712,16.02,18.16,18.87,-1.0
713,16.02,18.16,18.87,-1.0
714,16.02,18.16,18.87,-1.0
715,16.02,18.16,18.87,-1.0
716,16.02,18.16,18.87,-1.0
717,16.02,18.16,18.87,-1.0
718,16.02,18.16,18.87,-1.0
719,16.02,18.16,18.87,-1.0
720,16.02,18.16,18.87,-1.0
721,16.02,18.16,18.87,-1.0
722,16.11,18.16,18.87,-1.0
723,16.11,18.16,18.87,-1.0
724,16.11,18.16,18.87,-1.0
725,16.11,18.16,18.87,-1.0
726,16.2,18.16,18.87,-1.0
727,16.2,18.16,18.87,-1.0
728,16.2,18.16,18.87,-1.0
729,16.2,18.16,18.87,-1.0
730,16.2,18.16,18.87,-1.0
731,16.2,18.16,18.87,-1.0
732,16.2,18.16,18.87,-1.0
733,16.2,18.16,18.87,-1.0
734,16.2,18.16,18.96,-1.0
735,16.2,18.16,18.87,-1.0
736,16.11,18.16,18.87,-1.0
737,16.11,18.25,18.87,-1.0
738,16.11,18.25,18.87,-1.0
739,16.11,18.25,18.87,-1.0
740,16.11,18.25,18.87,-1.0
741,16.11,18.25,18.87,-1.0
742,16.11,18.16,18.87,-1.0
743,16.11,18.16,18.87,-1.0
744,16.11,18.16,18.87,-1.0
745,16.11,18.16,18.87,-1.0
746,16.11,18.16,18.87,-1.0
747,16.02,18.16,18.87,-1.0
748,16.11,18.16,18.87,-1.0
749,16.02,18.16,18.87,-1.0
750,16.02,18.16,18.87,-1.0
751,16.02,18.16,18.87,-1.0
752,16.02,18.16,18.87,-1.0
753,16.02,18.16,18.87,-1.0
754,16.02,18.16,18.87,-1.0
755,16.02,18.16,18.96,-1.0
756,16.02,18.16,18.96,-1.0
757,16.02,18.16,18.96,-1.0
758,16.02,18.16,18.96,-1.0
759,16.02,18.25,18.96,-1.0
760,16.02,18.25,18.96,-1.0
761,16.02,18.25,18.96,-1.0
762,16.11,18.25,18.96,-1.0
763,16.11,18.25,18.96,-1.0
764,16.02,18.25,18.96,-1.0
765,16.02,18.25,18.96,-1.0
766,16.02,18.25,18.96,-1.0
767,16.02,18.25,18.96,-1.0
768,16.11,18.25,18.96,-1.0
769,16.11,18.25,18.96,-1.0
770,16.11,18.25,18.96,-1.0
771,16.11,18.25,18.96,-1.0
772,16.11,18.25,18.96,-1.0
773,16.11,18.25,18.96,-1.0
774,16.2,18.25,18.96,-1.0
775,16.2,18.25,18.96,-1.0
776,16.2,18.25,18.96,-1.0
777,16.2,18.25,18.96,-1.0
778,16.2,18.25,18.96,-1.0
779,16.2,18.25,18.96,-1.0
780,16.2,18.25,18.96,-1.0
781,16.2,18.25,18.96,-1.0
782,16.2,18.25,18.96,-1.0
783,16.2,18.25,18.96,-1.0
784,16.2,18.25,18.96,-1.0
785,16.2,18.25,18.96,-1.0
786,16.2,18.34,18.96,-1.0
787,16.29,18.34,18.96,-1.0
788,16.2,18.34,18.96,-1.0
789,16.2,18.34,18.96,-1.0
790,16.2,18.34,18.96,-1.0
791,16.2,18.34,18.96,-1.0
792,16.2,18.34,18.96,-1.0
793,16.2,18.34,18.96,-1.0
794,16.2,18.34,18.96,-1.0
795,16.2,18.34,18.96,-1.0
796,16.2,18.34,18.96,-1.0
797,16.2,18.34,18.96,-1.0
798,16.2,18.25,18.96,-1.0
799,16.11,18.25,18.96,-1.0
800,16.11,18.25,18.96,-1.0
801,16.11,18.25,18.96,-1.0
802,16.11,18.25,18.96,-1.0
803,16.11,18.25,18.96,-1.0
804,16.11,18.25,18.96,-1.0
805,16.11,18.25,18.96,-1.0
806,16.11,18.25,18.96,-1.0
808,16.11,18.25,18.96,-1.0
809,16.11,18.25,18.96,-1.0
810,16.11,18.25,18.96,-1.0
811,16.11,18.25,18.96,-1.0
812,16.11,18.25,18.96,-1.0
813,16.11,18.25,18.96,-1.0
814,16.11,18.25,18.96,-1.0
815,16.11,18.25,18.96,-1.0
816,16.11,18.25,18.96,-1.0
817,16.11,18.25,18.96,-1.0
818,16.11,18.34,18.96,-1.0
819,16.11,18.25,18.96,-1.0
820,16.11,18.34,18.96,-1.0
821,16.11,18.25,18.96,-1.0
822,16.11,18.34,18.96,-1.0
823,16.11,18.34,18.96,-1.0
824,16.11,18.34,19.05,-1.0
825,16.11,18.25,18.96,-1.0
826,16.11,18.25,18.96,-1.0
827,16.11,18.25,18.96,-1.0
828,16.11,18.25,18.96,-1.0
829,16.11,18.34,19.05,-1.0
830,16.11,18.34,18.96,-1.0
831,16.11,18.34,19.05,-1.0
832,16.11,18.25,19.05,-1.0
833,16.11,18.25,19.05,-1.0
834,16.11,18.25,18.96,-1.0
835,16.11,18.34,19.05,-1.0
836,16.11,18.34,19.05,-1.0
837,16.11,18.34,19.05,-1.0
838,16.11,18.34,19.05,-1.0
839,16.11,18.34,19.05,-1.0
840,16.11,18.34,19.05,-1.0
841,16.11,18.34,19.05,-1.0
842,16.11,18.34,19.05,-1.0
843,16.11,18.34,19.05,-1.0
844,16.11,18.34,19.05,-1.0
845,16.11,18.34,19.05,-1.0
846,16.11,18.34,19.05,-1.0
847,16.11,18.34,19.05,-1.0
848,16.11,18.34,19.05,-1.0
849,16.11,18.34,19.05,-1.0
850,16.11,18.34,18.96,-1.0
851,16.11,18.34,18.96,-1.0
852,16.11,18.25,18.96,-1.0
853,16.11,18.25,19.05,-1.0
854,16.11,18.25,19.05,-1.0
855,16.11,18.25,18.96,-1.0
856,16.11,18.25,18.96,-1.0
857,16.11,18.25,18.96,-1.0
858,16.11,18.25,18.96,-1.0
859,16.2,18.25,18.96,-1.0
860,16.2,18.25,18.96,-1.0
861,16.11,18.25,18.96,-1.0
862,16.11,18.25,18.96,-1.0
863,16.11,18.25,18.96,-1.0
864,16.11,18.25,18.96,-1.0
865,16.11,18.25,18.96,-1.0
866,16.11,18.25,18.96,-1.0
867,16.11,18.25,18.96,-1.0
868,16.11,18.25,18.96,-1.0
869,16.11,18.25,18.96,-1.0
870,16.11,18.25,18.96,-1.0
871,16.11,18.25,18.96,-1.0
872,16.11,18.25,18.96,-1.0
873,16.11,18.25,18.96,-1.0
874,16.11,18.25,18.96,-1.0
875,16.2,18.25,18.96,-1.0
876,16.2,18.25,18.96,-1.0
877,16.2,18.25,18.96,-1.0
878,16.2,18.25,18.96,-1.0
879,16.29,18.25,18.96,-1.0
880,16.29,18.25,18.96,-1.0
881,16.29,18.25,18.96,-1.0
882,16.29,18.25,18.96,-1.0
883,16.38,18.25,18.96,-1.0
884,16.38,18.25,18.96,-1.0
885,16.38,18.25,18.96,-1.0
886,16.38,18.25,18.96,-1.0
887,16.38,18.25,18.96,-1.0
888,16.38,18.25,18.96,-1.0
889,16.38,18.25,18.96,-1.0
890,16.29,18.25,18.96,-1.0
891,16.29,18.25,18.96,-1.0
892,16.2,18.25,18.96,-1.0
893,16.2,18.25,18.96,-1.0
894,16.2,18.25,18.96,-1.0
895,16.29,18.25,18.96,-1.0
896,16.29,18.25,18.96,-1.0
897,16.29,18.25,18.96,-1.0
898,16.29,18.25,18.96,-1.0
899,16.2,18.25,18.96,-1.0
900,16.2,18.25,18.96,-1.0
901,16.2,18.25,18.96,-1.0
902,16.2,18.25,18.96,-1.0
903,16.2,18.25,18.96,-1.0
904,16.2,18.25,18.96,-1.0
905,16.2,18.34,18.96,-1.0
906,16.29,18.34,18.96,-1.0
907,16.29,18.34,18.96,-1.0
908,16.29,18.34,19.05,-1.0
909,16.38,18.34,18.96,-1.0
910,16.29,18.34,19.05,-1.0
911,16.29,18.34,19.05,-1.0
912,16.29,18.34,19.05,-1.0
913,16.38,18.34,19.05,-1.0
914,16.38,18.34,19.05,-1.0
915,16.38,18.34,19.05,-1.0
916,16.38,18.34,19.05,-1.0
917,16.38,18.34,19.05,-1.0
918,16.38,18.34,19.05,-1.0
919,16.38,18.34,19.05,-1.0
920,16.29,18.34,19.05,-1.0
921,16.29,18.34,19.05,-1.0
922,16.29,18.34,19.05,-1.0
923,16.29,18.34,19.05,-1.0
924,16.29,18.34,19.05,-1.0
925,16.29,18.34,19.05,-1.0
926,16.29,18.34,19.05,-1.0
927,16.2,18.34,19.05,-1.0
928,16.2,18.43,19.05,-1.0
929,16.2,18.43,19.05,-1.0
930,16.2,18.34,19.05,-1.0
931,16.2,18.43,19.05,-1.0
932,16.29,18.34,19.05,-1.0
933,16.29,18.34,19.05,-1.0
934,16.29,18.34,19.05,-1.0
935,16.29,18.34,19.05,-1.0
936,16.29,18.34,19.05,-1.0
937,16.29,18.34,19.05,-1.0
938,16.29,18.34,19.05,-1.0
939,16.29,18.34,19.05,-1.0
940,16.29,18.34,19.05,-1.0
941,16.29,18.43,19.05,-1.0
942,16.29,18.34,19.05,-1.0
943,16.29,18.43,19.05,-1.0
944,16.2,18.43,19.05,-1.0
945,16.2,18.34,19.05,-1.0
946,16.2,18.34,19.05,-1.0
947,16.2,18.43,19.05,-1.0
948,16.2,18.34,19.05,-1.0
949,16.2,18.43,19.05,-1.0
950,16.2,18.43,19.05,-1.0
951,16.2,18.43,19.05,-1.0
952,16.2,18.34,19.05,-1.0
953,16.2,18.43,19.05,-1.0
954,16.2,18.43,19.05,-1.0
955,16.2,18.43,19.05,-1.0
956,16.2,18.43,19.05,-1.0
957,16.2,18.43,19.05,-1.0
958,16.2,18.43,19.05,-1.0
959,16.29,18.43,19.05,-1.0
960,16.2,18.43,19.05,-1.0
961,16.29,18.43,19.14,-1.0
962,16.2,18.43,19.05,-1.0
963,16.29,18.43,19.14,-1.0
964,16.29,18.43,19.05,-1.0
965,16.2,18.43,19.14,-1.0
966,16.2,18.43,19.05,-1.0
967,16.2,18.43,19.05,-1.0
968,16.2,18.43,19.05,-1.0
969,16.2,18.43,19.05,-1.0
970,16.2,18.43,19.05,-1.0
971,16.29,18.43,19.05,-1.0
972,16.29,18.43,19.14,-1.0
973,16.2,18.43,19.14,-1.0
974,16.29,18.43,19.14,-1.0
975,16.29,18.43,19.14,-1.0
976,16.38,18.43,19.05,-0.72
977,16.38,18.43,19.14,-0.72
978,16.38,18.43,19.14,-0.72
979,16.38,18.43,19.14,-0.72
980,16.46,18.43,19.05,-0.72
981,16.46,18.43,19.05,-0.72
982,16.46,18.43,19.05,-0.72
983,16.46,18.43,19.05,-0.72
984,16.46,18.43,19.05,-0.72
985,16.55,18.43,19.14,-0.72
986,16.55,18.43,19.05,-0.72
987,16.55,18.43,19.05,-0.72
988,16.64,18.43,19.05,-0.72
989,16.64,18.51,19.14,-0.72
990,16.64,18.51,19.05,-0.72
991,16.64,18.51,19.14,-0.72
992,16.64,18.51,19.14,-0.72
993,16.64,18.51,19.14,-0.72
994,16.73,18.51,19.14,-0.72
995,16.73,18.51,19.14,-0.72
996,16.73,18.51,19.14,-0.72
997,16.73,18.51,19.14,-0.72
998,16.73,18.51,19.14,-0.72
999,16.82,18.51,19.14,-0.72
1000,16.82,18.6,19.14,-0.72
1001,16.82,18.51,19.14,-0.72
1002,16.82,18.51,19.14,-0.72
1003,16.82,18.6,19.14,-0.72
1004,16.82,18.6,19.14,-0.72
1005,16.82,18.6,19.14,-0.72
1006,16.82,18.6,19.14,-0.72
1007,16.82,18.6,19.14,-0.72
1008,16.82,18.6,19.14,-0.72
1009,16.82,18.6,19.14,-0.72
1010,16.91,18.6,19.14,-0.72
1011,16.91,18.6,19.14,-0.72
1012,16.91,18.6,19.14,-0.72
1013,16.91,18.6,19.14,-0.72
1014,16.91,18.6,19.14,-0.72
1015,16.91,18.6,19.14,-0.72
1016,17.0,18.6,19.14,-0.72
1017,17.0,18.6,19.14,-0.72
1018,17.0,18.69,19.14,-0.72
1019,17.0,18.69,19.14,-0.72
1020,17.0,18.69,19.23,-0.72
1021,17.0,18.69,19.23,-0.72
1022,17.09,18.69,19.23,-0.72
1023,17.09,18.69,19.23,-0.72
1024,17.09,18.78,19.23,-0.72
1025,17.09,18.78,19.23,-0.72
1026,17.18,18.69,19.23,-0.72
1027,17.18,18.78,19.23,-0.72
1028,17.18,18.78,19.23,-0.72
1029,17.18,18.78,19.32,-0.72
1030,17.27,18.78,19.32,-0.72
1031,17.27,18.78,19.32,-0.72
1032,17.27,18.78,19.32,-0.72
1033,17.27,18.78,19.32,-0.72
1034,17.36,18.78,19.32,-0.72
1035,17.36,18.78,19.32,-0.72
1036,17.36,18.78,19.32,-0.72
1037,17.36,18.78,19.32,-0.72
1038,17.36,18.78,19.32,-0.72
1039,17.36,18.78,19.32,-0.72
1040,17.36,18.78,19.32,-0.72
1041,17.27,18.78,19.32,-0.72
1042,17.27,18.87,19.32,-0.72
1043,17.27,18.87,19.32,-0.72
1044,17.27,18.87,19.32,-0.72
1045,17.27,18.87,19.32,-0.72
1046,17.27,18.87,19.4,-0.72
1047,17.27,18.87,19.32,-0.72
1048,17.27,18.87,19.32,-0.72
1049,17.27,18.87,19.4,-0.72
1050,17.27,18.87,19.32,-0.72
1051,17.27,18.87,19.4,-0.72
1052,17.27,18.87,19.4,-0.72
1053,17.27,18.87,19.4,-0.72
1054,17.27,18.87,19.4,-0.72
1055,17.27,18.96,19.4,-0.72
1056,17.27,18.87,19.4,-0.72
1057,17.27,18.96,19.4,-0.72
1058,17.27,18.96,19.4,-0.72
1059,17.27,18.96,19.4,-0.72
1060,17.36,18.87,19.4,-0.72
1061,17.36,18.87,19.4,-0.72
1062,17.36,18.87,19.4,-0.72
1063,17.36,18.87,19.4,-0.72
1064,17.36,18.87,19.4,-0.72
1065,17.36,18.87,19.4,-0.72
1066,17.36,18.87,19.4,-0.72
1067,17.36,18.87,19.4,-0.72
1068,17.36,18.96,19.4,-0.72
1069,17.36,18.96,19.4,-0.72
1070,17.36,18.96,19.4,-0.72
1071,17.36,18.96,19.4,-0.72
1072,17.36,18.96,19.4,-0.72
1073,17.36,18.96,19.4,-0.72
1074,17.36,18.96,19.49,-0.72
1076,17.36,18.96,19.49,-0.72
1077,17.27,18.96,19.49,-0.72
1078,17.27,18.96,19.49,-0.72
1079,17.36,18.96,19.49,-0.72
1080,17.36,19.05,19.49,-0.72
1081,17.36,19.05,19.49,-0.72
1082,17.36,19.05,19.49,-0.72
1083,17.36,18.96,19.49,-0.72
1084,17.36,19.05,19.49,-0.72
1085,17.36,19.05,19.49,-0.72
1086,17.36,19.05,19.49,-0.72
1087,17.36,19.05,19.49,-0.72
1088,17.36,19.05,19.58,-0.72
1089,17.45,19.05,19.49,-0.72
1090,17.45,19.05,19.49,-0.72
1091,17.45,19.05,19.49,-0.72
1092,17.45,19.05,19.49,-0.72
1093,17.45,19.05,19.49,-0.72
1094,17.36,19.05,19.49,-0.72
1095,17.45,19.05,19.49,-0.72
1096,17.45,19.05,19.49,-0.72
1097,17.45,19.05,19.58,-0.72
1098,17.36,19.05,19.58,-0.72
1099,17.45,19.05,19.49,-0.72
1100,17.45,19.05,19.58,-0.72
1101,17.45,19.05,19.58,-0.72
1102,17.45,19.05,19.58,-0.72
1103,17.36,19.05,19.58,-0.72
1104,17.45,19.05,19.58,-0.72
1105,17.36,19.05,19.58,-0.72
1106,17.36,19.05,19.58,-0.72
1107,17.45,19.05,19.49,-0.72
1108,17.45,19.05,19.49,-0.72
1109,17.45,19.05,19.49,-0.72
1110,17.45,19.05,19.49,-0.72
1111,17.45,19.05,19.49,-0.72
1112,17.45,19.05,19.49,-0.72
1113,17.45,19.05,19.49,-0.72
1114,17.45,19.05,19.58,-0.72
1115,17.45,19.05,19.58,-0.72
1116,17.45,19.05,19.58,-0.72
1117,17.45,19.05,19.58,-0.72
1118,17.45,19.05,19.58,-0.72
1119,17.45,19.05,19.58,-0.72
1120,17.45,19.05,19.58,-0.72
1121,17.45,19.05,19.58,-0.72
1122,17.45,19.05,19.58,-0.72
1123,17.45,19.14,19.58,-0.72
1124,17.45,19.14,19.58,-0.72
1125,17.45,19.14,19.58,-0.72
1126,17.45,19.14,19.58,-0.72
1127,17.45,19.14,19.58,-0.72
1128,17.45,19.14,19.67,-0.72
1129,17.45,19.14,19.67,-0.72
1130,17.45,19.14,19.67,-0.72
1131,17.45,19.14,19.67,-0.72
1132,17.45,19.14,19.67,-0.72
1133,17.45,19.14,19.67,-0.72
1134,17.45,19.14,19.67,-0.72
1135,17.45,19.14,19.67,-0.72
1136,17.45,19.14,19.67,-0.72
1137,17.45,19.14,19.67,-0.72
1138,17.45,19.14,19.76,-0.72
1139,17.45,19.14,19.67,-0.72
1140,17.45,19.23,19.76,-0.72
1141,17.45,19.23,19.76,-0.72
1142,17.54,19.23,19.76,-0.72
1143,17.54,19.23,19.76,-0.72
1144,17.54,19.23,19.76,-0.72
1145,17.54,19.23,19.76,-0.72
1146,17.54,19.23,19.76,-0.72
1147,17.54,19.23,19.76,-0.72
1148,17.54,19.23,19.76,-0.72
1149,17.54,19.23,19.76,-0.72
1150,17.54,19.23,19.76,-0.72
1151,17.54,19.23,19.76,-0.72
1152,17.54,19.23,19.76,-0.72
1153,17.54,19.23,19.76,-0.72
1154,17.54,19.23,19.76,-0.72
1155,17.54,19.23,19.76,-0.72
1156,17.54,19.23,19.76,-0.72
1157,17.54,19.23,19.76,-0.72
1158,17.54,19.23,19.76,-0.72
1159,17.54,19.23,19.76,-0.72
1160,17.54,19.23,19.76,-0.72
1161,17.54,19.23,19.76,-0.72
1162,17.54,19.23,19.76,-0.72
1163,17.62,19.23,19.76,-0.72
1164,17.54,19.32,19.76,-0.72
1165,17.62,19.23,19.76,-0.72
1166,17.54,19.32,19.76,-0.72
1167,17.62,19.32,19.76,-0.72
1168,17.54,19.32,19.76,-0.72
1169,17.62,19.32,19.76,-0.72
1170,17.62,19.32,19.76,-0.72
1171,17.54,19.32,19.76,-0.72
1172,17.62,19.32,19.76,-0.72
1173,17.54,19.32,19.76,-0.72
1174,17.62,19.32,19.76,-0.72
1175,17.62,19.32,19.76,-0.72
1176,17.54,19.32,19.76,-0.72
1177,17.54,19.32,19.76,-0.72
1178,17.54,19.32,19.76,-0.72
1179,17.54,19.32,19.76,-0.72
1180,17.54,19.32,19.76,-0.72
1181,17.54,19.32,19.85,-0.72
1182,17.54,19.32,19.85,-0.72
1183,17.54,19.32,19.85,-0.72
1184,17.54,19.32,19.76,-0.72
1185,17.54,19.23,19.85,-0.72
1186,17.54,19.23,19.85,-0.72
1187,17.54,19.32,19.85,-0.72
1188,17.54,19.32,19.85,-0.72
1189,17.54,19.32,19.85,-0.72
1190,17.62,19.32,19.85,-0.72
1191,17.62,19.32,19.85,-0.72
1192,17.62,19.32,19.85,-0.72
1193,17.62,19.32,19.85,-0.72
1194,17.62,19.32,19.85,-0.72
1195,17.62,19.32,19.85,-0.72
1196,17.62,19.32,19.85,-0.72
1197,17.62,19.32,19.85,-0.72
1198,17.62,19.32,19.85,-0.72
1199,17.62,19.32,19.85,-0.72
1200,17.62,19.32,19.85,-0.72
1201,17.62,19.32,19.85,-0.72
1202,17.62,19.32,19.85,-0.72
1203,17.62,19.32,19.85,-0.72
1204,17.62,19.32,19.85,-0.72
1205,17.54,19.32,19.85,-0.72
1206,17.54,19.32,19.85,-0.72
1207,17.54,19.23,19.85,-0.72
1208,17.54,19.23,19.85,-0.72
1209,17.54,19.32,19.85,-0.72
1210,17.54,19.32,19.85,-0.72
1211,17.54,19.32,19.85,-0.72
1212,17.54,19.32,19.85,-0.72
1213,17.54,19.32,19.85,-0.72
1214,17.62,19.32,19.85,-0.72
1215,17.62,19.32,19.85,-0.72
1216,17.62,19.32,19.85,-0.72
1217,17.54,19.32,19.85,-0.72
1218,17.62,19.32,19.85,-0.72
1219,17.62,19.32,19.85,-0.72
1220,17.62,19.32,19.85,-0.72
1221,17.62,19.32,19.85,-0.72
1222,17.62,19.32,19.85,-0.72
1223,17.62,19.32,19.85,-0.72
1224,17.62,19.32,19.85,-0.72
1225,17.62,19.32,19.85,-0.72
1226,17.62,19.32,19.85,-0.72
1227,17.62,19.32,19.85,-0.72
1228,17.62,19.32,19.85,-0.72
1229,17.62,19.32,19.85,-0.72
1230,17.62,19.32,19.85,-0.72
1231,17.62,19.32,19.85,-0.72
1232,17.62,19.32,19.85,-0.72
1233,17.62,19.32,19.85,-0.72
1234,17.62,19.32,19.85,-0.72
1235,17.62,19.32,19.85,-0.72
1236,17.62,19.32,19.85,-0.72
1237,17.62,19.32,19.85,-0.72
1238,17.62,19.32,19.85,-0.72
1239,17.62,19.32,19.85,-0.72
1240,17.62,19.32,19.85,-0.72
1241,17.62,19.32,19.85,-0.72
1242,17.62,19.32,19.85,-0.72
1243,17.62,19.32,19.85,-0.72
1244,17.54,19.32,19.85,-0.72
1245,17.54,19.32,19.85,-0.72
1246,17.54,19.32,19.85,-0.72
1247,17.62,19.32,19.85,-0.72
1248,17.62,19.23,19.85,-0.72
1249,17.62,19.23,19.76,-0.72
1250,17.62,19.23,19.76,-0.72
1251,17.62,19.23,19.85,-0.72
1252,17.62,19.23,19.76,-0.72
1253,17.62,19.23,19.85,-0.72
1254,17.62,19.32,19.85,-0.72
1255,17.62,19.32,19.85,-0.72
1256,17.62,19.32,19.85,-0.72
1257,17.62,19.4,19.85,-0.72
1258,17.71,19.32,19.85,-0.72
1259,17.71,19.32,19.85,-0.72
1260,17.62,19.4,19.85,-0.72
1261,17.62,19.4,19.85,-0.72
1262,17.62,19.4,19.85,-0.72
1263,17.62,19.4,19.85,-0.72
1264,17.62,19.4,19.94,-0.72
1265,17.62,19.4,19.94,-0.72
1266,17.62,19.4,19.94,-0.72
1267,17.62,19.4,19.94,-0.72
1268,17.71,19.4,19.94,-0.72
1269,17.62,19.4,19.94,-0.72
1270,17.71,19.4,19.94,-0.72
1271,17.71,19.4,19.94,-0.72
1272,17.71,19.4,19.94,-0.72
1273,17.71,19.4,19.94,-0.72
1274,17.8,19.4,19.94,-0.72
1275,17.8,19.32,19.94,-0.72
1276,17.8,19.4,19.94,-0.72
1277,17.8,19.4,19.94,-0.72
1278,17.8,19.32,19.94,-0.72
1279,17.8,19.4,19.94,-0.72
1280,17.8,19.32,19.94,-0.72
1281,17.8,19.32,19.94,-0.72
1282,17.8,19.32,19.94,-0.72
1283,17.8,19.32,19.85,-0.72
1284,17.8,19.4,19.94,-0.72
1285,17.71,19.4,19.94,-0.72
1286,17.8,19.4,19.94,-0.72
1287,17.71,19.4,19.94,-0.72
1288,17.71,19.4,19.94,-0.72
1289,17.71,19.4,19.94,-0.72
1290,17.71,19.4,19.94,-0.72
1291,17.71,19.4,19.94,-0.72
1292,17.71,19.4,19.94,-0.72
1293,17.71,19.4,19.94,-0.72
1294,17.71,19.4,19.94,-0.72
1295,17.71,19.4,19.94,-0.72
1296,17.71,19.4,19.94,-0.72
1297,17.71,19.4,19.85,-0.72
1298,17.71,19.4,19.85,-0.72
1299,17.62,19.4,19.85,-0.72
1300,17.71,19.4,19.85,-0.72
1301,17.71,19.4,19.85,-0.72
1302,17.71,19.4,19.85,-0.72
1303,17.71,19.4,19.85,-0.72
1304,17.71,19.4,19.85,-0.72
1305,17.71,19.4,19.94,-0.72
1306,17.71,19.4,19.94,-0.72
1307,17.71,19.4,19.94,-0.72
1308,17.71,19.4,19.94,-0.72
1309,17.71,19.4,19.94,-0.72
1310,17.71,19.4,19.94,-0.72
1311,17.71,19.4,19.94,-0.72
1312,17.71,19.4,19.94,-0.72
1313,17.62,19.49,19.94,-0.72
1314,17.71,19.4,19.94,-0.72
1315,17.71,19.4,19.94,-0.72
1316,17.71,19.4,19.94,-0.72
1317,17.71,19.4,19.94,-0.72
1318,17.71,19.4,19.94,-0.72
1319,17.71,19.4,19.94,-0.72
1320,17.71,19.4,19.94,-0.72
1321,17.8,19.4,19.94,-0.72
1322,17.8,19.4,19.94,-0.72
1323,17.71,19.4,19.94,-0.72
1324,17.71,19.4,19.94,-0.72
1325,17.8,19.4,19.94,-0.72
1326,17.8,19.4,19.94,-0.72
1327,17.8,19.4,19.94,-0.72
1328,17.8,19.4,19.94,-0.72
1329,17.8,19.4,19.94,-0.72
1330,17.8,19.4,19.94,-0.72
1331,17.8,19.4,19.94,-0.72
1332,17.71,19.4,19.94,-0.72
1333,17.8,19.4,19.94,-0.72
1334,17.8,19.4,19.94,-0.72
1335,17.8,19.4,19.94,-0.72
1336,17.8,19.4,19.94,-0.72
1337,17.8,19.4,19.94,-0.72
1338,17.8,19.4,19.94,-0.72
1340,17.8,19.4,19.94,-0.72
1341,17.8,19.4,19.94,-0.72
1342,17.8,19.4,19.94,-0.72
1343,17.89,19.4,19.94,-0.72
1344,17.89,19.4,19.94,-0.72
1345,17.89,19.4,19.94,-0.72
1346,17.89,19.4,19.94,-0.72
1347,17.8,19.4,19.94,-0.72
1348,17.8,19.4,19.94,-0.72
1349,17.8,19.4,19.94,-0.72
1350,17.8,19.4,19.94,-0.72
1351,17.8,19.4,19.94,-0.72
1352,17.8,19.4,19.94,-0.72
1353,17.8,19.4,19.94,-0.72
1354,17.71,19.4,19.94,-0.72
1355,17.71,19.4,19.94,-0.72
1356,17.71,19.4,19.94,-0.72
1357,17.71,19.4,19.94,-0.72
1358,17.71,19.4,19.94,-0.72
1359,17.8,19.4,19.94,-0.72
1360,17.8,19.4,19.94,-0.72
1361,17.8,19.4,19.94,-0.72
1362,17.8,19.4,19.94,-0.72
1363,17.8,19.4,19.94,-0.72
1364,17.8,19.4,19.94,-0.72
1365,17.8,19.4,19.94,-0.72
1366,17.71,19.4,19.94,-0.72
1367,17.71,19.4,19.94,-0.72
1368,17.71,19.4,19.94,-0.72
1369,17.8,19.4,19.94,-0.72
1370,17.8,19.4,19.94,-0.72
1371,17.8,19.4,19.94,-0.72
1372,17.8,19.4,19.94,-0.72
1373,17.8,19.4,19.94,-0.72
1374,17.8,19.4,19.94,-0.72
1375,17.8,19.4,19.85,-0.72
1376,17.8,19.4,19.85,-0.72
1377,17.8,19.4,19.85,-0.72
1378,17.8,19.4,19.85,-0.72
1379,17.8,19.4,19.85,-0.72
1380,17.8,19.4,19.85,-0.72
1381,17.71,19.4,19.85,-0.72
1382,17.71,19.4,19.94,-0.72
1383,17.8,19.4,19.85,-0.72
1384,17.8,19.4,19.94,-0.72
1385,17.8,19.4,19.94,-0.72
1386,17.8,19.4,19.94,-0.72
1387,17.8,19.4,19.94,-0.72
1388,17.8,19.49,19.94,-0.72
1389,17.8,19.49,19.94,-0.72
1390,17.8,19.49,19.94,-0.72
1391,17.8,19.49,19.94,-0.72
1392,17.71,19.49,19.94,-0.72
1393,17.71,19.49,19.94,-0.72
1394,17.8,19.49,19.94,-0.72
1395,17.8,19.49,19.94,-0.72
1396,17.71,19.49,19.94,-0.72
1397,17.71,19.49,19.94,-0.72
1398,17.71,19.4,19.94,-0.72
1399,17.71,19.4,19.94,-0.72
1400,17.71,19.4,19.94,-0.72
1401,17.71,19.4,19.94,-0.72
1402,17.8,19.4,19.94,-0.72
1403,17.71,19.4,19.94,-0.72
1404,17.71,19.4,19.94,-0.72
1405,17.71,19.4,19.94,-0.72
1406,17.71,19.4,19.94,-0.72
1407,17.71,19.4,19.94,-0.72
1408,17.71,19.4,19.94,-0.72
1409,17.71,19.4,19.94,-0.72
1410,17.71,19.4,19.94,-0.72
1411,17.71,19.4,19.94,-0.72
1412,17.71,19.4,19.94,-0.72
1413,17.71,19.4,19.94,-0.72
1414,17.71,19.4,19.94,-0.72
1415,17.71,19.4,19.94,-0.72
1416,17.62,19.4,19.94,-0.72
1417,17.62,19.4,19.85,-0.72
1418,17.71,19.4,19.85,-0.72
1419,17.62,19.4,19.85,-0.72
1420,17.62,19.4,19.85,-0.72
1421,17.62,19.4,19.85,-0.72
1422,17.62,19.4,19.85,-0.72
1423,17.62,19.4,19.85,-0.72
1424,17.62,19.4,19.85,-0.72
1425,17.62,19.4,19.85,-0.72
1426,17.62,19.4,19.94,-0.72
1427,17.62,19.4,19.85,-0.72
1428,17.62,19.4,19.94,-0.72
1429,17.62,19.4,19.94,-0.72
1430,17.71,19.4,19.94,-0.72
1431,17.62,19.4,19.94,-0.72
1432,17.62,19.4,19.94,-0.72
1433,17.71,19.4,19.94,-0.72
1434,17.62,19.4,19.94,-0.72
1435,17.62,19.4,19.94,-0.72
1436,17.62,19.4,19.94,-0.72
1437,17.62,19.4,19.94,-0.72
1438,17.62,19.4,19.94,-0.72
1439,17.62,19.4,19.94,-0.72
1440,17.62,19.4,19.94,-0.72
1441,17.62,19.4,19.94,-0.72
1442,17.62,19.4,19.94,-0.72
1443,17.62,19.4,19.94,-0.72
1444,17.62,19.4,19.94,-0.72
1445,17.62,19.4,19.94,-0.72
1446,17.62,19.4,19.94,-0.72
1447,17.62,19.4,19.94,-0.72
1448,17.71,19.4,19.94,-0.72
1449,17.71,19.4,19.94,-0.72
1450,17.71,19.4,19.94,-0.72
1451,17.71,19.4,19.94,-0.72
1452,17.71,19.4,19.94,-0.72
1453,17.71,19.4,19.94,-0.72
1454,17.71,19.4,19.94,-0.72
1455,17.71,19.4,19.94,-0.72
1456,17.71,19.4,19.94,-0.72
1457,17.71,19.4,19.94,-0.72
1458,17.71,19.4,19.94,-0.72
1459,17.71,19.4,19.94,-0.72
1460,17.71,19.4,19.94,-0.72
1461,17.71,19.4,19.94,-0.72
1462,17.71,19.4,19.94,-0.72
1463,17.71,19.32,19.94,-0.72
1464,17.8,19.4,19.94,-0.72
1465,17.8,19.4,19.94,-0.72
1466,17.8,19.4,19.94,-0.72
1467,17.8,19.4,19.94,-0.72
1468,17.8,19.4,19.94,-0.72
1469,17.89,19.4,19.94,-0.72
1470,17.89,19.4,19.94,-0.72
1471,17.89,19.4,19.94,-0.72
1472,17.89,19.4,19.94,-0.72
1473,17.89,19.4,19.94,-0.72
1474,17.8,19.4,19.94,-0.72
1475,17.8,19.4,19.94,-0.72
1476,17.8,19.4,19.94,-0.72
1477,17.8,19.49,19.94,-0.72
1478,17.8,19.49,19.94,-0.72
1479,17.8,19.49,19.94,-0.72
1480,17.8,19.49,19.94,-0.72
1481,17.8,19.49,19.94,-0.72
1482,17.8,19.49,19.94,-0.72
1483,17.8,19.49,19.94,-0.72
1484,17.71,19.49,19.94,-0.72
1485,17.8,19.49,19.94,-0.72
1486,17.8,19.49,19.94,-0.72
1487,17.8,19.49,20.03,-0.72
1488,17.71,19.49,19.94,-0.72
1489,17.8,19.49,19.94,-0.72
1490,17.8,19.49,19.94,-0.72
1491,17.71,19.49,19.94,-0.72
1492,17.71,19.49,19.94,-0.72
1493,17.71,19.49,19.94,-0.72
1494,17.71,19.49,19.94,-0.72
1495,17.8,19.4,19.94,-0.72
1496,17.8,19.49,19.94,-0.72
1497,17.8,19.49,20.03,-0.72
1498,17.8,19.49,19.94,-0.72
1499,17.8,19.49,20.03,-0.72
1500,17.8,19.49,20.03,-0.72
1501,17.8,19.49,20.03,-0.72
1502,17.8,19.49,20.03,-0.72
1503,17.89,19.49,20.03,-0.72
1504,17.89,19.4,20.03,-0.72
1505,17.89,19.49,20.03,-0.72
1506,17.89,19.4,19.94,-0.72
1507,17.89,19.4,19.94,-0.72
1508,17.89,19.49,20.03,-0.72
1509,17.89,19.49,20.03,-0.72
1510,17.89,19.4,20.03,-0.72
1511,17.89,19.49,20.03,-0.72
1512,17.89,19.4,20.03,-0.72
1513,17.89,19.4,20.03,-0.72
1514,17.89,19.4,20.03,-0.72
1515,17.89,19.4,20.03,-0.72
1516,17.89,19.4,20.03,-0.72
1517,17.89,19.4,20.03,-0.72
1518,17.89,19.4,19.94,-0.72
1519,17.89,19.4,20.03,-0.72
1520,17.8,19.4,20.03,-0.72
1521,17.8,19.4,20.03,-0.72
1522,17.8,19.4,19.94,-0.72
1523,17.89,19.4,19.94,-0.72
1524,17.89,19.4,19.94,-0.72
1525,17.89,19.4,19.94,-0.72
1526,17.8,19.4,19.94,-0.72
1527,17.8,19.4,19.94,-0.72
1528,17.89,19.4,19.94,-0.72
1529,17.89,19.4,19.94,-0.72
1530,17.89,19.4,19.94,-0.72
1531,17.89,19.4,19.94,-0.72
1532,17.89,19.4,19.85,-0.72
1533,17.89,19.4,19.94,-0.72
1534,17.89,19.4,19.85,-0.72
1535,17.89,19.4,19.85,-0.72
1536,17.89,19.4,19.85,-0.72
1537,17.89,19.4,19.85,-0.72
1538,17.89,19.4,19.94,-0.72
1539,17.89,19.49,19.94,-0.72
1540,17.89,19.4,19.94,-0.72
1541,17.89,19.4,19.94,-0.72
1542,17.89,19.4,19.94,-0.72
1543,17.89,19.4,19.94,-0.72
1544,17.89,19.4,19.94,-0.72
1545,17.89,19.4,19.94,-0.72
1546,17.98,19.4,19.94,-0.72
1547,17.89,19.4,19.94,-0.72
1548,17.98,19.4,19.94,-0.72
1549,17.89,19.49,19.94,-0.72
1550,17.89,19.4,19.94,-0.72
1551,17.89,19.49,19.94,-0.72
1552,17.98,19.4,19.94,-0.72
1553,17.89,19.49,20.03,-0.72
1554,17.98,19.49,20.03,-0.72
1555,17.98,19.49,19.94,-0.72
1556,17.89,19.49,20.03,-0.72
1557,17.89,19.49,20.03,-0.72
1558,17.89,19.49,20.03,-0.72
1559,17.89,19.49,20.03,-0.72
1560,17.89,19.49,20.03,-0.72
1561,17.89,19.49,20.03,-0.72
1562,17.89,19.58,20.03,-0.72
1563,17.8,19.49,20.03,-0.72
1564,17.8,19.58,20.03,-0.72
1565,17.8,19.58,20.03,-0.72
1566,17.8,19.58,20.03,-0.72
1567,17.8,19.58,20.03,-0.72
1568,17.8,19.58,20.12,-0.72
1569,17.8,19.58,20.12,-0.72
1570,17.8,19.58,20.12,-0.72
1571,17.8,19.58,20.03,-0.72
1572,17.8,19.58,20.12,-0.72
1573,17.8,19.58,20.12,-0.72
1574,17.8,19.58,20.12,-0.72
1575,17.8,19.58,20.12,-0.72
1576,17.8,19.58,20.12,-0.72
1577,17.8,19.58,20.12,-0.72
1578,17.8,19.58,20.12,-0.72
1579,17.8,19.58,20.12,-0.72
1580,17.8,19.58,20.12,-0.72
1581,17.8,19.58,20.12,-0.72
1582,17.89,19.58,20.12,-0.72
1583,17.89,19.58,20.12,-0.72
1584,17.89,19.58,20.03,-0.72
1585,17.89,19.58,20.12,-0.72
1586,17.89,19.58,20.12,-0.72
1587,17.98,19.58,20.12,-0.72
1588,17.98,19.58,20.03,-0.72
1589,17.98,19.58,20.12,-0.72
1590,17.98,19.58,20.03,-0.72
1591,17.98,19.58,20.03,-0.72
1592,18.07,19.58,20.12,-0.72
1593,18.07,19.58,20.12,-0.72
1594,18.07,19.58,20.12,-0.72
1595,18.07,19.58,20.12,-0.72
1596,17.98,19.58,20.12,-0.72
1597,17.98,19.58,20.12,-0.72
1598,17.98,19.58,20.12,-0.72
1599,17.98,19.58,20.12,-0.72
1600,17.98,19.58,20.12,-0.72
1601,17.98,19.58,20.12,-0.72
1602,17.89,19.58,20.12,-0.72
1603,17.89,19.58,20.12,-0.72
1605,17.89,19.67,20.12,-0.72
1606,17.89,19.58,20.12,-0.72
1607,17.89,19.67,20.12,-0.72
1608,17.89,19.67,20.12,-0.72
1609,17.89,19.67,20.12,-0.72
1610,17.89,19.58,20.12,-0.72
1611,17.89,19.58,20.12,-0.72
1612,17.89,19.58,20.12,-0.72
1613,17.89,19.58,20.12,-0.72
1614,17.89,19.58,20.12,-0.72
1615,17.89,19.58,20.12,-0.72
1616,17.89,19.58,20.12,-0.72
1617,17.89,19.58,20.12,-0.72
1618,17.89,19.58,20.12,-0.72
1619,17.89,19.58,20.12,-0.72
1620,17.89,19.58,20.12,-0.72
1621,17.89,19.58,20.12,-0.72
1622,17.89,19.58,20.12,-0.72
1623,17.89,19.58,20.12,-0.72
1624,17.89,19.58,20.12,-0.72
1625,17.89,19.58,20.12,-0.72
1626,17.8,19.58,20.12,-0.72
1627,17.8,19.58,20.12,-0.72
1628,17.8,19.58,20.12,-0.72
1629,17.89,19.58,20.12,-0.72
1630,17.8,19.58,20.12,-0.72
1631,17.8,19.58,20.12,-0.72
1632,17.8,19.58,20.12,-0.72
1633,17.8,19.58,20.12,-0.72
1634,17.8,19.58,20.12,-0.72
1635,17.8,19.58,20.12,-0.72
1636,17.8,19.58,20.12,-0.72
1637,17.8,19.58,20.12,-0.72
1638,17.8,19.58,20.12,-0.72
1639,17.8,19.58,20.12,-0.72
1640,17.8,19.58,20.12,-0.72
1641,17.8,19.58,20.12,-0.72
1642,17.8,19.58,20.12,-0.72
1643,17.8,19.49,20.03,-0.72
1644,17.8,19.58,20.12,-0.72
1645,17.8,19.49,20.12,-0.72
1646,17.89,19.49,20.03,-0.72
1647,17.89,19.49,20.03,-0.72
1648,17.89,19.49,20.12,-0.72
1649,17.89,19.49,20.12,-0.72
1650,17.89,19.49,20.12,-0.72
1651,17.89,19.49,20.12,-0.72
1652,17.89,19.49,20.12,-0.72
1653,17.89,19.49,20.12,-0.72
1654,17.98,19.58,20.12,-0.72
1655,17.98,19.58,20.12,-0.72
1656,17.98,19.58,20.12,-0.72
1657,17.98,19.58,20.12,-0.72
1658,17.98,19.58,20.03,-0.72
1659,17.98,19.58,20.03,-0.72
1660,17.98,19.58,20.03,-0.72
1661,17.98,19.58,20.03,-0.72
1662,17.89,19.58,20.03,-0.72
1663,17.89,19.58,20.03,-0.72
1664,17.98,19.58,19.94,-0.72
1665,17.98,19.58,20.03,-0.72
1666,17.98,19.58,20.03,-0.72
1667,17.98,19.58,19.94,-0.72
1668,17.98,19.58,19.94,-0.72
1669,17.98,19.58,19.94,-0.72
1670,17.98,19.58,19.94,-0.72
1671,17.98,19.58,19.94,-0.72
1672,17.98,19.58,19.94,-0.72
1673,17.98,19.58,19.94,-0.72
1674,18.07,19.58,19.94,-0.72
1675,18.07,19.58,20.03,-0.72
1676,18.07,19.58,20.03,-0.72
1677,18.07,19.58,20.03,-0.72
1678,18.07,19.49,20.03,-0.72
1679,18.07,19.58,20.03,-0.72
1680,18.07,19.58,20.03,-0.72
1681,18.07,19.58,20.03,-0.72
1682,17.98,19.58,20.03,-0.72
1683,17.98,19.58,20.12,-0.72
1684,17.98,19.58,20.03,-0.72
1685,17.98,19.58,20.12,-0.72
1686,17.98,19.58,20.12,-0.72
1687,17.98,19.58,20.03,-0.72
1688,17.98,19.58,20.12,-0.72
1689,17.98,19.58,20.03,-0.72
1690,17.98,19.58,20.03,-0.72
1691,17.98,19.58,20.03,-0.72
1692,17.98,19.58,20.03,-0.72
1693,17.98,19.58,20.03,-0.72
1694,17.89,19.58,20.03,-0.72
1695,17.89,19.58,20.03,-0.72
1696,17.89,19.58,20.03,-0.72
1697,17.89,19.58,20.12,-0.72
1698,17.89,19.58,20.03,-0.72
1699,17.89,19.58,20.03,-0.72
1700,17.89,19.58,20.03,-0.72
1701,17.89,19.58,20.03,-0.72
1702,17.89,19.58,20.03,-0.72
1703,17.89,19.58,20.12,-0.72
1704,17.89,19.58,20.12,-0.72
1705,17.89,19.58,20.12,-0.72
1706,17.89,19.58,20.12,-0.72
1707,17.89,19.58,20.12,-0.72
1708,17.89,19.58,20.12,-0.72
1709,17.89,19.58,20.12,-0.72
1710,17.89,19.58,20.12,-0.72
1711,17.89,19.58,20.12,-0.72
1712,17.89,19.58,20.12,-0.72
1713,17.89,19.58,20.12,-0.72
1714,17.89,19.58,20.12,-0.72
1715,17.89,19.49,20.03,-0.72
1716,17.89,19.58,20.03,-0.72
1717,17.89,19.58,20.12,-0.72
1718,17.89,19.58,20.12,-0.72
1719,17.89,19.58,20.12,-0.72
1720,17.89,19.58,20.12,-0.72
1721,17.8,19.58,20.12,-0.72
1722,17.89,19.58,20.12,-0.72
1723,17.89,19.58,20.12,-0.72
1724,17.89,19.58,20.12,-0.72
1725,17.89,19.58,20.12,-0.72
1726,17.89,19.58,20.12,-0.72
1727,17.89,19.58,20.12,-0.72
1728,17.89,19.58,20.12,-0.72
1729,17.89,19.58,20.12,-0.72
1730,17.89,19.58,20.12,-0.72
1731,17.89,19.58,20.12,-0.72
1732,17.89,19.58,20.12,-0.72
1733,17.89,19.58,20.12,-0.72
1734,17.89,19.58,20.12,-0.72
1735,17.89,19.58,20.12,-0.72
1736,17.89,19.58,20.12,-0.72
1737,17.89,19.58,20.12,-0.72
1738,17.98,19.58,20.12,-0.72
1739,17.98,19.58,20.12,-0.72
1740,17.89,19.58,20.12,-0.72
1741,17.89,19.58,20.12,-0.72
1742,17.89,19.58,20.12,-0.72
1743,17.89,19.58,20.12,-0.72
1744,17.89,19.58,20.12,-0.72
1745,17.89,19.58,20.12,-0.72
1746,17.89,19.58,20.12,-0.72
1747,17.89,19.58,20.03,-0.72
1748,17.89,19.49,20.03,-0.72
1749,17.89,19.58,20.03,-0.72
1750,17.8,19.49,20.03,-0.72
1751,17.8,19.58,20.03,-0.72
1752,17.89,19.58,20.03,-0.72
1753,17.89,19.49,20.03,-0.72
1754,17.89,19.49,20.03,-0.72
1755,17.89,19.49,20.03,-0.72
1756,17.89,19.58,20.03,-0.72
1757,17.89,19.58,20.03,-0.72
1758,17.89,19.49,20.03,-0.72
1759,17.89,19.49,20.03,-0.72
1760,17.89,19.49,20.03,-0.72
1761,17.89,19.49,20.03,-0.72
1762,17.89,19.49,20.03,-0.72
1763,17.89,19.49,20.03,-0.72
1764,17.89,19.49,20.03,-0.72
1765,17.89,19.49,20.03,-0.72
1766,17.8,19.49,19.94,-0.72
1767,17.89,19.49,19.94,-0.72
1768,17.89,19.49,19.94,-0.72
1769,17.8,19.49,20.03,-0.72
1770,17.89,19.49,20.03,-0.72
1771,17.89,19.49,20.03,-0.72
1772,17.89,19.49,20.03,-0.72
1773,17.89,19.49,20.03,-0.72
1774,17.89,19.49,20.03,-0.72
1775,17.89,19.49,20.03,-0.72
1776,17.89,19.49,20.03,-0.72
1777,17.89,19.49,20.03,-0.72
1778,17.98,19.49,20.03,-0.72
1779,17.98,19.49,20.03,-0.72
1780,17.98,19.49,20.03,-0.72
1781,17.98,19.49,20.03,-0.72
1782,17.98,19.49,20.03,-0.72
1783,17.98,19.49,20.03,-0.72
1784,17.98,19.49,20.03,-0.72
1785,17.98,19.58,20.03,-0.72
1786,17.98,19.58,20.03,-0.72
1787,17.98,19.58,20.03,-0.72
1788,18.07,19.58,20.03,-0.72
1789,18.07,19.58,20.03,-0.72
1790,18.07,19.58,20.03,-0.72
1791,18.07,19.58,20.03,-0.72
1792,18.07,19.58,20.03,-0.72
1793,18.07,19.58,20.03,-0.72
1794,18.07,19.49,20.03,-0.72
1795,18.07,19.49,20.03,-0.72
1796,18.07,19.58,20.03,-0.72
1797,18.07,19.58,20.03,-0.72
1798,17.98,19.58,20.12,-0.72
1799,17.98,19.58,20.03,-0.72
1800,17.98,19.58,20.03,-0.72
1801,17.98,19.58,20.03,-0.72
1802,17.98,19.58,20.03,-0.72
1803,17.98,19.58,20.03,-0.72
1804,17.98,19.58,20.12,-0.72
1805,17.98,19.58,20.12,-0.72
1806,17.98,19.58,20.03,-0.72
1807,18.07,19.58,20.03,-0.72
1808,17.98,19.58,20.12,-0.72
1809,17.98,19.58,20.12,-0.72
1810,17.98,19.58,20.12,-0.72
1811,17.98,19.58,20.12,-0.72
1812,17.98,19.58,20.12,-0.72
1813,17.98,19.58,20.12,-0.72
1814,17.98,19.58,20.12,-0.72
1815,17.98,19.58,20.12,-0.72
1816,17.98,19.58,20.12,-0.72
1817,17.98,19.58,20.12,-0.72
1818,18.07,19.58,20.12,-0.72
1819,18.07,19.58,20.12,-0.72
1820,18.07,19.58,20.12,-0.72
1821,18.07,19.58,20.12,-0.72
1822,18.07,19.58,20.12,-0.72
1823,18.07,19.58,20.12,-0.72
1824,18.07,19.58,20.12,-0.72
1825,17.98,19.58,20.12,-0.72
1826,17.98,19.58,20.12,-0.72
1827,17.98,19.58,20.12,-0.72
1828,17.98,19.58,20.12,-0.72
1829,17.98,19.58,20.12,-0.72
1830,17.98,19.58,20.12,-0.72
1831,17.89,19.58,20.12,-0.72
1832,17.89,19.58,20.12,-0.72
1833,17.89,19.58,20.12,-0.72
1834,17.89,19.58,20.12,-0.72
1835,17.89,19.58,20.12,-0.72
1836,17.89,19.58,20.12,-0.72
1837,17.89,19.58,20.12,-0.72
1838,17.89,19.58,20.12,-0.72
1839,17.89,19.58,20.12,-0.72
1840,17.89,19.58,20.12,-0.72
1841,17.89,19.58,20.12,-0.72
1842,17.89,19.58,20.12,-0.72
1843,17.89,19.58,20.12,-0.72
1844,17.89,19.58,20.12,-0.72
1845,17.89,19.58,20.12,-0.72
1846,17.89,19.58,20.12,-0.72
1847,17.89,19.58,20.12,-0.72
1848,17.89,19.58,20.12,-0.72
1849,17.89,19.58,20.12,-0.72
1850,17.89,19.58,20.12,-0.72
1851,17.89,19.58,20.12,-0.72
1852,17.8,19.58,20.12,-0.72
1853,17.89,19.58,20.12,-0.72
1854,17.89,19.58,20.12,-0.72
1855,17.89,19.58,20.12,-0.72
1856,17.89,19.58,20.12,-0.72
1857,17.89,19.58,20.12,-0.72
1858,17.89,19.58,20.03,-0.72
1859,17.98,19.58,20.03,-0.72
1860,17.89,19.58,20.03,-0.72
1861,17.89,19.58,20.03,-0.72
1862,17.89,19.58,20.03,-0.72
1863,17.89,19.58,20.03,-0.72
1864,17.89,19.58,20.03,-0.72
1865,17.89,19.58,20.03,-0.72
1866,17.89,19.58,20.03,-0.72
1867,17.89,19.58,20.03,-0.72
1868,17.8,19.58,20.03,-0.72
1870,17.89,19.58,20.03,-0.72
1871,17.89,19.58,20.03,-0.72
1872,17.89,19.58,20.03,-0.72
1873,17.89,19.58,20.03,-0.72
1874,17.8,19.58,20.03,-0.72
1875,17.89,19.58,20.03,-0.72
1876,17.8,19.58,20.03,-0.72
1877,17.89,19.58,20.03,-0.72
1878,17.89,19.58,20.03,-0.72
1879,17.8,19.58,20.12,-0.72
1880,17.8,19.58,20.03,-0.72
1881,17.89,19.58,20.03,-0.72
1882,17.89,19.58,20.03,-0.72
1883,17.8,19.58,20.03,-0.72
1884,17.8,19.58,20.03,-0.72
1885,17.8,19.58,20.03,-0.72
1886,17.8,19.58,20.03,-0.72
1887,17.8,19.58,20.12,-0.72
1888,17.8,19.58,20.03,-0.72
1889,17.8,19.58,20.12,-0.72
1890,17.8,19.58,20.12,-0.72
1891,17.8,19.58,20.12,-0.72
1892,17.8,19.58,20.12,-0.72
1893,17.8,19.58,20.12,-0.72
1894,17.8,19.58,20.12,-0.72
1895,17.8,19.58,20.12,-0.72
1896,17.8,19.58,20.12,-0.72
1897,17.89,19.49,20.03,-0.72
1898,17.89,19.49,20.03,-0.72
1899,17.89,19.49,20.03,-0.72
1900,17.89,19.49,20.12,-0.72
1901,17.8,19.49,20.03,-0.72
1902,17.8,19.49,20.03,-0.72
1903,17.8,19.49,20.03,-0.72
1904,17.8,19.49,20.03,-0.72
1905,17.8,19.58,20.03,-0.72
1906,17.8,19.49,20.03,-0.72
1907,17.8,19.49,20.03,-0.72
1908,17.8,19.49,20.03,-0.72
1909,17.8,19.49,20.03,-0.72
1910,17.8,19.49,20.03,-0.72
1911,17.71,19.49,20.03,-0.72
1912,17.71,19.49,20.03,-0.72
1913,17.8,19.49,20.03,-0.72
1914,17.8,19.49,20.03,-0.72
1915,17.71,19.49,20.03,-0.72
1916,17.71,19.49,20.03,-0.72
1917,17.71,19.49,20.03,-0.72
1918,17.8,19.49,20.03,-0.72
1919,17.71,19.49,20.03,-0.72
1920,17.8,19.49,20.03,-0.72
1921,17.8,19.58,20.03,-0.72
1922,17.8,19.58,20.03,-0.72
1923,17.71,19.58,20.03,-0.72
1924,17.8,19.49,20.03,-0.72
1925,17.71,19.58,20.03,-0.72
1926,17.71,19.58,20.03,-0.72
1927,17.71,19.58,20.03,-0.72
1928,17.71,19.58,20.03,-0.72
1929,17.8,19.49,20.03,-0.72
1930,17.8,19.49,20.03,-0.72
1931,17.8,19.49,20.03,-0.72
1932,17.8,19.49,20.03,-0.72
1933,17.89,19.49,20.03,-0.72
1934,17.8,19.49,20.03,-0.72
1935,17.8,19.49,20.03,-0.72
1936,17.8,19.49,20.03,-0.72
1937,17.8,19.49,20.03,-0.72
1938,17.8,19.49,20.03,-0.72
1939,17.8,19.49,20.03,-0.72
1940,17.8,19.49,20.03,-0.72
1941,17.8,19.49,20.03,-0.72
1942,17.8,19.49,20.03,-0.72
1943,17.8,19.49,20.03,-0.72
1944,17.8,19.49,20.03,-0.72
1945,17.8,19.49,20.03,-0.72
1946,17.8,19.49,20.03,-0.72
1947,17.8,19.49,20.03,-0.72
1948,17.8,19.49,20.03,-0.72
1949,17.8,19.49,20.03,-0.72
1950,17.89,19.49,20.03,-0.72
1951,17.89,19.49,20.03,-0.72
1952,17.89,19.49,20.03,-0.72
1953,17.89,19.49,20.03,-0.72
1954,17.89,19.49,20.03,-0.72
1955,17.89,19.49,20.03,-0.72
1956,17.8,19.49,20.03,-0.72
1957,17.8,19.49,20.03,-0.72
1958,17.8,19.49,20.03,-0.72
1959,17.8,19.49,20.03,-0.72
1960,17.8,19.49,20.03,-0.72
1961,17.89,19.49,20.03,-0.72
1962,17.89,19.49,20.03,-0.72
1963,17.89,19.49,20.03,-0.72
1964,17.89,19.49,20.03,-0.72
1965,17.89,19.49,20.03,-0.72
1966,17.8,19.49,20.03,-0.72
1967,17.8,19.49,20.03,-0.72
1968,17.8,19.49,20.03,-0.72
1969,17.8,19.58,20.03,-0.72
1970,17.8,19.49,20.03,-0.72
1971,17.8,19.58,20.03,-0.72
1972,17.8,19.49,20.03,-0.72
1973,17.8,19.49,20.03,-0.72
1974,17.8,19.58,20.03,-0.72
1975,17.89,19.49,20.03,-0.72
1976,17.89,19.49,20.03,-0.72
1977,17.89,19.49,20.03,-0.72
1978,17.89,19.49,20.03,-0.72
1979,17.89,19.49,20.03,-0.72
1980,17.89,19.49,20.03,-0.72
1981,17.89,19.49,20.03,-0.72
1982,17.89,19.49,20.03,-0.72
1983,17.89,19.49,20.03,-0.72
1984,17.89,19.49,20.03,-0.72
1985,17.8,19.49,20.03,-0.72
1986,17.8,19.49,20.03,-0.72
1987,17.89,19.49,20.03,-0.72
1988,17.89,19.49,20.03,-0.72
1989,17.89,19.49,20.03,-0.72
1990,17.89,19.49,20.03,-0.72
1991,17.89,19.49,20.03,-0.72
1992,17.98,19.49,20.03,-0.72
1993,17.98,19.49,20.03,-0.72
1994,17.98,19.49,20.03,-0.72
1995,17.98,19.49,20.03,-0.72
1996,17.98,19.49,20.03,-0.72
1997,17.98,19.49,20.03,-0.72
1998,17.98,19.49,20.03,-0.72
1999,17.89,19.49,20.03,-0.72
2000,17.89,19.49,20.03,-0.72
2001,17.89,19.49,20.03,-0.72
2002,17.89,19.49,20.03,-0.72
2003,17.89,19.49,20.03,-0.72
2004,17.98,19.49,20.03,-0.72
2005,17.98,19.49,20.03,-0.72
2006,17.98,19.49,20.03,-0.72
2007,17.98,19.49,20.03,-0.72
2008,17.89,19.49,20.03,-0.72
2009,17.89,19.49,20.03,-0.72
2010,17.89,19.49,20.03,-0.72
2011,17.89,19.49,20.03,-0.72
2012,17.89,19.49,20.03,-0.72
2013,17.98,19.49,20.03,-0.72
2014,17.98,19.49,20.03,-0.72
2015,17.89,19.58,20.03,-0.72
2016,17.89,19.49,20.03,-0.72
2017,17.89,19.58,20.03,-0.72
2018,17.89,19.58,20.03,-0.72
2019,17.89,19.58,20.03,-0.72
2020,17.89,19.58,20.03,-0.72
2021,17.89,19.58,20.03,-0.72
2022,17.89,19.49,20.03,-0.72
2023,17.89,19.58,20.03,-0.72
2024,17.89,19.58,20.03,-0.72
2025,17.89,19.58,20.03,-0.72
2026,17.89,19.58,20.03,-0.72
2027,17.89,19.58,20.03,-0.72
2028,17.89,19.58,20.03,-0.72
2029,17.89,19.58,20.03,-0.72
2030,17.89,19.58,20.03,-0.72
2031,17.89,19.58,20.12,-0.72
2032,17.89,19.58,20.12,-0.72
2033,17.98,19.58,20.03,-0.72
2034,17.89,19.58,20.03,-0.72
2035,17.89,19.58,20.03,-0.72
2036,17.89,19.58,20.03,-0.72
2037,17.89,19.58,20.03,-0.72
2038,17.89,19.58,20.12,-0.72
2039,17.89,19.58,20.12,-0.72
2040,17.89,19.58,20.12,-0.72
2041,17.89,19.58,20.12,-0.72
2042,17.89,19.58,20.12,-0.72
2043,17.89,19.58,20.12,-0.72
2044,17.8,19.58,20.12,-0.72
2045,17.89,19.58,20.12,-0.72
2046,17.8,19.58,20.12,-0.72
2047,17.8,19.58,20.12,-0.72
2048,17.8,19.58,20.12,-0.72
2049,17.89,19.58,20.12,-0.72
2050,17.89,19.58,20.12,-0.72
2051,17.98,19.58,20.12,-0.72
2052,17.98,19.58,20.12,-0.72
2053,18.07,19.58,20.12,-0.49
2054,18.07,19.58,20.12,-0.49
2055,18.16,19.58,20.12,-0.49
2056,18.16,19.58,20.12,-0.49
2057,18.25,19.58,20.12,-0.49
2058,18.25,19.58,20.03,-0.49
2059,18.34,19.58,20.03,-0.49
2060,18.43,19.67,20.03,-0.49
2061,18.43,19.67,20.03,-0.49
2062,18.43,19.67,20.03,-0.49
2063,18.51,19.67,20.12,-0.49
2064,18.51,19.67,20.12,-0.49
2065,18.51,19.67,20.12,-0.49
2066,18.51,19.76,20.12,-0.49
2067,18.51,19.76,20.12,-0.49
2068,18.51,19.76,20.12,-0.49
2069,18.6,19.76,20.12,-0.49
2070,18.6,19.76,20.12,-0.49
2071,18.6,19.76,20.12,-0.49
2072,18.6,19.76,20.12,-0.49
2073,18.6,19.76,20.12,-0.49
2074,18.6,19.76,20.12,-0.49
2075,18.6,19.76,20.21,-0.49
2076,18.6,19.76,20.21,-0.49
2077,18.6,19.76,20.12,-0.49
2078,18.69,19.85,20.21,-0.49
2079,18.6,19.85,20.21,-0.49
2080,18.69,19.85,20.21,-0.49
2081,18.69,19.85,20.21,-0.49
2082,18.69,19.85,20.21,-0.49
2083,18.69,19.85,20.21,-0.49
2084,18.69,19.85,20.21,-0.49
2085,18.69,19.85,20.21,-0.49
2086,18.69,19.85,20.21,-0.49
2087,18.69,19.94,20.21,-0.49
2088,18.78,19.94,20.21,-0.49
2089,18.78,19.94,20.21,-0.49
2090,18.78,19.94,20.21,-0.49
2091,18.78,19.94,20.21,-0.49
2092,18.78,19.94,20.29,-0.49
2093,18.78,19.94,20.29,-0.49
2094,18.78,19.94,20.29,-0.49
2095,18.78,19.94,20.29,-0.49
2096,18.78,19.94,20.29,-0.49
2097,18.78,20.03,20.29,-0.49
2098,18.78,19.94,20.29,-0.49
2099,18.78,19.94,20.29,-0.49
2100,18.87,19.94,20.29,-0.49
2101,18.87,19.94,20.29,-0.49
2102,18.87,19.94,20.29,-0.49
2103,18.87,20.03,20.29,-0.49
2104,18.87,20.03,20.38,-0.49
2105,18.87,20.03,20.38,-0.49
2106,18.87,20.03,20.38,-0.49
2107,18.87,20.03,20.38,-0.49
2108,18.87,20.03,20.38,-0.49
2109,18.87,20.03,20.38,-0.49
2110,18.87,20.03,20.38,-0.49
2111,18.87,20.03,20.38,-0.49
2112,18.87,20.03,20.38,-0.49
2113,18.87,20.12,20.38,-0.49
2114,18.87,20.12,20.38,-0.49
2115,18.87,20.12,20.38,-0.49
2116,18.87,20.12,20.38,-0.49
2117,18.87,20.12,20.47,-0.49
2118,18.87,20.12,20.38,-0.49
2119,18.87,20.12,20.47,-0.49
2120,18.96,20.12,20.47,-0.49
2121,18.96,20.12,20.47,-0.49
2122,18.96,20.12,20.47,-0.49
2123,18.96,20.12,20.47,-0.49
2124,18.96,20.21,20.47,-0.49
2125,18.96,20.21,20.47,-0.49
2126,18.96,20.21,20.47,-0.49
2127,18.96,20.21,20.47,-0.49
2128,18.96,20.21,20.47,-0.49
2129,18.96,20.21,20.47,-0.49
2130,18.96,20.21,20.47,-0.49
2131,18.96,20.21,20.47,-0.49
2132,18.96,20.21,20.56,-0.49
2134,18.96,20.21,20.56,-0.49
2135,18.96,20.21,20.56,-0.49
2136,18.96,20.21,20.56,-0.49
2137,18.96,20.21,20.56,-0.49
2138,18.96,20.21,20.56,-0.49
2139,19.05,20.21,20.56,-0.49
2140,18.96,20.21,20.56,-0.49
2141,18.96,20.21,20.56,-0.49
2142,18.96,20.21,20.56,-0.49
2143,19.05,20.21,20.56,-0.49
2144,19.05,20.21,20.56,-0.49
2145,19.05,20.29,20.56,-0.49
2146,19.05,20.21,20.56,-0.49
2147,19.05,20.29,20.56,-0.49
2148,19.05,20.21,20.56,-0.49
2149,19.05,20.21,20.56,-0.49
2150,19.05,20.29,20.56,-0.49
2151,19.05,20.29,20.65,-0.49
2152,19.14,20.29,20.56,-0.49
2153,19.14,20.29,20.56,-0.49
2154,19.14,20.29,20.65,-0.49
2155,19.14,20.29,20.65,-0.49
2156,19.14,20.29,20.65,-0.49
2157,19.14,20.29,20.65,-0.49
2158,19.14,20.29,20.65,-0.49
2159,19.14,20.29,20.65,-0.49
2160,19.14,20.29,20.65,-0.49
2161,19.14,20.29,20.65,-0.49
2162,19.14,20.38,20.65,-0.49
2163,19.14,20.38,20.65,-0.49
2164,19.14,20.38,20.65,-0.49
2165,19.14,20.38,20.65,-0.49
2166,19.14,20.38,20.65,-0.49
2167,19.14,20.38,20.65,-0.49
2168,19.14,20.38,20.65,-0.49
2169,19.14,20.38,20.65,-0.49
2170,19.14,20.38,20.65,-0.49
2171,19.14,20.38,20.65,-0.49
2172,19.14,20.38,20.74,-0.49
2173,19.14,20.38,20.74,-0.49
2174,19.14,20.38,20.74,-0.49
2175,19.14,20.38,20.74,-0.49
2176,19.14,20.38,20.74,-0.49
2177,19.14,20.38,20.74,-0.49
2178,19.14,20.38,20.74,-0.49
2179,19.23,20.38,20.74,-0.49
2180,19.23,20.38,20.74,-0.49
2181,19.23,20.38,20.74,-0.49
2182,19.23,20.38,20.74,-0.49
2183,19.23,20.38,20.74,-0.49
2184,19.23,20.38,20.74,-0.49
2185,19.23,20.38,20.74,-0.49
2186,19.23,20.38,20.74,-0.49
2187,19.23,20.38,20.74,-0.49
2188,19.23,20.38,20.74,-0.49
2189,19.23,20.38,20.74,-0.49
2190,19.23,20.38,20.74,-0.49
2191,19.23,20.38,20.74,-0.49
2192,19.23,20.38,20.74,-0.49
2193,19.23,20.38,20.74,-0.49
2194,19.23,20.38,20.74,-0.49
2195,19.23,20.38,20.74,-0.49
2196,19.23,20.38,20.74,-0.49
2197,19.23,20.38,20.74,-0.49
2198,19.23,20.47,20.74,-0.49
2199,19.32,20.38,20.74,-0.49
2200,19.32,20.47,20.74,-0.49
2201,19.32,20.47,20.74,-0.49
2202,19.23,20.47,20.74,-0.49
2203,19.32,20.47,20.74,-0.49
2204,19.32,20.47,20.74,-0.49
2205,19.32,20.47,20.74,-0.49
2206,19.32,20.47,20.74,-0.49
2207,19.4,20.47,20.74,-0.49
2208,19.4,20.47,20.74,-0.49
2209,19.4,20.47,20.74,-0.49
2210,19.4,20.56,20.74,-0.49
2211,19.4,20.47,20.83,-0.49
2212,19.4,20.56,20.83,-0.49
2213,19.4,20.56,20.83,-0.49
2214,19.4,20.56,20.83,-0.49
2215,19.4,20.56,20.83,-0.49
2216,19.4,20.56,20.83,-0.49
2217,19.4,20.56,20.83,-0.49
2218,19.4,20.56,20.83,-0.49
2219,19.4,20.56,20.83,-0.49
2220,19.4,20.56,20.83,-0.49
2221,19.4,20.56,20.83,-0.49
2222,19.4,20.56,20.83,-0.49
2223,19.4,20.56,20.83,-0.49
2224,19.32,20.56,20.83,-0.49
2225,19.4,20.56,20.83,-0.49
2226,19.32,20.56,20.83,-0.49
2227,19.32,20.56,20.92,-0.49
2228,19.4,20.56,20.92,-0.49
2229,19.4,20.56,20.83,-0.49
2230,19.4,20.56,20.83,-0.49
2231,19.4,20.56,20.83,-0.49
2232,19.32,20.56,20.83,-0.49
2233,19.4,20.56,20.83,-0.49
2234,19.32,20.56,20.83,-0.49
2235,19.32,20.56,20.83,-0.49
2236,19.32,20.56,20.83,-0.49
2237,19.32,20.56,20.83,-0.49
2238,19.32,20.56,20.83,-0.49
2239,19.32,20.56,20.83,-0.49
2240,19.32,20.56,20.83,-0.49
2241,19.32,20.56,20.83,-0.49
2242,19.32,20.56,20.83,-0.49
2243,19.32,20.56,20.83,-0.49
2244,19.4,20.56,20.83,-0.49
2245,19.32,20.56,20.92,-0.49
2246,19.32,20.56,20.92,-0.49
2247,19.32,20.56,20.92,-0.49
2248,19.4,20.56,20.92,-0.49
2249,19.32,20.56,20.92,-0.49
2250,19.32,20.56,20.92,-0.49
2251,19.32,20.56,20.92,-0.49
2252,19.32,20.65,20.92,-0.49
2253,19.32,20.65,20.92,-0.49
2254,19.32,20.65,20.92,-0.49
2255,19.32,20.65,20.92,-0.49
2256,19.32,20.65,20.92,-0.49
2257,19.32,20.65,20.92,-0.49
2258,19.32,20.65,20.92,-0.49
2259,19.32,20.56,20.92,-0.49
2260,19.32,20.65,20.92,-0.49
2261,19.4,20.65,20.92,-0.49
2262,19.4,20.65,20.92,-0.49
2263,19.4,20.65,20.92,-0.49
2264,19.4,20.65,20.92,-0.49
2265,19.4,20.65,20.92,-0.49
2266,19.4,20.65,20.92,-0.49
2267,19.4,20.65,20.92,-0.49
2268,19.4,20.65,20.92,-0.49
2269,19.4,20.65,20.92,-0.49
2270,19.4,20.65,21.01,-0.49
2271,19.4,20.56,20.92,-0.49
2272,19.4,20.65,20.92,-0.49
2273,19.4,20.65,20.92,-0.49
2274,19.4,20.65,20.92,-0.49
2275,19.4,20.65,20.92,-0.49
2276,19.4,20.65,21.01,-0.49
2277,19.4,20.65,21.01,-0.49
2278,19.4,20.65,21.01,-0.49
2279,19.4,20.65,21.01,-0.49
2280,19.4,20.65,21.01,-0.49
2281,19.4,20.65,21.01,-0.49
2282,19.4,20.65,21.01,-0.49
2283,19.4,20.65,21.01,-0.49
2284,19.4,20.65,21.01,-0.49
2285,19.32,20.65,21.01,-0.49
2286,19.32,20.65,21.01,-0.49
2287,19.32,20.65,21.01,-0.49
2288,19.4,20.65,21.01,-0.49
2289,19.32,20.65,21.01,-0.49
2290,19.4,20.65,21.01,-0.49
2291,19.32,20.65,21.01,-0.49
2292,19.32,20.65,20.92,-0.49
2293,19.4,20.65,21.01,-0.49
2294,19.4,20.65,21.01,-0.49
2295,19.4,20.65,21.01,-0.49
2296,19.4,20.65,21.01,-0.49
2297,19.4,20.65,21.01,-0.49
2298,19.4,20.65,21.01,-0.49
2299,19.4,20.65,21.01,-0.49
2300,19.4,20.74,21.01,-0.49
2301,19.4,20.74,21.01,-0.49
2302,19.4,20.74,21.01,-0.49
2303,19.4,20.74,21.01,-0.49
2304,19.4,20.74,21.01,-0.49
2305,19.4,20.74,21.01,-0.49
2306,19.4,20.74,21.01,-0.49
2307,19.4,20.74,21.01,-0.49
2308,19.4,20.74,21.01,-0.49
2309,19.4,20.74,21.01,-0.49
2310,19.4,20.74,21.01,-0.49
2311,19.4,20.74,21.01,-0.49
2312,19.4,20.74,21.01,-0.49
2313,19.4,20.74,21.01,-0.49
2314,19.4,20.74,21.01,-0.49
2315,19.4,20.74,21.01,-0.49
2316,19.4,20.74,21.01,-0.49
2317,19.4,20.74,21.01,-0.49
2318,19.4,20.74,21.01,-0.49
2319,19.4,20.74,21.01,-0.49
2320,19.4,20.74,21.01,-0.49
2321,19.4,20.74,21.01,-0.49
2322,19.4,20.74,21.01,-0.49
2323,19.4,20.74,21.01,-0.49
2324,19.4,20.74,21.01,-0.49
2325,19.4,20.74,21.01,-0.49
2326,19.4,20.74,21.01,-0.49
2327,19.49,20.74,21.01,-0.49
2328,19.49,20.74,21.01,-0.49
2329,19.49,20.74,21.01,-0.49
2330,19.49,20.74,21.1,-0.49
2331,19.49,20.74,21.01,-0.49
2332,19.49,20.74,21.01,-0.49
2333,19.49,20.74,21.1,-0.49
2334,19.49,20.74,21.1,-0.49
2335,19.49,20.74,21.1,-0.49
2336,19.49,20.74,21.1,-0.49
2337,19.49,20.74,21.1,-0.49
2338,19.49,20.74,21.01,-0.49
2339,19.49,20.74,21.1,-0.49
2340,19.4,20.74,21.1,-0.49
2341,19.4,20.74,21.1,-0.49
2342,19.4,20.74,21.1,-0.49
2343,19.4,20.74,21.01,-0.49
2344,19.4,20.74,21.01,-0.49
2345,19.49,20.74,21.01,-0.49
2346,19.49,20.74,21.01,-0.49
2347,19.49,20.74,21.01,-0.49
2348,19.49,20.74,21.01,-0.49
2349,19.49,20.74,21.01,-0.49
2350,19.49,20.74,21.01,-0.49
2351,19.49,20.74,21.01,-0.49
2352,19.49,20.74,21.01,-0.49
2353,19.49,20.74,21.01,-0.49
2354,19.49,20.74,21.01,-0.49
2355,19.49,20.74,21.01,-0.49
2356,19.49,20.74,21.01,-0.49
2357,19.49,20.74,21.01,-0.49
2358,19.49,20.74,21.01,-0.49
2359,19.49,20.74,21.01,-0.49
2360,19.4,20.74,21.01,-0.49
2361,19.4,20.74,21.01,-0.49
2362,19.4,20.74,21.01,-0.49
2363,19.4,20.74,21.01,-0.49
2364,19.4,20.74,21.01,-0.49
2365,19.4,20.74,21.01,-0.49
2366,19.49,20.74,21.01,-0.49
2367,19.49,20.74,21.01,-0.49
2368,19.49,20.74,21.1,-0.49
2369,19.49,20.74,21.1,-0.49
2370,19.49,20.74,21.1,-0.49
2371,19.49,20.74,21.1,-0.49
2372,19.49,20.74,21.1,-0.49
2373,19.49,20.74,21.1,-0.49
2374,19.49,20.74,21.1,-0.49
2375,19.49,20.74,21.1,-0.49
2376,19.49,20.74,21.1,-0.49
2377,19.49,20.74,21.1,-0.49
2378,19.49,20.74,21.1,-0.49
2379,19.49,20.74,21.1,-0.49
2380,19.49,20.74,21.1,-0.49
2381,19.49,20.74,21.1,-0.49
2382,19.49,20.74,21.1,-0.49
2383,19.49,20.74,21.1,-0.49
2384,19.49,20.74,21.1,-0.49
2385,19.49,20.74,21.1,-0.49
2386,19.49,20.74,21.1,-0.49
2387,19.49,20.74,21.1,-0.49
2388,19.49,20.74,21.1,-0.49
2389,19.49,20.74,21.1,-0.49
2390,19.49,20.74,21.1,-0.49
2391,19.49,20.74,21.1,-0.49
2392,19.49,20.74,21.1,-0.49
2393,19.49,20.74,21.1,-0.49
2394,19.49,20.74,21.1,-0.49
2395,19.49,20.74,21.1,-0.49
2396,19.49,20.74,21.1,-0.49
2397,19.49,20.74,21.1,-0.49
2398,19.49,20.74,21.1,-0.49
2400,19.49,20.83,21.1,-0.49
2401,19.49,20.74,21.1,-0.49
2402,19.49,20.83,21.1,-0.49
2403,19.49,20.74,21.1,-0.49
2404,19.49,20.74,21.1,-0.49
2405,19.49,20.83,21.1,-0.49
2406,19.49,20.74,21.1,-0.49
2407,19.49,20.83,21.1,-0.49
2408,19.49,20.83,21.1,-0.49
2409,19.49,20.74,21.1,-0.49
2410,19.4,20.74,21.1,-0.49
2411,19.49,20.83,21.1,-0.49
2412,19.49,20.74,21.1,-0.49
2413,19.49,20.74,21.1,-0.49
2414,19.4,20.74,21.1,-0.49
2415,19.4,20.83,21.1,-0.49
2416,19.49,20.74,21.1,-0.49
2417,19.4,20.83,21.1,-0.49
2418,19.4,20.74,21.1,-0.49
2419,19.4,20.74,21.1,-0.49
2420,19.4,20.74,21.1,-0.49
2421,19.4,20.74,21.1,-0.49
2422,19.4,20.83,21.1,-0.49
2423,19.4,20.74,21.1,-0.49
2424,19.4,20.74,21.1,-0.49
2425,19.4,20.74,21.1,-0.49
2426,19.4,20.74,21.1,-0.49
2427,19.4,20.74,21.1,-0.49
2428,19.4,20.74,21.1,-0.49
2429,19.4,20.74,21.1,-0.49
2430,19.4,20.74,21.1,-0.49
2431,19.4,20.83,21.1,-0.49
2432,19.4,20.74,21.1,-0.49
2433,19.4,20.74,21.1,-0.49
2434,19.4,20.83,21.1,-0.49
2435,19.4,20.83,21.1,-0.49
2436,19.4,20.74,21.1,-0.49
2437,19.4,20.83,21.1,-0.49
2438,19.49,20.74,21.1,-0.49
2439,19.49,20.74,21.1,-0.49
2440,19.4,20.74,21.1,-0.49
2441,19.49,20.83,21.1,-0.49
2442,19.49,20.83,21.1,-0.49
2443,19.4,20.74,21.1,-0.49
2444,19.49,20.83,21.1,-0.49
2445,19.4,20.74,21.1,-0.49
2446,19.4,20.83,21.1,-0.49
2447,19.4,20.74,21.1,-0.49
2448,19.49,20.83,21.1,-0.49
2449,19.49,20.74,21.1,-0.49
2450,19.49,20.83,21.1,-0.49
2451,19.49,20.74,21.1,-0.49
2452,19.49,20.74,21.1,-0.49
2453,19.4,20.74,21.1,-0.49
2454,19.49,20.74,21.1,-0.49
2455,19.49,20.74,21.1,-0.49
2456,19.49,20.74,21.1,-0.49
2457,19.4,20.74,21.1,-0.49
2458,19.4,20.74,21.1,-0.49
2459,19.49,20.74,21.1,-0.49
2460,19.4,20.74,21.1,-0.49
2461,19.4,20.74,21.1,-0.49
2462,19.4,20.74,21.1,-0.49
2463,19.4,20.74,21.1,-0.49
2464,19.4,20.74,21.1,-0.49
2465,19.4,20.74,21.1,-0.49
2466,19.4,20.74,21.1,-0.49
2467,19.4,20.74,21.1,-0.49
2468,19.4,20.74,21.1,-0.49
2469,19.49,20.74,21.1,-0.49
2470,19.49,20.74,21.1,-0.49
2471,19.49,20.74,21.1,-0.49
2472,19.49,20.74,21.1,-0.49
2473,19.49,20.74,21.1,-0.49
2474,19.49,20.74,21.1,-0.49
2475,19.4,20.74,21.1,-0.49
2476,19.49,20.74,21.1,-0.49
2477,19.49,20.74,21.1,-0.49
2478,19.49,20.74,21.1,-0.49
2479,19.49,20.74,21.1,-0.49
2480,19.49,20.74,21.1,-0.49
2481,19.49,20.74,21.01,-0.49
2482,19.49,20.74,21.1,-0.49
2483,19.49,20.74,21.1,-0.49
2484,19.49,20.74,21.1,-0.49
2485,19.49,20.74,21.1,-0.49
2486,19.49,20.74,21.1,-0.49
2487,19.58,20.74,21.01,-0.49
2488,19.49,20.74,21.01,-0.49
2489,19.49,20.74,21.1,-0.49
2490,19.49,20.74,21.1,-0.49
2491,19.49,20.74,21.1,-0.49
2492,19.49,20.74,21.1,-0.49
2493,19.49,20.74,21.1,-0.49
2494,19.49,20.74,21.1,-0.49
2495,19.49,20.74,21.1,-0.49
2496,19.49,20.74,21.1,-0.49
2497,19.49,20.74,21.1,-0.49
2498,19.49,20.74,21.1,-0.49
2499,19.49,20.74,21.1,-0.49
2500,19.49,20.74,21.1,-0.49
2501,19.49,20.74,21.1,-0.49
2502,19.49,20.74,21.1,-0.49
2503,19.49,20.74,21.1,-0.49
2504,19.49,20.74,21.1,-0.49
2505,19.49,20.83,21.1,-0.49
2506,19.49,20.74,21.1,-0.49
2507,19.49,20.74,21.1,-0.49
2508,19.49,20.74,21.1,-0.49
2509,19.49,20.74,21.1,-0.49
2510,19.49,20.74,21.1,-0.49
2511,19.49,20.83,21.1,-0.49
2512,19.49,20.74,21.1,-0.49
2513,19.4,20.83,21.1,-0.49
2514,19.4,20.83,21.1,-0.49
2515,19.49,20.83,21.1,-0.49
2516,19.4,20.83,21.1,-0.49
2517,19.49,20.83,21.1,-0.49
2518,19.49,20.83,21.18,-0.49
2519,19.49,20.83,21.18,-0.49
2520,19.49,20.83,21.18,-0.49
2521,19.4,20.83,21.1,-0.49
2522,19.4,20.83,21.1,-0.49
2523,19.4,20.83,21.1,-0.49
2524,19.4,20.83,21.1,-0.49
2525,19.4,20.83,21.18,-0.49
2526,19.4,20.83,21.18,-0.49
2527,19.4,20.83,21.18,-0.49
2528,19.49,20.83,21.1,-0.49
2529,19.49,20.83,21.1,-0.49
2530,19.49,20.83,21.18,-0.49
2531,19.4,20.83,21.18,-0.49
2532,19.49,20.83,21.1,-0.49
2533,19.49,20.83,21.1,-0.49
2534,19.49,20.83,21.18,-0.49
2535,19.49,20.83,21.18,-0.49
2536,19.49,20.83,21.1,-0.49
2537,19.49,20.83,21.1,-0.49
2538,19.49,20.83,21.1,-0.49
2539,19.49,20.83,21.1,-0.49
2540,19.49,20.83,21.1,-0.49
2541,19.49,20.83,21.1,-0.49
2542,19.49,20.83,21.1,-0.49
2543,19.49,20.83,21.1,-0.49
2544,19.49,20.83,21.1,-0.49
2545,19.49,20.83,21.1,-0.49
2546,19.49,20.83,21.1,-0.49
2547,19.49,20.83,21.1,-0.49
2548,19.49,20.83,21.1,-0.49
2549,19.49,20.83,21.1,-0.49
2550,19.49,20.83,21.1,-0.49
2551,19.49,20.83,21.1,-0.49
2552,19.49,20.83,21.1,-0.49
2553,19.4,20.74,21.1,-0.49
2554,19.4,20.74,21.1,-0.49
2555,19.49,20.83,21.1,-0.49
2556,19.4,20.74,21.1,-0.49
2557,19.4,20.74,21.1,-0.49
2558,19.4,20.74,21.1,-0.49
2559,19.4,20.74,21.1,-0.49
2560,19.49,20.74,21.1,-0.49
2561,19.49,20.74,21.1,-0.49
2562,19.49,20.74,21.1,-0.49
2563,19.49,20.74,21.1,-0.49
2564,19.49,20.74,21.1,-0.49
2565,19.49,20.74,21.1,-0.49
2566,19.49,20.74,21.1,-0.49
2567,19.49,20.74,21.1,-0.49
2568,19.58,20.74,21.1,-0.49
2569,19.58,20.74,21.1,-0.49
2570,19.58,20.74,21.1,-0.49
2571,19.58,20.74,21.1,-0.49
2572,19.58,20.74,21.1,-0.49
2573,19.58,20.74,21.1,-0.49
2574,19.58,20.74,21.1,-0.49
2575,19.49,20.74,21.1,-0.49
2576,19.49,20.74,21.1,-0.49
2577,19.49,20.74,21.1,-0.49
2578,19.49,20.74,21.1,-0.49
2579,19.49,20.74,21.1,-0.49
2580,19.49,20.74,21.1,-0.49
2581,19.49,20.74,21.1,-0.49
2582,19.49,20.74,21.1,-0.49
2583,19.49,20.74,21.01,-0.49
2584,19.49,20.74,21.01,-0.49
2585,19.49,20.74,21.01,-0.49
2586,19.49,20.74,21.01,-0.49
2587,19.49,20.74,21.01,-0.49
2588,19.49,20.74,21.01,-0.49
2589,19.49,20.74,21.01,-0.49
2590,19.49,20.74,21.01,-0.49
2591,19.49,20.74,21.01,-0.49
2592,19.49,20.74,21.01,-0.49
2593,19.49,20.74,21.01,-0.49
2594,19.49,20.74,21.01,-0.49
2595,19.49,20.74,21.01,-0.49
2596,19.58,20.74,21.01,-0.49
2597,19.58,20.74,21.01,-0.49
2598,19.58,20.83,21.01,-0.49
2599,19.58,20.74,21.01,-0.49
2600,19.58,20.74,21.01,-0.49
2601,19.58,20.83,21.1,-0.49
2602,19.58,20.83,21.1,-0.49
2603,19.58,20.83,21.1,-0.49
2604,19.58,20.83,21.1,-0.49
2605,19.58,20.74,21.1,-0.49
2606,19.58,20.83,21.1,-0.49
2607,19.58,20.83,21.1,-0.49
2608,19.58,20.83,21.1,-0.49
2609,19.58,20.83,21.1,-0.49
2610,19.58,20.83,21.1,-0.49
2611,19.58,20.83,21.1,-0.49
2612,19.58,20.83,21.1,-0.49
2613,19.58,20.74,21.1,-0.49
2614,19.58,20.83,21.18,-0.49
2615,19.58,20.83,21.1,-0.49
2616,19.58,20.83,21.1,-0.49
2617,19.58,20.83,21.18,-0.49
2618,19.58,20.83,21.18,-0.49
2619,19.58,20.83,21.18,-0.49
2620,19.58,20.83,21.18,-0.49
2621,19.58,20.83,21.18,-0.49
2622,19.58,20.83,21.18,-0.49
2623,19.58,20.83,21.1,-0.49
2624,19.58,20.83,21.18,-0.49
2625,19.58,20.74,21.18,-0.49
2626,19.58,20.83,21.18,-0.49
2627,19.58,20.83,21.1,-0.49
2628,19.58,20.83,21.1,-0.49
2629,19.58,20.83,21.1,-0.49
2630,19.58,20.83,21.1,-0.49
2631,19.58,20.83,21.1,-0.49
2632,19.58,20.83,21.1,-0.49
2633,19.58,20.83,21.1,-0.49
2634,19.58,20.74,21.1,-0.49
2635,19.58,20.83,21.1,-0.49
2636,19.58,20.74,21.1,-0.49
2637,19.58,20.74,21.1,-0.49
2638,19.49,20.74,21.1,-0.49
2639,19.58,20.83,21.1,-0.49
2640,19.58,20.83,21.1,-0.49
2641,19.58,20.83,21.1,-0.49
2642,19.58,20.83,21.1,-0.49
2643,19.58,20.83,21.1,-0.49
2644,19.49,20.83,21.1,-0.49
2645,19.49,20.83,21.1,-0.49
2646,19.49,20.83,21.1,-0.49
2647,19.49,20.83,21.1,-0.49
2648,19.49,20.83,21.1,-0.49
2649,19.49,20.83,21.1,-0.49
2650,19.58,20.83,21.1,-0.49
2651,19.58,20.83,21.1,-0.49
2652,19.58,20.83,21.1,-0.49
2653,19.58,20.83,21.1,-0.49
2654,19.58,20.83,21.1,-0.49
2655,19.58,20.83,21.1,-0.49
2656,19.58,20.83,21.1,-0.49
2657,19.58,20.83,21.1,-0.49
2658,19.58,20.83,21.1,-0.49
2659,19.58,20.83,21.1,-0.49
2660,19.49,20.83,21.1,-0.49
2661,19.49,20.83,21.1,-0.49
2662,19.49,20.83,21.1,-0.49
2663,19.49,20.83,21.1,-0.49
2665,19.49,20.83,21.1,-0.49
2666,19.49,20.83,21.1,-0.49
2667,19.49,20.83,21.1,-0.49
2668,19.49,20.83,21.1,-0.49
2669,19.49,20.83,21.1,-0.49
2670,19.49,20.83,21.1,-0.49
2671,19.49,20.83,21.1,-0.49
2672,19.49,20.83,21.1,-0.49
2673,19.58,20.83,21.1,-0.49
2674,19.58,20.83,21.18,-0.49
2675,19.58,20.83,21.18,-0.49
2676,19.58,20.83,21.18,-0.49
2677,19.58,20.83,21.18,-0.49
2678,19.58,20.83,21.18,-0.49
2679,19.58,20.83,21.18,-0.49
2680,19.58,20.83,21.1,-0.49
2681,19.49,20.83,21.18,-0.49
2682,19.49,20.83,21.18,-0.49
2683,19.49,20.83,21.18,-0.49
2684,19.58,20.83,21.18,-0.49
2685,19.58,20.83,21.1,-0.49
2686,19.58,20.83,21.1,-0.49
2687,19.58,20.83,21.18,-0.49
2688,19.58,20.83,21.1,-0.49
2689,19.58,20.83,21.1,-0.49
2690,19.58,20.83,21.1,-0.49
2691,19.58,20.83,21.18,-0.49
2692,19.58,20.83,21.1,-0.49
2693,19.58,20.83,21.1,-0.49
2694,19.58,20.83,21.1,-0.49
2695,19.58,20.83,21.1,-0.49
2696,19.58,20.83,21.1,-0.49
2697,19.67,20.74,21.1,-0.49
2698,19.67,20.83,21.1,-0.49
2699,19.67,20.83,21.1,-0.49
2700,19.67,20.83,21.1,-0.49
2701,19.67,20.83,21.1,-0.49
2702,19.67,20.83,21.1,-0.49
2703,19.67,20.83,21.1,-0.49
2704,19.67,20.83,21.1,-0.49
2705,19.67,20.83,21.1,-0.49
2706,19.67,20.83,21.1,-0.49
2707,19.67,20.83,21.1,-0.49
2708,19.67,20.83,21.1,-0.49
2709,19.67,20.83,21.1,-0.49
2710,19.67,20.83,21.1,-0.49
2711,19.67,20.83,21.1,-0.49
2712,19.67,20.83,21.1,-0.49
2713,19.58,20.83,21.1,-0.49
2714,19.58,20.83,21.18,-0.49
2715,19.58,20.92,21.18,-0.49
2716,19.58,20.83,21.18,-0.49
2717,19.58,20.83,21.18,-0.49
2718,19.67,20.92,21.18,-0.49
2719,19.58,20.92,21.18,-0.49
2720,19.58,20.92,21.18,-0.49
2721,19.67,20.92,21.18,-0.49
2722,19.67,20.92,21.18,-0.49
2723,19.58,20.92,21.18,-0.49
2724,19.67,20.83,21.18,-0.49
2725,19.67,20.92,21.18,-0.49
2726,19.67,20.83,21.18,-0.49
2727,19.67,20.83,21.18,-0.49
2728,19.67,20.83,21.18,-0.49
2729,19.67,20.83,21.18,-0.49
2730,19.67,20.83,21.18,-0.49
2731,19.67,20.83,21.18,-0.49
2732,19.67,20.83,21.18,-0.49
2733,19.67,20.83,21.18,-0.49
2734,19.67,20.83,21.18,-0.49
2735,19.67,20.83,21.18,-0.49
2736,19.67,20.83,21.18,-0.49
2737,19.67,20.83,21.18,-0.49
2738,19.67,20.83,21.18,-0.49
2739,19.67,20.83,21.18,-0.49
2740,19.58,20.83,21.18,-0.49
2741,19.58,20.83,21.18,-0.49
2742,19.58,20.83,21.18,-0.49
2743,19.58,20.83,21.18,-0.49
2744,19.58,20.83,21.18,-0.49
2745,19.58,20.83,21.18,-0.49
2746,19.67,20.83,21.18,-0.49
2747,19.67,20.83,21.18,-0.49
2748,19.58,20.83,21.18,-0.49
2749,19.67,20.83,21.18,-0.49
2750,19.67,20.83,21.18,-0.49
2751,19.67,20.83,21.18,-0.49
2752,19.58,20.83,21.18,-0.49
2753,19.58,20.83,21.18,-0.49
2754,19.58,20.83,21.18,-0.49
2755,19.58,20.83,21.18,-0.49
2756,19.58,20.83,21.1,-0.49
2757,19.58,20.83,21.18,-0.49
2758,19.58,20.83,21.1,-0.49
2759,19.67,20.83,21.1,-0.49
2760,19.67,20.83,21.1,-0.49
2761,19.67,20.83,21.18,-0.49
2762,19.67,20.83,21.1,-0.49
2763,19.76,20.83,21.1,-0.49
2764,19.76,20.83,21.18,-0.49
2765,19.76,20.83,21.18,-0.49
2766,19.76,20.83,21.18,-0.49
2767,19.76,20.83,21.18,-0.49
2768,19.76,20.83,21.18,-0.49
2769,19.76,20.83,21.18,-0.49
2770,19.76,20.83,21.18,-0.49
2771,19.76,20.83,21.18,-0.49
2772,19.76,20.83,21.18,-0.49
2773,19.76,20.83,21.18,-0.49
2774,19.76,20.83,21.18,-0.49
2775,19.76,20.83,21.18,-0.49
2776,19.67,20.83,21.18,-0.49
2777,19.67,20.83,21.18,-0.49
2778,19.76,20.83,21.18,-0.49
2779,19.76,20.83,21.18,-0.49
2780,19.76,20.83,21.18,-0.49
2781,19.76,20.83,21.18,-0.49
2782,19.76,20.83,21.18,-0.49
2783,19.76,20.83,21.18,-0.49
2784,19.76,20.83,21.18,-0.49
2785,19.76,20.92,21.18,-0.49
2786,19.76,20.92,21.18,-0.49
2787,19.76,20.83,21.18,-0.49
2788,19.76,20.83,21.18,-0.49
2789,19.76,20.83,21.18,-0.49
2790,19.76,20.83,21.18,-0.49
2791,19.76,20.83,21.18,-0.49
2792,19.67,20.92,21.18,-0.49
2793,19.67,20.92,21.18,-0.49
2794,19.67,20.92,21.18,-0.49
2795,19.67,20.92,21.18,-0.49
2796,19.58,20.92,21.18,-0.49
2797,19.67,20.92,21.18,-0.49
2798,19.58,20.92,21.18,-0.49
2799,19.58,20.92,21.18,-0.49
2800,19.58,20.92,21.27,-0.49
2801,19.67,20.92,21.18,-0.49
2802,19.58,20.92,21.18,-0.49
2803,19.58,20.92,21.27,-0.49
2804,19.58,20.92,21.27,-0.49
2805,19.58,20.92,21.18,-0.49
2806,19.58,20.92,21.27,-0.49
2807,19.58,20.92,21.18,-0.49
2808,19.58,20.92,21.27,-0.49
2809,19.58,20.92,21.27,-0.49
2810,19.58,20.92,21.18,-0.49
2811,19.58,20.92,21.27,-0.49
2812,19.58,20.92,21.18,-0.49
2813,19.58,20.92,21.18,-0.49
2814,19.67,20.92,21.18,-0.49
2815,19.67,20.92,21.18,-0.49
2816,19.58,20.92,21.18,-0.49
2817,19.67,20.83,21.18,-0.49
2818,19.67,20.92,21.18,-0.49
2819,19.67,20.92,21.18,-0.49
2820,19.67,20.92,21.18,-0.49
2821,19.67,20.83,21.18,-0.49
2822,19.58,20.92,21.18,-0.49
2823,19.67,20.83,21.18,-0.49
2824,19.67,20.92,21.18,-0.49
2825,19.67,20.83,21.18,-0.49
2826,19.58,20.83,21.18,-0.49
2827,19.58,20.83,21.18,-0.49
2828,19.58,20.83,21.1,-0.49
2829,19.58,20.83,21.18,-0.49
2830,19.67,20.83,21.18,-0.49
2831,19.67,20.83,21.18,-0.49
2832,19.67,20.83,21.18,-0.49
2833,19.67,20.83,21.18,-0.49
2834,19.58,20.83,21.18,-0.49
2835,19.67,20.83,21.18,-0.49
2836,19.67,20.83,21.18,-0.49
2837,19.67,20.83,21.18,-0.49
2838,19.67,20.83,21.18,-0.49
2839,19.58,20.83,21.18,-0.49
2840,19.58,20.83,21.18,-0.49
2841,19.58,20.83,21.18,-0.49
2842,19.58,20.83,21.18,-0.49
2843,19.58,20.83,21.18,-0.49
2844,19.58,20.83,21.18,-0.49
2845,19.58,20.83,21.18,-0.49
2846,19.58,20.83,21.18,-0.49
2847,19.58,20.83,21.18,-0.49
2848,19.58,20.83,21.18,-0.49
2849,19.58,20.83,21.18,-0.49
2850,19.58,20.83,21.18,-0.49
2851,19.58,20.83,21.18,-0.49
2852,19.58,20.83,21.18,-0.49
2853,19.58,20.83,21.18,-0.49
2854,19.58,20.83,21.18,-0.49
2855,19.58,20.83,21.18,-0.49
2856,19.58,20.83,21.18,-0.49
2857,19.58,20.83,21.18,-0.49
2858,19.58,20.83,21.18,-0.49
2859,19.58,20.83,21.18,-0.49
2860,19.58,20.83,21.18,-0.49
2861,19.58,20.83,21.18,-0.49
2862,19.58,20.83,21.18,-0.49
2863,19.58,20.92,21.18,-0.49
2864,19.58,20.83,21.18,-0.49
2865,19.58,20.92,21.18,-0.49
2866,19.58,20.92,21.18,-0.49
2867,19.58,20.83,21.18,-0.49
2868,19.58,20.83,21.18,-0.49
2869,19.58,20.83,21.18,-0.49
2870,19.58,20.83,21.18,-0.49
2871,19.58,20.83,21.18,-0.49
2872,19.58,20.83,21.18,-0.49
2873,19.58,20.83,21.18,-0.49
2874,19.58,20.83,21.18,-0.49
2875,19.58,20.83,21.18,-0.49
2876,19.58,20.83,21.18,-0.49
2877,19.58,20.83,21.18,-0.49
2878,19.58,20.83,21.18,-0.49
2879,19.58,20.83,21.18,-0.49
2880,19.58,20.83,21.18,-0.49
2881,19.58,20.83,21.18,-0.49
2882,19.58,20.83,21.18,-0.49
2883,19.58,20.83,21.18,-0.49
2884,19.58,20.83,21.18,-0.49
2885,19.58,20.83,21.18,-0.49
2886,19.58,20.83,21.18,-0.49
2887,19.49,20.83,21.18,-0.49
2888,19.58,20.83,21.18,-0.49
2889,19.58,20.83,21.18,-0.49
2890,19.58,20.83,21.18,-0.49
2891,19.58,20.83,21.18,-0.49
2892,19.58,20.83,21.1,-0.49
2893,19.58,20.83,21.1,-0.49
2894,19.58,20.83,21.1,-0.49
2895,19.58,20.83,21.18,-0.49
2896,19.67,20.83,21.18,-0.49
2897,19.67,20.83,21.18,-0.49
2898,19.67,20.83,21.18,-0.49
2899,19.67,20.83,21.18,-0.49
2900,19.67,20.83,21.18,-0.49
2901,19.67,20.83,21.18,-0.49
2902,19.67,20.83,21.18,-0.49
2903,19.67,20.83,21.18,-0.49
2904,19.67,20.83,21.18,-0.49
2905,19.58,20.83,21.18,-0.49
2906,19.58,20.83,21.18,-0.49
2907,19.58,20.83,21.1,-0.49
2908,19.58,20.83,21.1,-0.49
2909,19.58,20.83,21.1,-0.49
2910,19.58,20.83,21.1,-0.49
2911,19.58,20.83,21.18,-0.49
2912,19.58,20.83,21.1,-0.49
2913,19.58,20.83,21.1,-0.49
2914,19.58,20.92,21.1,-0.49
2915,19.58,20.83,21.18,-0.49
2916,19.58,20.83,21.18,-0.49
2917,19.58,20.92,21.18,-0.49
2918,19.58,20.83,21.18,-0.49
2919,19.58,20.83,21.18,-0.49
2920,19.58,20.83,21.18,-0.49
2921,19.58,20.83,21.18,-0.49
2922,19.58,20.83,21.18,-0.49
2923,19.58,20.83,21.18,-0.49
2924,19.67,20.83,21.18,-0.49
2925,19.58,20.83,21.18,-0.49
2926,19.58,20.83,21.18,-0.49
2927,19.58,20.83,21.18,-0.49
2928,19.58,20.83,21.18,-0.49
2930,19.58,20.83,21.18,-0.49
2931,19.58,20.83,21.18,-0.49
2932,19.58,20.83,21.1,-0.49
2933,19.58,20.83,21.1,-0.49
2934,19.58,20.83,21.1,-0.49
2935,19.58,20.83,21.18,-0.49
2936,19.58,20.83,21.1,-0.49
2937,19.58,20.83,21.1,-0.49
2938,19.58,20.83,21.18,-0.49
2939,19.58,20.83,21.18,-0.49
2940,19.58,20.83,21.18,-0.49
2941,19.58,20.83,21.1,-0.49
2942,19.58,20.83,21.1,-0.49
2943,19.58,20.83,21.1,-0.49
2944,19.58,20.83,21.1,-0.49
2945,19.58,20.83,21.1,-0.49
2946,19.58,20.83,21.1,-0.49
2947,19.58,20.83,21.1,-0.49
2948,19.58,20.83,21.1,-0.49
2949,19.58,20.83,21.1,-0.49
2950,19.58,20.83,21.18,-0.49
2951,19.49,20.83,21.18,-0.49
2952,19.49,20.83,21.18,-0.49
2953,19.49,20.83,21.18,-0.49
2954,19.49,20.83,21.18,-0.49
2955,19.58,20.83,21.18,-0.49
2956,19.58,20.92,21.18,-0.49
2957,19.58,20.83,21.18,-0.49
2958,19.58,20.92,21.18,-0.49
2959,19.58,20.83,21.18,-0.49
2960,19.58,20.83,21.18,-0.49
2961,19.58,20.83,21.18,-0.49
2962,19.58,20.83,21.18,-0.49
2963,19.58,20.83,21.18,-0.49
2964,19.58,20.83,21.18,-0.49
2965,19.58,20.83,21.18,-0.49
2966,19.58,20.83,21.18,-0.49
2967,19.58,20.83,21.1,-0.49
2968,19.58,20.83,21.1,-0.49
2969,19.58,20.83,21.18,-0.49
2970,19.58,20.83,21.18,-0.49
2971,19.58,20.83,21.18,-0.49
2972,19.58,20.83,21.18,-0.49
2973,19.58,20.83,21.18,-0.49
2974,19.58,20.83,21.1,-0.49
2975,19.58,20.83,21.18,-0.49
2976,19.58,20.83,21.18,-0.49
2977,19.58,20.83,21.18,-0.49
2978,19.58,20.83,21.18,-0.49
2979,19.58,20.83,21.18,-0.49
2980,19.67,20.83,21.18,-0.49
2981,19.58,20.83,21.18,-0.49
2982,19.58,20.83,21.18,-0.49
2983,19.58,20.83,21.18,-0.49
2984,19.58,20.83,21.18,-0.49
2985,19.58,20.83,21.18,-0.49
2986,19.58,20.83,21.18,-0.49
2987,19.58,20.83,21.18,-0.49
2988,19.58,20.83,21.18,-0.49
2989,19.58,20.83,21.18,-0.49
2990,19.58,20.83,21.18,-0.49
2991,19.58,20.83,21.18,-0.49
2992,19.58,20.83,21.18,-0.49
2993,19.58,20.83,21.18,-0.49
2994,19.58,20.83,21.18,-0.49
2995,19.58,20.83,21.1,-0.49
2996,19.49,20.83,21.18,-0.49
2997,19.58,20.83,21.18,-0.49
2998,19.58,20.83,21.18,-0.49
2999,19.49,20.83,21.18,-0.49
3000,19.58,20.83,21.18,-0.49
3001,19.58,20.83,21.18,-0.49
3002,19.49,20.83,21.18,-0.49
3003,19.49,20.83,21.1,-0.49
3004,19.49,20.83,21.18,-0.49
3005,19.49,20.83,21.1,-0.49
3006,19.49,20.83,21.1,-0.49
3007,19.49,20.83,21.18,-0.49
3008,19.49,20.83,21.18,-0.49
3009,19.49,20.83,21.18,-0.49
3010,19.49,20.83,21.1,-0.49
3011,19.49,20.83,21.18,-0.49
3012,19.49,20.83,21.18,-0.49
3013,19.49,20.83,21.1,-0.49
3014,19.49,20.83,21.18,-0.49
3015,19.49,20.83,21.1,-0.49
3016,19.49,20.83,21.18,-0.49
3017,19.49,20.83,21.18,-0.49
3018,19.49,20.83,21.18,-0.49
3019,19.49,20.83,21.1,-0.49
3020,19.49,20.83,21.1,-0.49
3021,19.49,20.83,21.1,-0.49
3022,19.49,20.83,21.1,-0.49
3023,19.49,20.83,21.1,-0.49
3024,19.49,20.83,21.1,-0.49
3025,19.49,20.83,21.1,-0.49
3026,19.49,20.83,21.1,-0.49
3027,19.49,20.83,21.1,-0.49
3028,19.49,20.83,21.1,-0.49
3029,19.49,20.83,21.1,-0.49
3030,19.49,20.83,21.1,-0.49
3031,19.49,20.83,21.1,-0.49
3032,19.49,20.83,21.1,-0.49
3033,19.49,20.83,21.1,-0.49
3034,19.49,20.83,21.1,-0.49
3035,19.49,20.83,21.1,-0.49
3036,19.49,20.83,21.1,-0.49
3037,19.49,20.83,21.1,-0.49
3038,19.58,20.83,21.1,-0.49
3039,19.58,20.83,21.1,-0.49
3040,19.58,20.83,21.1,-0.49
3041,19.58,20.83,21.1,-0.49
3042,19.58,20.83,21.1,-0.49
3043,19.58,20.83,21.1,-0.49
3044,19.67,20.83,21.1,-0.49
3045,19.67,20.83,21.1,-0.49
3046,19.67,20.83,21.1,-0.49
3047,19.58,20.83,21.18,-0.49
3048,19.58,20.83,21.1,-0.49
3049,19.58,20.83,21.1,-0.49
3050,19.58,20.83,21.1,-0.49
3051,19.58,20.83,21.1,-0.49
3052,19.58,20.74,21.1,-0.49
3053,19.49,20.83,21.1,-0.49
3054,19.49,20.83,21.1,-0.49
3055,19.58,20.83,21.1,-0.49
3056,19.58,20.83,21.1,-0.49
3057,19.58,20.83,21.1,-0.49
3058,19.67,20.83,21.1,-0.234
3059,19.67,20.83,21.1,-0.234
3060,19.76,20.83,21.1,-0.234
3061,19.76,20.83,21.1,-0.234
3062,19.85,20.83,21.1,-0.234
3063,19.85,20.83,21.1,-0.234
3064,19.94,20.83,21.1,-0.234
3065,19.94,20.83,21.1,-0.234
3066,20.03,20.83,21.1,-0.234
3067,20.03,20.92,21.1,-0.234
3068,20.12,20.92,21.1,-0.234
3069,20.12,20.92,21.18,-0.234
3070,20.21,20.92,21.1,-0.234
3071,20.21,20.92,21.18,-0.234
3072,20.21,20.92,21.1,-0.234
3073,20.29,20.92,21.18,-0.234
3074,20.29,20.92,21.18,-0.234
3075,20.29,21.01,21.18,-0.234
3076,20.29,21.01,21.18,-0.234
3077,20.29,21.01,21.18,-0.234
3078,20.38,21.01,21.18,-0.234
3079,20.38,21.01,21.18,-0.234
3080,20.38,21.01,21.18,-0.234
3081,20.38,21.01,21.18,-0.234
3082,20.38,21.1,21.18,-0.234
3083,20.38,21.1,21.18,-0.234
3084,20.38,21.1,21.18,-0.234
3085,20.47,21.1,21.18,-0.234
3086,20.47,21.1,21.27,-0.234
3087,20.47,21.1,21.27,-0.234
3088,20.47,21.1,21.27,-0.234
3089,20.47,21.18,21.27,-0.234
3090,20.47,21.18,21.27,-0.234
3091,20.47,21.18,21.27,-0.234
3092,20.47,21.18,21.27,-0.234
3093,20.56,21.18,21.27,-0.234
3094,20.47,21.18,21.27,-0.234
3095,20.56,21.18,21.27,-0.234
3096,20.56,21.18,21.36,-0.234
3097,20.56,21.18,21.36,-0.234
3098,20.56,21.18,21.36,-0.234
3099,20.56,21.27,21.36,-0.234
3100,20.65,21.27,21.36,-0.234
3101,20.65,21.27,21.36,-0.234
3102,20.65,21.27,21.36,-0.234
3103,20.65,21.27,21.36,-0.234
3104,20.65,21.27,21.36,-0.234
3105,20.65,21.27,21.36,-0.234
3106,20.65,21.27,21.36,-0.234
3107,20.65,21.36,21.36,-0.234
3108,20.65,21.36,21.45,-0.234
3109,20.65,21.36,21.45,-0.234
3110,20.65,21.36,21.45,-0.234
3111,20.65,21.36,21.45,-0.234
3112,20.65,21.36,21.45,-0.234
3113,20.74,21.36,21.45,-0.234
3114,20.74,21.36,21.45,-0.234
3115,20.74,21.36,21.45,-0.234
3116,20.74,21.36,21.45,-0.234
3117,20.74,21.36,21.45,-0.234
3118,20.74,21.36,21.54,-0.234
3119,20.74,21.45,21.54,-0.234
3120,20.74,21.45,21.54,-0.234
3121,20.74,21.45,21.54,-0.234
3122,20.74,21.45,21.54,-0.234
3123,20.74,21.45,21.54,-0.234
3124,20.74,21.45,21.54,-0.234
3125,20.74,21.45,21.54,-0.234
3126,20.74,21.45,21.54,-0.234
3127,20.74,21.45,21.54,-0.234
3128,20.74,21.45,21.54,-0.234
3129,20.83,21.45,21.54,-0.234
3130,20.83,21.45,21.54,-0.234
3131,20.83,21.45,21.54,-0.234
3132,20.83,21.45,21.63,-0.234
3133,20.83,21.54,21.54,-0.234
3134,20.83,21.54,21.63,-0.234
3135,20.83,21.54,21.63,-0.234
3136,20.83,21.54,21.63,-0.234
3137,20.83,21.54,21.63,-0.234
3138,20.83,21.54,21.63,-0.234
3139,20.92,21.54,21.63,-0.234
3140,20.92,21.54,21.63,-0.234
3141,20.92,21.54,21.63,-0.234
3142,20.92,21.54,21.63,-0.234
3143,20.92,21.54,21.63,-0.234
3144,20.92,21.54,21.63,-0.234
3145,20.92,21.54,21.63,-0.234
3146,20.92,21.54,21.63,-0.234
3147,20.92,21.54,21.63,-0.234
3148,20.92,21.63,21.63,-0.234
3149,20.92,21.63,21.72,-0.234
3150,20.92,21.63,21.72,-0.234
3151,20.92,21.63,21.72,-0.234
3152,21.01,21.63,21.63,-0.234
3153,21.01,21.63,21.72,-0.234
3154,21.01,21.63,21.72,-0.234
3155,21.01,21.63,21.72,-0.234
3156,21.01,21.63,21.72,-0.234
3157,21.01,21.63,21.72,-0.234
3158,21.01,21.63,21.72,-0.234
3159,21.01,21.63,21.72,-0.234
3160,21.01,21.63,21.72,-0.234
3161,21.1,21.63,21.72,-0.234
3162,21.1,21.63,21.72,-0.234
3163,21.1,21.63,21.72,-0.234
3164,21.1,21.63,21.72,-0.234
3165,21.1,21.63,21.72,-0.234
3166,21.1,21.63,21.72,-0.234
3167,21.1,21.72,21.72,-0.234
3168,21.1,21.72,21.72,-0.234
3169,21.1,21.72,21.81,-0.234
3170,21.1,21.72,21.72,-0.234
3171,21.1,21.72,21.81,-0.234
3172,21.1,21.72,21.81,-0.234
3173,21.1,21.72,21.81,-0.234
3174,21.18,21.72,21.81,-0.234
3175,21.18,21.72,21.81,-0.234
3176,21.18,21.72,21.81,-0.234
3177,21.18,21.72,21.81,-0.234
3178,21.18,21.72,21.81,-0.234
3179,21.18,21.72,21.81,-0.234
3180,21.18,21.81,21.81,-0.234
3181,21.18,21.81,21.81,-0.234
3182,21.18,21.81,21.81,-0.234
3183,21.18,21.81,21.9,-0.234
3184,21.18,21.81,21.9,-0.234
3185,21.18,21.81,21.9,-0.234
3186,21.18,21.81,21.9,-0.234
3187,21.1,21.81,21.9,-0.234
3188,21.18,21.81,21.9,-0.234
3189,21.18,21.81,21.9,-0.234
3190,21.18,21.81,21.9,-0.234
3191,21.18,21.81,21.9,-0.234
3192,21.18,21.81,21.9,-0.234
3193,21.18,21.81,21.9,-0.234
3195,21.18,21.81,21.9,-0.234
3196,21.18,21.81,21.9,-0.234
3197,21.18,21.9,21.9,-0.234
3198,21.18,21.9,21.9,-0.234
3199,21.18,21.9,21.9,-0.234
3200,21.18,21.9,21.9,-0.234
3201,21.18,21.9,21.99,-0.234
3202,21.18,21.9,21.9,-0.234
3203,21.18,21.9,21.99,-0.234
3204,21.27,21.9,21.99,-0.234
3205,21.27,21.9,21.99,-0.234
3206,21.27,21.9,21.99,-0.234
3207,21.27,21.9,21.99,-0.234
3208,21.27,21.9,21.99,-0.234
3209,21.27,21.9,21.99,-0.234
3210,21.27,21.9,21.99,-0.234
3211,21.27,21.9,21.99,-0.234
3212,21.27,21.9,21.99,-0.234
3213,21.27,21.99,21.99,-0.234
3214,21.27,21.99,21.99,-0.234
3215,21.27,21.9,21.99,-0.234
3216,21.27,21.99,21.99,-0.234
3217,21.27,21.9,21.99,-0.234
3218,21.27,21.99,21.99,-0.234
3219,21.27,21.99,21.99,-0.234
3220,21.27,21.9,21.99,-0.234
3221,21.27,21.9,21.99,-0.234
3222,21.27,21.99,21.99,-0.234
3223,21.27,21.99,21.99,-0.234
3224,21.27,21.99,21.99,-0.234
3225,21.27,21.99,22.08,-0.234
3226,21.27,21.99,22.08,-0.234
3227,21.27,21.99,22.08,-0.234
3228,21.27,21.99,22.08,-0.234
3229,21.27,21.99,22.08,-0.234
3230,21.27,21.99,22.08,-0.234
3231,21.27,21.99,22.08,-0.234
3232,21.27,21.99,22.08,-0.234
3233,21.27,21.99,22.08,-0.234
3234,21.27,21.99,22.08,-0.234
3235,21.27,21.99,22.08,-0.234
3236,21.27,21.99,22.08,-0.234
3237,21.27,21.99,22.08,-0.234
3238,21.27,21.99,22.08,-0.234
3239,21.27,21.99,22.08,-0.234
3240,21.27,21.99,22.08,-0.234
3241,21.27,21.99,22.08,-0.234
3242,21.27,21.99,22.08,-0.234
3243,21.27,21.99,22.08,-0.234
3244,21.27,21.99,22.08,-0.234
3245,21.27,21.99,22.08,-0.234
3246,21.36,21.99,22.08,-0.234
3247,21.36,21.99,22.08,-0.234
3248,21.36,21.99,22.08,-0.234
3249,21.36,22.08,22.08,-0.234
3250,21.36,22.08,22.08,-0.234
3251,21.36,22.08,22.08,-0.234
3252,21.27,22.08,22.08,-0.234
3253,21.36,21.99,22.08,-0.234
3254,21.36,22.08,22.08,-0.234
3255,21.27,22.08,22.08,-0.234
3256,21.27,22.08,22.08,-0.234
3257,21.27,22.08,22.17,-0.234
3258,21.36,22.08,22.17,-0.234
3259,21.36,22.08,22.08,-0.234
3260,21.36,22.08,22.17,-0.234
3261,21.27,22.08,22.17,-0.234
3262,21.36,22.08,22.17,-0.234
3263,21.36,22.08,22.17,-0.234
3264,21.36,22.08,22.17,-0.234
3265,21.36,22.08,22.17,-0.234
3266,21.36,22.08,22.17,-0.234
3267,21.36,22.08,22.17,-0.234
3268,21.36,22.08,22.17,-0.234
3269,21.36,22.08,22.17,-0.234
3270,21.36,22.08,22.17,-0.234
3271,21.36,22.08,22.17,-0.234
3272,21.36,22.08,22.17,-0.234
3273,21.36,22.08,22.17,-0.234
3274,21.36,22.08,22.17,-0.234
3275,21.36,22.08,22.17,-0.234
3276,21.36,22.08,22.17,-0.234
3277,21.36,22.08,22.17,-0.234
3278,21.36,22.08,22.17,-0.234
3279,21.36,22.08,22.17,-0.234
3280,21.36,22.08,22.17,-0.234
3281,21.36,22.08,22.17,-0.234
3282,21.36,22.08,22.17,-0.234
3283,21.36,22.08,22.17,-0.234
3284,21.36,22.08,22.17,-0.234
3285,21.36,22.08,22.17,-0.234
3286,21.36,22.08,22.17,-0.234
3287,21.36,22.08,22.17,-0.234
3288,21.36,22.08,22.17,-0.234
3289,21.36,22.08,22.17,-0.234
3290,21.36,22.08,22.17,-0.234
3291,21.36,22.08,22.17,-0.234
3292,21.36,22.08,22.17,-0.234
3293,21.36,22.08,22.17,-0.234
3294,21.36,22.08,22.17,-0.234
3295,21.36,22.08,22.17,-0.234
3296,21.45,22.08,22.17,-0.234
3297,21.36,22.08,22.17,-0.234
3298,21.36,22.08,22.17,-0.234
3299,21.45,22.08,22.17,-0.234
3300,21.36,22.17,22.17,-0.234
3301,21.36,22.17,22.17,-0.234
3302,21.36,22.17,22.26,-0.234
3303,21.36,22.17,22.26,-0.234
3304,21.36,22.17,22.26,-0.234
3305,21.45,22.17,22.26,-0.234
3306,21.45,22.17,22.26,-0.234
3307,21.45,22.17,22.26,-0.234
3308,21.36,22.17,22.26,-0.234
3309,21.36,22.17,22.26,-0.234
3310,21.36,22.17,22.26,-0.234
3311,21.36,22.17,22.26,-0.234
3312,21.36,22.17,22.26,-0.234
3313,21.45,22.17,22.26,-0.234
3314,21.36,22.17,22.26,-0.234
3315,21.36,22.17,22.26,-0.234
3316,21.36,22.17,22.26,-0.234
3317,21.45,22.17,22.26,-0.234
3318,21.36,22.17,22.26,-0.234
3319,21.45,22.17,22.26,-0.234
3320,21.45,22.17,22.26,-0.234
3321,21.45,22.17,22.26,-0.234
3322,21.45,22.17,22.26,-0.234
3323,21.45,22.17,22.26,-0.234
3324,21.45,22.17,22.26,-0.234
3325,21.45,22.17,22.26,-0.234
3326,21.45,22.17,22.26,-0.234
3327,21.45,22.17,22.26,-0.234
3328,21.45,22.17,22.26,-0.234
3329,21.45,22.17,22.26,-0.234
3330,21.45,22.17,22.26,-0.234
3331,21.45,22.17,22.26,-0.234
3332,21.45,22.17,22.26,-0.234
3333,21.45,22.17,22.26,-0.234
3334,21.45,22.17,22.26,-0.234
3335,21.45,22.17,22.26,-0.234
3336,21.45,22.17,22.26,-0.234
3337,21.45,22.17,22.26,-0.234
3338,21.45,22.17,22.26,-0.234
3339,21.45,22.26,22.26,-0.234
3340,21.45,22.17,22.26,-0.234
3341,21.45,22.17,22.26,-0.234
3342,21.45,22.17,22.26,-0.234
3343,21.45,22.17,22.26,-0.234
3344,21.45,22.17,22.26,-0.234
3345,21.45,22.17,22.26,-0.234
3346,21.45,22.17,22.26,-0.234
3347,21.45,22.17,22.26,-0.234
3348,21.45,22.26,22.26,-0.234
3349,21.45,22.26,22.26,-0.234
3350,21.45,22.17,22.26,-0.234
3351,21.45,22.26,22.26,-0.234
3352,21.45,22.17,22.26,-0.234
3353,21.45,22.17,22.26,-0.234
3354,21.45,22.17,22.26,-0.234
3355,21.45,22.26,22.26,-0.234
3356,21.45,22.26,22.26,-0.234
3357,21.45,22.26,22.26,-0.234
3358,21.45,22.26,22.26,-0.234
3359,21.54,22.17,22.26,-0.234
3360,21.45,22.26,22.26,-0.234
3361,21.54,22.17,22.26,-0.234
3362,21.54,22.26,22.26,-0.234
3363,21.45,22.26,22.35,-0.234
3364,21.45,22.26,22.35,-0.234
3365,21.45,22.26,22.35,-0.234
3366,21.45,22.26,22.35,-0.234
3367,21.45,22.26,22.35,-0.234
3368,21.45,22.26,22.26,-0.234
3369,21.45,22.26,22.35,-0.234
3370,21.45,22.26,22.26,-0.234
3371,21.45,22.26,22.35,-0.234
3372,21.45,22.26,22.35,-0.234
3373,21.45,22.26,22.35,-0.234
3374,21.45,22.26,22.35,-0.234
3375,21.45,22.26,22.35,-0.234
3376,21.45,22.26,22.35,-0.234
3377,21.45,22.26,22.35,-0.234
3378,21.54,22.26,22.35,-0.234
3379,21.54,22.26,22.35,-0.234
3380,21.54,22.26,22.35,-0.234
3381,21.45,22.26,22.35,-0.234
3382,21.54,22.26,22.35,-0.234
3383,21.54,22.26,22.35,-0.234
3384,21.54,22.26,22.35,-0.234
3385,21.54,22.26,22.35,-0.234
3386,21.54,22.26,22.35,-0.234
3387,21.54,22.26,22.35,-0.234
3388,21.54,22.26,22.35,-0.234
3389,21.54,22.26,22.35,-0.234
3390,21.54,22.26,22.35,-0.234
3391,21.54,22.26,22.35,-0.234
3392,21.54,22.26,22.35,-0.234
3393,21.54,22.26,22.35,-0.234
3394,21.54,22.26,22.35,-0.234
3395,21.54,22.26,22.35,-0.234
3396,21.54,22.26,22.35,-0.234
3397,21.54,22.26,22.35,-0.234
3398,21.54,22.26,22.35,-0.234
3399,21.54,22.26,22.35,-0.234
3400,21.54,22.35,22.35,-0.234
3401,21.54,22.35,22.35,-0.234
3402,21.54,22.35,22.43,-0.234
3403,21.54,22.35,22.43,-0.234
3404,21.63,22.35,22.35,-0.234
3405,21.63,22.35,22.43,-0.234
3406,21.54,22.35,22.43,-0.234
3407,21.54,22.35,22.43,-0.234
3408,21.63,22.35,22.43,-0.234
3409,21.63,22.35,22.43,-0.234
3410,21.54,22.35,22.43,-0.234
3411,21.54,22.35,22.43,-0.234
3412,21.54,22.35,22.43,-0.234
3413,21.54,22.35,22.43,-0.234
3414,21.54,22.35,22.35,-0.234
3415,21.54,22.35,22.43,-0.234
3416,21.54,22.35,22.43,-0.234
3417,21.54,22.35,22.43,-0.234
3418,21.54,22.35,22.43,-0.234
3419,21.54,22.35,22.35,-0.234
3420,21.54,22.35,22.35,-0.234
3421,21.54,22.35,22.35,-0.234
3422,21.54,22.35,22.35,-0.234
3423,21.54,22.35,22.43,-0.234
3424,21.54,22.35,22.35,-0.234
3425,21.54,22.35,22.43,-0.234
3426,21.54,22.35,22.35,-0.234
3427,21.54,22.35,22.35,-0.234
3428,21.54,22.35,22.35,-0.234
3429,21.54,22.35,22.35,-0.234
3430,21.54,22.35,22.35,-0.234
3431,21.54,22.35,22.43,-0.234
3432,21.54,22.35,22.43,-0.234
3433,21.54,22.35,22.35,-0.234
3434,21.54,22.35,22.35,-0.234
3435,21.54,22.35,22.35,-0.234
3436,21.54,22.35,22.35,-0.234
3437,21.54,22.35,22.35,-0.234
3438,21.54,22.35,22.35,-0.234
3439,21.54,22.35,22.35,-0.234
3440,21.54,22.35,22.35,-0.234
3441,21.54,22.35,22.35,-0.234
3442,21.54,22.35,22.43,-0.234
3443,21.54,22.35,22.35,-0.234
3444,21.54,22.35,22.35,-0.234
3445,21.54,22.35,22.35,-0.234
3446,21.54,22.26,22.35,-0.234
3447,21.54,22.26,22.35,-0.234
3448,21.54,22.35,22.43,-0.234
3449,21.54,22.35,22.43,-0.234
3450,21.54,22.26,22.35,-0.234
3451,21.54,22.35,22.43,-0.234
3452,21.54,22.35,22.35,-0.234
3453,21.54,22.35,22.43,-0.234
3454,21.54,22.35,22.43,-0.234
3455,21.54,22.26,22.43,-0.234
3456,21.54,22.35,22.43,-0.234
3457,21.63,22.26,22.43,-0.234
3459,21.54,22.35,22.43,-0.234
3460,21.54,22.35,22.43,-0.234
3461,21.54,22.35,22.43,-0.234
3462,21.54,22.26,22.43,-0.234
3463,21.54,22.35,22.43,-0.234
3464,21.54,22.35,22.43,-0.234
3465,21.54,22.35,22.43,-0.234
3466,21.54,22.35,22.43,-0.234
3467,21.54,22.26,22.43,-0.234
3468,21.54,22.35,22.43,-0.234
3469,21.54,22.35,22.43,-0.234
3470,21.54,22.35,22.43,-0.234
3471,21.54,22.35,22.43,-0.234
3472,21.54,22.35,22.35,-0.234
3473,21.54,22.35,22.35,-0.234
3474,21.54,22.35,22.43,-0.234
3475,21.54,22.35,22.43,-0.234
3476,21.54,22.35,22.43,-0.234
3477,21.63,22.35,22.43,-0.234
3478,21.63,22.35,22.35,-0.234
3479,21.63,22.35,22.43,-0.234
3480,21.63,22.35,22.43,-0.234
3481,21.63,22.35,22.43,-0.234
3482,21.63,22.35,22.43,-0.234
3483,21.63,22.35,22.43,-0.234
3484,21.63,22.35,22.43,-0.234
3485,21.63,22.35,22.43,-0.234
3486,21.63,22.35,22.43,-0.234
3487,21.63,22.35,22.43,-0.234
3488,21.63,22.35,22.43,-0.234
3489,21.63,22.35,22.43,-0.234
3490,21.63,22.35,22.43,-0.234
3491,21.63,22.35,22.43,-0.234
3492,21.63,22.35,22.43,-0.234
3493,21.54,22.35,22.43,-0.234
3494,21.63,22.35,22.35,-0.234
3495,21.63,22.35,22.43,-0.234
3496,21.63,22.35,22.43,-0.234
3497,21.63,22.35,22.43,-0.234
3498,21.63,22.35,22.43,-0.234
3499,21.63,22.35,22.43,-0.234
3500,21.54,22.35,22.43,-0.234
3501,21.54,22.35,22.43,-0.234
3502,21.54,22.35,22.43,-0.234
3503,21.54,22.35,22.43,-0.234
3504,21.54,22.35,22.43,-0.234
3505,21.54,22.35,22.43,-0.234
3506,21.63,22.35,22.43,-0.234
3507,21.63,22.35,22.43,-0.234
3508,21.63,22.35,22.43,-0.234
3509,21.63,22.35,22.43,-0.234
3510,21.63,22.35,22.43,-0.234
3511,21.54,22.35,22.43,-0.234
3512,21.63,22.35,22.43,-0.234
3513,21.63,22.35,22.43,-0.234
3514,21.54,22.35,22.43,-0.234
3515,21.63,22.35,22.43,-0.234
3516,21.54,22.35,22.43,-0.234
3517,21.63,22.35,22.43,-0.234
3518,21.63,22.35,22.43,-0.234
3519,21.63,22.35,22.43,-0.234
3520,21.63,22.35,22.43,-0.234
3521,21.63,22.35,22.43,-0.234
3522,21.63,22.35,22.43,-0.234
3523,21.63,22.35,22.43,-0.234
3524,21.63,22.35,22.43,-0.234
3525,21.63,22.35,22.43,-0.234
3526,21.63,22.35,22.43,-0.234
3527,21.63,22.35,22.43,-0.234
3528,21.63,22.35,22.43,-0.234
3529,21.63,22.35,22.43,-0.234
3530,21.63,22.35,22.43,-0.234
3531,21.63,22.35,22.43,-0.234
3532,21.63,22.35,22.43,-0.234
3533,21.63,22.43,22.43,-0.234
3534,21.63,22.35,22.43,-0.234
3535,21.63,22.43,22.43,-0.234
3536,21.72,22.35,22.43,-0.234
3537,21.63,22.43,22.43,-0.234
3538,21.63,22.35,22.43,-0.234
3539,21.63,22.35,22.43,-0.234
3540,21.63,22.43,22.43,-0.234
3541,21.63,22.35,22.43,-0.234
3542,21.72,22.35,22.43,-0.234
3543,21.63,22.43,22.43,-0.234
3544,21.72,22.35,22.43,-0.234
3545,21.72,22.35,22.43,-0.234
3546,21.72,22.43,22.43,-0.234
3547,21.63,22.43,22.43,-0.234
3548,21.63,22.43,22.43,-0.234
3549,21.63,22.43,22.43,-0.234
3550,21.63,22.43,22.43,-0.234
3551,21.63,22.43,22.43,-0.234
3552,21.63,22.43,22.43,-0.234
3553,21.63,22.35,22.43,-0.234
3554,21.63,22.43,22.43,-0.234
3555,21.63,22.43,22.43,-0.234
3556,21.63,22.43,22.43,-0.234
3557,21.63,22.35,22.43,-0.234
3558,21.63,22.35,22.43,-0.234
3559,21.63,22.35,22.43,-0.234
3560,21.63,22.43,22.43,-0.234
3561,21.63,22.43,22.43,-0.234
3562,21.63,22.35,22.43,-0.234
3563,21.63,22.43,22.43,-0.234
3564,21.63,22.43,22.43,-0.234
3565,21.63,22.43,22.43,-0.234
3566,21.63,22.35,22.43,-0.234
3567,21.63,22.35,22.43,-0.234
3568,21.63,22.35,22.43,-0.234
3569,21.63,22.35,22.43,-0.234
3570,21.63,22.43,22.43,-0.234
3571,21.63,22.43,22.43,-0.234
3572,21.63,22.43,22.43,-0.234
3573,21.63,22.35,22.43,-0.234
3574,21.63,22.43,22.43,-0.234
3575,21.63,22.35,22.43,-0.234
3576,21.63,22.35,22.43,-0.234
3577,21.63,22.43,22.43,-0.234
3578,21.63,22.43,22.43,-0.234
3579,21.63,22.35,22.43,-0.234
3580,21.63,22.43,22.43,-0.234
3581,21.63,22.43,22.43,-0.234
3582,21.63,22.43,22.43,-0.234
3583,21.63,22.43,22.43,-0.234
3584,21.63,22.43,22.43,-0.234
3585,21.63,22.35,22.43,-0.234
3586,21.63,22.43,22.43,-0.234
3587,21.63,22.43,22.43,-0.234
3588,21.63,22.43,22.43,-0.234
3589,21.63,22.43,22.43,-0.234
3590,21.63,22.43,22.43,-0.234
3591,21.63,22.43,22.43,-0.234
3592,21.63,22.43,22.43,-0.234
3593,21.63,22.43,22.43,-0.234
3594,21.63,22.43,22.43,-0.234
3595,21.63,22.43,22.43,-0.234
3596,21.63,22.43,22.43,-0.234
3597,21.63,22.35,22.43,-0.234
3598,21.63,22.43,22.43,-0.234
3599,21.63,22.35,22.43,-0.234
3600,21.63,22.43,22.43,-0.234
3601,21.63,22.43,22.43,-0.234
3602,21.63,22.43,22.43,-0.234
3603,21.63,22.43,22.43,-0.234
3604,21.63,22.43,22.43,-0.234
3605,21.63,22.43,22.43,-0.234
3606,21.63,22.43,22.43,-0.234
3607,21.63,22.43,22.43,-0.234
3608,21.63,22.43,22.43,-0.234
3609,21.63,22.43,22.52,-0.234
3610,21.63,22.43,22.43,-0.234
3611,21.63,22.43,22.43,-0.234
3612,21.63,22.43,22.43,-0.234
3613,21.63,22.43,22.52,-0.234
3614,21.63,22.43,22.43,-0.234
3615,21.63,22.43,22.43,-0.234
3616,21.63,22.43,22.52,-0.234
3617,21.63,22.43,22.52,-0.234
3618,21.63,22.43,22.52,-0.234
3619,21.63,22.43,22.52,-0.234
3620,21.63,22.43,22.52,-0.234
3621,21.72,22.43,22.52,-0.234
3622,21.72,22.43,22.52,-0.234
3623,21.72,22.43,22.52,-0.234
3624,21.72,22.43,22.52,-0.234
3625,21.72,22.43,22.52,-0.234
3626,21.72,22.43,22.52,-0.234
3627,21.72,22.43,22.52,-0.234
3628,21.72,22.43,22.52,-0.234
3629,21.72,22.43,22.52,-0.234
3630,21.72,22.43,22.52,-0.234
3631,21.72,22.43,22.52,-0.234
3632,21.72,22.43,22.43,-0.234
3633,21.72,22.43,22.43,-0.234
3634,21.72,22.35,22.43,-0.234
3635,21.72,22.43,22.43,-0.234
3636,21.72,22.43,22.43,-0.234
3637,21.72,22.43,22.43,-0.234
3638,21.72,22.43,22.43,-0.234
3639,21.63,22.43,22.43,-0.234
3640,21.72,22.43,22.43,-0.234
3641,21.63,22.43,22.43,-0.234
3642,21.63,22.43,22.43,-0.234
3643,21.72,22.43,22.43,-0.234
3644,21.72,22.43,22.43,-0.234
3645,21.72,22.43,22.43,-0.234
3646,21.72,22.43,22.43,-0.234
3647,21.63,22.43,22.43,-0.234
3648,21.72,22.43,22.43,-0.234
3649,21.63,22.43,22.43,-0.234
3650,21.63,22.43,22.43,-0.234
3651,21.63,22.43,22.43,-0.234
3652,21.63,22.43,22.43,-0.234
3653,21.63,22.43,22.43,-0.234
3654,21.63,22.43,22.43,-0.234
3655,21.63,22.43,22.43,-0.234
3656,21.63,22.43,22.43,-0.234
3657,21.63,22.43,22.43,-0.234
3658,21.63,22.43,22.43,-0.234
3659,21.63,22.43,22.52,-0.234
3660,21.63,22.43,22.52,-0.234
3661,21.63,22.43,22.52,-0.234
3662,21.63,22.43,22.52,-0.234
3663,21.63,22.43,22.43,-0.234
3664,21.63,22.43,22.52,-0.234
3665,21.63,22.43,22.43,-0.234
3666,21.63,22.43,22.43,-0.234
3667,21.63,22.43,22.52,-0.234
3668,21.63,22.43,22.43,-0.234
3669,21.63,22.43,22.43,-0.234
3670,21.63,22.43,22.52,-0.234
3671,21.63,22.43,22.43,-0.234
3672,21.63,22.43,22.43,-0.234
3673,21.63,22.43,22.43,-0.234
3674,21.72,22.43,22.43,-0.234
3675,21.63,22.43,22.43,-0.234
3676,21.63,22.43,22.43,-0.234
3677,21.63,22.43,22.43,-0.234
3678,21.63,22.43,22.43,-0.234
3679,21.63,22.43,22.43,-0.234
3680,21.63,22.43,22.52,-0.234
3681,21.72,22.43,22.43,-0.234
3682,21.63,22.43,22.52,-0.234
3683,21.63,22.43,22.52,-0.234
3684,21.72,22.43,22.43,-0.234
3685,21.72,22.43,22.43,-0.234
3686,21.63,22.43,22.52,-0.234
3687,21.63,22.43,22.43,-0.234
3688,21.63,22.43,22.43,-0.234
3689,21.63,22.43,22.52,-0.234
3690,21.63,22.43,22.43,-0.234
3691,21.63,22.43,22.43,-0.234
3692,21.63,22.43,22.43,-0.234
3693,21.63,22.43,22.43,-0.234
3694,21.63,22.43,22.43,-0.234
3695,21.63,22.43,22.43,-0.234
3696,21.63,22.43,22.43,-0.234
3697,21.63,22.43,22.52,-0.234
3698,21.63,22.43,22.43,-0.234
3699,21.63,22.43,22.43,-0.234
3700,21.63,22.43,22.43,-0.234
3701,21.63,22.43,22.43,-0.234
3702,21.63,22.43,22.43,-0.234
3703,21.63,22.35,22.43,-0.234
3704,21.63,22.43,22.43,-0.234
3705,21.63,22.43,22.43,-0.234
3706,21.63,22.43,22.43,-0.234
3707,21.63,22.43,22.43,-0.234
3708,21.63,22.43,22.43,-0.234
3709,21.63,22.43,22.43,-0.234
3710,21.63,22.43,22.43,-0.234
3711,21.63,22.43,22.43,-0.234
3712,21.63,22.43,22.43,-0.234
3713,21.63,22.43,22.43,-0.234
3714,21.63,22.43,22.52,-0.234
3715,21.63,22.43,22.43,-0.234
3716,21.63,22.43,22.43,-0.234
3717,21.63,22.43,22.52,-0.234
3718,21.63,22.43,22.43,-0.234
3719,21.63,22.43,22.43,-0.234
3720,21.63,22.43,22.52,-0.234
3722,21.63,22.43,22.52,-0.234
3723,21.63,22.43,22.43,-0.234
3724,21.63,22.43,22.52,-0.234
3725,21.63,22.43,22.52,-0.234
3726,21.63,22.43,22.43,-0.234
3727,21.63,22.43,22.43,-0.234
3728,21.63,22.43,22.52,-0.234
3729,21.63,22.43,22.52,-0.234
3730,21.63,22.43,22.43,-0.234
3731,21.63,22.43,22.52,-0.234
3732,21.63,22.43,22.52,-0.234
3733,21.63,22.43,22.52,-0.234
3734,21.63,22.43,22.52,-0.234
3735,21.63,22.43,22.43,-0.234
3736,21.63,22.43,22.43,-0.234
3737,21.63,22.43,22.43,-0.234
3738,21.63,22.43,22.43,-0.234
3739,21.63,22.43,22.43,-0.234
3740,21.63,22.43,22.43,-0.234
3741,21.63,22.43,22.52,-0.234
3742,21.63,22.43,22.52,-0.234
3743,21.63,22.43,22.43,-0.234
3744,21.63,22.43,22.52,-0.234
3745,21.63,22.43,22.43,-0.234
3746,21.63,22.43,22.43,-0.234
3747,21.63,22.43,22.43,-0.234
3748,21.63,22.43,22.52,-0.234
3749,21.63,22.43,22.52,-0.234
3750,21.63,22.43,22.52,-0.234
3751,21.63,22.43,22.52,-0.234
3752,21.63,22.43,22.52,-0.234
3753,21.63,22.43,22.52,-0.234
3754,21.63,22.43,22.52,-0.234
3755,21.63,22.43,22.43,-0.234
3756,21.63,22.43,22.52,-0.234
3757,21.63,22.43,22.52,-0.234
3758,21.63,22.43,22.43,-0.234
3759,21.63,22.43,22.43,-0.234
3760,21.63,22.43,22.43,-0.234
3761,21.63,22.43,22.52,-0.234
3762,21.63,22.43,22.43,-0.234
3763,21.63,22.43,22.52,-0.234
3764,21.63,22.43,22.43,-0.234
3765,21.63,22.43,22.43,-0.234
3766,21.63,22.43,22.52,-0.234
3767,21.63,22.43,22.52,-0.234
3768,21.63,22.43,22.43,-0.234
3769,21.63,22.43,22.52,-0.234
3770,21.63,22.43,22.52,-0.234
3771,21.63,22.43,22.52,-0.234
3772,21.63,22.43,22.52,-0.234
3773,21.63,22.43,22.52,-0.234
3774,21.63,22.43,22.43,-0.234
3775,21.63,22.43,22.52,-0.234
3776,21.63,22.43,22.43,-0.234
3777,21.63,22.43,22.43,-0.234
3778,21.63,22.43,22.52,-0.234
3779,21.63,22.43,22.43,-0.234
3780,21.63,22.43,22.52,-0.234
3781,21.63,22.43,22.43,-0.234
3782,21.63,22.43,22.52,-0.234
3783,21.63,22.43,22.43,-0.234
3784,21.63,22.43,22.43,-0.234
3785,21.63,22.35,22.43,-0.234
3786,21.63,22.35,22.43,-0.234
3787,21.63,22.43,22.43,-0.234
3788,21.63,22.43,22.43,-0.234
3789,21.63,22.43,22.43,-0.234
3790,21.63,22.35,22.43,-0.234
3791,21.63,22.43,22.43,-0.234
3792,21.63,22.35,22.43,-0.234
3793,21.63,22.43,22.43,-0.234
3794,21.63,22.43,22.43,-0.234
3795,21.63,22.35,22.43,-0.234
3796,21.63,22.35,22.43,-0.234
3797,21.63,22.35,22.43,-0.234
3798,21.63,22.35,22.43,-0.234
3799,21.63,22.43,22.43,-0.234
3800,21.63,22.35,22.43,-0.234
3801,21.63,22.43,22.43,-0.234
3802,21.63,22.43,22.43,-0.234
3803,21.63,22.43,22.43,-0.234
3804,21.63,22.35,22.43,-0.234
3805,21.63,22.43,22.43,-0.234
3806,21.63,22.35,22.43,-0.234
3807,21.63,22.35,22.43,-0.234
3808,21.63,22.35,22.43,-0.234
3809,21.63,22.35,22.43,-0.234
3810,21.63,22.35,22.43,-0.234
3811,21.63,22.35,22.43,-0.234
3812,21.63,22.35,22.43,-0.234
3813,21.63,22.43,22.43,-0.234
3814,21.63,22.35,22.43,-0.234
3815,21.63,22.35,22.43,-0.234
3816,21.63,22.35,22.43,-0.234
3817,21.63,22.35,22.43,-0.234
3818,21.54,22.35,22.43,-0.234
3819,21.63,22.35,22.43,-0.234
3820,21.63,22.35,22.43,-0.234
3821,21.63,22.35,22.43,-0.234
3822,21.63,22.35,22.43,-0.234
3823,21.63,22.35,22.43,-0.234
3824,21.63,22.43,22.43,-0.234
3825,21.63,22.35,22.43,-0.234
3826,21.63,22.35,22.43,-0.234
3827,21.63,22.35,22.43,-0.234
3828,21.63,22.35,22.43,-0.234
3829,21.63,22.35,22.43,-0.234
3830,21.63,22.35,22.43,-0.234
3831,21.63,22.35,22.43,-0.234
3832,21.63,22.35,22.43,-0.234
3833,21.63,22.35,22.43,-0.234
3834,21.63,22.35,22.43,-0.234
3835,21.63,22.35,22.43,-0.234
3836,21.63,22.35,22.43,-0.234
3837,21.63,22.35,22.43,-0.234
3838,21.63,22.35,22.43,-0.234
3839,21.63,22.35,22.43,-0.234
3840,21.63,22.35,22.43,-0.234
3841,21.63,22.35,22.43,-0.234
3842,21.63,22.35,22.43,-0.234
3843,21.63,22.35,22.43,-0.234
3844,21.63,22.35,22.43,-0.234
3845,21.63,22.35,22.43,-0.234
3846,21.63,22.35,22.43,-0.234
3847,21.63,22.35,22.43,-0.234
3848,21.63,22.35,22.43,-0.234
3849,21.63,22.35,22.43,-0.234
3850,21.63,22.35,22.43,-0.234
3851,21.63,22.35,22.43,-0.234
3852,21.63,22.35,22.43,-0.234
3853,21.63,22.35,22.43,-0.234
3854,21.63,22.35,22.43,-0.234
3855,21.63,22.35,22.43,-0.234
3856,21.63,22.35,22.43,-0.234
3857,21.63,22.35,22.43,-0.234
3858,21.63,22.35,22.43,-0.234
3859,21.54,22.35,22.43,-0.234
3860,21.63,22.35,22.43,-0.234
3861,21.63,22.35,22.43,-0.234
3862,21.63,22.35,22.43,-0.234
3863,21.54,22.35,22.43,-0.234
3864,21.63,22.35,22.43,-0.234
3865,21.54,22.35,22.43,-0.234
3866,21.54,22.35,22.43,-0.234
3867,21.63,22.35,22.43,-0.234
3868,21.63,22.35,22.43,-0.234
3869,21.63,22.35,22.43,-0.234
3870,21.63,22.35,22.43,-0.234
3871,21.63,22.35,22.43,-0.234
3872,21.63,22.35,22.43,-0.234
3873,21.63,22.35,22.43,-0.234
3874,21.63,22.35,22.43,-0.234
3875,21.54,22.35,22.43,-0.234
3876,21.63,22.35,22.43,-0.234
3877,21.63,22.35,22.43,-0.234
3878,21.54,22.35,22.43,-0.234
3879,21.54,22.35,22.43,-0.234
3880,21.54,22.35,22.43,-0.234
3881,21.63,22.35,22.43,-0.234
3882,21.63,22.35,22.43,-0.234
3883,21.54,22.35,22.43,-0.234
3884,21.63,22.35,22.43,-0.234
3885,21.63,22.35,22.43,-0.234
3886,21.63,22.35,22.43,-0.234
3887,21.54,22.35,22.43,-0.234
3888,21.54,22.35,22.43,-0.234
3889,21.54,22.35,22.43,-0.234
3890,21.54,22.35,22.43,-0.234
3891,21.54,22.35,22.43,-0.234
3892,21.54,22.35,22.43,-0.234
3893,21.63,22.35,22.43,-0.234
3894,21.63,22.35,22.43,-0.234
3895,21.63,22.35,22.43,-0.234
3896,21.63,22.35,22.43,-0.234
3897,21.63,22.35,22.43,-0.234
3898,21.63,22.35,22.43,-0.234
3899,21.54,22.35,22.43,-0.234
3900,21.63,22.35,22.43,-0.234
3901,21.54,22.35,22.43,-0.234
3902,21.63,22.35,22.43,-0.234
3903,21.54,22.35,22.43,-0.234
3904,21.54,22.35,22.43,-0.234
3905,21.54,22.35,22.43,-0.234
3906,21.63,22.35,22.43,-0.234
3907,21.54,22.35,22.43,-0.234
3908,21.54,22.35,22.43,-0.234
3909,21.54,22.35,22.43,-0.234
3910,21.54,22.35,22.43,-0.234
3911,21.54,22.35,22.43,-0.234
3912,21.63,22.35,22.43,-0.234
3913,21.63,22.35,22.43,-0.234
3914,21.54,22.43,22.43,-0.234
3915,21.63,22.35,22.43,-0.234
3916,21.54,22.35,22.43,-0.234
3917,21.63,22.35,22.43,-0.234
3918,21.63,22.35,22.43,-0.234
3919,21.63,22.35,22.43,-0.234
3920,21.63,22.35,22.43,-0.234
3921,21.63,22.35,22.43,-0.234
3922,21.63,22.35,22.43,-0.234
3923,21.63,22.35,22.43,-0.234
3924,21.63,22.35,22.43,-0.234
3925,21.63,22.35,22.43,-0.234
3926,21.63,22.35,22.43,-0.234
3927,21.63,22.43,22.43,-0.234
3928,21.63,22.35,22.43,-0.234
3929,21.63,22.35,22.43,-0.234
3930,21.63,22.35,22.43,-0.234
3931,21.63,22.35,22.43,-0.234
3932,21.63,22.35,22.43,-0.234
3933,21.63,22.35,22.43,-0.234
3934,21.63,22.35,22.43,-0.234
3935,21.63,22.35,22.43,-0.234
3936,21.63,22.35,22.43,-0.234
3937,21.63,22.35,22.43,-0.234
3938,21.63,22.35,22.43,-0.234
3939,21.63,22.35,22.43,-0.234
3940,21.54,22.35,22.43,-0.234
3941,21.54,22.35,22.43,-0.234
3942,21.63,22.35,22.43,-0.234
3943,21.54,22.35,22.43,-0.234
3944,21.63,22.35,22.43,-0.234
3945,21.63,22.35,22.43,-0.234
3946,21.54,22.35,22.43,-0.234
3947,21.63,22.35,22.43,-0.234
3948,21.63,22.35,22.43,-0.234
3949,21.63,22.35,22.43,-0.234
3950,21.63,22.35,22.43,-0.234
3951,21.63,22.35,22.43,-0.234
3952,21.63,22.35,22.43,-0.234
3953,21.63,22.35,22.43,-0.234
3954,21.63,22.35,22.43,-0.234
3955,21.63,22.35,22.43,-0.234
3956,21.63,22.35,22.43,-0.234
3957,21.63,22.35,22.43,-0.234
3958,21.63,22.35,22.43,-0.234
3959,21.63,22.35,22.43,-0.234
3960,21.63,22.35,22.43,-0.234
3961,21.63,22.35,22.43,-0.234
3962,21.63,22.35,22.43,-0.234
3963,21.63,22.35,22.43,-0.234
3964,21.63,22.35,22.43,-0.234
3965,21.63,22.35,22.43,-0.234
3966,21.63,22.35,22.43,-0.234
3967,21.63,22.35,22.43,-0.234
3968,21.63,22.35,22.43,-0.234
3969,21.63,22.35,22.43,-0.234
3970,21.63,22.35,22.43,-0.234
3971,21.63,22.35,22.43,-0.234
3972,21.63,22.35,22.43,-0.234
3973,21.63,22.35,22.43,-0.234
3974,21.63,22.35,22.43,-0.234
3975,21.63,22.35,22.43,-0.234
3976,21.63,22.35,22.43,-0.234
3977,21.63,22.35,22.43,-0.234
3978,21.63,22.35,22.43,-0.234
3979,21.63,22.35,22.43,-0.234
3980,21.63,22.35,22.43,-0.234
3981,21.63,22.35,22.43,-0.234
3982,21.63,22.35,22.43,-0.234
3983,21.63,22.35,22.43,-0.234
3985,21.63,22.35,22.43,-0.234
3986,21.63,22.35,22.43,-0.234
3987,21.63,22.35,22.43,-0.234
3988,21.63,22.35,22.43,-0.234
3989,21.63,22.43,22.43,-0.234
3990,21.63,22.35,22.43,-0.234
3991,21.63,22.35,22.43,-0.234
3992,21.63,22.35,22.43,-0.234
3993,21.63,22.35,22.43,-0.234
3994,21.63,22.35,22.43,-0.234
3995,21.63,22.35,22.43,-0.234
3996,21.63,22.35,22.43,-0.234
3997,21.63,22.35,22.43,-0.234
3998,21.63,22.35,22.43,-0.234
3999,21.63,22.35,22.43,-0.234
4000,21.63,22.35,22.43,-0.234
4001,21.63,22.35,22.43,-0.234
4002,21.63,22.35,22.43,-0.234
4003,21.63,22.35,22.43,-0.234
4004,21.63,22.35,22.43,-0.234
4005,21.63,22.35,22.43,-0.234
4006,21.63,22.35,22.43,-0.234
4007,21.63,22.35,22.43,-0.234
4008,21.63,22.35,22.43,-0.234
4009,21.63,22.35,22.43,-0.234
4010,21.63,22.35,22.52,-0.234
4011,21.54,22.43,22.43,-0.234
4012,21.63,22.35,22.43,-0.234
4013,21.63,22.43,22.43,-0.234
4014,21.63,22.35,22.43,-0.234
4015,21.63,22.43,22.43,-0.234
4016,21.63,22.35,22.43,-0.234
4017,21.63,22.35,22.43,-0.234
4018,21.63,22.35,22.52,-0.234
4019,21.63,22.35,22.43,-0.234
4020,21.63,22.35,22.43,-0.234
4021,21.63,22.35,22.52,-0.234
4022,21.63,22.35,22.43,-0.234
4023,21.63,22.35,22.43,-0.234
4024,21.63,22.43,22.43,-0.234
4025,21.63,22.43,22.43,-0.234
4026,21.63,22.35,22.43,-0.234
4027,21.63,22.35,22.43,-0.234
4028,21.63,22.35,22.43,-0.234
4029,21.63,22.35,22.43,-0.234
4030,21.63,22.35,22.43,-0.234
4031,21.63,22.35,22.43,-0.234
4032,21.63,22.35,22.43,-0.234
4033,21.63,22.35,22.43,-0.234
4034,21.63,22.35,22.43,-0.234
4035,21.63,22.35,22.43,-0.234
4036,21.63,22.35,22.43,-0.234
4037,21.63,22.35,22.43,-0.234
4038,21.63,22.35,22.43,-0.234
4039,21.63,22.35,22.43,-0.234
4040,21.63,22.35,22.43,-0.234
4041,21.63,22.43,22.43,-0.234
4042,21.72,22.35,22.43,-0.234
4043,21.72,22.35,22.43,-0.234
4044,21.72,22.35,22.43,-0.234
4045,21.72,22.35,22.43,-0.234
4046,21.72,22.35,22.43,-0.234
4047,21.72,22.43,22.43,-0.234
4048,21.72,22.35,22.43,-0.234
4049,21.72,22.35,22.43,-0.234
4050,21.72,22.35,22.43,-0.234
4051,21.72,22.35,22.43,-0.234
4052,21.72,22.35,22.43,-0.234
4053,21.72,22.35,22.43,-0.234
4054,21.72,22.43,22.43,-0.234
4055,21.72,22.35,22.43,-0.234
4056,21.72,22.35,22.43,-0.234
4057,21.72,22.35,22.43,-0.234
4058,21.72,22.43,22.43,-0.234
4059,21.72,22.43,22.43,-0.234
4060,21.72,22.43,22.43,-0.234
4061,21.72,22.43,22.43,-0.234
4062,21.72,22.35,22.43,-0.234
4063,21.72,22.43,22.43,-0.234
4064,21.72,22.43,22.43,-0.234
4065,21.72,22.43,22.43,-0.234
4066,21.72,22.43,22.43,-0.234
4067,21.72,22.43,22.43,-0.234
4068,21.72,22.43,22.43,-0.234
4069,21.63,22.43,22.43,-0.234
4070,21.63,22.43,22.43,-0.234
4071,21.63,22.43,22.43,-0.234
4072,21.63,22.43,22.43,-0.234
4073,21.63,22.43,22.43,-0.234
4074,21.63,22.43,22.43,-0.234
4075,21.63,22.43,22.43,-0.234
4076,21.63,22.35,22.43,-0.234
4077,21.63,22.35,22.43,-0.234
4078,21.63,22.43,22.43,-0.234
4079,21.63,22.35,22.43,-0.234
4080,21.63,22.35,22.43,-0.234
4081,21.63,22.43,22.43,-0.234
4082,21.63,22.43,22.43,-0.234
4083,21.72,22.35,22.43,-0.234
4084,21.63,22.35,22.43,-0.234
4085,21.72,22.43,22.43,-0.234
4086,21.63,22.35,22.43,-0.234
4087,21.72,22.35,22.43,-0.234
4088,21.72,22.35,22.43,-0.234
4089,21.72,22.35,22.43,-0.234
4090,21.81,22.35,22.43,-0.003
4091,21.9,22.43,22.43,-0.003
4092,21.9,22.43,22.43,-0.003
4093,21.99,22.43,22.43,-0.003
4094,21.99,22.43,22.43,-0.003
4095,22.08,22.43,22.43,-0.003
4096,22.08,22.43,22.43,-0.003
4097,22.08,22.43,22.43,-0.003
4098,22.17,22.43,22.43,-0.003
4099,22.17,22.43,22.43,-0.003
4100,22.17,22.52,22.52,-0.003
4101,22.26,22.52,22.52,-0.003
4102,22.26,22.52,22.43,-0.003
4103,22.26,22.52,22.43,-0.003
4104,22.26,22.52,22.52,-0.003
4105,22.26,22.52,22.52,-0.003
4106,22.26,22.52,22.52,-0.003
4107,22.35,22.52,22.52,-0.003
4108,22.35,22.52,22.52,-0.003
4109,22.35,22.52,22.52,-0.003
4110,22.35,22.61,22.52,-0.003
4111,22.35,22.61,22.52,-0.003
4112,22.35,22.61,22.52,-0.003
4113,22.35,22.61,22.52,-0.003
4114,22.43,22.61,22.52,-0.003
4115,22.43,22.61,22.52,-0.003
4116,22.43,22.61,22.52,-0.003
4117,22.43,22.61,22.52,-0.003
4118,22.43,22.61,22.52,-0.003
4119,22.43,22.61,22.52,-0.003
4120,22.43,22.61,22.52,-0.003
4121,22.43,22.7,22.61,-0.003
4122,22.43,22.7,22.61,-0.003
4123,22.43,22.7,22.61,-0.003
4124,22.52,22.7,22.61,-0.003
4125,22.52,22.7,22.61,-0.003
4126,22.43,22.7,22.61,-0.003
4127,22.52,22.7,22.61,-0.003
4128,22.52,22.7,22.61,-0.003
4129,22.52,22.7,22.61,-0.003
4130,22.52,22.7,22.61,-0.003
4131,22.52,22.7,22.61,-0.003
4132,22.52,22.7,22.61,-0.003
4133,22.52,22.79,22.61,-0.003
4134,22.52,22.79,22.61,-0.003
4135,22.61,22.79,22.61,-0.003
4136,22.61,22.79,22.61,-0.003
4137,22.61,22.79,22.7,-0.003
4138,22.61,22.79,22.7,-0.003
4139,22.61,22.79,22.7,-0.003
4140,22.7,22.79,22.7,-0.003
4141,22.7,22.88,22.7,-0.003
4142,22.7,22.88,22.7,-0.003
4143,22.7,22.88,22.7,-0.003
4144,22.79,22.88,22.7,-0.003
4145,22.7,22.88,22.79,-0.003
4146,22.7,22.88,22.79,-0.003
4147,22.79,22.97,22.79,-0.003
4148,22.79,22.97,22.79,-0.003
4149,22.79,22.97,22.79,-0.003
4150,22.79,22.97,22.79,-0.003
4151,22.79,22.97,22.79,-0.003
4152,22.79,22.97,22.79,-0.003
4153,22.79,22.97,22.79,-0.003
4154,22.79,22.97,22.79,-0.003
4155,22.79,22.97,22.79,-0.003
4156,22.79,22.97,22.79,-0.003
4157,22.79,22.97,22.79,-0.003
4158,22.79,22.97,22.88,-0.003
4159,22.79,22.97,22.79,-0.003
4160,22.79,22.97,22.88,-0.003
4161,22.79,22.97,22.88,-0.003
4162,22.79,22.97,22.88,-0.003
4163,22.79,22.97,22.88,-0.003
4164,22.79,22.97,22.88,-0.003
4165,22.79,22.97,22.88,-0.003
4166,22.79,23.06,22.88,-0.003
4167,22.88,23.06,22.88,-0.003
4168,22.88,23.06,22.88,-0.003
4169,22.88,23.06,22.88,-0.003
4170,22.88,23.06,22.88,-0.003
4171,22.88,23.06,22.97,-0.003
4172,22.97,23.06,22.97,-0.003
4173,22.88,23.06,22.97,-0.003
4174,22.97,23.06,22.97,-0.003
4175,22.97,23.15,22.97,-0.003
4176,22.97,23.15,22.97,-0.003
4177,22.97,23.15,22.97,-0.003
4178,22.97,23.15,22.97,-0.003
4179,22.97,23.15,22.97,-0.003
4180,22.97,23.15,22.97,-0.003
4181,22.97,23.15,22.97,-0.003
4182,22.97,23.15,22.97,-0.003
4183,22.97,23.15,22.97,-0.003
4184,22.97,23.15,22.97,-0.003
4185,22.97,23.15,23.06,-0.003
4186,22.97,23.15,23.06,-0.003
4187,22.97,23.15,23.06,-0.003
4188,22.97,23.15,23.06,-0.003
4189,22.97,23.15,23.06,-0.003
4190,22.97,23.15,23.06,-0.003
4191,22.97,23.15,23.06,-0.003
4192,22.97,23.15,23.06,-0.003
4193,22.97,23.24,23.06,-0.003
4194,22.97,23.24,23.06,-0.003
4195,22.97,23.24,23.06,-0.003
4196,22.97,23.24,23.06,-0.003
4197,22.97,23.24,23.06,-0.003
4198,22.97,23.24,23.15,-0.003
4199,23.06,23.24,23.15,-0.003
4200,22.97,23.24,23.06,-0.003
4201,23.06,23.24,23.15,-0.003
4202,23.06,23.24,23.15,-0.003
4203,23.06,23.24,23.15,-0.003
4204,23.06,23.24,23.15,-0.003
4205,23.06,23.24,23.15,-0.003
4206,23.06,23.33,23.15,-0.003
4207,23.06,23.33,23.15,-0.003
4208,23.06,23.33,23.15,-0.003
4209,23.06,23.33,23.15,-0.003
4210,23.06,23.33,23.15,-0.003
4211,23.06,23.33,23.15,-0.003
4212,23.06,23.33,23.15,-0.003
4213,23.06,23.33,23.15,-0.003
4214,23.06,23.33,23.15,-0.003
4215,23.06,23.33,23.15,-0.003
4216,23.06,23.33,23.15,-0.003
4217,23.06,23.33,23.15,-0.003
4218,23.06,23.33,23.15,-0.003
4219,23.06,23.33,23.15,-0.003
4220,23.06,23.33,23.15,-0.003
4221,23.06,23.33,23.15,-0.003
4222,23.06,23.33,23.15,-0.003
4223,23.06,23.33,23.24,-0.003
4224,23.06,23.33,23.24,-0.003
4225,23.06,23.33,23.24,-0.003
4226,23.06,23.33,23.24,-0.003
4227,23.06,23.33,23.24,-0.003
4228,23.15,23.33,23.24,-0.003
4229,23.06,23.33,23.24,-0.003
4230,23.06,23.42,23.24,-0.003
4231,23.15,23.42,23.24,-0.003
4232,23.15,23.42,23.24,-0.003
4233,23.15,23.42,23.24,-0.003
4234,23.15,23.42,23.24,-0.003
4235,23.15,23.42,23.24,-0.003
4236,23.15,23.42,23.24,-0.003
4237,23.15,23.42,23.24,-0.003
4238,23.15,23.42,23.24,-0.003
4239,23.15,23.42,23.24,-0.003
4240,23.15,23.42,23.33,-0.003
4241,23.15,23.42,23.24,-0.003
4242,23.15,23.42,23.24,-0.003
4243,23.15,23.42,23.33,-0.003
4244,23.24,23.42,23.33,-0.003
4245,23.15,23.42,23.33,-0.003
4246,23.24,23.42,23.33,-0.003
4247,23.24,23.42,23.33,-0.003
4248,23.24,23.42,23.33,-0.003
4250,23.15,23.42,23.33,-0.003
4251,23.24,23.42,23.33,-0.003
4252,23.15,23.42,23.33,-0.003
4253,23.24,23.42,23.33,-0.003
4254,23.24,23.42,23.33,-0.003
4255,23.24,23.42,23.33,-0.003
4256,23.24,23.51,23.33,-0.003
4257,23.24,23.51,23.33,-0.003
4258,23.24,23.51,23.33,-0.003
4259,23.24,23.51,23.33,-0.003
4260,23.24,23.51,23.33,-0.003
4261,23.24,23.51,23.33,-0.003
4262,23.24,23.51,23.33,-0.003
4263,23.24,23.51,23.33,-0.003
4264,23.24,23.51,23.33,-0.003
4265,23.24,23.51,23.33,-0.003
4266,23.24,23.51,23.33,-0.003
4267,23.24,23.51,23.33,-0.003
4268,23.24,23.51,23.33,-0.003
4269,23.24,23.51,23.33,-0.003
4270,23.24,23.51,23.33,-0.003
4271,23.24,23.51,23.33,-0.003
4272,23.24,23.51,23.33,-0.003
4273,23.24,23.51,23.33,-0.003
4274,23.24,23.51,23.33,-0.003
4275,23.24,23.51,23.33,-0.003
4276,23.24,23.51,23.33,-0.003
4277,23.24,23.51,23.42,-0.003
4278,23.24,23.51,23.33,-0.003
4279,23.24,23.51,23.33,-0.003
4280,23.24,23.51,23.33,-0.003
4281,23.24,23.51,23.42,-0.003
4282,23.24,23.51,23.42,-0.003
4283,23.24,23.51,23.33,-0.003
4284,23.33,23.51,23.42,-0.003
4285,23.24,23.51,23.42,-0.003
4286,23.33,23.51,23.42,-0.003
4287,23.33,23.51,23.42,-0.003
4288,23.33,23.51,23.42,-0.003
4289,23.33,23.51,23.42,-0.003
4290,23.33,23.51,23.42,-0.003
4291,23.33,23.51,23.42,-0.003
4292,23.33,23.51,23.42,-0.003
4293,23.33,23.6,23.42,-0.003
4294,23.33,23.6,23.42,-0.003
4295,23.33,23.6,23.42,-0.003
4296,23.33,23.51,23.42,-0.003
4297,23.33,23.6,23.42,-0.003
4298,23.33,23.6,23.42,-0.003
4299,23.33,23.6,23.42,-0.003
4300,23.33,23.6,23.42,-0.003
4301,23.33,23.6,23.42,-0.003
4302,23.33,23.6,23.42,-0.003
4303,23.33,23.6,23.42,-0.003
4304,23.33,23.6,23.42,-0.003
4305,23.33,23.6,23.42,-0.003
4306,23.33,23.6,23.42,-0.003
4307,23.33,23.6,23.42,-0.003
4308,23.33,23.6,23.42,-0.003
4309,23.33,23.6,23.51,-0.003
4310,23.33,23.6,23.42,-0.003
4311,23.33,23.6,23.42,-0.003
4312,23.42,23.6,23.51,-0.003
4313,23.42,23.6,23.51,-0.003
4314,23.42,23.6,23.51,-0.003
4315,23.42,23.6,23.51,-0.003
4316,23.33,23.6,23.51,-0.003
4317,23.42,23.6,23.51,-0.003
4318,23.42,23.6,23.51,-0.003
4319,23.42,23.6,23.51,-0.003
4320,23.42,23.6,23.51,-0.003
4321,23.42,23.6,23.42,-0.003
4322,23.42,23.6,23.51,-0.003
4323,23.42,23.6,23.51,-0.003
4324,23.42,23.6,23.51,-0.003
4325,23.42,23.6,23.51,-0.003
4326,23.42,23.6,23.51,-0.003
4327,23.42,23.69,23.51,-0.003
4328,23.42,23.6,23.51,-0.003
4329,23.42,23.6,23.51,-0.003
4330,23.42,23.6,23.51,-0.003
4331,23.42,23.69,23.51,-0.003
4332,23.42,23.69,23.51,-0.003
4333,23.42,23.6,23.51,-0.003
4334,23.42,23.6,23.51,-0.003
4335,23.42,23.69,23.51,-0.003
4336,23.42,23.69,23.51,-0.003
4337,23.42,23.69,23.51,-0.003
4338,23.42,23.69,23.51,-0.003
4339,23.42,23.69,23.51,-0.003
4340,23.42,23.69,23.51,-0.003
4341,23.42,23.69,23.51,-0.003
4342,23.42,23.69,23.51,-0.003
4343,23.42,23.69,23.51,-0.003
4344,23.42,23.69,23.51,-0.003
4345,23.42,23.69,23.51,-0.003
4346,23.42,23.69,23.51,-0.003
4347,23.42,23.69,23.51,-0.003
4348,23.42,23.69,23.51,-0.003
4349,23.42,23.69,23.51,-0.003
4350,23.42,23.69,23.51,-0.003
4351,23.42,23.69,23.51,-0.003
4352,23.42,23.69,23.51,-0.003
4353,23.42,23.69,23.51,-0.003
4354,23.42,23.69,23.51,-0.003
4355,23.42,23.69,23.51,-0.003
4356,23.42,23.69,23.51,-0.003
4357,23.42,23.69,23.51,-0.003
4358,23.42,23.69,23.51,-0.003
4359,23.42,23.69,23.51,-0.003
4360,23.42,23.69,23.51,-0.003
4361,23.42,23.69,23.51,-0.003
4362,23.42,23.69,23.51,-0.003
4363,23.42,23.69,23.51,-0.003
4364,23.42,23.69,23.51,-0.003
4365,23.42,23.69,23.51,-0.003
4366,23.42,23.69,23.6,-0.003
4367,23.42,23.69,23.6,-0.003
4368,23.42,23.69,23.51,-0.003
4369,23.42,23.69,23.6,-0.003
4370,23.42,23.69,23.6,-0.003
4371,23.42,23.69,23.6,-0.003
4372,23.42,23.69,23.6,-0.003
4373,23.42,23.69,23.6,-0.003
4374,23.42,23.69,23.6,-0.003
4375,23.42,23.69,23.6,-0.003
4376,23.42,23.69,23.6,-0.003
4377,23.42,23.69,23.6,-0.003
4378,23.51,23.69,23.6,-0.003
4379,23.51,23.69,23.6,-0.003
4380,23.51,23.69,23.6,-0.003
4381,23.51,23.69,23.6,-0.003
4382,23.51,23.69,23.6,-0.003
4383,23.51,23.69,23.6,-0.003
4384,23.51,23.69,23.6,-0.003
4385,23.51,23.69,23.6,-0.003
4386,23.51,23.69,23.6,-0.003
4387,23.51,23.69,23.6,-0.003
4388,23.42,23.69,23.6,-0.003
4389,23.42,23.69,23.6,-0.003
4390,23.51,23.69,23.6,-0.003
4391,23.42,23.69,23.6,-0.003
4392,23.42,23.69,23.6,-0.003
4393,23.42,23.69,23.6,-0.003
4394,23.42,23.69,23.6,-0.003
4395,23.42,23.78,23.6,-0.003
4396,23.42,23.69,23.6,-0.003
4397,23.42,23.69,23.6,-0.003
4398,23.42,23.69,23.6,-0.003
4399,23.42,23.69,23.6,-0.003
4400,23.42,23.69,23.6,-0.003
4401,23.42,23.78,23.6,-0.003
4402,23.42,23.78,23.6,-0.003
4403,23.42,23.69,23.6,-0.003
4404,23.42,23.78,23.6,-0.003
4405,23.51,23.69,23.6,-0.003
4406,23.42,23.78,23.6,-0.003
4407,23.42,23.78,23.6,-0.003
4408,23.42,23.78,23.6,-0.003
4409,23.42,23.78,23.6,-0.003
4410,23.42,23.78,23.6,-0.003
4411,23.42,23.78,23.6,-0.003
4412,23.42,23.78,23.6,-0.003
4413,23.42,23.78,23.6,-0.003
4414,23.42,23.78,23.6,-0.003
4415,23.51,23.78,23.6,-0.003
4416,23.51,23.78,23.6,-0.003
4417,23.42,23.78,23.6,-0.003
4418,23.42,23.78,23.6,-0.003
4419,23.42,23.78,23.6,-0.003
4420,23.42,23.78,23.6,-0.003
4421,23.42,23.78,23.6,-0.003
4422,23.42,23.78,23.6,-0.003
4423,23.42,23.78,23.6,-0.003
4424,23.51,23.78,23.6,-0.003
4425,23.42,23.69,23.6,-0.003
4426,23.42,23.78,23.6,-0.003
4427,23.42,23.78,23.6,-0.003
4428,23.42,23.69,23.6,-0.003
4429,23.42,23.78,23.6,-0.003
4430,23.42,23.78,23.6,-0.003
4431,23.42,23.78,23.6,-0.003
4432,23.51,23.78,23.6,-0.003
4433,23.42,23.78,23.6,-0.003
4434,23.42,23.78,23.6,-0.003
4435,23.42,23.78,23.6,-0.003
4436,23.42,23.78,23.6,-0.003
4437,23.42,23.69,23.6,-0.003
4438,23.42,23.78,23.6,-0.003
4439,23.42,23.78,23.6,-0.003
4440,23.51,23.78,23.6,-0.003
4441,23.42,23.78,23.6,-0.003
4442,23.42,23.78,23.6,-0.003
4443,23.42,23.78,23.6,-0.003
4444,23.42,23.78,23.6,-0.003
4445,23.42,23.78,23.6,-0.003
4446,23.42,23.78,23.6,-0.003
4447,23.42,23.78,23.6,-0.003
4448,23.42,23.78,23.6,-0.003
4449,23.42,23.78,23.6,-0.003
4450,23.42,23.69,23.6,-0.003
4451,23.42,23.78,23.6,-0.003
4452,23.42,23.78,23.6,-0.003
4453,23.42,23.78,23.6,-0.003
4454,23.42,23.69,23.6,-0.003
4455,23.42,23.78,23.6,-0.003
4456,23.42,23.78,23.6,-0.003
4457,23.42,23.69,23.6,-0.003
4458,23.42,23.78,23.6,-0.003
4459,23.42,23.78,23.6,-0.003
4460,23.42,23.78,23.6,-0.003
4461,23.42,23.69,23.6,-0.003
4462,23.42,23.69,23.6,-0.003
4463,23.42,23.78,23.6,-0.003
4464,23.42,23.69,23.6,-0.003
4465,23.42,23.78,23.6,-0.003
4466,23.42,23.78,23.6,-0.003
4467,23.42,23.78,23.6,-0.003
4468,23.42,23.78,23.6,-0.003
4469,23.42,23.78,23.6,-0.003
4470,23.51,23.78,23.6,-0.003
4471,23.42,23.78,23.6,-0.003
4472,23.51,23.78,23.6,-0.003
4473,23.51,23.78,23.6,-0.003
4474,23.42,23.69,23.6,-0.003
4475,23.42,23.78,23.6,-0.003
4476,23.51,23.78,23.6,-0.003
4477,23.42,23.78,23.6,-0.003
4478,23.42,23.78,23.6,-0.003
4479,23.51,23.78,23.6,-0.003
4480,23.42,23.78,23.6,-0.003
4481,23.42,23.78,23.6,-0.003
4482,23.42,23.78,23.6,-0.003
4483,23.51,23.78,23.6,-0.003
4484,23.42,23.78,23.6,-0.003
4485,23.42,23.78,23.6,-0.003
4486,23.42,23.78,23.6,-0.003
4487,23.42,23.78,23.6,-0.003
4488,23.42,23.78,23.6,-0.003
4489,23.51,23.78,23.6,-0.003
4490,23.51,23.78,23.6,-0.003
4491,23.42,23.78,23.6,-0.003
4492,23.51,23.78,23.6,-0.003
4493,23.42,23.78,23.6,-0.003
4494,23.42,23.78,23.6,-0.003
4495,23.51,23.78,23.6,-0.003
4496,23.51,23.78,23.6,-0.003
4497,23.51,23.78,23.6,-0.003
4498,23.51,23.69,23.6,-0.003
4499,23.42,23.78,23.6,-0.003
4500,23.51,23.78,23.6,-0.003
4501,23.51,23.69,23.6,-0.003
4502,23.51,23.69,23.6,-0.003
4503,23.51,23.78,23.6,-0.003
4504,23.51,23.78,23.6,-0.003
4505,23.51,23.78,23.6,-0.003
4506,23.51,23.78,23.6,-0.003
4507,23.51,23.78,23.6,-0.003
4508,23.51,23.78,23.6,-0.003
4509,23.51,23.78,23.6,-0.003
4510,23.51,23.78,23.6,-0.003
4511,23.51,23.78,23.6,-0.003
4512,23.51,23.78,23.6,-0.003
4514,23.51,23.78,23.6,-0.003
4515,23.51,23.78,23.6,-0.003
4516,23.51,23.78,23.6,-0.003
4517,23.51,23.78,23.6,-0.003
4518,23.51,23.78,23.6,-0.003
4519,23.42,23.78,23.6,-0.003
4520,23.51,23.78,23.6,-0.003
4521,23.51,23.78,23.6,-0.003
4522,23.51,23.69,23.6,-0.003
4523,23.51,23.78,23.6,-0.003
4524,23.42,23.78,23.6,-0.003
4525,23.42,23.78,23.6,-0.003
4526,23.42,23.78,23.6,-0.003
4527,23.42,23.78,23.6,-0.003
4528,23.42,23.78,23.6,-0.003
4529,23.42,23.78,23.6,-0.003
4530,23.42,23.78,23.6,-0.003
4531,23.42,23.78,23.6,-0.003
4532,23.42,23.78,23.6,-0.003
4533,23.42,23.78,23.6,-0.003
4534,23.42,23.78,23.6,-0.003
4535,23.42,23.78,23.6,-0.003
4536,23.42,23.78,23.6,-0.003
4537,23.42,23.78,23.6,-0.003
4538,23.42,23.78,23.6,-0.003
4539,23.42,23.78,23.6,-0.003
4540,23.42,23.78,23.6,-0.003
4541,23.42,23.78,23.6,-0.003
4542,23.42,23.78,23.6,-0.003
4543,23.42,23.78,23.6,-0.003
4544,23.42,23.78,23.6,-0.003
4545,23.42,23.78,23.6,-0.003
4546,23.42,23.78,23.6,-0.003
4547,23.42,23.78,23.6,-0.003
4548,23.42,23.78,23.6,-0.003
4549,23.42,23.78,23.6,-0.003
4550,23.42,23.78,23.6,-0.003
4551,23.42,23.78,23.6,-0.003
4552,23.42,23.78,23.6,-0.003
4553,23.42,23.78,23.6,-0.003
4554,23.42,23.78,23.6,-0.003
4555,23.42,23.78,23.6,-0.003
4556,23.42,23.78,23.6,-0.003
4557,23.42,23.78,23.6,-0.003
4558,23.42,23.69,23.6,-0.003
4559,23.42,23.78,23.6,-0.003
4560,23.42,23.78,23.6,-0.003
4561,23.42,23.78,23.6,-0.003
4562,23.42,23.69,23.6,-0.003
4563,23.42,23.69,23.6,-0.003
4564,23.42,23.78,23.6,-0.003
4565,23.42,23.78,23.6,-0.003
4566,23.42,23.69,23.6,-0.003
4567,23.42,23.78,23.6,-0.003
4568,23.42,23.78,23.6,-0.003
4569,23.42,23.69,23.6,-0.003
4570,23.42,23.78,23.6,-0.003
4571,23.42,23.78,23.6,-0.003
4572,23.42,23.78,23.6,-0.003
4573,23.42,23.69,23.6,-0.003
4574,23.42,23.69,23.6,-0.003
4575,23.42,23.69,23.6,-0.003
4576,23.42,23.69,23.6,-0.003
4577,23.42,23.69,23.6,-0.003
4578,23.42,23.78,23.6,-0.003
4579,23.42,23.69,23.6,-0.003
4580,23.42,23.78,23.6,-0.003
4581,23.42,23.78,23.6,-0.003
4582,23.42,23.78,23.6,-0.003
4583,23.42,23.78,23.6,-0.003
4584,23.42,23.78,23.6,-0.003
4585,23.42,23.78,23.6,-0.003
4586,23.42,23.78,23.6,-0.003
4587,23.42,23.78,23.6,-0.003
4588,23.42,23.78,23.6,-0.003
4589,23.42,23.78,23.6,-0.003
4590,23.42,23.69,23.6,-0.003
4591,23.42,23.78,23.6,-0.003
4592,23.42,23.78,23.6,-0.003
4593,23.42,23.78,23.6,-0.003
4594,23.42,23.78,23.6,-0.003
4595,23.42,23.78,23.6,-0.003
4596,23.42,23.78,23.6,-0.003
4597,23.42,23.78,23.6,-0.003
4598,23.42,23.78,23.6,-0.003
4599,23.42,23.78,23.6,-0.003
4600,23.42,23.78,23.6,-0.003
4601,23.42,23.78,23.6,-0.003
4602,23.42,23.78,23.6,-0.003
4603,23.42,23.78,23.6,-0.003
4604,23.51,23.78,23.69,-0.003
4605,23.51,23.78,23.6,-0.003
4606,23.51,23.78,23.69,-0.003
4607,23.51,23.78,23.6,-0.003
4608,23.51,23.78,23.69,-0.003
4609,23.42,23.78,23.69,-0.003
4610,23.42,23.78,23.6,-0.003
4611,23.42,23.78,23.69,-0.003
4612,23.51,23.78,23.6,-0.003
4613,23.51,23.78,23.69,-0.003
4614,23.42,23.78,23.69,-0.003
4615,23.42,23.78,23.6,-0.003
4616,23.51,23.78,23.69,-0.003
4617,23.42,23.78,23.6,-0.003
4618,23.42,23.78,23.69,-0.003
4619,23.51,23.78,23.69,-0.003
4620,23.42,23.78,23.69,-0.003
4621,23.51,23.78,23.69,-0.003
4622,23.42,23.78,23.69,-0.003
4623,23.42,23.78,23.6,-0.003
4624,23.42,23.78,23.6,-0.003
4625,23.42,23.78,23.6,-0.003
4626,23.42,23.78,23.69,-0.003
4627,23.51,23.78,23.69,-0.003
4628,23.51,23.78,23.6,-0.003
4629,23.42,23.78,23.6,-0.003
4630,23.42,23.78,23.6,-0.003
4631,23.42,23.78,23.6,-0.003
4632,23.42,23.78,23.69,-0.003
4633,23.42,23.78,23.6,-0.003
4634,23.51,23.78,23.69,-0.003
4635,23.42,23.78,23.69,-0.003
4636,23.42,23.78,23.69,-0.003
4637,23.42,23.78,23.6,-0.003
4638,23.42,23.78,23.6,-0.003
4639,23.42,23.78,23.6,-0.003
4640,23.42,23.78,23.6,-0.003
4641,23.42,23.78,23.6,-0.003
4642,23.42,23.78,23.69,-0.003
4643,23.42,23.78,23.6,-0.003
4644,23.42,23.78,23.6,-0.003
4645,23.42,23.78,23.6,-0.003
4646,23.51,23.78,23.6,-0.003
4647,23.42,23.78,23.69,-0.003
4648,23.42,23.78,23.69,-0.003
4649,23.42,23.78,23.6,-0.003
4650,23.51,23.78,23.6,-0.003
4651,23.42,23.78,23.69,-0.003
4652,23.51,23.78,23.69,-0.003
4653,23.42,23.78,23.6,-0.003
4654,23.42,23.78,23.6,-0.003
4655,23.42,23.78,23.6,-0.003
4656,23.42,23.78,23.69,-0.003
4657,23.42,23.78,23.6,-0.003
4658,23.42,23.78,23.6,-0.003
4659,23.42,23.78,23.6,-0.003
4660,23.51,23.78,23.69,-0.003
4661,23.51,23.78,23.69,-0.003
4662,23.51,23.78,23.6,-0.003
4663,23.51,23.78,23.6,-0.003
4664,23.42,23.78,23.69,-0.003
4665,23.51,23.78,23.6,-0.003
4666,23.51,23.78,23.69,-0.003
4667,23.51,23.78,23.6,-0.003
4668,23.51,23.78,23.69,-0.003
4669,23.51,23.78,23.69,-0.003
4670,23.51,23.78,23.6,-0.003
4671,23.51,23.78,23.6,-0.003
4672,23.51,23.78,23.69,-0.003
4673,23.51,23.78,23.69,-0.003
4674,23.51,23.78,23.6,-0.003
4675,23.51,23.78,23.6,-0.003
4676,23.51,23.78,23.69,-0.003
4677,23.51,23.78,23.69,-0.003
4678,23.51,23.78,23.69,-0.003
4679,23.51,23.78,23.69,-0.003
4680,23.51,23.78,23.69,-0.003
4681,23.51,23.78,23.69,-0.003
4682,23.51,23.78,23.69,-0.003
4683,23.51,23.78,23.69,-0.003
4684,23.51,23.78,23.6,-0.003
4685,23.51,23.78,23.69,-0.003
4686,23.51,23.78,23.69,-0.003
4687,23.51,23.78,23.6,-0.003
4688,23.51,23.78,23.69,-0.003
4689,23.51,23.78,23.69,-0.003
4690,23.51,23.78,23.69,-0.003
4691,23.51,23.78,23.69,-0.003
4692,23.51,23.78,23.69,-0.003
4693,23.51,23.78,23.69,-0.003
4694,23.51,23.78,23.69,-0.003
4695,23.51,23.78,23.69,-0.003
4696,23.51,23.78,23.69,-0.003
4697,23.51,23.78,23.69,-0.003
4698,23.51,23.78,23.69,-0.003
4699,23.51,23.78,23.69,-0.003
4700,23.51,23.78,23.69,-0.003
4701,23.51,23.78,23.69,-0.003
4702,23.51,23.78,23.69,-0.003
4703,23.51,23.78,23.69,-0.003
4704,23.51,23.78,23.69,-0.003
4705,23.51,23.78,23.69,-0.003
4706,23.51,23.78,23.69,-0.003
4707,23.51,23.78,23.69,-0.003
4708,23.51,23.78,23.69,-0.003
4709,23.51,23.78,23.69,-0.003
4710,23.51,23.78,23.69,-0.003
4711,23.51,23.78,23.69,-0.003
4712,23.51,23.78,23.69,-0.003
4713,23.51,23.78,23.69,-0.003
4714,23.51,23.78,23.69,-0.003
4715,23.51,23.78,23.69,-0.003
4716,23.51,23.78,23.69,-0.003
4717,23.51,23.87,23.69,-0.003
4718,23.51,23.78,23.69,-0.003
4719,23.51,23.78,23.69,-0.003
4720,23.51,23.78,23.69,-0.003
4721,23.51,23.78,23.69,-0.003
4722,23.51,23.78,23.69,-0.003
4723,23.51,23.87,23.69,-0.003
4724,23.51,23.87,23.69,-0.003
4725,23.51,23.78,23.69,-0.003
4726,23.51,23.78,23.69,-0.003
4727,23.51,23.78,23.69,-0.003
4728,23.51,23.78,23.69,-0.003
4729,23.51,23.87,23.69,-0.003
4730,23.51,23.87,23.69,-0.003
4731,23.51,23.78,23.69,-0.003
4732,23.51,23.87,23.69,-0.003
4733,23.51,23.87,23.69,-0.003
4734,23.51,23.78,23.69,-0.003
4735,23.51,23.87,23.69,-0.003
4736,23.51,23.87,23.69,-0.003
4737,23.51,23.87,23.69,-0.003
4738,23.51,23.87,23.69,-0.003
4739,23.51,23.87,23.69,-0.003
4740,23.51,23.78,23.69,-0.003
4741,23.51,23.87,23.69,-0.003
4742,23.51,23.78,23.69,-0.003
4743,23.51,23.87,23.69,-0.003
4744,23.51,23.78,23.69,-0.003
4745,23.51,23.87,23.69,-0.003
4746,23.51,23.87,23.69,-0.003
4747,23.51,23.78,23.69,-0.003
4748,23.51,23.78,23.69,-0.003
4749,23.51,23.87,23.69,-0.003
4750,23.51,23.87,23.69,-0.003
4751,23.51,23.78,23.69,-0.003
4752,23.51,23.87,23.69,-0.003
4753,23.51,23.87,23.69,-0.003
4754,23.51,23.78,23.69,-0.003
4755,23.51,23.87,23.69,-0.003
4756,23.51,23.78,23.69,-0.003
4757,23.51,23.78,23.69,-0.003
4758,23.51,23.78,23.69,-0.003
4759,23.51,23.87,23.69,-0.003
4760,23.51,23.78,23.69,-0.003
4761,23.51,23.78,23.69,-0.003
4762,23.51,23.87,23.69,-0.003
4763,23.51,23.87,23.69,-0.003
4764,23.51,23.78,23.69,-0.003
4765,23.51,23.78,23.69,-0.003
4766,23.51,23.78,23.69,-0.003
4767,23.51,23.87,23.69,-0.003
4768,23.51,23.87,23.69,-0.003
4769,23.51,23.78,23.69,-0.003
4770,23.51,23.78,23.69,-0.003
4771,23.51,23.78,23.69,-0.003
4772,23.51,23.78,23.69,-0.003
4773,23.51,23.87,23.69,-0.003
4774,23.51,23.78,23.69,-0.003
4775,23.51,23.78,23.69,-0.003
4777,23.51,23.87,23.69,-0.003
4778,23.51,23.78,23.69,-0.003
4779,23.51,23.78,23.69,-0.003
4780,23.51,23.78,23.69,-0.003
4781,23.51,23.78,23.69,-0.003
4782,23.51,23.78,23.69,-0.003
4783,23.51,23.78,23.69,-0.003
4784,23.51,23.87,23.69,-0.003
4785,23.51,23.87,23.69,-0.003
4786,23.51,23.87,23.69,-0.003
4787,23.51,23.87,23.69,-0.003
4788,23.51,23.78,23.69,-0.003
4789,23.6,23.87,23.69,-0.003
4790,23.6,23.78,23.69,-0.003
4791,23.51,23.78,23.69,-0.003
4792,23.51,23.78,23.69,-0.003
4793,23.6,23.78,23.69,-0.003
4794,23.51,23.78,23.69,-0.003
4795,23.51,23.78,23.69,-0.003
4796,23.51,23.78,23.69,-0.003
4797,23.51,23.87,23.69,-0.003
4798,23.51,23.87,23.69,-0.003
4799,23.6,23.87,23.69,-0.003
4800,23.51,23.87,23.69,-0.003
4801,23.51,23.78,23.69,-0.003
4802,23.51,23.87,23.69,-0.003
4803,23.51,23.78,23.69,-0.003
4804,23.51,23.78,23.69,-0.003
4805,23.51,23.78,23.69,-0.003
4806,23.51,23.87,23.69,-0.003
4807,23.51,23.87,23.69,-0.003
4808,23.51,23.78,23.69,-0.003
4809,23.51,23.87,23.69,-0.003
4810,23.51,23.78,23.69,-0.003
4811,23.51,23.78,23.69,-0.003
4812,23.51,23.87,23.69,-0.003
4813,23.51,23.87,23.69,-0.003
4814,23.51,23.78,23.69,-0.003
4815,23.51,23.78,23.69,-0.003
4816,23.51,23.87,23.69,-0.003
4817,23.51,23.87,23.69,-0.003
4818,23.51,23.78,23.69,-0.003
4819,23.51,23.78,23.69,-0.003
4820,23.51,23.87,23.69,-0.003
4821,23.51,23.78,23.69,-0.003
4822,23.51,23.87,23.69,-0.003
4823,23.51,23.78,23.69,-0.003
4824,23.51,23.78,23.69,-0.003
4825,23.51,23.87,23.69,-0.003
4826,23.51,23.87,23.69,-0.003
4827,23.51,23.78,23.69,-0.003
4828,23.51,23.87,23.69,-0.003
4829,23.51,23.78,23.69,-0.003
4830,23.51,23.87,23.69,-0.003
4831,23.51,23.87,23.69,-0.003
4832,23.51,23.87,23.69,-0.003
4833,23.51,23.87,23.69,-0.003
4834,23.51,23.78,23.69,-0.003
4835,23.51,23.87,23.69,-0.003
4836,23.51,23.78,23.69,-0.003
4837,23.51,23.87,23.69,-0.003
4838,23.51,23.87,23.69,-0.003
4839,23.51,23.78,23.69,-0.003
4840,23.51,23.87,23.69,-0.003
4841,23.51,23.87,23.69,-0.003
4842,23.51,23.78,23.69,-0.003
4843,23.51,23.87,23.69,-0.003
4844,23.51,23.78,23.69,-0.003
4845,23.51,23.78,23.69,-0.003
4846,23.51,23.78,23.69,-0.003
4847,23.51,23.78,23.69,-0.003
4848,23.51,23.78,23.69,-0.003
4849,23.51,23.78,23.69,-0.003
4850,23.51,23.78,23.69,-0.003
4851,23.51,23.78,23.69,-0.003
4852,23.51,23.78,23.69,-0.003
4853,23.51,23.78,23.69,-0.003
4854,23.51,23.78,23.69,-0.003
4855,23.51,23.78,23.69,-0.003
4856,23.51,23.78,23.69,-0.003
4857,23.51,23.78,23.69,-0.003
4858,23.51,23.78,23.69,-0.003
4859,23.51,23.78,23.69,-0.003
4860,23.51,23.78,23.69,-0.003
4861,23.51,23.78,23.69,-0.003
4862,23.51,23.78,23.69,-0.003
4863,23.51,23.78,23.69,-0.003
4864,23.51,23.78,23.69,-0.003
4865,23.51,23.78,23.69,-0.003
4866,23.51,23.78,23.69,-0.003
