temps,T1,T2,T3
0,23,23,23
0.5,23.03262258,23.00059677,23.00018567
1,23.06505089,23.00233509,23.00073622
1.5,23.09728608,23.00514055,23.00164213
2,23.1293293,23.00894327,23.00289407
2.5,23.1611817,23.01367764,23.00448295
3,23.19284441,23.01928206,23.00639986
3.5,23.22431856,23.02569867,23.00863612
4,23.25560528,23.03287315,23.0111832
4.5,23.28670568,23.0407545,23.0140328
5,23.31762088,23.04929483,23.01717679
5.5,23.34835196,23.05844919,23.02060723
6,23.37890004,23.06817537,23.02431636
6.5,23.40926619,23.07843373,23.02829659
7,23.43945151,23.08918707,23.0325405
7.5,23.46945707,23.10040048,23.03704084
8,23.49928394,23.11204116,23.04179052
8.5,23.52893319,23.12407834,23.04678263
9,23.55840586,23.13648314,23.05201038
9.5,23.58770303,23.14922844,23.05746718
10,23.61682572,23.1622888,23.06314655
10.5,23.64577498,23.17564034,23.06904217
11,23.67455184,23.18926063,23.07514787
11.5,23.70315733,23.20312866,23.08145762
12,23.73159247,23.21722468,23.08796551
12.5,23.75985827,23.23153017,23.0946658
13,23.78795575,23.24602777,23.10155284
13.5,23.81588589,23.26070117,23.10862113
14,23.84364971,23.27553508,23.1158653
14.5,23.87124819,23.29051517,23.12328009
15,23.89868232,23.30562797,23.13086037
15.5,23.92595306,23.32086087,23.13860112
16,23.95306141,23.33620204,23.14649745
16.5,23.98000832,23.35164038,23.15454455
17,24.00679476,23.3671655,23.16273777
17.5,24.03342167,23.38276765,23.17107251
18,24.05989002,23.39843769,23.17954433
18.5,24.08620075,23.41416704,23.18814885
19,24.11235479,23.4299477,23.19688182
19.5,24.13835307,23.44577213,23.20573906
20,24.16419653,23.46163329,23.21471652
20.5,24.18988609,23.47752459,23.22381023
21,24.21542267,23.49343984,23.23301629
21.5,24.24080716,23.50937327,23.24233092
22,24.26604049,23.52531946,23.25175042
22.5,24.29112355,23.54127333,23.26127117
23,24.31605723,23.55723016,23.27088964
23.5,24.34084243,23.5731855,23.28060238
24,24.36548002,23.58913521,23.29040602
24.5,24.3899709,23.60507541,23.30029728
25,24.41431593,23.62100248,23.31027293
25.5,24.43851597,23.63691303,23.32032984
26,24.46257191,23.65280391,23.33046495
26.5,24.48648458,23.66867216,23.34067526
27,24.51025485,23.68451502,23.35095786
27.5,24.53388356,23.70032993,23.3613099
28,24.55737156,23.71611449,23.37172858
28.5,24.58071968,23.73186648,23.38221119
29,24.60392876,23.7475838,23.39275508
29.5,24.62699963,23.76326454,23.40335765
30,24.6499331,23.77890688,23.41401638
30.5,24.67273,23.79450915,23.42472879
31,24.69539114,23.81006981,23.43549248
31.5,24.71791733,23.82558741,23.4463051
32,24.74030937,23.84106061,23.45716435
32.5,24.76256807,23.85648817,23.46806798
33,24.7846942,23.87186894,23.47901382
33.5,24.80668857,23.88720188,23.48999973
34,24.82855197,23.90248599,23.50102363
34.5,24.85028516,23.91772038,23.51208348
35,24.87188892,23.93290421,23.5231773
35.5,24.89336403,23.94803673,23.53430316
36,24.91471125,23.96311723,23.54545918
36.5,24.93593134,23.97814507,23.55664351
37,24.95702507,23.99311967,23.56785435
37.5,24.97799317,24.00804049,23.57908996
38,24.99883641,24.02290705,23.59034862
38.5,25.01955552,24.03771891,23.60162867
39,25.04015125,24.05247567,23.61292849
39.5,25.06062432,24.06717698,23.62424649
40,25.08097548,24.08182253,23.63558112
40.5,25.10120543,24.09641202,23.64693088
41,25.12131492,24.11094522,23.65829431
41.5,25.14130465,24.12542189,23.66966996
42,25.16117533,24.13984186,23.68105644
42.5,25.18092768,24.15420497,23.69245239
43,25.2005624,24.16851107,23.70385649
43.5,25.2200802,24.18276005,23.71526743
44,25.23948176,24.19695183,23.72668397
44.5,25.25876778,24.21108633,23.73810488
45,25.27793895,24.22516351,23.74952895
45.5,25.29699595,24.23918334,23.76095502
46,25.31593946,24.25314581,23.77238196
46.5,25.33477016,24.26705091,23.78380867
47,25.35348872,24.28089866,23.79523405
47.5,25.37209581,24.2946891,23.80665707
48,25.39059209,24.30842228,23.81807671
48.5,25.40897822,24.32209824,23.82949196
49,25.42725485,24.33571707,23.84090187
49.5,25.44542265,24.34927883,23.85230548
50,25.46348225,24.36278362,23.86370188
50.5,25.4814343,24.37623154,23.87509018
51,25.49927945,24.38962269,23.8864695
51.5,25.51701832,24.4029572,23.897839
52,25.53465156,24.41623518,23.90919787
52.5,25.55217978,24.42945677,23.92054528
53,25.56960362,24.44262209,23.93188048
53.5,25.5869237,24.45573131,23.9432027
54,25.60414064,24.46878455,23.95451121
54.5,25.62125504,24.48178199,23.96580528
55,25.63826753,24.49472377,23.97708423
55.5,25.6551787,24.50761007,23.98834737
56,25.67198916,24.52044104,23.99959405
56.5,25.68869952,24.53321686,24.01082363
57,25.70531036,24.5459377,24.02203549
57.5,25.72182228,24.55860375,24.03322902
58,25.73823586,24.57121519,24.04440365
58.5,25.7545517,24.58377219,24.0555588
59,25.77077038,24.59627494,24.06669392
59.5,25.78689247,24.60872364,24.07780847
60,25.80291855,24.62111848,24.08890194
60.5,25.8188492,24.63345964,24.09997382
61,25.83468497,24.64574733,24.11102362
61.5,25.85042644,24.65798173,24.12205087
62,25.86607416,24.67016305,24.1330551
62.5,25.8816287,24.68229149,24.14403588
63,25.89709061,24.69436725,24.15499277
63.5,25.91246044,24.70639052,24.16592535
64,25.92773873,24.71836151,24.17683321
64.5,25.94292605,24.73028043,24.18771597
65,25.95802292,24.74214747,24.19857324
65.5,25.97302988,24.75396285,24.20940466
66,25.98794748,24.76572676,24.22020987
66.5,26.00277624,24.77743941,24.23098852
67,26.01751669,24.78910101,24.24174029
67.5,26.03216936,24.80071176,24.25246485
68,26.04673477,24.81227187,24.2631619
68.5,26.06121343,24.82378155,24.27383112
69,26.07560588,24.835241,24.28447224
69.5,26.08991261,24.84665043,24.29508498
70,26.10413415,24.85801004,24.30566906
70.5,26.11827099,24.86932004,24.31622423
71,26.13232365,24.88058063,24.32675023
71.5,26.14629262,24.89179203,24.33724683
72,26.1601784,24.90295444,24.34771379
72.5,26.17398149,24.91406805,24.3581509
73,26.18770238,24.92513309,24.36855793
73.5,26.20134156,24.93614974,24.37893468
74,26.21489951,24.94711823,24.38928095
74.5,26.22837673,24.95803874,24.39959656
75,26.24177368,24.96891148,24.40988132
75.5,26.25509085,24.97973666,24.42013506
76,26.26832872,24.99051448,24.43035761
76.5,26.28148775,25.00124514,24.44054881
77,26.29456842,25.01192883,24.45070852
77.5,26.30757119,25.02256577,24.46083657
78,26.32049653,25.03315616,24.47093285
78.5,26.33334489,25.04370018,24.4809972
79,26.34611674,25.05419804,24.49102952
79.5,26.35881253,25.06464995,24.50102967
80,26.37143271,25.07505609,24.51099756
80.5,26.38397774,25.08541666,24.52093306
81,26.39644806,25.09573187,24.53083608
81.5,26.40884411,25.10600189,24.54070652
82,26.42116635,25.11622695,24.55054429
82.5,26.4334152,25.12640721,24.56034932
83,26.44559111,25.13654289,24.57012151
83.5,26.45769451,25.14663417,24.5798608
84,26.46972583,25.15668124,24.58956712
84.5,26.48168551,25.1666843,24.59924039
85,26.49357396,25.17664353,24.60888058
85.5,26.50539161,25.18655914,24.6184876
86,26.51713888,25.1964313,24.62806143
86.5,26.5288162,25.20626021,24.63760201
87,26.54042398,25.21604605,24.64710931
87.5,26.55196263,25.22578901,24.65658327
88,26.56343257,25.23548928,24.66602388
88.5,26.5748342,25.24514704,24.6754311
89,26.58616793,25.25476249,24.68480491
89.5,26.59743417,25.26433579,24.69414529
90,26.60863331,25.27386715,24.70345222
90.5,26.61976576,25.28335673,24.71272568
91,26.63083192,25.29280472,24.72196567
91.5,26.64183217,25.30221131,24.73117218
92,26.65276691,25.31157667,24.7403452
92.5,26.66363654,25.32090099,24.74948474
93,26.67444144,25.33018444,24.75859079
93.5,26.68518199,25.3394272,24.76766337
94,26.69585857,25.34862945,24.77670248
94.5,26.70647158,25.35779137,24.78570814
95,26.71702139,25.36691313,24.79468036
95.5,26.72750836,25.37599491,24.80361915
96,26.73793289,25.38503688,24.81252454
96.5,26.74829534,25.39403922,24.82139656
97,26.75859607,25.4030021,24.83023522
97.5,26.76883547,25.41192569,24.83904055
98,26.77901388,25.42081017,24.8478126
98.5,26.78913168,25.4296557,24.85655137
99,26.79918923,25.43846246,24.86525693
99.5,26.80918688,25.44723061,24.87392929
100,26.819125,25.45596033,24.8825685
100.5,26.82900393,25.46465179,24.89117461
101,26.83882403,25.47330514,24.89974765
101.5,26.84858565,25.48192056,24.90828768
102,26.85828913,25.49049821,24.91679473
102.5,26.86793483,25.49903827,24.92526886
103,26.87752309,25.50754088,24.93371012
103.5,26.88705425,25.51600623,24.94211857
104,26.89652865,25.52443446,24.95049425
104.5,26.90594663,25.53282575,24.95883723
105,26.91530852,25.54118025,24.96714756
105.5,26.92461466,25.54949813,24.97542531
106,26.93386537,25.55777954,24.98367053
106.5,26.943061,25.56602465,24.99188328
107,26.95220187,25.57423362,25.00006364
107.5,26.9612883,25.5824066,25.00821167
108,26.97032062,25.59054375,25.01632743
108.5,26.97929915,25.59864523,25.02441099
109,26.98822422,25.60671119,25.03246243
109.5,26.99709613,25.61474179,25.04048181
110,27.0059152,25.62273719,25.0484692
110.5,27.01468176,25.63069753,25.05642469
111,27.02339611,25.63862298,25.06434833
111.5,27.03205857,25.64651369,25.07224022
112,27.04066944,25.6543698,25.08010042
112.5,27.04922903,25.66219147,25.08792901
113,27.05773764,25.66997886,25.09572608
113.5,27.06619559,25.6777321,25.10349169
114,27.07460317,25.68545136,25.11122594
114.5,27.08296067,25.69313677,25.11892889
115,27.09126841,25.70078849,25.12660064
115.5,27.09952667,25.70840667,25.13424127
116,27.10773576,25.71599145,25.14185086
116.5,27.11589595,25.72354297,25.1494295
117,27.12400755,25.73106139,25.15697727
117.5,27.13207085,25.73854686,25.16449425
118,27.14008612,25.7459995,25.17198054
118.5,27.14805367,25.75341947,25.17943621
119,27.15597376,25.76080692,25.18686137
119.5,27.16384669,25.76816198,25.19425609
120,27.17167274,25.77548479,25.20162048
120.5,27.17945218,25.7827755,25.2089546
121,27.18718529,25.79003425,25.21625856
121.5,27.19487235,25.79726117,25.22353245
122,27.20251363,25.80445641,25.23077636
122.5,27.2101094,25.81162011,25.23799038
123,27.21765994,25.81875241,25.2451746
123.5,27.22516552,25.82585343,25.25232912
124,27.2326264,25.83292333,25.25945402
124.5,27.24004285,25.83996223,25.26654941
125,27.24741513,25.84697027,25.27361537
125.5,27.2547435,25.85394758,25.28065199
126,27.26202824,25.86089431,25.28765939
126.5,27.26926959,25.86781059,25.29463764
127,27.27646782,25.87469654,25.30158685
127.5,27.28362319,25.88155231,25.3085071
128,27.29073594,25.88837802,25.3153985
128.5,27.29780633,25.8951738,25.32226114
129,27.30483462,25.9019398,25.32909512
129.5,27.31182106,25.90867613,25.33590053
130,27.31876588,25.91538293,25.34267747
130.5,27.32566935,25.92206032,25.34942603
131,27.33253171,25.92870844,25.35614632
131.5,27.3393532,25.93532742,25.36283843
132,27.34613407,25.94191738,25.36950246
132.5,27.35287456,25.94847845,25.3761385
133,27.3595749,25.95501075,25.38274666
133.5,27.36623535,25.96151442,25.38932703
134,27.37285613,25.96798957,25.3958797
134.5,27.37943748,25.97443634,25.40240478
135,27.38597964,25.98085485,25.40890237
135.5,27.39248284,25.98724521,25.41537255
136,27.39894731,25.99360756,25.42181544
136.5,27.40537328,25.99994202,25.42823112
137,27.41176099,26.00624871,25.4346197
137.5,27.41811065,26.01252774,25.44098127
138,27.42442251,26.01877925,25.44731594
138.5,27.43069677,26.02500336,25.45362379
139,27.43693367,26.03120018,25.45990493
139.5,27.44313343,26.03736983,25.46615946
140,27.44929626,26.04351243,25.47238748
140.5,27.4554224,26.0496281,25.47858908
141,27.46151205,26.05571696,25.48476435
141.5,27.46756544,26.06177913,25.49091341
142,27.47358278,26.06781472,25.49703634
142.5,27.47956428,26.07382385,25.50313325
143,27.48551017,26.07980664,25.50920423
143.5,27.49142064,26.0857632,25.51524938
144,27.49729592,26.09169364,25.52126879
144.5,27.50313621,26.09759809,25.52726257
145,27.50894171,26.10347665,25.53323081
145.5,27.51471265,26.10932943,25.53917362
146,27.52044922,26.11515656,25.54509108
146.5,27.52615162,26.12095815,25.55098329
147,27.53182007,26.12673429,25.55685035
147.5,27.53745476,26.13248512,25.56269236
148,27.54305589,26.13821073,25.56850942
148.5,27.54862367,26.14391125,25.57430161
149,27.55415829,26.14958677,25.58006904
149.5,27.55965995,26.15523741,25.58581181
150,27.56512885,26.16086327,25.59153
150.5,27.57056518,26.16646448,25.59722372
151,27.57596914,26.17204113,25.60289306
151.5,27.58134091,26.17759332,25.60853812
152,27.58668069,26.18312118,25.61415899
152.5,27.59198868,26.18862481,25.61975576
153,27.59726505,26.1941043,25.62532854
153.5,27.60251,26.19955977,25.63087741
154,27.60772372,26.20499133,25.63640248
154.5,27.61290639,26.21039908,25.64190383
155,27.61805819,26.21578311,25.64738156
155.5,27.62317932,26.22114354,25.65283576
156,27.62826995,26.22648048,25.65826653
156.5,27.63333026,26.23179401,25.66367397
157,27.63836043,26.23708425,25.66905815
157.5,27.64336065,26.2423513,25.67441919
158,27.6483311,26.24759526,25.67975716
158.5,27.65327194,26.25281622,25.68507217
159,27.65818336,26.2580143,25.69036431
159.5,27.66306553,26.26318959,25.69563366
160,27.66791863,26.26834219,25.70088033
160.5,27.67274283,26.27347221,25.70610439
161,27.67753829,26.27857973,25.71130595
161.5,27.6823052,26.28366486,25.71648509
162,27.68704372,26.28872769,25.72164191
162.5,27.69175402,26.29376834,25.72677649
163,27.69643628,26.29878688,25.73188894
163.5,27.70109064,26.30378342,25.73697932
164,27.70571729,26.30875806,25.74204775
164.5,27.71031639,26.31371088,25.7470943
165,27.7148881,26.318642,25.75211907
165.5,27.71943258,26.32355149,25.75712215
166,27.72395,26.32843947,25.76210362
166.5,27.72844052,26.33330601,25.76706357
167,27.7329043,26.33815122,25.77200209
167.5,27.73734149,26.34297519,25.77691928
168,27.74175226,26.347778,25.78181521
168.5,27.74613676,26.35255977,25.78668998
169,27.75049515,26.35732057,25.79154367
169.5,27.75482759,26.36206049,25.79637637
170,27.75913422,26.36677964,25.80118817
170.5,27.76341521,26.3714781,25.80597916
171,27.76767071,26.37615596,25.81074941
171.5,27.77190086,26.38081331,25.81549902
172,27.77610582,26.38545025,25.82022807
172.5,27.78028574,26.39006685,25.82493664
173,27.78444077,26.39466322,25.82962483
173.5,27.78857105,26.39923944,25.83429272
174,27.79267674,26.40379559,25.83894039
174.5,27.79675797,26.40833177,25.84356792
175,27.80081491,26.41284806,25.84817541
175.5,27.80484768,26.41734456,25.85276293
176,27.80885643,26.42182134,25.85733057
176.5,27.81284132,26.42627849,25.8618784
177,27.81680247,26.43071611,25.86640653
177.5,27.82074003,26.43513426,25.87091502
178,27.82465415,26.43953305,25.87540395
178.5,27.82854495,26.44391256,25.87987342
179,27.83241259,26.44827287,25.8843235
179.5,27.83625719,26.45261406,25.88875428
180,27.84007889,26.45693621,25.89316583
180.5,27.84387784,26.46123942,25.89755823
181,27.84765416,26.46552377,25.90193158
181.5,27.851408,26.46978933,25.90628594
182,27.85513948,26.47403619,25.9106214
182.5,27.85884874,26.47826443,25.91493804
183,27.86253591,26.48247414,25.91923593
183.5,27.86620112,26.48666539,25.92351516
184,27.8698445,26.49083826,25.9277758
184.5,27.87346619,26.49499284,25.93201794
185,27.87706631,26.49912921,25.93624165
185.5,27.88064499,26.50324745,25.94044701
186,27.88420236,26.50734762,25.9446341
186.5,27.88773854,26.51142983,25.94880299
187,27.89125366,26.51549414,25.95295376
187.5,27.89474786,26.51954063,25.9570865
188,27.89822124,26.52356937,25.96120127
188.5,27.90167394,26.52758046,25.96529815
189,27.90510607,26.53157396,25.96937723
189.5,27.90851777,26.53554996,25.97343856
190,27.91190915,26.53950852,25.97748224
190.5,27.91528033,26.54344973,25.98150833
191,27.91863144,26.54737366,25.98551691
191.5,27.92196259,26.55128039,25.98950805
192,27.92527391,26.55516999,25.99348184
192.5,27.9285655,26.55904254,25.99743833
193,27.93183749,26.56289811,26.00137762
193.5,27.93509,26.56673678,26.00529976
194,27.93832314,26.57055862,26.00920484
194.5,27.94153702,26.57436371,26.01309292
195,27.94473176,26.57815211,26.01696408
195.5,27.94790748,26.58192391,26.0208184
196,27.95106429,26.58567916,26.02465593
196.5,27.95420229,26.58941796,26.02847676
197,27.95732161,26.59314037,26.03228096
197.5,27.96042236,26.59684645,26.0360686
198,27.96350464,26.60053629,26.03983974
198.5,27.96656856,26.60420995,26.04359447
199,27.96961423,26.60786751,26.04733284
199.5,27.97264177,26.61150903,26.05105494
200,27.97565128,26.61513459,26.05476082
200.5,27.97864287,26.61874425,26.05845057
201,27.98161664,26.62233808,26.06212424
201.5,27.9845727,26.62591617,26.06578191
202,27.98751116,26.62947856,26.06942365
202.5,27.99043212,26.63302534,26.07304952
203,27.99333568,26.63655657,26.0766596
203.5,27.99622195,26.64007232,26.08025395
204,27.99909104,26.64357265,26.08383263
204.5,28.00194304,26.64705764,26.08739572
205,28.00477805,26.65052735,26.09094329
205.5,28.00759618,26.65398185,26.0944754
206,28.01039753,26.6574212,26.09799211
206.5,28.0131822,26.66084548,26.10149349
207,28.01595028,26.66425474,26.10497962
207.5,28.01870188,26.66764906,26.10845055
208,28.02143709,26.6710285,26.11190634
208.5,28.02415601,26.67439312,26.11534708
209,28.02685874,26.67774299,26.11877281
209.5,28.02954538,26.68107818,26.12218361
210,28.03221601,26.68439874,26.12557954
210.5,28.03487075,26.68770474,26.12896067
211,28.03750967,26.69099626,26.13232705
211.5,28.04013288,26.69427334,26.13567875
212,28.04274046,26.69753605,26.13901584
212.5,28.04533252,26.70078447,26.14233837
213,28.04790914,26.70401864,26.14564642
213.5,28.05047042,26.70723863,26.14894004
214,28.05301644,26.7104445,26.15221929
214.5,28.0555473,26.71363632,26.15548425
215,28.05806309,26.71681415,26.15873496
215.5,28.0605639,26.71997804,26.16197149
216,28.06304982,26.72312807,26.16519391
216.5,28.06552093,26.72626428,26.16840226
217,28.06797732,26.72938675,26.17159663
217.5,28.07041909,26.73249553,26.17477706
218,28.07284631,26.73559068,26.17794361
218.5,28.07525909,26.73867225,26.18109635
219,28.07765749,26.74174032,26.18423533
219.5,28.08004161,26.74479494,26.18736062
220,28.08241153,26.74783617,26.19047227
220.5,28.08476734,26.75086406,26.19357035
221,28.08710912,26.75387868,26.19665491
221.5,28.08943695,26.75688008,26.19972601
222,28.09175092,26.75986833,26.2027837
222.5,28.09405111,26.76284347,26.20582806
223,28.0963376,26.76580558,26.20885912
223.5,28.09861048,26.76875469,26.21187697
224,28.10086982,26.77169088,26.21488164
224.5,28.1031157,26.77461419,26.21787319
225,28.10534821,26.77752469,26.22085169
225.5,28.10756743,26.78042243,26.22381719
226,28.10977343,26.78330746,26.22676975
226.5,28.11196629,26.78617985,26.22970942
227,28.11414609,26.78903964,26.23263626
227.5,28.11631292,26.7918869,26.23555033
228,28.11846684,26.79472167,26.23845167
228.5,28.12060793,26.79754402,26.24134035
229,28.12273627,26.80035399,26.24421642
229.5,28.12485193,26.80315165,26.24707993
230,28.126955,26.80593704,26.24993095
230.5,28.12904554,26.80871021,26.25276952
231,28.13112364,26.81147123,26.25559569
231.5,28.13318936,26.81422015,26.25840953
232,28.13524277,26.81695701,26.26121108
232.5,28.13728396,26.81968188,26.2640004
233,28.13931299,26.8223948,26.26677754
233.5,28.14132994,26.82509583,26.26954256
234,28.14333488,26.82778501,26.27229551
234.5,28.14532787,26.83046241,26.27503643
235,28.147309,26.83312806,26.27776539
235.5,28.14927833,26.83578204,26.28048243
236,28.15123594,26.83842437,26.28318761
236.5,28.15318188,26.84105512,26.28588097
237,28.15511624,26.84367434,26.28856258
237.5,28.15703908,26.84628208,26.29123247
238,28.15895046,26.84887838,26.2938907
238.5,28.16085047,26.8514633,26.29653733
239,28.16273915,26.85403689,26.2991724
239.5,28.16461659,26.8565992,26.30179596
240,28.16648286,26.85915027,26.30440807
240.5,28.168338,26.86169016,26.30700876
241,28.1701821,26.86421892,26.3095981
241.5,28.17201522,26.86673658,26.31217613
242,28.17383742,26.86924321,26.3147429
242.5,28.17564877,26.87173886,26.31729847
243,28.17744933,26.87422356,26.31984286
243.5,28.17923917,26.87669736,26.32237615
244,28.18101835,26.87916032,26.32489837
244.5,28.18278693,26.88161249,26.32740958
245,28.18454499,26.8840539,26.32990982
245.5,28.18629257,26.88648461,26.33239914
246,28.18802974,26.88890467,26.33487758
246.5,28.18975658,26.89131411,26.3373452
247,28.19147312,26.89371299,26.33980204
247.5,28.19317945,26.89610136,26.34224815
248,28.19487561,26.89847925,26.34468357
248.5,28.19656167,26.90084672,26.34710836
249,28.19823769,26.90320381,26.34952256
249.5,28.19990373,26.90555057,26.3519262
250,28.20155985,26.90788704,26.35431935
250.5,28.20320611,26.91021326,26.35670205
251,28.20484256,26.91252929,26.35907433
251.5,28.20646927,26.91483517,26.36143626
252,28.20808629,26.91713093,26.36378786
252.5,28.20969368,26.91941663,26.3661292
253,28.21129149,26.92169231,26.3684603
253.5,28.2128798,26.92395801,26.37078122
254,28.21445864,26.92621378,26.373092
254.5,28.21602808,26.92845966,26.37539269
255,28.21758818,26.9306957,26.37768333
255.5,28.21913898,26.93292193,26.37996395
256,28.22068055,26.9351384,26.38223462
256.5,28.22221294,26.93734515,26.38449536
257,28.2237362,26.93954223,26.38674623
257.5,28.22525039,26.94172968,26.38898726
258,28.22675557,26.94390754,26.39121851
258.5,28.22825178,26.94607585,26.39344
259,28.22973908,26.94823466,26.39565179
259.5,28.23121752,26.950384,26.39785392
260,28.23268716,26.95252391,26.40004642
260.5,28.23414805,26.95465445,26.40222935
261,28.23560023,26.95677564,26.40440274
261.5,28.23704377,26.95888754,26.40656663
262,28.23847871,26.96099018,26.40872107
262.5,28.23990511,26.9630836,26.41086609
263,28.24132301,26.96516784,26.41300174
263.5,28.24273247,26.96724294,26.41512806
264,28.24413354,26.96930895,26.41724509
264.5,28.24552626,26.9713659,26.41935287
265,28.24691069,26.97341383,26.42145144
265.5,28.24828687,26.97545279,26.42354084
266,28.24965486,26.9774828,26.42562112
266.5,28.2510147,26.97950392,26.4276923
267,28.25236644,26.98151617,26.42975443
267.5,28.25371013,26.9835196,26.43180755
268,28.25504582,26.98551425,26.4338517
268.5,28.25637356,26.98750016,26.43588692
269,28.25769339,26.98947736,26.43791324
269.5,28.25900536,26.99144589,26.43993071
270,28.26030952,26.99340579,26.44193937
270.5,28.26160591,26.9953571,26.44393925
271,28.26289458,26.99729985,26.44593039
271.5,28.26417557,26.99923409,26.44791282
272,28.26544894,27.00115984,26.4498866
272.5,28.26671472,27.00307716,26.45185175
273,28.26797297,27.00498607,26.45380831
273.5,28.26922372,27.00688661,26.45575633
274,28.27046703,27.00877881,26.45769583
274.5,28.27170293,27.01066273,26.45962685
275,28.27293147,27.01253838,26.46154944
275.5,28.27415269,27.01440581,26.46346363
276,28.27536664,27.01626505,26.46536945
276.5,28.27657336,27.01811615,26.46726694
277,28.2777729,27.01995912,26.46915614
277.5,28.27896529,27.02179402,26.47103709
278,28.28015058,27.02362087,26.47290981
278.5,28.28132882,27.02543972,26.47477436
279,28.28250003,27.02725059,26.47663075
279.5,28.28366427,27.02905352,26.47847903
280,28.28482158,27.03084855,26.48031924
280.5,28.285972,27.03263571,26.4821514
281,28.28711556,27.03441503,26.48397555
281.5,28.28825232,27.03618655,26.48579174
282,28.2893823,27.03795031,26.48759998
282.5,28.29050556,27.03970633,26.48940033
283,28.29162212,27.04145466,26.49119281
283.5,28.29273204,27.04319532,26.49297745
284,28.29383535,27.04492835,26.49475429
284.5,28.29493209,27.04665378,26.49652337
285,28.29602229,27.04837164,26.49828472
285.5,28.29710601,27.05008198,26.50003837
286,28.29818327,27.05178482,26.50178436
286.5,28.29925411,27.05348019,26.50352272
287,28.30031858,27.05516813,26.50525348
287.5,28.30137671,27.05684867,26.50697667
288,28.30242853,27.05852184,26.50869234
288.5,28.3034741,27.06018768,26.5104005
289,28.30451343,27.06184622,26.5121012
289.5,28.30554658,27.06349748,26.51379447
290,28.30657357,27.0651415,26.51548034
290.5,28.30759445,27.06677832,26.51715884
291,28.30860925,27.06840796,26.51883001
291.5,28.30961801,27.07003046,26.52049387
292,28.31062076,27.07164584,26.52215046
292.5,28.31161753,27.07325414,26.52379981
293,28.31260837,27.07485539,26.52544195
293.5,28.31359331,27.07644962,26.52707691
294,28.31457239,27.07803686,26.52870473
294.5,28.31554563,27.07961715,26.53032544
295,28.31651308,27.0811905,26.53193906
295.5,28.31747477,27.08275696,26.53354563
296,28.31843073,27.08431655,26.53514518
296.5,28.31938099,27.0858693,26.53673774
297,28.3203256,27.08741524,26.53832333
297.5,28.32126458,27.08895441,26.539902
298,28.32219797,27.09048683,26.54147377
298.5,28.32312581,27.09201253,26.54303867
299,28.32404811,27.09353155,26.54459673
299.5,28.32496493,27.0950439,26.54614798
300,28.32587628,27.09654962,26.54769245
300.5,28.32678221,27.09804875,26.54923017
301,28.32768274,27.0995413,26.55076116
301.5,28.32857791,27.1010273,26.55228547
302,28.32946775,27.10250679,26.55380312
302.5,28.33035229,27.1039798,26.55531413
303,28.33123156,27.10544635,26.55681854
303.5,28.33210559,27.10690647,26.55831637
304,28.33297442,27.10836018,26.55980766
304.5,28.33383808,27.10980753,26.56129243
305,28.33469659,27.11124853,26.56277071
305.5,28.33554999,27.11268321,26.56424253
306,28.33639831,27.1141116,26.56570791
306.5,28.33724158,27.11553373,26.56716689
307,28.33807982,27.11694963,26.5686195
307.5,28.33891307,27.11835931,26.57006575
308,28.33974136,27.11976282,26.57150569
308.5,28.34056472,27.12116018,26.57293933
309,28.34138318,27.1225514,26.57436671
309.5,28.34219676,27.12393653,26.57578784
310,28.34300549,27.12531559,26.57720277
310.5,28.34380941,27.1266886,26.57861151
311,28.34460854,27.12805559,26.58001409
311.5,28.34540292,27.12941659,26.58141055
312,28.34619256,27.13077163,26.5828009
312.5,28.3469775,27.13212072,26.58418517
313,28.34775776,27.13346389,26.5855634
313.5,28.34853338,27.13480118,26.5869356
314,28.34930438,27.13613261,26.5883018
314.5,28.35007079,27.1374582,26.58966203
315,28.35083263,27.13877798,26.59101631
315.5,28.35158994,27.14009197,26.59236468
316,28.35234274,27.1414002,26.59370715
316.5,28.35309105,27.14270269,26.59504376
317,28.35383491,27.14399948,26.59637452
317.5,28.35457434,27.14529058,26.59769947
318,28.35530936,27.14657602,26.59901863
318.5,28.35604001,27.14785583,26.60033202
319,28.3567663,27.14913002,26.60163967
319.5,28.35748827,27.15039863,26.6029416
320,28.35820595,27.15166167,26.60423785
320.5,28.35891934,27.15291918,26.60552842
321,28.35962849,27.15417118,26.60681336
321.5,28.36033342,27.15541769,26.60809268
322,28.36103415,27.15665873,26.60936641
322.5,28.3617307,27.15789433,26.61063457
323,28.36242311,27.15912452,26.61189719
323.5,28.36311139,27.16034931,26.6131543
324,28.36379558,27.16156873,26.6144059
324.5,28.36447569,27.16278281,26.61565204
325,28.36515175,27.16399156,26.61689273
325.5,28.36582378,27.16519501,26.61812799
326,28.36649181,27.16639319,26.61935786
326.5,28.36715587,27.16758612,26.62058235
327,28.36781596,27.16877381,26.62180149
327.5,28.36847213,27.1699563,26.6230153
328,28.36912439,27.17113361,26.62422381
328.5,28.36977277,27.17230575,26.62542703
329,28.37041728,27.17347276,26.626625
329.5,28.37105796,27.17463464,26.62781773
330,28.37169482,27.17579144,26.62900524
330.5,28.37232789,27.17694316,26.63018757
331,28.37295719,27.17808984,26.63136472
331.5,28.37358274,27.17923148,26.63253674
332,28.37420456,27.18036813,26.63370363
332.5,28.37482269,27.18149978,26.63486541
333,28.37543713,27.18262648,26.63602213
333.5,28.37604791,27.18374824,26.63717378
334,28.37665506,27.18486508,26.6383204
334.5,28.37725858,27.18597702,26.63946201
335,28.37785852,27.18708409,26.64059863
335.5,28.37845488,27.18818631,26.64173028
336,28.37904769,27.18928369,26.64285699
336.5,28.37963697,27.19037627,26.64397877
337,28.38022275,27.19146405,26.64509565
337.5,28.38080503,27.19254706,26.64620764
338,28.38138384,27.19362533,26.64731478
338.5,28.38195921,27.19469887,26.64841707
339,28.38253115,27.1957677,26.64951455
339.5,28.38309969,27.19683185,26.65060723
340,28.38366484,27.19789133,26.65169514
340.5,28.38422663,27.19894617,26.65277829
341,28.38478506,27.19999638,26.65385671
341.5,28.38534018,27.20104199,26.65493041
342,28.38589199,27.20208301,26.65599942
342.5,28.38644051,27.20311947,26.65706375
343,28.38698576,27.20415139,26.65812344
343.5,28.38752777,27.20517878,26.65917849
344,28.38806655,27.20620167,26.66022893
344.5,28.38860212,27.20722007,26.66127478
345,28.3891345,27.20823401,26.66231606
345.5,28.38966372,27.2092435,26.66335279
346,28.39018978,27.21024857,26.66438499
346.5,28.3907127,27.21124924,26.66541267
347,28.39123252,27.21224551,26.66643586
347.5,28.39174923,27.21323742,26.66745458
348,28.39226287,27.21422498,26.66846885
348.5,28.39277346,27.21520821,26.66947868
349,28.393281,27.21618713,26.6704841
349.5,28.39378552,27.21716175,26.67148513
350,28.39428703,27.21813211,26.67248178
350.5,28.39478556,27.21909821,26.67347407
351,28.39528112,27.22006007,26.67446203
351.5,28.39577372,27.22101772,26.67544567
352,28.3962634,27.22197117,26.67642501
352.5,28.39675015,27.22292044,26.67740007
353,28.39723401,27.22386555,26.67837086
353.5,28.39771499,27.22480651,26.67933741
354,28.3981931,27.22574335,26.68029974
354.5,28.39866837,27.22667608,26.68125787
355,28.39914081,27.22760473,26.6822118
355.5,28.39961043,27.2285293,26.68316156
356,28.40007725,27.22944982,26.68410718
356.5,28.4005413,27.2303663,26.68504866
357,28.40100258,27.23127877,26.68598602
357.5,28.40146112,27.23218723,26.68691929
358,28.40191692,27.23309171,26.68784848
358.5,28.40237001,27.23399223,26.68877361
359,28.4028204,27.2348888,26.68969469
359.5,28.40326811,27.23578144,26.69061175
360,28.40371315,27.23667016,26.69152479
360.5,28.40415555,27.23755499,26.69243385
361,28.40459531,27.23843594,26.69333894
361.5,28.40503245,27.23931303,26.69424007
362,28.40546698,27.24018627,26.69513726
362.5,28.40589893,27.24105569,26.69603052
363,28.40632831,27.24192129,26.69691989
363.5,28.40675513,27.2427831,26.69780536
364,28.4071794,27.24364113,26.69868697
364.5,28.40760115,27.2444954,26.69956472
365,28.40802039,27.24534592,26.70043864
365.5,28.40843714,27.24619271,26.70130873
366,28.4088514,27.24703579,26.70217503
366.5,28.40926319,27.24787518,26.70303753
367,28.40967253,27.24871089,26.70389627
367.5,28.41007944,27.24954293,26.70475125
368,28.41048392,27.25037132,26.7056025
368.5,28.41088599,27.25119608,26.70645002
369,28.41128566,27.25201723,26.70729384
369.5,28.41168296,27.25283478,26.70813398
370,28.41207789,27.25364874,26.70897044
370.5,28.41247047,27.25445914,26.70980324
371,28.41286071,27.25526598,26.7106324
371.5,28.41324863,27.25606928,26.71145794
372,28.41363424,27.25686906,26.71227987
372.5,28.41401755,27.25766534,26.71309821
373,28.41439858,27.25845813,26.71391297
373.5,28.41477734,27.25924743,26.71472418
374,28.41515384,27.26003328,26.71553183
374.5,28.4155281,27.26081569,26.71633595
375,28.41590013,27.26159466,26.71713656
375.5,28.41626995,27.26237022,26.71793367
376,28.41663757,27.26314238,26.7187273
376.5,28.41700299,27.26391115,26.71951746
377,28.41736624,27.26467656,26.72030416
377.5,28.41772733,27.26543861,26.72108742
378,28.41808626,27.26619731,26.72186727
378.5,28.41844306,27.26695269,26.7226437
379,28.41879773,27.26770476,26.72341674
379.5,28.4191503,27.26845354,26.7241864
380,28.41950076,27.26919902,26.72495269
380.5,28.41984913,27.26994125,26.72571564
381,28.42019543,27.27068021,26.72647525
381.5,28.42053967,27.27141594,26.72723154
382,28.42088186,27.27214844,26.72798452
382.5,28.42122201,27.27287773,26.72873422
383,28.42156013,27.27360383,26.72948063
383.5,28.42189624,27.27432674,26.73022379
384,28.42223035,27.27504648,26.7309637
384.5,28.42256247,27.27576307,26.73170037
385,28.42289261,27.27647651,26.73243382
385.5,28.42322079,27.27718683,26.73316407
386,28.42354701,27.27789403,26.73389112
386.5,28.42387129,27.27859813,26.734615
387,28.42419363,27.27929915,26.73533571
387.5,28.42451406,27.27999709,26.73605327
388,28.42483258,27.28069197,26.7367677
388.5,28.4251492,27.28138381,26.737479
389,28.42546394,27.28207261,26.73818719
389.5,28.4257768,27.28275839,26.73889229
390,28.4260878,27.28344117,26.73959431
390.5,28.42639695,27.28412095,26.74029325
391,28.42670426,27.28479776,26.74098915
391.5,28.42700973,27.28547159,26.741682
392,28.42731339,27.28614247,26.74237182
392.5,28.42761524,27.28681041,26.74305863
393,28.42791529,27.28747543,26.74374243
393.5,28.42821356,27.28813752,26.74442325
394,28.42851004,27.28879672,26.74510109
394.5,28.42880477,27.28945302,26.74577597
395,28.42909773,27.29010645,26.7464479
395.5,28.42938896,27.29075701,26.74711689
396,28.42967844,27.29140472,26.74778295
396.5,28.42996621,27.29204959,26.74844611
397,28.43025226,27.29269164,26.74910636
397.5,28.43053661,27.29333086,26.74976374
398,28.43081926,27.29396729,26.75041823
398.5,28.43110023,27.29460093,26.75106987
399,28.43137953,27.29523179,26.75171866
399.5,28.43165716,27.29585988,26.75236461
400,28.43193314,27.29648522,26.75300774
400.5,28.43220748,27.29710782,26.75364806
401,28.43248019,27.29772768,26.75428558
401.5,28.43275126,27.29834483,26.75492031
402,28.43302073,27.29895928,26.75555227
402.5,28.43328859,27.29957103,26.75618146
403,28.43355486,27.3001801,26.75680791
403.5,28.43381954,27.3007865,26.75743161
404,28.43408264,27.30139024,26.7580526
404.5,28.43434418,27.30199133,26.75867086
405,28.43460415,27.30258979,26.75928643
405.5,28.43486259,27.30318563,26.7598993
406,28.43511948,27.30377885,26.76050949
406.5,28.43537484,27.30436947,26.76111702
407,28.43562868,27.30495751,26.76172189
407.5,28.43588101,27.30554296,26.76232412
408,28.43613184,27.30612585,26.76292372
408.5,28.43638117,27.30670618,26.76352069
409,28.43662902,27.30728397,26.76411506
409.5,28.43687539,27.30785923,26.76470683
410,28.4371203,27.30843196,26.76529601
410.5,28.43736374,27.30900218,26.76588261
411,28.43760574,27.3095699,26.76646666
411.5,28.4378463,27.31013514,26.76704815
412,28.43808542,27.31069789,26.76762709
412.5,28.43832312,27.31125818,26.76820351
413,28.4385594,27.31181602,26.76877741
413.5,28.43879428,27.3123714,26.7693488
414,28.43902776,27.31292435,26.76991769
414.5,28.43925984,27.31347488,26.77048409
415,28.43949055,27.314023,26.77104802
415.5,28.43971988,27.31456871,26.77160948
416,28.43994785,27.31511203,26.77216849
416.5,28.44017446,27.31565296,26.77272506
417,28.44039971,27.31619153,26.77327919
417.5,28.44062363,27.31672773,26.7738309
418,28.44084621,27.31726159,26.7743802
418.5,28.44106747,27.3177931,26.7749271
419,28.44128741,27.31832229,26.77547161
419.5,28.44150604,27.31884915,26.77601374
420,28.44172337,27.3193737,26.7765535
420.5,28.44193941,27.31989596,26.7770909
421,28.44215416,27.32041592,26.77762595
421.5,28.44236762,27.3209336,26.77815866
422,28.44257982,27.32144902,26.77868904
422.5,28.44279076,27.32196218,26.77921711
423,28.44300044,27.32247308,26.77974287
423.5,28.44320886,27.32298175,26.78026632
424,28.44341605,27.32348818,26.7807875
424.5,28.44362201,27.3239924,26.78130639
425,28.44382673,27.3244944,26.78182301
425.5,28.44403024,27.32499421,26.78233738
426,28.44423254,27.32549182,26.7828495
426.5,28.44443363,27.32598725,26.78335938
427,28.44463353,27.32648051,26.78386703
427.5,28.44483223,27.32697161,26.78437246
428,28.44502975,27.32746055,26.78487568
428.5,28.4452261,27.32794736,26.78537671
429,28.44542127,27.32843202,26.78587554
429.5,28.44561528,27.32891456,26.78637219
430,28.44580814,27.32939499,26.78686667
430.5,28.44599985,27.32987331,26.78735899
431,28.44619042,27.33034953,26.78784916
431.5,28.44637985,27.33082367,26.78833719
432,28.44656815,27.33129573,26.78882308
432.5,28.44675534,27.33176571,26.78930685
433,28.4469414,27.33223364,26.78978851
433.5,28.44712636,27.33269951,26.79026805
434,28.44731022,27.33316335,26.79074551
434.5,28.44749299,27.33362515,26.79122087
435,28.44767466,27.33408492,26.79169416
435.5,28.44785526,27.33454268,26.79216538
436,28.44803477,27.33499843,26.79263454
436.5,28.44821322,27.33545219,26.79310165
437,28.44839061,27.33590395,26.79356672
437.5,28.44856694,27.33635374,26.79402975
438,28.44874222,27.33680155,26.79449076
438.5,28.44891645,27.3372474,26.79494976
439,28.44908965,27.3376913,26.79540675
439.5,28.44926182,27.33813324,26.79586174
440,28.44943296,27.33857326,26.79631474
440.5,28.44960308,27.33901134,26.79676577
441,28.44977219,27.3394475,26.79721482
441.5,28.4499403,27.33988175,26.79766191
442,28.4501074,27.34031409,26.79810704
442.5,28.4502735,27.34074455,26.79855023
443,28.45043862,27.34117311,26.79899148
443.5,28.45060275,27.34159979,26.79943081
444,28.45076591,27.34202461,26.79986821
444.5,28.45092809,27.34244756,26.8003037
445,28.45108931,27.34286866,26.80073729
445.5,28.45124957,27.34328791,26.80116898
446,28.45140887,27.34370532,26.80159878
446.5,28.45156723,27.3441209,26.80202671
447,28.45172464,27.34453466,26.80245277
447.5,28.45188112,27.34494661,26.80287696
448,28.45203666,27.34535675,26.8032993
448.5,28.45219128,27.3457651,26.80371979
449,28.45234497,27.34617165,26.80413845
449.5,28.45249775,27.34657642,26.80455528
450,28.45264963,27.34697942,26.80497028
450.5,28.45280059,27.34738064,26.80538347
451,28.45295066,27.34778012,26.80579485
451.5,28.45309983,27.34817783,26.80620444
452,28.45324812,27.34857381,26.80661223
452.5,28.45339552,27.34896805,26.80701825
453,28.45354205,27.34936056,26.80742248
453.5,28.4536877,27.34975135,26.80782495
454,28.45383248,27.35014043,26.80822567
454.5,28.4539764,27.3505278,26.80862463
455,28.45411947,27.35091347,26.80902184
455.5,28.45426168,27.35129745,26.80941732
456,28.45440305,27.35167975,26.80981108
456.5,28.45454357,27.35206038,26.81020311
457,28.45468326,27.35243933,26.81059342
457.5,28.45482212,27.35281662,26.81098203
458,28.45496015,27.35319226,26.81136895
458.5,28.45509735,27.35356625,26.81175417
459,28.45523374,27.35393861,26.8121377
459.5,28.45536932,27.35430933,26.81251957
460,28.45550409,27.35467842,26.81289976
460.5,28.45563806,27.3550459,26.81327829
461,28.45577123,27.35541176,26.81365516
461.5,28.4559036,27.35577603,26.81403039
462,28.45603519,27.35613869,26.81440398
462.5,28.456166,27.35649977,26.81477593
463,28.45629602,27.35685926,26.81514626
463.5,28.45642528,27.35721717,26.81551497
464,28.45655376,27.35757352,26.81588207
464.5,28.45668147,27.3579283,26.81624757
465,28.45680843,27.35828153,26.81661146
465.5,28.45693463,27.35863321,26.81697377
466,28.45706008,27.35898335,26.81733449
466.5,28.45718478,27.35933196,26.81769364
467,28.45730874,27.35967903,26.81805121
467.5,28.45743196,27.36002459,26.81840723
468,28.45755445,27.36036862,26.81876168
468.5,28.4576762,27.36071116,26.81911459
469,28.45779724,27.36105218,26.81946596
469.5,28.45791755,27.36139172,26.81981578
470,28.45803714,27.36172976,26.82016408
470.5,28.45815602,27.36206633,26.82051086
471,28.4582742,27.36240141,26.82085612
471.5,28.45839167,27.36273503,26.82119988
472,28.45850844,27.36306719,26.82154213
472.5,28.45862452,27.36339789,26.82188288
473,28.4587399,27.36372714,26.82222215
473.5,28.4588546,27.36405495,26.82255993
474,28.45896862,27.36438132,26.82289623
474.5,28.45908195,27.36470626,26.82323107
475,28.45919461,27.36502977,26.82356444
475.5,28.4593066,27.36535187,26.82389635
476,28.45941792,27.36567255,26.82422682
476.5,28.45952858,27.36599183,26.82455584
477,28.45963859,27.36630971,26.82488342
477.5,28.45974793,27.36662619,26.82520957
478,28.45985663,27.36694129,26.82553429
478.5,28.45996467,27.367255,26.8258576
479,28.46007208,27.36756734,26.82617949
479.5,28.46017884,27.36787832,26.82649997
480,28.46028497,27.36818792,26.82681905
480.5,28.46039047,27.36849617,26.82713674
481,28.46049534,27.36880307,26.82745304
481.5,28.46059958,27.36910863,26.82776796
482,28.4607032,27.36941284,26.8280815
482.5,28.46080621,27.36971572,26.82839367
483,28.4609086,27.37001727,26.82870448
483.5,28.46101038,27.3703175,26.82901393
484,28.46111156,27.37061642,26.82932202
484.5,28.46121213,27.37091402,26.82962877
485,28.46131211,27.37121032,26.82993418
485.5,28.46141149,27.37150532,26.83023825
486,28.46151028,27.37179903,26.83054099
486.5,28.46160848,27.37209145,26.83084241
487,28.46170609,27.37238259,26.83114251
487.5,28.46180312,27.37267245,26.83144131
488,28.46189958,27.37296104,26.83173879
488.5,28.46199546,27.37324836,26.83203497
489,28.46209077,27.37353443,26.83232986
489.5,28.46218551,27.37381924,26.83262347
490,28.46227969,27.3741028,26.83291578
490.5,28.46237331,27.37438512,26.83320682
491,28.46246637,27.3746662,26.83349659
491.5,28.46255888,27.37494605,26.83378509
492,28.46265083,27.37522468,26.83407233
492.5,28.46274224,27.37550208,26.83435832
493,28.4628331,27.37577826,26.83464305
493.5,28.46292342,27.37605324,26.83492654
494,28.46301321,27.376327,26.83520879
494.5,28.46310246,27.37659957,26.83548981
495,28.46319117,27.37687095,26.8357696
495.5,28.46327936,27.37714113,26.83604816
496,28.46336703,27.37741013,26.83632551
496.5,28.46345417,27.37767795,26.83660165
497,28.46354079,27.3779446,26.83687658
497.5,28.4636269,27.37821007,26.8371503
498,28.4637125,27.37847439,26.83742283
498.5,28.46379758,27.37873754,26.83769417
499,28.46388216,27.37899954,26.83796433
499.5,28.46396623,27.37926039,26.8382333
500,28.46404981,27.3795201,26.8385011
500.5,28.46413288,27.37977867,26.83876772
501,28.46421546,27.38003611,26.83903318
501.5,28.46429755,27.38029242,26.83929749
502,28.46437916,27.3805476,26.83956063
502.5,28.46446027,27.38080167,26.83982263
503,28.4645409,27.38105462,26.84008348
503.5,28.46462105,27.38130646,26.84034319
504,28.46470073,27.3815572,26.84060176
504.5,28.46477993,27.38180684,26.8408592
505,28.46485866,27.38205538,26.84111552
505.5,28.46493692,27.38230284,26.84137072
506,28.46501471,27.38254921,26.84162481
506.5,28.46509204,27.3827945,26.84187778
507,28.46516891,27.38303871,26.84212965
507.5,28.46524532,27.38328186,26.84238041
508,28.46532128,27.38352393,26.84263008
508.5,28.46539678,27.38376495,26.84287866
509,28.46547184,27.38400491,26.84312615
509.5,28.46554644,27.38424382,26.84337256
510,28.46562061,27.38448168,26.8436179
510.5,28.46569433,27.3847185,26.84386216
511,28.46576761,27.38495428,26.84410535
511.5,28.46584046,27.38518903,26.84434748
512,28.46591287,27.38542274,26.84458855
512.5,28.46598485,27.38565544,26.84482857
513,28.4660564,27.38588711,26.84506754
513.5,28.46612753,27.38611776,26.84530546
514,28.46619823,27.38634741,26.84554235
514.5,28.46626851,27.38657605,26.8457782
515,28.46633838,27.38680368,26.84601302
515.5,28.46640783,27.38703032,26.84624681
516,28.46647686,27.38725597,26.84647958
516.5,28.46654548,27.38748062,26.84671133
517,28.4666137,27.38770429,26.84694207
517.5,28.4666815,27.38792698,26.8471718
518,28.46674891,27.3881487,26.84740053
518.5,28.46681591,27.38836944,26.84762825
519,28.46688251,27.38858921,26.84785499
519.5,28.46694872,27.38880802,26.84808073
520,28.46701453,27.38902588,26.84830548
520.5,28.46707995,27.38924277,26.84852925
521,28.46714498,27.38945872,26.84875204
521.5,28.46720963,27.38967372,26.84897386
522,28.46727389,27.38988777,26.84919471
522.5,28.46733776,27.39010089,26.8494146
523,28.46740126,27.39031307,26.84963352
523.5,28.46746438,27.39052433,26.84985149
524,28.46752712,27.39073465,26.8500685
524.5,28.46758949,27.39094406,26.85028457
525,28.46765148,27.39115255,26.85049969
525.5,28.46771311,27.39136012,26.85071387
526,28.46777437,27.39156678,26.85092711
526.5,28.46783527,27.39177254,26.85113943
527,28.4678958,27.39197739,26.85135081
527.5,28.46795597,27.39218135,26.85156127
528,28.46801579,27.39238441,26.85177081
528.5,28.46807524,27.39258658,26.85197943
529,28.46813435,27.39278787,26.85218715
529.5,28.4681931,27.39298827,26.85239395
530,28.4682515,27.3931878,26.85259985
530.5,28.46830956,27.39338645,26.85280485
531,28.46836727,27.39358423,26.85300896
531.5,28.46842463,27.39378114,26.85321217
532,28.46848165,27.39397719,26.85341449
532.5,28.46853834,27.39417238,26.85361593
533,28.46859468,27.39436671,26.85381649
533.5,28.46865069,27.3945602,26.85401618
534,28.46870637,27.39475283,26.85421499
534.5,28.46876172,27.39494462,26.85441293
535,28.46881673,27.39513557,26.85461
535.5,28.46887142,27.39532568,26.85480622
536,28.46892578,27.39551495,26.85500157
536.5,28.46897982,27.3957034,26.85519608
537,28.46903354,27.39589102,26.85538973
537.5,28.46908694,27.39607782,26.85558254
538,28.46914001,27.3962638,26.8557745
538.5,28.46919278,27.39644897,26.85596562
539,28.46924523,27.39663332,26.85615591
539.5,28.46929736,27.39681687,26.85634537
540,28.46934919,27.39699961,26.856534
540.5,28.46940071,27.39718155,26.8567218
541,28.46945192,27.39736269,26.85690879
541.5,28.46950282,27.39754304,26.85709495
542,28.46955342,27.39772259,26.85728031
542.5,28.46960373,27.39790136,26.85746485
543,28.46965373,27.39807935,26.85764858
543.5,28.46970343,27.39825655,26.85783152
544,28.46975284,27.39843298,26.85801365
544.5,28.46980195,27.39860864,26.85819499
545,28.46985077,27.39878352,26.85837553
545.5,28.4698993,27.39895764,26.85855529
546,28.46994754,27.399131,26.85873426
546.5,28.4699955,27.39930359,26.85891244
547,28.47004317,27.39947543,26.85908985
547.5,28.47009055,27.39964651,26.85926648
548,28.47013765,27.39981685,26.85944235
548.5,28.47018448,27.39998644,26.85961744
549,28.47023102,27.40015528,26.85979176
549.5,28.47027728,27.40032339,26.85996533
550,28.47032327,27.40049075,26.86013814
550.5,28.47036899,27.40065739,26.86031019
551,28.47041443,27.40082329,26.86048149
551.5,28.47045961,27.40098847,26.86065204
552,28.47050451,27.40115292,26.86082184
552.5,28.47054915,27.40131665,26.8609909
553,28.47059352,27.40147966,26.86115923
553.5,28.47063763,27.40164196,26.86132681
554,28.47068147,27.40180355,26.86149367
554.5,28.47072506,27.40196443,26.86165979
555,28.47076838,27.4021246,26.86182519
555.5,28.47081145,27.40228407,26.86198987
556,28.47085425,27.40244284,26.86215383
556.5,28.47089681,27.40260092,26.86231707
557,28.47093911,27.4027583,26.86247959
557.5,28.47098116,27.40291499,26.86264141
558,28.47102296,27.403071,26.86280252
558.5,28.47106451,27.40322632,26.86296292
559,28.47110581,27.40338096,26.86312263
559.5,28.47114687,27.40353493,26.86328163
560,28.47118768,27.40368821,26.86343994
560.5,28.47122825,27.40384083,26.86359756
561,28.47126857,27.40399278,26.86375449
561.5,28.47130866,27.40414406,26.86391074
562,28.47134851,27.40429468,26.8640663
562.5,28.47138812,27.40444463,26.86422118
563,28.47142749,27.40459393,26.86437538
563.5,28.47146664,27.40474258,26.86452891
564,28.47150554,27.40489057,26.86468177
564.5,28.47154422,27.40503792,26.86483396
565,28.47158266,27.40518462,26.86498549
565.5,28.47162088,27.40533067,26.86513635
566,28.47165887,27.40547609,26.86528655
566.5,28.47169663,27.40562087,26.8654361
567,28.47173417,27.40576501,26.86558499
567.5,28.47177148,27.40590852,26.86573324
568,28.47180858,27.4060514,26.86588083
568.5,28.47184545,27.40619366,26.86602778
569,28.4718821,27.40633529,26.86617409
569.5,28.47191853,27.4064763,26.86631976
570,28.47195475,27.40661669,26.86646479
570.5,28.47199075,27.40675647,26.86660918
571,28.47202654,27.40689564,26.86675295
571.5,28.47206211,27.40703419,26.86689609
572,28.47209747,27.40717214,26.8670386
572.5,28.47213262,27.40730948,26.86718049
573,28.47216756,27.40744622,26.86732176
573.5,28.4722023,27.40758236,26.86746241
574,28.47223682,27.40771791,26.86760244
574.5,28.47227114,27.40785286,26.86774187
575,28.47230526,27.40798721,26.86788068
575.5,28.47233917,27.40812098,26.86801889
576,28.47237288,27.40825417,26.8681565
576.5,28.47240639,27.40838676,26.8682935
577,28.47243971,27.40851878,26.8684299
577.5,28.47247282,27.40865022,26.86856571
578,28.47250573,27.40878108,26.86870092
578.5,28.47253845,27.40891137,26.86883555
579,28.47257098,27.40904109,26.86896958
579.5,28.47260331,27.40917024,26.86910303
580,28.47263545,27.40929882,26.86923589
580.5,28.47266739,27.40942684,26.86936818
581,28.47269915,27.4095543,26.86949989
581.5,28.47273072,27.4096812,26.86963102
582,28.4727621,27.40980754,26.86976157
582.5,28.47279329,27.40993333,26.86989156
583,28.4728243,27.41005856,26.87002098
583.5,28.47285512,27.41018325,26.87014983
584,28.47288576,27.41030739,26.87027812
584.5,28.47291622,27.41043099,26.87040585
585,28.47294649,27.41055405,26.87053302
585.5,28.47297659,27.41067656,26.87065964
586,28.4730065,27.41079854,26.8707857
586.5,28.47303624,27.41091999,26.87091121
587,28.4730658,27.4110409,26.87103617
587.5,28.47309518,27.41116128,26.87116058
588,28.47312439,27.41128113,26.87128446
588.5,28.47315343,27.41140046,26.87140779
589,28.47318229,27.41151927,26.87153058
589.5,28.47321098,27.41163755,26.87165283
590,28.4732395,27.41175532,26.87177455
590.5,28.47326785,27.41187257,26.87189574
591,28.47329603,27.4119893,26.8720164
591.5,28.47332404,27.41210553,26.87213653
592,28.47335189,27.41222124,26.87225614
592.5,28.47337957,27.41233645,26.87237522
593,28.47340708,27.41245115,26.87249378
593.5,28.47343444,27.41256535,26.87261183
594,28.47346163,27.41267905,26.87272935
594.5,28.47348865,27.41279225,26.87284637
595,28.47351552,27.41290495,26.87296287
595.5,28.47354222,27.41301716,26.87307886
596,28.47356877,27.41312888,26.87319435
596.5,28.47359516,27.41324011,26.87330933
597,28.47362139,27.41335085,26.87342381
597.5,28.47364747,27.4134611,26.87353779
598,28.47367339,27.41357087,26.87365127
598.5,28.47369915,27.41368016,26.87376426
599,28.47372477,27.41378897,26.87387675
599.5,28.47375023,27.41389731,26.87398875
600,28.47377553,27.41400517,26.87410026
600.5,28.47380069,27.41411255,26.87421128
601,28.4738257,27.41421947,26.87432182
601.5,28.47385056,27.41432592,26.87443187
602,28.47387527,27.4144319,26.87454144
602.5,28.47389983,27.41453741,26.87465054
603,28.47392425,27.41464246,26.87475916
603.5,28.47394852,27.41474706,26.8748673
604,28.47397265,27.41485119,26.87497497
604.5,28.47399663,27.41495487,26.87508217
605,28.47402047,27.41505809,26.8751889
605.5,28.47404417,27.41516086,26.87529516
606,28.47406773,27.41526318,26.87540096
606.5,28.47409115,27.41536505,26.8755063
607,28.47411443,27.41546647,26.87561117
607.5,28.47413756,27.41556745,26.87571559
608,28.47416057,27.41566799,26.87581955
608.5,28.47418343,27.41576809,26.87592306
609,28.47420616,27.41586775,26.87602612
609.5,28.47422875,27.41596697,26.87612872
610,28.47425121,27.41606575,26.87623088
610.5,28.47427354,27.4161641,26.87633259
611,28.47429573,27.41626203,26.87643385
611.5,28.47431779,27.41635952,26.87653467
612,28.47433972,27.41645658,26.87663505
612.5,28.47436151,27.41655322,26.876735
613,28.47438318,27.41664944,26.8768345
613.5,28.47440472,27.41674523,26.87693357
614,28.47442613,27.4168406,26.87703221
614.5,28.47444741,27.41693556,26.87713042
615,28.47446857,27.4170301,26.8772282
615.5,28.4744896,27.41712422,26.87732555
616,28.47451051,27.41721794,26.87742247
616.5,28.47453129,27.41731124,26.87751897
617,28.47455194,27.41740413,26.87761505
617.5,28.47457248,27.41749661,26.87771071
618,28.47459289,27.41758869,26.87780595
618.5,28.47461318,27.41768037,26.87790078
619,28.47463335,27.41777164,26.87799519
619.5,28.4746534,27.41786252,26.87808918
620,28.47467333,27.41795299,26.87818277
620.5,28.47469314,27.41804307,26.87827595
621,28.47471283,27.41813276,26.87836872
621.5,28.47473241,27.41822205,26.87846108
622,28.47475187,27.41831095,26.87855305
622.5,28.47477121,27.41839945,26.8786446
623,28.47479044,27.41848758,26.87873576
623.5,28.47480955,27.41857531,26.87882652
624,28.47482855,27.41866266,26.87891689
624.5,28.47484744,27.41874963,26.87900686
625,28.47486621,27.41883622,26.87909643
625.5,28.47488487,27.41892242,26.87918562
626,28.47490342,27.41900825,26.87927441
626.5,28.47492187,27.4190937,26.87936282
627,28.4749402,27.41917878,26.87945084
627.5,28.47495842,27.41926349,26.87953847
628,28.47497653,27.41934782,26.87962572
628.5,28.47499454,27.41943178,26.87971259
629,28.47501243,27.41951538,26.87979908
629.5,28.47503023,27.41959861,26.8798852
630,28.47504791,27.41968147,26.87997093
630.5,28.47506549,27.41976397,26.8800563
631,28.47508297,27.41984611,26.88014128
631.5,28.47510034,27.41992789,26.8802259
632,28.47511761,27.42000931,26.88031015
632.5,28.47513477,27.42009038,26.88039403
633,28.47515184,27.42017109,26.88047754
633.5,28.4751688,27.42025144,26.88056069
634,28.47518566,27.42033144,26.88064347
634.5,28.47520242,27.42041109,26.88072589
635,28.47521908,27.4204904,26.88080795
635.5,28.47523564,27.42056935,26.88088966
636,28.4752521,27.42064796,26.880971
636.5,28.47526846,27.42072622,26.88105199
637,28.47528473,27.42080414,26.88113263
637.5,28.4753009,27.42088172,26.88121291
638,28.47531698,27.42095896,26.88129285
638.5,28.47533295,27.42103586,26.88137243
639,28.47534884,27.42111243,26.88145167
639.5,28.47536462,27.42118865,26.88153055
640,28.47538032,27.42126455,26.8816091
640.5,28.47539592,27.42134011,26.8816873
641,28.47541143,27.42141534,26.88176516
641.5,28.47542684,27.42149024,26.88184268
642,28.47544217,27.42156481,26.88191986
642.5,28.4754574,27.42163905,26.8819967
643,28.47547254,27.42171297,26.88207321
643.5,28.47548759,27.42178657,26.88214938
644,28.47550255,27.42185984,26.88222522
644.5,28.47551743,27.42193279,26.88230073
645,28.47553221,27.42200542,26.88237591
645.5,28.47554691,27.42207774,26.88245076
646,28.47556152,27.42214973,26.88252528
646.5,28.47557604,27.42222141,26.88259948
647,28.47559047,27.42229278,26.88267335
647.5,28.47560482,27.42236383,26.8827469
648,28.47561909,27.42243457,26.88282013
648.5,28.47563326,27.422505,26.88289303
649,28.47564736,27.42257513,26.88296562
649.5,28.47566137,27.42264494,26.88303789
650,28.4756753,27.42271445,26.88310985
650.5,28.47568914,27.42278365,26.88318149
651,28.4757029,27.42285256,26.88325282
651.5,28.47571658,27.42292115,26.88332384
652,28.47573018,27.42298945,26.88339454
652.5,28.4757437,27.42305745,26.88346494
653,28.47575713,27.42312515,26.88353503
653.5,28.47577049,27.42319256,26.88360481
654,28.47578377,27.42325966,26.88367429
654.5,28.47579697,27.42332648,26.88374346
655,28.47581009,27.423393,26.88381234
655.5,28.47582313,27.42345923,26.88388091
656,28.47583609,27.42352517,26.88394918
656.5,28.47584898,27.42359082,26.88401715
657,28.47586179,27.42365618,26.88408483
657.5,28.47587452,27.42372126,26.88415221
658,28.47588718,27.42378605,26.88421929
658.5,28.47589976,27.42385055,26.88428608
659,28.47591227,27.42391478,26.88435258
659.5,28.4759247,27.42397872,26.88441879
660,28.47593706,27.42404238,26.88448471
660.5,28.47594934,27.42410576,26.88455034
661,28.47596156,27.42416887,26.88461569
661.5,28.4759737,27.4242317,26.88468075
662,28.47598576,27.42429425,26.88474552
662.5,28.47599776,27.42435653,26.88481002
663,28.47600968,27.42441853,26.88487423
663.5,28.47602153,27.42448027,26.88493815
664,28.47603332,27.42454173,26.8850018
664.5,28.47604503,27.42460292,26.88506518
665,28.47605667,27.42466385,26.88512827
665.5,28.47606824,27.42472451,26.88519109
666,28.47607975,27.4247849,26.88525363
666.5,28.47609118,27.42484503,26.8853159
667,28.47610255,27.42490489,26.8853779
667.5,28.47611385,27.42496449,26.88543963
668,28.47612508,27.42502383,26.88550109
668.5,28.47613625,27.42508291,26.88556228
669,28.47614735,27.42514173,26.8856232
669.5,28.47615838,27.4252003,26.88568386
670,28.47616935,27.4252586,26.88574425
670.5,28.47618025,27.42531665,26.88580437
671,28.47619109,27.42537445,26.88586424
671.5,28.47620186,27.42543199,26.88592384
672,28.47621257,27.42548928,26.88598318
672.5,28.47622321,27.42554632,26.88604226
673,28.47623379,27.42560311,26.88610109
673.5,28.47624431,27.42565965,26.88615965
674,28.47625477,27.42571595,26.88621796
674.5,28.47626516,27.42577199,26.88627602
675,28.47627549,27.42582779,26.88633382
675.5,28.47628576,27.42588335,26.88639137
676,28.47629597,27.42593866,26.88644867
676.5,28.47630612,27.42599373,26.88650572
677,28.4763162,27.42604856,26.88656251
677.5,28.47632623,27.42610314,26.88661906
678,28.4763362,27.42615749,26.88667537
678.5,28.47634611,27.4262116,26.88673142
679,28.47635596,27.42626547,26.88678723
679.5,28.47636575,27.42631911,26.8868428
680,28.47637548,27.42637251,26.88689813
680.5,28.47638515,27.42642568,26.88695321
681,28.47639477,27.42647861,26.88700805
681.5,28.47640433,27.42653132,26.88706265
682,28.47641383,27.42658379,26.88711702
682.5,28.47642328,27.42663603,26.88717114
683,28.47643267,27.42668804,26.88722503
683.5,28.476442,27.42673982,26.88727869
684,28.47645128,27.42679138,26.88733211
684.5,28.4764605,27.42684271,26.88738529
685,28.47646967,27.42689382,26.88743825
685.5,28.47647878,27.4269447,26.88749097
686,28.47648784,27.42699536,26.88754346
686.5,28.47649685,27.4270458,26.88759572
687,28.4765058,27.42709601,26.88764775
687.5,28.4765147,27.42714601,26.88769956
688,28.47652354,27.42719578,26.88775114
688.5,28.47653234,27.42724534,26.8878025
689,28.47654108,27.42729468,26.88785362
689.5,28.47654977,27.42734381,26.88790453
690,28.4765584,27.42739272,26.88795522
690.5,28.47656699,27.42744141,26.88800568
691,28.47657552,27.42748989,26.88805592
691.5,28.476584,27.42753816,26.88810594
692,28.47659244,27.42758622,26.88815574
692.5,28.47660082,27.42763406,26.88820533
693,28.47660915,27.4276817,26.8882547
693.5,28.47661743,27.42772913,26.88830385
694,28.47662567,27.42777635,26.88835279
694.5,28.47663385,27.42782336,26.88840152
695,28.47664199,27.42787017,26.88845003
695.5,28.47665007,27.42791677,26.88849833
696,28.47665811,27.42796317,26.88854642
696.5,28.4766661,27.42800936,26.88859429
697,28.47667405,27.42805535,26.88864196
697.5,28.47668194,27.42810114,26.88868942
698,28.47668979,27.42814673,26.88873668
698.5,28.4766976,27.42819212,26.88878372
699,28.47670535,27.42823731,26.88883056
699.5,28.47671306,27.4282823,26.8888772
700,28.47672073,27.4283271,26.88892363
700.5,28.47672834,27.42837169,26.88896986
701,28.47673592,27.4284161,26.88901589
701.5,28.47674345,27.42846031,26.88906171
702,28.47675093,27.42850432,26.88910734
702.5,28.47675837,27.42854814,26.88915277
703,28.47676576,27.42859177,26.88919799
703.5,28.47677311,27.42863521,26.88924302
704,28.47678042,27.42867846,26.88928786
704.5,28.47678768,27.42872151,26.88933249
705,28.4767949,27.42876438,26.88937694
705.5,28.47680208,27.42880706,26.88942119
706,28.47680921,27.42884956,26.88946524
706.5,28.4768163,27.42889187,26.8895091
707,28.47682335,27.42893399,26.88955277
707.5,28.47683036,27.42897593,26.88959625
708,28.47683732,27.42901768,26.88963954
708.5,28.47684425,27.42905925,26.88968264
709,28.47685113,27.42910064,26.88972555
709.5,28.47685797,27.42914185,26.88976828
710,28.47686477,27.42918287,26.88981081
710.5,28.47687153,27.42922372,26.88985317
711,28.47687825,27.42926439,26.88989533
711.5,28.47688493,27.42930488,26.88993731
712,28.47689157,27.42934519,26.88997911
712.5,28.47689818,27.42938532,26.89002073
713,28.47690474,27.42942528,26.89006216
713.5,28.47691126,27.42946507,26.89010341
714,28.47691774,27.42950468,26.89014449
714.5,28.47692419,27.42954411,26.89018538
715,28.47693059,27.42958337,26.89022609
715.5,28.47693696,27.42962247,26.89026663
716,28.47694329,27.42966138,26.89030699
716.5,28.47694959,27.42970013,26.89034717
717,28.47695584,27.42973871,26.89038718
717.5,28.47696206,27.42977712,26.89042701
718,28.47696824,27.42981536,26.89046667
718.5,28.47697439,27.42985344,26.89050615
719,28.47698049,27.42989134,26.89054547
719.5,28.47698657,27.42992908,26.89058461
720,28.4769926,27.42996666,26.89062358
720.5,28.4769986,27.43000407,26.89066238
721,28.47700456,27.43004132,26.890701
721.5,28.47701049,27.4300784,26.89073946
722,28.47701638,27.43011532,26.89077776
722.5,28.47702224,27.43015208,26.89081588
723,28.47702806,27.43018868,26.89085384
723.5,28.47703385,27.43022511,26.89089163
724,28.47703961,27.43026139,26.89092926
724.5,28.47704533,27.43029751,26.89096672
725,28.47705101,27.43033347,26.89100402
725.5,28.47705666,27.43036927,26.89104116
726,28.47706228,27.43040492,26.89107813
726.5,28.47706786,27.43044041,26.89111494
727,28.47707342,27.43047574,26.89115159
727.5,28.47707893,27.43051092,26.89118809
728,28.47708442,27.43054594,26.89122442
728.5,28.47708987,27.43058081,26.89126059
729,28.47709529,27.43061553,26.8912966
729.5,28.47710068,27.4306501,26.89133246
730,28.47710603,27.43068451,26.89136816
730.5,28.47711136,27.43071878,26.89140371
731,28.47711665,27.43075289,26.89143909
731.5,28.47712191,27.43078685,26.89147433
732,28.47712714,27.43082067,26.89150941
732.5,28.47713234,27.43085433,26.89154434
733,28.4771375,27.43088785,26.89157911
733.5,28.47714264,27.43092122,26.89161373
734,28.47714775,27.43095445,26.8916482
734.5,28.47715282,27.43098753,26.89168252
735,28.47715787,27.43102046,26.89171669
735.5,28.47716288,27.43105326,26.89175071
736,28.47716787,27.4310859,26.89178459
736.5,28.47717282,27.43111841,26.89181831
737,28.47717775,27.43115077,26.89185189
737.5,28.47718265,27.43118299,26.89188532
738,28.47718751,27.43121506,26.8919186
738.5,28.47719235,27.431247,26.89195174
739,28.47719716,27.4312788,26.89198473
739.5,28.47720194,27.43131046,26.89201758
740,28.4772067,27.43134198,26.89205029
740.5,28.47721142,27.43137336,26.89208285
741,28.47721612,27.4314046,26.89211527
741.5,28.47722078,27.43143571,26.89214755
742,28.47722542,27.43146668,26.89217969
742.5,28.47723004,27.43149751,26.89221168
743,28.47723462,27.43152821,26.89224354
743.5,28.47723918,27.43155878,26.89227526
744,28.47724371,27.43158921,26.89230684
744.5,28.47724821,27.4316195,26.89233828
745,28.47725269,27.43164967,26.89236958
745.5,28.47725714,27.4316797,26.89240075
746,28.47726157,27.4317096,26.89243178
746.5,28.47726596,27.43173937,26.89246268
747,28.47727033,27.43176901,26.89249344
747.5,28.47727468,27.43179852,26.89252406
748,28.477279,27.4318279,26.89255456
748.5,28.47728329,27.43185715,26.89258491
749,28.47728756,27.43188627,26.89261514
749.5,28.4772918,27.43191526,26.89264523
750,28.47729602,27.43194413,26.8926752
750.5,28.47730021,27.43197287,26.89270503
751,28.47730438,27.43200149,26.89273473
751.5,28.47730852,27.43202998,26.8927643
752,28.47731264,27.43205834,26.89279374
752.5,28.47731674,27.43208658,26.89282305
753,28.4773208,27.4321147,26.89285224
753.5,28.47732485,27.43214269,26.8928813
754,28.47732887,27.43217056,26.89291023
754.5,28.47733287,27.43219831,26.89293903
755,28.47733684,27.43222594,26.89296771
755.5,28.47734079,27.43225345,26.89299626
756,28.47734471,27.43228083,26.89302469
756.5,28.47734862,27.4323081,26.89305299
757,28.4773525,27.43233524,26.89308117
757.5,28.47735635,27.43236227,26.89310923
758,28.47736018,27.43238918,26.89313716
758.5,28.47736399,27.43241597,26.89316498
759,28.47736778,27.43244264,26.89319267
759.5,28.47737155,27.43246919,26.89322023
760,28.47737529,27.43249563,26.89324768
760.5,28.47737901,27.43252196,26.89327501
761,28.47738271,27.43254816,26.89330222
761.5,28.47738638,27.43257426,26.89332931
762,28.47739004,27.43260024,26.89335628
762.5,28.47739367,27.4326261,26.89338314
763,28.47739728,27.43265185,26.89340988
763.5,28.47740087,27.43267749,26.8934365
764,28.47740444,27.43270302,26.893463
764.5,28.47740799,27.43272843,26.89348939
765,28.47741151,27.43275373,26.89351566
765.5,28.47741502,27.43277893,26.89354182
766,28.4774185,27.43280401,26.89356786
766.5,28.47742196,27.43282898,26.89359379
767,28.4774254,27.43285384,26.89361961
767.5,28.47742883,27.43287859,26.89364531
768,28.47743223,27.43290324,26.8936709
768.5,28.47743561,27.43292777,26.89369638
769,28.47743897,27.4329522,26.89372175
769.5,28.47744231,27.43297652,26.893747
770,28.47744563,27.43300074,26.89377215
770.5,28.47744893,27.43302485,26.89379719
771,28.47745222,27.43304885,26.89382211
771.5,28.47745548,27.43307275,26.89384693
772,28.47745872,27.43309654,26.89387164
772.5,28.47746194,27.43312023,26.89389624
773,28.47746515,27.43314382,26.89392074
773.5,28.47746833,27.4331673,26.89394512
774,28.4774715,27.43319068,26.8939694
774.5,28.47747465,27.43321395,26.89399358
775,28.47747778,27.43323713,26.89401765
775.5,28.47748089,27.4332602,26.89404161
776,28.47748398,27.43328317,26.89406547
776.5,28.47748705,27.43330604,26.89408922
777,28.4774901,27.43332881,26.89411287
777.5,28.47749314,27.43335148,26.89413642
778,28.47749616,27.43337406,26.89415986
778.5,28.47749916,27.43339653,26.89418321
779,28.47750214,27.4334189,26.89420645
779.5,28.47750511,27.43344118,26.89422958
780,28.47750805,27.43346336,26.89425262
780.5,28.47751098,27.43348544,26.89427556
781,28.4775139,27.43350742,26.89429839
781.5,28.47751679,27.43352931,26.89432113
782,28.47751967,27.4335511,26.89434377
782.5,28.47752253,27.4335728,26.8943663
783,28.47752537,27.4335944,26.89438874
783.5,28.4775282,27.4336159,26.89441109
784,28.47753101,27.43363731,26.89443333
784.5,28.4775338,27.43365863,26.89445548
785,28.47753658,27.43367986,26.89447753
785.5,28.47753934,27.43370099,26.89449948
786,28.47754208,27.43372203,26.89452134
786.5,28.47754481,27.43374298,26.8945431
787,28.47754752,27.43376383,26.89456476
787.5,28.47755021,27.43378459,26.89458634
788,28.47755289,27.43380527,26.89460781
788.5,28.47755555,27.43382585,26.8946292
789,28.4775582,27.43384634,26.89465049
789.5,28.47756083,27.43386674,26.89467169
790,28.47756345,27.43388705,26.89469279
790.5,28.47756605,27.43390728,26.8947138
791,28.47756863,27.43392741,26.89473472
791.5,28.4775712,27.43394746,26.89475555
792,28.47757375,27.43396742,26.89477629
792.5,28.47757629,27.43398729,26.89479694
793,28.47757882,27.43400707,26.89481749
793.5,28.47758132,27.43402677,26.89483796
794,28.47758382,27.43404638,26.89485834
794.5,28.4775863,27.4340659,26.89487863
795,28.47758876,27.43408534,26.89489883
795.5,28.47759121,27.4341047,26.89491894
796,28.47759364,27.43412397,26.89493896
796.5,28.47759606,27.43414315,26.8949589
797,28.47759847,27.43416225,26.89497875
797.5,28.47760086,27.43418127,26.89499851
798,28.47760324,27.4342002,26.89501819
798.5,28.4776056,27.43421905,26.89503778
799,28.47760795,27.43423782,26.89505728
799.5,28.47761028,27.43425651,26.8950767
800,28.4776126,27.43427511,26.89509604
800.5,28.47761491,27.43429363,26.89511528
801,28.4776172,27.43431207,26.89513445
801.5,28.47761948,27.43433043,26.89515353
802,28.47762175,27.43434871,26.89517253
802.5,28.477624,27.43436691,26.89519145
803,28.47762624,27.43438503,26.89521028
803.5,28.47762847,27.43440307,26.89522903
804,28.47763068,27.43442103,26.8952477
804.5,28.47763288,27.43443891,26.89526628
805,28.47763507,27.43445672,26.89528479
805.5,28.47763724,27.43447444,26.89530321
806,28.4776394,27.43449209,26.89532156
806.5,28.47764155,27.43450966,26.89533982
807,28.47764368,27.43452716,26.89535801
807.5,28.4776458,27.43454457,26.89537611
808,28.47764791,27.43456192,26.89539414
808.5,28.47765001,27.43457918,26.89541208
809,28.47765209,27.43459637,26.89542995
809.5,28.47765417,27.43461348,26.89544774
810,28.47765623,27.43463052,26.89546545
810.5,28.47765827,27.43464749,26.89548309
811,28.47766031,27.43466437,26.89550065
811.5,28.47766233,27.43468119,26.89551813
812,28.47766434,27.43469793,26.89553553
812.5,28.47766634,27.4347146,26.89555286
813,28.47766833,27.4347312,26.89557012
813.5,28.4776703,27.43474772,26.89558729
814,28.47767227,27.43476417,26.8956044
814.5,28.47767422,27.43478055,26.89562142
815,28.47767616,27.43479685,26.89563838
815.5,28.47767809,27.43481309,26.89565526
816,28.47768,27.43482925,26.89567206
816.5,28.47768191,27.43484534,26.89568879
817,28.4776838,27.43486137,26.89570545
817.5,28.47768569,27.43487732,26.89572204
818,28.47768756,27.4348932,26.89573855
818.5,28.47768942,27.43490901,26.89575499
819,28.47769127,27.43492476,26.89577136
819.5,28.47769311,27.43494043,26.89578766
820,28.47769493,27.43495603,26.89580389
820.5,28.47769675,27.43497157,26.89582004
821,28.47769856,27.43498704,26.89583613
821.5,28.47770035,27.43500244,26.89585214
822,28.47770214,27.43501777,26.89586809
822.5,28.47770391,27.43503304,26.89588396
823,28.47770567,27.43504824,26.89589977
823.5,28.47770743,27.43506337,26.8959155
824,28.47770917,27.43507844,26.89593117
824.5,28.4777109,27.43509344,26.89594677
825,28.47771262,27.43510837,26.8959623
825.5,28.47771433,27.43512324,26.89597777
826,28.47771603,27.43513805,26.89599316
826.5,28.47771773,27.43515279,26.89600849
827,28.47771941,27.43516746,26.89602375
827.5,28.47772108,27.43518207,26.89603895
828,28.47772274,27.43519662,26.89605407
828.5,28.47772439,27.4352111,26.89606914
829,28.47772603,27.43522552,26.89608413
829.5,28.47772766,27.43523987,26.89609906
830,28.47772928,27.43525416,26.89611393
830.5,28.4777309,27.43526839,26.89612873
831,28.4777325,27.43528256,26.89614347
831.5,28.47773409,27.43529667,26.89615814
832,28.47773568,27.43531071,26.89617274
832.5,28.47773725,27.43532469,26.89618729
833,28.47773881,27.43533861,26.89620177
833.5,28.47774037,27.43535247,26.89621618
834,28.47774192,27.43536627,26.89623054
834.5,28.47774345,27.43538001,26.89624483
835,28.47774498,27.43539369,26.89625906
835.5,28.4777465,27.43540731,26.89627322
836,28.47774801,27.43542086,26.89628733
836.5,28.47774951,27.43543436,26.89630137
837,28.477751,27.4354478,26.89631535
837.5,28.47775248,27.43546118,26.89632927
838,28.47775396,27.43547451,26.89634313
838.5,28.47775542,27.43548777,26.89635693
839,28.47775688,27.43550098,26.89637067
839.5,28.47775833,27.43551412,26.89638435
840,28.47775977,27.43552721,26.89639796
840.5,28.4777612,27.43554025,26.89641152
841,28.47776262,27.43555322,26.89642502
841.5,28.47776403,27.43556614,26.89643846
842,28.47776544,27.435579,26.89645185
842.5,28.47776684,27.43559181,26.89646517
843,28.47776822,27.43560456,26.89647843
843.5,28.4777696,27.43561725,26.89649164
844,28.47777098,27.43562989,26.89650479
844.5,28.47777234,27.43564247,26.89651788
845,28.4777737,27.435655,26.89653092
845.5,28.47777504,27.43566747,26.8965439
846,28.47777638,27.43567989,26.89655682
846.5,28.47777772,27.43569225,26.89656968
847,28.47777904,27.43570456,26.89658249
847.5,28.47778036,27.43571682,26.89659524
848,28.47778166,27.43572902,26.89660794
848.5,28.47778296,27.43574117,26.89662058
849,28.47778426,27.43575326,26.89663317
849.5,28.47778554,27.43576531,26.8966457
850,28.47778682,27.43577729,26.89665817
850.5,28.47778809,27.43578923,26.8966706
851,28.47778935,27.43580112,26.89668296
851.5,28.4777906,27.43581295,26.89669528
852,28.47779185,27.43582473,26.89670754
852.5,28.47779309,27.43583646,26.89671974
853,28.47779432,27.43584813,26.89673189
853.5,28.47779555,27.43585976,26.89674399
854,28.47779676,27.43587133,26.89675604
854.5,28.47779798,27.43588286,26.89676803
855,28.47779918,27.43589433,26.89677998
855.5,28.47780037,27.43590575,26.89679186
856,28.47780156,27.43591713,26.8968037
856.5,28.47780274,27.43592845,26.89681549
857,28.47780392,27.43593973,26.89682722
857.5,28.47780509,27.43595095,26.8968389
858,28.47780625,27.43596212,26.89685054
858.5,28.4778074,27.43597325,26.89686212
859,28.47780855,27.43598433,26.89687365
859.5,28.47780969,27.43599536,26.89688513
860,28.47781082,27.43600634,26.89689656
860.5,28.47781195,27.43601727,26.89690794
861,28.47781307,27.43602815,26.89691927
861.5,28.47781418,27.43603899,26.89693055
862,28.47781529,27.43604978,26.89694178
862.5,28.47781639,27.43606052,26.89695296
863,28.47781748,27.43607122,26.89696409
863.5,28.47781857,27.43608186,26.89697518
864,28.47781965,27.43609247,26.89698621
864.5,28.47782072,27.43610302,26.8969972
865,28.47782179,27.43611353,26.89700814
865.5,28.47782285,27.43612399,26.89701903
866,28.47782391,27.43613441,26.89702988
866.5,28.47782496,27.43614478,26.89704067
867,28.477826,27.4361551,26.89705142
867.5,28.47782703,27.43616538,26.89706213
868,28.47782806,27.43617562,26.89707278
868.5,28.47782909,27.43618581,26.89708339
869,28.47783011,27.43619595,26.89709395
869.5,28.47783112,27.43620606,26.89710447
870,28.47783212,27.43621611,26.89711494
870.5,28.47783312,27.43622612,26.89712537
871,28.47783412,27.43623609,26.89713575
871.5,28.47783511,27.43624602,26.89714608
872,28.47783609,27.4362559,26.89715637
872.5,28.47783706,27.43626574,26.89716661
873,28.47783803,27.43627553,26.89717681
873.5,28.477839,27.43628529,26.89718697
874,28.47783996,27.436295,26.89719708
874.5,28.47784091,27.43630466,26.89720714
875,28.47784186,27.43631429,26.89721717
875.5,28.4778428,27.43632387,26.89722714
876,28.47784374,27.43633341,26.89723708
876.5,28.47784467,27.43634291,26.89724697
877,28.47784559,27.43635236,26.89725682
877.5,28.47784651,27.43636178,26.89726662
878,28.47784742,27.43637115,26.89727639
878.5,28.47784833,27.43638049,26.8972861
879,28.47784924,27.43638978,26.89729578
879.5,28.47785013,27.43639903,26.89730542
880,28.47785103,27.43640824,26.89731501
880.5,28.47785191,27.43641741,26.89732456
881,28.4778528,27.43642654,26.89733407
881.5,28.47785367,27.43643563,26.89734354
882,28.47785454,27.43644468,26.89735296
882.5,28.47785541,27.43645369,26.89736235
883,28.47785627,27.43646266,26.89737169
883.5,28.47785713,27.43647159,26.89738099
884,28.47785798,27.43648049,26.89739026
884.5,28.47785882,27.43648934,26.89739948
885,28.47785966,27.43649816,26.89740866
885.5,28.4778605,27.43650693,26.8974178
886,28.47786133,27.43651567,26.8974269
886.5,28.47786216,27.43652437,26.89743596
887,28.47786298,27.43653303,26.89744498
887.5,28.47786379,27.43654165,26.89745397
888,28.4778646,27.43655024,26.89746291
888.5,28.47786541,27.43655879,26.89747181
889,28.47786621,27.4365673,26.89748068
889.5,28.47786701,27.43657577,26.89748951
890,28.4778678,27.43658421,26.89749829
890.5,28.47786859,27.4365926,26.89750704
891,28.47786937,27.43660097,26.89751575
891.5,28.47787015,27.43660929,26.89752443
892,28.47787092,27.43661758,26.89753306
892.5,28.47787169,27.43662583,26.89754166
893,28.47787246,27.43663405,26.89755022
893.5,28.47787321,27.43664223,26.89755874
894,28.47787397,27.43665038,26.89756723
894.5,28.47787472,27.43665848,26.89757568
895,28.47787547,27.43666656,26.89758409
895.5,28.47787621,27.4366746,26.89759246
896,28.47787695,27.4366826,26.8976008
896.5,28.47787768,27.43669057,26.8976091
897,28.47787841,27.4366985,26.89761737
897.5,28.47787913,27.4367064,26.89762559
898,28.47787985,27.43671426,26.89763379
898.5,28.47788057,27.43672209,26.89764195
899,28.47788128,27.43672988,26.89765007
899.5,28.47788198,27.43673764,26.89765815
900,28.47788269,27.43674537,26.8976662
900.5,28.47788339,27.43675306,26.89767422
901,28.47788408,27.43676072,26.8976822
901.5,28.47788477,27.43676834,26.89769015
902,28.47788546,27.43677594,26.89769806
902.5,28.47788614,27.43678349,26.89770593
903,28.47788682,27.43679102,26.89771377
903.5,28.47788749,27.43679851,26.89772158
904,28.47788816,27.43680597,26.89772936
904.5,28.47788883,27.4368134,26.89773709
905,28.47788949,27.43682079,26.8977448
905.5,28.47789015,27.43682815,26.89775247
906,28.4778908,27.43683548,26.89776011
906.5,28.47789145,27.43684278,26.89776772
907,28.4778921,27.43685005,26.89777529
907.5,28.47789274,27.43685728,26.89778283
908,28.47789338,27.43686448,26.89779033
908.5,28.47789401,27.43687165,26.89779781
909,28.47789465,27.43687879,26.89780525
909.5,28.47789527,27.4368859,26.89781265
910,28.4778959,27.43689297,26.89782003
910.5,28.47789652,27.43690002,26.89782737
911,28.47789713,27.43690703,26.89783468
911.5,28.47789775,27.43691402,26.89784196
912,28.47789835,27.43692097,26.89784921
912.5,28.47789896,27.43692789,26.89785642
913,28.47789956,27.43693478,26.89786361
913.5,28.47790016,27.43694165,26.89787076
914,28.47790075,27.43694848,26.89787788
914.5,28.47790134,27.43695528,26.89788497
915,28.47790193,27.43696205,26.89789203
915.5,28.47790252,27.4369688,26.89789906
916,28.4779031,27.43697551,26.89790606
916.5,28.47790367,27.43698219,26.89791303
917,28.47790425,27.43698885,26.89791996
917.5,28.47790482,27.43699547,26.89792687
918,28.47790538,27.43700207,26.89793375
918.5,28.47790595,27.43700863,26.89794059
919,28.47790651,27.43701517,26.89794741
919.5,28.47790707,27.43702168,26.89795419
920,28.47790762,27.43702816,26.89796095
920.5,28.47790817,27.43703461,26.89796768
921,28.47790872,27.43704104,26.89797438
921.5,28.47790926,27.43704744,26.89798104
922,28.4779098,27.4370538,26.89798768
922.5,28.47791034,27.43706014,26.89799429
923,28.47791087,27.43706646,26.89800088
923.5,28.4779114,27.43707274,26.89800743
924,28.47791193,27.437079,26.89801395
924.5,28.47791245,27.43708523,26.89802045
925,28.47791297,27.43709143,26.89802691
925.5,28.47791349,27.43709761,26.89803335
926,28.47791401,27.43710375,26.89803976
926.5,28.47791452,27.43710987,26.89804615
927,28.47791503,27.43711597,26.8980525
927.5,28.47791554,27.43712204,26.89805883
928,28.47791604,27.43712808,26.89806513
928.5,28.47791654,27.43713409,26.8980714
929,28.47791704,27.43714008,26.89807764
929.5,28.47791753,27.43714604,26.89808386
930,28.47791802,27.43715198,26.89809005
930.5,28.47791851,27.43715789,26.89809621
931,28.47791899,27.43716377,26.89810235
931.5,28.47791948,27.43716963,26.89810846
932,28.47791996,27.43717546,26.89811454
932.5,28.47792043,27.43718127,26.8981206
933,28.47792091,27.43718705,26.89812663
933.5,28.47792138,27.43719281,26.89813263
934,28.47792185,27.43719854,26.89813861
934.5,28.47792231,27.43720424,26.89814456
935,28.47792277,27.43720992,26.89815048
935.5,28.47792323,27.43721558,26.89815638
936,28.47792369,27.43722121,26.89816225
936.5,28.47792415,27.43722682,26.8981681
937,28.4779246,27.4372324,26.89817392
937.5,28.47792505,27.43723796,26.89817972
938,28.47792549,27.43724349,26.89818549
938.5,28.47792594,27.437249,26.89819124
939,28.47792638,27.43725448,26.89819696
939.5,28.47792682,27.43725994,26.89820265
940,28.47792725,27.43726538,26.89820832
940.5,28.47792768,27.43727079,26.89821397
941,28.47792812,27.43727618,26.89821959
941.5,28.47792854,27.43728154,26.89822519
942,28.47792897,27.43728689,26.89823076
942.5,28.47792939,27.4372922,26.89823631
943,28.47792981,27.4372975,26.89824183
943.5,28.47793023,27.43730277,26.89824733
944,28.47793065,27.43730802,26.89825281
944.5,28.47793106,27.43731325,26.89825826
945,28.47793147,27.43731845,26.89826368
945.5,28.47793188,27.43732363,26.89826909
946,28.47793228,27.43732879,26.89827447
946.5,28.47793269,27.43733392,26.89827983
947,28.47793309,27.43733903,26.89828516
947.5,28.47793349,27.43734412,26.89829047
948,28.47793388,27.43734919,26.89829576
948.5,28.47793428,27.43735423,26.89830102
949,28.47793467,27.43735926,26.89830626
949.5,28.47793506,27.43736426,26.89831148
950,28.47793544,27.43736924,26.89831667
950.5,28.47793583,27.4373742,26.89832185
951,28.47793621,27.43737913,26.898327
951.5,28.47793659,27.43738405,26.89833212
952,28.47793697,27.43738894,26.89833723
952.5,28.47793734,27.43739381,26.89834231
953,28.47793772,27.43739866,26.89834737
953.5,28.47793809,27.43740349,26.89835241
954,28.47793846,27.43740829,26.89835742
954.5,28.47793882,27.43741308,26.89836242
955,28.47793919,27.43741784,26.89836739
955.5,28.47793955,27.43742259,26.89837234
956,28.47793991,27.43742731,26.89837727
956.5,28.47794027,27.43743201,26.89838218
957,28.47794062,27.4374367,26.89838706
957.5,28.47794098,27.43744136,26.89839193
958,28.47794133,27.437446,26.89839677
958.5,28.47794168,27.43745062,26.89840159
959,28.47794202,27.43745522,26.8984064
959.5,28.47794237,27.4374598,26.89841118
960,28.47794271,27.43746436,26.89841593
960.5,28.47794305,27.4374689,26.89842067
961,28.47794339,27.43747342,26.89842539
961.5,28.47794373,27.43747792,26.89843009
962,28.47794406,27.4374824,26.89843476
962.5,28.4779444,27.43748686,26.89843942
963,28.47794473,27.43749131,26.89844406
963.5,28.47794506,27.43749573,26.89844867
964,28.47794539,27.43750013,26.89845327
964.5,28.47794571,27.43750451,26.89845784
965,28.47794603,27.43750888,26.8984624
965.5,28.47794636,27.43751322,26.89846693
966,28.47794667,27.43751755,26.89847145
966.5,28.47794699,27.43752186,26.89847594
967,28.47794731,27.43752615,26.89848042
967.5,28.47794762,27.43753041,26.89848488
968,28.47794793,27.43753467,26.89848931
968.5,28.47794824,27.4375389,26.89849373
969,28.47794855,27.43754311,26.89849813
969.5,28.47794886,27.43754731,26.89850251
970,28.47794916,27.43755148,26.89850687
970.5,28.47794947,27.43755564,26.89851121
971,28.47794977,27.43755978,26.89851553
971.5,28.47795007,27.4375639,26.89851984
972,28.47795036,27.43756801,26.89852412
972.5,28.47795066,27.43757209,26.89852839
973,28.47795095,27.43757616,26.89853263
973.5,28.47795124,27.43758021,26.89853686
974,28.47795153,27.43758424,26.89854107
974.5,28.47795182,27.43758826,26.89854526
975,28.47795211,27.43759226,26.89854944
975.5,28.4779524,27.43759623,26.89855359
976,28.47795268,27.4376002,26.89855773
976.5,28.47795296,27.43760414,26.89856185
977,28.47795324,27.43760807,26.89856595
977.5,28.47795352,27.43761198,26.89857003
978,28.4779538,27.43761587,26.89857409
978.5,28.47795407,27.43761975,26.89857814
979,28.47795435,27.43762361,26.89858217
979.5,28.47795462,27.43762745,26.89858618
980,28.47795489,27.43763128,26.89859018
980.5,28.47795516,27.43763508,26.89859415
981,28.47795542,27.43763888,26.89859811
981.5,28.47795569,27.43764265,26.89860206
982,28.47795595,27.43764641,26.89860598
982.5,28.47795621,27.43765015,26.89860989
983,28.47795648,27.43765388,26.89861378
983.5,28.47795673,27.43765759,26.89861765
984,28.47795699,27.43766128,26.89862151
984.5,28.47795725,27.43766496,26.89862535
985,28.4779575,27.43766862,26.89862917
985.5,28.47795776,27.43767226,26.89863298
986,28.47795801,27.43767589,26.89863677
986.5,28.47795826,27.4376795,26.89864054
987,28.47795851,27.4376831,26.8986443
987.5,28.47795875,27.43768668,26.89864804
988,28.477959,27.43769025,26.89865176
988.5,28.47795924,27.4376938,26.89865547
989,28.47795949,27.43769733,26.89865916
989.5,28.47795973,27.43770085,26.89866284
990,28.47795997,27.43770436,26.8986665
990.5,28.47796021,27.43770784,26.89867014
991,28.47796044,27.43771132,26.89867377
991.5,28.47796068,27.43771477,26.89867738
992,28.47796091,27.43771822,26.89868097
992.5,28.47796114,27.43772164,26.89868455
993,28.47796138,27.43772506,26.89868812
993.5,28.47796161,27.43772845,26.89869167
994,28.47796183,27.43773184,26.8986952
994.5,28.47796206,27.4377352,26.89869872
995,28.47796229,27.43773856,26.89870222
995.5,28.47796251,27.43774189,26.89870571
996,28.47796274,27.43774522,26.89870918
996.5,28.47796296,27.43774853,26.89871264
997,28.47796318,27.43775182,26.89871608
997.5,28.4779634,27.4377551,26.8987195
998,28.47796362,27.43775837,26.89872292
998.5,28.47796383,27.43776162,26.89872631
999,28.47796405,27.43776486,26.89872969
999.5,28.47796426,27.43776808,26.89873306
1000,28.47796447,27.43777129,26.89873641
1000.5,28.49438903,27.45302577,26.89888023
1001,28.51074904,27.46822737,26.89930029
1001.5,28.52704477,27.48337627,26.89998965
1002,28.54327647,27.49847267,26.90094155
1002.5,28.5594444,27.51351673,26.90214934
1003,28.57554879,27.52850865,26.90360655
1003.5,28.5915899,27.5434486,26.90530682
1004,28.60756799,27.55833676,26.90724397
1004.5,28.62348329,27.57317331,26.90941193
1005,28.63933606,27.58795843,26.91180477
1005.5,28.65512653,27.6026923,26.91441668
1006,28.67085496,27.6173751,26.91724202
1006.5,28.68652159,27.632007,26.92027521
1007,28.70212666,27.64658819,26.92351086
1007.5,28.71767041,27.66111882,26.92694366
1008,28.73315309,27.67559909,26.93056842
1008.5,28.74857493,27.69002917,26.93438007
1009,28.76393617,27.70440922,26.93837367
1009.5,28.77923706,27.71873943,26.94254437
1010,28.79447782,27.73301996,26.94688743
1010.5,28.8096587,27.74725099,26.95139821
1011,28.82477993,27.7614327,26.9560722
1011.5,28.83984174,27.77556524,26.96090496
1012,28.85484437,27.78964879,26.96589217
1012.5,28.86978805,27.80368353,26.97102959
1013,28.88467301,27.81766961,26.97631308
1013.5,28.89949949,27.83160721,26.98173861
1014,28.9142677,27.8454965,26.98730221
1014.5,28.92897789,27.85933765,26.99300002
1015,28.94363028,27.87313081,26.99882826
1015.5,28.95822509,27.88687617,27.00478324
1016,28.97276256,27.90057387,27.01086133
1016.5,28.98724291,27.9142241,27.01705902
1017,29.00166635,27.927827,27.02337286
1017.5,29.01603313,27.94138276,27.02979945
1018,29.03034345,27.95489152,27.03633552
1018.5,29.04459754,27.96835346,27.04297782
1019,29.05879563,27.98176874,27.04972322
1019.5,29.07293792,27.99513751,27.05656864
1020,29.08702465,28.00845994,27.06351105
1020.5,29.10105603,28.02173619,27.07054752
1021,29.11503227,28.03496642,27.07767517
1021.5,29.12895359,28.04815079,27.08489119
1022,29.14282022,28.06128945,27.09219283
1022.5,29.15663236,28.07438258,27.09957741
1023,29.17039022,28.08743031,27.1070423
1023.5,29.18409403,28.10043282,27.11458494
1024,29.197744,28.11339026,27.12220282
1024.5,29.21134032,28.12630278,27.12989348
1025,29.22488323,28.13917054,27.13765455
1025.5,29.23837292,28.1519937,27.14548367
1026,29.2518096,28.1647724,27.15337856
1026.5,29.26519349,28.17750681,27.16133698
1027,29.27852479,28.19019708,27.16935676
1027.5,29.2918037,28.20284336,27.17743576
1028,29.30503044,28.2154458,27.18557189
1028.5,29.31820521,28.22800456,27.19376313
1029,29.33132821,28.24051978,27.20200748
1029.5,29.34439964,28.25299162,27.21030299
1030,29.35741972,28.26542023,27.21864777
1030.5,29.37038863,28.27780576,27.22703997
1031,29.38330659,28.29014835,27.23547776
1031.5,29.39617379,28.30244816,27.24395938
1032,29.40899043,28.31470534,27.25248311
1032.5,29.42175671,28.32692002,27.26104724
1033,29.43447282,28.33909237,27.26965013
1033.5,29.44713897,28.35122252,27.27829017
1034,29.45975535,28.36331062,27.28696579
1034.5,29.47232216,28.37535682,27.29567544
1035,29.48483959,28.38736127,27.30441762
1035.5,29.49730784,28.3993241,27.31319087
1036,29.50972709,28.41124546,27.32199376
1036.5,29.52209755,28.4231255,27.33082488
1037,29.53441939,28.43496436,27.33968287
1037.5,29.54669283,28.44676219,27.34856639
1038,29.55891803,28.45851911,27.35747415
1038.5,29.5710952,28.47023528,27.36640486
1039,29.58322452,28.48191084,27.3753573
1039.5,29.59530618,28.49354593,27.38433024
1040,29.60734037,28.50514069,27.3933225
1040.5,29.61932728,28.51669525,27.40233294
1041,29.63126708,28.52820976,27.41136041
1041.5,29.64315997,28.53968436,27.42040381
1042,29.65500613,28.55111918,27.42946209
1042.5,29.66680574,28.56251437,27.43853417
1043,29.67855899,28.57387005,27.44761905
1043.5,29.69026605,28.58518638,27.45671572
1044,29.70192712,28.59646347,27.4658232
1044.5,29.71354236,28.60770148,27.47494055
1045,29.72511197,28.61890052,27.48406684
1045.5,29.73663611,28.63006075,27.49320115
1046,29.74811498,28.6411823,27.50234261
1046.5,29.75954874,28.65226529,27.51149036
1047,29.77093757,28.66330986,27.52064354
1047.5,29.78228165,28.67431615,27.52980135
1048,29.79358116,28.68528429,27.53896298
1048.5,29.80483627,28.69621441,27.54812765
1049,29.81604716,28.70710664,27.55729459
1049.5,29.82721399,28.71796111,27.56646308
1050,29.83833695,28.72877796,27.57563237
1050.5,29.8494162,28.73955732,27.58480177
1051,29.86045192,28.7502993,27.59397059
1051.5,29.87144427,28.76100405,27.60313815
1052,29.88239344,28.7716717,27.6123038
1052.5,29.89329958,28.78230237,27.62146691
1053,29.90416286,28.79289618,27.63062685
1053.5,29.91498347,28.80345328,27.63978301
1054,29.92576155,28.81397378,27.6489348
1054.5,29.93649729,28.82445781,27.65808166
1055,29.94719084,28.8349055,27.66722301
1055.5,29.95784237,28.84531698,27.67635831
1056,29.96845205,28.85569236,27.68548704
1056.5,29.97902004,28.86603178,27.69460866
1057,29.98954651,28.87633536,27.70372268
1057.5,30.00003162,28.88660322,27.71282861
1058,30.01047552,28.89683549,27.72192595
1058.5,30.02087839,28.9070323,27.73101426
1059,30.03124038,28.91719375,27.74009307
1059.5,30.04156166,28.92731999,27.74916195
1060,30.05184239,28.93741112,27.75822045
1060.5,30.06208271,28.94746727,27.76726817
1061,30.0722828,28.95748856,27.7763047
1061.5,30.08244281,28.96747512,27.78532964
1062,30.0925629,28.97742706,27.7943426
1062.5,30.10264323,28.9873445,27.80334321
1063,30.11268394,28.99722757,27.81233111
1063.5,30.1226852,29.00707637,27.82130594
1064,30.13264717,29.01689104,27.83026735
1064.5,30.14256999,29.02667168,27.83921501
1065,30.15245382,29.03641842,27.8481486
1065.5,30.16229882,29.04613138,27.85706779
1066,30.17210513,29.05581067,27.86597229
1066.5,30.18187291,29.0654564,27.87486178
1067,30.19160231,29.0750687,27.88373599
1067.5,30.20129348,29.08464768,27.89259462
1068,30.21094657,29.09419346,27.90143741
1068.5,30.22056173,29.10370614,27.91026409
1069,30.23013911,29.11318585,27.9190744
1069.5,30.23967886,29.12263271,27.9278681
1070,30.24918112,29.13204681,27.93664493
1070.5,30.25864605,29.14142828,27.94540466
1071,30.26807378,29.15077724,27.95414708
1071.5,30.27746448,29.16009378,27.96287194
1072,30.28681827,29.16937803,27.97157905
1072.5,30.29613531,29.1786301,27.98026819
1073,30.30541574,29.1878501,27.98893916
1073.5,30.3146597,29.19703814,27.99759176
1074,30.32386734,29.20619433,28.00622582
1074.5,30.33303881,29.21531877,28.01484114
1075,30.34217423,29.2244116,28.02343755
1075.5,30.35127376,29.2334729,28.03201488
1076,30.36033754,29.24250279,28.04057296
1076.5,30.3693657,29.25150138,28.04911164
1077,30.37835838,29.26046878,28.05763076
1077.5,30.38731573,29.26940509,28.06613017
1078,30.39623789,29.27831043,28.07460973
1078.5,30.40512499,29.2871849,28.0830693
1079,30.41397717,29.29602861,28.09150874
1079.5,30.42279456,29.30484166,28.09992794
1080,30.43157731,29.31362416,28.10832675
1080.5,30.44032555,29.32237622,28.11670508
1081,30.44903941,29.33109794,28.12506279
1081.5,30.45771904,29.33978943,28.13339979
1082,30.46636456,29.34845079,28.14171595
1082.5,30.47497611,29.35708212,28.1500112
1083,30.48355382,29.36568354,28.15828541
1083.5,30.49209783,29.37425514,28.16653851
1084,30.50060827,29.38279703,28.1747704
1084.5,30.50908526,29.39130931,28.18298099
1085,30.51752895,29.39979208,28.1911702
1085.5,30.52593946,29.40824545,28.19933797
1086,30.53431693,29.41666952,28.2074842
1086.5,30.54266147,29.42506438,28.21560883
1087,30.55097323,29.43343015,28.22371179
1087.5,30.55925233,29.44176692,28.23179301
1088,30.5674989,29.45007479,28.23985244
1088.5,30.57571306,29.45835386,28.24789001
1089,30.58389495,29.46660423,28.25590568
1089.5,30.59204469,29.474826,28.26389938
1090,30.6001624,29.48301928,28.27187107
1090.5,30.60824822,29.49118415,28.27982071
1091,30.61630227,29.49932072,28.28774824
1091.5,30.62432468,29.50742909,28.29565363
1092,30.63231555,29.51550935,28.30353685
1092.5,30.64027504,29.5235616,28.31139784
1093,30.64820324,29.53158594,28.31923659
1093.5,30.6561003,29.53958246,28.32705306
1094,30.66396632,29.54755126,28.33484722
1094.5,30.67180144,29.55549244,28.34261904
1095,30.67960577,29.5634061,28.35036852
1095.5,30.68737943,29.57129232,28.35809561
1096,30.69512255,29.57915121,28.36580031
1096.5,30.70283524,29.58698285,28.37348259
1097,30.71051763,29.59478735,28.38114245
1097.5,30.71816984,29.6025648,28.38877986
1098,30.72579197,29.61031528,28.39639482
1098.5,30.73338416,29.6180389,28.40398733
1099,30.74094651,29.62573575,28.41155736
1099.5,30.74847915,29.63340591,28.41910493
1100,30.75598219,29.64104949,28.42663002
1100.5,30.76345575,29.64866657,28.43413263
1101,30.77089994,29.65625725,28.44161277
1101.5,30.77831489,29.66382162,28.44907043
1102,30.78570069,29.67135977,28.45650563
1102.5,30.79305748,29.67887178,28.46391836
1103,30.80038536,29.68635776,28.47130863
1103.5,30.80768445,29.69381779,28.47867644
1104,30.81495486,29.70125196,28.48602182
1104.5,30.82219669,29.70866036,28.49334477
1105,30.82941008,29.71604308,28.50064531
1105.5,30.83659512,29.7234002,28.50792344
1106,30.84375193,29.73073183,28.51517918
1106.5,30.85088061,29.73803804,28.52241255
1107,30.85798129,29.74531893,28.52962357
1107.5,30.86505407,29.75257458,28.53681226
1108,30.87209905,29.75980507,28.54397863
1108.5,30.87911636,29.76701051,28.55112271
1109,30.88610609,29.77419096,28.55824451
1109.5,30.89306835,29.78134653,28.56534408
1110,30.90000326,29.78847729,28.57242142
1110.5,30.90691092,29.79558334,28.57947656
1111,30.91379144,29.80266475,28.58650954
1111.5,30.92064492,29.80972162,28.59352038
1112,30.92747147,29.81675402,28.6005091
1112.5,30.9342712,29.82376205,28.60747574
1113,30.94104421,29.83074579,28.61442033
1113.5,30.94779061,29.83770531,28.6213429
1114,30.9545105,29.84464072,28.62824347
1114.5,30.96120399,29.85155208,28.6351221
1115,30.96787117,29.85843948,28.6419788
1115.5,30.97451216,29.86530302,28.64881362
1116,30.98112705,29.87214276,28.65562658
1116.5,30.98771595,29.87895879,28.66241773
1117,30.99427896,29.88575119,28.66918711
1117.5,31.00081619,29.89252005,28.67593474
1118,31.00732772,29.89926545,28.68266067
1118.5,31.01381368,29.90598746,28.68936494
1119,31.02027414,29.91268617,28.69604759
1119.5,31.02670922,29.91936167,28.70270865
1120,31.03311902,29.92601402,28.70934818
1120.5,31.03950363,29.93264331,28.7159662
1121,31.04586315,29.93924963,28.72256276
1121.5,31.05219769,29.94583304,28.72913791
1122,31.05850733,29.95239364,28.73569169
1122.5,31.06479218,29.95893149,28.74222414
1123,31.07105234,29.96544668,28.7487353
1123.5,31.0772879,29.97193928,28.75522523
1124,31.08349896,29.97840939,28.76169396
1124.5,31.08968561,29.98485706,28.76814155
1125,31.09584795,29.99128238,28.77456803
1125.5,31.10198609,29.99768543,28.78097345
1126,31.1081001,30.00406629,28.78735787
1126.5,31.11419009,30.01042502,28.79372132
1127,31.12025614,30.01676172,28.80006386
1127.5,31.12629837,30.02307645,28.80638553
1128,31.13231685,30.02936929,28.81268639
1128.5,31.13831168,30.03564032,28.81896648
1129,31.14428296,30.04188961,28.82522584
1129.5,31.15023078,30.04811724,28.83146454
1130,31.15615522,30.05432328,28.83768262
1130.5,31.16205639,30.06050781,28.84388012
1131,31.16793437,30.0666709,28.85005711
1131.5,31.17378925,30.07281263,28.85621362
1132,31.17962112,30.07893306,28.86234972
1132.5,31.18543009,30.08503229,28.86846545
1133,31.19121622,30.09111037,28.87456087
1133.5,31.19697962,30.09716738,28.88063602
1134,31.20272038,30.10320339,28.88669095
1134.5,31.20843858,30.10921849,28.89272573
1135,31.21413431,30.11521273,28.8987404
1135.5,31.21980766,30.12118619,28.90473501
1136,31.22545871,30.12713895,28.91070962
1136.5,31.23108757,30.13307108,28.91666427
1137,31.2366943,30.13898264,28.92259904
1137.5,31.24227901,30.14487371,28.92851395
1138,31.24784177,30.15074436,28.93440908
1138.5,31.25338267,30.15659465,28.94028447
1139,31.2589018,30.16242467,28.94614017
1139.5,31.26439925,30.16823449,28.95197624
1140,31.26987509,30.17402416,28.95779274
1140.5,31.27532942,30.17979376,28.96358972
1141,31.28076232,30.18554337,28.96936723
1141.5,31.28617387,30.19127304,28.97512532
1142,31.29156415,30.19698285,28.98086406
1142.5,31.29693326,30.20267287,28.98658348
1143,31.30228127,30.20834317,28.99228366
1143.5,31.30760826,30.21399381,28.99796465
1144,31.31291433,30.21962487,29.00362649
1144.5,31.31819954,30.2252364,29.00926924
1145,31.32346399,30.23082848,29.01489296
1145.5,31.32870775,30.23640118,29.02049771
1146,31.33393091,30.24195457,29.02608353
1146.5,31.33913355,30.2474887,29.03165049
1147,31.34431574,30.25300365,29.03719863
1147.5,31.34947757,30.25849948,29.04272802
1148,31.35461912,30.26397626,29.0482387
1148.5,31.35974046,30.26943406,29.05373073
1149,31.36484168,30.27487294,29.05920418
1149.5,31.36992286,30.28029297,29.06465908
1150,31.37498407,30.28569421,29.07009551
1150.5,31.3800254,30.29107672,29.0755135
1151,31.38504692,30.29644058,29.08091313
1151.5,31.3900487,30.30178585,29.08629444
1152,31.39503083,30.30711258,29.09165748
1152.5,31.39999339,30.31242086,29.09700232
1153,31.40493645,30.31771073,29.10232901
1153.5,31.40986008,30.32298226,29.1076376
1154,31.41476437,30.32823553,29.11292815
1154.5,31.41964939,30.33347058,29.11820071
1155,31.42451521,30.33868749,29.12345534
1155.5,31.42936191,30.34388631,29.1286921
1156,31.43418957,30.34906711,29.13391103
1156.5,31.43899826,30.35422996,29.1391122
1157,31.44378806,30.3593749,29.14429565
1157.5,31.44855903,30.36450202,29.14946145
1158,31.45331126,30.36961136,29.15460964
1158.5,31.45804482,30.37470299,29.15974028
1159,31.46275977,30.37977697,29.16485344
1159.5,31.4674562,30.38483336,29.16994915
1160,31.47213418,30.38987223,29.17502748
1160.5,31.47679378,30.39489362,29.18008848
1161,31.48143506,30.39989762,29.1851322
1161.5,31.48605811,30.40488427,29.19015871
1162,31.490663,30.40985363,29.19516804
1162.5,31.49524979,30.41480576,29.20016027
1163,31.49981855,30.41974074,29.20513543
1163.5,31.50436937,30.4246586,29.21009359
1164,31.5089023,30.42955942,29.2150348
1164.5,31.51341743,30.43444325,29.21995912
1165,31.51791481,30.43931015,29.22486659
1165.5,31.52239452,30.44416018,29.22975727
1166,31.52685663,30.4489934,29.23463121
1166.5,31.5313012,30.45380986,29.23948848
1167,31.53572831,30.45860963,29.24432911
1167.5,31.54013803,30.46339276,29.24915317
1168,31.54453042,30.46815931,29.25396071
1168.5,31.54890555,30.47290934,29.25875178
1169,31.55326349,30.47764291,29.26352643
1169.5,31.5576043,30.48236006,29.26828472
1170,31.56192806,30.48706087,29.2730267
1170.5,31.56623483,30.49174538,29.27775243
1171,31.57052468,30.49641365,29.28246195
1171.5,31.57479767,30.50106574,29.28715531
1172,31.57905387,30.5057017,29.29183258
1172.5,31.58329335,30.5103216,29.2964938
1173,31.58751617,30.51492548,29.30113903
1173.5,31.5917224,30.5195134,29.30576831
1174,31.5959121,30.52408542,29.3103817
1174.5,31.60008533,30.52864159,29.31497926
1175,31.60424217,30.53318196,29.31956102
1175.5,31.60838268,30.5377066,29.32412705
1176,31.61250692,30.54221556,29.3286774
1176.5,31.61661495,30.54670888,29.33321212
1177,31.62070684,30.55118663,29.33773125
1177.5,31.62478265,30.55564886,29.34223485
1178,31.62884244,30.56009562,29.34672298
1178.5,31.63288629,30.56452697,29.35119568
1179,31.63691424,30.56894295,29.355653
1179.5,31.64092637,30.57334363,29.360095
1180,31.64492274,30.57772906,29.36452172
1180.5,31.6489034,30.58209928,29.36893321
1181,31.65286842,30.58645435,29.37332953
1181.5,31.65681785,30.59079433,29.37771073
1182,31.66075178,30.59511927,29.38207685
1182.5,31.66467024,30.59942921,29.38642795
1183,31.66857331,30.60372421,29.39076408
1183.5,31.67246104,30.60800433,29.39508528
1184,31.67633349,30.6122696,29.3993916
1184.5,31.68019073,30.6165201,29.4036831
1185,31.68403281,30.62075586,29.40795982
1185.5,31.6878598,30.62497694,29.41222182
1186,31.69167175,30.62918338,29.41646914
1186.5,31.69546872,30.63337525,29.42070183
1187,31.69925077,30.63755258,29.42491994
1187.5,31.70301796,30.64171544,29.42912353
1188,31.70677035,30.64586386,29.43331262
1188.5,31.71050799,30.64999791,29.43748729
1189,31.71423095,30.65411762,29.44164757
1189.5,31.71793928,30.65822306,29.44579351
1190,31.72163304,30.66231426,29.44992516
1190.5,31.72531228,30.66639128,29.45404257
1191,31.72897707,30.67045417,29.45814579
1191.5,31.73262746,30.67450298,29.46223486
1192,31.7362635,30.67853775,29.46630983
1192.5,31.73988526,30.68255854,29.47037075
1193,31.74349278,30.68656538,29.47441767
1193.5,31.74708613,30.69055834,29.47845063
1194,31.75066537,30.69453746,29.48246969
1194.5,31.75423053,30.69850279,29.48647488
1195,31.75778169,30.70245437,29.49046625
1195.5,31.7613189,30.70639225,29.49444386
1196,31.76484221,30.71031649,29.49840774
1196.5,31.76835167,30.71422712,29.50235794
1197,31.77184734,30.71812419,29.50629452
1197.5,31.77532928,30.72200776,29.51021751
1198,31.77879754,30.72587786,29.51412696
1198.5,31.78225217,30.72973455,29.51802292
1199,31.78569322,30.73357787,29.52190544
1199.5,31.78912076,30.73740787,29.52577455
1200,31.79253482,30.74122459,29.52963031
1200.5,31.79593547,30.74502808,29.53347275
1201,31.79932276,30.74881839,29.53730193
1201.5,31.80269674,30.75259556,29.54111789
1202,31.80605746,30.75635964,29.54492068
1202.5,31.80940498,30.76011067,29.54871033
1203,31.81273935,30.7638487,29.5524869
1203.5,31.81606061,30.76757377,29.55625042
1204,31.81936882,30.77128592,29.56000095
1204.5,31.82266403,30.77498521,29.56373852
1205,31.8259463,30.77867168,29.56746319
1205.5,31.82921567,30.78234537,29.57117499
1206,31.83247219,30.78600632,29.57487397
1206.5,31.83571591,30.78965459,29.57856016
1207,31.83894689,30.79329021,29.58223363
1207.5,31.84216518,30.79691322,29.5858944
1208,31.84537082,30.80052368,29.58954253
1208.5,31.84856386,30.80412162,29.59317805
1209,31.85174436,30.80770709,29.59680101
1209.5,31.85491236,30.81128013,29.60041145
1210,31.85806791,30.81484079,29.60400942
1210.5,31.86121107,30.8183891,29.60759495
1211,31.86434187,30.82192512,29.61116808
1211.5,31.86746037,30.82544888,29.61472887
1212,31.87056662,30.82896042,29.61827736
1212.5,31.87366066,30.83245979,29.62181358
1213,31.87674255,30.83594703,29.62533757
1213.5,31.87981232,30.83942218,29.62884939
1214,31.88287004,30.84288529,29.63234906
1214.5,31.88591573,30.84633639,29.63583664
1215,31.88894947,30.84977553,29.63931216
1215.5,31.89197128,30.85320275,29.64277566
1216,31.89498122,30.85661809,29.64622719
1216.5,31.89797933,30.86002159,29.64966679
1217,31.90096566,30.86341329,29.6530945
1217.5,31.90394025,30.86679324,29.65651035
1218,31.90690316,30.87016147,29.65991439
1218.5,31.90985443,30.87351803,29.66330666
1219,31.9127941,30.87686294,29.66668721
1219.5,31.91572222,30.88019627,29.67005606
1220,31.91863883,30.88351804,29.67341326
1220.5,31.92154398,30.8868283,29.67675885
1221,31.92443772,30.89012708,29.68009287
1221.5,31.92732009,30.89341443,29.68341536
1222,31.93019113,30.89669038,29.68672636
1222.5,31.93305089,30.89995497,29.6900259
1223,31.93589942,30.90320825,29.69331404
1223.5,31.93873675,30.90645026,29.6965908
1224,31.94156293,30.90968102,29.69985623
1224.5,31.94437801,30.91290059,29.70311036
1225,31.94718203,30.916109,29.70635323
1225.5,31.94997503,30.91930628,29.70958489
1226,31.95275705,30.92249248,29.71280537
1226.5,31.95552814,30.92566764,29.71601471
1227,31.95828835,30.92883179,29.71921294
1227.5,31.96103771,30.93198498,29.72240011
1228,31.96377626,30.93512723,29.72557625
1228.5,31.96650406,30.93825859,29.72874141
1229,31.96922114,30.9413791,29.73189561
1229.5,31.97192754,30.94448879,29.7350389
1230,31.97462331,30.9475877,29.73817132
1230.5,31.97730848,30.95067587,29.74129289
1231,31.97998311,30.95375334,29.74440367
1231.5,31.98264722,30.95682014,29.74750368
1232,31.98530087,30.9598763,29.75059297
1232.5,31.98794409,30.96292188,29.75367156
1233,31.99057692,30.96595689,29.75673951
1233.5,31.99319941,30.96898139,29.75979683
1234,31.99581159,30.9719954,29.76284358
1234.5,31.99841351,30.97499897,29.76587978
1235,32.00100521,30.97799212,29.76890548
1235.5,32.00358672,30.9809749,29.7719207
1236,32.00615809,30.98394734,29.77492549
1236.5,32.00871936,30.98690947,29.77791988
1237,32.01127056,30.98986134,29.78090391
1237.5,32.01381174,30.99280298,29.78387761
1238,32.01634293,30.99573441,29.78684102
1238.5,32.01886418,30.99865569,29.78979417
1239,32.02137552,31.00156684,29.7927371
1239.5,32.02387699,31.0044679,29.79566984
1240,32.02636863,31.00735891,29.79859244
1240.5,32.02885049,31.01023989,29.80150492
1241,32.03132259,31.01311089,29.80440731
1241.5,32.03378497,31.01597193,29.80729967
1242,32.03623769,31.01882306,29.81018201
1242.5,32.03868076,31.02166431,29.81305437
1243,32.04111424,31.0244957,29.81591679
1243.5,32.04353815,31.02731728,29.8187693
1244,32.04595254,31.03012908,29.82161194
1244.5,32.04835744,31.03293114,29.82444474
1245,32.05075289,31.03572348,29.82726773
1245.5,32.05313894,31.03850614,29.83008095
1246,32.0555156,31.04127916,29.83288443
1246.5,32.05788293,31.04404256,29.8356782
1247,32.06024095,31.04679639,29.83846231
1247.5,32.06258971,31.04954067,29.84123677
1248,32.06492924,31.05227544,29.84400163
1248.5,32.06725958,31.05500073,29.84675692
1249,32.06958076,31.05771657,29.84950267
1249.5,32.07189282,31.060423,29.85223892
1250,32.0741958,31.06312004,29.85496569
1250.5,32.07648972,31.06580774,29.85768302
1251,32.07877464,31.06848612,29.86039095
1251.5,32.08105057,31.07115522,29.8630895
1252,32.08331756,31.07381506,29.8657787
1252.5,32.08557565,31.07646569,29.8684586
1253,32.08782486,31.07910712,29.87112921
1253.5,32.09006524,31.0817394,29.87379059
1254,32.09229681,31.08436256,29.87644274
1254.5,32.09451961,31.08697662,29.87908572
1255,32.09673368,31.08958163,29.88171954
1255.5,32.09893905,31.0921776,29.88434424
1256,32.10113575,31.09476457,29.88695986
1256.5,32.10332382,31.09734258,29.88956642
1257,32.1055033,31.09991165,29.89216395
1257.5,32.10767421,31.10247182,29.89475249
1258,32.10983659,31.10502311,29.89733207
1258.5,32.11199047,31.10756556,29.89990271
1259,32.1141359,31.11009919,29.90246446
1259.5,32.11627289,31.11262404,29.90501733
1260,32.11840148,31.11514014,29.90756137
1260.5,32.12052171,31.11764752,29.91009659
1261,32.12263361,31.12014621,29.91262304
1261.5,32.12473721,31.12263623,29.91514074
1262,32.12683255,31.12511763,29.91764972
1262.5,32.12891965,31.12759042,29.92015001
1263,32.13099855,31.13005465,29.92264165
1263.5,32.13306928,31.13251033,29.92512465
1264,32.13513188,31.13495749,29.92759906
1264.5,32.13718637,31.13739618,29.9300649
1265,32.13923279,31.13982641,29.9325222
1265.5,32.14127117,31.14224822,29.93497099
1266,32.14330154,31.14466163,29.93741131
1266.5,32.14532393,31.14706668,29.93984317
1267,32.14733838,31.14946339,29.94226661
1267.5,32.14934491,31.1518518,29.94468166
1268,32.15134355,31.15423192,29.94708834
1268.5,32.15333434,31.15660379,29.94948669
1269,32.15531731,31.15896745,29.95187674
1269.5,32.15729249,31.16132291,29.95425851
1270,32.15925991,31.1636702,29.95663203
1270.5,32.16121959,31.16600936,29.95899733
1271,32.16317158,31.16834041,29.96135444
1271.5,32.1651159,31.17066338,29.96370338
1272,32.16705257,31.1729783,29.9660442
1272.5,32.16898164,31.17528519,29.9683769
1273,32.17090313,31.17758409,29.97070153
1273.5,32.17281706,31.17987501,29.97301811
1274,32.17472348,31.182158,29.97532666
1274.5,32.17662241,31.18443308,29.97762722
1275,32.17851387,31.18670026,29.97991981
1275.5,32.1803979,31.18895959,29.98220446
1276,32.18227453,31.19121109,29.9844812
1276.5,32.18414379,31.19345478,29.98675006
1277,32.1860057,31.1956907,29.98901106
1277.5,32.18786029,31.19791886,29.99126422
1278,32.1897076,31.2001393,29.99350959
1278.5,32.19154765,31.20235205,29.99574717
1279,32.19338047,31.20455712,29.99797701
1279.5,32.19520608,31.20675455,30.00019913
1280,32.19702453,31.20894437,30.00241355
1280.5,32.19883583,31.21112659,30.0046203
1281,32.20064001,31.21330125,30.00681941
1281.5,32.2024371,31.21546837,30.0090109
1282,32.20422713,31.21762798,30.0111948
1282.5,32.20601013,31.2197801,30.01337114
1283,32.20778612,31.22192477,30.01553994
1283.5,32.20955514,31.224062,30.01770123
1284,32.2113172,31.22619182,30.01985503
1284.5,32.21307234,31.22831426,30.02200138
1285,32.21482058,31.23042934,30.02414029
1285.5,32.21656195,31.23253709,30.02627179
1286,32.21829648,31.23463753,30.02839591
1286.5,32.2200242,31.23673069,30.03051267
1287,32.22174513,31.2388166,30.03262211
1287.5,32.22345929,31.24089528,30.03472423
1288,32.22516672,31.24296675,30.03681908
1288.5,32.22686744,31.24503104,30.03890667
1289,32.22856148,31.24708818,30.04098703
1289.5,32.23024886,31.24913818,30.04306018
1290,32.23192961,31.25118108,30.04512616
1290.5,32.23360376,31.2532169,30.04718498
1291,32.23527133,31.25524566,30.04923667
1291.5,32.23693234,31.25726739,30.05128125
1292,32.23858683,31.25928211,30.05331875
1292.5,32.24023482,31.26128985,30.05534919
1293,32.24187633,31.26329062,30.0573726
1293.5,32.2435114,31.26528447,30.05938901
1294,32.24514004,31.2672714,30.06139843
1294.5,32.24676228,31.26925144,30.06340089
1295,32.24837814,31.27122462,30.06539641
1295.5,32.24998766,31.27319096,30.06738502
1296,32.25159085,31.27515049,30.06936675
1296.5,32.25318774,31.27710322,30.07134161
1297,32.25477836,31.27904918,30.07330963
1297.5,32.25636273,31.2809884,30.07527083
1298,32.25794087,31.2829209,30.07722524
1298.5,32.25951281,31.28484669,30.07917288
1299,32.26107858,31.28676582,30.08111378
1299.5,32.26263819,31.28867829,30.08304795
1300,32.26419167,31.29058413,30.08497543
1300.5,32.26573906,31.29248336,30.08689622
1301,32.26728036,31.29437601,30.08881037
1301.5,32.2688156,31.2962621,30.09071788
1302,32.27034481,31.29814166,30.09261879
1302.5,32.27186801,31.30001469,30.09451312
1303,32.27338523,31.30188124,30.09640088
1303.5,32.27489649,31.30374131,30.0982821
1304,32.27640181,31.30559494,30.10015681
1304.5,32.27790121,31.30744214,30.10202503
1305,32.27939472,31.30928294,30.10388677
1305.5,32.28088237,31.31111736,30.10574207
1306,32.28236416,31.31294542,30.10759094
1306.5,32.28384014,31.31476714,30.1094334
1307,32.28531032,31.31658255,30.11126948
1307.5,32.28677472,31.31839167,30.11309921
1308,32.28823336,31.32019451,30.11492259
1308.5,32.28968628,31.32199111,30.11673967
1309,32.29113348,31.32378148,30.11855044
1309.5,32.292575,31.32556564,30.12035495
1310,32.29401085,31.32734362,30.1221532
1310.5,32.29544107,31.32911543,30.12394523
1311,32.29686566,31.3308811,30.12573105
1311.5,32.29828465,31.33264066,30.12751068
1312,32.29969807,31.33439411,30.12928415
1312.5,32.30110594,31.33614149,30.13105147
1313,32.30250827,31.3378828,30.13281268
1313.5,32.3039051,31.33961809,30.13456778
1314,32.30529643,31.34134735,30.13631681
1314.5,32.3066823,31.34307063,30.13805978
1315,32.30806273,31.34478793,30.1397967
1315.5,32.30943772,31.34649928,30.14152762
1316,32.31080732,31.34820469,30.14325254
1316.5,32.31217154,31.34990419,30.14497148
1317,32.31353039,31.35159781,30.14668447
1317.5,32.31488391,31.35328555,30.14839152
1318,32.3162321,31.35496744,30.15009267
1318.5,32.317575,31.3566435,30.15178792
1319,32.31891262,31.35831376,30.1534773
1319.5,32.32024499,31.35997822,30.15516082
1320,32.32157212,31.36163691,30.15683852
1320.5,32.32289404,31.36328985,30.1585104
1321,32.32421076,31.36493707,30.1601765
1321.5,32.32552231,31.36657857,30.16183682
1322,32.32682871,31.36821439,30.16349139
1322.5,32.32812997,31.36984453,30.16514023
1323,32.32942612,31.37146902,30.16678336
1323.5,32.33071717,31.37308789,30.1684208
1324,32.33200316,31.37470114,30.17005256
1324.5,32.33328409,31.3763088,30.17167867
1325,32.33455999,31.37791088,30.17329916
1325.5,32.33583087,31.37950742,30.17491402
1326,32.33709676,31.38109841,30.1765233
1326.5,32.33835768,31.3826839,30.178127
1327,32.33961364,31.38426389,30.17972514
1327.5,32.34086466,31.3858384,30.18131775
1328,32.34211078,31.38740745,30.18290485
1328.5,32.34335199,31.38897107,30.18448644
1329,32.34458833,31.39052926,30.18606256
1329.5,32.34581981,31.39208206,30.18763322
1330,32.34704645,31.39362947,30.18919843
1330.5,32.34826827,31.39517151,30.19075823
1331,32.34948529,31.39670822,30.19231262
1331.5,32.35069753,31.39823959,30.19386163
1332,32.351905,31.39976566,30.19540527
1332.5,32.35310774,31.40128644,30.19694357
1333,32.35430574,31.40280194,30.19847654
1333.5,32.35549904,31.4043122,30.2000042
1334,32.35668765,31.40581721,30.20152656
1334.5,32.35787158,31.40731702,30.20304365
1335,32.35905087,31.40881162,30.20455549
1335.5,32.36022552,31.41030104,30.20606209
1336,32.36139556,31.4117853,30.20756348
1336.5,32.362561,31.41326441,30.20905966
1337,32.36372186,31.4147384,30.21055066
1337.5,32.36487816,31.41620728,30.21203649
1338,32.36602991,31.41767106,30.21351718
1338.5,32.36717714,31.41912977,30.21499274
1339,32.36831987,31.42058343,30.21646319
1339.5,32.3694581,31.42203205,30.21792854
1340,32.37059186,31.42347564,30.21938882
1340.5,32.37172116,31.42491423,30.22084404
1341,32.37284603,31.42634784,30.22229422
1341.5,32.37396648,31.42777647,30.22373938
1342,32.37508252,31.42920016,30.22517953
1342.5,32.37619418,31.43061891,30.22661469
1343,32.37730148,31.43203274,30.22804489
1343.5,32.37840442,31.43344167,30.22947012
1344,32.37950302,31.43484571,30.23089042
1344.5,32.38059731,31.43624489,30.2323058
1345,32.3816873,31.43763922,30.23371628
1345.5,32.38277301,31.43902872,30.23512187
1346,32.38385445,31.4404134,30.2365226
1346.5,32.38493165,31.44179328,30.23791847
1347,32.38600461,31.44316838,30.23930951
1347.5,32.38707335,31.44453871,30.24069573
1348,32.3881379,31.44590429,30.24207714
1348.5,32.38919826,31.44726513,30.24345377
1349,32.39025445,31.44862126,30.24482564
1349.5,32.3913065,31.44997269,30.24619275
1350,32.39235441,31.45131944,30.24755512
1350.5,32.3933982,31.45266151,30.24891278
1351,32.39443789,31.45399894,30.25026573
1351.5,32.3954735,31.45533173,30.251614
1352,32.39650504,31.4566599,30.2529576
1352.5,32.39753253,31.45798346,30.25429654
1353,32.39855597,31.45930244,30.25563084
1353.5,32.3995754,31.46061684,30.25696053
1354,32.40059082,31.46192669,30.25828561
1354.5,32.40160225,31.463232,30.25960609
1355,32.40260971,31.46453279,30.26092201
1355.5,32.4036132,31.46582906,30.26223336
1356,32.40461276,31.46712084,30.26354017
1356.5,32.40560839,31.46840815,30.26484246
1357,32.4066001,31.46969099,30.26614023
1357.5,32.40758792,31.47096938,30.26743351
1358,32.40857186,31.47224335,30.26872231
1358.5,32.40955193,31.4735129,30.27000665
1359,32.41052815,31.47477804,30.27128654
1359.5,32.41150053,31.4760388,30.27256199
1360,32.4124691,31.4772952,30.27383303
1360.5,32.41343385,31.47854723,30.27509966
1361,32.41439482,31.47979493,30.2763619
1361.5,32.41535201,31.4810383,30.27761978
1362,32.41630544,31.48227736,30.27887329
1362.5,32.41725513,31.48351213,30.28012247
1363,32.41820108,31.48474262,30.28136731
1363.5,32.41914331,31.48596884,30.28260785
1364,32.42008185,31.48719081,30.28384409
1364.5,32.42101669,31.48840855,30.28507604
1365,32.42194786,31.48962206,30.28630373
1365.5,32.42287538,31.49083137,30.28752717
1366,32.42379924,31.49203649,30.28874636
1366.5,32.42471948,31.49323742,30.28996134
1367,32.42563611,31.4944342,30.2911721
1367.5,32.42654913,31.49562683,30.29237868
1368,32.42745856,31.49681532,30.29358107
1368.5,32.42836442,31.4979997,30.2947793
1369,32.42926672,31.49917997,30.29597337
1369.5,32.43016548,31.50035614,30.29716332
1370,32.4310607,31.50152824,30.29834913
1370.5,32.43195241,31.50269628,30.29953085
1371,32.43284061,31.50386027,30.30070846
1371.5,32.43372532,31.50502022,30.301882
1372,32.43460656,31.50617616,30.30305148
1372.5,32.43548433,31.50732808,30.3042169
1373,32.43635865,31.50847602,30.30537829
1373.5,32.43722954,31.50961997,30.30653565
1374,32.43809701,31.51075996,30.307689
1374.5,32.43896107,31.511896,30.30883836
1375,32.43982173,31.5130281,30.30998374
1375.5,32.44067901,31.51415628,30.31112515
1376,32.44153293,31.51528054,30.31226261
1376.5,32.44238349,31.51640091,30.31339613
1377,32.4432307,31.51751739,30.31452572
1377.5,32.44407459,31.51863001,30.31565139
1378,32.44491516,31.51973877,30.31677317
1378.5,32.44575243,31.52084368,30.31789106
1379,32.44658641,31.52194477,30.31900508
1379.5,32.44741711,31.52304203,30.32011525
1380,32.44824455,31.5241355,30.32122156
1380.5,32.44906873,31.52522517,30.32232405
1381,32.44988968,31.52631107,30.32342271
1381.5,32.4507074,31.5273932,30.32451757
1382,32.45152191,31.52847159,30.32560864
1382.5,32.45233322,31.52954623,30.32669592
1383,32.45314134,31.53061715,30.32777944
1383.5,32.45394628,31.53168436,30.32885921
1384,32.45474807,31.53274786,30.32993524
1384.5,32.4555467,31.53380768,30.33100754
1385,32.45634219,31.53486383,30.33207613
1385.5,32.45713456,31.53591632,30.33314101
1386,32.45792382,31.53696516,30.33420221
1386.5,32.45870997,31.53801036,30.33525973
1387,32.45949303,31.53905194,30.33631358
1387.5,32.46027302,31.54008991,30.33736379
1388,32.46104995,31.54112428,30.33841036
1388.5,32.46182382,31.54215507,30.3394533
1389,32.46259465,31.54318228,30.34049263
1389.5,32.46336245,31.54420593,30.34152836
1390,32.46412723,31.54522604,30.34256051
1390.5,32.46488901,31.54624261,30.34358907
1391,32.46564779,31.54725565,30.34461408
1391.5,32.4664036,31.54826518,30.34563553
1392,32.46715643,31.54927122,30.34665345
1392.5,32.46790631,31.55027376,30.34766784
1393,32.46865324,31.55127283,30.34867872
1393.5,32.46939723,31.55226844,30.34968609
1394,32.4701383,31.5532606,30.35068998
1394.5,32.47087646,31.55424932,30.35169038
1395,32.47161172,31.55523461,30.35268733
1395.5,32.47234409,31.55621648,30.35368081
1396,32.47307359,31.55719496,30.35467086
1396.5,32.47380021,31.55817004,30.35565748
1397,32.47452398,31.55914174,30.35664068
1397.5,32.47524491,31.56011007,30.35762048
1398,32.475963,31.56107505,30.35859688
1398.5,32.47667828,31.56203668,30.3595699
1399,32.47739074,31.56299497,30.36053955
1399.5,32.4781004,31.56394995,30.36150584
1400,32.47880728,31.56490162,30.36246878
1400.5,32.47951137,31.56584998,30.36342839
1401,32.4802127,31.56679506,30.36438467
1401.5,32.48091128,31.56773687,30.36533764
1402,32.48160711,31.5686754,30.36628731
1402.5,32.4823002,31.56961069,30.36723369
1403,32.48299058,31.57054273,30.36817679
1403.5,32.48367824,31.57147155,30.36911663
1404,32.48436319,31.57239714,30.37005321
1404.5,32.48504546,31.57331953,30.37098654
1405,32.48572504,31.57423871,30.37191664
1405.5,32.48640196,31.57515472,30.37284353
1406,32.48707621,31.57606754,30.3737672
1406.5,32.48774782,31.57697721,30.37468767
1407,32.48841679,31.57788371,30.37560495
1407.5,32.48908313,31.57878708,30.37651905
1408,32.48974685,31.57968732,30.37742999
1408.5,32.49040796,31.58058443,30.37833777
1409,32.49106647,31.58147844,30.37924241
1409.5,32.4917224,31.58236935,30.38014392
1410,32.49237575,31.58325716,30.3810423
1410.5,32.49302653,31.58414191,30.38193757
1411,32.49367476,31.58502358,30.38282974
1411.5,32.49432044,31.5859022,30.38371882
1412,32.49496358,31.58677777,30.38460482
1412.5,32.49560419,31.58765031,30.38548775
1413,32.49624229,31.58851982,30.38636762
1413.5,32.49687788,31.58938632,30.38724444
1414,32.49751097,31.59024982,30.38811823
1414.5,32.49814158,31.59111032,30.38898899
1415,32.4987697,31.59196784,30.38985673
1415.5,32.49939536,31.59282239,30.39072147
1416,32.50001856,31.59367397,30.39158321
1416.5,32.50063932,31.59452261,30.39244197
1417,32.50125763,31.5953683,30.39329775
1417.5,32.50187351,31.59621106,30.39415057
1418,32.50248697,31.5970509,30.39500044
1418.5,32.50309803,31.59788783,30.39584736
1419,32.50370668,31.59872185,30.39669134
1419.5,32.50431294,31.59955299,30.39753241
1420,32.50491682,31.60038124,30.39837056
1420.5,32.50551832,31.60120663,30.3992058
1421,32.50611746,31.60202915,30.40003816
1421.5,32.50671425,31.60284882,30.40086763
1422,32.5073087,31.60366565,30.40169422
1422.5,32.5079008,31.60447965,30.40251796
1423,32.50849058,31.60529083,30.40333884
1423.5,32.50907805,31.6060992,30.40415687
1424,32.5096632,31.60690476,30.40497208
1424.5,32.51024606,31.60770753,30.40578446
1425,32.51082662,31.60850752,30.40659402
1425.5,32.51140491,31.60930474,30.40740078
1426,32.51198092,31.61009919,30.40820475
1426.5,32.51255467,31.61089089,30.40900593
1427,32.51312616,31.61167984,30.40980434
1427.5,32.51369541,31.61246606,30.41059998
1428,32.51426242,31.61324956,30.41139287
1428.5,32.5148272,31.61403034,30.41218301
1429,32.51538977,31.61480841,30.41297041
1429.5,32.51595012,31.61558379,30.41375508
1430,32.51650828,31.61635647,30.41453704
1430.5,32.51706424,31.61712648,30.41531628
1431,32.51761801,31.61789382,30.41609283
1431.5,32.51816961,31.6186585,30.41686669
1432,32.51871904,31.61942053,30.41763787
1432.5,32.51926631,31.62017992,30.41840638
1433,32.51981144,31.62093668,30.41917222
1433.5,32.52035442,31.62169081,30.41993541
1434,32.52089526,31.62244233,30.42069596
1434.5,32.52143398,31.62319125,30.42145387
1435,32.52197059,31.62393756,30.42220916
1435.5,32.52250509,31.62468129,30.42296183
1436,32.52303748,31.62542245,30.4237119
1436.5,32.52356779,31.62616103,30.42445936
1437,32.52409601,31.62689706,30.42520424
1437.5,32.52462215,31.62763053,30.42594654
1438,32.52514623,31.62836146,30.42668627
1438.5,32.52566825,31.62908986,30.42742343
1439,32.52618821,31.62981573,30.42815804
1439.5,32.52670614,31.63053908,30.4288901
1440,32.52722203,31.63125993,30.42961963
1440.5,32.52773589,31.63197828,30.43034664
1441,32.52824773,31.63269414,30.43107112
1441.5,32.52875757,31.63340752,30.4317931
1442,32.52926539,31.63411842,30.43251257
1442.5,32.52977123,31.63482687,30.43322955
1443,32.53027507,31.63553285,30.43394405
1443.5,32.53077694,31.63623639,30.43465607
1444,32.53127683,31.63693749,30.43536563
1444.5,32.53177476,31.63763616,30.43607273
1445,32.53227073,31.63833241,30.43677738
1445.5,32.53276476,31.63902624,30.43747959
1446,32.53325684,31.63971767,30.43817937
1446.5,32.53374699,31.6404067,30.43887672
1447,32.53423522,31.64109335,30.43957166
1447.5,32.53472152,31.64177761,30.44026419
1448,32.53520592,31.64245951,30.44095432
1448.5,32.53568841,31.64313903,30.44164206
1449,32.536169,31.64381621,30.44232742
1449.5,32.53664771,31.64449103,30.4430104
1450,32.53712454,31.64516352,30.44369102
1450.5,32.53759949,31.64583368,30.44436928
1451,32.53807257,31.64650151,30.44504519
1451.5,32.5385438,31.64716703,30.44571876
1452,32.53901318,31.64783024,30.44639
1452.5,32.53948071,31.64849115,30.44705891
1453,32.5399464,31.64914977,30.4477255
1453.5,32.54041027,31.64980611,30.44838979
1454,32.54087231,31.65046017,30.44905177
1454.5,32.54133254,31.65111197,30.44971147
1455,32.54179095,31.65176151,30.45036887
1455.5,32.54224757,31.65240879,30.451024
1456,32.54270239,31.65305384,30.45167686
1456.5,32.54315543,31.65369664,30.45232746
1457,32.54360668,31.65433722,30.4529758
1457.5,32.54405617,31.65497558,30.4536219
1458,32.54450388,31.65561172,30.45426576
1458.5,32.54494984,31.65624566,30.4549074
1459,32.54539404,31.6568774,30.4555468
1459.5,32.5458365,31.65750695,30.456184
1460,32.54627722,31.65813432,30.45681898
1460.5,32.54671621,31.65875952,30.45745177
1461,32.54715348,31.65938255,30.45808237
1461.5,32.54758902,31.66000342,30.45871078
1462,32.54802286,31.66062213,30.45933701
1462.5,32.54845499,31.66123871,30.45996107
1463,32.54888542,31.66185314,30.46058298
1463.5,32.54931416,31.66246545,30.46120273
1464,32.54974122,31.66307563,30.46182033
1464.5,32.55016659,31.6636837,30.46243579
1465,32.5505903,31.66428966,30.46304912
1465.5,32.55101234,31.66489351,30.46366033
1466,32.55143273,31.66549528,30.46426942
1466.5,32.55185146,31.66609496,30.46487639
1467,32.55226854,31.66669256,30.46548127
1467.5,32.55268399,31.66728809,30.46608405
1468,32.55309781,31.66788156,30.46668475
1468.5,32.55351,31.66847297,30.46728336
1469,32.55392057,31.66906233,30.4678799
1469.5,32.55432952,31.66964964,30.46847437
1470,32.55473687,31.67023492,30.46906678
1470.5,32.55514262,31.67081817,30.46965715
1471,32.55554677,31.6713994,30.47024546
1471.5,32.55594934,31.67197862,30.47083174
1472,32.55635033,31.67255583,30.47141599
1472.5,32.55674973,31.67313103,30.47199821
1473,32.55714757,31.67370424,30.47257842
1473.5,32.55754385,31.67427547,30.47315662
1474,32.55793857,31.67484472,30.47373281
1474.5,32.55833174,31.67541199,30.47430701
1475,32.55872336,31.67597729,30.47487922
1475.5,32.55911345,31.67654064,30.47544945
1476,32.559502,31.67710203,30.4760177
1476.5,32.55988902,31.67766148,30.47658399
1477,32.56027453,31.67821899,30.47714831
1477.5,32.56065852,31.67877457,30.47771068
1478,32.561041,31.67932822,30.4782711
1478.5,32.56142198,31.67987995,30.47882957
1479,32.56180146,31.68042977,30.47938612
1479.5,32.56217945,31.68097768,30.47994074
1480,32.56255595,31.6815237,30.48049343
1480.5,32.56293098,31.68206782,30.48104421
1481,32.56330453,31.68261005,30.48159308
1481.5,32.56367662,31.68315041,30.48214006
1482,32.56404724,31.68368889,30.48268513
1482.5,32.5644164,31.68422551,30.48322832
1483,32.56478412,31.68476026,30.48376963
1483.5,32.56515039,31.68529317,30.48430906
1484,32.56551522,31.68582422,30.48484662
1484.5,32.56587862,31.68635343,30.48538233
1485,32.56624059,31.68688082,30.48591617
1485.5,32.56660114,31.68740637,30.48644817
1486,32.56696027,31.6879301,30.48697832
1486.5,32.56731799,31.68845201,30.48750664
1487,32.5676743,31.68897212,30.48803313
1487.5,32.56802921,31.68949042,30.48855779
1488,32.56838273,31.69000693,30.48908064
1488.5,32.56873486,31.69052164,30.48960167
1489,32.56908561,31.69103458,30.49012091
1489.5,32.56943498,31.69154573,30.49063834
1490,32.56978298,31.69205511,30.49115398
1490.5,32.5701296,31.69256273,30.49166783
1491,32.57047487,31.69306858,30.4921799
1491.5,32.57081878,31.69357269,30.4926902
1492,32.57116134,31.69407504,30.49319874
1492.5,32.57150255,31.69457566,30.49370551
1493,32.57184242,31.69507454,30.49421052
1493.5,32.57218096,31.69557169,30.49471379
1494,32.57251817,31.69606712,30.49521531
1494.5,32.57285405,31.69656083,30.4957151
1495,32.57318861,31.69705282,30.49621315
1495.5,32.57352186,31.69754312,30.49670948
1496,32.57385379,31.69803171,30.49720409
1496.5,32.57418443,31.69851861,30.49769699
1497,32.57451376,31.69900382,30.49818818
1497.5,32.5748418,31.69948735,30.49867766
1498,32.57516855,31.69996921,30.49916546
1498.5,32.57549402,31.70044939,30.49965156
1499,32.57581821,31.70092791,30.50013598
1499.5,32.57614112,31.70140477,30.50061872
1500,32.57646277,31.70187998,30.50109979
1500.5,32.57678315,31.70235354,30.50157919
1501,32.57710227,31.70282546,30.50205693
1501.5,32.57742014,31.70329574,30.50253302
1502,32.57773676,31.7037644,30.50300746
1502.5,32.57805214,31.70423142,30.50348025
1503,32.57836627,31.70469683,30.50395141
1503.5,32.57867918,31.70516063,30.50442093
1504,32.57899085,31.70562282,30.50488883
1504.5,32.5793013,31.70608341,30.50535511
1505,32.57961053,31.7065424,30.50581977
1505.5,32.57991854,31.7069998,30.50628282
1506,32.58022534,31.70745561,30.50674427
1506.5,32.58053094,31.70790985,30.50720412
1507,32.58083534,31.7083625,30.50766238
1507.5,32.58113854,31.7088136,30.50811905
1508,32.58144055,31.70926312,30.50857414
1508.5,32.58174137,31.70971109,30.50902765
1509,32.58204101,31.71015751,30.50947959
1509.5,32.58233947,31.71060238,30.50992997
1510,32.58263676,31.7110457,30.51037878
1510.5,32.58293289,31.71148749,30.51082604
1511,32.58322785,31.71192775,30.51127175
1511.5,32.58352165,31.71236648,30.51171592
1512,32.58381429,31.71280369,30.51215855
1512.5,32.58410579,31.71323939,30.51259965
1513,32.58439614,31.71367358,30.51303921
1513.5,32.58468535,31.71410626,30.51347726
1514,32.58497342,31.71453744,30.51391379
1514.5,32.58526036,31.71496712,30.5143488
1515,32.58554618,31.71539532,30.51478231
1515.5,32.58583087,31.71582203,30.51521432
1516,32.58611444,31.71624727,30.51564483
1516.5,32.5863969,31.71667103,30.51607385
1517,32.58667824,31.71709332,30.51650138
1517.5,32.58695849,31.71751415,30.51692744
1518,32.58723763,31.71793351,30.51735201
1518.5,32.58751567,31.71835143,30.51777512
1519,32.58779262,31.71876789,30.51819676
1519.5,32.58806849,31.71918292,30.51861694
1520,32.58834327,31.7195965,30.51903567
1520.5,32.58861697,31.72000865,30.51945294
1521,32.58888959,31.72041937,30.51986877
1521.5,32.58916115,31.72082867,30.52028316
1522,32.58943163,31.72123655,30.52069611
1522.5,32.58970106,31.72164302,30.52110763
1523,32.58996942,31.72204807,30.52151773
1523.5,32.59023673,31.72245173,30.52192641
1524,32.59050299,31.72285398,30.52233367
1524.5,32.59076821,31.72325484,30.52273952
1525,32.59103238,31.72365431,30.52314396
1525.5,32.59129551,31.72405239,30.52354701
1526,32.59155761,31.7244491,30.52394865
1526.5,32.59181868,31.72484443,30.52434891
1527,32.59207873,31.72523839,30.52474778
1527.5,32.59233775,31.72563098,30.52514527
1528,32.59259575,31.72602221,30.52554138
1528.5,32.59285274,31.72641209,30.52593612
1529,32.59310872,31.72680062,30.52632949
1529.5,32.5933637,31.7271878,30.5267215
1530,32.59361767,31.72757363,30.52711215
1530.5,32.59387065,31.72795813,30.52750145
1531,32.59412263,31.7283413,30.5278894
1531.5,32.59437362,31.72872314,30.528276
1532,32.59462363,31.72910365,30.52866127
1532.5,32.59487265,31.72948285,30.5290452
1533,32.59512069,31.72986073,30.5294278
1533.5,32.59536776,31.7302373,30.52980908
1534,32.59561386,31.73061257,30.53018904
1534.5,32.595859,31.73098653,30.53056768
1535,32.59610316,31.7313592,30.53094501
1535.5,32.59634637,31.73173058,30.53132103
1536,32.59658863,31.73210067,30.53169575
1536.5,32.59682993,31.73246948,30.53206917
1537,32.59707028,31.73283701,30.5324413
1537.5,32.59730969,31.73320326,30.53281213
1538,32.59754816,31.73356825,30.53318169
1538.5,32.59778569,31.73393197,30.53354996
1539,32.59802229,31.73429443,30.53391696
1539.5,32.59825796,31.73465563,30.53428269
1540,32.5984927,31.73501558,30.53464715
1540.5,32.59872652,31.73537429,30.53501034
1541,32.59895942,31.73573175,30.53537228
1541.5,32.59919141,31.73608797,30.53573297
1542,32.59942248,31.73644295,30.53609241
1542.5,32.59965265,31.73679671,30.5364506
1543,32.59988191,31.73714924,30.53680755
1543.5,32.60011028,31.73750055,30.53716326
1544,32.60033774,31.73785064,30.53751775
1544.5,32.60056431,31.73819951,30.537871
1545,32.60078999,31.73854718,30.53822303
1545.5,32.60101478,31.73889364,30.53857384
1546,32.60123869,31.73923891,30.53892344
1546.5,32.60146173,31.73958297,30.53927182
1547,32.60168388,31.73992584,30.539619
1547.5,32.60190516,31.74026752,30.53996498
1548,32.60212557,31.74060802,30.54030975
1548.5,32.60234512,31.74094734,30.54065334
1549,32.6025638,31.74128548,30.54099573
1549.5,32.60278162,31.74162246,30.54133694
1550,32.60299859,31.74195826,30.54167696
1550.5,32.60321471,31.7422929,30.54201581
1551,32.60342997,31.74262637,30.54235348
1551.5,32.60364439,31.7429587,30.54268999
1552,32.60385797,31.74328987,30.54302532
1552.5,32.60407071,31.74361989,30.5433595
1553,32.60428261,31.74394877,30.54369252
1553.5,32.60449368,31.74427651,30.54402438
1554,32.60470392,31.74460311,30.5443551
1554.5,32.60491334,31.74492858,30.54468467
1555,32.60512193,31.74525292,30.5450131
1555.5,32.6053297,31.74557614,30.54534039
1556,32.60553666,31.74589824,30.54566655
1556.5,32.6057428,31.74621922,30.54599158
1557,32.60594813,31.74653909,30.54631548
1557.5,32.60615266,31.74685785,30.54663826
1558,32.60635638,31.74717551,30.54695992
1558.5,32.6065593,31.74749206,30.54728047
1559,32.60676143,31.74780752,30.5475999
1559.5,32.60696276,31.74812188,30.54791823
1560,32.6071633,31.74843515,30.54823546
1560.5,32.60736305,31.74874734,30.54855159
1561,32.60756202,31.74905845,30.54886663
1561.5,32.6077602,31.74936847,30.54918057
1562,32.60795761,31.74967743,30.54949342
1562.5,32.60815424,31.74998531,30.5498052
1563,32.60835009,31.75029212,30.55011589
1563.5,32.60854518,31.75059787,30.5504255
1564,32.6087395,31.75090256,30.55073405
1564.5,32.60893306,31.7512062,30.55104152
1565,32.60912586,31.75150878,30.55134793
1565.5,32.6093179,31.75181032,30.55165328
1566,32.60950918,31.7521108,30.55195757
1566.5,32.60969972,31.75241025,30.5522608
1567,32.6098895,31.75270866,30.55256299
1567.5,32.61007854,31.75300603,30.55286413
1568,32.61026684,31.75330238,30.55316423
1568.5,32.61045439,31.7535977,30.55346328
1569,32.61064121,31.75389199,30.5537613
1569.5,32.6108273,31.75418526,30.55405829
1570,32.61101265,31.75447752,30.55435425
1570.5,32.61119728,31.75476876,30.55464919
1571,32.61138118,31.75505899,30.5549431
1571.5,32.61156436,31.75534822,30.55523599
1572,32.61174681,31.75563645,30.55552787
1572.5,32.61192856,31.75592367,30.55581874
1573,32.61210958,31.7562099,30.5561086
1573.5,32.6122899,31.75649514,30.55639746
1574,32.61246951,31.75677939,30.55668532
1574.5,32.61264841,31.75706266,30.55697218
1575,32.61282661,31.75734494,30.55725804
1575.5,32.6130041,31.75762624,30.55754292
1576,32.61318091,31.75790657,30.55782681
1576.5,32.61335701,31.75818593,30.55810971
1577,32.61353243,31.75846432,30.55839164
1577.5,32.61370715,31.75874174,30.55867259
1578,32.61388119,31.7590182,30.55895257
1578.5,32.61405454,31.75929371,30.55923157
1579,32.61422722,31.75956826,30.55950961
1579.5,32.61439921,31.75984185,30.55978669
1580,32.61457053,31.7601145,30.56006281
1580.5,32.61474118,31.76038621,30.56033797
1581,32.61491115,31.76065697,30.56061217
1581.5,32.61508046,31.76092679,30.56088543
1582,32.6152491,31.76119568,30.56115774
1582.5,32.61541708,31.76146364,30.56142911
1583,32.6155844,31.76173067,30.56169954
1583.5,32.61575107,31.76199677,30.56196903
1584,32.61591707,31.76226195,30.56223759
1584.5,32.61608243,31.76252621,30.56250521
1585,32.61624713,31.76278955,30.56277191
1585.5,32.61641119,31.76305198,30.56303769
1586,32.61657461,31.76331351,30.56330255
1586.5,32.61673738,31.76357412,30.56356649
1587,32.61689951,31.76383383,30.56382951
1587.5,32.617061,31.76409264,30.56409162
1588,32.61722186,31.76435056,30.56435283
1588.5,32.61738209,31.76460758,30.56461313
1589,32.61754169,31.76486371,30.56487253
1589.5,32.61770066,31.76511895,30.56513103
1590,32.61785901,31.76537331,30.56538863
1590.5,32.61801673,31.76562678,30.56564534
1591,32.61817384,31.76587938,30.56590117
1591.5,32.61833033,31.7661311,30.56615611
1592,32.6184862,31.76638195,30.56641016
1592.5,32.61864146,31.76663193,30.56666333
1593,32.61879611,31.76688104,30.56691563
1593.5,32.61895015,31.76712929,30.56716705
1594,32.61910359,31.76737668,30.56741761
1594.5,32.61925643,31.76762321,30.56766729
1595,32.61940866,31.76786889,30.56791611
1595.5,32.6195603,31.76811372,30.56816407
1596,32.61971134,31.76835769,30.56841117
1596.5,32.61986178,31.76860082,30.56865741
1597,32.62001164,31.76884311,30.5689028
1597.5,32.6201609,31.76908456,30.56914734
1598,32.62030958,31.76932517,30.56939103
1598.5,32.62045768,31.76956495,30.56963388
1599,32.62060519,31.76980389,30.56987589
1599.5,32.62075213,31.77004201,30.57011706
1600,32.62089848,31.7702793,30.57035739
1600.5,32.62104427,31.77051578,30.57059689
1601,32.62118948,31.77075143,30.57083556
1601.5,32.62133411,31.77098626,30.57107341
1602,32.62147818,31.77122028,30.57131043
1602.5,32.62162169,31.77145349,30.57154663
1603,32.62176463,31.77168589,30.57178201
1603.5,32.62190701,31.77191748,30.57201658
1604,32.62204883,31.77214827,30.57225033
1604.5,32.62219009,31.77237827,30.57248328
1605,32.62233079,31.77260746,30.57271541
1605.5,32.62247095,31.77283586,30.57294675
1606,32.62261055,31.77306347,30.57317728
1606.5,32.62274961,31.77329029,30.57340701
1607,32.62288811,31.77351632,30.57363595
1607.5,32.62302608,31.77374157,30.57386409
1608,32.6231635,31.77396604,30.57409145
1608.5,32.62330038,31.77418973,30.57431802
1609,32.62343673,31.77441265,30.5745438
1609.5,32.62357254,31.77463479,30.5747688
1610,32.62370781,31.77485616,30.57499302
1610.5,32.62384255,31.77507677,30.57521646
1611,32.62397677,31.77529661,30.57543913
1611.5,32.62411045,31.77551569,30.57566103
1612,32.62424361,31.77573401,30.57588216
1612.5,32.62437625,31.77595157,30.57610253
1613,32.62450837,31.77616838,30.57632213
1613.5,32.62463997,31.77638443,30.57654097
1614,32.62477105,31.77659974,30.57675905
1614.5,32.62490161,31.7768143,30.57697638
1615,32.62503167,31.77702812,30.57719295
1615.5,32.62516121,31.7772412,30.57740877
1616,32.62529024,31.77745354,30.57762385
1616.5,32.62541877,31.77766514,30.57783818
1617,32.62554679,31.77787601,30.57805177
1617.5,32.6256743,31.77808615,30.57826462
1618,32.62580132,31.77829556,30.57847673
1618.5,32.62592784,31.77850424,30.57868811
1619,32.62605386,31.7787122,30.57889875
1619.5,32.62617938,31.77891944,30.57910867
1620,32.62630441,31.77912596,30.57931785
1620.5,32.62642895,31.77933177,30.57952632
1621,32.62655301,31.77953686,30.57973406
1621.5,32.62667657,31.77974124,30.57994108
1622,32.62679965,31.77994491,30.58014738
1622.5,32.62692224,31.78014788,30.58035297
1623,32.62704435,31.78035014,30.58055785
1623.5,32.62716599,31.7805517,30.58076202
1624,32.62728714,31.78075257,30.58096548
1624.5,32.62740782,31.78095273,30.58116824
1625,32.62752803,31.78115221,30.58137029
1625.5,32.62764776,31.78135099,30.58157164
1626,32.62776702,31.78154908,30.5817723
1626.5,32.62788582,31.78174649,30.58197226
1627,32.62800414,31.78194321,30.58217153
1627.5,32.628122,31.78213925,30.58237011
1628,32.6282394,31.78233461,30.582568
1628.5,32.62835634,31.78252929,30.5827652
1629,32.62847282,31.7827233,30.58296173
1629.5,32.62858884,31.78291664,30.58315757
1630,32.6287044,31.7831093,30.58335273
1630.5,32.62881951,31.7833013,30.58354722
1631,32.62893417,31.78349263,30.58374103
1631.5,32.62904838,31.7836833,30.58393417
1632,32.62916214,31.78387331,30.58412665
1632.5,32.62927545,31.78406266,30.58431845
1633,32.62938831,31.78425135,30.58450959
1633.5,32.62950074,31.78443939,30.58470007
1634,32.62961272,31.78462678,30.58488989
1634.5,32.62972426,31.78481352,30.58507906
1635,32.62983536,31.78499961,30.58526756
1635.5,32.62994603,31.78518505,30.58545542
1636,32.63005626,31.78536986,30.58564262
1636.5,32.63016606,31.78555402,30.58582917
1637,32.63027543,31.78573754,30.58601508
1637.5,32.63038436,31.78592043,30.58620035
1638,32.63049287,31.78610268,30.58638497
1638.5,32.63060096,31.78628431,30.58656895
1639,32.63070861,31.7864653,30.5867523
1639.5,32.63081585,31.78664566,30.58693501
1640,32.63092266,31.7868254,30.58711709
1640.5,32.63102906,31.78700452,30.58729854
1641,32.63113503,31.78718302,30.58747936
1641.5,32.63124059,31.78736089,30.58765955
1642,32.63134574,31.78753815,30.58783912
1642.5,32.63145047,31.7877148,30.58801807
1643,32.63155479,31.78789084,30.58819639
1643.5,32.6316587,31.78806626,30.5883741
1644,32.6317622,31.78824108,30.58855119
1644.5,32.6318653,31.78841528,30.58872767
1645,32.63196799,31.78858889,30.58890354
1645.5,32.63207028,31.7887619,30.5890788
1646,32.63217216,31.7889343,30.58925346
1646.5,32.63227364,31.78910611,30.5894275
1647,32.63237473,31.78927732,30.58960095
1647.5,32.63247542,31.78944794,30.58977379
1648,32.63257571,31.78961796,30.58994604
1648.5,32.63267561,31.7897874,30.59011768
1649,32.63277512,31.78995625,30.59028874
1649.5,32.63287423,31.79012451,30.5904592
1650,32.63297296,31.7902922,30.59062907
1650.5,32.6330713,31.7904593,30.59079835
1651,32.63316925,31.79062582,30.59096705
1651.5,32.63326681,31.79079176,30.59113516
1652,32.633364,31.79095713,30.59130269
1652.5,32.6334608,31.79112192,30.59146964
1653,32.63355722,31.79128615,30.59163601
1653.5,32.63365326,31.7914498,30.59180181
1654,32.63374893,31.79161289,30.59196703
1654.5,32.63384422,31.79177541,30.59213167
1655,32.63393913,31.79193737,30.59229575
1655.5,32.63403367,31.79209877,30.59245926
1656,32.63412784,31.79225961,30.5926222
1656.5,32.63422164,31.79241989,30.59278458
1657,32.63431508,31.79257961,30.5929464
1657.5,32.63440814,31.79273878,30.59310765
1658,32.63450084,31.7928974,30.59326835
1658.5,32.63459317,31.79305547,30.59342849
1659,32.63468514,31.793213,30.59358808
1659.5,32.63477675,31.79336997,30.59374711
1660,32.63486801,31.7935264,30.59390559
1660.5,32.6349589,31.79368229,30.59406352
1661,32.63504943,31.79383764,30.59422091
1661.5,32.63513961,31.79399245,30.59437775
1662,32.63522944,31.79414673,30.59453405
1662.5,32.63531891,31.79430047,30.59468981
1663,32.63540803,31.79445367,30.59484502
1663.5,32.6354968,31.79460635,30.5949997
1664,32.63558522,31.79475849,30.59515384
1664.5,32.63567329,31.79491011,30.59530745
1665,32.63576102,31.79506121,30.59546053
1665.5,32.6358484,31.79521178,30.59561308
1666,32.63593544,31.79536182,30.5957651
1666.5,32.63602214,31.79551135,30.59591659
1667,32.6361085,31.79566036,30.59606755
1667.5,32.63619451,31.79580885,30.596218
1668,32.63628019,31.79595683,30.59636792
1668.5,32.63636554,31.7961043,30.59651733
1669,32.63645054,31.79625125,30.59666621
1669.5,32.63653522,31.7963977,30.59681458
1670,32.63661956,31.79654363,30.59696244
1670.5,32.63670357,31.79668906,30.59710978
1671,32.63678725,31.79683399,30.59725662
1671.5,32.6368706,31.79697841,30.59740294
1672,32.63695362,31.79712234,30.59754876
1672.5,32.63703632,31.79726576,30.59769408
1673,32.63711869,31.79740869,30.59783889
1673.5,32.63720074,31.79755112,30.59798319
1674,32.63728246,31.79769306,30.598127
1674.5,32.63736387,31.79783451,30.59827031
1675,32.63744495,31.79797547,30.59841313
1675.5,32.63752572,31.79811593,30.59855545
1676,32.63760617,31.79825592,30.59869727
1676.5,32.6376863,31.79839541,30.59883861
1677,32.63776612,31.79853442,30.59897945
1677.5,32.63784562,31.79867295,30.59911981
1678,32.63792482,31.798811,30.59925968
1678.5,32.6380037,31.79894858,30.59939907
1679,32.63808227,31.79908567,30.59953798
1679.5,32.63816053,31.79922229,30.5996764
1680,32.63823849,31.79935844,30.59981434
1680.5,32.63831613,31.79949411,30.59995181
1681,32.63839348,31.79962932,30.6000888
1681.5,32.63847052,31.79976405,30.60022531
1682,32.63854725,31.79989832,30.60036136
1682.5,32.63862369,31.80003212,30.60049693
1683,32.63869982,31.80016546,30.60063203
1683.5,32.63877566,31.80029834,30.60076666
1684,32.6388512,31.80043075,30.60090083
1684.5,32.63892644,31.80056271,30.60103453
1685,32.63900138,31.80069421,30.60116777
1685.5,32.63907603,31.80082526,30.60130055
1686,32.63915039,31.80095584,30.60143287
1686.5,32.63922445,31.80108598,30.60156472
1687,32.63929823,31.80121567,30.60169613
1687.5,32.63937171,31.8013449,30.60182707
1688,32.63944491,31.80147369,30.60195757
1688.5,32.63951782,31.80160204,30.60208761
1689,32.63959044,31.80172993,30.6022172
1689.5,32.63966277,31.80185739,30.60234635
1690,32.63973483,31.8019844,30.60247504
1690.5,32.6398066,31.80211097,30.60260329
1691,32.63987808,31.8022371,30.6027311
1691.5,32.63994929,31.8023628,30.60285846
1692,32.64002021,31.80248806,30.60298538
1692.5,32.64009086,31.80261289,30.60311186
1693,32.64016123,31.80273728,30.6032379
1693.5,32.64023132,31.80286124,30.60336351
1694,32.64030114,31.80298478,30.60348868
1694.5,32.64037069,31.80310788,30.60361342
1695,32.64043996,31.80323056,30.60373773
1695.5,32.64050895,31.80335281,30.6038616
1696,32.64057768,31.80347464,30.60398505
1696.5,32.64064614,31.80359605,30.60410807
1697,32.64071433,31.80371703,30.60423066
1697.5,32.64078225,31.8038376,30.60435283
1698,32.6408499,31.80395775,30.60447458
1698.5,32.64091729,31.80407748,30.6045959
1699,32.64098441,31.80419679,30.6047168
1699.5,32.64105127,31.8043157,30.60483729
1700,32.64111786,31.80443419,30.60495735
1700.5,32.6411842,31.80455227,30.605077
1701,32.64125027,31.80466994,30.60519624
1701.5,32.64131609,31.8047872,30.60531506
1702,32.64138164,31.80490406,30.60543348
1702.5,32.64144694,31.80502051,30.60555148
1703,32.64151198,31.80513656,30.60566907
1703.5,32.64157677,31.80525221,30.60578626
1704,32.6416413,31.80536745,30.60590304
1704.5,32.64170558,31.8054823,30.60601941
1705,32.6417696,31.80559674,30.60613538
1705.5,32.64183338,31.80571079,30.60625096
1706,32.6418969,31.80582445,30.60636613
1706.5,32.64196017,31.80593771,30.6064809
1707,32.6420232,31.80605058,30.60659527
1707.5,32.64208597,31.80616306,30.60670925
1708,32.6421485,31.80627514,30.60682283
1708.5,32.64221079,31.80638684,30.60693602
1709,32.64227283,31.80649816,30.60704882
1709.5,32.64233463,31.80660908,30.60716122
1710,32.64239618,31.80671962,30.60727324
1710.5,32.64245749,31.80682978,30.60738487
1711,32.64251856,31.80693956,30.60749611
1711.5,32.64257939,31.80704895,30.60760697
1712,32.64263998,31.80715797,30.60771744
1712.5,32.64270034,31.80726661,30.60782753
1713,32.64276045,31.80737487,30.60793724
1713.5,32.64282033,31.80748276,30.60804657
1714,32.64287998,31.80759027,30.60815552
1714.5,32.64293939,31.80769741,30.60826409
1715,32.64299857,31.80780418,30.60837229
1715.5,32.64305751,31.80791058,30.60848011
1716,32.64311622,31.80801661,30.60858756
1716.5,32.64317471,31.80812228,30.60869464
1717,32.64323296,31.80822757,30.60880134
1717.5,32.64329098,31.8083325,30.60890768
1718,32.64334878,31.80843707,30.60901365
1718.5,32.64340635,31.80854128,30.60911925
1719,32.64346369,31.80864512,30.60922448
1719.5,32.64352081,31.80874861,30.60932935
1720,32.6435777,31.80885173,30.60943386
1720.5,32.64363437,31.8089545,30.60953801
1721,32.64369082,31.80905691,30.60964179
1721.5,32.64374704,31.80915897,30.60974521
1722,32.64380304,31.80926067,30.60984828
1722.5,32.64385883,31.80936202,30.60995099
1723,32.64391439,31.80946302,30.61005334
1723.5,32.64396974,31.80956367,30.61015534
1724,32.64402487,31.80966397,30.61025699
1724.5,32.64407978,31.80976392,30.61035828
1725,32.64413447,31.80986353,30.61045923
1725.5,32.64418896,31.80996279,30.61055982
1726,32.64424322,31.81006171,30.61066006
1726.5,32.64429728,31.81016028,30.61075996
1727,32.64435112,31.81025851,30.61085951
1727.5,32.64440475,31.8103564,30.61095872
1728,32.64445817,31.81045396,30.61105758
1728.5,32.64451138,31.81055117,30.6111561
1729,32.64456438,31.81064805,30.61125428
1729.5,32.64461717,31.81074459,30.61135212
1730,32.64466976,31.8108408,30.61144962
1730.5,32.64472213,31.81093667,30.61154679
1731,32.64477431,31.81103221,30.61164361
1731.5,32.64482627,31.81112742,30.6117401
1732,32.64487804,31.8112223,30.61183626
1732.5,32.6449296,31.81131685,30.61193208
1733,32.64498095,31.81141108,30.61202757
1733.5,32.64503211,31.81150497,30.61212273
1734,32.64508306,31.81159854,30.61221757
1734.5,32.64513382,31.81169179,30.61231207
1735,32.64518437,31.81178471,30.61240624
1735.5,32.64523473,31.81187732,30.61250009
1736,32.64528489,31.8119696,30.61259362
1736.5,32.64533485,31.81206156,30.61268682
1737,32.64538461,31.8121532,30.61277969
1737.5,32.64543418,31.81224452,30.61287225
1738,32.64548356,31.81233553,30.61296448
1738.5,32.64553274,31.81242622,30.6130564
1739,32.64558172,31.8125166,30.613148
1739.5,32.64563052,31.81260667,30.61323928
1740,32.64567912,31.81269642,30.61333024
1740.5,32.64572753,31.81278586,30.61342089
1741,32.64577576,31.81287499,30.61351122
1741.5,32.64582379,31.81296381,30.61360124
1742,32.64587163,31.81305233,30.61369095
1742.5,32.64591929,31.81314054,30.61378035
1743,32.64596675,31.81322844,30.61386944
1743.5,32.64601404,31.81331604,30.61395822
1744,32.64606113,31.81340333,30.6140467
1744.5,32.64610804,31.81349032,30.61413486
1745,32.64615477,31.81357701,30.61422272
1745.5,32.64620131,31.8136634,30.61431028
1746,32.64624767,31.81374949,30.61439753
1746.5,32.64629385,31.81383528,30.61448449
1747,32.64633985,31.81392077,30.61457114
1747.5,32.64638566,31.81400597,30.61465749
1748,32.6464313,31.81409087,30.61474354
1748.5,32.64647676,31.81417548,30.61482929
1749,32.64652203,31.8142598,30.61491475
1749.5,32.64656713,31.81434382,30.61499991
1750,32.64661206,31.81442755,30.61508477
1750.5,32.6466568,31.81451099,30.61516934
1751,32.64670137,31.81459414,30.61525362
1751.5,32.64674577,31.81467701,30.61533761
1752,32.64678999,31.81475958,30.6154213
1752.5,32.64683404,31.81484187,30.61550471
1753,32.64687791,31.81492388,30.61558782
1753.5,32.64692161,31.8150056,30.61567065
1754,32.64696514,31.81508703,30.61575319
1754.5,32.6470085,31.81516819,30.61583545
1755,32.64705169,31.81524906,30.61591742
1755.5,32.64709471,31.81532966,30.61599911
1756,32.64713756,31.81540997,30.61608051
1756.5,32.64718024,31.81549001,30.61616163
1757,32.64722275,31.81556976,30.61624247
1757.5,32.6472651,31.81564925,30.61632303
1758,32.64730728,31.81572845,30.61640332
1758.5,32.6473493,31.81580738,30.61648332
1759,32.64739115,31.81588604,30.61656305
1759.5,32.64743283,31.81596443,30.6166425
1760,32.64747435,31.81604254,30.61672167
1760.5,32.64751571,31.81612038,30.61680057
1761,32.64755691,31.81619796,30.6168792
1761.5,32.64759794,31.81627526,30.61695756
1762,32.64763881,31.8163523,30.61703564
1762.5,32.64767952,31.81642907,30.61711345
1763,32.64772008,31.81650557,30.617191
1763.5,32.64776047,31.81658181,30.61726827
1764,32.6478007,31.81665778,30.61734528
1764.5,32.64784078,31.81673349,30.61742202
1765,32.6478807,31.81680894,30.61749849
1765.5,32.64792046,31.81688412,30.61757471
1766,32.64796006,31.81695905,30.61765065
1766.5,32.64799951,31.81703372,30.61772633
1767,32.64803881,31.81710812,30.61780176
1767.5,32.64807795,31.81718227,30.61787691
1768,32.64811693,31.81725617,30.61795181
1768.5,32.64815577,31.8173298,30.61802645
1769,32.64819445,31.81740318,30.61810084
1769.5,32.64823298,31.81747631,30.61817496
1770,32.64827135,31.81754918,30.61824883
1770.5,32.64830958,31.8176218,30.61832244
1771,32.64834766,31.81769417,30.61839579
1771.5,32.64838558,31.81776629,30.6184689
1772,32.64842336,31.81783816,30.61854174
1772.5,32.64846099,31.81790978,30.61861434
1773,32.64849847,31.81798115,30.61868669
1773.5,32.64853581,31.81805227,30.61875878
1774,32.64857299,31.81812315,30.61883062
1774.5,32.64861003,31.81819378,30.61890222
1775,32.64864693,31.81826416,30.61897357
1775.5,32.64868368,31.81833431,30.61904467
1776,32.64872029,31.81840421,30.61911552
1776.5,32.64875675,31.81847386,30.61918613
1777,32.64879307,31.81854328,30.6192565
1777.5,32.64882924,31.81861245,30.61932662
1778,32.64886528,31.81868139,30.6193965
1778.5,32.64890117,31.81875008,30.61946613
1779,32.64893692,31.81881854,30.61953553
1779.5,32.64897253,31.81888676,30.61960468
1780,32.64900801,31.81895475,30.61967359
1780.5,32.64904334,31.81902249,30.61974227
1781,32.64907853,31.81909001,30.61981071
1781.5,32.64911359,31.81915729,30.61987891
1782,32.6491485,31.81922433,30.61994687
1782.5,32.64918328,31.81929115,30.6200146
1783,32.64921793,31.81935773,30.6200821
1783.5,32.64925243,31.81942408,30.62014936
1784,32.64928681,31.8194902,30.62021639
1784.5,32.64932104,31.8195561,30.62028318
1785,32.64935514,31.81962176,30.62034975
1785.5,32.64938911,31.8196872,30.62041608
1786,32.64942295,31.81975241,30.62048218
1786.5,32.64945665,31.81981739,30.62054806
1787,32.64949022,31.81988215,30.62061371
1787.5,32.64952365,31.81994668,30.62067913
1788,32.64955696,31.82001099,30.62074432
1788.5,32.64959013,31.82007508,30.62080929
1789,32.64962318,31.82013895,30.62087403
1789.5,32.64965609,31.82020259,30.62093855
1790,32.64968888,31.82026601,30.62100284
1790.5,32.64972154,31.82032922,30.62106691
1791,32.64975406,31.8203922,30.62113076
1791.5,32.64978647,31.82045497,30.62119439
1792,32.64981874,31.82051751,30.6212578
1792.5,32.64985088,31.82057985,30.62132099
1793,32.6498829,31.82064196,30.62138395
1793.5,32.6499148,31.82070386,30.62144671
1794,32.64994657,31.82076555,30.62150924
1794.5,32.64997821,31.82082702,30.62157156
1795,32.65000973,31.82088828,30.62163366
1795.5,32.65004113,31.82094932,30.62169555
1796,32.6500724,31.82101016,30.62175722
1796.5,32.65010355,31.82107078,30.62181868
1797,32.65013458,31.8211312,30.62187992
1797.5,32.65016548,31.8211914,30.62194096
1798,32.65019627,31.8212514,30.62200178
1798.5,32.65022693,31.82131118,30.62206239
1799,32.65025747,31.82137076,30.62212279
1799.5,32.65028789,31.82143014,30.62218298
1800,32.6503182,31.82148931,30.62224297
1800.5,32.65034838,31.82154827,30.62230274
1801,32.65037845,31.82160703,30.62236231
1801.5,32.65040839,31.82166558,30.62242167
1802,32.65043822,31.82172394,30.62248083
1802.5,32.65046794,31.82178209,30.62253978
1803,32.65049753,31.82184003,30.62259853
1803.5,32.65052701,31.82189778,30.62265707
1804,32.65055637,31.82195533,30.62271542
1804.5,32.65058562,31.82201268,30.62277356
1805,32.65061475,31.82206982,30.62283149
1805.5,32.65064377,31.82212678,30.62288923
1806,32.65067268,31.82218353,30.62294677
1806.5,32.65070147,31.82224009,30.62300411
1807,32.65073015,31.82229645,30.62306125
1807.5,32.65075871,31.82235261,30.62311819
1808,32.65078716,31.82240858,30.62317493
1808.5,32.65081551,31.82246436,30.62323148
1809,32.65084374,31.82251994,30.62328783
1809.5,32.65087185,31.82257533,30.62334399
1810,32.65089986,31.82263053,30.62339995
1810.5,32.65092776,31.82268554,30.62345572
1811,32.65095555,31.82274036,30.62351129
1811.5,32.65098323,31.82279498,30.62356668
1812,32.6510108,31.82284942,30.62362187
1812.5,32.65103826,31.82290367,30.62367687
1813,32.65106562,31.82295773,30.62373167
1813.5,32.65109286,31.8230116,30.62378629
1814,32.65112,31.82306529,30.62384072
1814.5,32.65114704,31.82311879,30.62389497
1815,32.65117396,31.8231721,30.62394902
1815.5,32.65120079,31.82322523,30.62400289
1816,32.6512275,31.82327818,30.62405657
1816.5,32.65125411,31.82333094,30.62411006
1817,32.65128062,31.82338352,30.62416337
1817.5,32.65130702,31.82343592,30.62421649
1818,32.65133332,31.82348813,30.62426943
1818.5,32.65135952,31.82354017,30.62432219
1819,32.65138561,31.82359202,30.62437476
1819.5,32.6514116,31.8236437,30.62442715
1820,32.65143749,31.82369519,30.62447936
1820.5,32.65146327,31.82374651,30.62453139
1821,32.65148896,31.82379765,30.62458324
1821.5,32.65151454,31.82384861,30.62463491
1822,32.65154002,31.8238994,30.6246864
1822.5,32.65156541,31.82395001,30.62473771
1823,32.65159069,31.82400044,30.62478885
1823.5,32.65161587,31.8240507,30.62483981
1824,32.65164096,31.82410078,30.62489059
1824.5,32.65166594,31.82415069,30.62494119
1825,32.65169083,31.82420043,30.62499162
1825.5,32.65171562,31.82425,30.62504188
1826,32.65174032,31.82429939,30.62509196
1826.5,32.65176491,31.82434861,30.62514186
1827,32.65178941,31.82439767,30.6251916
1827.5,32.65181381,31.82444655,30.62524116
1828,32.65183812,31.82449526,30.62529055
1828.5,32.65186233,31.8245438,30.62533977
1829,32.65188645,31.82459218,30.62538882
1829.5,32.65191047,31.82464039,30.6254377
1830,32.6519344,31.82468843,30.62548641
1830.5,32.65195823,31.8247363,30.62553495
1831,32.65198197,31.82478401,30.62558332
1831.5,32.65200562,31.82483155,30.62563153
1832,32.65202917,31.82487893,30.62567957
1832.5,32.65205263,31.82492614,30.62572744
1833,32.652076,31.82497319,30.62577515
1833.5,32.65209928,31.82502008,30.62582269
1834,32.65212246,31.82506681,30.62587006
1834.5,32.65214556,31.82511337,30.62591727
1835,32.65216856,31.82515977,30.62596432
1835.5,32.65219148,31.82520601,30.62601121
1836,32.6522143,31.82525209,30.62605793
1836.5,32.65223703,31.82529801,30.62610449
1837,32.65225968,31.82534377,30.62615089
1837.5,32.65228223,31.82538937,30.62619713
1838,32.6523047,31.82543482,30.62624321
1838.5,32.65232708,31.82548011,30.62628913
1839,32.65234937,31.82552524,30.62633489
1839.5,32.65237157,31.82557021,30.62638049
1840,32.65239369,31.82561503,30.62642594
1840.5,32.65241571,31.82565969,30.62647122
1841,32.65243766,31.8257042,30.62651635
1841.5,32.65245951,31.82574855,30.62656133
1842,32.65248128,31.82579275,30.62660615
1842.5,32.65250297,31.8258368,30.62665081
1843,32.65252457,31.82588069,30.62669532
1843.5,32.65254608,31.82592443,30.62673967
1844,32.65256751,31.82596802,30.62678387
1844.5,32.65258886,31.82601146,30.62682792
1845,32.65261012,31.82605475,30.62687181
1845.5,32.6526313,31.82609789,30.62691555
1846,32.65265239,31.82614088,30.62695914
1846.5,32.6526734,31.82618371,30.62700258
1847,32.65269433,31.82622641,30.62704587
1847.5,32.65271518,31.82626895,30.62708901
1848,32.65273595,31.82631134,30.627132
1848.5,32.65275663,31.82635359,30.62717484
1849,32.65277723,31.8263957,30.62721754
1849.5,32.65279775,31.82643765,30.62726008
1850,32.6528182,31.82647946,30.62730248
1850.5,32.65283856,31.82652113,30.62734473
1851,32.65285884,31.82656265,30.62738683
1851.5,32.65287904,31.82660403,30.62742879
1852,32.65289916,31.82664526,30.6274706
1852.5,32.6529192,31.82668635,30.62751227
1853,32.65293917,31.8267273,30.62755379
1853.5,32.65295905,31.82676811,30.62759517
1854,32.65297886,31.82680877,30.62763641
1854.5,32.65299859,31.8268493,30.6276775
1855,32.65301824,31.82688968,30.62771846
1855.5,32.65303781,31.82692993,30.62775927
1856,32.65305731,31.82697003,30.62779993
1856.5,32.65307673,31.82701,30.62784046
1857,32.65309608,31.82704982,30.62788085
1857.5,32.65311535,31.82708951,30.6279211
1858,32.65313454,31.82712906,30.6279612
1858.5,32.65315366,31.82716848,30.62800117
1859,32.6531727,31.82720776,30.628041
1859.5,32.65319167,31.8272469,30.62808069
1860,32.65321056,31.8272859,30.62812025
1860.5,32.65322938,31.82732477,30.62815967
1861,32.65324813,31.82736351,30.62819895
1861.5,32.6532668,31.82740211,30.62823809
1862,32.65328539,31.82744058,30.6282771
1862.5,32.65330392,31.82747891,30.62831598
1863,32.65332237,31.82751712,30.62835472
1863.5,32.65334075,31.82755519,30.62839332
1864,32.65335906,31.82759312,30.62843179
1864.5,32.65337729,31.82763093,30.62847013
1865,32.65339546,31.8276686,30.62850834
1865.5,32.65341355,31.82770615,30.62854641
1866,32.65343157,31.82774356,30.62858435
1866.5,32.65344952,31.82778085,30.62862216
1867,32.6534674,31.827818,30.62865984
1867.5,32.65348521,31.82785503,30.62869739
1868,32.65350295,31.82789193,30.62873481
1868.5,32.65352062,31.8279287,30.6287721
1869,32.65353822,31.82796534,30.62880926
1869.5,32.65355575,31.82800185,30.62884629
1870,32.65357322,31.82803824,30.62888319
1870.5,32.65359061,31.82807451,30.62891997
1871,32.65360794,31.82811064,30.62895662
1871.5,32.65362519,31.82814665,30.62899314
1872,32.65364238,31.82818254,30.62902953
1872.5,32.65365951,31.8282183,30.6290658
1873,32.65367656,31.82825394,30.62910194
1873.5,32.65369355,31.82828946,30.62913796
1874,32.65371047,31.82832485,30.62917385
1874.5,32.65372733,31.82836012,30.62920962
1875,32.65374411,31.82839527,30.62924527
1875.5,32.65376084,31.82843029,30.62928079
1876,32.65377749,31.8284652,30.62931618
1876.5,32.65379408,31.82849998,30.62935146
1877,32.65381061,31.82853464,30.62938661
1877.5,32.65382707,31.82856918,30.62942164
1878,32.65384347,31.82860361,30.62945655
1878.5,32.6538598,31.82863791,30.62949134
1879,32.65387607,31.82867209,30.62952601
1879.5,32.65389227,31.82870616,30.62956056
1880,32.65390841,31.82874011,30.62959499
1880.5,32.65392449,31.82877394,30.6296293
1881,32.6539405,31.82880765,30.62966349
1881.5,32.65395645,31.82884125,30.62969756
1882,32.65397234,31.82887473,30.62973151
1882.5,32.65398817,31.82890809,30.62976535
1883,32.65400393,31.82894134,30.62979907
1883.5,32.65401963,31.82897447,30.62983267
1884,32.65403527,31.82900749,30.62986616
1884.5,32.65405085,31.82904039,30.62989953
1885,32.65406637,31.82907318,30.62993278
1885.5,32.65408183,31.82910585,30.62996592
1886,32.65409722,31.82913842,30.62999895
1886.5,32.65411256,31.82917087,30.63003186
1887,32.65412783,31.8292032,30.63006465
1887.5,32.65414305,31.82923543,30.63009734
1888,32.6541582,31.82926754,30.63012991
1888.5,32.6541733,31.82929954,30.63016236
1889,32.65418833,31.82933143,30.63019471
1889.5,32.65420331,31.82936321,30.63022694
1890,32.65421823,31.82939488,30.63025906
1890.5,32.65423309,31.82942645,30.63029107
1891,32.65424789,31.8294579,30.63032297
1891.5,32.65426263,31.82948924,30.63035476
1892,32.65427732,31.82952047,30.63038643
1892.5,32.65429194,31.8295516,30.630418
1893,32.65430651,31.82958261,30.63044946
1893.5,32.65432103,31.82961352,30.63048081
1894,32.65433548,31.82964433,30.63051205
1894.5,32.65434988,31.82967502,30.63054318
1895,32.65436422,31.82970561,30.63057421
1895.5,32.65437851,31.82973609,30.63060513
1896,32.65439274,31.82976647,30.63063594
1896.5,32.65440691,31.82979674,30.63066664
1897,32.65442103,31.82982691,30.63069724
1897.5,32.65443509,31.82985698,30.63072773
1898,32.6544491,31.82988693,30.63075812
1898.5,32.65446305,31.82991679,30.6307884
1899,32.65447695,31.82994654,30.63081857
1899.5,32.65449079,31.82997619,30.63084864
1900,32.65450458,31.83000573,30.63087861
1900.5,32.65451832,31.83003518,30.63090847
1901,32.654532,31.83006452,30.63093823
1901.5,32.65454562,31.83009376,30.63096789
1902,32.6545592,31.8301229,30.63099744
1902.5,32.65457272,31.83015193,30.6310269
1903,32.65458618,31.83018087,30.63105625
1903.5,32.6545996,31.8302097,30.63108549
1904,32.65461296,31.83023844,30.63111464
1904.5,32.65462627,31.83026708,30.63114369
1905,32.65463952,31.83029561,30.63117263
1905.5,32.65465273,31.83032405,30.63120148
1906,32.65466588,31.83035239,30.63123022
1906.5,32.65467898,31.83038063,30.63125887
1907,32.65469203,31.83040878,30.63128741
1907.5,32.65470503,31.83043682,30.63131586
1908,32.65471798,31.83046477,30.63134421
1908.5,32.65473087,31.83049262,30.63137246
1909,32.65474372,31.83052038,30.63140061
1909.5,32.65475651,31.83054804,30.63142867
1910,32.65476926,31.8305756,30.63145662
1910.5,32.65478195,31.83060307,30.63148448
1911,32.6547946,31.83063044,30.63151225
1911.5,32.65480719,31.83065772,30.63153992
1912,32.65481974,31.8306849,30.63156749
1912.5,32.65483223,31.83071199,30.63159497
1913,32.65484468,31.83073899,30.63162235
1913.5,32.65485708,31.83076589,30.63164964
1914,32.65486943,31.8307927,30.63167683
1914.5,32.65488173,31.83081941,30.63170393
1915,32.65489398,31.83084603,30.63173093
1915.5,32.65490618,31.83087257,30.63175784
1916,32.65491834,31.830899,30.63178466
1916.5,32.65493045,31.83092535,30.63181138
1917,32.65494251,31.83095161,30.63183802
1917.5,32.65495452,31.83097777,30.63186456
1918,32.65496649,31.83100384,30.631891
1918.5,32.65497841,31.83102983,30.63191736
1919,32.65499028,31.83105572,30.63194363
1919.5,32.65500211,31.83108152,30.6319698
1920,32.65501389,31.83110724,30.63199588
1920.5,32.65502562,31.83113286,30.63202188
1921,32.65503731,31.8311584,30.63204778
1921.5,32.65504895,31.83118385,30.63207359
1922,32.65506054,31.83120921,30.63209932
1922.5,32.65507209,31.83123448,30.63212495
1923,32.6550836,31.83125966,30.6321505
1923.5,32.65509506,31.83128476,30.63217596
1924,32.65510647,31.83130977,30.63220133
1924.5,32.65511784,31.83133469,30.63222661
1925,32.65512917,31.83135953,30.6322518
1925.5,32.65514045,31.83138428,30.63227691
1926,32.65515168,31.83140894,30.63230193
1926.5,32.65516288,31.83143352,30.63232686
1927,32.65517402,31.83145802,30.63235171
1927.5,32.65518513,31.83148243,30.63237647
1928,32.65519619,31.83150675,30.63240114
1928.5,32.6552072,31.83153099,30.63242573
1929,32.65521818,31.83155515,30.63245024
1929.5,32.65522911,31.83157922,30.63247466
1930,32.65524,31.83160321,30.63249899
1930.5,32.65525084,31.83162711,30.63252324
1931,32.65526164,31.83165094,30.63254741
1931.5,32.6552724,31.83167468,30.63257149
1932,32.65528312,31.83169834,30.63259549
1932.5,32.6552938,31.83172191,30.63261941
1933,32.65530443,31.83174541,30.63264324
1933.5,32.65531502,31.83176882,30.63266699
1934,32.65532557,31.83179215,30.63269066
1934.5,32.65533608,31.8318154,30.63271424
1935,32.65534655,31.83183857,30.63273775
1935.5,32.65535697,31.83186166,30.63276117
1936,32.65536736,31.83188467,30.63278451
1936.5,32.6553777,31.8319076,30.63280778
1937,32.65538801,31.83193045,30.63283096
1937.5,32.65539827,31.83195322,30.63285406
1938,32.65540849,31.83197592,30.63287708
1938.5,32.65541867,31.83199853,30.63290002
1939,32.65542882,31.83202107,30.63292288
1939.5,32.65543892,31.83204352,30.63294566
1940,32.65544898,31.8320659,30.63296837
1940.5,32.65545901,31.83208821,30.63299099
1941,32.65546899,31.83211043,30.63301354
1941.5,32.65547894,31.83213258,30.633036
1942,32.65548884,31.83215465,30.6330584
1942.5,32.65549871,31.83217664,30.63308071
1943,32.65550854,31.83219856,30.63310294
1943.5,32.65551833,31.8322204,30.6331251
1944,32.65552808,31.83224217,30.63314718
1944.5,32.65553779,31.83226386,30.63316919
1945,32.65554747,31.83228548,30.63319112
1945.5,32.6555571,31.83230702,30.63321297
1946,32.6555667,31.83232849,30.63323475
1946.5,32.65557626,31.83234988,30.63325645
1947,32.65558579,31.83237119,30.63327808
1947.5,32.65559527,31.83239244,30.63329963
1948,32.65560472,31.83241361,30.63332111
1948.5,32.65561413,31.83243471,30.63334251
1949,32.65562351,31.83245573,30.63336384
1949.5,32.65563285,31.83247668,30.63338509
1950,32.65564215,31.83249756,30.63340627
1950.5,32.65565141,31.83251836,30.63342738
1951,32.65566064,31.8325391,30.63344842
1951.5,32.65566983,31.83255976,30.63346938
1952,32.65567899,31.83258035,30.63349027
1952.5,32.65568811,31.83260087,30.63351108
1953,32.65569719,31.83262132,30.63353183
1953.5,32.65570624,31.83264169,30.6335525
1954,32.65571525,31.832662,30.6335731
1954.5,32.65572423,31.83268224,30.63359363
1955,32.65573317,31.8327024,30.63361409
1955.5,32.65574208,31.8327225,30.63363448
1956,32.65575095,31.83274252,30.6336548
1956.5,32.65575979,31.83276248,30.63367504
1957,32.65576859,31.83278237,30.63369522
1957.5,32.65577736,31.83280219,30.63371533
1958,32.65578609,31.83282194,30.63373536
1958.5,32.65579479,31.83284162,30.63375533
1959,32.65580346,31.83286123,30.63377523
1959.5,32.65581209,31.83288078,30.63379506
1960,32.65582068,31.83290025,30.63381482
1960.5,32.65582925,31.83291966,30.63383451
1961,32.65583778,31.83293901,30.63385414
1961.5,32.65584627,31.83295828,30.63387369
1962,32.65585473,31.83297749,30.63389318
1962.5,32.65586316,31.83299663,30.6339126
1963,32.65587156,31.83301571,30.63393196
1963.5,32.65587992,31.83303472,30.63395124
1964,32.65588825,31.83305366,30.63397046
1964.5,32.65589655,31.83307254,30.63398962
1965,32.65590482,31.83309135,30.63400871
1965.5,32.65591305,31.8331101,30.63402773
1966,32.65592125,31.83312878,30.63404668
1966.5,32.65592942,31.8331474,30.63406557
1967,32.65593755,31.83316595,30.63408439
1967.5,32.65594566,31.83318444,30.63410315
1968,32.65595373,31.83320287,30.63412185
1968.5,32.65596177,31.83322123,30.63414048
1969,32.65596978,31.83323953,30.63415904
1969.5,32.65597775,31.83325776,30.63417754
1970,32.6559857,31.83327593,30.63419598
1970.5,32.65599362,31.83329404,30.63421435
1971,32.6560015,31.83331208,30.63423266
1971.5,32.65600935,31.83333007,30.6342509
1972,32.65601717,31.83334799,30.63426909
1972.5,32.65602496,31.83336585,30.63428721
1973,32.65603272,31.83338364,30.63430526
1973.5,32.65604045,31.83340138,30.63432326
1974,32.65604815,31.83341905,30.63434119
1974.5,32.65605582,31.83343666,30.63435906
1975,32.65606346,31.83345421,30.63437686
1975.5,32.65607107,31.8334717,30.63439461
1976,32.65607865,31.83348913,30.63441229
1976.5,32.6560862,31.8335065,30.63442992
1977,32.65609372,31.83352381,30.63444748
1977.5,32.65610121,31.83354106,30.63446498
1978,32.65610867,31.83355825,30.63448242
1978.5,32.6561161,31.83357537,30.6344998
1979,32.65612351,31.83359244,30.63451712
1979.5,32.65613088,31.83360946,30.63453438
1980,32.65613822,31.83362641,30.63455158
1980.5,32.65614554,31.8336433,30.63456872
1981,32.65615283,31.83366013,30.6345858
1981.5,32.65616008,31.83367691,30.63460282
1982,32.65616731,31.83369363,30.63461979
1982.5,32.65617451,31.83371029,30.63463669
1983,32.65618169,31.83372689,30.63465354
1983.5,32.65618883,31.83374344,30.63467032
1984,32.65619595,31.83375992,30.63468705
1984.5,32.65620304,31.83377635,30.63470373
1985,32.6562101,31.83379273,30.63472034
1985.5,32.65621713,31.83380904,30.6347369
1986,32.65622414,31.8338253,30.63475339
1986.5,32.65623111,31.83384151,30.63476984
1987,32.65623806,31.83385765,30.63478622
1987.5,32.65624499,31.83387374,30.63480255
1988,32.65625188,31.83388978,30.63481882
1988.5,32.65625875,31.83390576,30.63483503
1989,32.65626559,31.83392168,30.63485119
1989.5,32.65627241,31.83393755,30.6348673
1990,32.6562792,31.83395337,30.63488334
1990.5,32.65628596,31.83396913,30.63489933
1991,32.65629269,31.83398483,30.63491527
1991.5,32.6562994,31.83400048,30.63493115
1992,32.65630608,31.83401608,30.63494698
1992.5,32.65631274,31.83403162,30.63496275
1993,32.65631937,31.83404711,30.63497846
1993.5,32.65632597,31.83406255,30.63499413
1994,32.65633255,31.83407793,30.63500973
1994.5,32.6563391,31.83409326,30.63502529
1995,32.65634563,31.83410853,30.63504079
1995.5,32.65635213,31.83412375,30.63505623
1996,32.6563586,31.83413892,30.63507163
1996.5,32.65636505,31.83415404,30.63508696
1997,32.65637148,31.8341691,30.63510225
1997.5,32.65637788,31.83418411,30.63511748
1998,32.65638425,31.83419907,30.63513266
1998.5,32.6563906,31.83421398,30.63514779
1999,32.65639692,31.83422884,30.63516287
1999.5,32.65640322,31.83424364,30.63517789
2000,32.6564095,31.8342584,30.63519286
