Time,Temp1,Temp2,Temp3,Temp4,Erreur,Commande PWM,Setpoint
288.6734082698822,23.21,23.04,23.17,23.03,0.03,131,23.20
289.02282071113586,23.15,23.00,23.17,23.01,0.03,131,23.20
289.5721957683563,23.19,23.04,23.17,23.03,0.03,131,23.20
290.03388381004333,23.17,23.04,23.17,23.03,0.03,131,23.20
290.58688950538635,23.17,23.06,23.17,23.03,0.03,131,23.20
291.04498744010925,23.17,23.06,23.17,23.03,0.03,131,23.20
291.5900025367737,23.17,23.06,23.17,23.03,0.03,131,23.20
292.0560076236725,23.17,23.06,23.17,23.05,0.03,131,23.20
292.5785746574402,23.17,23.04,23.17,23.03,0.03,131,23.20
293.1132695674896,23.15,23.00,23.17,22.99,0.03,131,23.20
293.57380080223083,23.17,23.04,23.17,23.03,0.03,131,23.20
294.1181130409241,23.17,23.04,23.17,23.03,0.03,131,23.20
294.5845367908478,23.15,23.02,23.17,22.99,0.03,131,23.20
295.1344246864319,23.15,23.04,23.17,23.01,0.03,131,23.20
295.5957918167114,23.13,23.04,23.17,23.01,0.03,131,23.20
296.1348407268524,23.15,23.04,23.17,23.03,0.03,131,23.20
296.6063029766083,23.11,23.00,23.17,23.05,0.03,131,23.20
297.15178322792053,23.15,23.04,23.17,23.03,0.03,131,23.20
297.61777353286743,23.15,23.04,23.17,23.01,0.03,131,23.20
298.1703152656555,23.17,23.06,23.17,23.03,0.03,131,23.20
298.6287577152252,23.15,23.04,23.17,23.03,0.03,131,23.20
299.17233180999756,23.13,23.02,23.17,22.99,0.03,131,23.20
299.64124488830566,23.13,23.04,23.17,23.03,0.03,131,23.20
300.1859302520752,23.15,23.04,23.17,23.03,0.03,131,23.20
300.6510591506958,23.15,23.04,23.17,23.01,0.03,131,23.20
301.20477199554443,23.19,23.06,23.17,23.01,0.03,131,23.20
301.66284132003784,23.17,23.06,23.17,23.03,0.03,131,23.20
302.21062994003296,23.17,23.04,23.17,23.03,0.03,131,23.20
302.6728093624115,23.17,23.06,23.17,23.03,0.03,131,23.20
303.2319087982178,23.15,23.04,23.17,23.03,0.03,131,23.20
303.68508100509644,23.13,23.02,23.17,23.05,0.03,131,23.20
304.2410554885864,23.15,23.04,23.17,23.03,0.03,131,23.20
304.695675611496,23.17,23.04,23.17,22.99,0.03,131,23.20
305.2478265762329,23.17,23.04,23.17,23.01,0.03,131,23.20
305.70688557624817,23.19,23.04,23.17,23.01,0.03,131,23.20
306.24253940582275,23.17,23.04,23.17,23.03,0.03,131,23.20
306.71798825263977,23.17,23.06,23.17,23.03,0.03,131,23.20
307.2650411128998,23.17,23.06,23.17,23.03,0.03,131,23.20
307.72981882095337,23.17,23.02,23.17,22.99,0.03,131,23.20
308.2771143913269,23.17,23.04,23.17,23.01,0.03,131,23.20
308.74034214019775,23.13,23.00,23.17,22.97,0.03,131,23.20
309.29387736320496,23.17,23.04,23.17,23.03,0.03,131,27.00
309.7524371147156,23.17,23.06,23.17,23.03,3.83,205,27.00
310.2969033718109,23.34,23.26,23.17,23.23,3.83,205,27.00
310.76339316368103,23.40,23.24,23.17,23.23,3.83,205,27.00
311.3164961338043,23.50,23.24,23.18,23.23,3.83,205,27.00
311.7748131752014,23.65,23.26,23.18,23.23,3.82,206,27.00
312.3198046684265,23.85,23.26,23.18,23.23,3.82,206,27.00
312.7846043109894,24.00,23.24,23.19,23.21,3.82,206,27.00
313.34242129325867,24.20,23.26,23.19,23.23,3.82,206,27.00
313.7963161468506,24.43,23.24,23.19,23.19,3.81,207,27.00
314.34691619873047,24.62,23.26,23.20,23.23,3.81,207,27.00
314.8076376914978,24.80,23.28,23.20,23.25,3.81,207,27.00
315.34979581832886,24.99,23.28,23.20,23.23,3.81,207,27.00
315.81840538978577,25.14,23.24,23.21,23.19,3.80,207,27.00
316.36985206604004,25.34,23.30,23.21,23.23,3.80,207,27.00
316.8303966522217,25.51,23.30,23.22,23.25,3.80,207,27.00
317.35956501960754,25.64,23.28,23.22,23.19,3.80,207,27.00
317.8675560951233,25.80,23.35,23.23,23.23,3.78,208,27.00
318.3881685733795,25.91,23.35,23.23,23.25,3.78,208,27.00
318.8517997264862,26.12,23.39,23.24,23.25,3.78,208,27.00
319.3778338432312,26.24,23.43,23.25,23.25,3.78,208,27.00
319.90720438957214,26.37,23.45,23.26,23.27,3.75,209,27.00
320.3684253692627,26.49,23.47,23.26,23.27,3.75,209,27.00
320.91792273521423,26.62,23.51,23.27,23.27,3.75,209,27.00
321.37954473495483,26.75,23.51,23.28,23.25,3.75,209,27.00
321.92396211624146,26.89,23.55,23.30,23.27,3.72,209,27.00
322.39145374298096,26.98,23.57,23.31,23.30,3.72,209,27.00
322.9428858757019,27.12,23.61,23.32,23.27,3.72,209,27.00
323.4024918079376,27.17,23.61,23.33,23.30,3.72,209,27.00
323.9530680179596,27.29,23.63,23.34,23.27,3.67,209,27.00
324.41414523124695,27.44,23.74,23.36,23.32,3.67,209,27.00
324.95506954193115,27.53,23.76,23.37,23.32,3.67,209,27.00
325.42393469810486,27.61,23.80,23.39,23.32,3.67,209,27.00
325.97855615615845,27.76,23.84,23.41,23.34,3.61,209,27.00
326.4360055923462,27.78,23.90,23.42,23.34,3.61,209,27.00
326.9528172016144,27.93,23.92,23.44,23.36,3.61,209,27.00
327.4828608036041,27.97,23.97,23.46,23.36,3.61,209,27.00
327.95285725593567,28.12,24.01,23.48,23.38,3.54,209,27.00
328.50486612319946,28.20,24.03,23.50,23.36,3.54,209,27.00
328.96284794807434,28.31,24.09,23.52,23.40,3.54,209,27.00
329.5130009651184,28.40,24.13,23.54,23.42,3.54,209,27.00
329.97474098205566,28.44,24.13,23.56,23.38,3.46,209,27.00
330.5175578594208,28.52,24.19,23.59,23.40,3.46,209,27.00
330.9853129386902,28.63,24.26,23.61,23.44,3.46,209,27.00
331.53874468803406,28.69,24.30,23.63,23.48,3.46,209,27.00
331.9968116283417,28.76,24.34,23.66,23.46,3.37,208,27.00
332.54482340812683,28.82,24.36,23.68,23.48,3.37,208,27.00
333.0083644390106,28.91,24.42,23.71,23.50,3.37,208,27.00
333.5536274909973,28.97,24.46,23.73,23.52,3.37,208,27.00
334.01893496513367,29.04,24.50,23.76,23.54,3.27,207,27.00
334.5741069316864,29.10,24.57,23.79,23.56,3.27,207,27.00
335.0304992198944,29.17,24.55,23.81,23.56,3.27,207,27.00
335.57171654701233,29.23,24.59,23.84,23.58,3.27,207,27.00
336.04186630249023,29.32,24.67,23.87,23.60,3.16,206,27.00
336.5928509235382,29.38,24.71,23.90,23.63,3.16,206,27.00
337.052855014801,29.42,24.75,23.93,23.65,3.16,206,27.00
337.600750207901,29.49,24.80,23.96,23.69,3.16,206,27.00
338.06462574005127,29.53,24.84,23.99,23.69,3.04,205,27.00
338.6056373119354,29.60,24.88,24.02,23.71,3.04,205,27.00
339.0745153427124,29.64,24.88,24.05,23.73,3.04,205,27.00
339.6279056072235,29.70,24.96,24.08,23.77,3.04,205,27.00
340.0865454673767,29.75,25.00,24.11,23.77,2.92,203,27.00
340.6343677043915,29.75,25.00,24.14,23.77,2.92,203,27.00
341.09779500961304,29.79,25.04,24.17,23.83,2.92,203,27.00
341.63904190063477,29.81,25.13,24.21,23.87,2.92,203,27.00
342.10832834243774,29.90,25.17,24.24,23.87,2.79,202,27.00
342.65854692459106,29.94,25.21,24.27,23.89,2.79,202,27.00
343.1204319000244,30.01,25.25,24.31,23.91,2.79,202,27.00
343.6578826904297,30.01,25.25,24.34,23.93,2.79,202,27.00
344.1308579444885,30.07,25.32,24.37,23.98,2.66,200,27.00
344.6800730228424,30.11,25.36,24.41,24.00,2.66,200,27.00
345.14255833625793,30.16,25.42,24.44,24.02,2.66,200,27.00
345.69508171081543,30.18,25.44,24.48,24.04,2.66,200,27.00
346.15283942222595,30.22,25.48,24.51,24.06,2.52,198,27.00
346.7028338909149,30.24,25.50,24.54,24.08,2.52,198,27.00
347.1635844707489,30.31,25.59,24.58,24.18,2.52,198,27.00
347.7241225242615,30.33,25.63,24.61,24.18,2.52,198,27.00
348.17505741119385,30.35,25.67,24.65,24.18,2.39,196,27.00
348.72619366645813,30.37,25.71,24.68,24.24,2.39,196,27.00
349.1865448951721,30.40,25.75,24.72,24.27,2.39,196,27.00
349.7330822944641,30.37,25.80,24.76,24.29,2.39,196,27.00
350.1977779865265,30.46,25.84,24.79,24.33,2.24,195,27.00
350.73652720451355,30.44,25.82,24.83,24.35,2.24,195,27.00
351.20778703689575,30.50,25.88,24.86,24.35,2.24,195,27.00
351.76302313804626,30.53,25.94,24.90,24.41,2.24,195,27.00
352.21991777420044,30.55,25.96,24.93,24.43,2.10,193,27.00
352.77522683143616,30.53,26.03,24.97,24.45,2.10,193,27.00
353.23065400123596,30.59,26.05,25.01,24.47,2.10,193,27.00
353.7807490825653,30.61,26.07,25.04,24.49,2.10,193,27.00
354.2430341243744,30.66,26.13,25.08,24.56,1.96,190,27.00
354.8035159111023,30.66,26.15,25.11,24.56,1.96,190,27.00
355.25335812568665,30.66,26.17,25.15,24.58,1.96,190,27.00
355.8030400276184,30.66,26.19,25.19,24.62,1.96,190,27.00
356.26419615745544,30.61,26.21,25.22,24.60,1.81,188,27.00
356.80383682250977,30.64,26.26,25.26,24.68,1.81,188,27.00
357.27609419822693,30.59,26.30,25.29,24.72,1.81,188,27.00
357.82856822013855,30.61,26.30,25.33,24.70,1.81,188,27.00
358.2875852584839,30.64,26.36,25.36,24.78,1.67,186,27.00
358.8310182094574,30.61,26.36,25.39,24.76,1.67,186,27.00
359.297878742218,30.59,26.40,25.43,24.80,1.67,186,27.00
359.84788966178894,30.59,26.42,25.46,24.83,1.67,186,27.00
360.30882692337036,30.59,26.49,25.50,24.89,1.54,184,27.00
360.86100721359253,30.59,26.51,25.53,24.91,1.54,184,27.00
361.31961369514465,30.57,26.53,25.57,24.93,1.54,184,27.00
361.86392545700073,30.53,26.53,25.60,24.95,1.54,184,27.00
362.33125710487366,30.53,26.55,25.63,24.95,1.40,182,27.00
362.8830153942108,30.53,26.61,25.66,25.01,1.40,182,27.00
363.3428626060486,30.53,26.64,25.70,25.05,1.40,182,27.00
363.8838620185852,30.50,26.64,25.73,25.05,1.40,182,27.00
364.3539538383484,30.50,26.68,25.76,25.10,1.27,180,27.00
364.90161657333374,30.50,26.70,25.79,25.12,1.27,180,27.00
365.3639802932739,30.50,26.72,25.83,25.16,1.27,180,27.00
365.90407705307007,30.48,26.76,25.86,25.20,1.27,180,27.00
366.376047372818,30.42,26.74,25.89,25.20,1.14,178,27.00
366.92480421066284,30.44,26.80,25.92,25.24,1.14,178,27.00
367.3866391181946,30.44,26.82,25.95,25.26,1.14,178,27.00
367.9308431148529,30.42,26.85,25.98,25.28,1.14,178,27.00
368.39779138565063,30.40,26.87,26.01,25.32,1.02,176,27.00
368.94709753990173,30.35,26.85,26.04,25.37,1.02,176,27.00
369.4089193344116,30.37,26.91,26.07,25.37,1.02,176,27.00
369.9528317451477,30.37,26.95,26.10,25.43,1.02,176,27.00
370.4201855659485,30.37,26.95,26.13,25.43,0.90,174,27.00
370.96678471565247,30.37,26.97,26.16,25.47,0.90,174,27.00
371.43156838417053,30.37,26.99,26.18,25.49,0.90,174,27.00
371.9874339103699,30.35,27.01,26.21,25.53,0.90,174,27.00
372.4438717365265,30.35,27.04,26.24,25.53,0.79,173,27.00
372.98958945274353,30.35,27.04,26.27,25.53,0.79,173,27.00
373.45336842536926,30.33,27.01,26.29,25.59,0.79,173,27.00
374.01079869270325,30.33,27.10,26.32,25.59,0.79,173,27.00
374.4658839702606,30.37,27.10,26.35,25.64,0.68,171,27.00
375.01732873916626,30.37,27.12,26.37,25.68,0.68,171,27.00
375.4766888618469,30.35,27.14,26.40,25.70,0.68,171,27.00
376.01856803894043,30.35,27.16,26.42,25.72,0.68,171,27.00
376.48737716674805,30.31,27.16,26.45,25.76,0.58,169,27.00
377.0398123264313,30.29,27.20,26.47,25.78,0.58,169,27.00
377.4979910850525,30.24,27.18,26.50,25.78,0.58,169,27.00
378.04284930229187,30.24,27.23,26.52,25.82,0.58,169,27.00
378.5094540119171,30.18,27.18,26.55,25.89,0.48,168,27.00
379.06689405441284,30.18,27.23,26.57,25.85,0.48,168,27.00
379.5212001800537,30.16,27.23,26.59,25.87,0.48,168,27.00
380.0720763206482,30.14,27.25,26.61,25.91,0.48,168,27.00
380.5316195487976,30.14,27.27,26.64,25.93,0.39,166,27.00
381.08303570747375,30.09,27.25,26.66,25.93,0.39,166,27.00
381.5428555011749,30.11,27.31,26.68,25.99,0.39,166,27.00
382.08709144592285,30.09,27.29,26.70,25.99,0.39,166,27.00
382.5540883541107,30.07,27.29,26.72,25.99,0.30,164,27.00
383.10269808769226,30.03,27.29,26.74,25.99,0.30,164,27.00
383.5660710334778,30.03,27.31,26.76,26.05,0.30,164,27.00
384.1040163040161,30.03,27.33,26.78,26.08,0.30,164,27.00
384.5763840675354,29.98,27.33,26.80,26.08,0.22,163,27.00
385.12607884407043,29.92,27.31,26.82,26.10,0.22,163,27.00
385.5877547264099,29.90,27.33,26.84,26.08,0.22,163,27.00
386.1269268989563,29.92,27.37,26.85,26.14,0.22,163,27.00
386.59894347190857,29.88,27.40,26.87,26.16,0.15,162,27.00
387.1388084888458,29.88,27.40,26.89,26.20,0.15,162,27.00
387.60975551605225,29.83,27.40,26.91,26.18,0.15,162,27.00
388.1626543998718,29.81,27.37,26.92,26.18,0.15,162,27.00
388.62173080444336,29.83,27.44,26.94,26.24,0.08,161,27.00
389.1571252346039,29.81,27.42,26.96,26.26,0.08,161,27.00
389.6317503452301,29.79,27.42,26.97,26.26,0.08,161,27.00
390.1811969280243,29.75,27.40,26.99,26.24,0.08,161,27.00
390.64393281936646,29.72,27.42,27.00,26.26,0.01,159,27.00
391.18791818618774,29.75,27.46,27.02,26.33,0.01,159,27.00
391.65516352653503,29.70,27.46,27.03,26.33,0.01,159,27.00
392.208571434021,29.68,27.48,27.05,26.35,0.01,159,27.00
392.6669864654541,29.66,27.48,27.06,26.37,-0.05,158,27.00
393.2141616344452,29.66,27.48,27.08,26.37,-0.05,158,27.00
393.67800760269165,29.62,27.48,27.09,26.37,-0.05,158,27.00
394.2228534221649,29.60,27.48,27.10,26.41,-0.05,158,27.00
394.6888737678528,29.55,27.44,27.12,26.43,-0.10,157,27.00
395.22853994369507,29.57,27.50,27.13,26.43,-0.10,157,27.00
395.6997616291046,29.55,27.48,27.14,26.43,-0.10,157,27.00
396.24856972694397,29.51,27.48,27.15,26.43,-0.10,157,27.00
396.71110820770264,29.53,27.52,27.16,26.49,-0.15,156,27.00
397.26831579208374,29.47,27.48,27.17,26.45,-0.15,156,27.00
397.72285056114197,29.49,27.50,27.19,26.49,-0.15,156,27.00
398.2779288291931,29.44,27.50,27.20,26.49,-0.15,156,27.00
398.7340853214264,29.47,27.50,27.21,26.51,-0.20,156,27.00
399.2750973701477,29.42,27.54,27.22,26.54,-0.20,156,27.00
399.7448670864105,29.38,27.52,27.23,26.56,-0.20,156,27.00
400.2962398529053,29.40,27.54,27.24,26.58,-0.20,156,27.00
400.75654697418213,29.36,27.54,27.25,26.58,-0.24,155,27.00
401.30049872398376,29.36,27.54,27.26,26.58,-0.24,155,27.00
401.76681780815125,29.32,27.54,27.26,26.60,-0.24,155,27.00
402.31835174560547,29.29,27.54,27.27,26.62,-0.24,155,27.00
402.7780086994171,29.25,27.54,27.28,26.62,-0.27,154,27.00
403.32498574256897,29.23,27.52,27.29,26.60,-0.27,154,27.00
403.79000210762024,29.19,27.52,27.30,26.66,-0.27,154,27.00
404.34282302856445,29.17,27.56,27.30,26.66,-0.27,154,27.00
404.80061435699463,29.17,27.54,27.31,26.64,-0.30,153,27.00
405.35146403312683,29.12,27.59,27.32,26.66,-0.30,153,27.00
405.81137585639954,29.10,27.54,27.33,26.66,-0.30,153,27.00
406.35255336761475,29.10,27.56,27.33,26.68,-0.30,153,27.00
406.82283568382263,29.08,27.56,27.34,26.68,-0.33,153,27.00
407.37263345718384,29.06,27.56,27.35,26.72,-0.33,153,27.00
407.8334963321686,28.99,27.52,27.35,26.75,-0.33,153,27.00
408.38044571876526,29.02,27.56,27.36,26.70,-0.33,153,27.00
408.8447861671448,29.02,27.56,27.36,26.70,-0.36,152,27.00
409.3887972831726,28.97,27.56,27.37,26.72,-0.36,152,27.00
409.8565442562103,28.95,27.59,27.37,26.75,-0.36,152,27.00
410.4090082645416,28.93,27.56,27.38,26.75,-0.36,152,27.00
410.8667736053467,28.89,27.59,27.38,26.75,-0.38,152,27.00
411.41588592529297,28.84,27.59,27.39,26.75,-0.38,152,27.00
411.87861132621765,28.84,27.59,27.39,26.75,-0.38,152,27.00
412.42382526397705,28.76,27.61,27.40,26.75,-0.38,152,27.00
412.889356136322,28.78,27.56,27.40,26.75,-0.40,151,27.00
413.44168186187744,28.74,27.52,27.40,26.75,-0.40,151,27.00
413.90098905563354,28.72,27.52,27.41,26.77,-0.40,151,27.00
414.4528183937073,28.72,27.54,27.41,26.79,-0.40,151,27.00
414.91201663017273,28.74,27.59,27.41,26.79,-0.41,151,27.00
415.4640357494354,28.69,27.52,27.41,26.75,-0.41,151,27.00
415.92387437820435,28.69,27.54,27.42,26.81,-0.41,151,27.00
416.4630227088928,28.69,27.52,27.42,26.77,-0.41,151,27.00
416.9347412586212,28.69,27.54,27.42,26.83,-0.42,151,27.00
417.4808373451233,28.63,27.52,27.42,26.85,-0.42,151,27.00
417.9450705051422,28.67,27.54,27.42,26.83,-0.42,151,27.00
418.5014214515686,28.65,27.52,27.42,26.83,-0.42,151,27.00
418.9568769931793,28.65,27.52,27.42,26.83,-0.42,151,27.00
419.5101680755615,28.63,27.48,27.42,26.79,-0.42,151,27.00
419.9672932624817,28.63,27.46,27.42,26.83,-0.42,151,27.00
420.5179741382599,28.65,27.48,27.42,26.81,-0.42,151,27.00
420.9797945022583,28.65,27.50,27.42,26.83,-0.42,150,27.00
421.52346539497375,28.65,27.50,27.42,26.83,-0.42,150,27.00
421.9895706176758,28.61,27.50,27.42,26.83,-0.42,150,27.00
422.54523158073425,28.63,27.50,27.42,26.85,-0.42,150,27.00
423.0008497238159,28.61,27.44,27.42,26.79,-0.42,150,27.00
423.55184292793274,28.57,27.50,27.42,26.83,-0.42,150,27.00
424.0128631591797,28.57,27.42,27.42,26.85,-0.42,150,27.00
424.55896043777466,28.59,27.48,27.42,26.85,-0.42,150,27.00
425.0241279602051,28.57,27.46,27.42,26.83,-0.42,150,27.00
425.5754656791687,28.57,27.46,27.42,26.85,-0.42,150,27.00
426.03521633148193,28.50,27.42,27.42,26.85,-0.42,150,27.00
426.57384634017944,28.57,27.46,27.41,26.87,-0.42,150,27.00
427.046537399292,28.52,27.44,27.41,26.85,-0.41,150,27.00
427.5978183746338,28.52,27.44,27.41,26.85,-0.41,150,27.00
428.0576515197754,28.50,27.46,27.41,26.87,-0.41,150,27.00
428.6040663719177,28.48,27.46,27.41,26.87,-0.41,150,27.00
429.06768465042114,28.48,27.44,27.41,26.83,-0.41,150,27.00
429.62504148483276,28.50,27.46,27.40,26.87,-0.41,150,27.00
430.0787558555603,28.50,27.44,27.40,26.87,-0.41,150,27.00
430.59809017181396,28.48,27.42,27.40,26.83,-0.41,150,27.00
431.14739537239075,28.46,27.42,27.40,26.83,-0.40,150,27.00
431.5954270362854,28.42,27.37,27.40,26.79,-0.40,150,27.00
432.1160018444061,28.40,27.35,27.39,26.83,-0.40,150,27.00
432.66383385658264,28.42,27.37,27.39,26.79,-0.40,150,27.00
433.1128640174866,28.42,27.40,27.39,26.83,-0.39,150,27.00
433.66503405570984,28.37,27.35,27.38,26.79,-0.39,150,27.00
434.123078584671,28.37,27.40,27.38,26.83,-0.39,150,27.00
434.66895747184753,28.37,27.40,27.38,26.85,-0.39,150,27.00
435.13446402549744,28.35,27.37,27.38,26.85,-0.38,151,27.00
435.6751081943512,28.35,27.40,27.37,26.85,-0.38,151,27.00
436.1455099582672,28.35,27.37,27.37,26.83,-0.38,151,27.00
436.6978077888489,28.29,27.35,27.37,26.85,-0.38,151,27.00
437.15748953819275,28.35,27.37,27.36,26.83,-0.37,151,27.00
437.70974469184875,28.33,27.35,27.36,26.85,-0.37,151,27.00
438.1683189868927,28.35,27.37,27.36,26.85,-0.37,151,27.00
438.71834349632263,28.31,27.33,27.35,26.81,-0.37,151,27.00
439.17932200431824,28.31,27.33,27.35,26.83,-0.35,151,27.00
439.72370529174805,28.31,27.33,27.35,26.83,-0.35,151,27.00
440.1902952194214,28.29,27.33,27.34,26.85,-0.35,151,27.00
440.7410490512848,28.31,27.33,27.34,26.85,-0.35,151,27.00
441.20168113708496,28.25,27.27,27.34,26.77,-0.34,151,27.00
441.74609899520874,28.27,27.29,27.33,26.83,-0.34,151,27.00
442.21286249160767,28.29,27.31,27.33,26.83,-0.34,151,27.00
442.76552629470825,28.25,27.29,27.32,26.83,-0.34,151,27.00
443.2237253189087,28.25,27.29,27.32,26.83,-0.32,151,27.00
443.768075466156,28.25,27.29,27.31,26.83,-0.32,151,27.00
444.2346513271332,28.23,27.27,27.31,26.83,-0.32,151,27.00
444.79397106170654,28.23,27.27,27.31,26.81,-0.32,151,27.00
445.24652767181396,28.20,27.29,27.30,26.83,-0.31,151,27.00
445.8010530471802,28.20,27.27,27.30,26.81,-0.31,151,27.00
446.25778365135193,28.23,27.29,27.29,26.83,-0.31,151,27.00
446.80873560905457,28.20,27.27,27.29,26.83,-0.31,151,27.00
447.2693569660187,28.23,27.27,27.29,26.81,-0.29,152,27.00
447.81383061408997,28.25,27.29,27.28,26.85,-0.29,152,27.00
448.2804985046387,28.25,27.29,27.28,26.85,-0.29,152,27.00
448.83200764656067,28.23,27.27,27.27,26.83,-0.29,152,27.00
449.29177165031433,28.20,27.25,27.27,26.85,-0.27,152,27.00
449.8328447341919,28.18,27.29,27.27,26.85,-0.27,152,27.00
450.3015260696411,28.20,27.27,27.26,26.83,-0.27,152,27.00
450.8524098396301,28.23,27.25,27.26,26.81,-0.27,152,27.00
451.3131754398346,28.23,27.25,27.25,26.77,-0.26,152,27.00
451.8692605495453,28.18,27.27,27.25,26.83,-0.26,152,27.00
452.3238832950592,28.20,27.25,27.25,26.81,-0.26,152,27.00
452.8714382648468,28.23,27.25,27.24,26.81,-0.26,152,27.00
453.3352200984955,28.23,27.27,27.24,26.81,-0.24,152,27.00
453.8888554573059,28.23,27.25,27.24,26.81,-0.24,152,27.00
454.34608912467957,28.23,27.25,27.23,26.81,-0.24,152,27.00
454.89244556427,28.23,27.25,27.23,26.81,-0.24,152,27.00
455.3575129508972,28.20,27.23,27.22,26.79,-0.23,153,27.00
455.91220903396606,28.23,27.23,27.22,26.79,-0.23,153,27.00
456.36890721321106,28.23,27.23,27.22,26.81,-0.23,153,27.00
456.9158351421356,28.23,27.25,27.21,26.81,-0.23,153,27.00
457.38041639328003,28.25,27.23,27.21,26.81,-0.21,153,27.00
457.9228551387787,28.25,27.23,27.20,26.79,-0.21,153,27.00
458.39077854156494,28.23,27.20,27.20,26.79,-0.21,153,27.00
458.9440417289734,28.25,27.23,27.20,26.79,-0.21,153,27.00
459.4028580188751,28.20,27.18,27.19,26.77,-0.20,153,27.00
459.9488117694855,28.25,27.20,27.19,26.79,-0.20,153,27.00
460.4137771129608,28.25,27.20,27.19,26.75,-0.20,153,27.00
460.95856523513794,28.25,27.20,27.18,26.77,-0.20,153,27.00
461.4255111217499,28.27,27.23,27.18,26.79,-0.18,153,27.00
461.9758446216583,28.25,27.20,27.17,26.79,-0.18,153,27.00
462.43530440330505,28.20,27.16,27.17,26.77,-0.18,153,27.00
462.983864068985,28.25,27.25,27.17,26.79,-0.18,153,27.00
463.4477858543396,28.25,27.25,27.16,26.79,-0.17,153,27.00
463.9995539188385,28.25,27.25,27.16,26.79,-0.17,153,27.00
464.4577646255493,28.18,27.23,27.16,26.79,-0.17,153,27.00
465.0008397102356,28.25,27.23,27.16,26.79,-0.17,153,27.00
465.4691352844238,28.27,27.25,27.15,26.77,-0.16,154,27.00
466.0238296985626,28.25,27.25,27.15,26.79,-0.16,154,27.00
466.4799106121063,28.23,27.25,27.15,26.77,-0.16,154,27.00
467.0288209915161,28.23,27.25,27.15,26.79,-0.16,154,27.00
467.4915678501129,28.23,27.25,27.14,26.79,-0.15,154,27.00
468.0407679080963,28.23,27.23,27.14,26.77,-0.15,154,27.00
468.50315856933594,28.23,27.25,27.14,26.75,-0.15,154,27.00
469.0467038154602,28.20,27.25,27.14,26.75,-0.15,154,27.00
469.5147879123688,28.18,27.20,27.13,26.70,-0.14,154,27.00
470.06510305404663,28.23,27.25,27.13,26.75,-0.14,154,27.00
470.52480387687683,28.23,27.25,27.13,26.77,-0.14,154,27.00
471.06866359710693,28.20,27.23,27.13,26.75,-0.14,154,27.00
471.5359790325165,28.23,27.23,27.12,26.72,-0.13,154,27.00
472.0879032611847,28.23,27.23,27.12,26.75,-0.13,154,27.00
472.54777669906616,28.25,27.23,27.12,26.75,-0.13,154,27.00
473.10411262512207,28.23,27.23,27.12,26.75,-0.13,154,27.00
473.5585684776306,28.23,27.23,27.11,26.72,-0.12,154,27.00
474.11081290245056,28.23,27.20,27.11,26.70,-0.12,154,27.00
474.5692675113678,28.18,27.25,27.11,26.72,-0.12,154,27.00
475.1146459579468,28.23,27.23,27.11,26.72,-0.12,154,27.00
475.58062720298767,28.23,27.18,27.10,26.66,-0.11,154,27.00
476.1282465457916,28.27,27.23,27.10,26.72,-0.11,154,27.00
476.59264039993286,28.25,27.20,27.10,26.72,-0.11,154,27.00
477.14710330963135,28.25,27.20,27.10,26.70,-0.11,154,27.00
477.6028413772583,28.27,27.18,27.09,26.70,-0.10,154,27.00
478.14852356910706,28.29,27.20,27.09,26.72,-0.10,154,27.00
478.61482763290405,28.29,27.18,27.09,26.72,-0.10,154,27.00
479.16938042640686,28.27,27.18,27.09,26.70,-0.10,154,27.00
479.6249599456787,28.31,27.16,27.08,26.70,-0.09,155,27.00
480.1742866039276,28.25,27.12,27.08,26.68,-0.09,155,27.00
480.63654351234436,28.31,27.18,27.08,26.72,-0.09,155,27.00
481.1813876628876,28.31,27.16,27.08,26.72,-0.09,155,27.00
481.6477196216583,28.29,27.16,27.07,26.70,-0.08,155,27.00
482.1918215751648,28.31,27.14,27.07,26.68,-0.08,155,27.00
482.65931940078735,28.33,27.16,27.07,26.70,-0.08,155,27.00
483.2037830352783,28.33,27.16,27.07,26.72,-0.08,155,27.00
483.66934514045715,28.33,27.16,27.06,26.70,-0.07,155,27.00
484.2139251232147,28.35,27.16,27.06,26.70,-0.07,155,27.00
484.6817948818207,28.35,27.18,27.06,26.72,-0.07,155,27.00
485.235253572464,28.35,27.16,27.06,26.68,-0.07,155,27.00
485.6918294429779,28.35,27.16,27.06,26.70,-0.06,155,27.00
486.24206280708313,28.37,27.18,27.05,26.72,-0.06,155,27.00
486.7039484977722,28.33,27.18,27.05,26.70,-0.06,155,27.00
487.25549721717834,28.35,27.16,27.05,26.70,-0.06,155,27.00
487.71430110931396,28.35,27.18,27.05,26.72,-0.05,155,27.00
488.2480628490448,28.35,27.16,27.05,26.70,-0.05,155,27.00
488.7252209186554,28.35,27.16,27.05,26.70,-0.05,155,27.00
489.2710790634155,28.35,27.18,27.04,26.72,-0.05,155,27.00
489.73652839660645,28.35,27.16,27.04,26.68,-0.04,155,27.00
490.2792019844055,28.35,27.18,27.04,26.72,-0.04,155,27.00
490.7477722167969,28.33,27.16,27.04,26.68,-0.04,155,27.00
491.30152893066406,28.35,27.18,27.04,26.70,-0.04,155,27.00
491.75886034965515,28.37,27.18,27.04,26.70,-0.04,155,27.00
492.30271553993225,28.35,27.20,27.04,26.72,-0.04,155,27.00
492.7707312107086,28.35,27.16,27.03,26.68,-0.04,155,27.00
493.3246331214905,28.37,27.18,27.03,26.72,-0.04,155,27.00
493.7818329334259,28.33,27.20,27.03,26.72,-0.03,155,27.00
494.3285667896271,28.37,27.18,27.03,26.72,-0.03,155,27.00
494.79283452033997,28.40,27.18,27.03,26.75,-0.03,155,27.00
495.3340392112732,28.42,27.18,27.03,26.72,-0.03,155,27.00
495.8042297363281,28.40,27.18,27.03,26.68,-0.03,155,27.00
496.3575692176819,28.42,27.18,27.03,26.72,-0.03,155,27.00
496.81457018852234,28.42,27.20,27.03,26.72,-0.03,155,27.00
497.3650586605072,28.44,27.18,27.03,26.70,-0.03,155,27.00
497.82610297203064,28.37,27.23,27.03,26.72,-0.03,156,27.00
498.38482451438904,28.40,27.18,27.03,26.68,-0.03,156,27.00
498.8372826576233,28.42,27.20,27.02,26.70,-0.03,156,27.00
499.3915309906006,28.42,27.18,27.02,26.70,-0.03,156,27.00
499.84822845458984,28.44,27.20,27.02,26.70,-0.02,156,27.00
500.3895673751831,28.42,27.20,27.02,26.72,-0.02,156,27.00
500.85894656181335,28.40,27.14,27.02,26.72,-0.02,156,27.00
501.4075527191162,28.42,27.18,27.02,26.68,-0.02,156,27.00
501.8704514503479,28.44,27.18,27.02,26.68,-0.02,156,27.00
502.413512468338,28.46,27.20,27.02,26.72,-0.02,156,27.00
502.8811480998993,28.46,27.20,27.02,26.72,-0.02,156,27.00
503.43484926223755,28.46,27.20,27.02,26.72,-0.02,156,27.00
503.8931038379669,28.46,27.20,27.02,26.70,-0.02,156,27.00
504.4438569545746,28.46,27.18,27.02,26.70,-0.02,156,27.00
504.90343594551086,28.44,27.16,27.02,26.66,-0.02,156,27.00
505.45157647132874,28.46,27.20,27.02,26.70,-0.02,156,27.00
505.9147675037384,28.46,27.23,27.02,26.75,-0.02,156,27.00
506.4583389759064,28.44,27.18,27.02,26.70,-0.02,156,27.00
506.9265487194061,28.44,27.20,27.02,26.66,-0.02,156,27.00
507.4798114299774,28.46,27.20,27.02,26.70,-0.02,156,27.00
507.93707489967346,28.44,27.20,27.02,26.70,-0.02,156,27.00
508.48181796073914,28.44,27.20,27.02,26.70,-0.02,156,27.00
508.94879722595215,28.44,27.20,27.02,26.70,-0.02,156,27.00
509.5035321712494,28.42,27.20,27.02,26.68,-0.02,156,27.00
509.9598455429077,28.46,27.23,27.02,26.70,-0.02,156,27.00
510.5087652206421,28.42,27.20,27.02,26.66,-0.02,156,27.00
510.97028374671936,28.44,27.23,27.02,26.70,-0.02,156,27.00
511.517941236496,28.42,27.20,27.02,26.68,-0.02,156,27.00
511.98286151885986,28.42,27.23,27.02,26.70,-0.02,156,27.00
512.5328679084778,28.42,27.23,27.02,26.70,-0.02,156,27.00
512.9928560256958,28.40,27.20,27.02,26.70,-0.02,156,27.00
513.5405595302582,28.40,27.20,27.02,26.68,-0.02,156,27.00
514.0042841434479,28.40,27.25,27.02,26.70,-0.02,156,27.00
514.5541226863861,28.42,27.23,27.02,26.68,-0.02,156,27.00
515.0160703659058,28.40,27.20,27.02,26.70,-0.02,156,27.00
515.5598845481873,28.42,27.23,27.02,26.70,-0.02,156,27.00
516.0270881652832,28.40,27.25,27.02,26.72,-0.02,156,27.00
516.5739915370941,28.40,27.23,27.02,26.68,-0.02,156,27.00
517.038115978241,28.42,27.23,27.02,26.70,-0.02,156,27.00
517.5997540950775,28.42,27.25,27.02,26.72,-0.02,156,27.00
518.0485303401947,28.37,27.25,27.02,26.72,-0.02,156,27.00
518.6066529750824,28.42,27.25,27.02,26.72,-0.02,156,27.00
519.0595622062683,28.42,27.25,27.02,26.75,-0.02,156,27.00
519.6138644218445,28.42,27.25,27.02,26.72,-0.02,156,27.00
520.0719928741455,28.42,27.25,27.02,26.75,-0.02,155,27.00
520.6231942176819,28.42,27.25,27.02,26.72,-0.02,155,27.00
521.0818166732788,28.40,27.23,27.02,26.68,-0.02,155,27.00
521.6290400028229,28.40,27.25,27.02,26.72,-0.02,155,27.00
522.0940952301025,28.37,27.20,27.02,26.66,-0.02,155,27.00
522.6485724449158,28.42,27.25,27.02,26.72,-0.02,155,27.00
523.1047658920288,28.40,27.25,27.03,26.72,-0.02,155,27.00
523.6445474624634,28.42,27.27,27.03,26.70,-0.02,155,27.00
524.1159634590149,28.35,27.18,27.03,26.70,-0.03,155,27.00
524.6648831367493,28.33,27.27,27.03,26.72,-0.03,155,27.00
525.1276035308838,28.37,27.25,27.03,26.70,-0.03,155,27.00
525.6704480648041,28.37,27.27,27.03,26.72,-0.03,155,27.00
526.1378540992737,28.37,27.27,27.03,26.70,-0.03,155,27.00
526.6933150291443,28.37,27.27,27.03,26.70,-0.03,155,27.00
527.1488125324249,28.40,27.25,27.03,26.70,-0.03,155,27.00
527.6995677947998,28.37,27.23,27.03,26.66,-0.03,155,27.00
528.1601364612579,28.40,27.27,27.03,26.70,-0.03,155,27.00
528.7138457298279,28.35,27.20,27.03,26.72,-0.03,155,27.00
529.1716811656952,28.37,27.27,27.03,26.72,-0.03,155,27.00
529.714834690094,28.37,27.25,27.03,26.68,-0.03,155,27.00
530.182231426239,28.35,27.27,27.03,26.70,-0.03,155,27.00
530.7277591228485,28.37,27.25,27.03,26.70,-0.03,155,27.00
531.1933207511902,28.37,27.25,27.03,26.70,-0.03,155,27.00
531.7502093315125,28.35,27.25,27.03,26.68,-0.03,155,27.00
532.204549074173,28.29,27.25,27.03,26.70,-0.03,155,27.00
532.7583029270172,28.33,27.23,27.03,26.64,-0.03,155,27.00
533.2155094146729,28.33,27.20,27.03,26.64,-0.03,155,27.00
533.762889623642,28.37,27.25,27.03,26.66,-0.03,155,27.00
534.2277674674988,28.35,27.25,27.03,26.68,-0.03,155,27.00
534.7850697040558,28.33,27.23,27.03,26.68,-0.03,155,27.00
535.2383646965027,28.31,27.23,27.03,26.66,-0.03,155,27.00
535.789731502533,28.33,27.25,27.03,26.70,-0.03,155,27.00
536.24946641922,28.31,27.23,27.03,26.70,-0.03,155,27.00
536.7963047027588,28.31,27.23,27.03,26.72,-0.03,155,27.00
537.2600617408752,28.33,27.25,27.03,26.72,-0.03,155,27.00
537.803849697113,28.31,27.20,27.03,26.70,-0.03,155,27.00
538.2727017402649,28.33,27.20,27.03,26.70,-0.03,155,27.00
538.8150813579559,28.33,27.23,27.03,26.75,-0.03,155,27.00
539.2828590869904,28.31,27.23,27.03,26.75,-0.03,155,27.00
539.8340666294098,28.31,27.23,27.03,26.77,-0.03,155,27.00
540.293859243393,28.31,27.18,27.03,26.72,-0.03,155,27.00
540.8396837711334,28.29,27.16,27.03,26.72,-0.03,155,27.00
541.3046622276306,28.29,27.18,27.02,26.75,-0.03,155,27.00
541.848569393158,28.33,27.20,27.02,26.77,-0.03,155,27.00
542.3165445327759,28.31,27.18,27.02,26.72,-0.02,155,27.00
542.8650732040405,28.29,27.23,27.02,26.75,-0.02,155,27.00
543.3277726173401,28.31,27.20,27.02,26.75,-0.02,155,27.00
543.8718504905701,28.33,27.18,27.02,26.75,-0.02,155,27.00
544.3393306732178,28.33,27.20,27.02,26.75,-0.02,155,27.00
544.8907980918884,28.27,27.14,27.02,26.75,-0.02,155,27.00
545.3497269153595,28.29,27.18,27.02,26.75,-0.02,155,27.00
545.892808675766,28.31,27.18,27.02,26.75,-0.02,155,27.00
546.3617370128632,28.29,27.20,27.02,26.77,-0.02,155,27.00
546.9158761501312,28.29,27.20,27.02,26.75,-0.02,155,27.00
547.3719329833984,28.27,27.16,27.02,26.75,-0.02,155,27.00
547.9225339889526,28.31,27.20,27.01,26.70,-0.02,155,27.00
548.3830373287201,28.31,27.18,27.01,26.75,-0.01,155,27.00
548.9297671318054,28.31,27.20,27.01,26.72,-0.01,155,27.00
549.3938090801239,28.31,27.20,27.01,26.75,-0.01,155,27.00
549.936853647232,28.31,27.23,27.01,26.75,-0.01,155,27.00
550.4054362773895,28.27,27.18,27.01,26.66,-0.01,156,27.00
550.9648416042328,28.29,27.18,27.01,26.68,-0.01,156,27.00
551.4165449142456,28.31,27.20,27.01,26.72,-0.01,156,27.00
551.972076177597,28.31,27.20,27.01,26.70,-0.01,156,27.00
552.4279510974884,28.29,27.25,27.01,26.72,-0.01,156,27.00
552.9806408882141,28.27,27.20,27.01,26.75,-0.01,156,27.00
553.4387516975403,28.31,27.20,27.01,26.72,-0.01,156,27.00
553.9840774536133,28.31,27.20,27.01,26.72,-0.01,156,27.00
554.4498202800751,28.31,27.20,27.01,26.75,-0.01,156,27.00
555.0072839260101,28.31,27.20,27.01,26.72,-0.01,156,27.00
555.4613857269287,28.29,27.14,27.01,26.75,-0.01,156,27.00
556.011595249176,28.31,27.18,27.01,26.75,-0.01,156,27.00
556.4721055030823,28.31,27.16,27.01,26.75,-0.01,156,27.00
557.0321638584137,28.31,27.16,27.01,26.77,-0.01,156,27.00
557.4838626384735,28.31,27.16,27.00,26.75,-0.01,156,27.00
558.0328674316406,28.27,27.12,27.00,26.75,-0.01,156,27.00
558.4950585365295,28.33,27.18,27.00,26.77,-0.00,156,27.00
559.0270051956177,28.31,27.18,27.00,26.77,-0.00,156,27.00
559.572182893753,28.31,27.16,27.00,26.72,-0.00,156,27.00
560.016016960144,28.29,27.14,27.00,26.70,-0.00,156,27.00
560.5614798069,28.31,27.18,27.00,26.75,-0.00,156,27.00
561.0223736763,28.31,27.18,27.00,26.77,-0.00,156,27.00
561.542601108551,28.31,27.18,27.00,26.75,-0.00,156,27.00
562.0721757411957,28.31,27.18,27.00,26.75,-0.00,156,27.00
562.5388643741608,28.31,27.16,27.00,26.72,0.00,156,27.00
563.0853497982025,28.31,27.16,27.00,26.72,0.00,156,27.00
563.5489187240601,28.29,27.16,27.00,26.72,0.00,156,27.00
564.1021163463593,28.29,27.16,26.99,26.70,0.00,156,27.00
564.5613360404968,28.31,27.20,26.99,26.75,0.01,156,27.00
565.0895729064941,28.31,27.18,26.99,26.72,0.01,156,27.00
565.5714907646179,28.31,27.16,26.99,26.70,0.01,156,27.00
566.1118223667145,28.33,27.18,26.99,26.70,0.01,156,27.00
566.5828649997711,28.33,27.16,26.99,26.70,0.01,156,27.00
567.1308624744415,28.33,27.16,26.99,26.72,0.01,156,27.00
567.5932865142822,28.33,27.16,26.99,26.72,0.01,156,27.00
568.1312003135681,28.31,27.14,26.99,26.72,0.01,156,27.00
568.6047706604004,28.33,27.16,26.99,26.70,0.01,156,27.00
569.1386423110962,28.35,27.14,26.99,26.68,0.01,156,27.00
569.6159658432007,28.37,27.16,26.99,26.72,0.01,156,27.00
570.1622653007507,28.35,27.16,26.99,26.70,0.01,156,27.00
570.6278166770935,28.33,27.12,26.99,26.66,0.01,156,27.00
571.1640803813934,28.37,27.16,26.99,26.72,0.01,156,27.00
571.6379866600037,28.40,27.16,26.99,26.68,0.01,156,27.00
572.1758856773376,28.37,27.16,26.99,26.70,0.01,156,27.00
572.6499311923981,28.42,27.16,26.99,26.70,0.01,156,27.00
573.2062041759491,28.37,27.16,26.98,26.70,0.01,156,27.00
573.6602642536163,28.40,27.16,26.98,26.70,0.01,156,27.00
574.2068819999695,28.37,27.16,26.98,26.70,0.01,156,27.00
574.6728410720825,28.42,27.16,26.98,26.68,0.02,156,27.00
575.2025799751282,28.42,27.18,26.98,26.70,0.02,156,27.00
575.6828401088715,28.42,27.16,26.98,26.68,0.02,156,27.00
576.2355153560638,28.40,27.16,26.98,26.68,0.02,156,27.00
576.6946654319763,28.40,27.16,26.98,26.68,0.02,156,27.00
577.2478873729706,28.42,27.16,26.98,26.68,0.02,156,27.00
577.7057371139526,28.40,27.16,26.98,26.68,0.02,156,27.00
578.2548925876617,28.42,27.18,26.98,26.70,0.02,156,27.00
578.7677886486053,28.42,27.14,26.98,26.64,0.02,156,27.00
579.2218413352966,28.42,27.16,26.98,26.68,0.02,156,27.00
579.7743036746979,28.44,27.16,26.98,26.70,0.02,156,27.00
580.2328805923462,28.48,27.18,26.98,26.68,0.02,156,27.00
580.7785501480103,28.44,27.16,26.98,26.64,0.02,156,27.00
581.2449688911438,28.46,27.18,26.98,26.68,0.02,156,27.00
581.7764961719513,28.46,27.18,26.98,26.70,0.02,156,27.00
582.3172199726105,28.48,27.18,26.98,26.70,0.02,156,27.00
582.7788362503052,28.46,27.14,26.98,26.66,0.02,156,27.00
583.3261482715607,28.48,27.18,26.98,26.68,0.02,156,27.00
583.7717063426971,28.46,27.16,26.98,26.70,0.02,156,27.00
584.3079218864441,28.46,27.18,26.98,26.70,0.02,156,27.00
584.7830700874329,28.44,27.20,26.98,26.70,0.02,156,27.00
585.3353867530823,28.44,27.18,26.98,26.70,0.02,156,27.00
585.7947669029236,28.40,27.20,26.98,26.70,0.02,156,27.00
586.3348608016968,28.40,27.16,26.99,26.64,0.02,156,27.00
586.805449962616,28.44,27.18,26.99,26.68,0.01,156,27.00
587.3695530891418,28.46,27.20,26.99,26.70,0.01,156,27.00
587.8175480365753,28.44,27.20,26.99,26.68,0.01,156,27.00
588.3621954917908,28.42,27.18,26.99,26.68,0.01,156,27.00
588.827821969986,28.42,27.20,26.99,26.68,0.01,156,27.00
589.3828439712524,28.42,27.18,26.99,26.66,0.01,156,27.00
589.8385660648346,28.42,27.20,26.99,26.70,0.01,156,27.00
590.3449156284332,28.42,27.18,26.99,26.66,0.01,156,27.00
590.9010510444641,28.40,27.23,26.99,26.70,0.01,156,27.00
591.3558611869812,28.44,27.23,26.99,26.68,0.01,156,27.00
591.915159702301,28.42,27.23,26.99,26.70,0.01,156,27.00
592.3665328025818,28.42,27.23,26.99,26.70,0.01,156,27.00
592.9269032478333,28.42,27.23,26.99,26.70,0.01,156,27.00
593.378476858139,28.42,27.20,26.99,26.70,0.01,156,27.00
593.9034101963043,28.44,27.25,26.99,26.72,0.01,156,27.00
594.3898282051086,28.37,27.25,26.99,26.72,0.01,156,27.00
594.9327037334442,28.42,27.23,27.00,26.70,0.01,156,27.00
595.4009673595428,28.42,27.23,27.00,26.72,0.01,156,27.00
595.9062376022339,28.42,27.23,27.00,26.70,0.01,156,27.00
596.4649555683136,28.40,27.23,27.00,26.70,0.01,156,27.00
596.9167578220367,28.42,27.23,27.00,26.70,0.00,156,27.00
597.4464449882507,28.40,27.20,27.00,26.70,0.00,156,27.00
597.9768896102905,28.42,27.18,27.00,26.66,0.00,156,27.00
598.4341099262238,28.42,27.20,27.00,26.70,0.00,156,27.00
598.9897899627686,28.44,27.23,27.00,26.70,0.00,156,27.00
599.4451761245728,28.40,27.20,27.00,26.68,0.00,156,27.00
599.9982612133026,28.42,27.20,27.00,26.70,0.00,156,27.00
600.4565427303314,28.42,27.20,27.00,26.70,0.00,156,27.00
600.9975574016571,28.42,27.20,27.00,26.66,-0.00,156,27.00
601.4677650928497,28.37,27.16,27.00,26.70,-0.00,156,27.00
601.997987985611,28.44,27.25,27.00,26.72,-0.00,156,27.00
602.4798250198364,28.37,27.18,27.00,26.72,-0.00,156,27.00
602.985897064209,28.44,27.25,27.00,26.72,-0.00,156,27.00
603.525280714035,28.44,27.23,27.00,26.70,-0.00,156,27.00
603.9955778121948,28.42,27.20,27.00,26.66,-0.00,156,27.00
604.5021433830261,28.46,27.23,27.00,26.70,-0.00,156,27.00
605.0402598381042,28.46,27.23,27.00,26.70,-0.00,156,27.00
605.512841463089,28.44,27.23,27.01,26.70,-0.00,156,27.00
606.0544300079346,28.48,27.25,27.01,26.72,-0.00,156,27.00
606.5246617794037,28.46,27.23,27.01,26.72,-0.00,156,27.00
607.0840344429016,28.48,27.23,27.01,26.72,-0.01,156,27.00
607.5348031520844,28.50,27.25,27.01,26.72,-0.01,156,27.00
608.0999636650085,28.50,27.23,27.01,26.72,-0.01,156,27.00
608.5465273857117,28.52,27.23,27.01,26.72,-0.01,156,27.00
609.1098055839539,28.52,27.25,27.01,26.72,-0.01,156,27.00
609.5632829666138,28.50,27.25,27.01,26.75,-0.01,156,27.00
610.0929179191589,28.46,27.27,27.01,26.75,-0.01,156,27.00
610.568822145462,28.52,27.27,27.01,26.75,-0.01,156,27.00
611.122505903244,28.52,27.25,27.01,26.75,-0.01,156,27.00
611.5798115730286,28.50,27.25,27.01,26.72,-0.01,156,27.00
612.1058909893036,28.52,27.27,27.02,26.75,-0.01,156,27.00
612.648086309433,28.50,27.25,27.02,26.75,-0.01,156,27.00
613.0965268611908,28.50,27.27,27.02,26.75,-0.02,155,27.00
613.64284324646,28.50,27.27,27.02,26.77,-0.02,155,27.00
614.10786652565,28.46,27.27,27.02,26.75,-0.02,155,27.00
614.6563193798065,28.50,27.27,27.02,26.72,-0.02,155,27.00
615.1191318035126,28.50,27.27,27.02,26.75,-0.02,155,27.00
615.6570370197296,28.46,27.27,27.02,26.75,-0.02,155,27.00
616.1298398971558,28.46,27.27,27.02,26.75,-0.02,155,27.00
616.6363139152527,28.42,27.23,27.02,26.77,-0.02,155,27.00
617.1421332359314,28.42,27.23,27.02,26.77,-0.02,155,27.00
617.6979632377625,28.46,27.27,27.02,26.75,-0.02,155,27.00
618.1518361568451,28.46,27.27,27.03,26.75,-0.02,155,27.00
618.7097382545471,28.44,27.27,27.03,26.75,-0.02,155,27.00
619.1638653278351,28.44,27.25,27.03,26.72,-0.03,155,27.00
619.7355818748474,28.44,27.25,27.03,26.72,-0.03,155,27.00
620.1813428401947,28.44,27.27,27.03,26.75,-0.03,155,27.00
620.7368977069855,28.40,27.27,27.03,26.75,-0.03,155,27.00
621.1978850364685,28.44,27.25,27.03,26.75,-0.03,155,27.00
621.751885175705,28.44,27.27,27.03,26.75,-0.03,155,27.00
622.1965272426605,28.46,27.27,27.03,26.75,-0.03,155,27.00
622.7028558254242,28.44,27.25,27.03,26.75,-0.03,155,27.00
623.2648632526398,28.42,27.25,27.03,26.75,-0.03,155,27.00
623.7134909629822,28.44,27.27,27.03,26.77,-0.03,155,27.00
624.2694640159607,28.42,27.25,27.03,26.75,-0.03,155,27.00
624.7251482009888,28.42,27.27,27.03,26.75,-0.03,155,27.00
625.2458922863007,28.42,27.25,27.03,26.72,-0.03,155,27.00
625.7783625125885,28.42,27.25,27.03,26.77,-0.03,155,27.00
626.2417254447937,28.42,27.25,27.03,26.77,-0.03,155,27.00
626.7793896198273,28.40,27.25,27.03,26.77,-0.03,155,27.00
627.2958648204803,28.35,27.29,27.04,26.79,-0.03,155,27.00
627.7585530281067,28.35,27.20,27.04,26.77,-0.03,155,27.00
628.2958798408508,28.37,27.23,27.04,26.72,-0.03,155,27.00
628.7691349983215,28.40,27.27,27.04,26.77,-0.03,155,27.00
629.3241369724274,28.40,27.27,27.04,26.77,-0.04,155,27.00
629.7805306911469,28.37,27.23,27.04,26.72,-0.04,155,27.00
630.3240580558777,28.37,27.25,27.04,26.77,-0.04,155,27.00
630.7914929389954,28.37,27.25,27.04,26.75,-0.04,155,27.00
631.3215262889862,28.42,27.27,27.04,26.79,-0.04,155,27.00
631.8028581142426,28.40,27.25,27.04,26.79,-0.04,155,27.00
632.3186883926392,28.42,27.25,27.04,26.79,-0.04,155,27.00
632.8141148090363,28.40,27.25,27.04,26.81,-0.04,155,27.00
633.3692443370819,28.37,27.23,27.04,26.77,-0.04,155,27.00
633.8248796463013,28.35,27.20,27.04,26.75,-0.04,155,27.00
634.3807535171509,28.37,27.25,27.04,26.81,-0.04,155,27.00
634.8365385532379,28.40,27.25,27.04,26.83,-0.04,155,27.00
635.3848786354065,28.40,27.25,27.04,26.83,-0.04,155,27.00
635.8475368022919,28.40,27.23,27.04,26.79,-0.04,155,27.00
636.397474527359,28.40,27.25,27.04,26.81,-0.04,155,27.00
636.8587136268616,28.40,27.23,27.04,26.81,-0.04,155,27.00
637.4015879631042,28.37,27.23,27.04,26.79,-0.04,155,27.00
637.8704476356506,28.40,27.23,27.04,26.81,-0.04,155,27.00
638.4275829792023,28.40,27.20,27.04,26.79,-0.04,155,27.00
638.880795955658,28.37,27.18,27.04,26.75,-0.04,155,27.00
639.4379334449768,28.42,27.23,27.03,26.79,-0.04,155,27.00
639.8920834064484,28.37,27.25,27.03,26.79,-0.04,155,27.00
640.4237933158875,28.42,27.25,27.03,26.79,-0.04,155,27.00
640.9036705493927,28.40,27.23,27.03,26.79,-0.04,155,27.00
641.4633376598358,28.40,27.23,27.03,26.77,-0.03,155,27.00
641.9146921634674,28.40,27.23,27.03,26.77,-0.03,155,27.00
642.4606626033783,28.40,27.20,27.03,26.72,-0.03,155,27.00
642.9263799190521,28.40,27.27,27.03,26.79,-0.03,155,27.00
643.4758682250977,28.42,27.23,27.03,26.77,-0.03,155,27.00
643.9365286827087,28.40,27.18,27.03,26.77,-0.03,155,27.00
644.473708152771,28.42,27.25,27.03,26.77,-0.03,155,27.00
644.9475696086884,28.42,27.25,27.03,26.79,-0.03,155,27.00
645.5048496723175,28.42,27.25,27.03,26.81,-0.03,155,27.00
645.9583237171173,28.40,27.25,27.03,26.79,-0.03,155,27.00
646.4645173549652,28.40,27.23,27.03,26.81,-0.03,155,27.00
647.0098197460175,28.40,27.25,27.03,26.83,-0.03,155,27.00
647.4751706123352,28.37,27.23,27.03,26.79,-0.03,155,27.00
648.0177755355835,28.37,27.25,27.03,26.81,-0.03,155,27.00
648.4865441322327,28.37,27.25,27.03,26.81,-0.03,155,27.00
649.0279288291931,28.37,27.23,27.03,26.79,-0.03,155,27.00
649.499374628067,28.37,27.23,27.03,26.79,-0.03,155,27.00
650.0040180683136,28.40,27.23,27.03,26.79,-0.03,155,27.00
650.5607991218567,28.35,27.18,27.03,26.81,-0.03,155,27.00
651.015095949173,28.37,27.23,27.03,26.79,-0.03,155,27.00
651.5468926429749,28.35,27.23,27.03,26.79,-0.03,155,27.00
652.0899696350098,28.37,27.25,27.03,26.79,-0.03,155,27.00
652.539920091629,28.37,27.23,27.03,26.75,-0.03,155,27.00
653.0907967090607,28.35,27.23,27.03,26.77,-0.03,155,27.00
653.5448944568634,28.37,27.23,27.03,26.77,-0.03,155,27.00
654.0745449066162,28.33,27.23,27.03,26.77,-0.03,155,27.00
654.5536165237427,28.33,27.20,27.03,26.75,-0.03,155,27.00
655.1158430576324,28.33,27.23,27.03,26.79,-0.03,155,27.00
655.5651700496674,28.33,27.23,27.03,26.79,-0.03,155,27.00
656.1128826141357,28.33,27.23,27.03,26.79,-0.03,155,27.00
656.5754072666168,28.33,27.20,27.03,26.77,-0.03,155,27.00
657.1124751567841,28.33,27.20,27.03,26.77,-0.03,155,27.00
657.6395497322083,28.29,27.23,27.03,26.77,-0.03,155,27.00
658.0933802127838,28.31,27.23,27.03,26.79,-0.03,155,27.00
658.635879278183,28.31,27.23,27.03,26.77,-0.03,155,27.00
659.1039626598358,28.29,27.20,27.03,26.75,-0.03,155,27.00
659.635901927948,28.31,27.25,27.03,26.77,-0.03,155,27.00
660.1143164634705,28.33,27.25,27.03,26.79,-0.03,155,27.00
660.6722545623779,28.31,27.23,27.03,26.77,-0.03,155,27.00
661.1254367828369,28.31,27.23,27.03,26.77,-0.03,155,27.00
661.6769096851349,28.31,27.23,27.03,26.77,-0.03,155,27.00
662.1378352642059,28.29,27.20,27.03,26.79,-0.03,155,27.00
662.6951596736908,28.29,27.23,27.03,26.77,-0.03,155,27.00
663.1539998054504,28.31,27.25,27.03,26.77,-0.03,155,27.00
663.6968595981598,28.35,27.23,27.03,26.75,-0.03,155,27.00
664.2140352725983,28.35,27.23,27.03,26.77,-0.03,155,27.00
664.6654534339905,28.35,27.20,27.03,26.72,-0.03,155,27.00
665.197870016098,28.40,27.25,27.02,26.77,-0.03,155,27.00
665.6765439510345,28.40,27.25,27.02,26.77,-0.02,155,27.00
666.2022581100464,28.40,27.23,27.02,26.77,-0.02,155,27.00
666.6875727176666,28.42,27.20,27.02,26.75,-0.02,155,27.00
667.229597568512,28.44,27.23,27.02,26.77,-0.02,155,27.00
667.6995260715485,28.40,27.23,27.02,26.77,-0.02,155,27.00
668.2305505275726,28.37,27.18,27.02,26.75,-0.02,155,27.00
668.7103312015533,28.40,27.20,27.02,26.72,-0.02,155,27.00
669.2461001873016,28.42,27.23,27.02,26.77,-0.02,155,27.00
669.7213559150696,28.44,27.23,27.02,26.77,-0.02,155,27.00
670.2459027767181,28.42,27.23,27.02,26.77,-0.02,155,27.00
670.7929491996765,28.44,27.20,27.02,26.75,-0.02,155,27.00
671.2378258705139,28.40,27.18,27.02,26.77,-0.02,155,27.00
671.761595249176,28.37,27.16,27.02,26.77,-0.02,155,27.00
672.3004446029663,28.44,27.23,27.02,26.77,-0.02,155,27.00
672.7549340724945,28.44,27.23,27.02,26.77,-0.02,155,27.00
673.314129114151,28.44,27.23,27.02,26.77,-0.02,155,27.00
673.7654118537903,28.42,27.23,27.02,26.75,-0.02,155,27.00
674.3182001113892,28.44,27.23,27.02,26.77,-0.02,155,27.00
674.7760541439056,28.42,27.25,27.02,26.72,-0.02,155,27.00
675.3013043403625,28.40,27.23,27.02,26.75,-0.02,155,27.00
675.8356020450592,28.42,27.25,27.02,26.75,-0.02,155,27.00
676.2934849262238,28.37,27.23,27.02,26.75,-0.02,155,27.00
676.8295667171478,28.33,27.20,27.02,26.79,-0.02,155,27.00
677.3038702011108,28.40,27.27,27.02,26.75,-0.02,155,27.00
677.8583598136902,28.35,27.23,27.02,26.72,-0.02,155,27.00
678.3148458003998,28.33,27.23,27.02,26.79,-0.02,155,27.00
678.8607988357544,28.33,27.23,27.02,26.72,-0.02,155,27.00
679.326895236969,28.33,27.23,27.02,26.75,-0.02,155,27.00
679.8859913349152,28.35,27.25,27.02,26.77,-0.02,155,27.00
680.3382246494293,28.33,27.25,27.02,26.79,-0.02,155,27.00
680.8858795166016,28.33,27.20,27.02,26.72,-0.02,155,27.00
681.349600315094,28.35,27.23,27.02,26.77,-0.02,155,27.00
681.8956010341644,28.35,27.23,27.02,26.79,-0.02,155,27.00
682.3602285385132,28.33,27.23,27.02,26.75,-0.02,155,27.00
682.915878534317,28.29,27.23,27.02,26.79,-0.02,155,27.00
683.3714120388031,28.35,27.27,27.02,26.79,-0.02,155,27.00
683.9049017429352,28.35,27.25,27.02,26.77,-0.02,155,27.00
684.4290778636932,28.35,27.23,27.02,26.75,-0.02,155,27.00
684.8872001171112,28.35,27.23,27.02,26.75,-0.02,155,27.00
685.4237086772919,28.37,27.23,27.02,26.75,-0.02,155,27.00
685.9609541893005,28.37,27.25,27.02,26.75,-0.02,155,27.00
686.404862165451,28.40,27.25,27.02,26.75,-0.02,155,27.00
686.9527549743652,28.40,27.25,27.02,26.77,-0.02,155,27.00
687.4160628318787,28.40,27.20,27.02,26.72,-0.02,155,27.00
687.9595994949341,28.44,27.25,27.02,26.77,-0.02,155,27.00
688.4271581172943,28.44,27.25,27.02,26.77,-0.02,155,27.00
688.9668395519257,28.42,27.20,27.02,26.72,-0.02,155,27.00
689.4378483295441,28.40,27.18,27.02,26.70,-0.02,155,27.00
689.98117852211,28.44,27.23,27.02,26.77,-0.02,155,27.00
690.4495248794556,28.44,27.23,27.02,26.75,-0.02,155,27.00
690.987297296524,28.44,27.23,27.02,26.77,-0.02,155,27.00
691.4608042240143,28.42,27.23,27.02,26.77,-0.02,155,27.00
692.0137538909912,28.42,27.25,27.02,26.77,-0.02,155,27.00
692.4713163375854,28.42,27.23,27.02,26.77,-0.02,155,27.00
693.0355248451233,28.40,27.20,27.02,26.72,-0.02,155,27.00
693.4832880496979,28.40,27.23,27.02,26.77,-0.02,155,27.00
694.026887178421,28.40,27.25,27.02,26.79,-0.02,155,27.00
694.4933688640594,28.35,27.20,27.02,26.81,-0.02,155,27.00
695.0207977294922,28.40,27.25,27.02,26.77,-0.02,155,27.00
695.5560622215271,28.40,27.25,27.02,26.79,-0.02,155,27.00
696.011479139328,28.37,27.25,27.02,26.75,-0.02,155,27.00
696.5643532276154,28.40,27.25,27.02,26.77,-0.02,155,27.00
697.0216841697693,28.40,27.27,27.02,26.77,-0.02,155,27.00
697.5783581733704,28.44,27.27,27.02,26.77,-0.02,155,27.00
698.0393497943878,28.44,27.25,27.02,26.77,-0.02,155,27.00
698.5724437236786,28.44,27.25,27.02,26.77,-0.02,155,27.00
699.0440692901611,28.44,27.25,27.02,26.75,-0.02,155,27.00
699.5938346385956,28.42,27.20,27.02,26.70,-0.02,155,27.00
700.0546841621399,28.44,27.25,27.02,26.75,-0.02,155,27.00
700.5898184776306,28.40,27.18,27.02,26.77,-0.02,155,27.00
701.0658464431763,28.46,27.25,27.02,26.75,-0.02,155,27.00
701.6062529087067,28.42,27.25,27.02,26.77,-0.02,155,27.00
702.0778346061707,28.40,27.23,27.02,26.72,-0.02,155,27.00
702.6236751079559,28.42,27.23,27.02,26.77,-0.02,155,27.00
703.0889039039612,28.40,27.25,27.02,26.77,-0.02,155,27.00
703.6360528469086,28.40,27.23,27.02,26.75,-0.02,155,27.00
704.1001489162445,28.40,27.25,27.02,26.75,-0.02,155,27.00
704.6358833312988,28.42,27.23,27.02,26.72,-0.02,155,27.00
705.1112966537476,28.44,27.27,27.02,26.77,-0.02,155,27.00
705.6533851623535,28.37,27.20,27.02,26.77,-0.02,155,27.00
706.121818780899,28.40,27.25,27.02,26.75,-0.02,155,27.00
706.6659576892853,28.35,27.27,27.02,26.77,-0.02,155,27.00
707.1329927444458,28.40,27.20,27.02,26.72,-0.02,155,27.00
707.6806609630585,28.40,27.25,27.02,26.77,-0.02,155,27.00
708.1442470550537,28.35,27.27,27.02,26.77,-0.02,155,27.00
708.6929423809052,28.37,27.23,27.02,26.77,-0.02,155,27.00
709.1551620960236,28.37,27.23,27.02,26.79,-0.02,155,27.00
709.69020819664,28.37,27.23,27.02,26.77,-0.02,155,27.00
710.1673486232758,28.33,27.20,27.02,26.79,-0.02,155,27.00
710.7198123931885,28.37,27.23,27.02,26.77,-0.02,155,27.00
711.1778922080994,28.35,27.23,27.02,26.79,-0.02,155,27.00
711.735178232193,28.31,27.25,27.02,26.79,-0.02,155,27.00
712.1889915466309,28.37,27.25,27.02,26.79,-0.02,155,27.00
712.7327973842621,28.40,27.23,27.02,26.77,-0.02,155,27.00
713.1999998092651,28.37,27.23,27.02,26.77,-0.02,155,27.00
713.7471811771393,28.33,27.20,27.02,26.75,-0.02,155,27.00
714.2115066051483,28.31,27.20,27.02,26.79,-0.02,155,27.00
714.7430057525635,28.33,27.23,27.02,26.77,-0.02,155,27.00
715.2218194007874,28.31,27.23,27.02,26.75,-0.02,155,27.00
715.7778897285461,28.31,27.23,27.02,26.81,-0.02,155,27.00
716.2397954463959,28.29,27.20,27.02,26.81,-0.02,155,27.00
716.775866985321,28.31,27.20,27.02,26.79,-0.02,155,27.00
717.2450330257416,28.33,27.23,27.02,26.79,-0.02,155,27.00
717.8098940849304,28.31,27.23,27.02,26.79,-0.02,155,27.00
718.2565214633942,28.33,27.25,27.02,26.81,-0.02,155,27.00
718.8169894218445,28.33,27.23,27.02,26.81,-0.02,155,27.00
719.2666671276093,28.33,27.23,27.02,26.81,-0.02,155,27.00
719.8019278049469,28.33,27.23,27.02,26.81,-0.02,155,27.00
720.2788155078888,28.29,27.20,27.02,26.83,-0.02,155,27.00
720.8208498954773,28.33,27.25,27.02,26.81,-0.02,155,27.00
721.289532661438,28.31,27.20,27.02,26.77,-0.02,155,27.00
721.8350176811218,28.35,27.25,27.02,26.81,-0.02,155,27.00
722.3008716106415,28.37,27.25,27.02,26.79,-0.02,155,27.00
722.8065295219421,28.35,27.23,27.02,26.79,-0.02,155,27.00
723.3374872207642,28.37,27.20,27.02,26.77,-0.02,155,27.00
723.8169093132019,28.37,27.23,27.02,26.79,-0.02,155,27.00
724.3710174560547,28.37,27.20,27.02,26.79,-0.02,155,27.00
724.8281199932098,28.35,27.23,27.02,26.81,-0.02,155,27.00
725.3747837543488,28.37,27.23,27.02,26.77,-0.02,155,27.00
725.838903427124,28.42,27.25,27.02,26.79,-0.02,155,27.00
726.3980119228363,28.40,27.23,27.02,26.79,-0.02,155,27.00
726.8501772880554,28.42,27.23,27.02,26.77,-0.02,155,27.00
727.4033033847809,28.42,27.25,27.02,26.81,-0.02,155,27.00
727.8614611625671,28.37,27.18,27.02,26.77,-0.02,155,27.00
728.4256024360657,28.40,27.25,27.02,26.79,-0.02,155,27.00
728.8736879825592,28.37,27.20,27.02,26.75,-0.02,155,27.00
729.4338138103485,28.40,27.25,27.02,26.79,-0.02,155,27.00
729.8839182853699,28.40,27.23,27.02,26.75,-0.02,155,27.00
730.4380435943604,28.42,27.25,27.02,26.77,-0.02,155,27.00
730.8958642482758,28.40,27.23,27.02,26.72,-0.02,155,27.00
731.4395661354065,28.40,27.25,27.02,26.77,-0.02,155,27.00
731.9065291881561,28.40,27.23,27.02,26.72,-0.02,155,27.00
732.4613130092621,28.42,27.25,27.02,26.77,-0.02,155,27.00
732.9177899360657,28.44,27.25,27.02,26.77,-0.02,155,27.00
733.4458842277527,28.44,27.25,27.02,26.77,-0.02,155,27.00
733.9895505905151,28.42,27.27,27.02,26.79,-0.02,155,27.00
734.4351444244385,28.42,27.27,27.02,26.77,-0.02,155,27.00
734.9818015098572,28.40,27.27,27.02,26.79,-0.02,155,27.00
735.4458708763123,28.33,27.23,27.02,26.77,-0.02,155,27.00
735.9978258609772,28.35,27.27,27.02,26.77,-0.02,155,27.00
736.457052230835,28.35,27.25,27.02,26.72,-0.02,155,27.00
736.9908423423767,28.31,27.29,27.02,26.77,-0.02,155,27.00
737.5285487174988,28.33,27.27,27.02,26.77,-0.02,155,27.00
737.980174779892,28.35,27.27,27.02,26.77,-0.02,155,27.00
738.5159659385681,28.35,27.27,27.02,26.79,-0.02,155,27.00
738.9848670959473,28.33,27.25,27.02,26.81,-0.02,155,27.00
739.5159752368927,28.29,27.23,27.02,26.75,-0.02,155,27.00
739.9951832294464,28.31,27.23,27.02,26.79,-0.02,155,27.00
740.5518617630005,28.31,27.25,27.02,26.83,-0.02,155,27.00
741.007570028305,28.31,27.23,27.02,26.81,-0.02,155,27.00
741.5488433837891,28.29,27.23,27.02,26.79,-0.02,155,27.00
742.0175523757935,28.31,27.23,27.02,26.79,-0.02,155,27.00
742.5726923942566,28.29,27.23,27.02,26.79,-0.02,155,27.00
743.029351234436,28.27,27.25,27.02,26.79,-0.02,155,27.00
743.5691463947296,28.25,27.25,27.02,26.79,-0.02,155,27.00
744.0404531955719,28.31,27.25,27.02,26.79,-0.02,155,27.00
744.6018183231354,28.31,27.25,27.02,26.81,-0.02,155,27.00
745.0510261058807,28.33,27.25,27.02,26.79,-0.02,155,27.00
745.5989892482758,28.29,27.20,27.02,26.77,-0.02,155,27.00
746.0618846416473,28.35,27.27,27.02,26.81,-0.02,155,27.00
746.5978229045868,28.37,27.25,27.02,26.79,-0.02,155,27.00
747.0742011070251,28.35,27.25,27.02,26.81,-0.02,155,27.00
747.6298427581787,28.37,27.27,27.02,26.81,-0.02,155,27.00
748.0843966007233,28.37,27.25,27.02,26.81,-0.02,155,27.00
748.6297798156738,28.35,27.23,27.02,26.79,-0.02,155,27.00
749.0959115028381,28.35,27.25,27.02,26.81,-0.02,155,27.00
749.6438210010529,28.37,27.27,27.02,26.81,-0.02,155,27.00
750.1067435741425,28.40,27.27,27.02,26.83,-0.02,155,27.00
750.658439874649,28.40,27.27,27.02,26.83,-0.02,155,27.00
751.1177725791931,28.37,27.27,27.02,26.83,-0.02,155,27.00
751.6541855335236,28.37,27.27,27.02,26.83,-0.02,155,27.00
752.1302468776703,28.37,27.27,27.02,26.83,-0.02,155,27.00
752.6628406047821,28.37,27.27,27.02,26.81,-0.02,155,27.00
753.1412756443024,28.35,27.27,27.02,26.83,-0.02,155,27.00
753.6895749568939,28.37,27.27,27.02,26.83,-0.02,155,27.00
754.1518189907074,28.35,27.25,27.02,26.81,-0.02,155,27.00
754.6875660419464,28.37,27.27,27.02,26.83,-0.02,155,27.00
755.1628646850586,28.40,27.27,27.02,26.81,-0.02,155,27.00
755.7152302265167,28.40,27.27,27.02,26.81,-0.02,155,27.00
756.1747546195984,28.35,27.20,27.02,26.79,-0.02,155,27.00
756.7022995948792,28.40,27.25,27.02,26.79,-0.02,155,27.00
757.1851303577423,28.42,27.27,27.02,26.79,-0.02,155,27.00
757.726968050003,28.42,27.25,27.02,26.79,-0.02,155,27.00
758.1969425678253,28.42,27.25,27.02,26.79,-0.02,155,27.00
758.739150762558,28.42,27.25,27.02,26.79,-0.02,155,27.00
759.2077763080597,28.42,27.23,27.02,26.77,-0.02,155,27.00
759.7410905361176,28.40,27.23,27.02,26.75,-0.02,155,27.00
760.2181570529938,28.44,27.23,27.02,26.77,-0.02,155,27.00
760.7535216808319,28.44,27.23,27.02,26.75,-0.02,155,27.00
761.2297582626343,28.44,27.23,27.02,26.77,-0.02,155,27.00
761.7655165195465,28.42,27.18,27.02,26.79,-0.02,155,27.00
762.2411508560181,28.46,27.23,27.02,26.77,-0.02,155,27.00
762.7817935943604,28.46,27.25,27.02,26.77,-0.02,155,27.00
763.25151014328,28.40,27.18,27.02,26.70,-0.02,155,27.00
763.783833026886,28.46,27.23,27.02,26.75,-0.02,155,27.00
764.3186295032501,28.46,27.23,27.02,26.75,-0.02,155,27.00
764.7685079574585,28.46,27.23,27.02,26.77,-0.02,155,27.00
765.3018200397491,28.46,27.20,27.02,26.77,-0.02,155,27.00
765.779812335968,28.42,27.20,27.02,26.79,-0.02,155,27.00
766.319155216217,28.42,27.18,27.02,26.70,-0.02,155,27.00
766.7907774448395,28.40,27.23,27.02,26.75,-0.02,155,27.00
767.3384990692139,28.46,27.20,27.02,26.72,-0.02,155,27.00
767.8021199703217,28.46,27.20,27.02,26.72,-0.02,155,27.00
768.3491642475128,28.44,27.18,27.02,26.70,-0.02,155,27.00
768.8136909008026,28.46,27.20,27.02,26.75,-0.02,155,27.00
769.3568885326385,28.48,27.25,27.02,26.77,-0.02,155,27.00
769.8242137432098,28.46,27.20,27.02,26.70,-0.02,155,27.00
770.3697247505188,28.48,27.20,27.02,26.75,-0.02,155,27.00
770.8365452289581,28.46,27.18,27.02,26.68,-0.02,155,27.00
771.3990867137909,28.44,27.18,27.02,26.68,-0.02,155,27.00
771.8558611869812,28.48,27.23,27.02,26.72,-0.02,155,27.00
772.3879082202911,28.46,27.20,27.02,26.72,-0.02,155,27.00
772.8577737808228,28.46,27.25,27.02,26.72,-0.02,155,27.00
773.39981341362,28.46,27.23,27.02,26.70,-0.02,155,27.00
773.8697695732117,28.48,27.23,27.02,26.72,-0.02,155,27.00
774.4159047603607,28.46,27.20,27.02,26.70,-0.02,155,27.00
774.8810367584229,28.48,27.23,27.02,26.72,-0.02,155,27.00
775.4163761138916,28.48,27.23,27.02,26.72,-0.02,155,27.00
775.8917608261108,28.52,27.25,27.02,26.75,-0.02,155,27.00
776.4440698623657,28.46,27.25,27.02,26.72,-0.02,155,27.00
776.9028568267822,28.48,27.25,27.02,26.70,-0.02,155,27.00
777.4438211917877,28.48,27.27,27.02,26.75,-0.02,155,27.00
777.9140248298645,28.48,27.25,27.02,26.72,-0.02,155,27.00
778.4605767726898,28.46,27.23,27.02,26.68,-0.02,155,27.00
778.9251370429993,28.48,27.25,27.02,26.72,-0.02,155,27.00
779.4310789108276,28.46,27.23,27.02,26.72,-0.02,155,27.00
779.9698326587677,28.46,27.23,27.02,26.72,-0.02,155,27.00
780.4422132968903,28.42,27.27,27.02,26.72,-0.02,155,27.00
780.9590721130371,28.44,27.20,27.02,26.72,-0.02,155,27.00
781.5120356082916,28.48,27.25,27.02,26.72,-0.02,155,27.00
781.9585671424866,28.48,27.23,27.02,26.70,-0.02,155,27.00
782.5116677284241,28.48,27.23,27.02,26.70,-0.02,155,27.00
782.9698498249054,28.48,27.23,27.02,26.72,-0.02,155,27.00
783.50488114357,28.48,27.25,27.02,26.72,-0.02,155,27.00
784.0418236255646,28.46,27.18,27.02,26.75,-0.02,155,27.00
784.4864344596863,28.46,27.20,27.02,26.70,-0.02,155,27.00
785.042893409729,28.48,27.20,27.02,26.68,-0.02,155,27.00
785.4978213310242,28.50,27.23,27.02,26.70,-0.02,155,27.00
786.0324578285217,28.48,27.20,27.02,26.68,-0.02,155,27.00
786.5077631473541,28.48,27.25,27.02,26.75,-0.02,155,27.00
787.0526678562164,28.48,27.23,27.02,26.72,-0.02,155,27.00
787.5195574760437,28.46,27.23,27.02,26.68,-0.02,155,27.00
788.0518887042999,28.48,27.27,27.02,26.75,-0.02,155,27.00
788.5908167362213,28.44,27.25,27.03,26.72,-0.02,155,27.00
789.0379486083984,28.40,27.27,27.03,26.72,-0.03,155,27.00
789.5786561965942,28.44,27.25,27.03,26.72,-0.03,155,27.00
790.0477907657623,28.40,27.18,27.03,26.75,-0.03,155,27.00
790.6040134429932,28.46,27.27,27.03,26.75,-0.03,155,27.00
791.0723700523376,28.44,27.25,27.03,26.75,-0.03,155,27.00
791.6237642765045,28.44,27.25,27.03,26.70,-0.03,155,27.00
792.069874048233,28.44,27.23,27.03,26.68,-0.03,155,27.00
792.6207976341248,28.46,27.25,27.03,26.72,-0.03,155,27.00
793.0818388462067,28.44,27.23,27.03,26.70,-0.03,155,27.00
793.6050431728363,28.46,27.23,27.03,26.70,-0.03,155,27.00
794.0923020839691,28.42,27.20,27.03,26.70,-0.03,155,27.00
794.6493480205536,28.44,27.25,27.03,26.72,-0.03,155,27.00
795.1034607887268,28.44,27.23,27.03,26.70,-0.03,154,27.00
795.6476893424988,28.42,27.18,27.03,26.70,-0.03,154,27.00
796.1141138076782,28.46,27.23,27.03,26.72,-0.03,154,27.00
796.6615610122681,28.46,27.25,27.03,26.72,-0.03,154,27.00
797.1262314319611,28.46,27.25,27.03,26.75,-0.03,154,27.00
797.6567068099976,28.44,27.20,27.03,26.68,-0.03,154,27.00
798.1980812549591,28.48,27.23,27.03,26.72,-0.03,154,27.00
798.6428399085999,28.46,27.25,27.03,26.75,-0.03,154,27.00
799.1914520263672,28.42,27.23,27.03,26.72,-0.03,154,27.00
799.6531777381897,28.46,27.25,27.03,26.75,-0.03,154,27.00
800.2204761505127,28.46,27.25,27.03,26.72,-0.03,154,27.00
800.6640188694,28.46,27.25,27.03,26.72,-0.03,154,27.00
801.1964025497437,28.46,27.23,27.03,26.72,-0.03,154,27.00
801.6751737594604,28.44,27.23,27.03,26.75,-0.03,154,27.00
802.1815495491028,28.46,27.23,27.03,26.70,-0.03,154,27.00
802.7297477722168,28.44,27.25,27.03,26.72,-0.03,154,27.00
803.19287276268,28.46,27.23,27.03,26.72,-0.03,154,27.00
803.7435569763184,28.46,27.23,27.03,26.70,-0.03,154,27.00
804.2037153244019,28.44,27.25,27.03,26.72,-0.03,154,27.00
804.7585535049438,28.46,27.25,27.03,26.75,-0.03,154,27.00
805.2151594161987,28.46,27.25,27.03,26.72,-0.03,154,27.00
805.7210626602173,28.46,27.23,27.04,26.70,-0.03,154,27.00
806.2600684165955,28.46,27.23,27.04,26.72,-0.03,154,27.00
806.7319395542145,28.46,27.25,27.04,26.75,-0.03,154,27.00
807.274002790451,28.44,27.20,27.04,26.68,-0.04,154,27.00
807.7429401874542,28.46,27.25,27.04,26.75,-0.04,154,27.00
808.3055686950684,28.42,27.27,27.04,26.75,-0.04,154,27.00
808.7543466091156,28.46,27.25,27.04,26.75,-0.04,154,27.00
809.2985587120056,28.46,27.23,27.04,26.72,-0.04,154,27.00
809.765540599823,28.48,27.25,27.04,26.75,-0.04,154,27.00
810.2961766719818,28.46,27.25,27.04,26.72,-0.04,154,27.00
810.7765438556671,28.46,27.20,27.04,26.70,-0.04,154,27.00
811.3135597705841,28.46,27.25,27.04,26.75,-0.04,154,27.00
811.7875218391418,28.46,27.25,27.04,26.75,-0.04,154,27.00
812.3408856391907,28.44,27.23,27.04,26.75,-0.04,154,27.00
812.7989451885223,28.46,27.25,27.04,26.75,-0.04,154,27.00
813.3424201011658,28.42,27.18,27.04,26.68,-0.04,154,27.00
813.8094072341919,28.44,27.23,27.04,26.72,-0.04,154,27.00
814.3566970825195,28.46,27.23,27.04,26.75,-0.04,154,27.00
814.8209397792816,28.42,27.20,27.04,26.72,-0.04,154,27.00
815.3635911941528,28.42,27.20,27.04,26.75,-0.04,154,27.00
815.8313155174255,28.42,27.20,27.04,26.75,-0.04,154,27.00
816.3839299678802,28.42,27.23,27.04,26.75,-0.04,154,27.00
816.8426339626312,28.42,27.20,27.04,26.72,-0.04,154,27.00
817.3651390075684,28.37,27.16,27.04,26.68,-0.04,154,27.00
817.9333908557892,28.42,27.23,27.04,26.75,-0.04,154,27.00
818.3784725666046,28.42,27.20,27.04,26.75,-0.04,154,27.00
818.8645958900452,28.42,27.20,27.04,26.72,-0.04,154,27.00
819.4138255119324,28.44,27.18,27.04,26.70,-0.04,154,27.00
819.8765456676483,28.40,27.18,27.03,26.68,-0.04,154,27.00
820.3824710845947,28.40,27.20,27.03,26.70,-0.04,154,27.00
820.9335272312164,28.40,27.20,27.03,26.72,-0.04,154,27.00
821.3936169147491,28.40,27.23,27.03,26.72,-0.03,154,27.00
821.9318919181824,28.40,27.23,27.03,26.72,-0.03,154,27.00
822.4050598144531,28.40,27.25,27.03,26.72,-0.03,154,27.00
822.9554903507233,28.37,27.23,27.03,26.72,-0.03,154,27.00
823.4771573543549,28.37,27.20,27.03,26.70,-0.03,154,27.00
823.9208385944366,28.33,27.23,27.03,26.72,-0.03,154,27.00
824.4724185466766,28.37,27.23,27.03,26.72,-0.03,154,27.00
824.9316811561584,28.35,27.23,27.03,26.72,-0.03,154,27.00
825.4861464500427,28.35,27.25,27.03,26.72,-0.03,154,27.00
825.9428446292877,28.35,27.23,27.03,26.70,-0.03,154,27.00
826.4911296367645,28.35,27.23,27.03,26.72,-0.03,154,27.00
826.9548645019531,28.35,27.23,27.03,26.72,-0.03,154,27.00
827.5098028182983,28.33,27.23,27.03,26.70,-0.03,154,27.00
827.9652662277222,28.33,27.23,27.03,26.70,-0.03,154,27.00
828.5092704296112,28.35,27.25,27.03,26.70,-0.03,154,27.00
828.9768950939178,28.33,27.25,27.03,26.70,-0.03,154,27.00
829.5301644802094,28.35,27.25,27.03,26.72,-0.03,154,27.00
829.987509727478,28.35,27.23,27.03,26.72,-0.03,154,27.00
830.5237441062927,28.35,27.25,27.03,26.72,-0.03,154,27.00
831.0376360416412,28.35,27.25,27.03,26.72,-0.03,154,27.00
831.5048687458038,28.33,27.25,27.04,26.72,-0.03,154,27.00
832.0564217567444,28.33,27.25,27.04,26.72,-0.03,154,27.00
832.5152707099915,28.29,27.20,27.04,26.68,-0.03,154,27.00
833.0561318397522,28.31,27.25,27.03,26.72,-0.03,154,27.00
833.5275349617004,28.33,27.25,27.03,26.75,-0.03,154,27.00
834.0519976615906,28.31,27.25,27.03,26.72,-0.03,154,27.00
834.538298368454,28.27,27.25,27.03,26.75,-0.03,154,27.00
835.0429499149323,28.33,27.25,27.03,26.75,-0.03,154,27.00
835.5898132324219,28.27,27.20,27.03,26.77,-0.03,154,27.00
836.054850101471,28.31,27.23,27.03,26.72,-0.03,154,27.00
836.5885488986969,28.33,27.27,27.03,26.75,-0.03,154,27.00
837.1494338512421,28.29,27.20,27.03,26.70,-0.03,154,27.00
837.6256701946259,28.35,27.27,27.03,26.75,-0.03,154,27.00
838.0772986412048,28.31,27.23,27.03,26.72,-0.03,154,27.00
838.6209444999695,28.29,27.20,27.03,26.70,-0.03,154,27.00
839.0888681411743,28.33,27.25,27.03,26.75,-0.03,154,27.00
839.5935685634613,28.33,27.23,27.03,26.75,-0.03,154,27.00
840.1348679065704,28.33,27.25,27.03,26.75,-0.03,154,27.00
840.6045079231262,28.33,27.25,27.03,26.72,-0.03,154,27.00
841.1537821292877,28.35,27.25,27.03,26.72,-0.03,154,27.00
841.6163017749786,28.33,27.23,27.03,26.72,-0.03,154,27.00
842.1641204357147,28.31,27.23,27.03,26.70,-0.03,154,27.00
842.6271691322327,28.31,27.23,27.03,26.75,-0.03,154,27.00
843.1778228282928,28.31,27.25,27.03,26.75,-0.03,154,27.00
843.6385490894318,28.27,27.27,27.03,26.75,-0.03,154,27.00
844.179803609848,28.31,27.25,27.03,26.75,-0.03,154,27.00
844.649172782898,28.29,27.23,27.03,26.70,-0.03,154,27.00
845.207549571991,28.31,27.27,27.03,26.77,-0.03,154,27.00
845.6655948162079,28.31,27.27,27.03,26.75,-0.03,154,27.00
846.2206778526306,28.31,27.25,27.03,26.75,-0.03,154,27.00
846.6714267730713,28.31,27.23,27.03,26.72,-0.03,154,27.00
847.2211720943451,28.31,27.25,27.03,26.75,-0.03,154,27.00
847.68284034729,28.31,27.20,27.03,26.70,-0.03,154,27.00
848.2179861068726,28.33,27.23,27.03,26.72,-0.03,154,27.00
848.6939270496368,28.31,27.18,27.03,26.70,-0.03,154,27.00
849.235922574997,28.29,27.25,27.03,26.75,-0.03,154,27.00
849.7063691616058,28.29,27.25,27.03,26.75,-0.03,154,27.00
850.2622058391571,28.31,27.18,27.03,26.70,-0.03,154,27.00
850.7166755199432,28.31,27.20,27.03,26.70,-0.03,154,27.00
851.2608306407928,28.33,27.18,27.03,26.70,-0.03,154,27.00
851.7275488376617,28.33,27.23,27.02,26.75,-0.03,154,27.00
852.2548801898956,28.33,27.16,27.02,26.70,-0.03,154,27.00
852.7387490272522,28.35,27.20,27.02,26.72,-0.03,154,27.00
853.2711684703827,28.35,27.20,27.02,26.75,-0.03,154,27.00
853.7498943805695,28.37,27.23,27.02,26.72,-0.02,154,27.00
854.2835817337036,28.37,27.23,27.02,26.75,-0.02,154,27.00
854.7613923549652,28.37,27.23,27.02,26.75,-0.02,154,27.00
855.2845301628113,28.37,27.20,27.02,26.75,-0.02,154,27.00
855.8242106437683,28.37,27.23,27.02,26.75,-0.02,154,27.00
856.2775049209595,28.35,27.16,27.02,26.68,-0.02,154,27.00
856.8182351589203,28.37,27.23,27.02,26.75,-0.02,154,27.00
857.2891759872437,28.40,27.23,27.02,26.75,-0.02,154,27.00
857.8230504989624,28.37,27.23,27.02,26.75,-0.02,154,27.00
858.30078125,28.37,27.20,27.02,26.72,-0.02,154,27.00
858.8668320178986,28.40,27.20,27.02,26.75,-0.02,154,27.00
859.3248715400696,28.40,27.23,27.02,26.75,-0.02,154,27.00
859.8844397068024,28.37,27.20,27.02,26.72,-0.02,154,27.00
860.3248136043549,28.37,27.20,27.02,26.72,-0.02,154,27.00
860.8629825115204,28.37,27.14,27.02,26.70,-0.02,154,27.00
861.3341405391693,28.37,27.20,27.01,26.72,-0.02,154,27.00
861.8782122135162,28.40,27.20,27.01,26.72,-0.01,154,27.00
862.3450403213501,28.37,27.18,27.01,26.72,-0.01,154,27.00
862.8928680419922,28.37,27.20,27.01,26.72,-0.01,154,27.00
863.3565344810486,28.35,27.16,27.01,26.70,-0.01,154,27.00
863.9168336391449,28.37,27.20,27.01,26.70,-0.01,154,27.00
864.368353843689,28.37,27.18,27.01,26.70,-0.01,154,27.00
864.9074149131775,28.40,27.20,27.01,26.70,-0.01,154,27.00
865.3785698413849,28.40,27.18,27.01,26.70,-0.01,154,27.00
865.9195687770844,28.40,27.18,27.01,26.70,-0.01,155,27.00
866.3898141384125,28.40,27.20,27.01,26.72,-0.01,155,27.00
866.947497844696,28.33,27.14,27.01,26.72,-0.01,155,27.00
867.4010233879089,28.31,27.20,27.01,26.75,-0.01,155,27.00
867.9558644294739,28.33,27.20,27.01,26.70,-0.01,155,27.00
868.4112355709076,28.35,27.18,27.01,26.68,-0.01,155,27.00
868.955902338028,28.35,27.20,27.01,26.72,-0.01,155,27.00
869.4219906330109,28.33,27.20,27.01,26.72,-0.01,155,27.00
869.9535315036774,28.35,27.20,27.01,26.70,-0.01,155,27.00
870.4341232776642,28.31,27.16,27.01,26.68,-0.01,155,27.00
870.9721648693085,28.33,27.23,27.01,26.72,-0.01,155,27.00
871.4451439380646,28.33,27.20,27.01,26.72,-0.01,155,27.00
871.9750125408173,28.29,27.16,27.01,26.68,-0.01,155,27.00
872.4945299625397,28.33,27.20,27.01,26.72,-0.01,155,27.00
872.96257853508,28.33,27.20,27.00,26.72,-0.01,155,27.00
873.493542432785,28.29,27.18,27.00,26.72,-0.01,155,27.00
873.9728572368622,28.29,27.23,27.00,26.75,-0.00,155,27.00
874.4781692028046,28.35,27.23,27.00,26.72,-0.00,155,27.00
875.0130891799927,28.35,27.20,27.00,26.75,-0.00,155,27.00
875.4891166687012,28.35,27.18,27.00,26.70,-0.00,155,27.00
876.0272839069366,28.37,27.20,27.00,26.72,-0.00,155,27.00
876.5007996559143,28.35,27.18,27.00,26.72,-0.00,155,27.00
877.033518075943,28.37,27.20,27.00,26.72,-0.00,155,27.00
877.5659399032593,28.31,27.14,27.00,26.72,-0.00,155,27.00
878.0180945396423,28.35,27.20,27.00,26.72,-0.00,155,27.00
878.5445740222931,28.37,27.20,27.00,26.70,-0.00,155,27.00
879.0281863212585,28.37,27.20,27.00,26.72,-0.00,155,27.00
879.5679609775543,28.35,27.16,27.00,26.68,-0.00,155,27.00
880.0407259464264,28.40,27.20,27.00,26.75,-0.00,155,27.00
880.5826914310455,28.35,27.16,27.00,26.70,-0.00,155,27.00
881.0507607460022,28.37,27.20,27.00,26.72,-0.00,155,27.00
881.5999846458435,28.37,27.20,27.00,26.72,-0.00,155,27.00
882.0628435611725,28.35,27.20,27.00,26.72,-0.00,155,27.00
882.6148087978363,28.37,27.20,27.00,26.72,-0.00,155,27.00
883.0734996795654,28.40,27.20,27.00,26.70,-0.00,155,27.00
883.6346418857574,28.37,27.20,27.00,26.70,-0.00,155,27.00
884.084157705307,28.37,27.20,27.00,26.72,-0.00,155,27.00
884.6125693321228,28.37,27.20,27.00,26.70,-0.00,155,27.00
885.0963621139526,28.37,27.20,27.00,26.75,-0.00,155,27.00
885.6399025917053,28.33,27.18,27.00,26.68,-0.00,155,27.00
886.1066823005676,28.37,27.23,27.00,26.72,-0.00,155,27.00
886.648978471756,28.37,27.20,27.00,26.72,-0.00,155,27.00
887.1181604862213,28.37,27.20,27.00,26.72,-0.00,155,27.00
887.6485652923584,28.31,27.25,27.00,26.75,-0.00,155,27.00
888.1287653446198,28.35,27.20,27.00,26.70,-0.00,155,27.00
888.6838085651398,28.37,27.23,27.00,26.72,-0.00,155,27.00
889.1397082805634,28.37,27.23,27.00,26.72,-0.00,155,27.00
889.6955764293671,28.35,27.18,27.00,26.68,-0.00,155,27.00
890.151166677475,28.40,27.20,27.00,26.75,-0.00,155,27.00
890.708566904068,28.42,27.23,27.00,26.75,-0.00,155,27.00
891.1628594398499,28.42,27.23,27.00,26.72,-0.00,155,27.00
891.7145068645477,28.42,27.23,27.00,26.75,-0.00,155,27.00
892.1734066009521,28.40,27.23,27.00,26.75,-0.00,155,27.00
892.7069041728973,28.42,27.20,27.00,26.70,-0.00,155,27.00
893.1843101978302,28.42,27.23,27.00,26.75,-0.00,155,27.00
893.7169785499573,28.46,27.23,27.00,26.75,-0.00,155,27.00
894.1963005065918,28.44,27.20,27.00,26.72,-0.00,155,27.00
894.7316420078278,28.46,27.25,27.00,26.75,-0.00,155,27.00
895.2705111503601,28.44,27.23,27.00,26.75,-0.00,155,27.00
895.7127604484558,28.46,27.23,27.00,26.75,-0.00,155,27.00
896.2697353363037,28.46,27.25,27.00,26.75,-0.00,155,27.00
896.7237777709961,28.46,27.23,27.01,26.75,-0.00,155,27.00
897.2288861274719,28.46,27.23,27.01,26.75,-0.00,155,27.00
897.7598056793213,28.48,27.23,27.01,26.75,-0.00,155,27.00
898.2411005496979,28.48,27.25,27.01,26.77,-0.01,155,27.00
898.7465274333954,28.48,27.25,27.01,26.77,-0.01,155,27.00
899.3038206100464,28.48,27.25,27.01,26.77,-0.01,155,27.00
899.7568714618683,28.48,27.25,27.01,26.77,-0.01,155,27.00
900.3059916496277,28.48,27.25,27.01,26.75,-0.01,155,27.00
900.7678244113922,28.48,27.23,27.01,26.72,-0.01,155,27.00
901.3238697052002,28.48,27.23,27.01,26.72,-0.01,155,27.00
901.7819766998291,28.48,27.25,27.01,26.72,-0.01,155,27.00
902.3348636627197,28.48,27.23,27.01,26.75,-0.01,154,27.00
902.7910237312317,28.46,27.23,27.01,26.72,-0.01,154,27.00
903.3457889556885,28.46,27.20,27.01,26.72,-0.01,154,27.00
903.8013963699341,28.50,27.23,27.01,26.72,-0.01,154,27.00
904.3438184261322,28.44,27.18,27.01,26.75,-0.01,154,27.00
904.8128397464752,28.48,27.23,27.01,26.72,-0.01,154,27.00
905.3668820858002,28.46,27.23,27.01,26.72,-0.01,154,27.00
905.8235969543457,28.46,27.23,27.01,26.72,-0.01,154,27.00
906.3661999702454,28.42,27.23,27.01,26.72,-0.01,154,27.00
906.8359203338623,28.44,27.23,27.01,26.70,-0.01,154,27.00
907.3844463825226,28.46,27.25,27.01,26.75,-0.01,154,27.00
907.845734834671,28.44,27.23,27.01,26.70,-0.01,154,27.00
908.3982057571411,28.44,27.25,27.01,26.72,-0.01,154,27.00
908.857773065567,28.44,27.23,27.02,26.70,-0.01,154,27.00
909.3998758792877,28.44,27.23,27.02,26.70,-0.01,154,27.00
909.8682632446289,28.42,27.20,27.02,26.68,-0.01,154,27.00
910.4292755126953,28.46,27.23,27.02,26.72,-0.02,154,27.00
910.8798182010651,28.40,27.23,27.02,26.72,-0.02,154,27.00
911.4465224742889,28.46,27.23,27.02,26.75,-0.02,154,27.00
911.8914227485657,28.46,27.23,27.02,26.72,-0.02,154,27.00
912.4265282154083,28.42,27.23,27.02,26.75,-0.02,154,27.00
912.9018206596375,28.40,27.25,27.02,26.75,-0.02,154,27.00
913.4568855762482,28.44,27.25,27.02,26.72,-0.02,154,27.00
913.912837266922,28.42,27.23,27.02,26.75,-0.02,154,27.00
914.4840750694275,28.42,27.20,27.02,26.70,-0.02,154,27.00
914.9251372814178,28.42,27.23,27.02,26.75,-0.02,154,27.00
915.4851143360138,28.44,27.25,27.02,26.75,-0.02,154,27.00
915.9351580142975,28.37,27.20,27.02,26.70,-0.02,154,27.00
916.4982471466064,28.40,27.23,27.02,26.70,-0.02,154,27.00
916.9465281963348,28.40,27.27,27.02,26.75,-0.02,154,27.00
917.4818394184113,28.42,27.25,27.02,26.72,-0.02,154,27.00
917.9583406448364,28.42,27.25,27.02,26.75,-0.02,154,27.00
918.477377653122,28.40,27.29,27.02,26.75,-0.02,154,27.00
919.0159137248993,28.40,27.25,27.02,26.72,-0.02,154,27.00
919.4747724533081,28.37,27.27,27.02,26.75,-0.02,154,27.00
920.0273926258087,28.40,27.25,27.02,26.77,-0.02,154,27.00
920.486160993576,28.37,27.29,27.02,26.77,-0.02,154,27.00
921.0251960754395,28.40,27.27,27.03,26.77,-0.02,154,27.00
921.496812582016,28.44,27.27,27.03,26.79,-0.02,154,27.00
922.0470135211945,28.44,27.25,27.03,26.75,-0.02,154,27.00
922.5078232288361,28.44,27.27,27.03,26.77,-0.03,154,27.00
923.0453102588654,28.40,27.23,27.03,26.72,-0.03,154,27.00
923.5194439888,28.40,27.29,27.03,26.77,-0.03,154,27.00
924.0548679828644,28.37,27.20,27.03,26.79,-0.03,154,27.00
924.5311830043793,28.44,27.27,27.03,26.77,-0.03,154,27.00
925.0365445613861,28.44,27.27,27.03,26.77,-0.03,154,27.00
925.5895507335663,28.42,27.25,27.03,26.77,-0.03,154,27.00
926.0467784404755,28.37,27.27,27.03,26.75,-0.03,154,27.00
926.5986061096191,28.40,27.27,27.03,26.75,-0.03,154,27.00
927.0583794116974,28.37,27.27,27.03,26.77,-0.03,154,27.00
927.5986044406891,28.40,27.29,27.03,26.77,-0.03,154,27.00
928.0689253807068,28.37,27.27,27.03,26.77,-0.03,154,27.00
928.6254603862762,28.40,27.29,27.03,26.75,-0.03,154,27.00
929.0801959037781,28.40,27.27,27.03,26.77,-0.03,154,27.00
929.6097931861877,28.40,27.27,27.03,26.72,-0.03,154,27.00
930.1494626998901,28.44,27.27,27.03,26.77,-0.03,154,27.00
930.5970904827118,28.42,27.29,27.03,26.77,-0.03,154,27.00
931.1617524623871,28.42,27.27,27.04,26.77,-0.03,154,27.00
931.6217789649963,28.42,27.29,27.04,26.77,-0.03,154,27.00
932.1741003990173,28.42,27.27,27.04,26.72,-0.03,154,27.00
932.6192734241486,28.37,27.25,27.04,26.70,-0.04,154,27.00
933.1768712997437,28.37,27.29,27.04,26.75,-0.04,154,27.00
933.6302917003632,28.37,27.29,27.04,26.77,-0.04,154,27.00
934.1640536785126,28.40,27.29,27.04,26.75,-0.04,154,27.00
934.7038190364838,28.40,27.29,27.04,26.77,-0.04,154,27.00
935.1776304244995,28.42,27.29,27.04,26.77,-0.04,154,27.00
935.653285741806,28.42,27.31,27.04,26.77,-0.04,154,27.00
936.2096786499023,28.42,27.29,27.04,26.77,-0.04,154,27.00
936.6648778915405,28.42,27.29,27.04,26.77,-0.04,154,27.00
937.2185513973236,28.40,27.27,27.04,26.77,-0.04,154,27.00
937.6758644580841,28.40,27.27,27.04,26.75,-0.04,154,27.00
938.2251634597778,28.42,27.27,27.04,26.75,-0.04,154,27.00
938.6865456104279,28.42,27.27,27.04,26.77,-0.04,154,27.00
939.2386152744293,28.44,27.29,27.04,26.77,-0.04,154,27.00
939.697202205658,28.44,27.27,27.04,26.75,-0.04,154,27.00
940.2540638446808,28.44,27.27,27.04,26.75,-0.04,154,27.00
940.7094061374664,28.44,27.27,27.04,26.77,-0.04,154,27.00
941.2784996032715,28.44,27.25,27.04,26.75,-0.04,154,27.00
941.7194404602051,28.44,27.25,27.04,26.75,-0.04,154,27.00
942.2249789237976,28.46,27.25,27.04,26.75,-0.04,154,27.00
942.7765173912048,28.46,27.25,27.04,26.75,-0.04,154,27.00
943.2358093261719,28.44,27.23,27.04,26.70,-0.04,154,27.00
943.8009300231934,28.46,27.25,27.04,26.77,-0.04,154,27.00
944.2479500770569,28.42,27.25,27.04,26.75,-0.04,154,27.00
944.7995986938477,28.44,27.27,27.04,26.75,-0.04,154,27.00
945.2595510482788,28.40,27.29,27.04,26.77,-0.04,154,27.00
945.8161025047302,28.44,27.27,27.04,26.77,-0.04,154,27.00
946.270970582962,28.44,27.29,27.04,26.77,-0.04,154,27.00
946.8280825614929,28.42,27.29,27.04,26.75,-0.04,154,27.00
947.281364440918,28.42,27.27,27.04,26.77,-0.04,154,27.00
947.8129072189331,28.44,27.27,27.04,26.75,-0.04,154,27.00
948.2918968200684,28.44,27.27,27.04,26.77,-0.04,154,27.00
948.8388164043427,28.44,27.25,27.04,26.70,-0.04,154,27.00
949.3041338920593,28.42,27.29,27.04,26.77,-0.04,154,27.00
949.8540451526642,28.50,27.29,27.04,26.77,-0.04,154,27.00
950.3148727416992,28.46,27.27,27.04,26.77,-0.04,154,27.00
950.8205556869507,28.46,27.29,27.04,26.77,-0.04,154,27.00
951.3638517856598,28.44,27.29,27.04,26.77,-0.04,154,27.00
951.8322279453278,28.44,27.29,27.05,26.77,-0.04,154,27.00
952.3796825408936,28.42,27.27,27.05,26.75,-0.04,154,27.00
952.8429899215698,28.42,27.29,27.05,26.77,-0.05,154,27.00
953.3985657691956,28.42,27.29,27.05,26.75,-0.05,154,27.00
953.8535261154175,28.42,27.29,27.05,26.75,-0.05,154,27.00
954.3923816680908,28.42,27.31,27.05,26.77,-0.05,154,27.00
954.8648858070374,28.42,27.31,27.05,26.77,-0.05,154,27.00
955.4215602874756,28.42,27.29,27.05,26.77,-0.05,154,27.00
955.875764131546,28.42,27.27,27.05,26.75,-0.05,154,27.00
956.3821589946747,28.40,27.25,27.05,26.72,-0.05,154,27.00
956.9277350902557,28.44,27.29,27.05,26.75,-0.05,153,27.00
957.3927791118622,28.44,27.29,27.05,26.77,-0.05,153,27.00
957.933032989502,28.44,27.31,27.05,26.75,-0.05,153,27.00
958.4143207073212,28.44,27.29,27.05,26.77,-0.05,153,27.00
958.9604423046112,28.46,27.29,27.05,26.77,-0.05,153,27.00
959.4152669906616,28.46,27.29,27.05,26.77,-0.05,153,27.00
959.9685754776001,28.46,27.27,27.05,26.75,-0.05,153,27.00
960.4258177280426,28.48,27.29,27.05,26.79,-0.05,153,27.00
960.9799854755402,28.46,27.29,27.05,26.77,-0.05,153,27.00
961.4375715255737,28.44,27.27,27.05,26.72,-0.05,153,27.00
961.9757182598114,28.48,27.31,27.05,26.79,-0.05,153,27.00
962.4480757713318,28.46,27.29,27.05,26.77,-0.05,153,27.00
962.9537515640259,28.48,27.29,27.05,26.75,-0.05,153,27.00
963.5044260025024,28.46,27.31,27.05,26.79,-0.05,153,27.00
963.9643001556396,28.44,27.31,27.05,26.77,-0.05,153,27.00
964.5331614017487,28.44,27.31,27.05,26.79,-0.05,153,27.00
964.9765284061432,28.44,27.31,27.05,26.79,-0.05,153,27.00
965.5275475978851,28.44,27.31,27.06,26.79,-0.05,153,27.00
965.9878129959106,28.44,27.31,27.06,26.79,-0.05,153,27.00
966.5418269634247,28.42,27.29,27.06,26.77,-0.05,153,27.00
967.00293135643,28.44,27.31,27.06,26.79,-0.06,153,27.00
967.5595989227295,28.44,27.29,27.06,26.77,-0.06,153,27.00
968.00976729393,28.42,27.29,27.06,26.77,-0.06,153,27.00
968.5594925880432,28.44,27.29,27.06,26.75,-0.06,153,27.00
969.0217344760895,28.44,27.29,27.06,26.77,-0.06,153,27.00
969.5688011646271,28.40,27.31,27.06,26.75,-0.06,153,27.00
970.0328412055969,28.48,27.31,27.06,26.77,-0.06,153,27.00
970.5825552940369,28.46,27.29,27.06,26.75,-0.06,153,27.00
971.0436217784882,28.44,27.29,27.06,26.77,-0.06,153,27.00
971.5816464424133,28.42,27.31,27.06,26.77,-0.06,153,27.00
972.0551629066467,28.44,27.29,27.06,26.77,-0.06,153,27.00
972.5954117774963,28.42,27.31,27.06,26.77,-0.06,153,27.00
973.0655179023743,28.40,27.29,27.06,26.77,-0.06,153,27.00
973.6113045215607,28.37,27.31,27.06,26.77,-0.06,153,27.00
974.0775518417358,28.40,27.29,27.06,26.77,-0.06,153,27.00
974.6261467933655,28.40,27.31,27.06,26.79,-0.06,153,27.00
975.088552236557,28.37,27.27,27.06,26.75,-0.06,153,27.00
975.6410858631134,28.35,27.25,27.06,26.75,-0.06,153,27.00
976.0987842082977,28.37,27.29,27.06,26.77,-0.06,153,27.00
976.6389708518982,28.40,27.29,27.06,26.77,-0.06,153,27.00
977.1107330322266,28.40,27.27,27.06,26.75,-0.06,153,27.00
977.6563119888306,28.40,27.27,27.06,26.77,-0.06,153,27.00
978.1215844154358,28.40,27.27,27.06,26.77,-0.06,153,27.00
978.685958147049,28.42,27.27,27.06,26.77,-0.06,153,27.00
979.1376259326935,28.37,27.25,27.06,26.72,-0.06,153,27.00
979.6918189525604,28.40,27.25,27.06,26.72,-0.06,153,27.00
980.1441733837128,28.40,27.25,27.06,26.75,-0.06,153,27.00
980.6869003772736,28.40,27.27,27.06,26.77,-0.06,153,27.00
981.1558182239532,28.44,27.29,27.06,26.79,-0.06,153,27.00
981.6943411827087,28.40,27.27,27.06,26.77,-0.06,153,27.00
982.1665139198303,28.42,27.27,27.06,26.77,-0.06,153,27.00
982.7117331027985,28.42,27.27,27.06,26.77,-0.06,153,27.00
983.1777937412262,28.37,27.23,27.06,26.72,-0.06,153,27.00
983.7272956371307,28.42,27.25,27.06,26.77,-0.06,153,27.00
984.1877582073212,28.42,27.23,27.05,26.75,-0.06,153,27.00
984.7306036949158,28.37,27.29,27.05,26.79,-0.06,153,27.00
985.1998372077942,28.42,27.27,27.05,26.79,-0.05,153,27.00
985.7566668987274,28.42,27.27,27.05,26.81,-0.05,153,27.00
986.210202217102,28.44,27.27,27.05,26.79,-0.05,153,27.00
986.7602949142456,28.44,27.27,27.05,26.81,-0.05,153,27.00
987.2214856147766,28.42,27.23,27.05,26.72,-0.05,153,27.00
987.789666891098,28.40,27.20,27.05,26.70,-0.05,153,27.00
988.2603440284729,28.37,27.25,27.05,26.77,-0.05,153,27.00
988.7387588024139,28.42,27.23,27.05,26.77,-0.05,153,27.00
989.3069853782654,28.42,27.25,27.05,26.77,-0.05,153,27.00
989.749828338623,28.42,27.27,27.05,26.77,-0.05,153,27.00
990.3008191585541,28.42,27.25,27.05,26.75,-0.05,153,27.00
990.7603228092194,28.37,27.27,27.05,26.79,-0.05,153,27.00
991.2977361679077,28.42,27.25,27.05,26.77,-0.05,153,27.00
991.7724392414093,28.40,27.25,27.05,26.77,-0.05,153,27.00
992.3127691745758,28.40,27.23,27.05,26.75,-0.05,153,27.00
992.7836730480194,28.35,27.20,27.05,26.77,-0.05,153,27.00
993.3138203620911,28.37,27.25,27.05,26.75,-0.05,153,27.00
993.8498718738556,28.37,27.27,27.05,26.77,-0.05,153,27.00
994.3082218170166,28.35,27.27,27.05,26.77,-0.05,153,27.00
994.8507716655731,28.35,27.25,27.05,26.75,-0.05,153,27.00
995.3115558624268,28.31,27.20,27.05,26.75,-0.05,153,27.00
995.8725836277008,28.33,27.23,27.05,26.70,-0.05,153,27.00
996.3219108581543,28.35,27.27,27.05,26.77,-0.05,153,27.00
996.8774168491364,28.33,27.27,27.05,26.77,-0.05,153,27.00
997.3338093757629,28.35,27.27,27.05,26.77,-0.05,153,27.00
997.8728165626526,28.33,27.25,27.05,26.75,-0.05,153,27.00
998.345134973526,28.35,27.27,27.05,26.77,-0.05,153,27.00
998.8494696617126,28.33,27.23,27.05,26.72,-0.05,153,27.00
999.3929212093353,28.33,27.27,27.04,26.77,-0.05,153,27.00
999.8617217540741,28.35,27.27,27.04,26.77,-0.05,153,27.00
1000.3937256336212,28.31,27.23,27.04,26.77,-0.05,153,27.00
1000.8727471828461,28.35,27.27,27.04,26.75,-0.05,153,27.00
1001.420565366745,28.35,27.27,27.04,26.72,-0.04,153,27.00
1001.883996963501,28.35,27.23,27.04,26.72,-0.04,153,27.00
1002.4670498371124,28.31,27.18,27.04,26.75,-0.04,153,27.00
1002.9043378829956,28.29,27.20,27.04,26.75,-0.04,153,27.00
1003.4497272968292,28.33,27.25,27.04,26.75,-0.04,153,27.00
1003.9059135913849,28.33,27.27,27.04,26.77,-0.04,153,27.00
1004.4578378200531,28.33,27.23,27.04,26.79,-0.04,153,27.00
1004.9177038669586,28.33,27.29,27.04,26.79,-0.04,153,27.00
1005.4605324268341,28.40,27.27,27.04,26.79,-0.04,153,27.00
1005.9278106689453,28.33,27.25,27.04,26.72,-0.04,153,27.00
1006.4760806560516,28.31,27.20,27.04,26.72,-0.04,153,27.00
1006.9387354850769,28.35,27.27,27.04,26.77,-0.04,153,27.00
1007.4738755226135,28.33,27.27,27.04,26.77,-0.04,153,27.00
1007.9509463310242,28.33,27.29,27.04,26.77,-0.04,153,27.00
1008.4908258914948,28.33,27.25,27.04,26.72,-0.04,153,27.00
1008.9605803489685,28.31,27.27,27.04,26.79,-0.04,153,27.00
1009.502316236496,28.33,27.29,27.04,26.77,-0.04,153,27.00
1009.9728627204895,28.33,27.29,27.04,26.79,-0.04,153,27.00
1010.4960577487946,28.33,27.27,27.04,26.77,-0.04,153,27.00
1011.0395565032959,28.33,27.29,27.04,26.79,-0.04,153,27.00
1011.4905831813812,28.35,27.29,27.04,26.79,-0.04,153,27.00
1012.0393350124359,28.29,27.29,27.04,26.79,-0.04,153,27.00
1012.5009026527405,28.35,27.29,27.04,26.79,-0.04,153,27.00
1013.0510077476501,28.33,27.29,27.04,26.79,-0.04,153,27.00
1013.5130443572998,28.33,27.29,27.04,26.79,-0.04,153,27.00
1014.0675885677338,28.29,27.23,27.04,26.77,-0.04,153,27.00
1014.5259895324707,28.35,27.29,27.04,26.79,-0.04,153,27.00
1015.0682682991028,28.35,27.29,27.04,26.79,-0.04,153,27.00
1015.5354194641113,28.35,27.29,27.04,26.79,-0.04,153,27.00
1016.0829634666443,28.37,27.27,27.04,26.77,-0.04,153,27.00
1016.5465433597565,28.35,27.27,27.04,26.77,-0.04,153,27.00
1017.0989649295807,28.35,27.27,27.04,26.79,-0.04,153,27.00
1017.5578904151917,28.35,27.27,27.04,26.79,-0.04,153,27.00
1018.1038866043091,28.37,27.29,27.04,26.79,-0.04,153,27.00
1018.5678925514221,28.37,27.29,27.04,26.81,-0.04,153,27.00
1019.1104216575623,28.37,27.27,27.04,26.79,-0.04,153,27.00
1019.5799038410187,28.37,27.27,27.04,26.79,-0.04,153,27.00
1020.1095297336578,28.33,27.29,27.04,26.79,-0.04,153,27.00
1020.5908699035645,28.37,27.25,27.04,26.77,-0.04,153,27.00
1021.1558856964111,28.35,27.27,27.04,26.79,-0.04,153,27.00
1021.6028573513031,28.35,27.25,27.04,26.77,-0.04,153,27.00
1022.150780916214,28.37,27.25,27.04,26.77,-0.04,153,27.00
1022.6130795478821,28.37,27.25,27.04,26.77,-0.04,153,27.00
1023.1437456607819,28.35,27.23,27.04,26.77,-0.04,153,27.00
1023.683943271637,28.37,27.25,27.04,26.77,-0.04,153,27.00
1024.1431827545166,28.35,27.27,27.04,26.77,-0.04,153,27.00
1024.6888303756714,28.33,27.25,27.04,26.75,-0.04,153,27.00
1025.140960931778,28.29,27.23,27.04,26.77,-0.04,153,27.00
1025.6814024448395,28.33,27.27,27.03,26.77,-0.04,153,27.00
1026.152842283249,28.31,27.27,27.03,26.75,-0.04,153,27.00
1026.7082238197327,28.33,27.27,27.03,26.77,-0.04,153,27.00
1027.1636385917664,28.31,27.27,27.03,26.75,-0.04,153,27.00
1027.7072443962097,28.33,27.27,27.03,26.75,-0.03,153,27.00
1028.175057888031,28.31,27.25,27.03,26.72,-0.03,153,27.00
1028.7370595932007,28.33,27.27,27.03,26.75,-0.03,153,27.00
1029.186441898346,28.35,27.25,27.03,26.75,-0.03,153,27.00
1029.739694595337,28.35,27.25,27.03,26.72,-0.03,153,27.00
1030.1969842910767,28.37,27.25,27.03,26.75,-0.03,153,27.00
1030.7028923034668,28.35,27.25,27.03,26.75,-0.03,153,27.00
1031.2661168575287,28.37,27.25,27.03,26.75,-0.03,153,27.00
1031.713408946991,28.35,27.20,27.03,26.70,-0.03,153,27.00
1032.2731125354767,28.35,27.23,27.03,26.70,-0.03,153,27.00
1032.7253291606903,28.35,27.23,27.03,26.70,-0.03,153,27.00
1033.272628068924,28.35,27.23,27.03,26.72,-0.03,153,27.00
1033.7365300655365,28.35,27.25,27.03,26.75,-0.03,153,27.00
1034.2715532779694,28.29,27.20,27.03,26.75,-0.03,153,27.00
1034.74742269516,28.33,27.25,27.03,26.75,-0.03,153,27.00
1035.3008353710175,28.33,27.23,27.03,26.72,-0.03,153,27.00
1035.757817029953,28.31,27.20,27.03,26.72,-0.03,153,27.00
1036.315913438797,28.31,27.23,27.03,26.75,-0.03,153,27.00
1036.7686989307404,28.31,27.20,27.03,26.72,-0.03,153,27.00
1037.3095490932465,28.27,27.25,27.02,26.77,-0.03,153,27.00
1037.7844424247742,28.29,27.20,27.02,26.77,-0.02,153,27.00
1038.338599205017,28.27,27.23,27.02,26.77,-0.02,153,27.00
1038.7923941612244,28.29,27.23,27.02,26.77,-0.02,153,27.00
1039.3391337394714,28.31,27.25,27.02,26.77,-0.02,153,27.00
1039.8035342693329,28.29,27.20,27.02,26.75,-0.02,153,27.00
1040.3487348556519,28.27,27.23,27.02,26.77,-0.02,153,27.00
1040.813865661621,28.25,27.18,27.02,26.81,-0.02,153,27.00
1041.3618078231812,28.29,27.25,27.02,26.81,-0.02,153,27.00
1041.8247923851013,28.25,27.23,27.02,26.79,-0.02,153,27.00
1042.3615293502808,28.27,27.23,27.02,26.79,-0.02,153,27.00
1042.8363060951233,28.27,27.25,27.02,26.79,-0.02,153,27.00
1043.4075095653534,28.27,27.25,27.02,26.79,-0.02,153,27.00
1043.8672468662262,28.27,27.23,27.02,26.77,-0.02,153,27.00
1044.3528578281403,28.25,27.23,27.02,26.75,-0.02,153,27.00
1044.912766456604,28.20,27.23,27.02,26.81,-0.02,153,27.00
1045.3649082183838,28.25,27.23,27.02,26.79,-0.02,153,27.00
1045.8968698978424,28.25,27.27,27.02,26.81,-0.02,153,27.00
1046.435353755951,28.25,27.25,27.02,26.79,-0.02,153,27.00
1046.881151676178,28.27,27.25,27.02,26.79,-0.02,153,27.00
1047.4344153404236,28.27,27.25,27.02,26.81,-0.02,153,27.00
1047.8926866054535,28.27,27.27,27.02,26.81,-0.02,153,27.00
1048.4288687705994,28.29,27.27,27.02,26.81,-0.02,153,27.00
1048.903882265091,28.29,27.25,27.02,26.79,-0.02,153,27.00
1049.4154887199402,28.29,27.25,27.02,26.77,-0.02,153,27.00
1049.9604423046112,28.31,27.23,27.02,26.77,-0.02,153,27.00
1050.4198458194733,28.31,27.25,27.01,26.77,-0.02,153,27.00
1050.9687609672546,28.27,27.18,27.01,26.77,-0.02,153,27.00
1051.4314677715302,28.31,27.25,27.01,26.79,-0.02,153,27.00
1051.95183634758,28.29,27.25,27.01,26.77,-0.01,154,27.00
1052.442641735077,28.31,27.27,27.01,26.79,-0.01,154,27.00
1052.9948770999908,28.31,27.27,27.01,26.79,-0.01,154,27.00
1053.4536590576172,28.29,27.25,27.01,26.77,-0.01,154,27.00
1053.993943452835,28.29,27.25,27.01,26.77,-0.01,154,27.00
1054.4669461250305,28.29,27.25,27.01,26.79,-0.01,154,27.00
1055.0250680446625,28.23,27.27,27.01,26.79,-0.01,154,27.00
1055.4769072532654,28.27,27.27,27.01,26.79,-0.01,154,27.00
1056.039558172226,28.23,27.20,27.01,26.72,-0.01,154,27.00
1056.4865927696228,28.20,27.25,27.01,26.79,-0.01,154,27.00
1057.0205357074738,28.25,27.27,27.01,26.79,-0.01,154,27.00
1057.4982228279114,28.23,27.20,27.01,26.75,-0.01,154,27.00
1058.0332806110382,28.27,27.27,27.01,26.79,-0.01,154,27.00
1058.5088243484497,28.25,27.25,27.01,26.79,-0.01,154,27.00
1059.0629389286041,28.27,27.25,27.01,26.81,-0.01,154,27.00
1059.520605802536,28.25,27.25,27.01,26.81,-0.01,154,27.00
1060.0743153095245,28.27,27.25,27.01,26.79,-0.01,154,27.00
1060.5319850444794,28.25,27.27,27.01,26.83,-0.01,154,27.00
1061.0837347507477,28.27,27.23,27.01,26.81,-0.01,154,27.00
1061.5417909622192,28.23,27.18,27.01,26.77,-0.01,154,27.00
1062.097937822342,28.27,27.23,27.01,26.81,-0.01,154,27.00
1062.5538849830627,28.25,27.18,27.01,26.77,-0.01,154,27.00
1063.0945489406586,28.27,27.20,27.01,26.81,-0.01,154,27.00
1063.5643100738525,28.25,27.18,27.00,26.75,-0.01,154,27.00
1064.0953538417816,28.27,27.18,27.00,26.77,-0.00,154,27.00
1064.5758290290833,28.27,27.23,27.00,26.81,-0.00,154,27.00
1065.136150598526,28.27,27.20,27.00,26.79,-0.00,154,27.00
1065.5902032852173,28.27,27.23,27.00,26.79,-0.00,154,27.00
1066.1348202228546,28.27,27.20,27.00,26.77,-0.00,154,27.00
1066.5984182357788,28.23,27.20,27.00,26.79,-0.00,154,27.00
1067.1365940570831,28.29,27.20,27.00,26.79,-0.00,154,27.00
1067.6094369888306,28.29,27.20,27.00,26.77,-0.00,154,27.00
1068.1558890342712,28.29,27.16,27.00,26.72,0.00,154,27.00
1068.6199111938477,28.31,27.20,27.00,26.75,0.00,154,27.00
1069.1640973091125,28.29,27.18,27.00,26.75,0.00,154,27.00
1069.6308155059814,28.31,27.18,26.99,26.77,0.00,154,27.00
1070.178392648697,28.33,27.20,26.99,26.77,0.01,154,27.00
1070.6428680419922,28.31,27.18,26.99,26.72,0.01,154,27.00
1071.1770927906036,28.33,27.16,26.99,26.70,0.01,154,27.00
1071.653485774994,28.35,27.20,26.99,26.75,0.01,154,27.00
1072.189796924591,28.33,27.23,26.99,26.77,0.01,154,27.00
1072.6634225845337,28.35,27.23,26.99,26.75,0.01,154,27.00
1073.2079615592957,28.35,27.25,26.99,26.77,0.01,154,27.00
1073.6756019592285,28.33,27.20,26.99,26.70,0.01,154,27.00
1074.2256290912628,28.35,27.23,26.99,26.75,0.01,154,27.00
1074.6872038841248,28.35,27.23,26.99,26.72,0.01,154,27.00
1075.2256572246552,28.33,27.27,26.99,26.77,0.01,154,27.00
1075.6975100040436,28.33,27.27,26.99,26.77,0.01,154,27.00
1076.2422680854797,28.33,27.25,26.99,26.75,0.01,154,27.00
1076.7082288265228,28.31,27.25,26.99,26.75,0.01,154,27.00
1077.2700831890106,28.33,27.23,26.99,26.70,0.01,154,27.00
1077.71914935112,28.33,27.25,26.99,26.72,0.01,154,27.00
1078.267417192459,28.33,27.23,26.99,26.70,0.01,154,27.00
1078.7314858436584,28.31,27.18,26.99,26.72,0.01,154,27.00
1079.2679843902588,28.35,27.23,26.99,26.72,0.01,154,27.00
1079.7416107654572,28.31,27.16,26.99,26.68,0.01,154,27.00
1080.2879385948181,28.35,27.20,26.99,26.68,0.01,154,27.00
1080.752896785736,28.37,27.23,26.99,26.70,0.01,154,27.00
1081.303057193756,28.37,27.23,26.99,26.70,0.01,154,27.00
1081.7640266418457,28.37,27.20,26.99,26.68,0.01,154,27.00
1082.3149182796478,28.40,27.20,26.99,26.68,0.01,154,27.00
1082.775660276413,28.37,27.18,26.99,26.70,0.01,154,27.00
1083.3315436840057,28.37,27.20,26.99,26.70,0.01,154,27.00
1083.7862029075623,28.37,27.16,26.99,26.66,0.01,154,27.00
1084.310544013977,28.35,27.20,26.99,26.70,0.01,154,27.00
1084.8515746593475,28.40,27.20,26.99,26.68,0.01,154,27.00
1085.3039603233337,28.40,27.20,26.99,26.70,0.01,154,27.00
1085.8478229045868,28.40,27.20,26.99,26.68,0.01,154,27.00
1086.31533741951,28.40,27.23,26.99,26.72,0.01,154,27.00
1086.8616123199463,28.37,27.23,26.99,26.72,0.01,154,27.00
1087.3261909484863,28.35,27.16,26.99,26.70,0.01,154,27.00
1087.8742442131042,28.35,27.18,26.99,26.68,0.01,154,27.00
1088.3364117145538,28.35,27.20,26.99,26.70,0.01,154,27.00
1088.8906228542328,28.37,27.23,26.99,26.72,0.01,154,27.00
1089.351438999176,28.35,27.20,26.99,26.70,0.01,154,27.00
1089.9037749767303,28.29,27.23,26.99,26.72,0.01,154,27.00
1090.3596658706665,28.33,27.20,26.99,26.72,0.01,154,27.00
1090.8908998966217,28.35,27.23,26.99,26.72,0.01,154,27.00
1091.370141029358,28.33,27.23,26.99,26.75,0.01,154,27.00
1091.9198396205902,28.29,27.18,26.99,26.68,0.01,154,27.00
1092.3824927806854,28.31,27.23,26.99,26.72,0.01,154,27.00
1092.917356967926,28.31,27.20,26.99,26.70,0.01,154,27.00
1093.392840385437,28.31,27.20,26.99,26.68,0.01,154,27.00
1093.9290153980255,28.31,27.23,26.99,26.72,0.01,154,27.00
1094.4578576087952,28.29,27.20,26.99,26.68,0.01,154,27.00
1094.9096574783325,28.33,27.23,26.99,26.70,0.01,154,27.00
1095.44779753685,28.31,27.25,26.99,26.70,0.01,154,27.00
1095.9210879802704,28.33,27.23,26.99,26.70,0.01,154,27.00
1096.460471868515,28.27,27.20,26.99,26.72,0.01,154,27.00
1096.9308550357819,28.29,27.25,26.99,26.72,0.01,154,27.00
1097.459708929062,28.29,27.23,26.99,26.70,0.01,154,27.00
1097.9958662986755,28.29,27.23,26.99,26.70,0.01,154,27.00
1098.4488015174866,28.31,27.25,26.99,26.72,0.01,154,27.00
1098.998596906662,28.33,27.25,26.99,26.72,0.01,154,27.00
1099.4597780704498,28.27,27.18,26.99,26.68,0.01,154,27.00
1100.00324344635,28.29,27.25,26.99,26.70,0.01,154,27.00
1100.4715368747711,28.29,27.25,26.99,26.70,0.01,154,27.00
1101.0298345088959,28.27,27.23,26.99,26.68,0.01,154,27.00
1101.4813151359558,28.31,27.25,26.99,26.72,0.01,154,27.00
1102.049745798111,28.29,27.27,26.99,26.72,0.01,154,27.00
1102.4975955486298,28.25,27.29,26.99,26.72,0.01,154,27.00
1103.027589559555,28.31,27.27,26.99,26.75,0.01,154,27.00
1103.5041408538818,28.29,27.27,26.99,26.75,0.01,154,27.00
1104.0289137363434,28.27,27.25,26.99,26.72,0.01,154,27.00
1104.5150179862976,28.27,27.25,26.99,26.72,0.01,154,27.00
1105.0561809539795,28.25,27.23,27.00,26.68,0.01,154,27.00
1105.5265288352966,28.27,27.23,26.99,26.70,0.01,154,27.00
1106.0701069831848,28.29,27.25,26.99,26.75,0.01,154,27.00
1106.537676334381,28.27,27.23,27.00,26.70,0.01,154,27.00
1107.0895500183105,28.25,27.20,26.99,26.68,0.01,154,27.00
1107.5491709709167,28.23,27.18,26.99,26.75,0.01,154,27.00
1108.09592795372,28.23,27.20,26.99,26.77,0.01,154,27.00
1108.5594594478607,28.29,27.23,26.99,26.72,0.01,154,27.00
1109.1095595359802,28.25,27.18,26.99,26.75,0.01,154,27.00
1109.5711133480072,28.25,27.18,26.99,26.72,0.01,154,27.00
1110.110814332962,28.27,27.20,26.99,26.72,0.01,154,27.00
1110.5827264785767,28.27,27.20,26.99,26.72,0.01,154,27.00
1111.106199979782,28.27,27.23,26.99,26.77,0.01,154,27.00
1111.5928571224213,28.23,27.18,26.99,26.79,0.01,154,27.00
1112.149490594864,28.25,27.23,26.99,26.79,0.01,154,27.00
1112.6068959236145,28.27,27.23,26.99,26.79,0.01,154,27.00
1113.1646225452423,28.29,27.20,26.99,26.77,0.01,154,27.00
1113.6150970458984,28.25,27.23,26.99,26.77,0.01,154,27.00
1114.1449139118195,28.27,27.23,26.99,26.79,0.01,154,27.00
1114.6265432834625,28.25,27.23,26.99,26.75,0.01,154,27.00
1115.1729934215546,28.25,27.23,26.99,26.75,0.01,154,27.00
1115.637771844864,28.25,27.23,26.99,26.77,0.01,154,27.00
1116.1854214668274,28.25,27.23,26.99,26.72,0.01,154,27.00
1116.6498272418976,28.27,27.25,26.99,26.75,0.01,154,27.00
1117.1551430225372,28.27,27.25,26.99,26.75,0.01,154,27.00
1117.6606459617615,28.27,27.25,26.99,26.75,0.01,154,27.00
1118.215758562088,28.27,27.23,26.99,26.70,0.01,154,27.00
1118.6708445549011,28.27,27.23,26.99,26.72,0.01,154,27.00
1119.229899406433,28.29,27.23,26.99,26.72,0.01,154,27.00
1119.6828286647797,28.29,27.20,26.99,26.70,0.01,154,27.00
1120.2216217517853,28.31,27.23,26.99,26.70,0.01,154,27.00
1120.6931729316711,28.31,27.20,26.99,26.70,0.01,154,27.00
1121.225084066391,28.31,27.20,26.99,26.70,0.01,154,27.00
1121.7047469615936,28.33,27.23,26.99,26.70,0.01,154,27.00
1122.2653181552887,28.27,27.23,26.99,26.70,0.01,154,27.00
1122.716436624527,28.33,27.20,26.99,26.70,0.01,154,27.00
1123.2735211849213,28.35,27.18,26.99,26.70,0.01,154,27.00
1123.7265274524689,28.33,27.18,26.99,26.68,0.01,154,27.00
1124.2722609043121,28.29,27.12,26.99,26.68,0.01,154,27.00
1124.738822221756,28.33,27.16,26.98,26.68,0.01,154,27.00
1125.2896943092346,28.33,27.16,26.98,26.68,0.01,154,27.00
1125.7498013973236,28.33,27.18,26.98,26.70,0.01,154,27.00
1126.2777631282806,28.33,27.18,26.98,26.70,0.01,154,27.00
1126.7607791423798,28.33,27.18,26.98,26.68,0.02,154,27.00
1127.311038017273,28.37,27.18,26.98,26.70,0.02,154,27.00
1127.771208524704,28.40,27.16,26.98,26.70,0.02,154,27.00
1128.3185663223267,28.35,27.18,26.98,26.68,0.02,154,27.00
1128.7829995155334,28.33,27.14,26.98,26.68,0.02,154,27.00
1129.3308775424957,28.35,27.16,26.98,26.68,0.02,154,27.00
1129.7938685417175,28.35,27.18,26.98,26.70,0.02,154,27.00
1130.341540813446,28.35,27.18,26.98,26.70,0.02,154,27.00
1130.8054237365723,28.33,27.18,26.98,26.68,0.02,154,27.00
1131.3526418209076,28.31,27.14,26.98,26.68,0.02,154,27.00
1131.816541671753,28.33,27.20,26.98,26.70,0.02,154,27.00
1132.3669838905334,28.35,27.23,26.98,26.70,0.02,154,27.00
1132.8271129131317,28.33,27.20,26.98,26.68,0.02,154,27.00
1133.3825960159302,28.31,27.23,26.98,26.68,0.02,154,27.00
1133.8379774093628,28.31,27.23,26.98,26.68,0.02,154,27.00
1134.3443524837494,28.31,27.23,26.98,26.68,0.02,154,27.00
1134.8877980709076,28.31,27.23,26.98,26.68,0.02,154,27.00
1135.3547220230103,28.29,27.23,26.98,26.70,0.02,154,27.00
1135.9036581516266,28.33,27.23,26.98,26.70,0.02,154,27.00
1136.366421699524,28.31,27.23,26.98,26.70,0.02,154,27.00
1136.9184038639069,28.29,27.18,26.98,26.66,0.02,154,27.00
1137.3773036003113,28.33,27.23,26.98,26.70,0.02,154,27.00
1137.9361684322357,28.31,27.23,26.98,26.70,0.02,154,27.00
1138.3886077404022,28.31,27.23,26.98,26.70,0.02,154,27.00
1138.9561522006989,28.31,27.20,26.98,26.68,0.02,154,27.00
1139.4001767635345,28.33,27.20,26.98,26.68,0.02,154,27.00
1139.9413549900055,28.33,27.20,26.98,26.68,0.02,154,27.00
1140.4115080833435,28.33,27.20,26.98,26.68,0.02,154,27.00
1140.9637427330017,28.31,27.20,26.98,26.68,0.02,154,27.00
1141.4215800762177,28.35,27.18,26.98,26.66,0.02,154,27.00
1141.9669048786163,28.35,27.20,26.98,26.68,0.02,154,27.00
1142.4339377880096,28.33,27.18,26.98,26.66,0.02,154,27.00
1142.958351612091,28.35,27.18,26.98,26.66,0.02,154,27.00
1143.502685546875,28.35,27.20,26.98,26.68,0.02,154,27.00
1143.9506287574768,28.35,27.20,26.98,26.66,0.02,154,27.00
1144.4851706027985,28.37,27.20,26.98,26.68,0.02,154,27.00
1144.961704492569,28.37,27.18,26.98,26.66,0.02,154,27.00
1145.4995503425598,28.37,27.20,26.98,26.68,0.02,154,27.00
1145.9718205928802,28.35,27.18,26.98,26.64,0.02,154,27.00
1146.5248579978943,28.37,27.20,26.98,26.66,0.02,154,27.00
1146.9838666915894,28.37,27.18,26.98,26.64,0.02,154,27.00
1147.5275497436523,28.35,27.16,26.98,26.68,0.02,154,27.00
1147.9952056407928,28.40,27.18,26.98,26.66,0.02,154,27.00
1148.5415642261505,28.40,27.20,26.98,26.66,0.02,154,27.00
1149.0054285526276,28.33,27.14,26.98,26.66,0.02,154,27.00
1149.555504322052,28.35,27.16,26.98,26.64,0.02,154,27.00
1150.0165259838104,28.37,27.18,26.98,26.66,0.02,154,27.00
1150.5704979896545,28.35,27.18,26.98,26.66,0.02,154,27.00
1151.0278239250183,28.37,27.16,26.98,26.62,0.02,154,27.00
1151.5837953090668,28.35,27.16,26.98,26.62,0.02,154,27.00
1152.0396139621735,28.35,27.16,26.98,26.64,0.02,154,27.00
1152.5859007835388,28.33,27.16,26.98,26.64,0.02,154,27.00
1153.0508604049683,28.33,27.16,26.98,26.64,0.02,154,27.00
1153.6038208007812,28.31,27.16,26.98,26.66,0.02,154,27.00
1154.061446905136,28.33,27.18,26.98,26.66,0.02,154,27.00
1154.592218875885,28.33,27.18,26.98,26.66,0.02,154,27.00
1155.0728404521942,28.31,27.16,26.98,26.64,0.02,154,27.00
1155.6075294017792,28.31,27.20,26.98,26.68,0.02,154,27.00
1156.0840892791748,28.27,27.16,26.98,26.64,0.02,154,27.00
1156.6195330619812,28.27,27.14,26.98,26.66,0.02,154,27.00
1157.0954155921936,28.27,27.16,26.97,26.64,0.02,154,27.00
1157.6390130519867,28.27,27.18,26.97,26.68,0.02,154,27.00
1158.105422258377,28.29,27.18,26.97,26.70,0.02,154,27.00
1158.6655514240265,28.25,27.16,26.97,26.70,0.02,154,27.00
1159.1177735328674,28.25,27.18,26.97,26.70,0.03,154,27.00
1159.6234238147736,28.25,27.16,26.97,26.68,0.03,154,27.00
1160.193687915802,28.27,27.18,26.97,26.72,0.03,154,27.00
1160.6400380134583,28.25,27.18,26.97,26.70,0.03,154,27.00
1161.1838183403015,28.23,27.16,26.97,26.66,0.03,154,27.00
1161.6453657150269,28.29,27.18,26.97,26.70,0.03,154,27.00
1162.1836023330688,28.29,27.18,26.97,26.70,0.03,154,27.00
1162.6565408706665,28.27,27.18,26.97,26.70,0.03,154,27.00
1163.2147657871246,28.29,27.16,26.97,26.68,0.03,154,27.00
1163.6669273376465,28.31,27.18,26.97,26.70,0.03,154,27.00
1164.2085502147675,28.23,27.20,26.97,26.68,0.03,154,27.00
1164.6792600154877,28.29,27.18,26.97,26.70,0.03,154,27.00
1165.2258868217468,28.29,27.16,26.97,26.68,0.03,154,27.00
1165.6892337799072,28.31,27.18,26.97,26.70,0.03,154,27.00
1166.2258613109589,28.25,27.14,26.97,26.70,0.03,154,27.00
1166.7011432647705,28.29,27.18,26.97,26.70,0.03,154,27.00
1167.2538709640503,28.27,27.18,26.97,26.68,0.03,154,27.00
1167.7115964889526,28.25,27.16,26.97,26.66,0.03,154,27.00
1168.2526156902313,28.25,27.18,26.97,26.68,0.03,154,27.00
1168.7232112884521,28.27,27.18,26.97,26.70,0.03,154,27.00
1169.2497701644897,28.20,27.12,26.97,26.70,0.03,154,27.00
1169.7337958812714,28.27,27.18,26.97,26.72,0.03,154,27.00
1170.2858963012695,28.25,27.16,26.97,26.68,0.03,154,27.00
1170.7450199127197,28.20,27.18,26.97,26.70,0.03,154,27.00
1171.277907371521,28.27,27.18,26.97,26.70,0.03,155,27.00
1171.8018383979797,28.25,27.18,26.97,26.70,0.03,155,27.00
1172.2614698410034,28.29,27.20,26.97,26.70,0.03,155,27.00
1172.820837020874,28.29,27.18,26.97,26.68,0.03,155,27.00
1173.273533821106,28.29,27.18,26.97,26.70,0.03,155,27.00
1173.8292276859283,28.29,27.16,26.97,26.70,0.03,155,27.00
1174.285574913025,28.27,27.16,26.97,26.70,0.03,155,27.00
1174.8306019306183,28.29,27.18,26.97,26.70,0.03,155,27.00
1175.2953355312347,28.31,27.14,26.97,26.64,0.03,155,27.00
1175.8444004058838,28.33,27.18,26.97,26.68,0.03,155,27.00
1176.3065445423126,28.33,27.16,26.97,26.70,0.03,155,27.00
1176.8418626785278,28.33,27.16,26.97,26.68,0.03,155,27.00
1177.3174471855164,28.31,27.14,26.97,26.68,0.03,155,27.00
1177.8596241474152,28.31,27.14,26.97,26.64,0.03,155,27.00
1178.3287243843079,28.29,27.14,26.97,26.66,0.03,155,27.00
1178.8717954158783,28.31,27.14,26.97,26.68,0.03,155,27.00
1179.3406250476837,28.31,27.14,26.97,26.68,0.03,155,27.00
1179.9018440246582,28.33,27.14,26.96,26.68,0.03,155,27.00
1180.3516001701355,28.33,27.16,26.96,26.70,0.03,155,27.00
1180.8669328689575,28.29,27.10,26.96,26.66,0.03,155,27.00
1181.4085400104523,28.35,27.14,26.96,26.68,0.04,155,27.00
1181.8680982589722,28.33,27.14,26.96,26.70,0.04,155,27.00
1182.4198534488678,28.35,27.14,26.96,26.70,0.04,155,27.00
1182.8798396587372,28.35,27.14,26.96,26.70,0.04,155,27.00
1183.439641714096,28.35,27.16,26.96,26.72,0.04,155,27.00
1183.890674829483,28.29,27.10,26.96,26.72,0.04,155,27.00
1184.4346287250519,28.31,27.16,26.96,26.70,0.04,155,27.00
1184.9018380641937,28.27,27.18,26.96,26.70,0.04,155,27.00
1185.4369852542877,28.25,27.16,26.96,26.70,0.04,155,27.00
1185.9131498336792,28.29,27.16,26.96,26.70,0.04,155,27.00
1186.4637341499329,28.29,27.14,26.96,26.68,0.04,155,27.00
1186.9241466522217,28.31,27.16,26.96,26.68,0.04,155,27.00
1187.4801614284515,28.29,27.16,26.96,26.68,0.04,155,27.00
1187.9348940849304,28.31,27.14,26.96,26.68,0.04,155,27.00
1188.4898529052734,28.27,27.12,26.96,26.62,0.04,155,27.00
1188.9465310573578,28.29,27.16,26.96,26.68,0.04,155,27.00
1189.4895491600037,28.31,27.16,26.96,26.66,0.04,155,27.00
1189.9578211307526,28.27,27.14,26.96,26.64,0.04,155,27.00
1190.5020666122437,28.29,27.14,26.96,26.66,0.04,155,27.00
1190.9677731990814,28.23,27.10,26.96,26.64,0.04,155,27.00
1191.5208821296692,28.27,27.16,26.96,26.66,0.04,155,27.00
1191.9790484905243,28.27,27.16,26.96,26.66,0.04,155,27.00
1192.5219049453735,28.27,27.16,26.96,26.64,0.04,155,27.00
1192.9907810688019,28.20,27.10,26.96,26.66,0.04,155,27.00
1193.5348625183105,28.27,27.16,26.96,26.64,0.04,155,27.00
1194.00115442276,28.20,27.10,26.96,26.60,0.04,155,27.00
1194.5576210021973,28.25,27.16,26.96,26.64,0.04,155,27.00
1195.012840270996,28.25,27.16,26.96,26.64,0.04,155,27.00
1195.5485489368439,28.23,27.12,26.96,26.60,0.04,155,27.00
1196.023675441742,28.23,27.16,26.96,26.64,0.04,155,27.00
1196.5628895759583,28.27,27.18,26.96,26.66,0.04,155,27.00
1197.0351803302765,28.23,27.12,26.96,26.66,0.04,155,27.00
1197.5794470310211,28.27,27.16,26.95,26.66,0.04,155,27.00
1198.0465550422668,28.27,27.12,26.95,26.62,0.04,155,27.00
1198.5901494026184,28.29,27.16,26.95,26.66,0.04,155,27.00
1199.0578818321228,28.27,27.14,26.95,26.64,0.04,155,27.00
1199.5895314216614,28.25,27.14,26.95,26.66,0.05,155,27.00
1200.0679636001587,28.29,27.14,26.95,26.64,0.05,155,27.00
1200.6358721256256,28.27,27.14,26.95,26.66,0.05,155,27.00
1201.079779624939,28.29,27.12,26.95,26.62,0.05,155,27.00
1201.619286775589,28.25,27.10,26.95,26.66,0.05,155,27.00
1202.0914363861084,28.27,27.14,26.95,26.64,0.05,155,27.00
1202.634595632553,28.29,27.14,26.95,26.64,0.05,155,27.00
1203.1015813350677,28.29,27.14,26.95,26.62,0.05,155,27.00
1203.6662397384644,28.31,27.12,26.95,26.62,0.05,155,27.00
1204.1136837005615,28.31,27.12,26.95,26.60,0.05,155,27.00
1204.6645259857178,28.29,27.12,26.95,26.60,0.05,155,27.00
1205.1245520114899,28.29,27.12,26.95,26.60,0.05,155,27.00
1205.6623713970184,28.25,27.10,26.95,26.66,0.05,155,27.00
1206.1358675956726,28.25,27.10,26.95,26.60,0.05,155,27.00
1206.6888506412506,28.27,27.14,26.95,26.60,0.05,155,27.00
1207.1465508937836,28.27,27.14,26.95,26.62,0.05,155,27.00
1207.7023327350616,28.31,27.16,26.95,26.64,0.05,155,27.00
1208.1577727794647,28.25,27.10,26.95,26.58,0.05,155,27.00
1208.7038187980652,28.29,27.16,26.95,26.64,0.05,155,27.00
1209.168166399002,28.29,27.14,26.95,26.62,0.05,155,27.00
1209.7028665542603,28.31,27.14,26.95,26.60,0.05,155,27.00
1210.1796054840088,28.29,27.14,26.95,26.62,0.05,155,27.00
1210.739269733429,28.33,27.16,26.95,26.62,0.05,155,27.00
1211.1909852027893,28.31,27.12,26.95,26.60,0.05,155,27.00
1211.7161538600922,28.29,27.14,26.95,26.60,0.05,155,27.00
1212.2028431892395,28.29,27.12,26.95,26.60,0.05,155,27.00
1212.7308418750763,28.27,27.14,26.95,26.62,0.05,155,27.00
1213.266884803772,28.27,27.14,26.95,26.60,0.05,155,27.00
1213.719671010971,28.27,27.14,26.95,26.62,0.05,155,27.00
1214.265864610672,28.25,27.14,26.95,26.60,0.05,155,27.00
1214.7296738624573,28.25,27.14,26.95,26.62,0.05,155,27.00
1215.2795510292053,28.25,27.16,26.95,26.62,0.05,155,27.00
1215.741054534912,28.23,27.16,26.95,26.64,0.05,155,27.00
1216.2929999828339,28.23,27.16,26.95,26.64,0.05,155,27.00
1216.7526314258575,28.23,27.16,26.95,26.62,0.05,155,27.00
1217.2968878746033,28.18,27.10,26.95,26.62,0.05,155,27.00
1217.7633635997772,28.23,27.16,26.95,26.62,0.05,155,27.00
1218.2987365722656,28.23,27.14,26.95,26.60,0.05,155,27.00
1218.7751400470734,28.23,27.16,26.95,26.64,0.05,155,27.00
1219.3068678379059,28.23,27.14,26.95,26.60,0.05,155,27.00
1219.8317639827728,28.23,27.16,26.95,26.64,0.05,155,27.00
1220.2909421920776,28.25,27.16,26.95,26.64,0.05,155,27.00
1220.8316242694855,28.25,27.16,26.95,26.64,0.05,155,27.00
1221.3029263019562,28.27,27.16,26.95,26.62,0.05,155,27.00
1221.8425195217133,28.25,27.16,26.95,26.64,0.05,155,27.00
1222.3141388893127,28.23,27.14,26.95,26.60,0.05,155,27.00
1222.85480260849,28.25,27.16,26.95,26.64,0.05,155,27.00
1223.3256812095642,28.25,27.16,26.95,26.62,0.05,155,27.00
1223.8711848258972,28.23,27.16,26.95,26.64,0.05,155,27.00
1224.3365080356598,28.25,27.16,26.95,26.64,0.05,155,27.00
1224.8831911087036,28.23,27.12,26.95,26.58,0.05,155,27.00
1225.3476226329803,28.23,27.14,26.95,26.62,0.05,155,27.00
1225.898737192154,28.25,27.14,26.95,26.62,0.05,155,27.00
1226.3585498332977,28.23,27.16,26.95,26.62,0.05,155,27.00
1226.8640577793121,28.18,27.16,26.95,26.62,0.05,155,27.00
1227.4014625549316,28.23,27.14,26.95,26.62,0.05,155,27.00
1227.8749182224274,28.23,27.14,26.94,26.60,0.05,155,27.00
1228.439156293869,28.23,27.14,26.94,26.62,0.05,155,27.00
1228.886543750763,28.23,27.14,26.94,26.62,0.05,155,27.00
1229.431999206543,28.23,27.14,26.94,26.64,0.05,155,27.00
1229.8978371620178,28.20,27.14,26.94,26.64,0.06,155,27.00
1230.4483013153076,28.18,27.10,26.94,26.58,0.06,155,27.00
1230.9089217185974,28.18,27.14,26.94,26.62,0.06,155,27.00
1231.4639887809753,28.16,27.08,26.94,26.58,0.06,155,27.00
1231.9193739891052,28.23,27.12,26.94,26.62,0.06,156,27.00
1232.4618484973907,28.16,27.10,26.94,26.64,0.06,156,27.00
1232.9312875270844,28.20,27.14,26.94,26.62,0.06,156,27.00
1233.4884417057037,28.23,27.14,26.94,26.62,0.06,156,27.00
1233.9428544044495,28.20,27.12,26.94,26.60,0.06,156,27.00
1234.5059394836426,28.20,27.12,26.94,26.60,0.06,156,27.00
1234.9613728523254,28.20,27.14,26.94,26.62,0.06,156,27.00
1235.502937555313,28.20,27.12,26.94,26.62,0.06,156,27.00
1235.964031457901,28.20,27.12,26.94,26.62,0.06,156,27.00
1236.5031049251556,28.23,27.14,26.94,26.62,0.06,156,27.00
1236.9755730628967,28.20,27.14,26.94,26.64,0.06,156,27.00
1237.48184633255,28.14,27.16,26.94,26.62,0.06,156,27.00
1238.0078468322754,28.18,27.10,26.94,26.58,0.06,156,27.00
1238.5485672950745,28.23,27.14,26.94,26.62,0.06,156,27.00
1238.9978201389313,28.20,27.12,26.94,26.62,0.06,156,27.00
1239.5027959346771,28.23,27.16,26.94,26.64,0.06,156,27.00
1240.0275654792786,28.18,27.12,26.94,26.58,0.06,156,27.00
1240.5150537490845,28.18,27.12,26.93,26.62,0.06,156,27.00
1241.061601638794,28.20,27.14,26.93,26.62,0.06,156,27.00
1241.5252003669739,28.18,27.16,26.93,26.62,0.06,156,27.00
1242.0685801506042,28.20,27.14,26.93,26.62,0.07,156,27.00
1242.5373294353485,28.18,27.10,26.93,26.62,0.07,156,27.00
1243.073166847229,28.23,27.14,26.93,26.62,0.07,156,27.00
1243.5475997924805,28.23,27.14,26.93,26.64,0.07,156,27.00
1244.0901963710785,28.23,27.12,26.93,26.60,0.07,156,27.00
1244.559752702713,28.23,27.14,26.93,26.64,0.07,156,27.00
1245.1058611869812,28.20,27.10,26.93,26.64,0.07,156,27.00
1245.6282727718353,28.25,27.14,26.93,26.62,0.07,156,27.00
1246.0765347480774,28.27,27.12,26.93,26.60,0.07,156,27.00
1246.623913526535,28.25,27.12,26.93,26.58,0.07,156,27.00
1247.0865454673767,28.23,27.10,26.93,26.58,0.07,156,27.00
1247.5928308963776,28.23,27.10,26.93,26.60,0.07,156,27.00
1248.1470816135406,28.29,27.14,26.93,26.62,0.07,156,27.00
1248.6030130386353,28.27,27.10,26.93,26.60,0.07,156,27.00
1249.1585927009583,28.25,27.10,26.93,26.58,0.07,156,27.00
1249.6148674488068,28.25,27.14,26.93,26.62,0.07,156,27.00
1250.120536327362,28.27,27.14,26.93,26.64,0.07,156,27.00
1250.640584230423,28.25,27.10,26.93,26.60,0.07,156,27.00
1251.1878654956818,28.27,27.12,26.93,26.62,0.07,156,27.00
1251.6371569633484,28.25,27.10,26.93,26.58,0.07,156,27.00
1252.1752891540527,28.29,27.12,26.93,26.62,0.07,156,27.00
1252.6480460166931,28.27,27.12,26.93,26.62,0.07,156,27.00
1253.187617301941,28.29,27.12,26.93,26.62,0.07,156,27.00
1253.659591436386,28.23,27.06,26.92,26.62,0.07,156,27.00
1254.2078907489777,28.29,27.12,26.92,26.62,0.08,156,27.00
1254.6706154346466,28.23,27.06,26.92,26.62,0.08,156,27.00
1255.194808959961,28.27,27.10,26.92,26.60,0.08,156,27.00
1255.7259736061096,28.27,27.12,26.92,26.62,0.08,156,27.00
1256.1869094371796,28.29,27.12,26.92,26.62,0.08,156,27.00
1256.7275490760803,28.29,27.12,26.92,26.62,0.08,156,27.00
1257.251523733139,28.27,27.10,26.92,26.60,0.08,156,27.00
1257.7032995224,28.31,27.10,26.92,26.60,0.08,156,27.00
1258.2318749427795,28.27,27.06,26.92,26.56,0.08,156,27.00
1258.771594285965,28.31,27.12,26.92,26.62,0.08,156,27.00
1259.243938922882,28.33,27.10,26.92,26.60,0.08,156,27.00
1259.7717969417572,28.31,27.10,26.92,26.60,0.08,156,27.00
1260.23202586174,28.33,27.10,26.92,26.62,0.08,156,27.00
1260.7698204517365,28.31,27.08,26.92,26.60,0.08,156,27.00
1261.242465019226,28.33,27.10,26.92,26.60,0.08,156,27.00
1261.7838201522827,28.31,27.08,26.92,26.56,0.08,156,27.00
1262.2541453838348,28.31,27.06,26.92,26.64,0.08,156,27.00
1262.7815494537354,28.33,27.06,26.92,26.58,0.08,156,27.00
1263.2655053138733,28.33,27.12,26.92,26.60,0.08,156,27.00
1263.8129606246948,28.33,27.12,26.92,26.62,0.08,156,27.00
1264.2766332626343,28.42,27.12,26.92,26.62,0.08,156,27.00
1264.8268475532532,28.33,27.10,26.92,26.62,0.08,156,27.00
1265.2878518104553,28.37,27.10,26.92,26.60,0.08,156,27.00
1265.836131811142,28.37,27.10,26.92,26.58,0.08,156,27.00
1266.2980830669403,28.37,27.10,26.92,26.58,0.08,156,27.00
1266.835211277008,28.37,27.08,26.92,26.56,0.08,156,27.00
1267.3105556964874,28.37,27.12,26.92,26.60,0.08,156,27.00
1267.816035747528,28.37,27.10,26.92,26.60,0.08,156,27.00
1268.375862121582,28.40,27.10,26.92,26.60,0.08,156,27.00
1268.834279537201,28.40,27.10,26.92,26.60,0.08,156,27.00
1269.3892178535461,28.37,27.10,26.92,26.58,0.08,156,27.00
1269.8378159999847,28.35,27.04,26.92,26.60,0.08,156,27.00
1270.3440401554108,28.42,27.12,26.92,26.60,0.08,156,27.00
1270.8943367004395,28.37,27.06,26.92,26.54,0.08,156,27.00
1271.3549330234528,28.40,27.08,26.92,26.58,0.08,156,27.00
1271.9090313911438,28.42,27.12,26.92,26.60,0.08,156,27.00
1272.365863084793,28.42,27.10,26.92,26.60,0.08,156,27.00
1272.870896577835,28.40,27.12,26.92,26.58,0.08,156,27.00
1273.4325246810913,28.37,27.06,26.92,26.56,0.08,156,27.00
1273.881716966629,28.40,27.12,26.92,26.58,0.08,156,27.00
1274.4296326637268,28.40,27.14,26.92,26.60,0.08,156,27.00
1274.8940675258636,28.35,27.12,26.92,26.58,0.08,156,27.00
1275.4458668231964,28.35,27.12,26.92,26.58,0.08,156,27.00
1275.9262256622314,28.35,27.12,26.92,26.56,0.08,156,27.00
1276.4107666015625,28.33,27.08,26.92,26.56,0.08,156,27.00
1276.9566807746887,28.37,27.12,26.92,26.58,0.08,156,27.00
1277.4219572544098,28.40,27.12,26.92,26.56,0.08,156,27.00
1277.9688427448273,28.37,27.10,26.92,26.54,0.08,156,27.00
1278.4328408241272,28.37,27.08,26.92,26.54,0.08,156,27.00
1278.9950387477875,28.40,27.14,26.92,26.58,0.08,156,27.00
1279.4428133964539,28.42,27.12,26.92,26.60,0.08,156,27.00
1279.9962496757507,28.42,27.12,26.92,26.58,0.08,156,27.00
1280.4543635845184,28.44,27.14,26.92,26.60,0.08,156,27.00
1281.0095484256744,28.42,27.12,26.93,26.58,0.08,156,27.00
1281.4650659561157,28.40,27.10,26.93,26.56,0.08,156,27.00
1282.006704568863,28.40,27.12,26.93,26.60,0.08,156,27.00
1282.4775521755219,28.33,27.14,26.93,26.60,0.07,156,27.00
1283.0338785648346,28.40,27.14,26.93,26.62,0.07,156,27.00
1283.4876556396484,28.37,27.12,26.93,26.60,0.07,156,27.00
1284.031818151474,28.35,27.10,26.93,26.62,0.07,156,27.00
1284.5538911819458,28.35,27.10,26.93,26.62,0.07,156,27.00
1285.0048940181732,28.33,27.12,26.93,26.64,0.07,156,27.00
1285.539540529251,28.33,27.12,26.93,26.64,0.07,156,27.00
1286.066864490509,28.31,27.08,26.93,26.58,0.07,156,27.00
1286.5218679904938,28.29,27.08,26.93,26.58,0.07,156,27.00
1287.0659673213959,28.33,27.12,26.93,26.62,0.07,156,27.00
1287.532862663269,28.33,27.12,26.93,26.64,0.07,156,27.00
1288.0869936943054,28.33,27.12,26.93,26.64,0.07,156,27.00
1288.544711112976,28.31,27.10,26.93,26.62,0.07,156,27.00
1289.0955159664154,28.33,27.12,26.93,26.62,0.07,156,27.00
1289.5552954673767,28.31,27.12,26.93,26.62,0.07,156,27.00
1290.087168931961,28.35,27.14,26.93,26.64,0.07,156,27.00
1290.6246182918549,28.33,27.10,26.93,26.62,0.07,156,27.00
1291.0717658996582,28.35,27.10,26.93,26.58,0.07,156,27.00
1291.6074895858765,28.40,27.16,26.93,26.64,0.07,156,27.00
1292.0828440189362,28.37,27.14,26.94,26.62,0.07,156,27.00
1292.6409134864807,28.42,27.16,26.94,26.62,0.06,156,27.00
1293.0934796333313,28.42,27.18,26.94,26.62,0.06,156,27.00
1293.6348948478699,28.40,27.18,26.94,26.60,0.06,156,27.00
1294.105146408081,28.40,27.18,26.94,26.60,0.06,156,27.00
1294.6116456985474,28.37,27.18,26.94,26.62,0.06,156,27.00
1295.1535727977753,28.40,27.25,26.94,26.62,0.06,156,27.00
1295.6223866939545,28.40,27.23,26.94,26.62,0.06,156,27.00
1296.1659061908722,28.42,27.25,26.95,26.64,0.06,156,27.00
1296.6339037418365,28.37,27.23,26.95,26.64,0.05,156,27.00
1297.2055792808533,28.44,27.27,26.95,26.62,0.05,156,27.00
1297.6529610157013,28.44,27.29,26.95,26.62,0.05,156,27.00
1298.2024939060211,28.40,27.27,26.95,26.64,0.05,156,27.00
1298.6655488014221,28.44,27.27,26.96,26.58,0.05,156,27.00
1299.2170729637146,28.44,27.31,26.96,26.62,0.05,156,27.00
1299.6665289402008,28.42,27.31,26.96,26.60,0.05,156,27.00
1300.19437789917,28.44,27.27,26.96,26.58,0.05,156,27.00
1300.6778407096863,28.46,27.33,26.97,26.62,0.04,156,27.00
1301.2098286151886,28.50,27.31,26.97,26.58,0.04,156,27.00
1301.6894900798798,28.52,27.33,26.97,26.62,0.04,156,27.00
1302.2186694145203,28.55,27.35,26.97,26.62,0.04,156,27.00
1302.70024061203,28.55,27.33,26.98,26.64,0.03,156,27.00
1303.2315390110016,28.57,27.35,26.98,26.64,0.03,156,27.00
1303.7116091251373,28.59,27.35,26.98,26.64,0.03,156,27.00
1304.2785956859589,28.61,27.35,26.99,26.64,0.03,156,27.00
1304.721709728241,28.65,27.37,26.99,26.66,0.01,155,27.00
1305.2718863487244,28.63,27.37,26.99,26.66,0.01,155,27.00
1305.7332394123077,28.63,27.37,26.99,26.64,0.01,155,27.00
1306.3008193969727,28.63,27.40,27.00,26.66,0.01,155,27.00
1306.7441842556,28.65,27.40,27.00,26.64,0.00,155,27.00
1307.286862373352,28.63,27.44,27.00,26.66,0.00,155,27.00
1307.7549905776978,28.65,27.42,27.01,26.68,0.00,155,27.00
1308.3142576217651,28.67,27.42,27.01,26.66,0.00,155,27.00
1308.7678265571594,28.65,27.44,27.01,26.68,-0.01,155,27.00
1309.312804222107,28.67,27.44,27.02,26.68,-0.01,155,27.00
1309.7795631885529,28.67,27.44,27.02,26.66,-0.01,155,27.00
1310.3108472824097,28.69,27.46,27.02,26.70,-0.01,155,27.00
1310.789663553238,28.69,27.44,27.03,26.68,-0.02,155,27.00
1311.2962465286255,28.72,27.46,27.03,26.68,-0.02,155,27.00
1311.847268819809,28.72,27.46,27.03,26.70,-0.02,155,27.00
1312.3062076568604,28.72,27.46,27.04,26.70,-0.02,155,27.00
1312.861418247223,28.74,27.48,27.04,26.72,-0.04,154,27.00
1313.3175523281097,28.69,27.46,27.04,26.68,-0.04,154,27.00
1313.8569288253784,28.74,27.48,27.05,26.72,-0.04,154,27.00
1314.3293151855469,28.72,27.48,27.05,26.72,-0.04,154,27.00
1314.8915865421295,28.74,27.50,27.06,26.72,-0.05,154,27.00
1315.3403034210205,28.67,27.46,27.06,26.75,-0.05,154,27.00
1315.8869771957397,28.74,27.50,27.06,26.72,-0.05,154,27.00
1316.3507859706879,28.69,27.50,27.07,26.72,-0.05,154,27.00
1316.9147624969482,28.74,27.52,27.07,26.75,-0.07,154,27.00
1317.3619093894958,28.74,27.50,27.07,26.75,-0.07,154,27.00
1317.9064843654633,28.72,27.48,27.08,26.72,-0.07,154,27.00
1318.3738706111908,28.76,27.54,27.08,26.75,-0.07,154,27.00
1318.9087750911713,28.74,27.54,27.08,26.75,-0.08,154,27.00
1319.384973526001,28.74,27.56,27.09,26.77,-0.08,154,27.00
1319.890962600708,28.72,27.52,27.09,26.72,-0.08,154,27.00
1320.395515680313,28.74,27.56,27.09,26.77,-0.08,154,27.00
1320.9448792934418,28.76,27.59,27.10,26.77,-0.09,153,27.00
1321.4071280956268,28.74,27.59,27.10,26.77,-0.09,153,27.00
1321.912823677063,28.74,27.59,27.11,26.81,-0.09,153,27.00
1322.4475510120392,28.74,27.59,27.11,26.79,-0.09,153,27.00
1322.923579454422,28.76,27.59,27.11,26.79,-0.11,153,27.00
1323.4296548366547,28.74,27.61,27.12,26.83,-0.11,153,27.00
1323.9888534545898,28.74,27.61,27.12,26.81,-0.11,153,27.00
1324.4405410289764,28.74,27.61,27.13,26.83,-0.11,153,27.00
1324.9465460777283,28.74,27.61,27.13,26.83,-0.13,153,27.00
1325.4898524284363,28.74,27.61,27.13,26.83,-0.13,153,27.00
1326.015864610672,28.72,27.59,27.14,26.79,-0.13,153,27.00
1326.4769167900085,28.74,27.61,27.14,26.85,-0.13,153,27.00
1327.0242381095886,28.74,27.63,27.14,26.87,-0.14,152,27.00
1327.473976135254,28.74,27.63,27.15,26.87,-0.14,152,27.00
1328.0026183128357,28.76,27.63,27.15,26.89,-0.14,152,27.00
1328.4855387210846,28.76,27.65,27.15,26.89,-0.14,152,27.00
1329.0209095478058,28.74,27.65,27.16,26.89,-0.15,152,27.00
1329.4965274333954,28.76,27.63,27.16,26.87,-0.15,152,27.00
1330.0328168869019,28.74,27.67,27.17,26.91,-0.15,152,27.00
1330.5546214580536,28.74,27.67,27.17,26.89,-0.15,152,27.00
1331.013022184372,28.78,27.63,27.17,26.85,-0.17,152,27.00
1331.5449168682098,28.80,27.65,27.18,26.89,-0.17,152,27.00
1332.024593114853,28.80,27.67,27.18,26.89,-0.17,152,27.00
1332.5860166549683,28.82,27.69,27.18,26.91,-0.17,152,27.00
1333.0360062122345,28.82,27.69,27.19,26.91,-0.18,151,27.00
1333.5838470458984,28.82,27.69,27.19,26.89,-0.18,151,27.00
1334.046526670456,28.82,27.69,27.19,26.89,-0.18,151,27.00
1334.59628367424,28.82,27.69,27.20,26.89,-0.18,151,27.00
1335.0574128627777,28.78,27.69,27.20,26.94,-0.20,151,27.00
1335.6258835792542,28.84,27.71,27.20,26.91,-0.20,151,27.00
1336.0685498714447,28.82,27.69,27.21,26.91,-0.20,151,27.00
1336.6250276565552,28.82,27.71,27.21,26.94,-0.20,151,27.00
1337.0798480510712,28.76,27.71,27.22,26.94,-0.21,151,27.00
1337.5859923362732,28.82,27.73,27.22,26.94,-0.21,151,27.00
1338.141887664795,28.80,27.71,27.22,26.94,-0.21,151,27.00
1338.5965270996094,28.80,27.71,27.23,26.94,-0.21,151,27.00
1339.1619367599487,28.80,27.69,27.23,26.94,-0.23,150,27.00
1339.6068875789642,28.80,27.71,27.23,26.94,-0.23,150,27.00
1340.1625473499298,28.78,27.69,27.23,26.91,-0.23,150,27.00
1340.6180839538574,28.78,27.71,27.24,26.94,-0.23,150,27.00
1341.1617903709412,28.78,27.71,27.24,26.96,-0.24,150,27.00
1341.6301276683807,28.74,27.67,27.24,26.89,-0.24,150,27.00
1342.162829875946,28.78,27.73,27.25,26.96,-0.24,150,27.00
1342.6409392356873,28.72,27.65,27.25,26.89,-0.24,150,27.00
1343.1929256916046,28.76,27.71,27.25,26.96,-0.25,150,27.00
1343.6516461372375,28.76,27.71,27.25,26.96,-0.25,150,27.00
1344.1972196102142,28.76,27.73,27.26,26.98,-0.25,150,27.00
1344.663991689682,28.74,27.71,27.26,26.94,-0.25,150,27.00
1345.2169671058655,28.72,27.71,27.26,26.96,-0.26,150,27.00
1345.6741933822632,28.74,27.73,27.26,26.98,-0.26,150,27.00
1346.2318089008331,28.72,27.73,27.27,26.96,-0.26,150,27.00
1346.6853353977203,28.69,27.69,27.27,26.96,-0.26,150,27.00
1347.2495846748352,28.69,27.71,27.27,26.98,-0.27,149,27.00
1347.6965262889862,28.72,27.76,27.27,26.98,-0.27,149,27.00
1348.2588908672333,28.72,27.76,27.27,26.96,-0.27,149,27.00
1348.707914352417,28.67,27.73,27.28,26.94,-0.27,149,27.00
1349.2401530742645,28.74,27.78,27.28,27.02,-0.28,149,27.00
1349.7194294929504,28.69,27.80,27.28,27.00,-0.28,149,27.00
1350.2720756530762,28.72,27.80,27.29,27.02,-0.28,149,27.00
1350.7308905124664,28.69,27.80,27.29,27.02,-0.28,149,27.00
1351.2727546691895,28.69,27.80,27.29,27.04,-0.29,149,27.00
1351.7416043281555,28.67,27.80,27.29,27.04,-0.29,149,27.00
1352.299646139145,28.67,27.82,27.30,27.06,-0.29,149,27.00
1352.7518410682678,28.67,27.80,27.30,27.06,-0.29,149,27.00
1353.2998192310333,28.69,27.82,27.30,27.04,-0.30,148,27.00
1353.7639608383179,28.69,27.82,27.30,27.04,-0.30,148,27.00
1354.2995491027832,28.72,27.84,27.31,27.06,-0.30,148,27.00
1354.8306317329407,28.67,27.82,27.31,27.06,-0.30,148,27.00
1355.2810451984406,28.67,27.82,27.31,27.06,-0.31,148,27.00
1355.834664106369,28.67,27.80,27.32,27.04,-0.31,148,27.00
1356.292076587677,28.69,27.84,27.32,27.08,-0.31,148,27.00
1356.842934370041,28.72,27.84,27.32,27.08,-0.31,148,27.00
1357.3028371334076,28.67,27.82,27.32,27.06,-0.32,148,27.00
1357.807806968689,28.67,27.82,27.32,27.08,-0.32,148,27.00
1358.313517332077,28.69,27.86,27.33,27.10,-0.32,148,27.00
1358.8581776618958,28.65,27.80,27.33,27.08,-0.32,148,27.00
1359.3254833221436,28.67,27.86,27.33,27.10,-0.33,148,27.00
1359.8728411197662,28.67,27.86,27.33,27.10,-0.33,148,27.00
1360.3362171649933,28.63,27.84,27.34,27.12,-0.33,148,27.00
1360.8933429718018,28.63,27.86,27.34,27.10,-0.33,148,27.00
1361.3474447727203,28.65,27.86,27.34,27.12,-0.34,147,27.00
1361.8524887561798,28.65,27.82,27.34,27.10,-0.34,147,27.00
1362.3982219696045,28.67,27.86,27.34,27.15,-0.34,147,27.00
1362.8635623455048,28.67,27.82,27.35,27.10,-0.34,147,27.00
1363.39528799057,28.67,27.82,27.35,27.12,-0.35,147,27.00
1363.9361629486084,28.72,27.82,27.35,27.12,-0.35,147,27.00
1364.3801398277283,28.67,27.82,27.35,27.12,-0.35,147,27.00
1364.933878660202,28.67,27.82,27.35,27.10,-0.35,147,27.00
1365.3914997577667,28.69,27.84,27.35,27.15,-0.35,147,27.00
1365.9327054023743,28.63,27.86,27.35,27.12,-0.35,147,27.00
1366.4038643836975,28.69,27.82,27.35,27.12,-0.35,147,27.00
1366.9473605155945,28.67,27.82,27.36,27.12,-0.35,147,27.00
1367.4137842655182,28.65,27.80,27.36,27.10,-0.36,147,27.00
1367.9551105499268,28.67,27.82,27.36,27.12,-0.36,147,27.00
1368.4248082637787,28.67,27.84,27.36,27.17,-0.36,147,27.00
1368.9679980278015,28.67,27.84,27.36,27.15,-0.36,147,27.00
1369.4365451335907,28.67,27.82,27.36,27.15,-0.36,146,27.00
1369.9607300758362,28.69,27.86,27.36,27.15,-0.36,146,27.00
1370.492411851883,28.67,27.84,27.36,27.15,-0.36,146,27.00
1370.953626871109,28.69,27.84,27.36,27.12,-0.36,146,27.00
1371.4902954101562,28.63,27.80,27.37,27.15,-0.36,146,27.00
1371.9647769927979,28.69,27.86,27.37,27.15,-0.36,146,27.00
1372.488576412201,28.67,27.84,27.37,27.12,-0.36,146,27.00
1372.9760131835938,28.61,27.86,27.37,27.15,-0.36,146,27.00
1373.4809322357178,28.65,27.84,27.37,27.15,-0.37,146,27.00
1374.039264202118,28.65,27.86,27.37,27.17,-0.37,146,27.00
1374.5018928050995,28.61,27.82,27.37,27.12,-0.37,146,27.00
1375.0569307804108,28.59,27.84,27.37,27.15,-0.37,146,27.00
1375.5029695034027,28.57,27.84,27.37,27.17,-0.37,146,27.00
1376.0572423934937,28.57,27.84,27.37,27.17,-0.37,146,27.00
1376.5153329372406,28.57,27.86,27.37,27.17,-0.37,146,27.00
1377.069658756256,28.55,27.84,27.37,27.17,-0.37,146,27.00
1377.5303444862366,28.55,27.84,27.38,27.15,-0.37,146,27.00
1378.031661272049,28.52,27.84,27.38,27.17,-0.37,146,27.00
1378.572909116745,28.52,27.80,27.38,27.12,-0.37,146,27.00
1379.0420348644257,28.57,27.84,27.38,27.17,-0.37,146,27.00
1379.573834657669,28.55,27.82,27.38,27.17,-0.38,146,27.00
1380.1119577884674,28.55,27.84,27.38,27.19,-0.38,146,27.00
1380.558832168579,28.55,27.80,27.38,27.15,-0.38,146,27.00
1381.1120171546936,28.55,27.84,27.38,27.17,-0.38,146,27.00
1381.5705676078796,28.55,27.80,27.38,27.15,-0.38,145,27.00
1382.1278476715088,28.55,27.82,27.38,27.15,-0.38,145,27.00
1382.5807988643646,28.55,27.82,27.38,27.15,-0.38,145,27.00
1383.1440353393555,28.52,27.80,27.38,27.12,-0.38,145,27.00
1383.5928392410278,28.57,27.82,27.38,27.15,-0.38,145,27.00
1384.1547141075134,28.55,27.84,27.38,27.17,-0.38,145,27.00
1384.6038975715637,28.50,27.78,27.38,27.10,-0.38,145,27.00
1385.1513841152191,28.55,27.82,27.38,27.17,-0.38,145,27.00
1385.6249108314514,28.55,27.82,27.38,27.15,-0.38,145,27.00
1386.17955160141,28.52,27.82,27.38,27.15,-0.38,145,27.00
1386.6263144016266,28.48,27.86,27.38,27.17,-0.38,145,27.00
1387.1585190296173,28.50,27.82,27.38,27.15,-0.38,145,27.00
1387.6596455574036,28.52,27.84,27.38,27.17,-0.38,145,27.00
1388.142860174179,28.52,27.82,27.38,27.15,-0.38,145,27.00
1388.7189633846283,28.52,27.84,27.38,27.17,-0.38,145,27.00
1389.2058033943176,28.55,27.84,27.38,27.17,-0.38,145,27.00
1389.6601116657257,28.48,27.84,27.38,27.19,-0.38,145,27.00
1390.165424823761,28.48,27.84,27.38,27.17,-0.38,145,27.00
1390.727944612503,28.48,27.84,27.38,27.19,-0.38,145,27.00
1391.1892778873444,28.46,27.84,27.38,27.19,-0.38,145,27.00
1391.7286212444305,28.42,27.80,27.38,27.21,-0.38,145,27.00
1392.1877629756927,28.40,27.86,27.38,27.19,-0.38,145,27.00
1392.729373216629,28.44,27.84,27.38,27.21,-0.38,145,27.00
1393.1986548900604,28.44,27.84,27.38,27.21,-0.38,145,27.00
1393.7044446468353,28.40,27.86,27.38,27.21,-0.38,145,27.00
1394.26788854599,28.42,27.82,27.38,27.21,-0.38,145,27.00
1394.715342760086,28.44,27.84,27.38,27.23,-0.38,145,27.00
1395.2205080986023,28.44,27.86,27.37,27.23,-0.38,145,27.00
1395.7263629436493,28.42,27.84,27.37,27.23,-0.37,145,27.00
1396.2794959545135,28.40,27.84,27.37,27.23,-0.37,145,27.00
1396.7376017570496,28.37,27.82,27.37,27.25,-0.37,145,27.00
1397.2948307991028,28.40,27.84,27.37,27.25,-0.37,145,27.00
1397.7496938705444,28.40,27.86,27.37,27.27,-0.37,145,27.00
1398.303915977478,28.42,27.86,27.37,27.27,-0.37,145,27.00
1398.7597708702087,28.40,27.82,27.37,27.21,-0.37,145,27.00
1399.3195650577545,28.42,27.86,27.37,27.25,-0.37,145,27.00
1399.77050948143,28.42,27.84,27.37,27.25,-0.37,144,27.00
1400.316124200821,28.40,27.78,27.37,27.25,-0.37,144,27.00
1400.7825393676758,28.44,27.82,27.37,27.23,-0.37,144,27.00
1401.3382239341736,28.44,27.82,27.37,27.23,-0.37,144,27.00
1401.7928721904755,28.44,27.84,27.37,27.23,-0.37,144,27.00
1402.3528876304626,28.46,27.84,27.37,27.25,-0.37,144,27.00
1402.8077521324158,28.44,27.82,27.37,27.23,-0.37,144,27.00
1403.3476343154907,28.40,27.82,27.37,27.25,-0.37,144,27.00
1403.8156068325043,28.40,27.78,27.37,27.23,-0.37,144,27.00
1404.336107492447,28.44,27.82,27.36,27.21,-0.37,144,27.00
1404.8849303722382,28.44,27.82,27.36,27.23,-0.37,144,27.00
1405.3313336372375,28.44,27.80,27.36,27.23,-0.37,144,27.00
1405.8899056911469,28.42,27.76,27.36,27.19,-0.36,144,27.00
1406.342966079712,28.42,27.78,27.36,27.19,-0.36,144,27.00
1406.8962044715881,28.44,27.80,27.36,27.19,-0.36,144,27.00
1407.3658516407013,28.40,27.73,27.36,27.19,-0.36,144,27.00
1407.8596496582031,28.42,27.78,27.36,27.19,-0.36,144,27.00
1408.4225165843964,28.42,27.78,27.35,27.19,-0.36,144,27.00
1408.870772600174,28.42,27.78,27.35,27.19,-0.36,144,27.00
1409.4185688495636,28.44,27.78,27.35,27.19,-0.36,144,27.00
1409.882838010788,28.42,27.78,27.35,27.19,-0.35,144,27.00
1410.4316763877869,28.42,27.78,27.35,27.19,-0.35,144,27.00
1410.893976688385,28.40,27.76,27.35,27.19,-0.35,144,27.00
1411.4366574287415,28.40,27.78,27.35,27.19,-0.35,144,27.00
1411.90487408638,28.40,27.78,27.35,27.17,-0.35,144,27.00
1412.432106256485,28.40,27.76,27.34,27.19,-0.35,144,27.00
1412.9158420562744,28.35,27.80,27.34,27.19,-0.35,144,27.00
1413.4418387413025,28.40,27.78,27.34,27.17,-0.35,144,27.00
1413.927743434906,28.40,27.80,27.34,27.19,-0.34,144,27.00
1414.4716408252716,28.40,27.78,27.34,27.19,-0.34,144,27.00
1414.9383895397186,28.37,27.76,27.34,27.19,-0.34,144,27.00
1415.487753868103,28.35,27.73,27.34,27.15,-0.34,144,27.00
1415.9494500160217,28.40,27.76,27.34,27.17,-0.34,144,27.00
1416.4914293289185,28.37,27.76,27.34,27.17,-0.34,144,27.00
1416.9598407745361,28.37,27.78,27.33,27.17,-0.34,144,27.00
1417.4988460540771,28.33,27.73,27.33,27.15,-0.34,144,27.00
1417.9722166061401,28.31,27.80,27.33,27.19,-0.33,144,27.00
1418.4964327812195,28.29,27.80,27.33,27.19,-0.33,144,27.00
1418.9828579425812,28.35,27.78,27.33,27.19,-0.33,144,27.00
1419.5256712436676,28.33,27.78,27.33,27.19,-0.33,144,27.00
1419.9937343597412,28.33,27.80,27.33,27.21,-0.33,144,27.00
1420.546998500824,28.33,27.80,27.33,27.21,-0.33,144,27.00
1421.0051400661469,28.31,27.80,27.33,27.21,-0.33,144,27.00
1421.5449802875519,28.29,27.78,27.33,27.17,-0.33,144,27.00
1422.0163860321045,28.31,27.80,27.33,27.21,-0.33,144,27.00
1422.575532913208,28.31,27.78,27.32,27.19,-0.33,144,27.00
1423.0277211666107,28.31,27.80,27.32,27.21,-0.33,144,27.00
1423.569855928421,28.31,27.80,27.32,27.21,-0.33,144,27.00
1424.0387244224548,28.29,27.78,27.32,27.17,-0.32,144,27.00
1424.5875506401062,28.27,27.78,27.32,27.17,-0.32,144,27.00
1425.049557209015,28.31,27.80,27.32,27.21,-0.32,144,27.00
1425.5848603248596,28.29,27.80,27.32,27.21,-0.32,144,27.00
1426.0609683990479,28.31,27.82,27.32,27.23,-0.32,144,27.00
1426.6018595695496,28.29,27.80,27.32,27.21,-0.32,144,27.00
1427.0709085464478,28.27,27.76,27.32,27.17,-0.32,144,27.00
1427.6150279045105,28.31,27.80,27.32,27.21,-0.32,144,27.00
1428.0837051868439,28.29,27.80,27.32,27.21,-0.32,144,27.00
1428.6165969371796,28.29,27.80,27.31,27.21,-0.32,144,27.00
1429.0940053462982,28.31,27.80,27.31,27.21,-0.32,144,27.00
1429.6259903907776,28.29,27.78,27.31,27.17,-0.32,144,27.00
1430.1055908203125,28.29,27.78,27.31,27.21,-0.31,144,27.00
1430.611468553543,28.29,27.80,27.31,27.21,-0.31,144,27.00
1431.1539235115051,28.31,27.80,27.31,27.21,-0.31,144,27.00
1431.6218457221985,28.31,27.80,27.31,27.23,-0.31,144,27.00
1432.157348871231,28.33,27.78,27.31,27.21,-0.31,144,27.00
1432.6848139762878,28.31,27.78,27.31,27.17,-0.31,144,27.00
1433.1388647556305,28.31,27.76,27.31,27.23,-0.31,144,27.00
1433.6955544948578,28.31,27.82,27.31,27.21,-0.31,144,27.00
1434.1500341892242,28.37,27.78,27.31,27.19,-0.31,144,27.00
1434.685154914856,28.33,27.78,27.30,27.17,-0.31,144,27.00
1435.1615133285522,28.33,27.78,27.30,27.19,-0.31,144,27.00
1435.6929943561554,28.35,27.80,27.30,27.21,-0.31,144,27.00
1436.1728422641754,28.33,27.76,27.30,27.17,-0.30,144,27.00
1436.7241730690002,28.29,27.71,27.30,27.23,-0.30,144,27.00
1437.1828353404999,28.35,27.76,27.30,27.19,-0.30,144,27.00
1437.735851764679,28.33,27.73,27.30,27.15,-0.30,144,27.00
1438.1945943832397,28.35,27.76,27.30,27.17,-0.30,144,27.00
1438.750193119049,28.35,27.78,27.29,27.19,-0.30,144,27.00
1439.2049808502197,28.35,27.78,27.29,27.21,-0.30,144,27.00
1439.749571800232,28.35,27.76,27.29,27.21,-0.30,144,27.00
1440.2171301841736,28.35,27.76,27.29,27.17,-0.29,144,27.00
1440.7628769874573,28.33,27.73,27.29,27.21,-0.29,144,27.00
1441.228073835373,28.31,27.73,27.29,27.15,-0.29,144,27.00
1441.7779610157013,28.31,27.78,27.29,27.19,-0.29,144,27.00
1442.2392563819885,28.31,27.76,27.29,27.19,-0.29,144,27.00
1442.7750458717346,28.25,27.71,27.29,27.21,-0.29,144,27.00
1443.250238418579,28.29,27.78,27.29,27.19,-0.29,144,27.00
1443.786741733551,28.25,27.71,27.28,27.17,-0.29,144,27.00
1444.2616543769836,28.29,27.78,27.28,27.19,-0.28,144,27.00
1444.8013594150543,28.29,27.76,27.28,27.19,-0.28,144,27.00
1445.330415725708,28.27,27.76,27.28,27.17,-0.28,144,27.00
1445.7777891159058,28.29,27.78,27.28,27.19,-0.28,144,27.00
1446.326054096222,28.29,27.76,27.28,27.17,-0.28,144,27.00
1446.7891409397125,28.25,27.73,27.28,27.12,-0.28,144,27.00
1447.32817196846,28.31,27.76,27.28,27.15,-0.28,144,27.00
1447.8595070838928,28.27,27.76,27.28,27.17,-0.28,144,27.00
1448.306333065033,28.25,27.73,27.28,27.15,-0.28,144,27.00
1448.8574233055115,28.25,27.76,27.27,27.17,-0.28,144,27.00
1449.3168880939484,28.29,27.76,27.27,27.15,-0.28,144,27.00
1449.8734247684479,28.27,27.76,27.27,27.17,-0.28,144,27.00
1450.3320860862732,28.29,27.73,27.27,27.15,-0.27,144,27.00
1450.8742082118988,28.29,27.76,27.27,27.17,-0.27,144,27.00
1451.339335680008,28.25,27.71,27.27,27.15,-0.27,144,27.00
1451.882940530777,28.27,27.73,27.27,27.17,-0.27,144,27.00
1452.4061851501465,28.23,27.69,27.27,27.15,-0.27,144,27.00
1452.8554985523224,28.23,27.69,27.27,27.12,-0.27,144,27.00
1453.4195742607117,28.27,27.73,27.26,27.19,-0.27,144,27.00
1453.8677020072937,28.25,27.73,27.26,27.17,-0.27,144,27.00
1454.420566558838,28.27,27.73,27.26,27.15,-0.26,144,27.00
1454.8782799243927,28.25,27.69,27.26,27.12,-0.26,144,27.00
1455.427864074707,28.29,27.73,27.26,27.17,-0.26,144,27.00
1455.8900015354156,28.29,27.71,27.26,27.17,-0.26,144,27.00
1456.4392628669739,28.23,27.69,27.26,27.19,-0.26,144,27.00
1456.900563955307,28.29,27.73,27.26,27.17,-0.26,144,27.00
1457.477651834488,28.27,27.71,27.26,27.12,-0.26,144,27.00
1457.9215972423553,28.25,27.73,27.25,27.15,-0.26,144,27.00
1458.466773033142,28.31,27.73,27.25,27.17,-0.25,144,27.00
1458.9228789806366,28.27,27.73,27.25,27.15,-0.25,144,27.00
1459.482530117035,28.25,27.73,27.25,27.17,-0.25,144,27.00
1459.9336109161377,28.20,27.69,27.25,27.19,-0.25,144,27.00
1460.4769468307495,28.23,27.73,27.25,27.17,-0.25,144,27.00
1460.9498212337494,28.20,27.71,27.25,27.15,-0.25,144,27.00
1461.5058662891388,28.20,27.71,27.25,27.17,-0.25,144,27.00
1461.9567267894745,28.20,27.71,27.25,27.17,-0.25,144,27.00
1462.496083498001,28.14,27.67,27.25,27.19,-0.25,144,27.00
1463.0260570049286,28.18,27.69,27.24,27.17,-0.25,144,27.00
1463.473421573639,28.18,27.71,27.24,27.17,-0.25,144,27.00
1464.0128650665283,28.12,27.67,27.24,27.15,-0.25,144,27.00
1464.4849462509155,28.18,27.73,27.24,27.19,-0.24,144,27.00
1465.0377082824707,28.16,27.71,27.24,27.19,-0.24,144,27.00
1465.49493932724,28.14,27.69,27.24,27.17,-0.24,144,27.00
1466.0408928394318,28.16,27.71,27.24,27.17,-0.24,144,27.00
1466.5065460205078,28.16,27.69,27.24,27.17,-0.24,144,27.00
1467.046046257019,28.16,27.71,27.23,27.19,-0.24,144,27.00
1467.5168118476868,28.14,27.67,27.23,27.12,-0.24,144,27.00
1468.0451436042786,28.14,27.71,27.23,27.17,-0.24,144,27.00
1468.588552236557,28.14,27.69,27.23,27.15,-0.23,144,27.00
1469.0337936878204,28.14,27.71,27.23,27.15,-0.23,144,27.00
1469.5686130523682,28.14,27.69,27.23,27.15,-0.23,144,27.00
1470.044906616211,28.14,27.71,27.23,27.15,-0.23,144,27.00
1470.5998451709747,28.14,27.71,27.23,27.12,-0.23,144,27.00
1471.05655002594,28.14,27.71,27.23,27.15,-0.23,144,27.00
1471.6148710250854,28.14,27.71,27.22,27.15,-0.23,144,27.00
1472.0678181648254,28.14,27.69,27.22,27.15,-0.23,144,27.00
1472.5968708992004,28.14,27.69,27.22,27.15,-0.22,144,27.00
1473.0785105228424,28.14,27.69,27.22,27.12,-0.22,144,27.00
1473.6143310070038,28.14,27.71,27.22,27.15,-0.22,144,27.00
1474.0899426937103,28.14,27.71,27.22,27.15,-0.22,144,27.00
1474.638751745224,28.10,27.67,27.22,27.17,-0.22,144,27.00
1475.1016943454742,28.12,27.69,27.22,27.15,-0.22,144,27.00
1475.6480967998505,28.12,27.69,27.22,27.12,-0.22,144,27.00
1476.11243724823,28.14,27.69,27.21,27.12,-0.22,144,27.00
1476.6706883907318,28.12,27.67,27.21,27.08,-0.21,144,27.00
1477.1228377819061,28.10,27.63,27.21,27.12,-0.21,144,27.00
1477.6710255146027,28.12,27.69,27.21,27.12,-0.21,144,27.00
1478.1348495483398,28.14,27.69,27.21,27.12,-0.21,144,27.00
1478.65398478508,28.14,27.67,27.21,27.08,-0.21,144,27.00
1479.1905801296234,28.16,27.67,27.21,27.08,-0.21,144,27.00
1479.651427745819,28.12,27.65,27.20,27.15,-0.21,144,27.00
1480.1881866455078,28.16,27.67,27.20,27.10,-0.21,144,27.00
1480.7122802734375,28.14,27.69,27.20,27.12,-0.20,144,27.00
1481.1677360534668,28.12,27.67,27.20,27.10,-0.20,144,27.00
1481.7269020080566,28.12,27.67,27.20,27.08,-0.20,144,27.00
1482.1785998344421,28.14,27.67,27.20,27.10,-0.20,144,27.00
1482.7244472503662,28.12,27.67,27.20,27.08,-0.20,144,27.00
1483.1898260116577,28.12,27.67,27.20,27.08,-0.20,144,27.00
1483.7238187789917,28.12,27.67,27.19,27.08,-0.20,144,27.00
1484.2013761997223,28.08,27.67,27.19,27.08,-0.20,144,27.00
1484.736014842987,28.10,27.67,27.19,27.10,-0.19,144,27.00
1485.2126471996307,28.06,27.63,27.19,27.12,-0.19,144,27.00
1485.7484512329102,28.10,27.69,27.19,27.10,-0.19,144,27.00
1486.2238261699677,28.10,27.65,27.19,27.06,-0.19,144,27.00
1486.7788999080658,28.08,27.65,27.19,27.08,-0.19,144,27.00
1487.2345974445343,28.10,27.67,27.19,27.08,-0.19,144,27.00
1487.7862522602081,28.03,27.63,27.18,27.10,-0.19,144,27.00
1488.2479436397552,28.10,27.67,27.18,27.08,-0.19,144,27.00
1488.8034994602203,28.08,27.67,27.18,27.06,-0.18,144,27.00
1489.2577726840973,28.12,27.65,27.18,27.06,-0.18,144,27.00
1489.8025488853455,28.12,27.65,27.18,27.06,-0.18,144,27.00
1490.268673658371,28.14,27.65,27.18,27.08,-0.18,144,27.00
1490.818908214569,28.14,27.65,27.18,27.06,-0.18,144,27.00
1491.2802634239197,28.16,27.65,27.18,27.06,-0.18,144,27.00
1491.8007938861847,28.16,27.63,27.17,27.04,-0.18,144,27.00
1492.3390398025513,28.12,27.63,27.17,27.08,-0.18,144,27.00
1492.7965307235718,28.16,27.65,27.17,27.06,-0.17,144,27.00
1493.3569815158844,28.18,27.65,27.17,27.08,-0.17,144,27.00
1493.8067631721497,28.12,27.61,27.17,27.10,-0.17,144,27.00
1494.3555600643158,28.18,27.65,27.17,27.08,-0.17,144,27.00
1494.8194031715393,28.18,27.65,27.17,27.06,-0.17,144,27.00
1495.3544430732727,28.16,27.63,27.17,27.06,-0.17,144,27.00
1495.8303093910217,28.18,27.63,27.16,27.08,-0.17,144,27.00
1496.3681213855743,28.18,27.65,27.16,27.08,-0.17,144,27.00
1496.8416249752045,28.16,27.63,27.16,27.06,-0.16,144,27.00
1497.3785724639893,28.18,27.65,27.16,27.08,-0.16,144,27.00
1497.8526766300201,28.16,27.63,27.16,27.08,-0.16,144,27.00
1498.4071111679077,28.16,27.63,27.16,27.08,-0.16,144,27.00
1498.863775730133,28.14,27.61,27.16,27.06,-0.16,144,27.00
1499.4088957309723,28.12,27.59,27.16,27.06,-0.16,144,27.00
1499.8743906021118,28.10,27.56,27.15,27.08,-0.16,144,27.00
1500.411818742752,28.14,27.61,27.15,27.06,-0.16,144,27.00
1500.8861281871796,28.12,27.59,27.15,27.08,-0.15,144,27.00
1501.4290659427643,28.12,27.56,27.15,27.04,-0.15,144,27.00
1501.8965265750885,28.10,27.56,27.15,27.08,-0.15,144,27.00
1502.445199251175,28.12,27.61,27.15,27.10,-0.15,144,27.00
1502.9077894687653,28.16,27.61,27.14,27.10,-0.15,144,27.00
1503.4417371749878,28.10,27.56,27.14,27.06,-0.15,144,27.00
1503.978551864624,28.14,27.61,27.14,27.12,-0.15,144,27.00
1504.4239683151245,28.14,27.61,27.14,27.12,-0.15,144,27.00
1504.9623441696167,28.16,27.59,27.14,27.12,-0.14,144,27.00
1505.4359509944916,28.08,27.54,27.14,27.12,-0.14,144,27.00
1505.9608342647552,28.16,27.61,27.14,27.12,-0.14,144,27.00
1506.4471290111542,28.16,27.59,27.14,27.12,-0.14,144,27.00
1506.9875509738922,28.16,27.59,27.13,27.10,-0.14,144,27.00
1507.457818031311,28.16,27.56,27.13,27.12,-0.14,144,27.00
1507.9950802326202,28.18,27.59,27.13,27.10,-0.14,144,27.00
1508.4695105552673,28.16,27.56,27.13,27.10,-0.14,144,27.00
1509.0318005084991,28.12,27.56,27.13,27.08,-0.13,144,27.00
1509.4797940254211,28.16,27.56,27.13,27.08,-0.13,144,27.00
1510.0269739627838,28.16,27.56,27.13,27.06,-0.13,144,27.00
1510.4909598827362,28.18,27.56,27.13,27.08,-0.13,144,27.00
1511.025877714157,28.20,27.59,27.12,27.08,-0.13,144,27.00
1511.501966714859,28.18,27.56,27.12,27.06,-0.13,144,27.00
1512.05242061615,28.18,27.56,27.12,27.04,-0.13,144,27.00
1512.5140376091003,28.14,27.59,27.12,27.04,-0.13,144,27.00
1513.0379922389984,28.14,27.54,27.12,27.06,-0.12,144,27.00
1513.525321483612,28.18,27.56,27.12,27.04,-0.12,144,27.00
1514.073451757431,28.20,27.59,27.12,27.04,-0.12,144,27.00
1514.5352523326874,28.20,27.56,27.12,27.04,-0.12,144,27.00
1515.0958518981934,28.18,27.54,27.12,27.02,-0.12,144,27.00
1515.547610759735,28.18,27.56,27.12,27.04,-0.12,144,27.00
1516.0785672664642,28.16,27.56,27.11,27.02,-0.12,144,27.00
1516.5588216781616,28.16,27.56,27.11,27.00,-0.12,144,27.00
1517.0967745780945,28.18,27.59,27.11,27.04,-0.11,144,27.00
1517.5699727535248,28.16,27.56,27.11,27.00,-0.11,144,27.00
1518.1028456687927,28.16,27.59,27.11,27.04,-0.11,144,27.00
1518.580599308014,28.10,27.54,27.11,27.04,-0.11,144,27.00
1519.140905380249,28.14,27.59,27.11,27.02,-0.11,144,27.00
1519.596190214157,28.14,27.59,27.11,27.02,-0.11,144,27.00
1520.1476740837097,28.14,27.59,27.11,27.00,-0.11,144,27.00
1520.603366613388,28.14,27.59,27.11,27.02,-0.11,144,27.00
1521.1485986709595,28.12,27.59,27.11,27.02,-0.11,144,27.00
1521.6146693229675,28.16,27.61,27.11,27.02,-0.11,144,27.00
1522.1696207523346,28.08,27.54,27.11,26.96,-0.11,144,27.00
1522.6247577667236,28.10,27.56,27.11,26.96,-0.11,144,27.00
1523.1626725196838,28.16,27.59,27.11,27.00,-0.11,144,27.00
1523.6365802288055,28.14,27.59,27.11,27.00,-0.11,144,27.00
1524.1828427314758,28.14,27.61,27.11,27.02,-0.11,144,27.00
1524.6467776298523,28.12,27.59,27.11,27.00,-0.11,144,27.00
1525.181819677353,28.08,27.54,27.11,26.94,-0.11,144,27.00
1525.7191655635834,28.12,27.61,27.10,26.98,-0.11,144,27.00
1526.1635463237762,28.10,27.59,27.10,27.00,-0.11,144,27.00
1526.7165582180023,28.10,27.61,27.10,27.02,-0.11,144,27.00
1527.1749110221863,28.10,27.61,27.10,27.00,-0.10,144,27.00
1527.7148609161377,28.08,27.54,27.10,27.02,-0.10,144,27.00
1528.18652677536,28.14,27.61,27.10,27.02,-0.10,144,27.00
1528.7469336986542,28.14,27.59,27.10,27.00,-0.10,144,27.00
1529.197969198227,28.10,27.56,27.10,26.96,-0.10,144,27.00
1529.7284090518951,28.12,27.59,27.10,27.00,-0.10,144,27.00
1530.209048986435,28.14,27.59,27.10,27.00,-0.10,144,27.00
1530.7585484981537,28.14,27.59,27.10,27.00,-0.10,144,27.00
1531.2195568084717,28.14,27.54,27.10,26.94,-0.10,144,27.00
1531.7484595775604,28.16,27.59,27.10,26.96,-0.10,144,27.00
1532.2304213047028,28.18,27.59,27.10,26.98,-0.10,144,27.00
1532.770813703537,28.16,27.56,27.10,26.96,-0.10,144,27.00
1533.2419199943542,28.18,27.54,27.10,26.98,-0.10,144,27.00
1533.7980024814606,28.18,27.56,27.10,26.98,-0.10,144,27.00
1534.2537026405334,28.18,27.56,27.10,26.98,-0.10,144,27.00
1534.7968654632568,28.16,27.52,27.10,27.02,-0.10,144,27.00
1535.2649047374725,28.20,27.56,27.10,27.00,-0.10,144,27.00
1535.7821910381317,28.16,27.54,27.10,27.00,-0.10,144,27.00
1536.3370747566223,28.23,27.59,27.09,27.00,-0.10,144,27.00
1536.7807853221893,28.20,27.56,27.09,26.98,-0.10,144,27.00
1537.3230669498444,28.18,27.56,27.09,26.98,-0.09,144,27.00
1537.7917847633362,28.20,27.56,27.09,26.98,-0.09,144,27.00
1538.3272886276245,28.16,27.56,27.09,26.98,-0.09,144,27.00
1538.8035833835602,28.23,27.54,27.09,26.98,-0.09,144,27.00
1539.3365409374237,28.18,27.59,27.09,26.98,-0.09,144,27.00
1539.813490152359,28.20,27.54,27.09,26.98,-0.09,144,27.00
1540.3550193309784,28.18,27.50,27.09,26.94,-0.09,144,27.00
1540.8264915943146,28.20,27.54,27.09,26.98,-0.09,144,27.00
1541.3685503005981,28.18,27.50,27.09,26.94,-0.09,144,27.00
1541.8376128673553,28.20,27.50,27.09,26.94,-0.09,144,27.00
1542.3629851341248,28.16,27.48,27.09,26.98,-0.09,144,27.00
1542.8481183052063,28.14,27.56,27.09,26.96,-0.09,144,27.00
1543.3908722400665,28.18,27.54,27.09,26.96,-0.09,144,27.00
1543.8587877750397,28.16,27.54,27.09,26.96,-0.09,144,27.00
1544.3995516300201,28.18,27.56,27.09,26.96,-0.09,144,27.00
1544.8696994781494,28.14,27.52,27.09,26.91,-0.09,144,27.00
1545.4131319522858,28.16,27.59,27.08,26.98,-0.09,144,27.00
1545.8816692829132,28.12,27.59,27.09,26.96,-0.09,144,27.00
1546.4411363601685,28.14,27.56,27.09,26.98,-0.09,144,27.00
1546.8928401470184,28.14,27.56,27.09,26.98,-0.09,144,27.00
1547.4397439956665,28.12,27.56,27.09,26.98,-0.09,144,27.00
1547.9031946659088,28.14,27.59,27.09,27.00,-0.09,144,27.00
1548.4481880664825,28.14,27.59,27.09,26.98,-0.09,144,27.00
1548.9151577949524,28.12,27.59,27.09,26.96,-0.09,144,27.00
1549.4682285785675,28.10,27.56,27.09,26.94,-0.09,144,27.00
1549.925982952118,28.10,27.56,27.09,26.94,-0.09,144,27.00
1550.47882437706,28.10,27.54,27.09,26.91,-0.09,144,27.00
1550.937424659729,28.12,27.59,27.09,26.98,-0.09,144,27.00
1551.4772431850433,28.12,27.59,27.09,26.96,-0.09,144,27.00
1551.9478993415833,28.16,27.59,27.09,26.98,-0.09,144,27.00
1552.48983335495,28.14,27.56,27.09,26.96,-0.09,144,27.00
1552.9601609706879,28.12,27.59,27.09,26.98,-0.09,144,27.00
1553.4660911560059,28.12,27.59,27.09,26.98,-0.09,144,27.00
1553.9712796211243,28.08,27.54,27.09,26.94,-0.09,144,27.00
1554.4979629516602,28.10,27.59,27.09,26.98,-0.09,144,27.00
1554.9824872016907,28.08,27.56,27.09,26.98,-0.09,144,27.00
1555.4876415729523,28.08,27.54,27.09,26.96,-0.09,144,27.00
1556.0206046104431,28.06,27.54,27.08,26.96,-0.09,144,27.00
1556.5469689369202,28.08,27.56,27.08,26.98,-0.09,144,27.00
1557.004476070404,28.03,27.54,27.08,26.94,-0.09,144,27.00
1557.5555758476257,28.03,27.56,27.08,26.98,-0.08,144,27.00
1558.014883518219,28.01,27.56,27.08,26.98,-0.08,144,27.00
1558.574931383133,28.06,27.56,27.08,26.98,-0.08,144,27.00
1559.0265283584595,28.06,27.56,27.08,26.98,-0.08,144,27.00
1559.5858595371246,28.08,27.54,27.08,26.96,-0.08,144,27.00
1560.0377821922302,28.08,27.56,27.08,26.98,-0.08,144,27.00
1560.5884273052216,28.08,27.59,27.08,27.00,-0.08,144,27.00
1561.0481579303741,28.08,27.54,27.08,26.96,-0.08,144,27.00
1561.5969026088715,28.08,27.54,27.08,26.96,-0.08,144,27.00
1562.0604009628296,28.06,27.52,27.08,26.98,-0.08,144,27.00
1562.6105313301086,28.10,27.54,27.08,26.98,-0.08,144,27.00
1563.0711314678192,28.08,27.52,27.08,26.96,-0.08,144,27.00
1563.6281232833862,28.01,27.54,27.08,26.96,-0.08,144,27.00
1564.082811832428,28.03,27.50,27.08,26.91,-0.08,144,27.00
1564.6193470954895,28.08,27.54,27.08,26.98,-0.08,144,27.00
1565.0931558609009,28.08,27.56,27.08,26.96,-0.08,144,27.00
1565.6278204917908,28.06,27.52,27.08,26.91,-0.08,144,27.00
1566.1604299545288,28.06,27.54,27.07,26.96,-0.08,144,27.00
1566.6105389595032,28.06,27.54,27.07,26.98,-0.08,144,27.00
1567.1543459892273,28.06,27.54,27.07,26.94,-0.08,144,27.00
1567.6217823028564,27.99,27.59,27.07,26.96,-0.07,144,27.00
1568.1628017425537,28.01,27.50,27.07,26.94,-0.07,144,27.00
1568.632483959198,28.06,27.52,27.07,26.91,-0.07,144,27.00
1569.1629102230072,28.08,27.54,27.07,26.96,-0.07,144,27.00
1569.6939771175385,28.08,27.54,27.07,26.96,-0.07,144,27.00
1570.1490778923035,28.10,27.56,27.07,26.98,-0.07,144,27.00
1570.6775391101837,28.08,27.54,27.07,26.96,-0.07,144,27.00
1571.2158613204956,28.08,27.52,27.07,26.94,-0.07,144,27.00
1571.6664743423462,28.10,27.54,27.07,26.94,-0.07,144,27.00
1572.2180850505829,28.08,27.54,27.07,26.96,-0.07,144,27.00
1572.677167892456,28.12,27.54,27.07,26.96,-0.07,144,27.00
1573.2292757034302,28.06,27.50,27.07,26.89,-0.07,144,27.00
1573.687638759613,28.08,27.54,27.07,26.94,-0.07,144,27.00
1574.2459766864777,28.08,27.56,27.07,26.98,-0.07,144,27.00
1574.6993081569672,28.06,27.54,27.07,26.96,-0.07,144,27.00
1575.2347044944763,28.03,27.52,27.07,26.91,-0.07,144,27.00
1575.7111043930054,28.01,27.52,27.07,26.96,-0.07,144,27.00
1576.2731630802155,28.06,27.56,27.06,26.96,-0.07,144,27.00
1576.7209498882294,28.03,27.52,27.06,26.96,-0.07,144,27.00
1577.2669942378998,28.01,27.48,27.06,26.91,-0.07,144,27.00
1577.7328577041626,28.03,27.52,27.06,26.91,-0.06,144,27.00
1578.270563840866,28.03,27.52,27.06,26.94,-0.06,144,27.00
1578.8008835315704,28.03,27.54,27.06,26.96,-0.06,144,27.00
1579.2500326633453,28.03,27.52,27.06,26.94,-0.06,144,27.00
1579.798547744751,28.03,27.54,27.06,26.96,-0.06,144,27.00
1580.2597179412842,28.06,27.52,27.06,26.94,-0.06,144,27.00
1580.8159127235413,28.03,27.52,27.06,26.94,-0.06,144,27.00
1581.271686077118,28.06,27.52,27.06,26.94,-0.06,144,27.00
1581.820558309555,28.06,27.52,27.06,26.94,-0.06,144,27.00
1582.2831594944,28.06,27.52,27.06,26.94,-0.06,144,27.00
1582.8258736133575,28.08,27.52,27.06,26.94,-0.06,144,27.00
1583.2932822704315,28.10,27.50,27.06,26.94,-0.06,144,27.00
1583.8417196273804,28.12,27.52,27.05,26.96,-0.06,144,27.00
1584.305496454239,28.08,27.52,27.05,26.94,-0.06,144,27.00
1584.8578853607178,28.06,27.52,27.05,26.96,-0.06,144,27.00
1585.3159537315369,28.03,27.50,27.05,26.94,-0.06,144,27.00
1585.8454675674438,28.01,27.48,27.05,26.98,-0.05,145,27.00
1586.3278365135193,28.06,27.52,27.05,26.98,-0.05,145,27.00
1586.8883700370789,28.01,27.56,27.05,26.98,-0.05,145,27.00
1587.337866783142,28.06,27.52,27.05,26.96,-0.05,145,27.00
1587.8858771324158,28.01,27.50,27.05,26.94,-0.05,145,27.00
1588.3501703739166,27.99,27.50,27.05,26.94,-0.05,145,27.00
1588.9003624916077,28.01,27.52,27.05,26.96,-0.05,145,27.00
1589.3614988327026,28.03,27.52,27.05,26.98,-0.05,145,27.00
1589.8965950012207,28.01,27.50,27.05,26.96,-0.05,145,27.00
1590.3727118968964,27.97,27.54,27.05,26.98,-0.05,145,27.00
1590.9359157085419,28.03,27.52,27.05,27.00,-0.05,145,27.00
1591.387627363205,27.99,27.48,27.05,26.94,-0.05,145,27.00
1591.9387385845184,28.03,27.52,27.05,27.00,-0.05,145,27.00
1592.3949398994446,27.99,27.48,27.05,27.00,-0.05,145,27.00
1592.9385313987732,28.06,27.52,27.04,26.98,-0.05,145,27.00
1593.406048297882,28.06,27.48,27.04,26.96,-0.05,145,27.00
1593.9362239837646,28.06,27.46,27.04,26.91,-0.04,145,27.00
1594.4681468009949,28.08,27.48,27.04,26.94,-0.04,145,27.00
1594.9221901893616,28.10,27.50,27.04,26.96,-0.04,145,27.00
1595.4620904922485,28.10,27.48,27.04,26.94,-0.04,145,27.00
1595.933336019516,28.12,27.50,27.04,26.94,-0.04,145,27.00
1596.4851315021515,28.10,27.48,27.04,26.94,-0.04,145,27.00
1596.9446320533752,28.12,27.48,27.04,26.94,-0.04,145,27.00
1597.500544309616,28.10,27.44,27.04,26.91,-0.04,145,27.00
1597.9565165042877,28.12,27.48,27.04,26.94,-0.04,145,27.00
1598.5158472061157,28.12,27.48,27.03,26.91,-0.04,145,27.00
1598.9661831855774,28.12,27.46,27.03,26.91,-0.04,145,27.00
1599.5258796215057,28.14,27.50,27.03,26.94,-0.04,145,27.00
1599.9777898788452,28.10,27.44,27.03,26.94,-0.03,145,27.00
1600.5193643569946,28.08,27.46,27.03,26.91,-0.03,145,27.00
1600.9895672798157,28.12,27.44,27.03,26.87,-0.03,145,27.00
1601.5237920284271,28.14,27.48,27.03,26.89,-0.03,145,27.00
1602.0010497570038,28.14,27.48,27.03,26.94,-0.03,145,27.00
1602.551833152771,28.10,27.48,27.03,26.91,-0.03,145,27.00
1603.0106048583984,28.10,27.46,27.03,26.87,-0.03,145,27.00
1603.566169977188,28.12,27.50,27.03,26.94,-0.03,145,27.00
1604.0219204425812,28.12,27.48,27.03,26.94,-0.03,145,27.00
1604.5677807331085,28.12,27.50,27.03,26.89,-0.03,145,27.00
1605.034056186676,28.12,27.50,27.03,26.91,-0.03,145,27.00
1605.5647826194763,28.10,27.50,27.03,26.91,-0.03,145,27.00
1606.0448837280273,28.06,27.50,27.03,26.91,-0.03,145,27.00
1606.595864057541,28.08,27.52,27.03,26.91,-0.03,145,27.00
1607.0561430454254,28.10,27.52,27.03,26.91,-0.03,145,27.00
1607.5942769050598,28.06,27.52,27.03,26.94,-0.03,145,27.00
1608.0675568580627,28.12,27.52,27.03,26.94,-0.03,145,27.00
1608.6109805107117,28.12,27.52,27.03,26.91,-0.03,145,27.00
1609.0775198936462,28.06,27.54,27.03,26.91,-0.03,145,27.00
1609.630798816681,28.10,27.50,27.03,26.91,-0.03,145,27.00
1610.0900871753693,28.12,27.50,27.03,26.89,-0.03,145,27.00
1610.6148583889008,28.14,27.50,27.03,26.91,-0.03,145,27.00
1611.101128578186,28.12,27.48,27.03,26.89,-0.03,145,27.00
1611.6420350074768,28.12,27.52,27.03,26.91,-0.03,145,27.00
1612.1125328540802,28.12,27.50,27.03,26.91,-0.03,145,27.00
1612.6562097072601,28.10,27.52,27.03,26.91,-0.03,145,27.00
1613.1229968070984,28.10,27.50,27.03,26.89,-0.03,145,27.00
1613.6586430072784,28.10,27.50,27.03,26.91,-0.03,145,27.00
1614.1334400177002,28.10,27.50,27.03,26.89,-0.03,145,27.00
1614.6808865070343,28.08,27.50,27.03,26.89,-0.03,145,27.00
1615.145234823227,28.10,27.50,27.03,26.89,-0.03,145,27.00
1615.6822209358215,28.08,27.48,27.03,26.89,-0.03,145,27.00
1616.2110965251923,28.03,27.44,27.03,26.91,-0.03,145,27.00
1616.6628851890564,28.06,27.50,27.03,26.89,-0.03,145,27.00
1617.199321269989,28.08,27.48,27.03,26.89,-0.03,145,27.00
1617.673175573349,28.08,27.48,27.03,26.89,-0.03,145,27.00
1618.23131108284,28.12,27.50,27.03,26.89,-0.03,145,27.00
1618.6908185482025,28.10,27.48,27.03,26.87,-0.03,145,27.00
1619.1903328895569,28.14,27.50,27.03,26.89,-0.03,145,27.00
1619.7541596889496,28.14,27.50,27.03,26.89,-0.03,145,27.00
1620.2009007930756,28.12,27.48,27.03,26.87,-0.03,145,27.00
1620.736136674881,28.14,27.50,27.03,26.89,-0.03,145,27.00
1621.212443113327,28.10,27.50,27.03,26.89,-0.03,145,27.00
1621.7662444114685,28.10,27.50,27.03,26.89,-0.03,145,27.00
1622.2234270572662,28.12,27.50,27.03,26.89,-0.03,145,27.00
1622.7837822437286,28.08,27.52,27.03,26.91,-0.03,145,27.00
1623.2342641353607,28.08,27.52,27.03,26.89,-0.03,145,27.00
1623.7828691005707,28.08,27.50,27.03,26.89,-0.03,145,27.00
1624.2449164390564,28.06,27.50,27.03,26.89,-0.03,145,27.00
1624.7975618839264,28.08,27.52,27.03,26.89,-0.03,145,27.00
1625.2565467357635,28.06,27.50,27.03,26.87,-0.03,145,27.00
1625.798320531845,28.03,27.50,27.03,26.89,-0.03,145,27.00
1626.2681035995483,28.03,27.50,27.03,26.89,-0.03,145,27.00
1626.8130867481232,27.99,27.50,27.03,26.91,-0.03,145,27.00
1627.2792327404022,28.03,27.52,27.03,26.91,-0.03,145,27.00
1627.8114137649536,28.01,27.50,27.03,26.89,-0.03,145,27.00
1628.29092669487,28.06,27.50,27.03,26.91,-0.03,145,27.00
1628.8139531612396,28.06,27.50,27.03,26.91,-0.03,145,27.00
1629.3018219470978,28.06,27.50,27.03,26.89,-0.03,145,27.00
1629.8428769111633,28.03,27.52,27.03,26.89,-0.03,145,27.00
1630.3120746612549,28.08,27.50,27.03,26.91,-0.03,145,27.00
1630.8731217384338,28.03,27.48,27.03,26.91,-0.03,145,27.00
1631.3350138664246,28.10,27.48,27.03,26.91,-0.03,145,27.00
1631.8758466243744,28.06,27.50,27.03,26.91,-0.03,145,27.00
1632.3350439071655,28.10,27.50,27.03,26.89,-0.03,145,27.00
1632.8847603797913,28.12,27.50,27.03,26.91,-0.03,145,27.00
1633.34609913826,28.10,27.44,27.03,26.85,-0.03,145,27.00
1633.8823411464691,28.10,27.48,27.02,26.91,-0.03,145,27.00
1634.3577072620392,28.10,27.50,27.02,26.94,-0.02,145,27.00
1634.89799284935,28.10,27.50,27.02,26.94,-0.02,145,27.00
1635.3680534362793,28.10,27.50,27.02,26.91,-0.02,145,27.00
1635.895096540451,28.10,27.50,27.02,26.91,-0.02,145,27.00
1636.4408283233643,28.06,27.50,27.02,26.91,-0.02,145,27.00
1636.8840408325195,28.10,27.48,27.02,26.89,-0.02,145,27.00
1637.43079662323,28.10,27.48,27.02,26.91,-0.02,145,27.00
1637.8962097167969,28.12,27.48,27.02,26.89,-0.02,145,27.00
1638.4314270019531,28.10,27.44,27.02,26.85,-0.02,145,27.00
1638.9068043231964,28.12,27.48,27.02,26.89,-0.02,145,27.00
1639.4502520561218,28.08,27.42,27.02,26.89,-0.02,145,27.00
1639.9177894592285,28.12,27.46,27.02,26.87,-0.02,145,27.00
1640.4570133686066,28.12,27.46,27.02,26.89,-0.02,145,27.00
1640.9287405014038,28.14,27.48,27.02,26.89,-0.02,145,27.00
1641.4758863449097,28.14,27.48,27.02,26.87,-0.02,145,27.00
1641.9398908615112,28.14,27.46,27.02,26.87,-0.02,145,27.00
1642.493106842041,28.14,27.50,27.02,26.87,-0.02,145,27.00
1642.9518175125122,28.14,27.46,27.02,26.87,-0.02,145,27.00
1643.4919941425323,28.16,27.48,27.02,26.87,-0.02,145,27.00
1643.9629623889923,28.12,27.46,27.02,26.87,-0.02,145,27.00
1644.509554386139,28.14,27.48,27.02,26.87,-0.02,145,27.00
1644.9742679595947,28.12,27.48,27.02,26.87,-0.02,145,27.00
1645.5250644683838,28.14,27.50,27.02,26.87,-0.02,145,27.00
1645.9844951629639,28.14,27.48,27.02,26.87,-0.02,145,27.00
1646.5372931957245,28.12,27.44,27.02,26.83,-0.02,145,27.00
1646.995808839798,28.14,27.48,27.02,26.87,-0.02,145,27.00
1647.5541915893555,28.12,27.48,27.02,26.87,-0.02,145,27.00
1648.0075514316559,28.10,27.50,27.02,26.87,-0.02,145,27.00
1648.549287557602,28.10,27.48,27.02,26.87,-0.02,145,27.00
1649.0187003612518,28.10,27.48,27.02,26.89,-0.02,145,27.00
1649.5669338703156,28.08,27.46,27.02,26.83,-0.02,145,27.00
1650.0290911197662,28.10,27.48,27.02,26.89,-0.02,145,27.00
1650.564744234085,28.10,27.48,27.02,26.87,-0.02,145,27.00
1651.0411050319672,28.10,27.48,27.02,26.87,-0.02,145,27.00
1651.5928361415863,28.10,27.48,27.02,26.87,-0.02,145,27.00
1652.0526502132416,28.03,27.44,27.02,26.83,-0.02,145,27.00
1652.6085975170135,28.06,27.46,27.02,26.87,-0.02,145,27.00
1653.0633380413055,28.08,27.46,27.02,26.87,-0.02,145,27.00
1653.6103839874268,28.01,27.42,27.02,26.87,-0.02,145,27.00
1654.0748653411865,28.08,27.48,27.02,26.89,-0.02,145,27.00
1654.6246540546417,28.06,27.48,27.02,26.91,-0.02,145,27.00
1655.0859506130219,28.01,27.44,27.02,26.91,-0.02,145,27.00
1655.6219942569733,28.06,27.48,27.02,26.87,-0.02,145,27.00
1656.096427679062,28.01,27.50,27.02,26.91,-0.02,145,27.00
1656.6383938789368,28.08,27.50,27.02,26.91,-0.02,145,27.00
1657.1075100898743,28.10,27.50,27.02,26.94,-0.02,145,27.00
1657.6440255641937,28.08,27.50,27.02,26.91,-0.02,145,27.00
1658.1190402507782,28.03,27.52,27.02,26.91,-0.02,145,27.00
1658.6652183532715,28.03,27.44,27.02,26.94,-0.02,145,27.00
1659.1302018165588,28.08,27.48,27.02,26.89,-0.02,145,27.00
1659.677885055542,28.06,27.46,27.02,26.87,-0.02,145,27.00
1660.1409876346588,28.06,27.48,27.02,26.89,-0.02,145,27.00
1660.693815946579,28.06,27.50,27.02,26.91,-0.02,145,27.00
1661.1528425216675,28.06,27.50,27.02,26.91,-0.02,145,27.00
1661.7103714942932,28.06,27.48,27.02,26.87,-0.02,145,27.00
1662.1638960838318,28.06,27.48,27.02,26.89,-0.02,145,27.00
1662.709831237793,28.06,27.48,27.02,26.87,-0.02,145,27.00
1663.1747357845306,28.06,27.48,27.02,26.89,-0.02,145,27.00
1663.700885295868,28.10,27.48,27.02,26.89,-0.02,145,27.00
1664.1864087581635,28.08,27.48,27.02,26.89,-0.02,145,27.00
1664.7154502868652,28.03,27.46,27.02,26.91,-0.02,145,27.00
1665.2548501491547,28.12,27.48,27.02,26.91,-0.02,145,27.00
1665.702089548111,28.06,27.40,27.02,26.89,-0.02,145,27.00
1666.2517786026,28.12,27.46,27.01,26.87,-0.02,145,27.00
1666.714093208313,28.12,27.46,27.01,26.89,-0.01,145,27.00
1667.2818899154663,28.12,27.46,27.01,26.87,-0.01,145,27.00
1667.7241611480713,28.12,27.48,27.01,26.89,-0.01,145,27.00
1668.264372587204,28.12,27.48,27.01,26.89,-0.01,145,27.00
1668.7349178791046,28.14,27.48,27.01,26.89,-0.01,145,27.00
1669.292932510376,28.12,27.48,27.01,26.89,-0.01,145,27.00
1669.7459235191345,28.12,27.48,27.01,26.89,-0.01,145,27.00
1670.2926683425903,28.12,27.48,27.01,26.87,-0.01,145,27.00
1670.7587583065033,28.12,27.48,27.01,26.87,-0.01,145,27.00
1671.2639005184174,28.08,27.44,27.01,26.83,-0.01,145,27.00
1671.7696325778961,28.10,27.48,27.01,26.87,-0.01,145,27.00
1672.3082933425903,28.10,27.50,27.01,26.89,-0.01,145,27.00
1672.7812006473541,28.06,27.44,27.01,26.91,-0.01,145,27.00
1673.3129978179932,28.08,27.48,27.01,26.89,-0.01,145,27.00
1673.791790008545,28.08,27.48,27.01,26.89,-0.01,145,27.00
1674.366132736206,28.08,27.50,27.01,26.91,-0.01,145,27.00
1674.8360466957092,28.10,27.50,27.01,26.89,-0.01,145,27.00
1675.307772397995,28.06,27.48,27.01,26.91,-0.01,145,27.00
1675.8515830039978,28.03,27.48,27.01,26.89,-0.01,145,27.00
1676.3189470767975,28.06,27.48,27.01,26.87,-0.01,145,27.00
1676.8802559375763,28.06,27.48,27.01,26.89,-0.01,145,27.00
1677.330824136734,28.06,27.48,27.01,26.89,-0.01,145,27.00
1677.8647375106812,28.10,27.48,27.01,26.89,-0.01,145,27.00
1678.3424396514893,28.08,27.48,27.01,26.89,-0.01,145,27.00
1678.8866443634033,28.10,27.48,27.01,26.91,-0.01,145,27.00
1679.3528635501862,28.08,27.46,27.01,26.87,-0.01,145,27.00
1679.9031505584717,28.06,27.48,27.01,26.87,-0.01,145,27.00
1680.3638429641724,28.12,27.48,27.01,26.89,-0.01,145,27.00
1680.8706443309784,28.14,27.48,27.01,26.89,-0.01,145,27.00
1681.4104907512665,28.12,27.46,27.01,26.91,-0.01,145,27.00
1681.880957365036,28.12,27.46,27.01,26.87,-0.01,145,27.00
1682.4048640727997,28.12,27.46,27.01,26.89,-0.01,145,27.00
1682.8926191329956,28.10,27.44,27.01,26.96,-0.01,145,27.00
1683.397437095642,28.14,27.48,27.01,26.89,-0.01,145,27.00
1683.9540314674377,28.14,27.48,27.01,26.89,-0.01,145,27.00
1684.4145514965057,28.12,27.48,27.01,26.87,-0.01,145,27.00
1684.97310090065,28.08,27.52,27.01,26.91,-0.01,145,27.00
1685.4203126430511,28.10,27.48,27.01,26.87,-0.01,145,27.00
1685.9595713615417,28.12,27.48,27.01,26.89,-0.01,145,27.00
1686.431069135666,28.10,27.50,27.01,26.89,-0.01,145,27.00
1686.9561412334442,28.10,27.50,27.01,26.89,-0.01,145,27.00
1687.4428281784058,28.10,27.50,27.01,26.91,-0.01,145,27.00
1687.947253704071,28.10,27.50,27.02,26.91,-0.01,145,27.00
1688.498501777649,28.08,27.50,27.02,26.91,-0.01,145,27.00
1688.9588525295258,28.08,27.50,27.02,26.89,-0.02,145,27.00
1689.4648299217224,28.08,27.52,27.02,26.91,-0.02,145,27.00
1690.0041644573212,28.08,27.52,27.02,26.91,-0.02,145,27.00
1690.5309584140778,28.06,27.50,27.02,26.87,-0.02,145,27.00
1690.9816789627075,28.08,27.50,27.02,26.89,-0.02,145,27.00
1691.5381371974945,28.06,27.50,27.02,26.89,-0.02,145,27.00
1691.9922869205475,28.06,27.50,27.02,26.87,-0.02,145,27.00
1692.5531361103058,28.08,27.52,27.02,26.91,-0.02,145,27.00
1693.00323843956,28.06,27.52,27.02,26.91,-0.02,145,27.00
1693.5573761463165,28.03,27.50,27.02,26.91,-0.02,145,27.00
1694.0144972801208,28.03,27.48,27.02,26.87,-0.02,145,27.00
1694.5626003742218,28.06,27.52,27.02,26.91,-0.02,145,27.00
1695.025723695755,28.06,27.52,27.02,26.91,-0.02,145,27.00
1695.583907842636,28.01,27.48,27.02,26.89,-0.02,145,27.00
1696.037008523941,28.06,27.52,27.02,26.91,-0.02,145,27.00
1696.5861325263977,28.03,27.52,27.02,26.91,-0.02,145,27.00
1697.047447681427,28.01,27.48,27.02,26.89,-0.02,145,27.00
1697.5994567871094,28.06,27.52,27.02,26.91,-0.02,145,27.00
1698.058942079544,28.03,27.50,27.02,26.91,-0.02,145,27.00
1698.613909959793,28.03,27.50,27.02,26.89,-0.02,145,27.00
1699.0706725120544,28.03,27.50,27.02,26.89,-0.02,145,27.00
1699.626059770584,28.03,27.50,27.02,26.89,-0.02,145,27.00
1700.0808415412903,28.03,27.48,27.02,26.87,-0.02,145,27.00
1700.6238605976105,28.03,27.48,27.02,26.89,-0.02,145,27.00
1701.0928401947021,28.06,27.50,27.02,26.94,-0.02,145,27.00
1701.6528825759888,28.03,27.48,27.02,26.89,-0.02,145,27.00
1702.1038460731506,28.06,27.48,27.02,26.89,-0.02,145,27.00
1702.6253514289856,28.06,27.44,27.02,26.89,-0.02,145,27.00
1703.115763425827,28.06,27.46,27.02,26.91,-0.02,145,27.00
1703.649530172348,28.08,27.48,27.02,26.89,-0.02,145,27.00
1704.1261570453644,28.08,27.48,27.02,26.89,-0.02,145,27.00
1704.6908729076385,28.06,27.46,27.02,26.87,-0.02,145,27.00
1705.1370978355408,28.08,27.48,27.02,26.89,-0.02,145,27.00
1705.687133550644,28.06,27.46,27.02,26.91,-0.02,145,27.00
1706.1485569477081,28.03,27.44,27.02,26.87,-0.02,145,27.00
1706.7028188705444,28.01,27.50,27.02,26.87,-0.02,145,27.00
1707.1629090309143,28.06,27.50,27.02,26.89,-0.02,145,27.00
1707.7144000530243,28.06,27.50,27.02,26.89,-0.02,145,27.00
1708.171138048172,28.03,27.46,27.02,26.87,-0.02,145,27.00
1708.725911140442,28.06,27.52,27.02,26.91,-0.02,145,27.00
1709.182427406311,28.03,27.50,27.02,26.87,-0.02,145,27.00
1709.7239696979523,28.06,27.52,27.02,26.89,-0.02,145,27.00
1710.1935160160065,28.03,27.52,27.02,26.89,-0.02,145,27.00
1710.738140821457,28.01,27.52,27.02,26.87,-0.02,145,27.00
1711.2045114040375,28.03,27.52,27.02,26.89,-0.02,145,27.00
1711.7666172981262,28.06,27.52,27.02,26.89,-0.02,145,27.00
1712.2155759334564,28.06,27.50,27.02,26.89,-0.02,145,27.00
1712.7379066944122,28.03,27.52,27.02,26.91,-0.02,145,27.00
1713.287901878357,28.01,27.50,27.02,26.89,-0.02,145,27.00
1713.731478214264,27.97,27.46,27.02,26.94,-0.02,145,27.00
1714.287119626999,27.99,27.54,27.02,26.91,-0.02,145,27.00
1714.7428667545319,28.03,27.52,27.02,26.91,-0.02,145,27.00
1715.301840543747,28.06,27.48,27.02,26.87,-0.02,145,27.00
1715.7545919418335,28.08,27.52,27.02,26.91,-0.02,145,27.00
1716.3055548667908,28.08,27.52,27.02,26.91,-0.02,145,27.00
1716.7659254074097,28.10,27.52,27.02,26.91,-0.02,145,27.00
1717.3238179683685,28.10,27.50,27.02,26.91,-0.02,145,27.00
1717.776549577713,28.10,27.50,27.02,26.91,-0.02,145,27.00
1718.318566083908,28.08,27.50,27.02,26.91,-0.02,145,27.00
1718.7878301143646,28.12,27.50,27.02,26.91,-0.02,145,27.00
1719.3448812961578,28.12,27.52,27.02,26.91,-0.02,145,27.00
1719.7990744113922,28.10,27.50,27.02,26.91,-0.02,145,27.00
1720.3466141223907,28.12,27.50,27.02,26.89,-0.02,145,27.00
1720.8093602657318,28.10,27.50,27.02,26.91,-0.02,145,27.00
1721.3629157543182,28.12,27.50,27.02,26.89,-0.02,145,27.00
1721.8207907676697,28.10,27.46,27.02,26.91,-0.02,145,27.00
1722.375373840332,28.12,27.50,27.02,26.91,-0.02,145,27.00
1722.8328595161438,28.14,27.48,27.02,26.87,-0.02,145,27.00
1723.337772846222,28.12,27.48,27.02,26.91,-0.02,145,27.00
1723.8825664520264,28.12,27.46,27.02,26.85,-0.02,145,27.00
1724.3492159843445,28.14,27.50,27.02,26.91,-0.02,145,27.00
1724.8973894119263,28.14,27.46,27.02,26.87,-0.02,145,27.00
1725.3610713481903,28.12,27.46,27.02,26.87,-0.02,145,27.00
1725.893982410431,28.12,27.48,27.02,26.89,-0.02,145,27.00
1726.371836900711,28.10,27.46,27.02,26.85,-0.02,145,27.00
1726.9218049049377,28.12,27.48,27.02,26.89,-0.02,145,27.00
1727.3821697235107,28.10,27.44,27.02,26.85,-0.02,145,27.00
1727.9208450317383,28.10,27.46,27.01,26.87,-0.02,145,27.00
1728.393571138382,28.12,27.48,27.01,26.89,-0.02,145,27.00
1728.9192810058594,28.12,27.48,27.01,26.87,-0.02,145,27.00
1729.4052169322968,28.12,27.46,27.01,26.85,-0.01,145,27.00
1729.9368653297424,28.12,27.48,27.01,26.87,-0.01,145,27.00
1730.4763579368591,28.10,27.48,27.01,26.87,-0.01,145,27.00
1730.9215841293335,28.12,27.48,27.01,26.87,-0.01,145,27.00
1731.4738190174103,28.10,27.48,27.01,26.87,-0.01,145,27.00
1731.9328401088715,28.03,27.44,27.01,26.83,-0.01,145,27.00
1732.4995746612549,28.06,27.48,27.01,26.87,-0.01,145,27.00
1732.9431252479553,28.08,27.50,27.01,26.85,-0.01,145,27.00
1733.4797503948212,28.03,27.42,27.01,26.89,-0.01,145,27.00
1733.9549877643585,28.10,27.48,27.01,26.87,-0.01,145,27.00
1734.5108315944672,28.08,27.46,27.01,26.87,-0.01,145,27.00
1734.9656212329865,28.08,27.46,27.01,26.85,-0.01,145,27.00
1735.5080962181091,28.06,27.40,27.01,26.89,-0.01,145,27.00
1735.9778230190277,28.08,27.46,27.01,26.85,-0.01,145,27.00
1736.5218188762665,28.08,27.44,27.01,26.85,-0.01,145,27.00
1736.9879403114319,28.12,27.44,27.01,26.85,-0.01,145,27.00
1737.536902666092,28.06,27.40,27.01,26.85,-0.01,145,27.00
1737.998603105545,28.10,27.44,27.01,26.85,-0.01,145,27.00
1738.5338792800903,28.10,27.46,27.01,26.85,-0.01,145,27.00
1739.010108947754,28.12,27.46,27.01,26.87,-0.01,145,27.00
1739.5679528713226,28.12,27.48,27.01,26.87,-0.01,145,27.00
1740.0211191177368,28.12,27.46,27.01,26.87,-0.01,145,27.00
1740.5669076442719,28.14,27.46,27.01,26.85,-0.01,145,27.00
1741.0328466892242,28.14,27.46,27.01,26.87,-0.01,145,27.00
1741.5790874958038,28.14,27.46,27.01,26.85,-0.01,145,27.00
1742.044703245163,28.14,27.46,27.01,26.85,-0.01,145,27.00
1742.6049752235413,28.12,27.42,27.01,26.87,-0.01,145,27.00
1743.0555098056793,28.16,27.48,27.01,26.87,-0.01,145,27.00
1743.605297088623,28.18,27.48,27.01,26.87,-0.01,145,27.00
1744.066528558731,28.16,27.46,27.01,26.83,-0.01,145,27.00
1744.6208124160767,28.16,27.48,27.01,26.85,-0.01,145,27.00
1745.0768687725067,28.16,27.48,27.01,26.87,-0.01,145,27.00
1745.5835666656494,28.18,27.48,27.01,26.87,-0.01,145,27.00
1746.1228184700012,28.18,27.48,27.01,26.89,-0.01,145,27.00
1746.5948226451874,28.18,27.50,27.01,26.89,-0.01,145,27.00
1747.1259462833405,28.18,27.48,27.01,26.89,-0.01,145,27.00
1747.606207370758,28.18,27.48,27.01,26.89,-0.01,145,27.00
1748.1269273757935,28.16,27.48,27.01,26.87,-0.01,145,27.00
1748.6719934940338,28.14,27.46,27.01,26.85,-0.01,145,27.00
1749.1215896606445,28.16,27.46,27.01,26.83,-0.01,145,27.00
1749.6675863265991,28.14,27.44,27.01,26.91,-0.01,145,27.00
1750.1489634513855,28.12,27.46,27.01,26.89,-0.01,145,27.00
1750.6769075393677,28.18,27.48,27.01,26.87,-0.01,145,27.00
1751.1449208259583,28.16,27.48,27.01,26.87,-0.01,145,27.00
1751.6859183311462,28.14,27.48,27.01,26.87,-0.01,145,27.00
1752.155037164688,28.16,27.46,27.01,26.85,-0.01,145,27.00
1752.7148776054382,28.18,27.50,27.01,26.89,-0.01,145,27.00
1753.1743440628052,28.16,27.48,27.01,26.89,-0.01,145,27.00
1753.698972940445,28.16,27.52,27.01,26.89,-0.01,145,27.00
1754.2358615398407,28.14,27.48,27.01,26.87,-0.01,145,27.00
1754.69828915596,28.10,27.44,27.01,26.87,-0.01,145,27.00
1755.1893837451935,28.12,27.48,27.01,26.87,-0.01,145,27.00
1755.7415652275085,28.12,27.50,27.01,26.89,-0.01,145,27.00
1756.1996290683746,28.08,27.46,27.01,26.91,-0.01,145,27.00
1756.7385580539703,28.10,27.48,27.01,26.89,-0.01,145,27.00
1757.2117655277252,28.10,27.48,27.01,26.89,-0.01,145,27.00
1757.7731232643127,28.10,27.48,27.01,26.87,-0.01,145,27.00
1758.2218263149261,28.10,27.50,27.02,26.87,-0.01,145,27.00
1758.7758712768555,28.12,27.50,27.02,26.89,-0.01,145,27.00
1759.2325735092163,28.10,27.48,27.02,26.89,-0.01,145,27.00
1759.770120382309,28.12,27.50,27.02,26.89,-0.02,145,27.00
1760.2438769340515,28.12,27.50,27.02,26.91,-0.02,145,27.00
1760.791843175888,28.10,27.50,27.02,26.89,-0.02,145,27.00
1761.256501197815,28.10,27.48,27.02,26.89,-0.02,145,27.00
1761.7879803180695,28.10,27.50,27.02,26.91,-0.02,145,27.00
1762.2666637897491,28.08,27.48,27.02,26.85,-0.02,145,27.00
1762.8194003105164,28.10,27.50,27.02,26.89,-0.02,145,27.00
1763.2777450084686,28.08,27.48,27.02,26.85,-0.02,145,27.00
1763.834862947464,28.10,27.50,27.02,26.89,-0.02,145,27.00
1764.2897417545319,28.03,27.44,27.02,26.91,-0.02,145,27.00
1764.8337874412537,28.10,27.50,27.02,26.89,-0.02,145,27.00
1765.300419807434,28.10,27.50,27.02,26.87,-0.02,145,27.00
1765.8486466407776,28.10,27.50,27.02,26.87,-0.02,145,27.00
1766.311712026596,28.08,27.50,27.02,26.89,-0.02,145,27.00
1766.8648862838745,28.08,27.50,27.02,26.87,-0.02,145,27.00
1767.3228206634521,28.08,27.52,27.02,26.89,-0.02,145,27.00
1767.8458757400513,28.08,27.50,27.02,26.87,-0.02,144,27.00
1768.3836929798126,28.08,27.52,27.02,26.89,-0.02,144,27.00
1768.8388087749481,28.08,27.50,27.02,26.89,-0.02,144,27.00
1769.3825476169586,28.06,27.48,27.02,26.87,-0.02,144,27.00
1769.851328611374,28.06,27.48,27.02,26.89,-0.02,144,27.00
1770.4125308990479,28.03,27.48,27.02,26.87,-0.02,144,27.00
1770.8624346256256,28.01,27.44,27.02,26.87,-0.02,144,27.00
1771.4004528522491,28.01,27.48,27.02,26.89,-0.02,144,27.00
1771.8732452392578,28.06,27.50,27.02,26.89,-0.02,144,27.00
1772.4393060207367,27.97,27.48,27.02,26.91,-0.02,144,27.00
1772.8983879089355,28.03,27.48,27.02,26.89,-0.02,144,27.00
1773.4392240047455,28.01,27.48,27.02,26.91,-0.02,144,27.00
1773.8957369327545,28.01,27.44,27.02,26.85,-0.02,144,27.00
1774.435049533844,28.03,27.48,27.02,26.91,-0.02,144,27.00
1774.9065508842468,28.03,27.48,27.02,26.89,-0.02,144,27.00
1775.412261247635,28.01,27.44,27.02,26.89,-0.02,144,27.00
1775.9623951911926,28.01,27.46,27.02,26.94,-0.02,144,27.00
1776.4232454299927,28.03,27.50,27.02,26.91,-0.02,144,27.00
1776.9644656181335,27.99,27.50,27.02,26.91,-0.02,144,27.00
1777.4335339069366,28.03,27.48,27.02,26.91,-0.02,144,27.00
1777.9718194007874,28.03,27.48,27.02,26.91,-0.02,144,27.00
1778.445813179016,27.99,27.42,27.02,26.91,-0.02,144,27.00
1778.986605644226,27.99,27.50,27.02,26.91,-0.02,144,27.00
1779.4565284252167,28.01,27.46,27.02,26.91,-0.02,144,27.00
1780.0005621910095,28.03,27.48,27.02,26.94,-0.02,144,27.00
1780.467898607254,27.99,27.46,27.02,26.98,-0.02,144,27.00
1781.011549949646,28.01,27.50,27.02,26.94,-0.02,144,27.00
1781.4781892299652,28.03,27.48,27.02,26.91,-0.02,144,27.00
1782.0429487228394,28.06,27.48,27.02,26.91,-0.02,144,27.00
1782.4905660152435,28.03,27.48,27.02,26.91,-0.02,144,27.00
1783.0398137569427,28.06,27.50,27.02,26.94,-0.02,144,27.00
1783.5015997886658,28.06,27.50,27.02,26.94,-0.02,144,27.00
1784.0488603115082,28.06,27.50,27.02,26.94,-0.02,144,27.00
1784.512195110321,28.06,27.50,27.02,26.94,-0.02,144,27.00
1785.048565864563,28.06,27.50,27.02,26.94,-0.02,144,27.00
1785.5236201286316,28.03,27.50,27.02,26.94,-0.02,144,27.00
1786.077074766159,27.99,27.52,27.02,26.94,-0.02,144,27.00
1786.5351357460022,28.03,27.50,27.02,26.91,-0.02,144,27.00
1787.0870869159698,28.03,27.50,27.02,26.94,-0.02,144,27.00
1787.5468463897705,28.01,27.50,27.02,26.91,-0.02,144,27.00
1788.0872766971588,28.03,27.50,27.02,26.91,-0.02,144,27.00
1788.5565440654755,28.01,27.50,27.02,26.91,-0.02,144,27.00
1789.111671447754,28.03,27.52,27.02,26.91,-0.02,144,27.00
1789.5683057308197,28.01,27.50,27.02,26.91,-0.02,144,27.00
1790.1304879188538,27.99,27.48,27.02,26.91,-0.02,144,27.00
1790.5789856910706,27.97,27.44,27.02,26.87,-0.02,144,27.00
1791.1111900806427,27.99,27.48,27.02,26.94,-0.02,144,27.00
1791.5908284187317,27.99,27.48,27.02,26.94,-0.02,144,27.00
1792.1171984672546,27.99,27.46,27.02,26.94,-0.02,144,27.00
1792.6013596057892,27.97,27.48,27.02,26.96,-0.02,144,27.00
1793.139286518097,27.95,27.50,27.02,26.94,-0.02,144,27.00
1793.6119372844696,27.97,27.46,27.02,26.91,-0.02,144,27.00
1794.162143945694,27.97,27.48,27.01,26.94,-0.02,145,27.00
1794.6241092681885,27.95,27.46,27.01,26.89,-0.02,145,27.00
1795.188976764679,27.95,27.46,27.01,26.91,-0.02,145,27.00
1795.6343722343445,27.95,27.46,27.01,26.91,-0.02,145,27.00
1796.1401197910309,27.95,27.46,27.01,26.91,-0.01,145,27.00
1796.6766338348389,27.95,27.46,27.01,26.91,-0.01,145,27.00
1797.183525800705,27.93,27.44,27.01,26.87,-0.01,145,27.00
1797.6567976474762,27.95,27.48,27.01,26.94,-0.01,145,27.00
1798.1918623447418,27.95,27.44,27.01,26.87,-0.01,145,27.00
1798.667955160141,27.97,27.46,27.01,26.91,-0.01,145,27.00
1799.1873757839203,27.99,27.48,27.01,26.94,-0.01,145,27.00
1799.678867340088,27.99,27.44,27.01,26.87,-0.01,145,27.00
1800.2336344718933,27.99,27.48,27.01,26.89,-0.01,145,27.00
1800.6910076141357,27.99,27.46,27.01,26.91,-0.01,145,27.00
1801.1965260505676,28.01,27.48,27.01,26.91,-0.01,145,27.00
1801.7011449337006,28.01,27.46,27.01,26.89,-0.01,145,27.00
1802.2593412399292,27.99,27.42,27.00,26.87,-0.01,145,27.00
1802.7130799293518,27.99,27.44,27.00,26.85,-0.01,145,27.00
1803.2588307857513,27.99,27.42,27.00,26.85,-0.01,145,27.00
1803.724216222763,27.99,27.42,27.00,26.94,-0.01,145,27.00
1804.2873611450195,28.06,27.46,27.00,26.91,-0.00,145,27.00
1804.734522819519,28.08,27.48,27.00,26.91,-0.00,145,27.00
1805.2728135585785,28.08,27.48,27.00,26.91,-0.00,145,27.00
1805.7465300559998,28.08,27.48,27.00,26.91,-0.00,145,27.00
1806.2869679927826,28.08,27.48,27.00,26.94,0.00,145,27.00
1806.756545305252,28.08,27.46,27.00,26.89,0.00,145,27.00
1807.2996172904968,28.10,27.48,27.00,26.91,0.00,145,27.00
1807.7678246498108,28.12,27.48,27.00,26.91,0.00,145,27.00
1808.3085510730743,28.08,27.44,27.00,26.87,0.00,145,27.00
1808.779010295868,28.10,27.46,27.00,26.89,0.00,145,27.00
1809.3362863063812,28.08,27.42,27.00,26.87,0.00,145,27.00
1809.7903184890747,28.12,27.46,27.00,26.89,0.00,145,27.00
1810.3394575119019,28.10,27.46,27.00,26.89,0.00,145,27.00
1810.800953388214,28.12,27.46,27.00,26.87,0.00,145,27.00
1811.355339050293,28.12,27.46,27.00,26.89,0.00,145,27.00
1811.8117365837097,28.08,27.48,27.00,26.89,0.00,145,27.00
1812.3661024570465,28.10,27.42,27.00,26.89,0.00,145,27.00
1812.8239407539368,28.12,27.46,27.00,26.87,0.00,145,27.00
1813.364016532898,28.12,27.46,27.00,26.87,0.00,145,27.00
1813.8346207141876,28.12,27.44,27.00,26.85,0.00,145,27.00
1814.394329071045,28.08,27.40,26.99,26.87,0.00,145,27.00
1814.851585149765,28.12,27.44,26.99,26.87,0.00,145,27.00
1815.4098122119904,28.12,27.44,26.99,26.87,0.00,145,27.00
1815.8565475940704,28.12,27.42,26.99,26.85,0.00,145,27.00
1816.4057064056396,28.12,27.44,26.99,26.85,0.01,145,27.00
1816.8677251338959,28.12,27.44,26.99,26.85,0.01,145,27.00
1817.4115941524506,28.12,27.44,26.99,26.85,0.01,145,27.00
1817.8783164024353,28.10,27.44,26.99,26.83,0.01,145,27.00
1818.4272537231445,28.08,27.40,26.99,26.83,0.01,145,27.00
1818.8907964229584,28.12,27.46,26.99,26.87,0.01,145,27.00
1819.440767288208,28.10,27.44,26.99,26.85,0.01,145,27.00
1819.901783466339,28.12,27.46,26.99,26.83,0.01,145,27.00
1820.4321465492249,28.12,27.44,26.99,26.83,0.01,145,27.00
1820.9128403663635,28.12,27.44,26.99,26.87,0.01,145,27.00
1821.4741010665894,28.10,27.40,26.99,26.81,0.01,145,27.00
1821.925875902176,28.08,27.40,26.99,26.83,0.01,145,27.00
1822.4687490463257,28.12,27.42,26.99,26.83,0.01,145,27.00
1822.9351015090942,28.08,27.40,26.99,26.83,0.01,145,27.00
1823.4874234199524,28.12,27.44,26.99,26.83,0.01,145,27.00
1823.9453799724579,28.14,27.44,26.99,26.85,0.01,145,27.00
1824.4958810806274,28.16,27.44,26.99,26.83,0.01,145,27.00
1824.9569625854492,28.14,27.46,26.99,26.83,0.01,145,27.00
1825.5140912532806,28.10,27.44,26.99,26.83,0.01,145,27.00
1825.9739146232605,28.08,27.40,26.99,26.81,0.01,145,27.00
1826.5122864246368,28.12,27.44,26.99,26.83,0.01,145,27.00
1826.9791679382324,28.12,27.46,26.99,26.85,0.01,145,27.00
1827.5496816635132,28.10,27.44,26.99,26.83,0.01,145,27.00
1828.0165874958038,28.06,27.48,26.99,26.85,0.01,145,27.00
1828.4965331554413,28.10,27.46,26.99,26.87,0.01,145,27.00
1829.049696445465,28.10,27.46,26.99,26.87,0.01,145,27.00
1829.5065066814423,28.10,27.46,26.99,26.87,0.01,145,27.00
1830.069219827652,28.10,27.46,26.99,26.87,0.01,145,27.00
1830.5180208683014,28.12,27.48,26.99,26.87,0.01,145,27.00
1831.0799264907837,28.12,27.48,26.99,26.87,0.01,145,27.00
1831.5397713184357,28.12,27.48,26.99,26.87,0.01,145,27.00
1832.0728211402893,28.10,27.48,26.99,26.85,0.01,145,27.00
1832.5415897369385,28.12,27.50,26.99,26.91,0.01,145,27.00
1833.0794613361359,28.12,27.50,26.99,26.89,0.01,145,27.00
1833.5524277687073,28.10,27.50,27.00,26.89,0.01,145,27.00
1834.057788848877,28.14,27.52,27.00,26.91,0.01,145,27.00
1834.5628263950348,28.16,27.52,27.00,26.89,0.00,145,27.00
1835.104835987091,28.12,27.56,27.00,26.91,0.00,145,27.00
1835.574674129486,28.10,27.50,27.00,26.91,0.00,145,27.00
1836.1270225048065,28.10,27.48,27.00,26.91,0.00,145,27.00
1836.5907316207886,28.12,27.52,27.00,26.94,-0.00,145,27.00
1837.0925257205963,28.12,27.54,27.00,26.94,-0.00,145,27.00
1837.5978181362152,28.12,27.52,27.00,26.91,-0.00,145,27.00
1838.1580171585083,28.12,27.54,27.00,26.94,-0.00,145,27.00
1838.608568429947,28.10,27.52,27.01,26.89,-0.00,145,27.00
1839.1608214378357,28.10,27.54,27.01,26.91,-0.00,145,27.00
1839.6193566322327,28.12,27.54,27.01,26.94,-0.00,145,27.00
1840.171979188919,28.12,27.54,27.01,26.94,-0.00,145,27.00
1840.6378717422485,28.12,27.52,27.01,26.91,-0.01,145,27.00
1841.1358833312988,28.14,27.54,27.01,26.94,-0.01,145,27.00
1841.7000634670258,28.14,27.54,27.01,26.94,-0.01,145,27.00
1842.147792816162,28.14,27.52,27.01,26.91,-0.01,145,27.00
1842.6960611343384,28.16,27.54,27.01,26.94,-0.01,145,27.00
1843.158991098404,28.16,27.52,27.01,26.94,-0.01,145,27.00
1843.7084512710571,28.14,27.52,27.02,26.94,-0.01,145,27.00
1844.1698729991913,28.12,27.48,27.02,26.89,-0.01,145,27.00
1844.7231125831604,28.16,27.52,27.02,26.94,-0.02,144,27.00
1845.181384086609,28.14,27.50,27.02,26.91,-0.02,144,27.00
1845.7419772148132,28.14,27.50,27.02,26.91,-0.02,144,27.00
1846.1937401294708,28.16,27.52,27.02,26.91,-0.02,144,27.00
1846.7454767227173,28.16,27.52,27.02,26.94,-0.02,144,27.00
1847.2029876708984,28.16,27.52,27.02,26.94,-0.02,144,27.00
1847.7094461917877,28.14,27.50,27.02,26.89,-0.02,144,27.00
1848.2520489692688,28.14,27.48,27.02,26.94,-0.02,144,27.00
1848.7200162410736,28.14,27.48,27.02,26.89,-0.02,144,27.00
1849.2796614170074,28.16,27.52,27.02,26.94,-0.02,144,27.00
1849.7518668174744,28.14,27.48,27.02,26.87,-0.02,144,27.00
1850.293117761612,28.16,27.50,27.02,26.91,-0.02,144,27.00
1850.7424278259277,28.16,27.50,27.02,26.94,-0.02,144,27.00
1851.2477889060974,28.14,27.50,27.02,26.91,-0.02,144,27.00
1851.8377997875214,28.14,27.50,27.02,26.91,-0.02,144,27.00
1852.258764743805,28.12,27.48,27.02,26.89,-0.02,144,27.00
1852.8576180934906,28.12,27.50,27.02,26.89,-0.02,144,27.00
1853.3115923404694,28.08,27.52,27.02,26.89,-0.02,144,27.00
1853.8065252304077,28.06,27.46,27.02,26.85,-0.02,144,27.00
1854.3234813213348,28.10,27.50,27.02,26.89,-0.02,144,27.00
1854.7877731323242,28.10,27.52,27.02,26.89,-0.02,144,27.00
1855.346444606781,28.08,27.52,27.02,26.89,-0.02,144,27.00
1855.7977483272552,28.03,27.46,27.02,26.91,-0.02,144,27.00
1856.349773645401,28.06,27.50,27.02,26.87,-0.02,144,27.00
1856.8098094463348,28.06,27.50,27.02,26.89,-0.02,144,27.00
1857.341839313507,28.08,27.52,27.02,26.89,-0.02,144,27.00
1857.820953130722,28.08,27.50,27.02,26.89,-0.02,144,27.00
1858.3595674037933,28.06,27.50,27.02,26.89,-0.02,144,27.00
1858.8325390815735,28.08,27.50,27.02,26.89,-0.02,144,27.00
1859.377888917923,28.10,27.50,27.02,26.87,-0.02,144,27.00
1859.8428564071655,28.06,27.54,27.02,26.89,-0.02,144,27.00
1860.3733808994293,28.08,27.50,27.03,26.91,-0.02,144,27.00
1860.8977146148682,28.10,27.50,27.03,26.91,-0.03,144,27.00
1861.359557390213,28.10,27.50,27.03,26.91,-0.03,144,27.00
1861.9117772579193,28.12,27.50,27.03,26.91,-0.03,144,27.00
1862.37109041214,28.10,27.50,27.03,26.91,-0.03,144,27.00
1862.915016412735,28.10,27.50,27.03,26.91,-0.03,144,27.00
1863.3817701339722,28.10,27.50,27.03,26.89,-0.03,144,27.00
1863.9198198318481,28.06,27.48,27.03,26.87,-0.03,144,27.00
1864.3928394317627,28.08,27.50,27.03,26.89,-0.03,144,27.00
1864.913779258728,28.06,27.48,27.03,26.89,-0.03,144,27.00
1865.4615936279297,28.08,27.50,27.03,26.91,-0.03,144,27.00
1865.909025669098,28.08,27.50,27.03,26.91,-0.03,144,27.00
1866.459567308426,28.06,27.48,27.03,26.89,-0.03,144,27.00
1866.921258687973,28.06,27.50,27.03,26.96,-0.03,144,27.00
1867.4892225265503,28.03,27.50,27.03,26.96,-0.03,144,27.00
1867.9324734210968,28.06,27.50,27.03,26.96,-0.03,144,27.00
1868.4375534057617,28.06,27.50,27.03,26.96,-0.03,144,27.00
1868.971247434616,28.06,27.48,27.03,26.94,-0.03,144,27.00
1869.4489636421204,28.03,27.50,27.03,26.94,-0.03,144,27.00
1869.9781439304352,28.08,27.50,27.03,26.96,-0.03,144,27.00
1870.459584236145,28.08,27.52,27.03,26.98,-0.03,144,27.00
1871.0095384120941,28.06,27.50,27.03,26.96,-0.03,144,27.00
1871.470175743103,28.06,27.52,27.03,26.98,-0.03,144,27.00
1872.0216414928436,28.01,27.50,27.03,26.91,-0.03,144,27.00
1872.482491493225,28.03,27.52,27.03,26.96,-0.03,144,27.00
1873.0238218307495,28.01,27.48,27.03,26.91,-0.03,144,27.00
1873.4928562641144,28.06,27.52,27.03,26.96,-0.03,144,27.00
1874.0418705940247,28.01,27.48,27.03,26.91,-0.03,144,27.00
1874.504575252533,28.03,27.50,27.03,26.94,-0.03,144,27.00
1875.053112745285,28.06,27.52,27.03,26.94,-0.03,144,27.00
1875.5162370204926,28.06,27.52,27.03,26.96,-0.03,144,27.00
1876.0475487709045,28.06,27.50,27.03,26.94,-0.03,144,27.00
1876.5265378952026,28.03,27.46,27.03,26.89,-0.03,144,27.00
1877.047973871231,28.06,27.50,27.03,26.94,-0.03,144,27.00
1877.5380568504333,28.08,27.50,27.03,26.94,-0.03,144,27.00
1878.0758690834045,28.06,27.52,27.03,26.94,-0.03,144,27.00
1878.5491518974304,28.01,27.48,27.03,26.89,-0.03,144,27.00
1879.0885665416718,28.06,27.50,27.02,26.94,-0.03,144,27.00
1879.5602705478668,28.06,27.52,27.02,26.94,-0.03,144,27.00
1880.066129207611,28.01,27.48,27.03,26.89,-0.03,144,27.00
1880.5988626480103,28.01,27.48,27.02,26.87,-0.03,144,27.00
1881.0767226219177,28.01,27.50,27.02,26.91,-0.02,144,27.00
1881.6250982284546,28.01,27.52,27.02,26.94,-0.02,144,27.00
1882.0881927013397,28.01,27.52,27.02,26.91,-0.02,144,27.00
1882.5938861370087,27.95,27.48,27.02,26.94,-0.02,144,27.00
1883.1472804546356,28.01,27.52,27.02,26.94,-0.02,144,27.00
1883.6048877239227,27.99,27.50,27.02,26.87,-0.02,144,27.00
1884.1597936153412,27.97,27.50,27.02,26.89,-0.02,144,27.00
1884.615271806717,27.97,27.52,27.02,26.94,-0.02,144,27.00
1885.159346818924,27.99,27.52,27.02,26.94,-0.02,144,27.00
1885.62659573555,27.97,27.52,27.02,26.94,-0.02,144,27.00
1886.1753797531128,27.97,27.52,27.02,26.94,-0.02,144,27.00
1886.6382188796997,27.99,27.52,27.02,26.94,-0.02,144,27.00
1887.1728348731995,27.99,27.52,27.02,26.94,-0.02,144,27.00
1887.7091751098633,27.93,27.54,27.02,26.94,-0.02,144,27.00
1888.1562955379486,27.95,27.56,27.02,26.94,-0.02,144,27.00
1888.686060667038,28.01,27.54,27.02,26.96,-0.02,144,27.00
1889.1657536029816,27.97,27.54,27.03,26.94,-0.02,144,27.00
1889.7169001102448,28.03,27.52,27.03,26.94,-0.02,144,27.00
1890.1768980026245,28.03,27.48,27.03,26.91,-0.02,144,27.00
1890.7316884994507,28.06,27.48,27.02,26.94,-0.02,144,27.00
1891.1888139247894,28.03,27.50,27.02,26.94,-0.02,144,27.00
1891.7285509109497,28.01,27.48,27.02,26.94,-0.02,144,27.00
1892.2000114917755,28.03,27.50,27.02,26.94,-0.02,144,27.00
1892.760816335678,28.01,27.48,27.02,26.91,-0.02,144,27.00
1893.2113997936249,27.99,27.50,27.02,26.94,-0.02,144,27.00
1893.7507450580597,28.03,27.50,27.02,26.94,-0.02,144,27.00
1894.277749300003,28.03,27.50,27.02,26.94,-0.02,144,27.00
1894.7270605564117,28.01,27.48,27.02,26.94,-0.02,144,27.00
1895.2798130512238,27.99,27.50,27.02,26.91,-0.02,144,27.00
1895.7379348278046,27.97,27.46,27.02,26.89,-0.02,144,27.00
1896.2960193157196,27.97,27.50,27.02,26.94,-0.02,144,27.00
1896.7508533000946,28.01,27.50,27.02,26.94,-0.02,144,27.00
1897.2560670375824,27.95,27.52,27.02,26.94,-0.02,144,27.00
1897.761100769043,27.97,27.48,27.02,26.91,-0.02,144,27.00
1898.3058836460114,27.99,27.52,27.02,26.94,-0.02,144,27.00
1898.7711675167084,27.97,27.48,27.02,26.91,-0.02,144,27.00
1899.3210582733154,27.95,27.44,27.02,26.89,-0.02,144,27.00
1899.7828390598297,27.97,27.48,27.02,26.91,-0.02,144,27.00
1900.3198041915894,27.99,27.50,27.01,26.94,-0.02,144,27.00
1900.7943379878998,27.99,27.46,27.01,26.87,-0.02,144,27.00
1901.33079123497,27.95,27.42,27.01,26.94,-0.01,144,27.00
1901.8051795959473,27.99,27.48,27.01,26.89,-0.01,144,27.00
1902.3608989715576,28.01,27.50,27.01,26.91,-0.01,144,27.00
1902.8165509700775,27.97,27.44,27.01,26.94,-0.01,144,27.00
1903.3578372001648,28.03,27.50,27.01,26.89,-0.01,144,27.00
1903.8278288841248,28.01,27.48,27.01,26.87,-0.01,144,27.00
1904.3748667240143,28.03,27.48,27.01,26.89,-0.01,144,27.00
1904.8392086029053,28.01,27.48,27.01,26.91,-0.01,144,27.00
1905.3851416110992,28.01,27.50,27.01,26.91,-0.01,144,27.00
1905.8504326343536,27.99,27.46,27.01,26.89,-0.01,144,27.00
1906.4036407470703,27.99,27.46,27.01,26.94,-0.01,144,27.00
1906.8608148097992,27.97,27.46,27.01,26.91,-0.01,144,27.00
1907.4183702468872,27.97,27.46,27.01,26.94,-0.01,144,27.00
1907.8717982769012,27.97,27.44,27.01,26.94,-0.01,144,27.00
1908.4348196983337,27.95,27.42,27.00,26.89,-0.01,144,27.00
1908.8839206695557,27.97,27.44,27.00,26.94,-0.01,144,27.00
1909.4308354854584,27.95,27.44,27.00,26.94,-0.00,145,27.00
1909.8947174549103,27.93,27.40,27.00,26.89,-0.00,145,27.00
1910.4297795295715,27.95,27.42,27.00,26.89,-0.00,145,27.00
1910.9638938903809,27.95,27.42,27.00,26.89,-0.00,145,27.00
1911.409917831421,27.97,27.42,27.00,26.91,0.00,145,27.00
1911.9659609794617,27.95,27.46,27.00,26.94,0.00,145,27.00
1912.4214081764221,27.95,27.46,27.00,26.94,0.00,145,27.00
1912.9872031211853,27.93,27.44,26.99,26.94,0.00,145,27.00
1913.4322576522827,27.95,27.46,26.99,26.91,0.01,145,27.00
1913.9763896465302,27.93,27.42,26.99,26.87,0.01,145,27.00
1914.4441332817078,27.97,27.46,26.99,26.91,0.01,145,27.00
1915.0100948810577,27.95,27.42,26.99,26.85,0.01,145,27.00
1915.4556963443756,27.95,27.44,26.99,26.89,0.01,145,27.00
1916.0051927566528,27.97,27.46,26.99,26.91,0.01,145,27.00
1916.4665303230286,27.95,27.44,26.99,26.87,0.01,145,27.00
1917.0059633255005,28.01,27.48,26.99,26.91,0.01,145,27.00
1917.476767539978,27.99,27.48,26.99,26.91,0.01,145,27.00
1918.019613981247,27.97,27.46,26.99,26.89,0.01,145,27.00
1918.4877598285675,27.97,27.46,26.99,26.91,0.01,145,27.00
1919.0185735225677,27.97,27.46,26.99,26.91,0.01,145,27.00
1919.5003445148468,27.97,27.44,26.99,26.87,0.01,145,27.00
1920.0575671195984,27.93,27.46,26.99,26.94,0.01,145,27.00
1920.5110466480255,27.95,27.46,26.99,26.89,0.01,145,27.00
1921.0559616088867,27.97,27.48,26.99,26.91,0.01,145,27.00
1921.5225703716278,27.99,27.48,26.99,26.89,0.01,145,27.00
1922.0548191070557,27.99,27.46,26.99,26.87,0.01,145,27.00
1922.585841178894,28.01,27.46,26.99,26.89,0.01,145,27.00
1923.0388128757477,27.97,27.40,26.99,26.83,0.01,145,27.00
1923.579894542694,28.01,27.46,26.98,26.89,0.01,145,27.00
1924.1035375595093,27.99,27.42,26.98,26.85,0.01,145,27.00
1924.5559568405151,27.99,27.44,26.98,26.87,0.01,145,27.00
1925.097592830658,27.99,27.42,26.98,26.83,0.01,145,27.00
1925.5665333271027,28.01,27.44,26.98,26.87,0.02,145,27.00
1926.1005697250366,28.01,27.42,26.98,26.85,0.02,145,27.00
1926.6418361663818,27.99,27.40,26.98,26.87,0.02,145,27.00
1927.083453655243,28.01,27.42,26.98,26.85,0.02,145,27.00
1927.6300191879272,28.03,27.42,26.98,26.87,0.02,145,27.00
1928.0946431159973,28.06,27.42,26.98,26.85,0.02,145,27.00
1928.6370823383331,28.03,27.40,26.98,26.81,0.02,145,27.00
1929.1050863265991,28.06,27.40,26.98,26.83,0.02,145,27.00
1929.6458609104156,28.06,27.42,26.97,26.85,0.02,145,27.00
1930.1167850494385,28.06,27.42,26.97,26.87,0.02,145,27.00
1930.6358647346497,28.03,27.42,26.97,26.87,0.02,145,27.00
1931.1887321472168,28.03,27.42,26.97,26.89,0.02,145,27.00
1931.63285779953,28.06,27.44,26.97,26.89,0.03,145,27.00
1932.1728212833405,28.03,27.44,26.97,26.89,0.03,145,27.00
1932.6445569992065,28.03,27.42,26.97,26.85,0.03,145,27.00
1933.1997964382172,28.01,27.44,26.97,26.87,0.03,145,27.00
1933.6552209854126,28.06,27.46,26.97,26.89,0.03,145,27.00
1934.1969258785248,28.03,27.44,26.97,26.87,0.03,145,27.00
1934.7226037979126,28.03,27.46,26.97,26.87,0.03,145,27.00
1935.1718938350677,28.03,27.44,26.97,26.87,0.03,145,27.00
1935.7238194942474,28.03,27.44,26.97,26.87,0.03,145,27.00
1936.1835799217224,28.03,27.44,26.97,26.85,0.03,145,27.00
1936.7358846664429,28.01,27.40,26.97,26.87,0.03,145,27.00
1937.193951845169,28.03,27.46,26.97,26.87,0.03,145,27.00
1937.7572224140167,28.06,27.44,26.97,26.85,0.03,145,27.00
1938.2056596279144,27.99,27.46,26.97,26.87,0.03,145,27.00
1938.7359647750854,28.06,27.46,26.97,26.87,0.03,145,27.00
1939.2167496681213,28.06,27.46,26.97,26.87,0.03,145,27.00
1939.7379357814789,28.01,27.44,26.97,26.87,0.03,145,27.00
1940.2869646549225,28.03,27.46,26.97,26.89,0.03,145,27.00
1940.733880996704,28.03,27.46,26.97,26.87,0.03,145,27.00
1941.2757277488708,28.03,27.46,26.97,26.87,0.03,145,27.00
1941.745492696762,28.06,27.46,26.97,26.89,0.03,145,27.00
1942.2848801612854,28.06,27.46,26.97,26.87,0.03,145,27.00
1942.755146741867,28.06,27.44,26.97,26.85,0.03,145,27.00
1943.3139770030975,28.08,27.46,26.97,26.89,0.03,145,27.00
1943.7675507068634,28.06,27.46,26.97,26.89,0.03,145,27.00
1944.312115907669,28.10,27.46,26.97,26.87,0.03,145,27.00
1944.7778432369232,28.10,27.44,26.97,26.87,0.03,145,27.00
1945.325844526291,28.10,27.44,26.97,26.87,0.03,145,27.00
1945.7898905277252,28.10,27.44,26.97,26.85,0.03,145,27.00
1946.3405814170837,28.10,27.40,26.97,26.81,0.03,145,27.00
1946.8013026714325,28.12,27.42,26.97,26.85,0.03,145,27.00
1947.3508870601654,28.12,27.44,26.97,26.87,0.03,145,27.00
1947.8113176822662,28.10,27.42,26.97,26.85,0.03,145,27.00
1948.3586144447327,28.06,27.37,26.97,26.87,0.03,145,27.00
1948.822862625122,28.08,27.42,26.97,26.87,0.03,145,27.00
1949.3559744358063,28.06,27.40,26.97,26.87,0.03,145,27.00
1949.833560705185,28.10,27.44,26.97,26.87,0.03,145,27.00
1950.3938195705414,28.03,27.46,26.97,26.87,0.03,145,27.00
1950.8453841209412,28.10,27.44,26.97,26.87,0.03,145,27.00
1951.3842244148254,28.10,27.42,26.97,26.83,0.03,145,27.00
1951.8565452098846,28.14,27.46,26.97,26.87,0.03,145,27.00
1952.3942868709564,28.12,27.44,26.97,26.87,0.03,145,27.00
1952.866991519928,28.12,27.40,26.97,26.81,0.03,145,27.00
1953.4031431674957,28.12,27.40,26.97,26.83,0.03,145,27.00
1953.9275617599487,28.12,27.42,26.97,26.85,0.03,145,27.00
1954.3843472003937,28.10,27.42,26.97,26.85,0.03,145,27.00
