time(s),tempTec,tempMilieu,tempLaser,Amperage
0.0,24.0,24.0,24.0,0
1.0666666666666667,24.325995579866035,24.001543753241585,24.000000000046157,0.9
2.1333333333333333,24.52684386937172,24.016549700087975,24.000001096489417,0.9
3.1999999999999997,24.67726354336094,24.04297749276227,24.00004380250332,0.9
4.266666666666667,24.805116277805396,24.074818491263724,24.00032012243473,0.9
5.333333333333333,24.920604941572186,24.109640194547335,24.00115381741103,0.9
6.3999999999999995,25.028128978901144,24.146462898781703,24.002878361751527,0.9
7.466666666666667,25.129753632781252,24.184762689142236,24.00576508074278,0.9
8.533333333333333,25.226554728286537,24.224178536970072,24.010004848871258,0.9
9.6,25.319172954604834,24.264430134621026,24.015715036573066,0.9
10.666666666666666,25.408046476233807,24.305291906210865,24.022954357936733,0.9
11.733333333333333,25.49351021337191,24.34658143497601,24.031737840527445,0.9
12.799999999999999,25.575839520197665,24.388151719929148,24.042049265684106,0.9
13.866666666666665,25.655270510569224,24.42988483283392,24.0538506948716,0.9
14.933333333333334,25.732010426384186,24.47168651337071,24.067089495697346,0.9
16.0,25.806243621105587,24.513481617538798,24.081703441798535,0.9
17.066666666666666,25.87813548938843,24.555210355186265,24.097624395674675,0.9
18.133333333333333,25.947835332985075,24.59682522544886,24.114780966867926,0.9
19.2,26.01547859904934,24.638288545243313,24.133100430988186,0.9
20.266666666666666,26.081188697202613,24.6795704681779,24.152510112758083,0.9
21.333333333333332,26.145078504971135,24.720647402143236,24.172938377148714,0.9
22.4,26.207251628731107,24.761500747711676,24.19431533141949,0.9
23.466666666666665,26.267803466966598,24.802115893169763,24.21657331226627,0.9
24.53333333333333,26.326822111469212,24.842481414184576,24.239647212331963,0.9
25.599999999999998,26.384389114907464,24.88258843637128,24.263474686255105,0.9
26.666666666666664,26.44058014791545,24.922430127443995,24.287996266342148,0.9
27.73333333333333,26.495465564681307,24.962001292422677,24.3131554106049,0.9
28.8,26.54911089260983,25.00129805080294,24.33889850047702,0.9
29.866666666666667,26.601577258822626,25.04031757892578,24.365174801459208,0.9
30.933333333333334,26.65292176394106,25.07905790422692,24.391936396865518,0.9
32.0,26.703197811690842,25.117517740780055,24.419138102491555,0.9
33.06666666666666,26.752455401308385,25.15569635771973,24.446737368216098,0.9
34.13333333333333,26.800741388457727,25.193593473854662,24.474694171147593,0.9
35.199999999999996,26.848099719334705,25.23120917315168,24.502970903840332,0.9
36.266666666666666,26.894571641798485,25.2685438368593,24.531532260258725,0.9
37.33333333333333,26.940195896691915,25.30559808890426,24.56034512150865,0.9
38.4,26.985008891965073,25.34237275188237,24.589378442840594,0.9
39.46666666666667,27.029044861771272,25.378868811511413,24.618603143028718,0.9
40.53333333333333,27.072336012345783,25.41508738784812,24.647991996917998,0.9
41.6,27.114912656185485,25.45102971191726,24.677519531690127,0.9
42.666666666666664,27.156803335810093,25.486697106675603,24.707161927211335,0.9
43.733333333333334,27.198034938192524,25.522090971452396,24.736896920681957,0.9
44.8,27.23863280078732,25.557212769181675,24.7667037156971,0.9
45.86666666666667,27.278620809956397,25.59206401588055,24.796562895744604,0.9
46.93333333333333,27.318021492484384,25.626646271937837,24.826456342104095,0.9
48.0,27.35685610078699,25.66096113486468,24.856367156064433,0.9
49.06666666666666,27.395144692342207,25.695010233229244,24.886279585343814,0.9
50.13333333333333,27.43290620381255,25.72879522155307,24.91617895457307,0.9
51.199999999999996,27.470158520274154,25.762317775990415,24.946051599687028,0.9
52.266666666666666,27.506918539925266,25.795579590648444,24.975884806059135,0.9
53.33333333333333,27.54320223460804,25.82858237443284,25.005666750209045,0.9
54.4,27.579024706446656,25.86132784832715,25.035386444911286,0.9
55.46666666666666,27.614400240875636,25.893817743031263,25.06503368753393,0.9
56.53333333333333,27.64934235630898,25.92605379689919,25.094599011438962,0.9
57.6,27.68386385067884,25.95803775412742,25.12407364028008,0.9
58.666666666666664,27.7179768450542,25.989771363154794,25.15344944503926,0.9
59.733333333333334,27.75169282453304,26.021256375241258,25.182718903648666,0.9
60.8,27.785022676586795,26.052494543199916,25.21187506305151,0.9
61.86666666666667,27.817976727022668,26.083487620260456,25.24091150356132,0.9
62.93333333333333,27.85056477371707,26.114237359046417,25.26982230538629,0.9
64.0,27.882796118262828,26.144745510651536,25.298602017191776,0.9
65.06666666666666,27.914679595662808,26.175013823803166,25.327245626580385,0.9
66.13333333333333,27.946223602193246,26.205044044102294,25.355748532375998,0.9
67.2,27.977436121552255,26.23483791333182,25.384106518603765,0.9
68.26666666666667,28.00832474940081,26.26439716882559,25.41231573006443,0.9
69.33333333333333,28.03889671639685,26.293723542892167,25.440372649406992,0.9
70.39999999999999,28.069158909816164,26.322818762287824,25.468274075609127,0.9
71.46666666666667,28.099117893848206,26.351684547734376,25.496017103780254,0.9
72.53333333333333,28.128779928648807,26.380322613477542,25.52359910620686,0.9
73.6,28.158150988226833,26.40873466688262,25.55101771456461,0.9
74.66666666666666,28.18723677723708,26.436922408064135,25.578270803226133,0.9
75.73333333333333,28.216042746746577,26.46488752954685,25.605356473597784,0.9
76.8,28.244574109038023,26.49263171595565,25.632273039422344,0.9
77.86666666666666,28.27283585150951,26.520156643732005,25.65901901298894,0.9
78.93333333333334,28.30083274972616,26.547463980875207,25.685593092194292,0.9
80.0,28.328569379675933,26.57455538670629,25.71199414840361,0.9
81.06666666666666,28.356050129278604,26.601432511653393,25.738221215061856,0.9
82.13333333333333,28.38327920919372,26.628096997056588,25.764273477009404,0.9
83.2,28.410260662970604,26.654550474991073,25.790150260459153,0.9
84.26666666666667,28.436998376581005,26.680794568107608,25.815851023594302,0.9
85.33333333333333,28.463496087372025,26.706830889488653,25.84137534774872,0.9
86.39999999999999,28.489757392475138,26.732661042519293,25.866722929134223,0.9
87.46666666666667,28.515785756704577,26.758286620772065,25.891893571081273,0.9
88.53333333333333,28.541584519976333,26.783709207904582,25.916887176761232,0.9
89.6,28.567156904277418,26.808930377569183,25.941703742361113,0.9
90.66666666666666,28.59250602021276,26.833951693333763,25.96634335068244,0.9
91.73333333333333,28.617634873155595,26.858774708613016,25.99080616513867,0.9
92.8,28.642546369025904,26.88340096660955,26.015092424126355,0.9
93.86666666666666,28.66724331971938,26.907832000263813,26.039202435747228,0.9
94.93333333333334,28.69172844820869,26.932069332212865,26.063136572859552,0.9
96.0,28.716004393336707,26.95611447475681,26.08689526843855,0.9
97.06666666666666,28.740073714321007,26.979968929832523,26.110479011226865,0.9
98.13333333333333,28.763938894986932,27.003634188994592,26.133888341657237,0.9
99.2,28.787602347746077,27.027111733402336,26.15712384803064,0.9
100.26666666666667,28.811066417335784,27.050403033812888,26.18018616293411,0.9
101.33333333333333,28.834333384334073,27.073509550579978,26.203075959883616,0.9
102.39999999999999,28.857405468464126,27.0964327336576,26.22579395017805,0.9
103.46666666666667,28.88028483170065,27.11917402260886,26.248340879951346,0.9
104.53333333333333,28.902973581190803,27.141734846618927,26.2707175274105,0.9
105.6,28.925473772000807,27.16411662451243,26.292924700248182,0.9
106.66666666666666,28.947787409698666,27.186320764774614,26.314963233218894,0.9
107.73333333333333,28.969916452783483,27.208348665576036,26.33683398586902,0.9
108.8,28.99186281497027,27.230201714800657,26.358537840410854,0.9
109.86666666666666,29.013628367339532,27.25188129007701,26.38007569973197,0.9
110.93333333333332,29.035214940359484,27.273388758812263,26.401448485531603,0.9
112.0,29.056624325789034,27.29472547822877,26.422657136576074,0.9
113.06666666666666,29.07785827846848,27.31589279540337,26.44370260706601,0.9
114.13333333333333,29.098918518005103,27.336892047308503,26.464585865108468,0.9
115.2,29.119806730359755,27.35772456085586,26.48530789128735,0.9
116.26666666666667,29.140524569340773,27.378391652941723,26.50586967732628,0.9
117.33333333333333,29.16107365801069,27.39889463049391,26.526272224838024,0.9
118.39999999999999,29.18145559001104,27.41923479052084,26.546516544155125,0.9
119.46666666666667,29.201671930810374,27.439413420161426,26.5666036532369,0.9
120.53333333333333,29.221724218880187,27.45943179673689,26.58653457664788,0.9
121.6,29.241613966802834,27.47929118780344,26.606310344603344,0.9
122.66666666666666,29.26134266231609,27.498992851206392,26.62593199207786,0.9
123.73333333333333,29.28091176929764,27.518538035134984,26.645400557972813,0.9
124.8,29.300322728693686,27.537927978178303,26.66471708433935,0.9
125.86666666666666,29.31957695939466,27.557163909382066,26.683882615653328,0.9
126.93333333333332,29.338675859061425,27.57624704830605,26.70289819813888,0.9
128.0,29.357620804904986,27.59517860508231,26.72176487913777,0.9
129.06666666666666,29.376413154422586,27.613959780473877,26.74048370652164,0.9
130.13333333333333,29.39505424609252,27.63259176593401,26.759055728144418,0.9
131.2,29.413545400030653,27.651075743665988,26.777481991332376,0.9
132.26666666666665,29.431887918610492,27.669412886683215,26.79576354240969,0.9
133.33333333333334,29.45008308704936,27.687604358869663,26.813901426257015,0.9
134.4,29.468132173962534,27.70565131504073,26.83189668590122,0.9
135.46666666666667,29.486036431887324,27.723554901004135,26.849750362134248,0.9
136.53333333333333,29.50379709777894,27.74131625362118,26.867463493159338,0.9
137.6,29.521415393479852,27.758936500868085,26.885037114262772,0.9
138.66666666666666,29.538892526164098,27.776416761897494,26.90247225750977,0.9
139.73333333333332,29.55622968875832,27.793758147099943,26.919769951462825,0.9
140.79999999999998,29.573428060340632,27.810961758165462,26.936931220921092,0.9
141.86666666666667,29.59048880651886,27.828028688145128,26.95395708667958,0.9
142.93333333333334,29.60741307978931,27.84496002151268,26.97084856530697,0.9
144.0,29.624202019877142,27.861756834225947,26.987606668940682,0.9
145.06666666666666,29.640856754059705,27.878420193788287,27.004232405098193,0.9
146.13333333333333,29.65737839747355,27.89495115930996,27.020726776503707,0.9
147.2,29.673768053406253,27.91135078156922,27.037090780928985,0.9
148.26666666666665,29.69002681357404,27.927620103073387,27.053325411047645,0.9
149.33333333333331,29.70615575838572,27.943760158119776,27.069431654301802,0.9
150.4,29.72215595719425,27.95977197285633,27.085410492780834,0.9
151.46666666666667,29.738028468536104,27.975656565342078,27.101262903110467,0.9
152.53333333333333,29.753774340359662,27.991414945607463,27.11698985635286,0.9
153.6,29.76939461024282,28.00704811571433,27.13259231791579,0.9
154.66666666666666,29.784890305600914,28.022557069815743,27.148071247471005,0.9
155.73333333333332,29.80026244388512,28.03794279421549,27.163427598881064,0.9
156.79999999999998,29.815512032772116,28.053206267427324,27.178662320133935,0.9
157.86666666666667,29.830640070345435,28.068348460234002,27.193776353285035,0.9
158.93333333333334,29.84564754526903,28.08337033574596,27.208770634406097,0.9
160.0,29.86053543695354,28.098272849459622,27.22364609354051,0.9
161.06666666666666,29.87530471571544,28.113056949315595,27.238403654664722,0.9
162.13333333333333,29.889956342929924,28.127723575756388,27.25304423565512,0.9
163.2,29.904491271177427,28.14227366178387,27.267568748260317,0.9
164.26666666666665,29.918910444384423,28.15670813301643,27.28197809807822,0.9
165.33333333333331,29.933214797958787,28.171027907745707,27.29627318453779,0.9
166.4,29.947405258919925,28.185233896993125,27.31045490088492,0.9
167.46666666666667,29.961482746024043,28.19932700456596,27.32452413417247,0.9
168.53333333333333,29.975448169884928,28.213308127113116,27.338481765253817,0.9
169.6,29.9893024330902,28.227178154180592,27.35232866878014,0.9
170.66666666666666,30.003046430313667,28.24093796826653,27.36606571320058,0.9
171.73333333333332,30.016681048423727,28.254588444875967,27.3796937607657,0.9
172.79999999999998,30.03020716658802,28.268130452575118,27.393213667533534,0.9
173.86666666666667,30.043625656374793,28.28156485304548,27.406626283378476,0.9
174.93333333333334,30.0569373818509,28.29489250113745,27.41993245200224,0.9
176.0,30.070143199676757,28.308114244923587,27.43313301094738,0.9
177.06666666666666,30.0832439591983,28.32123092575156,27.44622879161273,0.9
178.13333333333333,30.096240502536315,28.334243378296723,27.459220619270802,0.9
179.2,30.10913366467297,28.347152430614237,27.472109313086992,0.9
180.26666666666665,30.121924273535996,28.35995890419104,27.48489568614042,0.9
181.33333333333331,30.13461315008053,28.372663613997204,27.497580545446347,0.9
182.4,30.14720110836858,28.385267368537058,27.51016469197994,0.9
183.46666666666667,30.159688955646583,28.39777096989996,27.522648920701435,0.9
184.53333333333333,30.172077492420737,28.41017521381066,27.535034020582376,0.9
185.6,30.184367512530653,28.422480889679285,27.547320774633153,0.9
186.66666666666666,30.196559803220943,28.43468878065106,27.559509959931315,0.9
187.73333333333332,30.208655145211306,28.44679966365553,27.571602347651048,0.9
188.79999999999998,30.220654312764996,28.458814309455473,27.583598703093365,0.9
189.86666666666667,30.232558073755342,28.47073348269558,27.59549978571721,0.9
190.93333333333334,30.244367189731438,28.48255794195049,27.607306349171015,0.9
192.0,30.25608241598168,28.49428843977282,27.619019141325293,0.9
193.06666666666666,30.2677045015968,28.505925722740503,27.630638904305446,0.9
194.13333333333333,30.279234189530595,28.517470531504063,27.64216637452544,0.9
195.2,30.290672216660454,28.528923600833256,27.653602282721568,0.9
196.26666666666665,30.302019313846095,28.54028565966364,27.664947353987063,0.9
197.33333333333331,30.31327620598714,28.551557431142545,27.676202307806793,0.9
198.4,30.32444361208015,28.562739632674887,27.687367858092475,0.9
199.46666666666667,30.33552224527403,28.573832975968504,27.69844471321801,0.9
200.53333333333333,30.346512812924896,28.584838167079226,27.709433576055226,0.9
201.6,30.35741601664974,28.595755906455548,27.720335144009887,0.9
202.66666666666666,30.368232552379354,28.606586888982946,27.731150109057694,0.9
203.73333333333332,30.378963110410208,28.617331804028026,27.74187915778058,0.9
204.79999999999998,30.3896083754557,28.627991335482015,27.752522971403252,0.9
205.86666666666665,30.400169026696535,28.63856616180433,27.76308222582953,0.9
206.93333333333334,30.410645737830258,28.64905695606531,27.773557591679037,0.9
208.0,30.42103917712011,28.659464385989086,27.78394973432393,0.9
209.06666666666666,30.431350007443193,28.66978911399587,27.794259313925448,0.9
210.13333333333333,30.441578886337936,28.680031797244038,27.804486985470692,0.9
211.2,30.451726466050832,28.690193087671634,27.814633398809434,0.9
212.26666666666665,30.461793393582656,28.700273632037938,27.824699198690574,0.9
213.33333333333331,30.471780310734044,28.71027407196442,27.834685024799057,0.9
214.4,30.481687854150156,28.72019504397544,27.84459151179216,0.9
215.46666666666667,30.491516655365377,28.73003717953873,27.854419289336384,0.9
216.53333333333333,30.50126734084697,28.73980110510548,27.86416898214358,0.9
217.6,30.510940532038223,28.749487442149974,27.873841210007512,0.9
218.66666666666666,30.520536845401296,28.759096807209325,27.883436587839977,0.9
219.73333333333332,30.530056892459555,28.768629811922317,27.892955725707093,0.9
220.79999999999998,30.539501279838916,28.77808706306856,27.90239922886505,0.9
221.86666666666665,30.548870609309507,28.787469162606836,27.91176769779644,0.9
222.93333333333334,30.55816547782609,28.796776707713434,27.921061728245398,0.9
224.0,30.567386477568597,28.806010290820023,27.930281911253754,0.9
225.06666666666666,30.576534195981846,28.81517049965151,27.93942883319612,0.9
226.13333333333333,30.58560921581509,28.824257917262994,27.94850307581525,0.9
227.2,30.594612115160864,28.833273122077276,27.957505216257303,0.9
228.26666666666665,30.603543467493814,28.842216687921308,27.966435827106416,0.9
229.33333333333331,30.61240384170853,28.851089184062783,27.97529547641978,0.9
230.4,30.62119380215768,28.859891175246425,27.98408472776214,0.9
231.46666666666667,30.62991390868926,28.86862322172964,27.992804140240008,0.9
232.53333333333333,30.63856471668358,28.877285879318375,28.001454268535998,0.9
233.6,30.64714677708999,28.885879699402402,28.010035662942762,0.9
234.66666666666666,30.655660636463214,28.89440522899031,28.01854886939692,0.9
235.73333333333332,30.664106836999142,28.90286301074431,28.026994429512342,0.9
236.79999999999998,30.67248591657056,28.911253583014805,28.035372880613775,0.9
237.86666666666665,30.68079840876238,28.919577479874604,28.043684755770002,0.9
238.93333333333334,30.68904484290652,28.927835231152923,28.05193058382675,0.9
240.0,30.697225744116423,28.936027362468906,28.060110889439486,0.9
241.06666666666666,30.70534163332149,28.94415439526531,28.068226193105954,0.9
242.13333333333333,30.71339302730085,28.95221684684153,28.076277011198457,0.9
243.2,30.721380438717148,28.96021523038653,28.084263855996117,0.9
244.26666666666665,30.729304376149766,28.96815005501146,28.092187235716626,0.9
245.33333333333331,30.73716534412786,28.97602182578213,28.10004765454808,0.9
246.4,30.7449638431631,28.983831043751124,28.10784561268037,0.9
247.46666666666667,30.752700369782097,28.99157820598953,28.11558160633646,0.9
248.53333333333333,30.760375416558574,28.99926380561874,28.123256127803383,0.9
249.6,30.767989472145175,29.006888331841754,28.130869665463212,0.9
250.66666666666666,30.77554302130506,29.014452269974303,28.138422703823522,0.9
251.73333333333332,30.783036544943272,29.021956101475762,28.14591572354781,0.9
252.79999999999998,30.790470520137617,29.029400303979717,28.153349201485707,0.9
253.86666666666665,30.7978454201696,29.03678535132442,28.16072361070294,0.9
254.93333333333334,30.80516171455476,29.04411171358294,28.16803942051103,0.9
256.0,30.812419869073015,29.051379857093067,28.175297096496834,0.9
257.06666666666666,30.819620345798562,29.058590244486886,28.182497100551867,0.9
258.1333333333333,30.826763603129653,29.065743334720345,28.189639890901383,0.9
259.2,30.83385009581805,29.07283958310245,28.196725922133243,0.9
260.26666666666665,30.840880274998113,29.079879441324156,28.20375564522666,0.9
261.3333333333333,30.84785458821594,29.086863357487196,28.210729507580503,0.9
262.4,30.854773479458046,29.093791776132555,28.21764795304161,0.9
263.46666666666664,30.86163738917976,29.10066513826876,28.22451142193289,0.9
264.5333333333333,30.868446754333533,29.107483881400018,28.23132035108104,0.9
265.59999999999997,30.8752020083971,29.114248439553855,28.23807517384419,0.9
266.6666666666667,30.881903581400838,29.120959243308977,28.24477632013937,0.9
267.73333333333335,30.888551899955722,29.127616719822512,28.251424216469466,0.9
268.8,30.89514738728046,29.134221292857372,28.258019285950514,0.9
269.8666666666667,30.90169046322866,29.140773382808984,28.264561948338283,0.9
270.93333333333334,30.908181544315564,29.147273406732182,28.271052620055006,0.9
272.0,30.914621043744837,29.153721778367725,28.277491714215433,0.9
273.06666666666666,30.921009371434888,29.16011890816881,28.283879640653346,0.9
274.1333333333333,30.927346934045254,29.16646520332674,28.290216805947516,0.9
275.2,30.93363413500227,29.172761067797264,28.296503613447133,0.9
276.26666666666665,30.939871374525147,29.179006902326282,28.302740463297646,0.9
277.3333333333333,30.946059049651574,29.185203104474947,28.3089277524663,0.9
278.4,30.952197554262714,29.19135006864535,28.315065874766745,0.9
279.46666666666664,30.95828727910877,29.197448186105657,28.321155220884613,0.9
280.5333333333333,30.96432861183374,29.203497845014574,28.327196178402048,0.9
281.59999999999997,30.970321937000083,29.2094994304466,28.333189131822163,0.9
282.6666666666667,30.976267636113665,29.2154533244161,28.3391344625938,0.9
283.73333333333335,30.982166087647453,29.221359905901846,28.34503254913532,0.9
284.8,30.98801766706633,29.227219550871215,28.350883766859,0.9
285.8666666666667,30.99382274685063,29.2330326323037,28.356688488194617,0.9
286.93333333333334,30.999581696520053,29.238799520215345,28.362447082613254,0.9
288.0,31.005294882657267,29.24452058168143,28.368159916650704,0.9
289.06666666666666,31.010962668931167,29.25019618086074,28.373827353930697,0.9
290.1333333333333,31.016585416120243,29.255826679017883,28.379449755188116,0.9
291.2,31.02216348213539,29.261412434547122,28.38502747829181,0.9
292.26666666666665,31.0276972220429,29.266953802994358,28.39056087826741,0.9
293.3333333333333,31.03318698808701,29.27245113708051,28.396050307319854,0.9
294.4,31.038633129712316,29.277904786723344,28.401496114855703,0.9
295.46666666666664,31.04403599358629,29.283315099060232,28.40689864750559,0.9
296.5333333333333,31.049395923620924,29.288682418469932,28.412258249145797,0.9
297.59999999999997,31.054713260995275,29.294007086594615,28.417575260920806,0.9
298.66666666666663,31.05998834417649,29.299289442361697,28.422850021264153,0.9
299.73333333333335,31.065221508941953,29.30452982200518,28.428082865920615,0.9
300.8,31.070413088400528,29.30972855908738,28.43327412796727,0.9
301.8666666666667,31.075563413013523,29.314885984519808,28.438424137834627,0.9
302.93333333333334,31.08067281061618,29.32000242658443,28.443533223327915,0.9
304.0,31.085741606438162,29.325078210954725,28.448601709647523,0.9
305.06666666666666,31.090770123124507,29.330113660715934,28.453629919409998,0.9
306.1333333333333,31.0957586807562,29.33510909638604,28.45861817266856,0.9
307.2,31.10070759687037,29.340064835936236,28.463566786933157,0.9
308.26666666666665,31.105617186480682,29.344981194810607,28.468476077190978,0.9
309.3333333333333,31.110487762097346,29.349858485946793,28.473346355926385,0.9
310.4,31.115319633747117,29.354697019795722,28.478177933140763,0.9
311.46666666666664,31.120113108992776,29.359497104341223,28.482971116372177,0.9
312.5333333333333,31.124868492953013,29.364259045119763,28.487726210715056,0.9
313.59999999999997,31.129586088321847,29.36898314523986,28.492443518839707,0.9
314.66666666666663,31.13426619538761,29.373669705401582,28.49712334101118,0.9
315.73333333333335,31.138909112052342,29.378319023915196,28.501765975108725,0.9
316.8,31.143515133850688,29.382931396720622,28.50637171664459,0.9
317.8666666666667,31.14808455396873,29.387507117406077,28.510940858782945,0.9
318.93333333333334,31.152617663262706,29.3920464772268,28.51547369235843,0.9
320.0,31.157114750277273,29.396549765123673,28.519970505894545,0.9
321.06666666666666,31.161576101264252,29.40101726774127,28.52443158562229,0.9
322.1333333333333,31.16600200020059,29.405449269446557,28.528857215498157,0.9
323.2,31.170392728806526,29.409846052346712,28.533247677222278,0.9
324.26666666666665,31.174748566563736,29.414207896307158,28.537603250256495,0.9
325.3333333333333,31.179069790732626,29.41853507896945,28.541924211841746,0.9
326.4,31.18335667637041,29.422827875768835,28.546210837016037,0.9
327.46666666666664,31.187609496348532,29.42708655995172,28.550463398631905,0.9
328.5333333333333,31.191828521369963,29.431311402593263,28.554682167373723,0.9
329.59999999999997,31.19601401998652,29.43550267261453,28.558867411774916,0.9
330.66666666666663,31.2001662586159,29.439660636799584,28.563019398235056,0.9
331.73333333333335,31.20428550155863,29.443785559812515,28.567138391036863,0.9
332.8,31.20837201101503,29.447877704214257,28.571224652363018,0.9
333.8666666666667,31.212426047101754,29.451937330479325,28.57527844231277,0.9
334.93333333333334,31.21644786786834,29.455964697012348,28.57930001891851,0.9
336.0,31.22043772931375,29.459960060164644,28.583289638162256,0.9
337.06666666666666,31.224395885402615,29.463923674250328,28.587247553991908,0.9
338.1333333333333,31.22832258808143,29.46785579156265,28.591174018337426,0.9
339.2,31.232218087294523,29.47175666239,28.59506928112684,0.9
340.26666666666665,31.23608263100007,29.475626535031903,28.598933590302124,0.9
341.3333333333333,31.23991646518575,29.479465655814774,28.602767191835092,0.9
342.4,31.243719833884562,29.483274269107543,28.60657032974289,0.9
343.46666666666664,31.247492979190206,29.487052617337337,28.6103432461037,0.9
344.5333333333333,31.251236141272617,29.4908009410048,28.614086181071976,0.9
345.59999999999997,31.254949558393147,29.49451947869947,28.61779937289387,0.9
346.66666666666663,31.25863346691986,29.498208467114925,28.621483057922344,0.9
347.73333333333335,31.26228810134245,29.501868141063845,28.625137470632154,0.9
348.8,31.26591369428721,29.50549873349302,28.628762843634867,0.9
349.8666666666667,31.269510476531927,29.509100475498084,28.632359407693585,0.9
350.93333333333334,31.273078677020443,29.512673596338345,28.63592739173774,0.9
352.0,31.276618522877293,29.51621832345126,28.63946702287754,0.9
353.06666666666666,31.280130239422167,29.519734882466967,28.64297852641848,0.9
354.1333333333333,31.283614050184337,29.523223497222567,28.646462125875807,0.9
355.2,31.287070176916608,29.52668438977657,28.649918042988457,0.9
356.26666666666665,31.29049883960972,29.53011778042281,28.65334649773335,0.9
357.3333333333333,31.29390025650624,29.533523887704614,28.65674770833944,0.9
358.4,31.297274644114456,29.536902928428653,28.66012189130154,0.9
359.46666666666664,31.300622217222184,29.54025511767873,28.66346926139407,0.9
360.5333333333333,31.303943188910416,29.543580668829474,28.666790031684787,0.9
361.59999999999997,31.30723777056688,29.54687979355995,28.67008441354828,0.9
362.66666666666663,31.310506171899487,29.550152701867294,28.67335261667947,0.9
363.73333333333335,31.3137486009499,29.553399602079597,28.67659484910707,0.9
364.8,31.31696526410628,29.55662070086962,28.67981131720658,0.9
365.8666666666667,31.320156366116848,29.5598162032678,28.683002225713487,0.9
366.93333333333334,31.323322110102783,29.562986312675353,28.686167777736465,0.9
368.0,31.326462697571195,29.566131230877055,28.689308174770176,0.9
369.06666666666666,31.32957832842784,29.569251158054335,28.69242361670808,0.9
370.1333333333333,31.33266920099009,29.57234629279792,28.695514301855326,0.9
371.2,31.335735511999268,29.575416832120204,28.698580426941117,0.9
372.26666666666665,31.338777456633185,29.57846297146819,28.701622187131296,0.9
373.3333333333333,31.341795228518844,29.581484904735717,28.704639776040953,0.9
374.4,31.344789019744475,29.584482824275895,28.70763338574653,0.9
375.46666666666664,31.34775902087201,29.587456920913485,28.710603206798286,0.9
376.5333333333333,31.35070542094905,29.590407383956418,28.713549428232213,0.9
377.59999999999997,31.353628407520755,29.5933344012086,28.716472237582003,0.9
378.66666666666663,31.35652816664211,29.596238158981464,28.719371820891258,0.9
379.73333333333335,31.359404882889567,29.599118842106115,28.72224836272508,0.9
380.8,31.362258739373097,29.60197663394464,28.725102046182307,0.9
381.8666666666667,31.36508991774712,29.604811716402107,28.72793305290619,0.9
382.93333333333334,31.367898598222823,29.607624269938107,28.730741563096952,0.9
384.0,31.370684959579247,29.610414473578377,28.733527755522694,0.9
385.06666666666666,31.373449179175115,29.6131825049258,28.736291807531313,0.9
386.1333333333333,31.37619143295916,29.61592854017196,28.739033895060818,0.9
387.2,31.37891189548234,29.61865275410834,28.74175419265148,0.9
388.26666666666665,31.38161073990854,29.621355320137823,28.744452873456645,0.9
389.3333333333333,31.38428813802552,29.624036410284738,28.74713010925361,0.9
390.4,31.386944260255852,29.626696195206733,28.749786070454554,0.9
391.46666666666664,31.389579275667906,29.62933484420544,28.752420926117512,0.9
392.5333333333333,31.392193351986844,29.631952525237008,28.75503484395749,0.9
393.59999999999997,31.394786655604438,29.634549404922804,28.757627990356095,0.9
394.66666666666663,31.397359351590513,29.637125648560357,28.76020053037311,0.9
395.73333333333335,31.39991160370357,29.639681420133677,28.762752627757006,0.9
396.8,31.40244357440004,29.642216882323392,28.765284444954414,0.9
397.8666666666667,31.404955424845774,29.644732196517612,28.76779614312134,0.9
398.93333333333334,31.40744731492627,29.64722752282216,28.770287882133562,0.9
400.0,31.40991940325583,29.64970302007009,28.77275982059572,0.9
401.06666666666666,31.4123718471886,29.652158845832673,28.775212115852426,0.9
402.1333333333333,31.41480480282882,29.654595156429068,28.777644923998377,0.9
403.2,31.417218425039323,29.657012106935895,28.780058399887057,0.9
404.26666666666665,31.41961286745292,29.659409851197875,28.782452697141867,0.9
405.3333333333333,31.42198828248166,29.661788541836945,28.784827968165658,0.9
406.4,31.42434482132599,29.66414833026218,28.787184364149656,0.9
407.46666666666664,31.426682633985287,29.666489366679937,28.789522035084115,0.9
408.5333333333333,31.429001869266735,29.668811800102333,28.791841129767203,0.9
409.59999999999997,31.4313026747949,29.67111577835772,28.79414179581452,0.9
410.66666666666663,31.433585197021877,29.67340144809988,28.79642417966924,0.9
411.7333333333333,31.435849581235054,29.675668954816732,28.798688426609974,0.9
412.8,31.438095971567996,29.67791844284065,28.800934680761472,0.9
413.8666666666667,31.440324511008715,29.680150055356563,28.803163085103087,0.9
414.93333333333334,31.442535341408686,29.682363934411846,28.80537378147771,0.9
416.0,31.444728603492905,29.684560220925217,28.807566910601768,0.9
417.06666666666666,31.44690443686714,29.68673905469513,28.809742612072565,0.9
418.1333333333333,31.449062980028557,29.68890057440988,28.81190102437886,0.9
419.2,31.451204370373326,29.691044917654796,28.814042284908474,0.9
420.26666666666665,31.453328744205933,29.693172220922566,28.816166529957627,0.9
421.3333333333333,31.455436236747865,29.695282619620915,28.8182738947396,0.9
422.4,31.45752698214566,29.697376248081607,28.820364513392786,0.9
423.46666666666664,31.45960111348055,29.69945323956913,28.82243851899035,0.9
424.5333333333333,31.46165876277536,29.70151372628854,28.824496043547118,0.9
425.59999999999997,31.463700061004783,29.703557839395042,28.826537218029788,0.9
426.66666666666663,31.46572513810173,29.705585709000687,28.82856217236343,0.9
427.7333333333333,31.467734122967432,29.70759746418469,28.83057103544144,0.9
428.8,31.46972714347821,29.709593232999364,28.83256393513239,0.9
429.8666666666667,31.47170432649463,29.711573142480542,28.83454099828916,0.9
430.93333333333334,31.473665797868886,29.713537318653668,28.83650235075629,0.9
432.0,31.475611682453312,29.71548588654349,28.83844811737853,0.9
433.06666666666666,31.477542104107904,29.717418970180567,28.840378422008413,0.9
434.1333333333333,31.479457185708572,29.71933669261046,28.84229338751434,0.9
435.2,31.481357049154692,29.721239175900426,28.844193135788316,0.9
436.26666666666665,31.483241815377,29.723126541148204,28.846077787753753,0.9
437.3333333333333,31.48511160434528,29.724998908488732,28.847947463373135,0.9
438.4,31.486966535075933,29.726856397102825,28.849802281655656,0.9
439.46666666666664,31.48880672563963,29.728699125223677,28.85164236066483,0.9
440.5333333333333,31.490632293168833,29.73052721014554,28.853467817526013,0.9
441.59999999999997,31.492443353865063,29.732340768229932,28.855278768433703,0.9
442.66666666666663,31.494240023006725,29.734139914914426,28.85707532865926,0.9
443.7333333333333,31.496022414955767,29.73592476471845,28.858857612557753,0.9
444.8,31.497790643165875,29.737695431252426,28.860625733575947,0.9
445.8666666666667,31.49954482018854,29.739452027222764,28.862379804258516,0.9
446.93333333333334,31.501285057681688,29.741194664441554,28.864119936256635,0.9
448.0,31.503011466414915,29.742923453831125,28.86584624033317,0.9
449.06666666666666,31.50472415627884,29.744638505433393,28.867558826372072,0.9
450.1333333333333,31.50642323628951,29.746339928415058,28.8692578033828,0.9
451.2,31.508108814597797,29.748027831075866,28.87094327950965,0.9
452.26666666666665,31.509780998494403,29.74970232085469,28.872615362036807,0.9
453.3333333333333,31.511439894417858,29.751363504336602,28.874274157396368,0.9
454.4,31.51308560796076,29.753011487260075,28.87591977117452,0.9
455.46666666666664,31.51471824387641,29.75464637452259,28.877552308118226,0.9
456.5333333333333,31.516337906086324,29.756268270189278,28.879171872142685,0.9
457.59999999999997,31.517944697685255,29.757877277496824,28.880778566336396,0.9
458.66666666666663,31.51953872094978,29.75947349886275,28.882372492969733,0.9
459.7333333333333,31.521120077342726,29.76105703589007,28.883953753499398,0.9
460.8,31.52268886752131,29.762627989374533,28.88552244857648,0.9
461.8666666666667,31.52424519134273,29.76418645931133,28.887078678052134,0.9
462.93333333333334,31.525789147870316,29.765732544900207,28.888622540983647,0.9
464.0,31.52732083538114,29.767266344553715,28.890154135642224,0.9
465.06666666666666,31.528840351370032,29.768787955901274,28.891673559516715,0.9
466.1333333333333,31.53034779255806,29.770297475797125,28.893180909322318,0.9
467.2,31.531843254897318,29.771795000325923,28.894676281005307,0.9
468.26666666666665,31.53332683357717,29.773280624808226,28.896159769749314,0.9
469.3333333333333,31.534798623031563,29.774754443808,28.897631469982564,0.9
470.4,31.536258716942637,29.776216551136823,28.89909147538147,0.9
471.46666666666664,31.537707208249024,29.777667039861253,28.900539878879083,0.9
472.5333333333333,31.539144189150683,29.779106002308676,28.901976772669716,0.9
473.59999999999997,31.54056975111447,29.780533530071924,28.90340224821471,0.9
474.66666666666663,31.541983984881217,29.781949714016793,28.904816396249416,0.9
475.7333333333333,31.5433869804698,29.783354644286575,28.906219306787225,0.9
476.8,31.54477882718406,29.784748410308104,28.907611069126556,0.9
477.8666666666667,31.546159613618933,29.78613110079851,28.908991771856996,0.9
478.93333333333334,31.54752942766403,29.78750280376862,28.910361502862806,0.9
480.0,31.54888835651139,29.78886360653058,28.911720349330768,0.9
481.06666666666666,31.550236486660243,29.790213595703218,28.91306839775485,0.9
482.1333333333333,31.551573903921856,29.791552857215848,28.914405733941116,0.9
483.2,31.5529006934262,29.79288147631578,28.915732443014388,0.9
484.26666666666665,31.554216939626485,29.79419953757299,28.91704860942274,0.9
485.3333333333333,31.555522726304673,29.795507124884747,28.918354316943045,0.9
486.4,31.55681813657741,29.79680432148225,28.91964964868696,0.9
487.46666666666664,31.558103252900416,29.798091209935144,28.92093468710516,0.9
488.5333333333333,31.55937815707418,29.799367872156637,28.922209513993195,0.9
489.59999999999997,31.560642930249735,29.800634389409467,28.92347421049715,0.9
490.66666666666663,31.561897652932544,29.801890842310428,28.924728857117646,0.9
491.7333333333333,31.56314240498854,29.803137310835442,28.925973533715748,0.9
492.8,31.56437726564945,29.804373874325346,28.927208319518414,0.9
493.8666666666667,31.565602313516766,29.805600611490302,28.928433293122332,0.9
494.93333333333334,31.566817626567573,29.806817600414785,28.929648532499883,0.9
496.0,31.568023282159658,29.808024918563074,28.930854115004134,0.9
497.06666666666666,31.56921935703567,29.809222642784025,28.932050117373116,0.9
498.1333333333333,31.57040592732843,29.8104108493152,28.933236615735034,0.9
499.2,31.571583068566042,29.81158961378874,28.934413685613393,0.9
500.26666666666665,31.572750855676436,29.812759011236253,28.935581401931596,0.9
501.3333333333333,31.573909362991664,29.81391911609203,28.93673983901717,0.9
502.4,31.575058664253376,29.815070002199388,28.93788907060732,0.9
503.46666666666664,31.576198832617933,29.81621174281576,28.939029169853956,0.9
504.5333333333333,31.57732994065901,29.817344410614755,28.940160209326343,0.9
505.59999999999997,31.578452060374286,29.81846807769342,28.941282261017825,0.9
506.66666666666663,31.579565263189906,29.819582815576158,28.94239539635021,0.9
507.7333333333333,31.58066961996328,29.820688695218436,28.94349968617658,0.9
508.8,31.581765200989345,29.821785787011937,28.944595200787635,0.9
509.8666666666667,31.582852076004468,29.822874160789056,28.94568200991555,0.9
510.93333333333334,31.583930314191043,29.823953885827965,28.946760182738444,0.9
512.0,31.584999984181003,29.825025030854967,28.947829787884164,0.9
513.0666666666666,31.586061154061298,29.82608766405099,28.94889089343549,0.9
514.1333333333333,31.58711389137854,29.827141853055576,28.949943566934973,0.9
515.1999999999999,31.58815826314129,29.82818766497004,28.950987875387074,0.9
516.2666666666667,31.58919433582633,29.829225166362622,28.952023885264563,0.9
517.3333333333334,31.590222175382056,29.83025442327255,28.953051662511832,0.9
518.4,31.59124184723341,29.831275501215323,28.954071272549857,0.9
519.4666666666667,31.59225341628422,29.832288465184032,28.95508278027855,0.9
520.5333333333333,31.593256946923315,29.83329337965637,28.956086250082826,0.9
521.6,31.59425250302799,29.83429030859751,28.95708174583612,0.9
522.6666666666666,31.59524014796779,29.83527931546476,28.958069330904078,0.9
523.7333333333333,31.596219944608276,29.836260463210124,28.959049068148524,0.9
524.8,31.597191955315797,29.83723381428601,28.960021019931972,0.9
525.8666666666667,31.59815624196148,29.838199430648686,28.960985248121844,0.9
526.9333333333333,31.599112865924248,29.839157373762067,28.9619418140933,0.9
528.0,31.60006188809526,29.840107704601042,28.962890778733843,0.9
529.0666666666666,31.601003368881948,29.841050483656417,28.963832202447218,0.9
530.1333333333333,31.601937368212184,29.84198577093852,28.964766145157675,0.9
531.1999999999999,31.60286394553698,29.842913625980685,28.965692666312613,0.9
532.2666666666667,31.60378315983499,29.84383410784265,28.96661182488712,0.9
533.3333333333334,31.60469506961632,29.844747275115285,28.967523679387757,0.9
534.4,31.60559973292645,29.84565318592395,28.96842828785649,0.9
535.4666666666667,31.60649720734931,29.846551897932308,28.96932570787373,0.9
536.5333333333333,31.607387550010927,29.847443468344913,28.970215996562064,0.9
537.6,31.60827081758373,29.848327953912438,28.97109921059048,0.9
538.6666666666666,31.609147066289797,29.849205410934285,28.971975406177677,0.9
539.7333333333333,31.61001635190491,29.850075895263537,28.972844639096003,0.9
540.8,31.61087872976044,29.850939462307604,28.973706964673504,0.9
541.8666666666667,31.611734254748946,29.851796167034774,28.974562437799406,0.9
542.9333333333333,31.612582981326362,29.852646063976135,28.975411112926345,0.9
544.0,31.613424963516962,29.8534892072302,28.97625304407532,0.9
545.0666666666666,31.614260254914125,29.85432565046467,28.977088284836455,0.9
546.1333333333333,31.615088908686175,29.855155446920914,28.977916888374846,0.9
547.1999999999999,31.615910977578817,29.855978649417455,28.97873890743301,0.9
548.2666666666667,31.61672651391875,29.856795310352968,28.979554394334514,0.9
549.3333333333334,31.617535569617228,29.857605481710685,28.980363400987404,0.9
550.4,31.61833819617185,29.858409215058927,28.981165978886164,0.9
551.4666666666667,31.619134444671893,29.859206561557443,28.981962179117005,0.9
552.5333333333333,31.619924365800237,29.85999757195908,28.982752052359697,0.9
553.6,31.620708009837703,29.86078229661377,28.983535648892055,0.9
554.6666666666666,31.6214854266649,29.861560785471283,28.984313018591617,0.9
555.7333333333333,31.62225666576592,29.862333088083705,28.985084210939508,0.9
556.8,31.623021776232058,29.863099253610105,28.985849275024062,0.9
557.8666666666667,31.62378080676421,29.86385933081852,28.986608259543175,0.9
558.9333333333333,31.62453380567703,29.864613368090005,28.987361212808622,0.9
560.0,31.625280820900322,29.865361413420878,28.988108182747244,0.9
561.0666666666666,31.626021899983137,29.86610351442551,28.988849216905265,0.9
562.1333333333333,31.62675709009703,29.866839718340522,28.989584362451343,0.9
563.1999999999999,31.62748643803837,29.867570072026886,28.99031366617903,0.9
564.2666666666667,31.628209990232342,29.868294621973547,28.991037174510726,0.9
565.3333333333334,31.628927792734615,29.869013414300124,28.991754933499227,0.9
566.4,31.62963989123465,29.869726494758783,28.992466988831286,0.9
567.4666666666667,31.630346331059332,29.870433908738963,28.993173385831042,0.9
568.5333333333333,31.631047157175086,29.87113570126911,28.99387416946216,0.9
569.6,31.63174241419119,29.8718319170199,28.994569384331236,0.9
570.6666666666666,31.63243214636299,29.872522600307974,28.995259074690924,0.9
571.7333333333333,31.633116397592776,29.873207795096,28.99594328444084,0.9
572.8,31.63379521143489,29.873887544998333,28.996622057132733,0.9
573.8666666666667,31.63446863109742,29.874561893282745,28.997295435972024,0.9
574.9333333333333,31.635136699444963,29.875230882872902,28.99796346382073,0.9
576.0,31.635799459002218,29.87589455635195,28.998626183200987,0.9
577.0666666666666,31.63645695195506,29.87655295596437,28.99928363629609,0.9
578.1333333333333,31.637109220154215,29.877206123618297,28.999935864954235,0.9
579.1999999999999,31.637756305118202,29.877854100889518,29.000582910691413,0.9
580.2666666666667,31.638398248035426,29.878496929023292,29.001224814693547,0.9
581.3333333333333,31.6390350897669,29.879134648936986,29.001861617819166,0.9
582.4,31.639666870849904,29.87976730122359,29.002493360603125,0.9
583.4666666666667,31.64029363149814,29.880394926152615,29.003120083256622,0.9
584.5333333333333,31.640915411606283,29.881017563673527,29.003741825671966,0.9
585.6,31.641532250752224,29.8816352534188,29.00435862742464,0.9
586.6666666666666,31.642144188199143,29.882248034705785,29.004970527775416,0.9
587.7333333333333,31.642751262898148,29.88285594653933,29.005577565673086,0.9
588.8,31.64335351349167,29.88345902761492,29.00617977975771,0.9
589.8666666666667,31.643950978313946,29.884057316320092,29.006777208361186,0.9
590.9333333333333,31.644543695394745,29.884650850736772,29.007369889511008,0.9
592.0,31.645131702462038,29.885239668644974,29.007957860932844,0.9
593.0666666666666,31.645715036943844,29.88582380752437,29.008541160052452,0.9
594.1333333333333,31.646293735970637,29.886403304556644,29.009119823998038,0.9
595.1999999999999,31.646867836378135,29.886978196628107,29.009693889603138,0.9
596.2666666666667,31.64743737470974,29.88754852033295,29.010263393408877,0.9
597.3333333333333,31.648002387217065,29.888114311972554,29.010828371664694,0.9
598.4,31.648562909864598,29.888675607560987,29.011388860332897,0.9
599.4666666666667,31.649118978331064,29.889232442826156,29.011944895090064,0.9
600.5333333333333,31.64967062801137,29.889784853211832,29.012496511328926,0.9
601.6,31.650217894019217,29.890332873880165,29.013043744161063,0.9
602.6666666666666,31.65076081118988,29.89087653971417,29.01358662841966,0.9
603.7333333333333,31.651299414081297,29.891415885319983,29.014125198660548,0.9
604.8,31.651833736976275,29.891950945027336,29.01465948916445,0.9
605.8666666666667,31.652363813885806,29.89248175289418,29.0151895339403,0.9
606.9333333333333,31.652889678550693,29.893008342707777,29.015715366726862,0.9
608.0,31.65341136444327,29.893530747986738,29.016237020994424,0.9
609.0666666666666,31.653928904770016,29.89404900198328,29.016754529947455,0.9
610.1333333333333,31.65444233247385,29.894563137685566,29.017267926526923,0.9
611.1999999999999,31.654951680236064,29.89507318782034,29.017777243412066,0.9
612.2666666666667,31.655456980477087,29.895579184852554,29.018282513021386,0.9
613.3333333333333,31.655958265360542,29.89608116099013,29.01878376751656,0.9
614.4,31.656455566794513,29.89657914818514,29.019281038803715,0.9
615.4666666666667,31.656948916433333,29.89707317813565,29.019774358535305,0.9
616.5333333333333,31.657438345679807,29.897563282287738,29.020263758112193,0.9
617.6,31.65792388568716,29.898049491837575,29.020749268685712,0.9
618.6666666666666,31.658405567361914,29.89853183773413,29.021230921160562,0.9
619.7333333333333,31.658883421363722,29.899010350679756,29.021708746194474,0.9
620.8,31.65935747810887,29.899485061132385,29.022182774201937,0.9
621.8666666666667,31.65982776777225,29.89995599930856,29.022653035355976,0.9
622.9333333333333,31.660294320289,29.900423195184693,29.023119559589933,0.9
624.0,31.66075716535621,29.900886678498853,29.023582376599112,0.9
625.0666666666666,31.66121633243499,29.90134647875278,29.024041515842818,0.9
626.1333333333333,31.661671850752313,29.90180262521376,29.024497006546262,0.9
627.1999999999999,31.662123749303646,29.902255146917028,29.024948877703174,0.9
628.2666666666667,31.662572056853126,29.902704072666793,29.02539715807588,0.9
629.3333333333333,31.663016801936163,29.90314943103759,29.025841876198122,0.9
630.4,31.663458012861934,29.903591250377612,29.02628306037733,0.9
631.4666666666667,31.66389571771459,29.904029558809707,29.026720738695964,0.9
632.5333333333333,31.664329944355085,29.9044643842334,29.027154939013304,0.9
633.6,31.66476072042289,29.904895754326148,29.027585688967125,0.9
634.6666666666666,31.665188073337863,29.905323696545658,29.028013015975624,0.9
635.7333333333333,31.665612030301983,29.90574823813138,29.028436947239136,0.9
636.8,31.666032618302037,29.906169406107285,29.028857509742828,0.9
637.8666666666667,31.666449864108504,29.906587227280994,29.02927473025551,0.9
638.9333333333333,31.666863794280044,29.907001728247614,29.029688635334278,0.9
640.0,31.667274435164337,29.90741293539116,29.0300992513252,0.9
641.0666666666666,31.667681812899712,29.907820874885967,29.03050660436502,0.9
642.1333333333333,31.668085953416732,29.90822557269846,29.030910720382717,0.9
643.1999999999999,31.668486882439773,29.908627054588422,29.03131162510114,0.9
644.2666666666667,31.66888462548891,29.909025346111143,29.03170934403876,0.9
645.3333333333333,31.669279207881306,29.90942047261869,29.032103902511267,0.9
646.4,31.669670654733835,29.909812459262405,29.032495325634,0.9
647.4666666666667,31.67005899096256,29.9102013309931,29.032883638321458,0.9
648.5333333333333,31.67044424128567,29.910587112562798,29.03326886529039,0.9
649.6,31.67082643022533,29.910969828527474,29.03365103106145,0.9
650.6666666666666,31.671205582108765,29.911349503247944,29.0340301599604,0.9
651.7333333333333,31.67158172107001,29.911726160891472,29.034406276119807,0.9
652.8,31.671954871051067,29.91209982543315,29.03477940348022,0.9
653.8666666666667,31.67232505580381,29.912470520657553,29.035149565792068,0.9
654.9333333333333,31.6726922988913,29.91283827016026,29.03551678661699,0.9
656.0,31.67305662368937,29.913203097349314,29.035881089329393,0.9
657.0666666666666,31.673418053388872,29.9135650254474,29.036242497118764,0.9
658.1333333333333,31.673776610995255,29.9139240774921,29.03660103298909,0.9
659.1999999999999,31.674132319331214,29.914280276337287,29.036956719761726,0.9
660.2666666666667,31.674485201038483,29.914633644655943,29.037309580077025,0.9
661.3333333333333,31.674835278578822,29.914984204940833,29.037659636395393,0.9
662.4,31.67518257423553,29.91533197950592,29.038006910998767,0.9
663.4666666666667,31.67552711011484,29.91567699048802,29.03835142599204,0.9
664.5333333333333,31.675868908147176,29.916019259847737,29.03869320330431,0.9
665.6,31.676207990088763,29.916358809371317,29.039032264690483,0.9
666.6666666666666,31.6765443775229,29.91669566067182,29.039368631732554,0.9
667.7333333333333,31.67687809186141,29.917029835190576,29.039702325841052,0.9
668.8,31.67720915434682,29.917361354199244,29.040033368257184,0.9
669.8666666666667,31.677537586051447,29.91769023879962,29.04036178005202,0.9
670.9333333333333,31.677863407880487,29.91801650992547,29.040687582129475,0.9
672.0,31.67818664057331,29.91834018834475,29.04101079522768,0.9
673.0666666666666,31.67850730470448,29.918661294660403,29.04133143991992,0.9
674.1333333333333,31.678825420684973,29.91897984931158,29.04164953661599,0.9
675.1999999999999,31.6791410087638,29.919295872575173,29.041965105563623,0.9
676.2666666666667,31.679454089028713,29.919609384566698,29.042278166849364,0.9
677.3333333333333,31.67976468140802,29.919920405241882,29.042588740400323,0.9
678.4,31.68007280567161,29.92022895439793,29.042896845985172,0.9
679.4666666666667,31.68037848143228,29.92053505167468,29.04320250321552,0.9
680.5333333333333,31.680681728147,29.920838716555853,29.0435057315472,0.9
681.6,31.680982565118992,29.92113996837119,29.04380655028222,0.9
682.6666666666666,31.68128101149656,29.921438826295816,29.04410497856773,0.9
683.7333333333333,31.681577086276302,29.92173530935223,29.044401035399176,0.9
684.8,31.681870808304097,29.922029436412323,29.044694739621313,0.9
685.8666666666667,31.682162196276096,29.92232122619801,29.044986109929138,0.9
686.9333333333333,31.6824512687398,29.92261069728242,29.04527516486905,0.9
688.0,31.682738044095437,29.922897868091074,29.04556192284014,0.9
689.0666666666666,31.683022540596962,29.923182756903206,29.04584640209525,0.9
690.1333333333333,31.6833047763531,29.92346538185245,29.046128620742035,0.9
691.1999999999999,31.68358476932886,29.92374576092862,29.046408596744403,0.9
692.2666666666667,31.6838625373464,29.92402391197843,29.04668634792343,0.9
693.3333333333333,31.68413809808628,29.924299852706813,29.046961891958606,0.9
694.4,31.68441146908853,29.924573600677995,29.047235246388883,0.9
695.4666666666667,31.68468266775465,29.924845173317237,29.047506428614714,0.9
696.5333333333333,31.684951711346702,29.925114587910954,29.04777545589715,0.9
697.6,31.68521861698953,29.92538186160727,29.04804234535995,0.9
698.6666666666666,31.685483401672325,29.9256470114188,29.048307113991285,0.9
699.7333333333333,31.685746082249295,29.925910054222992,29.04856977864435,0.9
700.8,31.6860066754407,29.926171006763177,29.04883035603839,0.9
701.8666666666667,31.686265197833883,29.92642988564958,29.049088862759735,0.9
702.9333333333333,31.68652166588447,29.9266867073605,29.049345315263032,0.9
704.0,31.686776095917278,29.92694148824333,29.0495997298721,0.9
705.0666666666666,31.68702850412727,29.927194244515306,29.049852122780898,0.9
706.1333333333333,31.687278906580833,29.927444992264984,29.05010251005487,0.9
707.1999999999999,31.687527319216652,29.927693747453024,29.050350907631717,0.9
708.2666666666667,31.687773757846735,29.927940525913257,29.050597331322496,0.9
709.3333333333333,31.68801823815746,29.92818534335367,29.050841796812623,0.9
710.4,31.68826077571058,29.928428215357485,29.051084319662948,0.9
711.4666666666667,31.688501385945088,29.9286691573848,29.05132491531147,0.9
712.5333333333333,31.68874008417562,29.92890818477181,29.05156359907192,0.9
713.6,31.688976885595707,29.92914531273271,29.05180038613691,0.9
714.6666666666666,31.689211805278326,29.92938055636127,29.052035291578523,0.9
715.7333333333333,31.689444858176703,29.92961393063135,29.052268330349037,0.9
716.8,31.68967605912522,29.929845450397785,29.052499517281966,0.9
717.8666666666667,31.689905422840347,29.93007513039736,29.052728867092895,0.9
718.9333333333333,31.69013296392163,29.93030298524973,29.052956394380445,0.9
720.0,31.690358696852687,29.930529029458487,29.053182113627404,0.9
721.0666666666666,31.69058263600188,29.930753277411846,29.053406039201235,0.9
722.1333333333333,31.690804795623436,29.93097574338363,29.05362818535528,0.9
723.1999999999999,31.69102518985831,29.931196441534347,29.053848566229686,0.9
724.2666666666667,31.691243832735104,29.931415385911926,29.054067195852173,0.9
725.3333333333333,31.69146073817093,29.931632590452672,29.05428408813903,0.9
726.4,31.691675919972333,29.931848068982152,29.054499256895937,0.9
727.4666666666667,31.691889391836078,29.932061835216025,29.05471271581885,0.9
728.5333333333333,31.69210116735035,29.932273902761146,29.054924478495114,0.9
729.6,31.692311259995854,29.932484285116907,29.055134558404657,0.9
730.6666666666666,31.692519683144642,29.932692995673886,29.05534296891867,0.9
731.7333333333333,31.69272645006325,29.93290004771681,29.055549723302903,0.9
732.8,31.692931573912944,29.93310545442505,29.05575483471783,0.9
733.8666666666667,31.69313506775034,29.933309228873245,29.055958316219282,0.9
734.9333333333333,31.693336944528316,29.93351138403215,29.05616018075931,0.9
736.0,31.69353721709681,29.933711932769427,29.056360441187127,0.9
737.0666666666666,31.693735898203627,29.933910887850455,29.056559110249736,0.9
738.1333333333333,31.69393300049526,29.934108261939162,29.056756200592893,0.9
739.1999999999999,31.69412853651791,29.934304067599037,29.056951724761987,0.9
740.2666666666667,31.694322518717765,29.934498317293475,29.057145695202475,0.9
741.3333333333333,31.694514959442202,29.934691023386854,29.057338124260998,0.9
742.4,31.694705870940545,29.934882198145395,29.05752902418614,0.9
743.4666666666667,31.694895265364785,29.93507185373783,29.057718407129137,0.9
744.5333333333333,31.695083154770256,29.93526000223614,29.05790628514461,0.9
745.6,31.69526955111658,29.93544665561642,29.058092670191435,0.9
746.6666666666666,31.695454466268277,29.935631825759565,29.05827757413344,0.9
747.7333333333333,31.695637911995618,29.935815524452074,29.058461008740153,0.9
748.8,31.695819899975408,29.93599776338683,29.058642985687705,0.9
749.8666666666667,31.69600044179238,29.93617855416441,29.05882351656009,0.9
750.9333333333333,31.696179548937874,29.93635790829238,29.059002612847973,0.9
752.0,31.6963572328122,29.936535837186515,29.05918028595094,0.9
753.0666666666666,31.696533504725377,29.936712352172442,29.059356547178375,0.9
754.1333333333333,31.696708375897543,29.93688746448578,29.059531407749706,0.9
755.1999999999999,31.696881857459655,29.93706118527283,29.059704878795248,0.9
756.2666666666667,31.697053960454245,29.937233525591363,29.059876971356815,0.9
757.3333333333333,31.697224695836095,29.93740449641125,29.06004769638855,0.9
758.4,31.697394074472907,29.937574108615184,29.060217064757484,0.9
759.4666666666667,31.69756210714598,29.937742372999388,29.060385087244295,0.9
760.5333333333333,31.697728804551016,29.937909300274235,29.060551774544,0.9
761.6,31.697894177298846,29.938074901065185,29.0607171372668,0.9
762.6666666666666,31.698058235915678,29.93823918591305,29.06088118593826,0.9
763.7333333333333,31.698220990844238,29.93840216527487,29.061043931000473,0.9
764.8,31.69838245244422,29.938563849524687,29.06120538281255,0.9
765.8666666666667,31.698542630993078,29.9387242489541,29.061365551651242,0.9
766.9333333333333,31.698701536686524,29.938883373772867,29.061524447711715,0.9
768.0,31.698859179639264,29.93904123410966,29.061682081108014,0.9
769.0666666666666,31.69901556988564,29.93919784001265,29.061838461873894,0.9
770.1333333333333,31.699170717380245,29.93935320145014,29.061993599963337,0.9
771.1999999999999,31.699324631998543,29.93950732831125,29.062147505251207,0.9
772.2666666666667,31.6994773235376,29.939660230406506,29.062300187533978,0.9
773.3333333333333,31.699628801716692,29.939811917468575,29.06245165653034,0.9
774.4,31.699779076178434,29.939962399153377,29.06260192188231,0.9
775.4666666666667,31.6999281564875,29.940111685038953,29.062750993154033,0.9
776.5333333333333,31.700076052133046,29.940259784627397,29.062898879834023,0.9
777.6,31.70022277252894,29.94040670734558,29.063045591335616,0.9
778.6666666666666,31.700368327014342,29.940552462545483,29.06319113699739,0.9
779.7333333333333,31.70051272485412,29.94069705950478,29.063335526083655,0.9
780.8,31.700655975239552,29.940840507427417,29.063478767785128,0.9
781.8666666666667,31.70079808728886,29.940982815444226,29.063620871219495,0.9
782.9333333333333,31.700939070047813,29.941123992613406,29.06376184543196,0.9
784.0,31.701078932490304,29.941264047921237,29.063901699395863,0.9
785.0666666666666,31.701217683518863,29.941402990282562,29.064040442013237,0.9
786.1333333333333,31.701355331965352,29.941540828541378,29.06417808211536,0.9
787.1999999999999,31.701491886591377,29.941677571471388,29.064314628463332,0.9
788.2666666666667,31.701627356089162,29.941813227776773,29.064450089748856,0.9
789.3333333333333,31.701761749081527,29.941947806092326,29.064584474594216,0.9
790.4,31.70189507412283,29.942081314984147,29.064717791553257,0.9
791.4666666666667,31.70202733969955,29.942213762950416,29.06485004911193,0.9
792.5333333333333,31.70215855423069,29.94234515842174,29.064981255688735,0.9
793.6,31.702288726068385,29.942475509761785,29.065111419635315,0.9
794.6666666666666,31.70241786349835,29.942604825267694,29.06524054923687,0.9
795.7333333333333,31.702545974740506,29.94273311317073,29.065368652712802,0.9
796.8,31.70267306794939,29.94286038163664,29.06549573821722,0.9
797.8666666666667,31.702799151214812,29.942986638766403,29.065621813839364,0.9
798.9333333333333,31.702924232562218,29.943111892596562,29.06574688760423,0.9
800.0,31.703048319953346,29.943236151099804,29.065870967473096,0.9
801.0666666666666,31.70317142128665,29.943359422185473,29.065994061343876,0.9
802.1333333333333,31.70329354439782,29.943481713700063,29.066116177051857,0.9
803.1999999999999,31.70341469706037,29.943603033427816,29.066237322370046,0.9
804.2666666666667,31.703534886986713,29.94372338909169,29.06635750501038,0.9
805.3333333333333,31.70365412182644,29.943842788352075,29.06647673262199,0.9
806.4,31.703772409169027,29.943961238808775,29.066595012793908,0.9
807.4666666666666,31.70388975654375,29.94407874800143,29.066712353054942,0.9
808.5333333333333,31.70400617142004,29.944195323409737,29.066828760874063,0.9
809.6,31.704121661207992,29.944310972454037,29.06694424366093,0.9
810.6666666666666,31.704236233258808,29.944425702495653,29.0670588087663,0.9
811.7333333333333,31.704349894865267,29.94453952083744,29.067172463482507,0.9
812.8,31.704462653262205,29.944652434724205,29.067285215043924,0.9
813.8666666666667,31.704574515626927,29.94476445134318,29.06739707062747,0.9
814.9333333333333,31.704685489079765,29.944875577824476,29.067508037353008,0.9
816.0,31.70479558068446,29.944985821241584,29.06761812228386,0.9
817.0666666666666,31.704904797448567,29.94509518861174,29.067727332427165,0.9
818.1333333333333,31.705013146324,29.945203686896427,29.06783567473441,0.9
819.1999999999999,31.70512063420741,29.945311323001825,29.067943156101823,0.9
820.2666666666667,31.705227267940668,29.945418103779208,29.068049783370856,0.9
821.3333333333333,31.705333054311254,29.945524036025436,29.068155563328588,0.9
822.4,31.705438000052855,29.94562912648348,29.068260502708302,0.9
823.4666666666666,31.70554211184536,29.945733381842476,29.06836460818946,0.9
824.5333333333333,31.705645396315727,29.94583680873848,29.068467886398658,0.9
825.6,31.705747860038255,29.945939413754857,29.068570343909744,0.9
826.6666666666666,31.705849509535017,29.946041203422663,29.06867198724443,0.9
827.7333333333333,31.70595035127622,29.946142184221042,29.068772822872532,0.9
828.8,31.70605039168073,29.946242362577717,29.068872857212508,0.9
829.8666666666667,31.706149637116283,29.946341744869223,29.068972096631732,0.9
830.9333333333333,31.706248093900115,29.946440337421453,29.069070547447026,0.9
832.0,31.706345768299215,29.9465381465101,29.06916821592503,0.9
833.0666666666666,31.70644266653077,29.946635178360886,29.06926510828253,0.9
834.1333333333333,31.70653879476259,29.94673143915014,29.069361230686997,0.9
835.1999999999999,31.70663415911347,29.94682693500507,29.0694565892568,0.9
836.2666666666667,31.70672876565354,29.9469216720042,29.069551190061745,0.9
837.3333333333333,31.706822620404733,29.94701565617777,29.069645039123383,0.9
838.4,31.706915729341134,29.947108893508094,29.069738142415453,0.9
839.4666666666666,31.707008098389355,29.94720138992994,29.069830505864193,0.9
840.5333333333333,31.70709973342889,29.94729315133093,29.069922135348733,0.9
841.6,31.707190640292684,29.94738418355202,29.070013036701706,0.9
842.6666666666666,31.707280824767672,29.94747449238812,29.07010321570964,0.9
843.7333333333333,31.707370292593872,29.94756408358731,29.070192678112214,0.9
844.8,31.707459049465868,29.947652962851933,29.070281429603707,0.9
845.8666666666667,31.707547101033263,29.94774113583938,29.07036947583335,0.9
846.9333333333333,31.707634452900756,29.947828608162023,29.070456822405486,0.9
848.0,31.70772111062846,29.9479153853877,29.07054347487995,0.9
849.0666666666666,31.70780707973237,29.948001473039987,29.070629438772347,0.9
850.1333333333333,31.70789236568465,29.948086876598584,29.070714719554513,0.9
851.1999999999999,31.7079769739139,29.948171601499592,29.070799322654754,0.9
852.2666666666667,31.708060909805678,29.94825565313599,29.070883253458273,0.9
853.3333333333333,31.708144178702657,29.948339036857824,29.07096651730743,0.9
854.4,31.708226785905133,29.94842175797272,29.071049119502195,0.9
855.4666666666666,31.708308736671242,29.948503821746016,29.071131065300374,0.9
856.5333333333333,31.70839003621735,29.94858523340131,29.071212359918036,0.9
857.6,31.70847068971835,29.948665998120624,29.07129300852976,0.9
858.6666666666666,31.708550702308052,29.948746121044852,29.071373016269035,0.9
859.7333333333333,31.708630079079427,29.948825607273974,29.071452388228522,0.9
860.8,31.708708825084976,29.94890446186748,29.07153112946043,0.9
861.8666666666667,31.70878694533708,29.94898268984463,29.071609244976813,0.9
862.9333333333333,31.708864444808267,29.949060296184847,29.07168673974992,0.9
864.0,31.70894132843157,29.949137285827923,29.071763618712474,0.9
865.0666666666666,31.709017601100783,29.949213663674442,29.07183988675798,0.9
866.1333333333333,31.709093267670916,29.949289434586085,29.071915548741153,0.9
867.1999999999999,31.709168332958384,29.94936460338592,29.071990609478103,0.9
868.2666666666667,31.709242801741144,29.94943917485849,29.072065073746504,0.9
869.3333333333333,31.709316678759336,29.949513153750484,29.072138946286216,0.9
870.4,31.709389968715374,29.949586544770774,29.07221223179936,0.9
871.4666666666666,31.709462676274338,29.9496593525909,29.07228493495073,0.9
872.5333333333333,31.709534806064237,29.949731581845224,29.072357060368084,0.9
873.6,31.709606362676315,29.949803237131338,29.072428612642344,0.9
874.6666666666666,31.709677350665302,29.949874323010246,29.07249959632797,0.9
875.7333333333333,31.70974777454977,29.949944844006744,29.07257001594329,0.9
876.8,31.70981763881235,29.950014804609676,29.072639875970648,0.9
877.8666666666667,31.709886947900067,29.950084209272156,29.072709180856783,0.9
878.9333333333333,31.70995570622459,29.95015306241197,29.072777935013125,0.9
880.0,31.71002391816256,29.950221368411786,29.072846142816026,0.9
881.0666666666666,31.710091588055825,29.95028913161944,29.0729138086071,0.9
882.1333333333333,31.710158720211737,29.950356356348212,29.0729809366934,0.9
883.1999999999999,31.710225318903408,29.95042304687712,29.073047531347804,0.9
884.2666666666667,31.71029138836996,29.950489207451135,29.073113596809176,0.9
885.3333333333333,31.71035693281693,29.950554842281573,29.073179137282796,0.9
886.4,31.710421956416322,29.950619955546195,29.0732441569404,0.9
887.4666666666666,31.710486463307063,29.950684551389653,29.073308659920677,0.9
888.5333333333333,31.710550457595147,29.950748633923602,29.07337265032938,0.9
889.6,31.71061394335399,29.950812207227056,29.073436132239657,0.9
890.6666666666666,31.710676924624583,29.950875275346572,29.073499109692303,0.9
891.7333333333333,31.710739405415836,29.950937842296632,29.073561586695927,0.9
892.8,31.7108013897048,29.950999912059718,29.07362356722734,0.9
893.8666666666667,31.71086288143699,29.951061488586816,29.073685055231852,0.9
894.9333333333333,31.710923884526434,29.951122575797356,29.07374605462325,0.9
896.0,31.710984402856333,29.951183177579797,29.0738065692845,0.9
897.0666666666666,31.711044440279267,29.951243297792185,29.073866603067902,0.9
898.1333333333333,31.711104000616192,29.951302940260728,29.073926159794226,0.9
899.1999999999999,31.711163087658147,29.95136210878165,29.07398524325429,0.9
900.2666666666667,31.711221705166228,29.951420807121256,29.074043857208913,0.9
901.3333333333333,31.711279856871496,29.951479039015712,29.074102005388987,0.9
902.4,31.711337546475505,29.95153680817165,29.074159691495783,0.9
903.4666666666666,31.71139477765029,29.95159411826622,29.07421691920117,0.9
904.5333333333333,31.711451554038778,29.951650972947363,29.074273692147813,0.9
905.6,31.711507879254857,29.95170737583392,29.074330013949425,0.9
906.6666666666666,31.71156375688382,29.951763330516137,29.074385888191028,0.9
907.7333333333333,31.711619190482377,29.951818840555674,29.07444131842915,0.9
908.8,31.711674183579007,29.951873909485844,29.07449630819206,0.9
909.8666666666667,31.711728739674186,29.951928540811952,29.07455086098002,0.9
910.9333333333333,31.71178286224052,29.951982738011363,29.074604980265388,0.9
912.0,31.711836554723025,29.95203650453389,29.074658669493004,0.9
913.0666666666666,31.711889820539366,29.952089843801904,29.074711932080337,0.9
914.1333333333333,31.711942663080038,29.952142759210556,29.074764771417655,0.9
915.1999999999999,31.711995085708573,29.952195254128036,29.074817190868277,0.9
916.2666666666667,31.712047091761818,29.95224733189578,29.074869193768876,0.9
917.3333333333333,31.712098684550078,29.95229899582866,29.074920783429533,0.9
918.4,31.712149867357336,29.95235024921519,29.07497196313406,0.9
919.4666666666666,31.71220064344151,29.952401095317796,29.075022736140145,0.9
920.5333333333333,31.712251016034614,29.952451537372916,29.075073105679635,0.9
921.6,31.712300988343014,29.952501578591356,29.075123074958668,0.9
922.6666666666666,31.71235056354753,29.952551222158323,29.075172647157906,0.9
923.7333333333333,31.712399744803744,29.952600471233744,29.075221825432706,0.9
924.8,31.71244853524216,29.95264932895244,29.075270612913403,0.9
925.8666666666667,31.712496937968393,29.952697798424317,29.07531901270543,0.9
926.9333333333333,31.712544956063397,29.952745882734582,29.075367027889534,0.9
928.0,31.712592592583643,29.952793584943905,29.075414661522036,0.9
929.0666666666666,31.71263985056131,29.95284090808864,29.075461916634882,0.9
930.1333333333333,31.712686733004436,29.952887855181014,29.07550879623597,0.9
931.1999999999999,31.712733242897244,29.952934429209296,29.07555530330931,0.9
932.2666666666667,31.71277938320018,29.95298063313808,29.07560144081518,0.9
933.3333333333333,31.712825156850165,29.95302646990831,29.075647211690335,0.9
934.4,31.712870566760877,29.953071942437646,29.075692618848255,0.9
935.4666666666666,31.71291561582281,29.953117053620634,29.07573766517929,0.9
936.5333333333333,31.712960306903373,29.953161806328623,29.075782353550643,0.9
937.6,31.713004642847224,29.95320620341018,29.075826686806817,0.9
938.6666666666666,31.713048626476414,29.95325024769124,29.0758706677697,0.9
939.7333333333333,31.713092260590653,29.953293941975385,29.075914299238793,0.9
940.8,31.71313554796735,29.953337289043834,29.075957583991364,0.9
941.8666666666667,31.71317849136181,29.953380291655723,29.076000524782568,0.9
942.9333333333333,31.71322109350752,29.953422952548287,29.076043124345713,0.9
944.0,31.71326335711619,29.95346527443697,29.076085385392318,0.9
945.0666666666666,31.713305284878004,29.95350726001568,29.076127310612442,0.9
946.1333333333333,31.71334687946175,29.953548911956894,29.076168902674688,0.9
947.1999999999999,31.713388143515026,29.953590232911836,29.07621016422651,0.9
948.2666666666667,31.713429079664387,29.953631225510684,29.076251097894275,0.9
949.3333333333333,31.713469690515506,29.953671892362717,29.076291706283527,0.9
950.4,31.71350997865338,29.953712236056493,29.07633199197911,0.9
951.4666666666666,31.713549946642434,29.95375225915999,29.07637195754527,0.9
952.5333333333333,31.71358959702671,29.95379196422076,29.07641160552593,0.9
953.6,31.713628932330067,29.953831353766105,29.076450938444747,0.9
954.6666666666666,31.71366795505628,29.953870430303258,29.076489958805364,0.9
955.7333333333333,31.713706667689237,29.953909196319568,29.07652866909153,0.9
956.8,31.713745072693076,29.953947654282544,29.07656707176723,0.9
957.8666666666667,31.713783172512365,29.95398580664014,29.076605169276878,0.9
958.9333333333333,31.713820969572254,29.954023655820837,29.076642964045483,0.9
960.0,31.713858466278634,29.954061204233824,29.076680458478773,0.9
961.0666666666666,31.713895665018242,29.954098454269175,29.07671765496336,0.9
962.1333333333333,31.71393256815882,29.954135408297883,29.076754555866852,0.9
963.1999999999999,31.713969178049382,29.95417206867219,29.076791163538093,0.9
964.2666666666667,31.714005497020242,29.954208437725622,29.076827480307273,0.9
965.3333333333333,31.71404152738318,29.954244517773137,29.07686350848602,0.9
966.4,31.714077271431595,29.954280311111333,29.07689925036761,0.9
967.4666666666666,31.714112731440643,29.954315820018493,29.076934708227043,0.9
968.5333333333333,31.71414790966753,29.954351046754894,29.076969884321397,0.9
969.6,31.714182808351374,29.95438599356278,29.077004780889638,0.9
970.6666666666666,31.714217429713575,29.954420662666607,29.07703940015306,0.9
971.7333333333333,31.714251775957827,29.954455056273105,29.07707374431521,0.9
972.8,31.71428584927041,29.954489176571556,29.07710781556224,0.9
973.8666666666667,31.71431965182009,29.95452302573378,29.07714161606279,0.9
974.9333333333333,31.714353185758533,29.954556605914338,29.07717514796839,0.9
976.0,31.714386453220254,29.954589919250715,29.077208413413402,0.9
977.0666666666666,31.714419456322815,29.954622967863365,29.0772414145153,0.9
978.1333333333333,31.714452197166914,29.954655753855906,29.077274153374635,0.9
979.1999999999999,31.71448467783655,29.954688279315235,29.07730663207526,0.9
980.2666666666667,31.71451690039923,29.954720546311687,29.077338852684573,0.9
981.3333333333333,31.714548866906046,29.95475255689916,29.077370817253566,0.9
982.4,31.714580579391694,29.95478431311523,29.07740252781678,0.9
983.4666666666666,31.714612039874716,29.95481581698116,29.07743398639263,0.9
984.5333333333333,31.714643250357707,29.954847070502282,29.07746519498362,0.9
985.6,31.714674212827283,29.954878075667995,29.077496155576224,0.9
986.6666666666666,31.714704929254392,29.954908834451974,29.07752687014128,0.9
987.7333333333333,31.714735401594027,29.954939348811887,29.07755734063368,0.9
988.8,31.71476563178607,29.95496962069027,29.077587568993202,0.9
989.8666666666667,31.71479562175506,29.95499965201431,29.077617557144094,0.9
990.9333333333333,31.714825373409397,29.955029444695175,29.07764730699488,0.9
992.0,31.714854888642886,29.95505900062912,29.07767682043912,0.9
993.0666666666666,31.714884169334315,29.95508832169761,29.07770609935552,0.9
994.1333333333333,31.714913217347377,29.9551174097669,29.077735145607665,0.9
995.1999999999999,31.71494203453103,29.955146266688445,29.077763961044397,0.9
996.2666666666667,31.714970622719473,29.95517489429904,29.07779254749981,0.9
997.3333333333333,31.714998983732553,29.955203294420944,29.07782090679362,0.9
998.4,31.715027119375446,29.955231468861914,29.07784904073092,0.9
999.4666666666666,31.715055031439046,29.955259419415288,29.077876951102493,0.9
1000.5333333333333,31.71508272170001,29.95528714786017,29.077904639684842,0.6
1001.6,31.599793527801946,29.954768573483264,29.077932108224065,0.6
1002.6666666666666,31.528773329488725,29.949487705951736,29.07795897064859,0.6
1003.7333333333333,31.47559137647713,29.94016629328944,29.077970897689053,0.6
1004.8,31.430391967747735,29.928929814875026,29.077899972044808,0.6
1005.8666666666667,31.389565973857316,29.916638737784144,29.077631669167083,0.6
1006.9333333333333,31.351557150755525,29.903639621103856,29.077048028579227,0.6
1008.0,31.315634947480753,29.890117794519767,29.076053074196974,0.6
1009.0666666666666,31.28141880667885,29.876200968857702,29.0745792883389,0.6
1010.1333333333333,31.248682094599598,29.86198830092912,29.072585154404877,0.6
1011.1999999999999,31.217269817934618,29.847559586889535,29.070049904695882,0.6
1012.2666666666667,31.18706350468033,29.83297935590809,29.066968225034962,0.6
1013.3333333333333,31.15796575351913,29.81829960927423,29.06334585417529,0.6
1014.4,31.129893043869668,29.803562064159916,29.059196213978016,0.6
1015.4666666666666,31.10277206821553,29.788800065509033,29.05453792405104,0.6
1016.5333333333333,31.076537615511434,29.77404019610549,29.049392997730912,0.6
1017.6,31.05113118112951,29.759303607497866,29.04378553932912,0.6
1018.6666666666666,31.026499953082766,29.744607104047844,29.037740803835767,0.6
1019.7333333333333,31.002596020254657,29.729964017193403,29.03128451808969,0.6
1020.8,30.97937572963566,29.715384906233357,29.024442391544497,0.6
1021.8666666666667,30.956799153794826,29.70087811808394,29.017239765667426,0.6
1022.9333333333333,30.934829644836938,29.686450233553586,29.009701365601988,0.6
1024.0,30.91343345828917,29.672106422837185,29.001851127845885,0.6
1025.0666666666666,30.892579434313497,29.65785072862363,28.99371208475212,0.6
1026.1333333333332,30.872238726189263,29.64368629157933,28.985306291642253,0.6
1027.2,30.852384567876754,29.62961552999329,28.976654785888837,0.6
1028.2666666666667,30.832992073947768,29.615640282967444,28.967777569922944,0.6
1029.3333333333333,30.81403806637398,29.60176192461373,28.95869361204203,0.6
1030.3999999999999,30.79550092365819,29.587981455187446,28.949420860331234,0.6
1031.4666666666667,30.777360448613603,29.57429957386898,28.939976266099826,0.6
1032.5333333333333,30.7595977517706,29.560716736938353,28.930375814066384,0.6
1033.6,30.74219514794196,29.547233204318903,28.92063455716595,0.6
1034.6666666666667,30.725136063926925,29.533849076856626,28.910766654348166,0.6
1035.7333333333333,30.70840495570002,29.520564326216654,28.900785410119443,0.6
1036.8,30.691987233726252,29.507378818893734,28.890703314881648,0.6
1037.8666666666666,30.67586919528393,29.494292335527653,28.880532085353273,0.6
1038.9333333333334,30.660037962870984,29.481304586470856,28.87028270454065,0.6
1040.0,30.64448142792686,29.46841522436295,28.85996546086874,0.6
1041.0666666666666,30.62918819922992,29.455623854312382,28.84958998619129,0.6
1042.1333333333332,30.614147555433224,29.44293004216366,28.839165292485454,0.6
1043.2,30.599349401285743,29.430333321231178,28.82869980710255,0.6
1044.2666666666667,30.58478422715418,29.417833197803336,28.818201406497128,0.6
1045.3333333333333,30.570443071516824,29.405429155658922,28.807677448395587,0.6
1046.3999999999999,30.556317486146902,29.393120659789236,28.797134802395313,0.6
1047.4666666666667,30.54239950374027,29.380907159479563,28.786579879006762,0.6
1048.5333333333333,30.52868160777414,29.36878809087377,28.77601865716826,0.6
1049.6,30.51515670440942,29.356762879119792,28.765456710273863,0.6
1050.6666666666667,30.501818096271048,29.34483094017511,28.754899230764128,0.6
1051.7333333333333,30.488659457959123,29.3329916823352,28.744351053334345,0.6
1052.8,30.475674813159255,29.321244507535322,28.733816676818776,0.6
1053.8666666666666,30.462858513233847,29.309588812466327,28.72330028481079,0.6
1054.9333333333334,30.450205217187136,29.298023989537253,28.712805765080095,0.6
1056.0,30.43770987290726,29.28654942771067,28.702336727847317,0.6
1057.0666666666666,30.425367699596436,29.275164513232266,28.69189652297556,0.6
1058.1333333333332,30.413174171308672,29.26386863027176,28.68148825613703,0.6
1059.2,30.40112500152028,29.252661161489048,28.67111480401086,0.6
1060.2666666666667,30.389216128664902,29.241541488536917,28.6607788285664,0.6
1061.3333333333333,30.37744370256963,29.230508992509748,28.65048279048378,0.6
1062.3999999999999,30.365804071734015,29.21956305434556,28.640228961761416,0.6
1063.4666666666667,30.354293771397323,29.208703055187925,28.63001943755762,0.6
1064.5333333333333,30.34290951234379,29.197928376712696,28.61985614731135,0.6
1065.6,30.331648170399006,29.187238401424064,28.609740865184477,0.6
1066.6666666666667,30.320506776573673,29.17663251292343,28.59967521986607,0.6
1067.7333333333333,30.309482507813986,29.16611009615417,28.58966070377669,0.6
1068.8,30.29857267832065,29.155670537624935,28.579698681708727,0.6
1069.8666666666666,30.287774731400948,29.145313225613478,28.56979039893668,0.6
1070.9333333333334,30.27708623182067,29.135037550353182,28.559936988829573,0.6
1072.0,30.26650485862487,29.12484290420373,28.550139479995313,0.6
1073.0666666666666,30.25602839839817,29.114728681807332,28.540398802985802,0.6
1074.1333333333332,30.245654738937777,29.10469428023184,28.53071579658921,0.6
1075.2,30.23538186331324,29.094739099101822,28.521091213734703,0.6
1076.2666666666667,30.225207844289336,29.08486254071851,28.51152572703318,0.6
1077.3333333333333,30.215130839089667,29.075064010169676,28.50201993397624,0.6
1078.3999999999999,30.205149084479903,29.065342915429788,28.492574361814434,0.6
1079.4666666666667,30.195260892150923,29.05569866745179,28.483189472134125,0.6
1080.5333333333333,30.185464644383604,29.046130680250624,28.47386566515171,0.6
1081.6,30.17575878997774,29.036638370979205,28.464603283742157,0.6
1082.6666666666667,30.166141840428857,29.02722115999753,28.455402617218635,0.6
1083.7333333333333,30.15661236633794,29.01787847093521,28.446263904878013,0.6
1084.8,30.14716899403939,29.008609730748063,28.4371873393268,0.6
1085.8666666666666,30.1378104024341,28.999414369769124,28.42817306960105,0.6
1086.9333333333334,30.12853532001495,28.990291821754152,28.419221204092807,0.6
1088.0,30.11934252207293,28.98124152392267,28.410331813294853,0.6
1089.0666666666666,30.11023082807276,28.97226291699405,28.401504932375286,0.6
1090.1333333333332,30.10119909918776,28.963355445219626,28.392740563591822,0.6
1091.2,30.09224623598396,28.954518556410807,28.384038678556205,0.6
1092.2666666666667,30.083371176244555,28.945751701963232,28.375399220357604,0.6
1093.3333333333333,30.074572892925925,28.937054336878003,28.366822105553783,0.6
1094.3999999999999,30.065850392237238,28.928425919779098,28.3583072260382,0.6
1095.4666666666667,30.057202711836048,28.919865912928305,28.349854450790495,0.6
1096.5333333333333,30.04862891913274,28.911373782236947,28.34146362751778,0.6
1097.6,30.040128109697267,28.90294899727534,28.333134584193342,0.6
1098.6666666666667,30.031699405761735,28.894591031279514,28.324867130498877,0.6
1099.7333333333333,30.02334195481315,28.88629936115601,28.31666105917659,0.6
1100.8,30.0150549282707,28.87807346748415,28.308516147296327,0.6
1101.8666666666666,30.0068375202424,28.869912834516683,28.30043215744321,0.6
1102.9333333333334,29.998688946356264,28.861816950178554,28.292408838830514,0.6
1104.0,29.990608442661486,28.853785306063756,28.28444592834251,0.6
1105.0666666666666,29.982595264595304,28.84581739743074,28.276543151511543,0.6
1106.1333333333332,29.97464868601142,28.837912723196492,28.268700223433335,0.6
1107.2,29.9667679982665,28.830070785928974,28.260916849624426,0.6
1108.2666666666667,29.95895250936082,28.82229109183844,28.253192726825155,0.6
1109.3333333333333,29.95120154313018,28.814573150767643,28.245527543751876,0.6
1110.3999999999999,29.943514438485508,28.806916476180678,28.23792098180097,0.6
1111.4666666666667,29.935890548697543,28.79932058515125,28.230372715708324,0.6
1112.5333333333333,29.928329240723855,28.79178499834948,28.222882414166342,0.6
1113.6,29.920829894575327,28.784309240028353,28.215449740401663,0.6
1114.6666666666667,29.91339190272001,28.77689283800899,28.208074352715677,0.6
1115.7333333333333,29.906014669521923,28.769535323665416,28.200755904990203,0.6
1116.8,29.89869761071267,28.762236231908442,28.19349404716056,0.6
1117.8666666666666,29.89144015289382,28.754995101169204,28.186288425658052,0.6
1118.9333333333334,29.884241733068436,28.74781147338185,28.179138683823524,0.6
1120.0,29.87710179819952,28.740684893965824,28.17204446229418,0.6
1121.0666666666666,29.870019804794172,28.733614911807717,28.165005399364954,0.6
1122.1333333333332,29.862995218511692,28.726601079242606,28.158021131326127,0.6
1123.2,29.856027513794174,28.719642952034988,28.15109129277877,0.6
1124.2666666666667,29.84911617351822,28.712740089359468,28.144215516929275,0.6
1125.3333333333333,29.842260688666588,28.705892053780858,28.13739343586424,0.6
1126.3999999999999,29.835460558018386,28.699098411234342,28.130624680806985,0.6
1127.4666666666667,29.828715287856948,28.69235873100512,28.123908882356943,0.6
1128.5333333333333,29.822024391693944,28.685672585707817,28.11724567071266,0.6
1129.6,29.8153873900092,28.679039551265813,28.11063467587988,0.6
1130.6666666666667,29.80880381000477,28.67245920689028,28.10407552786525,0.6
1131.7333333333333,29.802273185372922,28.665931135059232,28.09756785685669,0.6
1132.8,29.7957950560767,28.659454921496042,28.091111293391307,0.6
1133.8666666666666,29.789368968142725,28.653030155148283,28.084705468511658,0.6
1134.9333333333334,29.782994473465106,28.646656428166207,28.07835001391075,0.6
1136.0,29.776671129620233,28.640333335881262,28.072044562067024,0.6
1137.0666666666666,29.770398499691286,28.63406047678442,28.065788746369577,0.6
1138.1333333333332,29.764176152102284,28.627837452504565,28.05958220123421,0.6
1139.2,29.758003660460986,28.621663867786687,28.053424562211053,0.6
1140.2666666666667,29.751880603409976,28.615539330470355,28.04731546608434,0.6
1141.3333333333333,29.74580656448562,28.609463451467736,28.04125455096453,0.6
1142.3999999999999,29.739781131984238,28.603435844742133,28.035241456373626,0.6
1143.4666666666667,29.733803898835397,28.597456127285877,28.029275823323676,0.6
1144.5333333333333,29.727874462481353,28.591523919099043,28.023357294389434,0.6
1145.6,29.72199242476283,28.585638843167388,28.017485513775068,0.6
1146.6666666666665,29.716157391810462,28.579800525440916,28.011660127375556,0.6
1147.7333333333333,29.710368973941506,28.574008594812238,28.00588078283299,0.6
1148.8,29.704626785561796,28.568262683094968,28.00014712958816,0.6
1149.8666666666666,29.698930445072317,28.562562425002245,27.99445881892778,0.6
1150.9333333333334,29.693279574780334,28.556907458125337,27.988815504027418,0.6
1152.0,29.687673800814697,28.551297422912217,27.983216839990725,0.6
1153.0666666666666,29.682112753045093,28.54573196264636,27.97766248388489,0.6
1154.1333333333332,29.67659606500514,28.54021072342551,27.97215209477274,0.6
1155.2,29.671123373818862,28.53473335414054,27.96668533374166,0.6
1156.2666666666667,29.66569432013051,28.52929950645444,27.961261863929455,0.6
1157.3333333333333,29.66030854803758,28.523908834781416,27.95588135054768,0.6
1158.3999999999999,29.654965705026548,28.518560996266103,27.950543460902114,0.6
1159.4666666666667,29.649665441911704,28.513255650762684,27.945247864410696,0.6
1160.5333333333333,29.64440741277626,28.507992460814453,27.9399942326197,0.6
1161.6,29.63919127491606,28.502771091633175,27.934782239217032,0.6
1162.6666666666665,29.63401668878562,28.497591211078735,27.929611560044414,0.6
1163.7333333333333,29.628883317946258,28.492452489638865,27.92448187310679,0.6
1164.8,29.623790829016365,28.48735460040892,27.9193928585807,0.6
1165.8666666666666,29.61873889162355,28.482297219071828,27.9143441988209,0.6
1166.9333333333334,29.613727178358623,28.477280023878215,27.909335578365084,0.6
1168.0,29.608755364731326,28.472302695626503,27.904366683937546,0.6
1169.0666666666666,29.603823129127658,28.46736491764325,27.89943720445159,0.6
1170.1333333333332,29.598930152768713,28.462466375763597,27.89454683101054,0.6
1171.2,29.5940761196711,28.457606758311773,27.889695256907547,0.6
1172.2666666666667,29.589260716608518,28.452785756081806,27.884882177624515,0.6
1173.3333333333333,29.584483633074733,28.44800306231828,27.88010729082994,0.6
1174.3999999999999,29.579744561247942,28.443258372697333,27.87537029637583,0.6
1175.4666666666667,29.575043195955956,28.438551385307633,27.87067089629386,0.6
1176.5333333333333,29.57037923464263,28.43388180063158,27.866008794790655,0.6
1177.6,29.565752377335603,28.429249321526665,27.861383698242268,0.6
1178.6666666666665,29.56116232661437,28.424653653206853,27.856795315188126,0.6
1179.7333333333333,29.55660878758005,28.42009450322417,27.85224335632422,0.6
1180.8,29.552091467825385,28.415571581450365,27.847727534495792,0.6
1181.8666666666666,29.547610077405942,28.41108460005881,27.84324756468944,0.6
1182.9333333333334,29.54316432881208,28.40663327350632,27.838803164024725,0.6
1184.0,29.538753936941234,28.402217318515405,27.8343940517453,0.6
1185.0666666666666,29.534378619071862,28.397836454056364,27.830019949209653,0.6
1186.1333333333332,29.53003809483692,28.393490401329583,27.825680579881432,0.6
1187.2,29.52573208619856,28.389178883748148,27.821375669319377,0.6
1188.2666666666667,29.52146031742388,28.384901626920303,27.817104945167014,0.6
1189.3333333333333,29.517222515060258,28.380658358632225,27.812868137141958,0.6
1190.3999999999999,29.51301840791185,28.376448808830894,27.80866497702491,0.6
1191.4666666666667,29.50884772701664,28.372272709607,27.804495198648564,0.6
1192.5333333333333,29.504710205623876,28.368129795178127,27.80035853788611,0.6
1193.6,29.500605579171832,28.364019801871912,27.796254732639614,0.6
1194.6666666666665,29.49653358526618,28.359942468109466,27.79218352282818,0.6
1195.7333333333333,29.49249396365874,28.355897534388735,27.788144650375983,0.6
1196.8,29.488486456226866,28.351884743268215,27.784137859200122,0.6
1197.8666666666666,29.484510806952873,28.34790383935065,27.78016289519827,0.6
1198.9333333333334,29.48056676190402,28.343954569266852,27.77621950623633,0.6
1200.0,29.476654069212803,28.340036681659683,27.772307442135908,0.6
1201.0666666666666,29.472772479057788,28.33614992716818,27.76842645466177,0.6
1202.1333333333332,29.468921743644458,28.33229405841171,27.764576297509084,0.6
1203.2,29.465101617186633,28.328468829974355,27.76075672629067,0.6
1204.2666666666667,29.461311855888034,28.32467399838937,27.756967498524215,0.6
1205.3333333333333,29.457552217924288,28.3209093221237,27.753208373619433,0.6
1206.3999999999999,29.45382246342507,28.317174561562748,27.74947911286512,0.6
1207.4666666666667,29.45012235445664,28.313469478995117,27.745779479416278,0.6
1208.5333333333333,29.446451655004587,28.30979383859764,27.74210923828114,0.6
1209.6,29.442810130956744,28.30614740642026,27.738468156308247,0.6
1210.6666666666665,29.43919755008654,28.302529950371355,27.734856002173483,0.6
1211.7333333333333,29.43561368203638,28.29894124020295,27.73127254636705,0.6
1212.8,29.432058298301392,28.295381047496047,27.7277175611806,0.6
1213.8666666666666,29.42853117221326,28.291849145646268,27.724190820694243,0.6
1214.9333333333334,29.425032078924442,28.288345309849348,27.720692100763554,0.6
1216.0,29.421560795392573,28.284869317086923,27.717221179006874,0.6
1217.0666666666666,29.418117100364807,28.281420946112316,27.71377783479233,0.6
1218.1333333333332,29.414700774362682,28.27799997743659,27.71036184922494,0.6
1219.2,29.41131159966694,28.274606193314405,27.70697300513384,0.6
1220.2666666666667,29.407949360302677,28.27123937773048,27.703611087059567,0.6
1221.3333333333333,29.404613842024613,28.26789931638573,27.700275881241332,0.6
1222.3999999999999,29.40130483230243,28.264585796683527,27.696967175604367,0.6
1223.4666666666667,29.398022120306496,28.261298607716398,27.69368475974701,0.6
1224.5333333333333,29.394765496893626,28.258037540252456,27.6904284249288,0.6
1225.6,29.391534754592886,28.25480238672225,27.687197964057347,0.6
1226.6666666666665,29.388329687591636,28.25159294120544,27.683993171676125,0.6
1227.7333333333333,29.38515009172207,28.24840899941767,27.68081384395203,0.6
1228.8,29.381995764447293,28.245250358697948,27.677659778663116,0.6
1229.8666666666666,29.378866504847895,28.242116817995356,27.67453077518604,0.6
1230.9333333333334,29.375762113608626,28.23900817785638,27.671426634484366,0.6
1232.0,29.372682393005192,28.235924240412317,27.668347159096076,0.6
1233.0666666666666,29.36962714689109,28.232864809366564,27.665292153121488,0.6
1234.1333333333332,29.366596180684752,28.229829689982143,27.662261422211433,0.6
1235.2,29.363589301356892,28.22681868906967,27.659254773554906,0.6
1236.2666666666667,29.36060631741744,28.223831614974554,27.65627201586791,0.6
1237.3333333333333,29.357647038903274,28.220868277565103,27.65331295938113,0.6
1238.3999999999999,29.35471127736552,28.217928488220274,27.650377415828324,0.6
1239.4666666666667,29.351798845857395,28.21501205981783,27.64746519843469,0.6
1240.5333333333333,29.34890955892214,28.212118806722483,27.644576121905235,0.6
1241.6,29.346043232580566,28.209248544773875,27.64171000241363,0.6
1242.6666666666665,29.343199684319316,28.20640109127499,27.63886665759033,0.6
1243.7333333333333,29.34037873307861,28.203576264980303,27.636045906511438,0.6
1244.8,29.337580199241245,28.20077388608487,27.633247569687292,0.6
1245.8666666666666,29.33480390462019,28.197993776212257,27.63047146905172,0.6
1246.9333333333334,29.332049672447386,28.195235758403353,27.62771742795042,0.6
1248.0,29.32931732736187,28.192499657105127,27.624985271129926,0.6
1249.0666666666666,29.326606695399303,28.189785298159798,27.622274824727103,0.6
1250.1333333333332,29.32391760397987,28.187092508793285,27.619585916257915,0.6
1251.2,29.32124988189729,28.184421117604092,27.616918374606637,0.6
1252.2666666666667,29.318603359308113,28.18177095455325,27.614272030014938,0.6
1253.3333333333333,29.315977867720562,28.179141850952657,27.61164671407195,0.6
1254.3999999999999,29.313373239983537,28.176533639454547,27.609042259702896,0.6
1255.4666666666667,29.31078931027583,28.173946154041055,27.606458501158595,0.6
1256.5333333333333,29.308225914095967,28.171379230013606,27.6038952740059,0.6
1257.6,29.305682888250995,28.168832703982208,27.60135241511652,0.6
1258.6666666666665,29.303160070845948,28.166306413855146,27.59882976265663,0.6
1259.7333333333333,29.300657301274327,28.163800198829026,27.59632715607765,0.6
1260.8,29.29817442020686,28.161313899377962,27.59384443610525,0.6
1261.8666666666666,29.295711269581243,28.158847357243662,27.59138144472915,0.6
1262.9333333333334,29.293267692593012,28.156400415425743,27.588938025194278,0.6
1264.0,29.290843533684406,28.153972918171014,27.586514021989753,0.6
1265.0666666666666,29.288438638534682,28.15156471096413,27.58410928083918,0.6
1266.1333333333332,29.286052854050737,28.149175640517687,27.581723648691828,0.6
1267.2,29.283686028356534,28.14680555476193,27.57935697371183,0.6
1268.2666666666667,29.281338010783916,28.14445430283602,27.577009105269063,0.6
1269.3333333333333,29.279008651862878,28.142121735077694,27.574679893929925,0.6
1270.3999999999999,29.27669780331141,28.139807703013595,27.57236919144705,0.6
1271.4666666666667,29.274405318027203,28.137512059350925,27.57007685075094,0.6
1272.5333333333333,29.272131050077093,28.135234657966684,27.567802725939913,0.6
1273.6,29.269874854688116,28.13297535389934,27.565546672270862,0.6
1274.6666666666665,29.267636588238755,28.130734003339338,27.563308546150832,0.6
1275.7333333333333,29.265416108248576,28.12851046361933,27.561088205126808,0.6
1276.8,29.263213273370656,28.12630459320655,27.558885507877793,0.6
1277.8666666666666,29.26102794338125,28.1241162516921,27.55670031420502,0.6
1278.9333333333334,29.258859979171405,28.121945299783338,27.55453248502331,0.6
1280.0,29.25670924273827,28.119791599294302,27.552381882352787,0.6
1281.0666666666666,29.254575597175393,28.117655013136986,27.55024836930872,0.6
1282.1333333333332,29.252458906665503,28.115535405313178,27.548131810094908,0.6
1283.2,29.250359036470044,28.11343264090456,27.546032069992943,0.6
1284.2666666666667,29.248275852922188,28.111346586065977,27.54394901535528,0.6
1285.3333333333333,29.246209223417125,28.10927710801489,27.54188251359571,0.6
1286.3999999999999,29.244159016404282,28.10722407502466,27.53983243318151,0.6
1287.4666666666667,29.24212510137867,28.105187356414874,27.537798643624928,0.6
1288.5333333333333,29.2401073488725,28.103166822543884,27.535781015474708,0.6
1289.6,29.23810563044728,28.101162344800063,27.53377942030833,0.6
1290.6666666666665,29.236119818684948,28.099173795593806,27.531793730723155,0.6
1291.7333333333333,29.2341497871808,28.097201048349532,27.529823820329312,0.6
1292.8,29.23219541053396,28.095243977497216,27.52786956374031,0.6
1293.8666666666666,29.230256564341207,28.09330245846502,27.525930836566847,0.6
1294.9333333333334,29.228333125186992,28.09137636767056,27.524007515406755,0.6
1296.0,29.226424970637765,28.089465582514052,27.52209947783957,0.6
1297.0666666666666,29.22453197923187,28.08756998136931,27.520206602416202,0.6
1298.1333333333332,29.222654030474196,28.085689443577298,27.518328768653806,0.6
1299.2,29.220791004826044,28.083823849437156,27.51646585702552,0.6
1300.2666666666667,29.218942783699973,28.081973080199834,27.514617748955466,0.6
1301.3333333333333,29.217109249449827,28.08013701805933,27.51278432680866,0.6
1302.3999999999999,29.215290285365537,28.078315546146307,27.510965473885978,0.6
1303.4666666666667,29.21348577566356,28.076508548519683,27.509161074414436,0.6
1304.5333333333333,29.21169560548142,28.074715910160048,27.507371013541942,0.6
1305.6,29.20991966086872,28.072937516961748,27.505595177328143,0.6
1306.6666666666665,29.20815782878125,28.071173255725963,27.50383345273866,0.6
1307.7333333333333,29.20640999707276,28.069423014153454,27.502085727636818,0.6
1308.8,29.204676054488484,28.06768668083718,27.500351890777228,0.6
1309.8666666666666,29.20295589065775,28.06596414525575,27.498631831798356,0.6
1310.9333333333334,29.20124939608688,28.064255297765392,27.496925441215453,0.6
1312.0,29.19955646215272,28.062560029594593,27.4952326104141,0.6
1313.0666666666666,29.19787698109465,28.060878232834828,27.49355323164231,0.6
1314.1333333333332,29.19621084600941,28.059209800436605,27.49188719800514,0.6
1315.2,29.194557950842068,28.057554626199824,27.4902344034559,0.6
1316.2666666666667,29.1929181903818,28.0559126047691,27.488594742791822,0.6
1317.3333333333333,29.19129146025288,28.054283631625868,27.486968111645087,0.6
1318.3999999999999,29.189677656909595,28.052667603082135,27.48535440647774,0.6
1319.4666666666667,29.188076677628942,28.051064416274226,27.48375352457438,0.6
1320.5333333333333,29.186488420503988,28.04947396915504,27.482165364035563,0.6
1321.6,29.184912784438275,28.04789616048952,27.4805898237722,0.6
1322.6666666666665,29.183349669137765,28.046330889846026,27.479026803497444,0.6
1323.7333333333333,29.18179897510652,28.04477805759174,27.477476203722485,0.6
1324.8,29.180260603638526,28.043237564885263,27.47593792574831,0.6
1325.8666666666666,29.17873445681235,28.0417093136704,27.474411871660383,0.6
1326.9333333333334,29.1772204374851,28.04019320667082,27.472897944322572,0.6
1328.0,29.175718449284783,28.038689147382303,27.47139604736955,0.6
1329.0666666666666,29.174228396606686,28.037197040068378,27.469906085203213,0.6
1330.1333333333332,29.17275018460481,28.03571678975292,27.46842796298403,0.6
1331.2,29.171283719187137,28.034248302214223,27.4669615866264,0.6
1332.2666666666667,29.16982890700973,28.03279148398008,27.46550686279266,0.6
1333.3333333333333,29.168385655469514,28.031346242320225,27.464063698885997,0.6
1334.3999999999999,29.16695387270041,28.029912485241912,27.46263200304645,0.6
1335.4666666666667,29.16553346756579,28.028490121483365,27.461211684143432,0.6
1336.5333333333333,29.164124349652916,28.02707906050709,27.459802651770254,0.6
1337.6,29.162726429268403,28.02567921249654,27.458404816239376,0.6
1338.6666666666665,29.16133961743085,28.02429048834787,27.457018088575264,0.6
1339.7333333333333,29.159963825866296,28.022912799665384,27.455642380509712,0.6
1340.8,29.15859896700245,28.0215460587563,27.454277604476147,0.6
1341.8666666666666,29.157244953962163,28.020190178624095,27.452923673603042,0.6
1342.9333333333334,29.15590170055962,28.018845072963956,27.451580501710172,0.6
1344.0,29.154569121293612,28.017510656157036,27.450248003301777,0.6
1345.0666666666666,29.15324713134143,28.016186843264013,27.448926093560665,0.6
1346.1333333333332,29.151935646555955,28.01487355002159,27.447614688345066,0.6
1347.2,29.15063458345793,28.013570692835703,27.446313704181048,0.6
1348.2666666666667,29.14934385923089,28.01227818877578,27.44502305825745,0.6
1349.3333333333333,29.148063391717802,28.01099595557158,27.443742668422406,0.6
1350.3999999999999,29.146793099413763,28.009723911606013,27.442472453176197,0.6
1351.4666666666667,29.145532901461014,28.00846197590977,27.441212331666204,0.6
1352.5333333333333,29.144282717645556,28.00721006815845,27.439962223683438,0.6
1353.6,29.14304246839015,28.00596810866521,27.438722049655677,0.6
1354.6666666666665,29.14181207474933,28.0047360183757,27.43749173064242,0.6
1355.7333333333333,29.14059145840626,28.003513718865232,27.43627118833177,0.6
1356.8,29.139380541665833,28.002301132331574,27.43506034503341,0.6
1357.8666666666666,29.138179247449475,28.00109818159015,27.43385912367366,0.6
1358.9333333333334,29.136987499292772,27.999904790070907,27.43266744779284,0.6
1360.0,29.135805221338074,27.99872088181171,27.431485241538013,0.6
1361.0666666666666,29.13463233832994,27.997546381453642,27.430312429658414,0.6
1362.1333333333332,29.133468775612148,27.99638121423727,27.42914893750249,0.6
1363.2,29.13231445912117,27.99522530599708,27.42799469101128,0.6
1364.2666666666667,29.131169315381683,27.994078583156696,27.42684961671401,0.6
1365.3333333333333,29.130033271502754,27.99294097272434,27.425713641724258,0.6
1366.3999999999999,29.1289062551726,27.991812402288836,27.424586693734728,0.6
1367.4666666666667,29.12778819465397,27.990692800014106,27.423468701012577,0.6
1368.5333333333333,29.126679018779242,27.989582094634073,27.42235959239457,0.6
1369.6,29.125578656947265,27.988480215450586,27.421259297283946,0.6
1370.6666666666665,29.12448703911745,27.98738709232635,27.420167745644395,0.6
1371.7333333333333,29.123404095805103,27.98630265568111,27.41908486799548,0.6
1372.8,29.12232975807891,27.985226836488216,27.418010595410163,0.6
1373.8666666666666,29.12126395755468,27.984159566269373,27.41694485950843,0.6
1374.9333333333334,29.12020662639168,27.98310077709045,27.41588759245372,0.6
1376.0,29.11915769728788,27.982050401556293,27.414838726948144,0.6
1377.0666666666666,29.118117103477015,27.981008372808855,27.413798196229514,0.6
1378.1333333333332,29.11708477872281,27.97997462452046,27.41276593406561,0.6
1379.2,29.11606065731494,27.97894909089033,27.41174187475013,0.6
1380.2666666666667,29.115044674065935,27.977931706640884,27.41072595309963,0.6
1381.3333333333333,29.114036764306192,27.9769224070135,27.409718104448398,0.6
1382.3999999999999,29.113036863880026,27.975921127763982,27.408718264644715,0.6
1383.4666666666667,29.11204490914065,27.974927805157975,27.407726370045655,0.6
1384.5333333333333,29.111060836948564,27.97394237596865,27.406742357515622,0.6
1385.6,29.110084584665117,27.97296477747115,27.405766164419763,0.6
1386.6666666666665,29.109116090149755,27.971994947439228,27.40479772862128,0.6
1387.7333333333333,29.108155291754656,27.971032824140128,27.403836988476197,0.6
1388.8,29.107202128323667,27.97007834633323,27.402883882832015,0.6
1389.8666666666666,29.10625653918546,27.969131453263625,27.40193835102114,0.6
1390.9333333333334,29.105318464151257,27.968192084659602,27.40100033285846,0.6
1392.0,29.104387843509574,27.96726018072731,27.4000697686361,0.6
1393.0666666666666,29.10346461802509,27.96633568214965,27.399146599122375,0.6
1394.1333333333332,29.1025487289321,27.965418530080022,27.398230765555173,0.6
1395.2,29.10164011793236,27.964508666139707,27.397322209639764,0.6
1396.2666666666667,29.100738727189775,27.96360603241306,27.396420873543576,0.6
1397.3333333333333,29.099844499329567,27.962710571445903,27.395526699895353,0.6
1398.3999999999999,29.098957377431862,27.961822226240056,27.394639631778656,0.6
1399.4666666666667,29.098077305029413,27.960940940250325,27.393759612729696,0.6
1400.5333333333333,29.09720422610298,27.960066657380466,27.392886586732626,0.6
1401.6,29.096338085079445,27.959199321980364,27.392020498217722,0.6
1402.6666666666665,29.095478826827012,27.958338878842405,27.391161292056506,0.6
1403.7333333333333,29.094626396651876,27.957485273197356,27.390308913558542,0.6
1404.8,29.09378074029475,27.95663845071125,27.389463308467803,0.6
1405.8666666666666,29.092941803927253,27.955798357481125,27.388624422959225,0.6
1406.9333333333334,29.092109534149746,27.954964940033975,27.387792203636366,0.6
1408.0,29.091283877986086,27.95413814532058,27.386966597526346,0.6
1409.0666666666666,29.090464782881604,27.953317920713715,27.386147552077613,0.6
1410.1333333333332,29.089652196698204,27.952504214003667,27.38533501515532,0.6
1411.2,29.088846067713426,27.95169697339626,27.38452893504012,0.6
1412.2666666666667,29.088046344615364,27.95089614750904,27.38372926042322,0.6
1413.3333333333333,29.087252976499737,27.950101685367486,27.38293594040342,0.6
1414.3999999999999,29.086465912866956,27.949313536402425,27.382148924484213,0.6
1415.4666666666667,29.085685103617653,27.948531650445442,27.381368162569252,0.6
1416.5333333333333,29.084910499052455,27.94775597772848,27.380593604962215,0.6
1417.6,29.084142049865786,27.946986468878105,27.379825202360514,0.6
1418.6666666666665,29.083379707144108,27.946223074913252,27.379062905853544,0.6
1419.7333333333333,29.082623422362566,27.945465747242295,27.378306666919418,0.6
1420.8,29.08187314738108,27.94471443765862,27.377556437420996,0.6
1421.8666666666666,29.081128834443795,27.9439690983405,27.37681216960529,0.6
1422.9333333333334,29.080390436173257,27.943229681845263,27.376073816097744,0.6
1424.0,29.079657905568716,27.942496141107288,27.375341329900447,0.6
1425.0666666666666,29.078931196003072,27.94176842943518,27.3746146643891,0.6
1426.1333333333332,29.07821026121856,27.941046500507543,27.37389377330882,0.6
1427.2,29.077495055327,27.94033030837263,27.37317861077413,0.6
1428.2666666666667,29.07678553280369,27.93961980744316,27.372469131263166,0.6
1429.3333333333333,29.076081648485847,27.938914952494002,27.371765289615812,0.6
1430.3999999999999,29.075383357569727,27.938215698659626,27.371067041031086,0.6
1431.4666666666667,29.0746906156069,27.937522001430533,27.370374341063236,0.6
1432.5333333333333,29.074003378503026,27.93683381665119,27.369687145620624,0.6
1433.6,29.073321602514138,27.936151100517527,27.369005410961908,0.6
1434.6666666666665,29.072645244243407,27.93547380957288,27.368329093692893,0.6
1435.7333333333333,29.07197426063919,27.934801900706194,27.367658150764562,0.6
1436.8,29.071308608991867,27.93413533114905,27.366992539469855,0.6
1437.8666666666666,29.070648246930297,27.933474058471752,27.366332217440252,0.6
1438.9333333333334,29.06999313242182,27.932818040583683,27.365677142645595,0.6
1440.0,29.069343223766733,27.932167235727707,27.365027273388737,0.6
1441.0666666666666,29.068698479596748,27.93152160247846,27.364382568303892,0.6
1442.1333333333332,29.068058858872522,27.930881099739988,27.363742986354193,0.6
1443.2,29.067424320880566,27.930245686742914,27.36310848682864,0.6
1444.2666666666667,29.06679482523052,27.929615323040704,27.362479029339315,0.6
1445.3333333333333,29.06617033185428,27.928989968510272,27.361854573820548,0.6
1446.3999999999999,29.065550801001255,27.92836958334623,27.361235080524153,0.6
1447.4666666666667,29.06493619323677,27.92775412805949,27.360620510017835,0.6
1448.5333333333333,29.064326469439756,27.927143563475006,27.360010823182908,0.6
1449.6,29.06372159079984,27.926537850729048,27.359405981211342,0.6
1450.6666666666665,29.063121518814263,27.925936951265502,27.358805945602743,0.6
1451.7333333333333,29.062526215288006,27.925340826836806,27.358210678164376,0.6
1452.8,29.061935642328486,27.924749439498115,27.35762014100598,0.6
1453.8666666666666,29.06134976234418,27.92416275160615,27.357034296538295,0.6
1454.9333333333334,29.06076853804264,27.92358072581693,27.356453107471133,0.6
1456.0,29.060191932427667,27.923003325083247,27.355876536810552,0.6
1457.0666666666666,29.059619908796208,27.922430512651687,27.3553045478557,0.6
1458.1333333333332,29.059052430738113,27.921862252061445,27.354737104198673,0.6
1459.2,29.05848946213232,27.9212985071419,27.35417416972056,0.6
1460.2666666666667,29.057930967144454,27.92073924200927,27.353615708589174,0.6
1461.3333333333333,29.057376910224935,27.920184421064917,27.353061685257103,0.6
1462.3999999999999,29.056827256106907,27.919634008993338,27.352512064459603,0.6
1463.4666666666667,29.05628196980368,27.91908797075964,27.351966811212108,0.6
1464.5333333333333,29.05574101660545,27.91854627160629,27.35142589080695,0.6
1465.6,29.055204362080314,27.918008877053538,27.350889268814285,0.6
1466.6666666666665,29.0546719720689,27.917475752895164,27.350356911076837,0.6
1467.7333333333333,29.054143812683247,27.91694686519647,27.34982878370867,0.6
1468.8,29.05361985030477,27.91642218029243,27.34930485309324,0.6
1469.8666666666666,29.053100051582113,27.91590166478574,27.34878508588125,0.6
1470.9333333333334,29.052584383428997,27.9153852855445,27.34826944898838,0.6
1472.0,29.052072813021063,27.91487300969929,27.347757909592293,0.6
1473.0666666666666,29.051565307796324,27.914364804642776,27.347250435132953,0.6
1474.1333333333332,29.05106183545104,27.91386063802696,27.346746993308603,0.6
1475.2,29.05056236393797,27.913360477760378,27.34624755207391,0.6
1476.2666666666667,29.05006686146443,27.912864292006496,27.34575207963815,0.6
1477.3333333333333,29.049575296490683,27.912372049182068,27.345260544463496,0.6
1478.3999999999999,29.049087637727524,27.91188371795474,27.344772915262624,0.6
1479.4666666666667,29.04860385413421,27.91139926724114,27.344289160996663,0.6
1480.5333333333333,29.048123914916083,27.910918666203827,27.343809250872873,0.6
1481.6,29.047647789524802,27.910441884252464,27.343333154344702,0.6
1482.6666666666665,29.047175447653764,27.909968891038705,27.342860841107417,0.6
1483.7333333333333,29.046706859237254,27.9094996564554,27.342392281097137,0.6
1484.8,29.04624199444845,27.909034150634504,27.34192744448882,0.6
1485.8666666666666,29.04578082369773,27.908572343945657,27.341466301694645,0.6
1486.9333333333334,29.04532331763054,27.908114206993794,27.34100882336185,0.6
1488.0,29.04486944712555,27.907659710617523,27.340554980370854,0.6
1489.0666666666666,29.044419183291925,27.907208825886105,27.34010474383259,0.6
1490.1333333333332,29.04397249747032,27.906761524100535,27.339658085089464,0.6
1491.2,29.04352936122807,27.90631777678909,27.339214975710505,0.6
1492.2666666666667,29.04308974635849,27.905877555706162,27.33877538749072,0.6
1493.3333333333333,29.042653624878916,27.905440832830543,27.33833929244919,0.6
1494.3999999999999,29.042220969029326,27.905007580363858,27.337906662827542,0.6
1495.4666666666667,29.041791751270175,27.904577770728622,27.33747747108793,0.6
1496.5333333333333,29.041365944280848,27.904151376566514,27.337051689911373,0.6
1497.6,29.040943520957264,27.903728370736314,27.33662929219542,0.6
1498.6666666666665,29.040524454411074,27.903308726312144,27.336210251053384,0.6
1499.7333333333333,29.040108717968327,27.902892416583533,27.33579453981291,0.6
1500.8,29.03969628516634,27.902479415051296,27.33538213201294,0.6
1501.8666666666666,29.039287129752797,27.90206969542692,27.33497300140273,0.6
1502.9333333333334,29.038881225683816,27.901663231630636,27.33456712193997,0.6
1504.0,29.038478547122818,27.901259997790167,27.33416446778968,0.6
1505.0666666666666,29.038079068438396,27.900859968238784,27.333765013321973,0.6
1506.1333333333332,29.03768276420284,27.900463117513695,27.333368733110703,0.6
1507.2,29.037289609190353,27.90006942035451,27.33297560193159,0.6
1508.2666666666667,29.03689957837493,27.89967885170043,27.33258559476013,0.6
1509.3333333333333,29.036512646931136,27.89929138669183,27.332198686772433,0.6
1510.3999999999999,29.03612879022982,27.898907000665698,27.331814853340823,0.6
1511.4666666666667,29.035747983837556,27.898525669154903,27.331434070033353,0.6
1512.5333333333333,29.035370203515107,27.898147367886782,27.331056312612233,0.6
1513.6,29.034995425215772,27.89777207278144,27.330681557032264,0.6
1514.6666666666665,29.03462362508416,27.89739975995062,27.330309779439467,0.6
1515.7333333333333,29.034254779454354,27.89703040569575,27.32994095616939,0.6
1516.8,29.03388886484852,27.896663986506628,27.329575063745565,0.6
1517.8666666666666,29.03352585797519,27.896300479059803,27.329212078878022,0.6
1518.9333333333334,29.033165735727387,27.89593986021619,27.328851978461106,0.6
1520.0,29.032808475183405,27.895582107022516,27.32849473957454,0.6
1521.0666666666666,29.03245405360273,27.895227196707026,27.328140339479205,0.6
1522.1333333333332,29.032102448425565,27.894875106678764,27.32778875561663,0.6
1523.2,29.031753637271418,27.89452581452638,27.327439965607685,0.6
1524.2666666666667,29.03140759793752,27.894179298016503,27.327093947250955,0.6
1525.3333333333333,29.031064308397735,27.893835535092606,27.326750678521663,0.6
1526.3999999999999,29.03072374680093,27.89349450387341,27.32641013756996,0.6
1527.4666666666667,29.03038589146958,27.893156182651513,27.32607230271967,0.6
1528.5333333333333,29.03005072089846,27.89282054989204,27.325737152466868,0.6
1529.6,29.029718213752965,27.89248758423113,27.325404665478196,0.6
1530.6666666666665,29.0293883488676,27.892157264473763,27.32507482058951,0.6
1531.7333333333333,29.029061105246587,27.891829569595338,27.32474759680626,0.6
1532.8,29.028736462060046,27.891504478737314,27.324422973299857,0.6
1533.8666666666666,29.028414398643655,27.891181971206873,27.324100929407212,0.6
1534.9333333333334,29.028094894497308,27.890862026475606,27.323781444629443,0.6
1536.0,29.02777792928375,27.890544624178272,27.323464498630585,0.6
1537.0666666666666,29.02746348282737,27.890229744111362,27.3231500712362,0.6
1538.1333333333332,29.02715153511303,27.889917366232186,27.322838142432378,0.6
1539.2,29.026842066284527,27.88960747065712,27.322528692364116,0.6
1540.2666666666667,29.026535056643485,27.889300037660647,27.32222170133424,0.6
1541.3333333333333,29.026230486648064,27.888995047673976,27.321917149802093,0.6
1542.3999999999999,29.025928336911335,27.88869248128365,27.321615018381905,0.6
1543.4666666666667,29.025628588200338,27.888392319229744,27.321315287841895,0.6
1544.5333333333333,29.0253312214361,27.888094542407234,27.32101793910429,0.6
1545.6,29.02503621769057,27.887799131861957,27.32072295324213,0.6
1546.6666666666665,29.02474355818601,27.887506068790294,27.320430311478816,0.6
1547.7333333333333,29.02445322429392,27.887215334538045,27.32013999518699,0.6
1548.8,29.024165197533915,27.886926910599314,27.319851985887386,0.6
1549.8666666666666,29.02387945957223,27.88664077861514,27.319566265247364,0.6
1550.9333333333334,29.02359599222111,27.88635692037258,27.31928281508027,0.6
1552.0,29.02331477743724,27.886075317803478,27.319001617343854,0.6
1553.0666666666666,29.023035797320638,27.885795952983166,27.318722654139243,0.6
1554.1333333333332,29.022759034113594,27.885518808129458,27.318445907709805,0.6
1555.2,29.02248447019954,27.885243865601492,27.31817136044003,0.6
1556.2666666666667,29.022212088101686,27.884971107898487,27.31789899485419,0.6
1557.3333333333333,29.021941870481427,27.88470051765778,27.317628793614755,0.6
1558.3999999999999,29.021673800139745,27.884432077656523,27.317360739523718,0.6
1559.4666666666667,29.021407860013394,27.884165770808117,27.317094815518857,0.6
1560.5333333333333,29.02114403317458,27.883901580161428,27.316831004673446,0.6
1561.6,29.020882302830106,27.883639488900066,27.31656929019526,0.6
1562.6666666666665,29.020622652320213,27.883379480341294,27.316309655425574,0.6
1563.7333333333333,29.020365065117538,27.883121537934983,27.316052083838034,0.6
1564.8,29.02010952482588,27.88286564526235,27.31579655903744,0.6
1565.8666666666666,29.01985601517968,27.882611786035323,27.315543064759193,0.6
1566.9333333333334,29.019604520042463,27.882359944095217,27.315291584867815,0.6
1568.0,29.019355023405968,27.882110103411687,27.315042103355996,0.6
1569.0666666666666,29.01910750938917,27.88186224808184,27.3147946043437,0.6
1570.1333333333332,29.01886196223726,27.881616362329094,27.314549072077057,0.6
1571.2,29.018618366320606,27.881372430502303,27.314305490927367,0.6
1572.2666666666667,29.01837670613336,27.881130437074418,27.314063845389757,0.6
1573.3333333333333,29.018136966292982,27.880890366641243,27.313824120082582,0.6
1574.3999999999999,29.017899131540158,27.88065220392266,27.313586299747495,0.6
1575.4666666666667,29.017663186736172,27.88041593375913,27.313350369246677,0.6
1576.5333333333333,29.017429116862562,27.880181541111423,27.313116313562574,0.6
1577.6,29.017196907020192,27.879949011059892,27.312884117796944,0.6
1578.6666666666665,29.016966542428356,27.87971832880343,27.312653767169984,0.6
1579.7333333333333,29.01673800842382,27.879489479658588,27.312425247019355,0.6
1580.8,29.01651129045981,27.87926244905858,27.31219854279918,0.6
1581.8666666666666,29.01628637410512,27.879037222552192,27.3119736400791,0.6
1582.9333333333334,29.016063245043437,27.878813785803437,27.311750524543676,0.6
1584.0,29.015841889072075,27.878592124590035,27.31152918199108,0.6
1585.0666666666666,29.015622292101188,27.8783722248027,27.311309598332343,0.6
1586.1333333333332,29.015404440152942,27.878154072444335,27.311091759590454,0.6
1587.2,29.015188319360572,27.877937653629026,27.310875651899497,0.6
1588.2666666666667,29.014973915967513,27.877722954581273,27.310661261503736,0.6
1589.3333333333333,29.014761216326445,27.87750996163497,27.310448574756705,0.6
1590.3999999999999,29.01455020689799,27.877298661232185,27.310237578119786,0.6
1591.4666666666667,29.01434087425101,27.877089039922865,27.310028258162724,0.6
1592.5333333333333,29.01413320506151,27.876881084364832,27.309820601562286,0.6
1593.6,29.013927186110827,27.876674781321285,27.30961459510064,0.6
1594.6666666666665,29.01372280428536,27.876470117660503,27.309410225664962,0.6
1595.7333333333333,29.0135200465757,27.87626708035513,27.30920748024663,0.6
1596.8,29.013318900075834,27.87606565648136,27.309006345940425,0.6
1597.8666666666666,29.013119351982304,27.875865833218064,27.308806809943665,0.6
1598.9333333333332,29.01292138959344,27.87566759784608,27.308608859555438,0.6
1600.0,29.01272500030841,27.875470937747217,27.30841248217567,0.6
1601.0666666666666,29.012530171626505,27.875275840403464,27.30821766530446,0.6
1602.1333333333332,29.01233689114658,27.875082293396595,27.308024396541335,0.6
1603.2,29.01214514656585,27.87489028440687,27.307832663584318,0.6
1604.2666666666667,29.011954925679294,27.87469980121247,27.3076424542291,0.6
1605.3333333333333,29.011766216378952,27.87451083168867,27.307453756368464,0.6
1606.3999999999999,29.01157900665304,27.874323363807182,27.307266557991362,0.6
1607.4666666666667,29.011393284585232,27.874137385635223,27.307080847182167,0.6
1608.5333333333333,29.011209038353922,27.873952885334887,27.306896612120017,0.6
1609.6,29.011026256231368,27.873769851162304,27.30671384107786,0.6
1610.6666666666665,29.0108449265828,27.873588271466733,27.306532522421627,0.6
1611.7333333333333,29.010665037865703,27.873408134689434,27.30635264460952,0.6
1612.8,29.010486578630463,27.873229429365164,27.306174196192607,0.6
1613.8666666666666,29.010309537517763,27.873052144119,27.3059971658123,0.6
1614.9333333333332,29.010133903258534,27.872876267666317,27.305821542200153,0.6
1616.0,29.009959664673197,27.87270178881212,27.305647314177307,0.6
1617.0666666666666,29.009786810671063,27.87252869645044,27.305474470653714,0.6
1618.1333333333332,29.009615330249552,27.87235697956351,27.305303000627497,0.6
1619.2,29.009445212493524,27.87218662722111,27.305132893184133,0.6
1620.2666666666667,29.009276446574596,27.872017628579965,27.30496413749593,0.6
1621.3333333333333,29.00910902175044,27.871849972882902,27.304796722821205,0.6
1622.3999999999999,29.00894292736403,27.87168364945825,27.30463063850356,0.6
1623.4666666666667,29.008778152842975,27.871518647718958,27.304465873971257,0.6
1624.5333333333333,29.008614687699136,27.871354957162463,27.304302418736803,0.6
1625.6,29.00845252152756,27.871192567369484,27.30414026239588,0.6
1626.6666666666665,29.008291644005993,27.871031468003515,27.303979394626822,0.6
1627.7333333333333,29.008132044894193,27.870871648810198,27.30381980519005,0.6
1628.8,29.007973714033337,27.870713099616683,27.303661483927325,0.6
1629.8666666666666,29.007816641345286,27.870555810330956,27.303504420761147,0.6
1630.9333333333332,29.00766081683201,27.870399770941194,27.30334860569407,0.6
1632.0,29.00750623057493,27.870244971515145,27.30319402880814,0.6
1633.0666666666666,29.007352872734288,27.870091402199478,27.303040680264168,0.6
1634.1333333333332,29.007200733548444,27.86993905321912,27.30288855030114,0.6
1635.2,29.007049803332983,27.8697879148764,27.302737629235178,0.6
1636.2666666666667,29.006900072480715,27.869637977550582,27.30258790745971,0.6
1637.3333333333333,29.00675153146146,27.869489231698463,27.302439375445136,0.6
1638.3999999999999,29.00660417082027,27.869341667852133,27.302292023737063,0.6
1639.4666666666667,29.006457981177316,27.869195276618804,27.30214584295624,0.6
1640.5333333333333,29.00631295322724,27.869050048680315,27.302000823797894,0.6
1641.6,29.006169077738715,27.868905974792558,27.301856957031195,0.6
1642.6666666666665,29.006026345553643,27.868763045784867,27.301714233498668,0.6
1643.7333333333333,29.005884747586844,27.868621252559468,27.301572644115637,0.6
1644.8,29.00574427482524,27.8684805860909,27.301432179869604,0.6
1645.8666666666666,29.005604918327435,27.868341037425413,27.301292831819698,0.6
1646.9333333333332,29.00546666922306,27.868202597680426,27.3011545910961,0.6
1648.0,29.005329518712262,27.868065258043917,27.30101744889946,0.6
1649.0666666666666,29.005193458064987,27.8679290097739,27.300881396500305,0.6
1650.1333333333332,29.0050584786206,27.86779384419762,27.30074642523846,0.6
1651.2,29.00492457178747,27.867659752711706,27.30061252652289,0.6
1652.2666666666667,29.004791729042143,27.867526726780937,27.300479691830592,0.6
1653.3333333333333,29.004659941928853,27.86739475793789,27.300347912706332,0.6
1654.3999999999999,29.004529202059032,27.867263837782424,27.300217180762075,0.6
1655.4666666666667,29.004399501110786,27.86713395798116,27.30008748767639,0.6
1656.5333333333333,29.004270830828347,27.867005110266966,27.29995882519405,0.6
1657.6,29.004143183021544,27.86687728643837,27.299831185125367,0.6
1658.6666666666665,29.004016549565335,27.866750478359112,27.299704559345766,0.6
1659.7333333333333,29.003890922399187,27.866624677957557,27.299578939795254,0.6
1660.8,29.003766293526674,27.86649987722624,27.29945431847783,0.6
1661.8666666666666,29.00364265501484,27.866376068221307,27.29933068746107,0.6
1662.9333333333332,29.003519998993852,27.866253243062012,27.299208038875587,0.6
1664.0,29.00339831765627,27.866131393930207,27.29908636491442,0.6
1665.0666666666666,29.003277603256418,27.866010513069618,27.29896565783236,0.6
1666.1333333333332,29.00315784811048,27.865890592785536,27.298845909946078,0.6
1667.2,29.003039044596207,27.86577162544535,27.298727113633763,0.6
1668.2666666666667,29.002921185151553,27.865653603476673,27.298609261333844,0.6
1669.3333333333333,29.002804262274495,27.86553651936708,27.298492345544744,0.6
1670.3999999999999,29.00268826852259,27.86542036566388,27.298376358824484,0.6
1671.4666666666667,29.002573196512593,27.865305134973656,27.298261293790244,0.6
1672.5333333333333,29.002459038919863,27.86519081996163,27.298147143117838,0.6
1673.6,29.002345788477992,27.86507741335141,27.298033899541306,0.6
1674.6666666666665,29.00223343797836,27.864964907924403,27.297921555852444,0.6
1675.7333333333333,29.002121980269564,27.864853296519374,27.297810104900293,0.6
1676.8,29.002011408257058,27.864742572031986,27.297699539590752,0.6
1677.8666666666666,29.001901714902676,27.86463272741435,27.297589852886066,0.6
1678.9333333333332,29.001792893224184,27.864523755674632,27.297481037804424,0.6
1680.0,29.001684936294826,27.864415649876495,27.297373087419512,0.6
1681.0666666666666,29.00157783724292,27.86430840313877,27.297265994860023,0.6
1682.1333333333332,29.00147158925131,27.864202008634958,27.297159753309266,0.6
1683.2,29.001366185557007,27.864096459592737,27.297054356004615,0.6
1684.2666666666667,29.001261619450826,27.86399174929358,27.296949796237314,0.6
1685.3333333333333,29.001157884276985,27.863887871072603,27.296846067351982,0.6
1686.3999999999999,29.001054973432502,27.863784818317715,27.296743162746022,0.6
1687.4666666666667,29.00095288036683,27.86368258446932,27.296641075869317,0.6
1688.5333333333333,29.000851598581523,27.86358116302002,27.296539800223794,0.6
1689.6,29.000751121629737,27.86348054751409,27.296439329363,0.6
1690.6666666666665,29.00065144311589,27.863380731547103,27.296339656891725,0.6
1691.7333333333333,29.000552556695215,27.86328170876555,27.29624077646563,0.6
1692.8,29.000454456073374,27.863183472866428,27.296142681790723,0.6
1693.8666666666666,29.00035713500605,27.863086017596782,27.296045366623076,0.6
1694.9333333333332,29.000260587298488,27.862989336753362,27.295948824768313,0.6
1696.0,29.000164806805245,27.862893424182204,27.295853050081366,0.6
1697.0666666666666,29.000069787429677,27.86279827377828,27.29575803646595,0.6
1698.1333333333332,28.99997552312353,27.862703879485032,27.295663777874186,0.6
1699.2,28.999882007886708,27.862610235294035,27.29557026830634,0.6
1700.2666666666667,28.999789235766784,27.86251733524465,27.295477501810343,0.6
1701.3333333333333,28.999697200858513,27.862425173423503,27.295385472481293,0.6
1702.3999999999999,28.999605897303617,27.86233374396428,27.29529417446129,0.6
1703.4666666666667,28.99951531929011,27.86224304104704,27.295203601938724,0.6
1704.5333333333333,28.99942546105236,27.862153058897924,27.29511374914823,0.6
1705.6,28.99933631687113,27.862063791789936,27.295024610370962,0.6
1706.6666666666665,28.999247881072208,27.86197523404115,27.294936179933092,0.6
1707.7333333333333,28.999160148026494,27.86188738001465,27.294848452205827,0.6
1708.8,28.99907311214957,27.861800224118312,27.294761421605084,0.6
1709.8666666666666,28.998986767901425,27.861713760804477,27.2946750825912,0.6
1710.9333333333332,28.998901109786004,27.861627984569534,27.29458942966844,0.6
1712.0,28.99881613235096,27.86154288995361,27.294504457384797,0.6
1713.0666666666666,28.998731830187303,27.861458471540264,27.29442016033162,0.6
1714.1333333333332,28.99864819792901,27.861374723956033,27.294336533143174,0.6
1715.2,28.998565230252666,27.86129164187019,27.294253570496394,0.6
1716.2666666666667,28.998482921877184,27.861209219994382,27.294171267110507,0.6
1717.3333333333333,28.998401267563455,27.86112745308225,27.294089617746724,0.6
1718.3999999999999,28.998320262113985,27.861046335929146,27.294008617207872,0.6
1719.4666666666667,28.998239900372567,27.860965863371725,27.29392826033804,0.6
1720.5333333333333,28.99816017722398,27.860886030287748,27.293848542022342,0.6
1721.6,28.99808108759371,27.86080683159569,27.293769457186535,0.6
1722.6666666666665,28.998002626447494,27.86072826225433,27.29369100079669,0.6
1723.7333333333333,28.997924788791092,27.860650317262568,27.293613167858872,0.6
1724.8,28.997847569669972,27.860572991659016,27.293535953418836,0.6
1725.8666666666666,28.997770964168954,27.860496280521726,27.293459352561705,0.6
1726.9333333333332,28.9976949674119,27.86042017896785,27.293383360411628,0.6
1728.0,28.997619574561345,27.86034468215325,27.29330797213145,0.6
1729.0666666666666,28.99754478081841,27.860269785272394,27.29323318292257,0.6
1730.1333333333332,28.997470581422352,27.860195483558,27.29315898802455,0.6
1731.2,28.997396971650197,27.86012177228057,27.29308538271468,0.6
1732.2666666666667,28.997323946816522,27.860048646748236,27.293012362307827,0.6
1733.3333333333333,28.997251502273162,27.859976102306394,27.2929399221561,0.6
1734.3999999999999,28.997179633408784,27.85990413433741,27.29286805764849,0.6
1735.4666666666667,28.997108335648804,27.859832738260355,27.292796764210625,0.6
1736.5333333333333,28.997037604454956,27.859761909530693,27.29272603730456,0.6
1737.6,28.99696743532499,27.85969164363999,27.292655872428305,0.6
1738.6666666666665,28.996897823792537,27.859621936115687,27.292586265115748,0.6
1739.7333333333333,28.99682876542662,27.85955278252074,27.292517210936218,0.6
1740.8,28.996760255831543,27.859484178453364,27.292448705494234,0.6
1741.8666666666666,28.996692290646504,27.859416119546736,27.29238074442929,0.6
1742.9333333333332,28.996624865545343,27.859348601468753,27.292313323415513,0.6
1744.0,28.996557976236293,27.85928161992173,27.292246438161335,0.6
1745.0666666666666,28.99649161846174,27.859215170642145,27.292180084409456,0.6
1746.1333333333332,28.996425787997822,27.859149249400346,27.29211425793622,0.6
1747.2,28.99636048065428,27.859083852000303,27.29204895455167,0.6
1748.2666666666667,28.99629569227418,27.859018974279326,27.291984170099102,0.6
1749.3333333333333,28.99623141873357,27.85895461210779,27.29191990045479,0.6
1750.3999999999999,28.996167655941278,27.858890761388885,27.29185614152786,0.6
1751.4666666666667,28.99610439983869,27.85882741805837,27.29179288925991,0.6
1752.5333333333333,28.996041646399377,27.858764578084305,27.291730139624747,0.6
1753.6,28.995979391628946,27.858702237466762,27.291667888628254,0.6
1754.6666666666665,28.995917631564748,27.858640392237607,27.29160613230796,0.6
1755.7333333333333,28.995856362275475,27.858579038460185,27.29154486673293,0.6
1756.8,28.995795579861287,27.858518172229232,27.29148408800343,0.6
1757.8666666666666,28.995735280452767,27.858457789670105,27.291423792250306,0.6
1758.9333333333332,28.995675460211867,27.85839788693915,27.291363975635747,0.6
1760.0,28.995616115331202,27.858338460223965,27.291304634352617,0.6
1761.0666666666666,28.99555724203334,27.858279505741837,27.29124576462369,0.6
1762.1333333333332,28.995498836570867,27.858221019740252,27.291187362701823,0.6
1763.2,28.995440895226174,27.858162998496486,27.29112942486959,0.6
1764.2666666666667,28.99538341431111,27.85810543831726,27.291071947439068,0.6
1765.3333333333333,28.995326390166944,27.85804833553881,27.291014926751753,0.6
1766.3999999999999,28.995269819163966,27.857991686526358,27.290958359178116,0.6
1767.4666666666667,28.99521369770125,27.857935487674126,27.29090224111754,0.6
1768.5333333333333,28.995158022206528,27.857879735404875,27.29084656899792,0.6
1769.6,28.995102789135967,27.857824426169874,27.290791339275636,0.6
1770.6666666666665,28.99504799497384,27.857769556448535,27.29073654843516,0.6
1771.7333333333333,28.994993636232326,27.85771512274825,27.290682192988903,0.6
1772.8,28.99493970945141,27.857661121604206,27.290628269477075,0.6
1773.8666666666666,28.99488621119849,27.8576075495791,27.29057477446727,0.6
1774.9333333333332,28.9948331380683,27.85755440326295,27.29052170455441,0.6
1776.0,28.99478048668261,27.857501679272865,27.29046905636049,0.6
1777.0666666666666,28.994728253690045,27.857449374252845,27.290416826534326,0.6
1778.1333333333332,28.994676435765836,27.85739748487356,27.290365011751355,0.6
1779.2,28.994625029611647,27.85734600783211,27.290313608713454,0.6
1780.2666666666667,28.994574031955366,27.857294939851894,27.290262614148688,0.6
1781.3333333333333,28.994523439550882,27.85724427768225,27.29021202481115,0.6
1782.3999999999999,28.994473249177833,27.85719401809847,27.29016183748068,0.6
1783.4666666666667,28.994423457641506,27.857144157901374,27.29011204896275,0.6
1784.5333333333333,28.994374061772557,27.85709469391727,27.29006265608822,0.6
1785.6,28.99432505842682,27.857045622997664,27.290013655713107,0.6
1786.6666666666665,28.99427644448514,27.85699694201905,27.28996504471844,0.6
1787.7333333333333,28.99422821685308,27.856948647882838,27.289916820009974,0.6
1788.8,28.9941803724609,27.85690073751492,27.289868978518147,0.6
1789.8666666666666,28.99413290826314,27.856853207865704,27.289821517197687,0.6
1790.9333333333332,28.9940858212386,27.856806055909832,27.289774433027606,0.6
1792.0,28.994039108390112,27.856759278646,27.2897277230109,0.6
1793.0666666666666,28.993992766744288,27.856712873096676,27.289681384174333,0.6
1794.1333333333332,28.99394679335136,27.85666683630806,27.289635413568355,0.6
1795.2,28.993901185285015,27.85662116534982,27.28958980826682,0.6
1796.2666666666667,28.993855939642085,27.8565758573148,27.289544565366715,0.6
1797.3333333333333,28.99381105354263,27.856530909319,27.28949968198829,0.6
1798.3999999999999,28.993766524129583,27.856486318501457,27.28945515527465,0.6
1799.4666666666667,28.99372234856857,27.856442082023893,27.289410982391587,0.6
1800.5333333333333,28.993678524047723,27.856398197070586,27.289367160527416,0.6
1801.6,28.99363504777748,27.856354660848112,27.289323686892747,0.6
1802.6666666666665,28.993591916990496,27.85631147058529,27.28928055872038,0.6
1803.7333333333333,28.993549128941382,27.856268623532983,27.28923777326512,0.6
1804.8,28.99350668090659,27.856226116963853,27.289195327803558,0.6
1805.8666666666666,28.99346457018419,27.856183948172266,27.289153219633935,0.6
1806.9333333333332,28.993422794093753,27.856142114474064,27.289111446075992,0.6
1808.0,28.993381349976122,27.856100613206458,27.289070004470737,0.6
1809.0666666666666,28.993340235193287,27.856059441727794,27.289028892180312,0.6
1810.1333333333332,28.993299447128187,27.85601859741741,27.288988106587826,0.6
1811.2,28.993258983184575,27.85597807767546,27.288947645097164,0.6
1812.2666666666667,28.993218840786813,27.855937879922752,27.288907505132872,0.6
1813.3333333333333,28.993179017379752,27.85589800160062,27.288867684139937,0.6
1814.3999999999999,28.993139510428545,27.85585844017073,27.28882817958367,0.6
1815.4666666666667,28.99310031741849,27.855819193114908,27.2887889889495,0.6
1816.5333333333333,28.99306143585484,27.855780257934953,27.288750109742885,0.6
1817.6,28.993022863262706,27.855741632152572,27.288711539489057,0.6
1818.6666666666665,28.992984597186847,27.855703313309153,27.288673275732922,0.6
1819.7333333333333,28.992946635191547,27.85566529896563,27.288635316038903,0.6
1820.8,28.992908974860434,27.85562758670225,27.288597657990795,0.6
1821.8666666666666,28.992871613796304,27.855590174118543,27.28856029919153,0.6
1822.9333333333332,28.992834549621126,27.855553058833156,27.28852323726321,0.6
1824.0,28.992797779975625,27.855516238483627,27.288486469846703,0.6
1825.0666666666666,28.99276130251932,27.85547971072619,27.288449994601702,0.6
1826.1333333333332,28.992725114930337,27.855443473235816,27.28841380920643,0.6
1827.2,28.99268921490524,27.85540752370587,27.28837791135762,0.6
1828.2666666666667,28.992653600158967,27.855371859848113,27.288342298770335,0.6
1829.3333333333333,28.992618268424533,27.855336479392463,27.288306969177743,0.6
1830.3999999999999,28.992583217452943,27.855301380086836,27.28827192033098,0.6
1831.4666666666667,28.992548445013163,27.855266559697096,27.288237149999144,0.6
1832.5333333333333,28.992513948891844,27.85523201600685,27.288202655969013,0.6
1833.6,28.992479726893233,27.855197746817346,27.288168436044952,0.6
1834.6666666666665,28.992445776838995,27.855163749947174,27.288134488048804,0.6
1835.7333333333333,28.992412096568167,27.85513002323245,27.288100809819692,0.6
1836.8,28.992378683936877,27.855096564526345,27.288067399213908,0.6
1837.8666666666666,28.992345536818398,27.855063371699163,27.28803425410482,0.6
1838.9333333333332,28.99231265310272,27.85503044263802,27.288001372382585,0.6
1840.0,28.992280030696833,27.854997775247003,27.28796875195431,0.6
1841.0666666666666,28.992247667524236,27.85496536744674,27.287936390743614,0.6
1842.1333333333332,28.99221556152486,27.854933217174345,27.287904286690548,0.6
1843.2,28.99218371065512,27.854901322383377,27.287872437751606,0.6
1844.2666666666667,28.99215211288768,27.85486968104372,27.287840841899627,0.6
1845.3333333333333,28.992120766211205,27.854838291141288,27.2878094971234,0.6
1846.3999999999999,28.992089668630403,27.854807150678052,27.287778401427758,0.6
1847.4666666666667,28.992058818165805,27.854776257671755,27.28774755283333,0.6
1848.5333333333333,28.992028212853683,27.854745610155973,27.287716949376534,0.6
1849.6,28.99199785074602,27.854715206180046,27.287686589109438,0.6
1850.6666666666665,28.991967729909753,27.854685043808306,27.287656470099133,0.6
1851.7333333333333,28.991937848427803,27.85465512112081,27.28762659042861,0.6
1852.8,28.991908204398456,27.854625436213357,27.287596948196306,0.6
1853.8666666666666,28.991878795934632,27.85459598719628,27.287567541515255,0.6
1854.9333333333332,28.99184962116448,27.85456677219511,27.287538368513705,0.6
1856.0,28.991820678231015,27.85453778935031,27.287509427334776,0.6
1857.0666666666666,28.99179196529193,27.85450903681709,27.28748071613631,0.6
1858.1333333333332,28.991763480519662,27.85448051276533,27.287452233090782,0.6
1859.2,28.991735222100974,27.854452215379286,27.287423976385167,0.6
1860.2666666666667,28.9917071882372,27.854424142857788,27.28739594422081,0.6
1861.3333333333333,28.991679377143967,27.854396293414013,27.287368134813494,0.6
1862.3999999999999,28.991651787051,27.85436866527527,27.287340546393068,0.6
1863.4666666666667,28.991624416202153,27.854341256682996,27.28731317720346,0.6
1864.5333333333333,28.99159726285515,27.854314065892474,27.287286025502528,0.6
1865.6,28.991570325281618,27.854287091172992,27.287259089561967,0.6
1866.6666666666665,28.99154360176692,27.854260330807527,27.287232367667283,0.6
1867.7333333333333,28.991517090610067,27.85423378309274,27.287205858117563,0.6
1868.8,28.99149079012361,27.85420744633882,27.287179559225464,0.6
1869.8666666666666,28.99146469863336,27.85418131886939,27.2871534693169,0.6
1870.9333333333332,28.991438814478634,27.85415539902129,27.287127586731295,0.6
1872.0,28.9914131360118,27.85412968514476,27.287101909821093,0.6
1873.0666666666666,28.99138766159835,27.854104175603002,27.28707643695192,0.6
1874.1333333333332,28.991362389616793,27.854078868772277,27.28705116650237,0.6
1875.2,28.991337318458495,27.85405376304175,27.287026096863908,0.6
1876.2666666666667,28.9913124465276,27.85402885681338,27.287001226440758,0.6
1877.3333333333333,28.99128777224099,27.85400414850177,27.286976553649943,0.6
1878.3999999999999,28.9912632940281,27.853979636534284,27.28695207692095,0.6
1879.4666666666667,28.9912390103308,27.853955319350625,27.28692779469575,0.6
1880.5333333333333,28.991214919603376,27.853931195402954,27.286903705428738,0.6
1881.6,28.99119102031241,27.853907263155715,27.286879807586555,0.6
1882.6666666666665,28.99116731093663,27.853883521085542,27.286856099648045,0.6
1883.7333333333333,28.991143789966877,27.853859967681235,27.28683258010417,0.6
1884.8,28.991120455906053,27.853836601443565,27.286809247457864,0.6
1885.8666666666666,28.99109730726885,27.853813420885196,27.28678610022396,0.6
1886.9333333333332,28.991074342581815,27.853790424530658,27.286763136929057,0.6
1888.0,28.99105156038316,27.853767610916165,27.286740356111476,0.6
1889.0666666666666,28.991028959222742,27.853744978589557,27.286717756321167,0.6
1890.1333333333332,28.991006537661956,27.85372252611024,27.28669533611958,0.6
1891.2,28.990984294273634,27.85370025204907,27.286673094079674,0.6
1892.2666666666667,28.990962227641937,27.853678154988273,27.28665102878567,0.6
1893.3333333333333,28.990940336362236,27.853656233521278,27.286629138833035,0.6
1894.3999999999999,28.990918619041143,27.853634486252773,27.28660742282846,0.6
1895.4666666666667,28.99089707429627,27.853612911798454,27.286585879389655,0.6
1896.5333333333333,28.990875700756266,27.853591508785083,27.286564507145318,0.6
1897.6,28.990854497060624,27.853570275850302,27.286543304735076,0.6
1898.6666666666665,28.9908334618597,27.853549211642584,27.286522270809318,0.6
1899.7333333333333,28.99081259381457,27.853528314821155,27.286501404029224,0.6
1900.8,28.990791891596896,27.853507584055865,27.286480703066545,0.6
1901.8666666666666,28.990771353888967,27.853487018027174,27.28646016660362,0.6
1902.9333333333332,28.990750979383478,27.85346661542597,27.28643979333325,0.6
1904.0,28.99073076678353,27.853446374953588,27.286419581958622,0.6
1905.0666666666666,28.990710714802617,27.853426295321675,27.28639953119326,0.6
1906.1333333333332,28.990690822164325,27.85340637525213,27.286379639760888,0.6
1907.2,28.990671087602447,27.85338661347699,27.286359906395322,0.6
1908.2666666666667,28.990651509860843,27.853367008738374,27.286340329840538,0.6
1909.3333333333333,28.990632087693346,27.8533475597884,27.286320908850424,0.6
1910.3999999999999,28.990612819863664,27.853328265389067,27.28630164218878,0.6
1911.4666666666667,28.9905937051454,27.853309124312283,27.28628252862926,0.6
1912.5333333333333,28.990574742321815,27.853290135339634,27.28626356695522,0.6
1913.6,28.99055593018592,27.85327129726248,27.286244755959718,0.6
1914.6666666666665,28.990537267540237,27.85325260888169,27.286226094445375,0.6
1915.7333333333333,28.990518753196895,27.8532340690077,27.286207581224392,0.6
1916.8,28.99050038597741,27.853215676460458,27.28618921511834,0.6
1917.8666666666666,28.99048216471263,27.853197430069205,27.286170994958155,0.6
1918.9333333333332,28.990464088242742,27.853179328672496,27.28615291958407,0.6
1920.0,28.99044615541712,27.85316137111815,27.28613498784555,0.6
1921.0666666666666,28.990428365094324,27.853143556263152,27.286117198601232,0.6
1922.1333333333332,28.990410716141977,27.853125882973497,27.286099550718763,0.6
1923.2,28.990393207436615,27.85310835012425,27.28608204307479,0.6
1924.2666666666667,28.99037583786381,27.85309095659944,27.286064674554936,0.6
1925.3333333333333,28.99035860631793,27.853073701291883,27.286047444053665,0.6
1926.3999999999999,28.99034151170218,27.85305658310327,27.286030350474196,0.6
1927.4666666666667,28.990324552928442,27.853039600943962,27.286013392728506,0.6
1928.5333333333333,28.99030772891722,27.85302275373301,27.285996569737176,0.6
1929.6,28.990291038597615,27.853006040398046,27.285979880429363,0.6
1930.6666666666665,28.990274480907317,27.852989459875285,27.285963323742802,0.6
1931.7333333333333,28.9902580547923,27.852973011109242,27.285946898623543,0.6
1932.8,28.99024175920709,27.85295669305299,27.285930604026188,0.6
1933.8666666666666,28.99022559311442,27.85294050466785,27.285914438913508,0.6
1934.9333333333332,28.990209555485258,27.852924444923378,27.285898402256585,0.6
1936.0,28.990193645298795,27.852908512797335,27.285882493034592,0.6
1937.0666666666666,28.99017786154226,27.85289270727558,27.28586671023488,0.6
1938.1333333333332,28.990162203210996,27.85287702735205,27.285851052852838,0.6
1939.2,28.990146669308302,27.852861472028668,27.285835519891826,0.6
1940.2666666666667,28.99013125884547,27.852846040315335,27.28582011036319,0.6
1941.3333333333333,28.990115970841487,27.852830731229712,27.28580482328596,0.6
1942.3999999999999,28.990100804323323,27.85281554379746,27.28578965768721,0.6
1943.4666666666667,28.990085758325517,27.852800477051748,27.28577461260151,0.6
1944.5333333333333,28.990070831890336,27.852785530033554,27.285759687071177,0.6
1945.6,28.990056024067762,27.852770701791503,27.285744880146254,0.6
1946.6666666666665,28.99004133391519,27.85275599138173,27.28573019088422,0.6
1947.7333333333333,28.990026760497603,27.85274139786791,27.285715618350086,0.6
1948.8,28.990012302887386,27.852726920321153,27.2857011616163,0.6
1949.8666666666666,28.98999796016431,27.852712557819956,27.285686819762677,0.6
1950.9333333333332,28.989983731415315,27.852698309450034,27.28567259187624,0.6
1952.0,28.989969615734783,27.8526841743045,27.285658477051427,0.6
1953.0666666666666,28.98995561222418,27.852670151483572,27.285644474389724,0.6
1954.1333333333332,28.989941719992196,27.852656240094664,27.2856305829999,0.6
1955.2,28.98992793815454,27.85264243925233,27.285616801997715,0.6
1956.2666666666667,28.98991426583396,27.852628748078104,27.28560313050596,0.6
1957.3333333333333,28.98990070216017,27.852615165700474,27.285589567654416,0.6
1958.3999999999999,28.989887246269813,27.85260169125493,27.28557611257977,0.6
1959.4666666666667,28.989873897306417,27.85258832388378,27.285562764425595,0.6
1960.5333333333333,28.989860654420298,27.85257506273619,27.285549522342265,0.6
1961.6,28.98984751676847,27.85256190696802,27.285536385486857,0.6
1962.6666666666665,28.98983448351468,27.852548855741823,27.28552335302314,0.6
1963.7333333333333,28.989821553829383,27.852535908226965,27.285510424121668,0.6
1964.8,28.98980872688958,27.852523063599268,27.285497597959434,0.6
1965.8666666666666,28.98979600187877,27.852510321041127,27.285484873720026,0.6
1966.9333333333332,28.98978337798697,27.85249767974144,27.2854722505935,0.6
1968.0,28.989770854410647,27.852485138895567,27.28545972777636,0.6
1969.0666666666666,28.98975843035264,27.852472697705224,27.28544730447151,0.6
1970.1333333333332,28.989746105022203,27.85246035537856,27.285434979888247,0.6
1971.2,28.98973387763476,27.85244811112996,27.285422753242027,0.6
1972.2666666666667,28.98972174741198,27.852435964180025,27.285410623754597,0.6
1973.3333333333333,28.989709713581735,27.852423913755565,27.285398590653855,0.6
1974.3999999999999,28.989697775378062,27.852411959089537,27.28538665317388,0.6
1975.4666666666667,28.989685932041073,27.85240009942101,27.285374810554842,0.6
1976.5333333333333,28.989674182816906,27.85238833399508,27.285363062042926,0.6
1977.6,28.989662526957687,27.852376662062856,27.285351406890296,0.6
1978.6666666666665,28.989650963721516,27.852365082881388,27.2853398443551,0.6
1979.7333333333333,28.989639492372376,27.85235359571365,27.285328373701358,0.6
1980.8,28.989628112180043,27.852342199828453,27.285316994198904,0.6
1981.8666666666666,28.989616822420164,27.852330894500394,27.28530570512341,0.6
1982.9333333333332,28.989605622374096,27.85231967900987,27.285294505756305,0.6
1984.0,28.989594511328963,27.852308552643002,27.285283395384734,0.6
1985.0666666666666,28.989583488577534,27.852297514691603,27.28527237330151,0.6
1986.1333333333332,28.989572553418125,27.85228656445302,27.285261438804994,0.6
1987.2,28.989561705154735,27.85227570123026,27.285250591199247,0.6
1988.2666666666667,28.989550943096866,27.852264924331866,27.28523982979378,0.6
1989.3333333333333,28.98954026655949,27.852254233071896,27.285229153903614,0.6
1990.3999999999999,28.98952967486296,27.852243626769788,27.285218562849167,0.6
1991.4666666666667,28.98951916733311,27.852233104750418,27.285208055956293,0.6
1992.5333333333333,28.98950874330113,27.852222666344062,27.285197632556223,0.6
1993.6,28.989498402103496,27.852212310886287,27.285187291985483,0.6
1994.6666666666665,28.98948814308198,27.852202037717948,27.285177033585875,0.6
1995.7333333333333,28.989477965583546,27.852191846185107,27.285166856704407,0.6
1996.8,28.989467868960375,27.852181735639064,27.28515676069331,0.6
1997.8666666666666,28.98945785256978,27.852171705436223,27.285146744909913,0.6
1998.9333333333332,28.98944791577423,27.852161754938187,27.285136808716743,0.6
