Time,T1Mesure,T2Mesure,T3Mesure,PerturbationCourant,T3Estimation,Consigne
0.0,23.4841028396258,23.4841028396258,23.4841028396258,0.0,23.5,22
0.5,23.4841028396258,23.4841028396258,23.4841028396258,0.0,23.5,22
1.0,23.4841028396258,23.4841028396258,23.4841028396258,0.0,23.5,22
1.5,23.4841028396258,23.4841028396258,23.4841028396258,0.0,23.5,22
2.0,23.4841028396258,23.4841028396258,23.4841028396258,0.0,23.5,22
2.5,23.4841028396258,23.4841028396258,23.4841028396258,0.0,23.5,22
3.0,23.4841028396258,23.4841028396258,23.4841028396258,0.0,23.5,22
3.5,23.4841028396258,23.4841028396258,23.4841028396258,0.0,23.5,22
4.0,23.4841028396258,23.4841028396258,23.4841028396258,0.0,23.5,22
4.5,23.4841028396258,23.4841028396258,23.4841028396258,0.0,23.4995661756343,22
5.0,23.4841028396258,23.4841028396258,23.4841028396258,0.0,23.4991467098576,22
5.5,23.4841028396258,23.4841028396258,23.4841028396258,0.0,23.4987411157014,22
6.0,23.4841028396258,23.4841028396258,23.4841028396258,0.0,23.4983489228957,22
6.5,23.4569722912994,23.4841028396258,23.4841028396258,0.0,23.4979696772939,22
7.0,23.4027216305216,23.4841028396258,23.4841028396258,0.0,23.4976024133062,22
7.5,23.3756014785528,23.4841028396258,23.4841028396258,0.0,23.4972451605292,22
8.0,23.3484847525332,23.4841028396258,23.4841028396258,0.0,23.4968960467669,22
8.5,23.3213714327248,23.4841028396258,23.4841028396258,0.0,23.4965538041029,22
9.0,23.2671549328306,23.4841028396258,23.4841028396258,0.0,23.4962172222126,22
9.5,23.2400517133091,23.4569722912994,23.4841028396258,0.0,23.4958846196598,22
10.0,23.2129518211275,23.4569722912994,23.4841028396258,0.0,23.4948145523152,22
10.5,23.1858552365878,23.4569722912994,23.4841028396258,0.0,23.4937713944732,22
11.0,23.1316719116797,23.4298452281856,23.4841028396258,0.0,23.4927533124573,22
11.5,23.1045851319534,23.4298452281856,23.4841028396258,0.0,23.4910182674478,22
12.0,23.0775015811526,23.4298452281856,23.4569722912994,0.0,23.4893293594845,22
12.5,23.050421239617,23.4027216305216,23.4569722912994,0.0,23.4876841439844,22
13.0,22.9962701057361,23.4027216305216,23.4569722912994,0.0,23.4853406123632,22
13.5,22.9691992741061,23.3756014785528,23.4569722912994,0.0,23.4830611624474,22
14.0,22.9421315731717,23.3756014785528,23.4569722912994,0.0,23.4801026899607,22
14.5,22.9150669833081,23.3484847525332,23.4298452281856,0.0,23.4772273970349,22
15.0,22.8609470583286,23.3484847525332,23.4298452281856,0.0,23.473692161536,22
15.5,22.8338916839971,23.3213714327248,23.4298452281856,0.0,23.4702579308916,22
16.0,22.8068393423052,23.3213714327248,23.4298452281856,0.0,23.4661805733734,22
16.5,22.7797900136615,23.2942614993979,23.4298452281856,0.0,23.4622209254037,22
17.0,22.7527436784814,23.2942614993979,23.4027216305216,0.0,23.4576349170381,22
17.5,22.7257003171863,23.2671549328306,23.4027216305216,0.0,23.4531827349686,22
18.0,22.6716224379688,23.2400517133091,23.4027216305216,0.0,23.4481198658128,22
18.5,22.6445878809208,23.2400517133091,23.3756014785528,0.0,23.4424662542198,22
19.0,22.6175562195061,23.2129518211275,23.3756014785528,0.0,23.4369801961053,22
19.5,22.5905274341769,23.2129518211275,23.3756014785528,0.0,23.4309162410339,22
20.0,22.5635015053912,23.1858552365878,23.3756014785528,0.0,23.4250326943232,22
20.5,22.5094581393118,23.1587619399994,23.3484847525332,0.0,23.4185837712979,22
21.0,22.4824406629627,23.1587619399994,23.3484847525332,0.0,23.411587914838,22
21.5,22.4554259650463,23.1316719116797,23.3484847525332,0.0,23.4048017010623,22
22.0,22.4284140260491,23.1316719116797,23.3213714327248,0.0,23.3974785574919,22
22.5,22.4014048264622,23.1045851319534,23.3213714327248,0.0,23.3903751673146,22
23.0,22.3743983467828,23.0775015811526,23.3213714327248,0.0,23.3827447152417,22
23.5,22.3473945675127,23.0775015811526,23.2942614993979,0.0,23.3746049041742,22
24.0,22.3203934691591,23.050421239617,23.2942614993979,0.0,23.3667113150471,22
24.5,22.2933950322341,23.0233440876934,23.2942614993979,0.0,23.3583164201964,22
25.0,22.2663992372551,23.0233440876934,23.2671549328306,0.0,23.3494370577277,22
25.5,22.2124154952277,22.9962701057361,23.2671549328306,0.0,23.3408277998382,22
26.0,22.1854275092376,22.9691992741061,23.2671549328306,0.0,23.3317399682121,22
26.5,22.1584420873099,22.9691992741061,23.2400517133091,0.0,23.3221891309206,22
27.0,22.1314592099854,22.9421315731717,23.2400517133091,0.0,23.3129289852176,22
27.5,22.1044788578092,22.9150669833081,23.2129518211275,0.0,23.3032108754502,22
28.0,22.0775010113308,22.9150669833081,23.2129518211275,0.0,23.2930502029527,22
28.5,22.0505256511042,22.8880054848975,23.2129518211275,0.0,23.2831998114585,22
29.0,22.0235527576872,22.8609470583286,23.1858552365878,0.0,23.2729105602787,22
29.5,21.9965823116423,22.8609470583286,23.1858552365878,0.0,23.2621972119199,22
30.0,21.9696142935356,22.8338916839971,23.1587619399994,0.0,23.2518118260146,22
30.5,21.9426486839372,22.8068393423052,23.1587619399994,0.0,23.2410048395965,22
31.0,21.9156854634213,22.8068393423052,23.1587619399994,0.0,23.2297904390898,22
31.5,21.8887246125657,22.7797900136615,23.1316719116797,0.0,23.2189199627576,22
32.0,21.8617661119521,22.7797900136615,23.1316719116797,0.0,23.2076434816591,22
32.5,21.8348099421657,22.7527436784814,23.1045851319534,0.0,23.1967122162076,22
33.0,21.8078560837953,22.7257003171863,23.1045851319534,0.0,23.1853762872878,22
33.5,21.7809045174332,22.7257003171863,23.1045851319534,0.0,23.1736493275075,22
34.0,21.7809045174332,22.6986599102041,23.0775015811526,0.0,23.1622818966587,22
34.5,21.7539552236748,22.6716224379688,23.0775015811526,0.0,23.1505243254045,22
35.0,21.7270081831194,22.6716224379688,23.050421239617,0.0,23.1383902701655,22
35.5,21.7000633763691,22.6445878809208,23.050421239617,0.0,23.1266296318415,22
36.0,21.673120784029,22.6175562195061,23.0233440876934,0.0,23.11449190148,22
36.5,21.6461803867076,22.6175562195061,23.0233440876934,0.0,23.1019897799028,22
37.0,21.6192421650163,22.5905274341769,23.0233440876934,0.0,23.0898726099922,22
37.5,21.6192421650163,22.5905274341769,22.9962701057361,0.0,23.0773896596304,22
38.0,21.5923060995692,22.5635015053912,22.9962701057361,0.0,23.0652907757722,22
38.5,21.5653721709833,22.5364784136131,22.9691992741061,0.0,23.052825853426,22
39.0,21.5384403598786,22.5364784136131,22.9691992741061,0.0,23.0400072243012,22
39.5,21.5115106468774,22.5094581393118,22.9421315731717,0.0,23.0275836425727,22
40.0,21.5115106468774,22.5094581393118,22.9421315731717,0.0,23.0148042732861,22
40.5,21.4845830126045,22.4824406629627,22.9150669833081,0.0,23.002418399526,22
41.0,21.4576574376875,22.4554259650463,22.9150669833081,0.0,22.9896758342634,22
41.5,21.4307339027563,22.4554259650463,22.9150669833081,0.0,22.9765885978525,22
42.0,21.4307339027563,22.4284140260491,22.8880054848975,0.0,22.9639049163381,22
42.5,21.403812388443,22.4284140260491,22.8880054848975,0.0,22.9508744238008,22
43.0,21.3768928753818,22.4014048264622,22.8609470583286,0.0,22.9382458625875,22
43.5,21.3768928753818,22.4014048264622,22.8609470583286,0.0,22.9252684705616,22
44.0,21.3499753442095,22.3743983467828,22.8338916839971,0.0,22.9126909967241,22
44.5,21.3230597755646,22.3473945675127,22.8338916839971,0.0,22.8997633401081,22
45.0,21.3230597755646,22.3473945675127,22.8338916839971,0.0,22.8864973021814,22
45.5,21.2961461500876,22.3203934691591,22.8068393423052,0.0,22.8736411246612,22
46.0,21.2692344484209,22.3203934691591,22.8068393423052,0.0,22.8604445113205,22
46.5,21.2692344484209,22.2933950322341,22.7797900136615,0.0,22.8476551747031,22
47.0,21.242324651209,22.2933950322341,22.7797900136615,0.0,22.8345229918094,22
47.5,21.2154167390978,22.2663992372551,22.7527436784814,0.0,22.8217962030066,22
48.0,21.2154167390978,22.2663992372551,22.7527436784814,0.0,22.8087242953506,22
48.5,21.1885106927351,22.2394060647441,22.7257003171863,0.0,22.7960555270106,22
49.0,21.1885106927351,22.2394060647441,22.7257003171863,0.0,22.783040051448,22
49.5,21.1616064927699,22.2124154952277,22.7257003171863,0.0,22.7704261057986,22
50.0,21.1616064927699,22.2124154952277,22.6986599102041,0.0,22.7574639657538,22
50.5,21.1347041198531,22.1854275092376,22.6986599102041,0.0,22.7449018445334,22
51.0,21.1347041198531,22.1854275092376,22.6716224379688,0.0,22.7319901362139,22
51.5,21.1078035546369,22.1584420873099,22.6716224379688,0.0,22.7194770274497,22
52.0,21.1078035546369,22.1584420873099,22.6716224379688,0.0,22.7066130270827,22
52.5,21.0809047777744,22.1584420873099,22.6445878809208,0.0,22.6941462927691,22
53.0,21.0809047777744,22.1314592099854,22.6445878809208,0.0,22.6820632677711,22
53.5,21.0540077699206,22.1314592099854,22.6175562195061,0.0,22.6696150464908,22
54.0,21.0540077699206,22.1044788578092,22.6175562195061,0.0,22.6575501962442,22
54.5,21.0271125117314,22.1044788578092,22.6175562195061,0.0,22.6451198880433,22
55.0,21.0271125117314,22.0775010113308,22.5905274341769,0.0,22.6330726254901,22
55.5,21.0002189838634,22.0775010113308,22.5905274341769,0.0,22.6206596553114,22
56.0,21.0002189838634,22.0775010113308,22.5635015053912,0.0,22.608629417592,22
56.5,20.9733271669747,22.0505256511042,22.5635015053912,0.0,22.5969688519761,22
57.0,20.9733271669747,22.0505256511042,22.5635015053912,0.0,22.5849297202806,22
57.5,20.9733271669747,22.0235527576872,22.5364784136131,0.0,22.5732608413422,22
58.0,20.946437041724,22.0235527576872,22.5364784136131,0.0,22.5612145429154,22
58.5,20.946437041724,22.0235527576872,22.5094581393118,0.0,22.5495395177568,22
59.0,20.946437041724,21.9965823116423,22.5094581393118,0.0,22.5382230847216,22
59.5,20.919548588771,21.9965823116423,22.5094581393118,0.0,22.5265180282586,22
60.0,20.919548588771,21.9696142935356,22.4824406629627,0.0,22.515173348761,22
60.5,20.919548588771,21.9696142935356,22.4824406629627,0.0,22.5034413111367,22
61.0,20.8926617887761,21.9696142935356,22.4824406629627,0.0,22.4920713251307,22
61.5,20.8926617887761,21.9426486839372,22.4554259650463,0.0,22.4810509970538,22
62.0,20.8926617887761,21.9426486839372,22.4554259650463,0.0,22.4696330157115,22
62.5,20.8657766224002,21.9426486839372,22.4284140260491,0.0,22.4585670688708,22
63.0,20.8657766224002,21.9156854634213,22.4284140260491,0.0,22.4478410971245,22
63.5,20.8657766224002,21.9156854634213,22.4284140260491,0.0,22.4367081773153,22
64.0,20.8388930703049,21.9156854634213,22.4014048264622,0.0,22.4259182416658,22
64.5,20.8388930703049,21.8887246125657,22.4014048264622,0.0,22.415459532109,22
65.0,20.8388930703049,21.8887246125657,22.4014048264622,0.0,22.4045854811871,22
65.5,20.8388930703049,21.8887246125657,22.3743983467828,0.0,22.3940462354126,22
66.0,20.8388930703049,21.8617661119521,22.3743983467828,0.0,22.3838308305822,22
66.5,20.8120111131523,21.8617661119521,22.3743983467828,0.0,22.3731935142893,22
67.0,20.8120111131523,21.8617661119521,22.3473945675127,0.0,22.3628840489707,22
67.5,20.8120111131523,21.8617661119521,22.3473945675127,0.0,22.3528911796383,22
68.0,20.8120111131523,21.8348099421657,22.3473945675127,0.0,22.3432045524876,22
68.5,20.7851307316049,21.8348099421657,22.3203934691591,0.0,22.3330790682398,22
69.0,20.7851307316049,21.8348099421657,22.3203934691591,0.0,22.3232649930579,22
69.5,20.7851307316049,21.8348099421657,22.3203934691591,0.0,22.313751622084,22
70.0,20.7851307316049,21.8078560837953,22.2933950322341,0.0,22.3045291328543,22
70.5,20.7851307316049,21.8078560837953,22.2933950322341,0.0,22.2948530023492,22
71.0,20.7851307316049,21.8078560837953,22.2933950322341,0.0,22.2854744494128,22
71.5,20.7851307316049,21.8078560837953,22.2933950322341,0.0,22.2763837366009,22
72.0,20.7582519063255,21.7809045174332,22.2663992372551,0.0,22.2675714549857,22
72.5,20.7582519063255,21.7809045174332,22.2663992372551,0.0,22.2582930215804,22
73.0,20.7582519063255,21.7809045174332,22.2663992372551,0.0,22.2492994883482,22
73.5,20.7582519063255,21.7809045174332,22.2394060647441,0.0,22.2405815402821,22
74.0,20.7582519063255,21.7809045174332,22.2394060647441,0.0,22.2321301765175,22
74.5,20.7582519063255,21.7539552236748,22.2394060647441,0.0,22.2239366995857,22
75.0,20.7582519063255,21.7539552236748,22.2394060647441,0.0,22.2152577977975,22
75.5,20.7582519063255,21.7539552236748,22.2124154952277,0.0,22.2068456112462,22
76.0,20.7582519063255,21.7539552236748,22.2124154952277,0.0,22.1986914170882,22
76.5,20.7582519063255,21.7539552236748,22.2124154952277,0.0,22.1907867866442,22
77.0,20.7313746179772,21.7270081831194,22.2124154952277,0.0,22.1831235753375,22
77.5,20.7313746179772,21.7270081831194,22.1854275092376,0.0,22.1749585450929,22
78.0,20.7313746179772,21.7270081831194,22.1854275092376,0.0,22.1670438002716,22
78.5,20.7313746179772,21.7270081831194,22.1854275092376,0.0,22.1593711660633,22
79.0,20.7313746179772,21.7270081831194,22.1854275092376,0.0,22.151932743173,22
79.5,20.7313746179772,21.7270081831194,22.1584420873099,0.0,22.1447208984006,22
80.0,20.7313746179772,21.7000633763691,22.1584420873099,0.0,22.137728255544,22
80.5,20.7313746179772,21.7000633763691,22.1584420873099,0.0,22.1302129017357,22
81.0,20.7313746179772,21.7000633763691,22.1584420873099,0.0,22.1229280836807,22
81.5,20.7313746179772,21.7000633763691,22.1314592099854,0.0,22.1158662700917,22
82.0,20.7313746179772,21.7000633763691,22.1314592099854,0.0,22.1090201834908,22
82.5,20.7313746179772,21.7000633763691,22.1314592099854,0.0,22.1023827915326,22
83.0,20.7313746179772,21.7000633763691,22.1314592099854,0.0,22.0959472986262,22
83.5,20.7313746179772,21.673120784029,22.1314592099854,0.0,22.0897071378447,22
84.0,20.7313746179772,21.673120784029,22.1044788578092,0.0,22.0829212386209,22
84.5,20.7313746179772,21.673120784029,22.1044788578092,0.0,22.0763435406782,22
85.0,20.7313746179772,21.673120784029,22.1044788578092,0.0,22.0699672427717,22
85.5,20.7313746179772,21.673120784029,22.1044788578092,0.0,22.0637857728195,22
86.0,20.7313746179772,21.673120784029,22.1044788578092,0.0,22.0577927800706,22
86.5,20.7313746179772,21.673120784029,22.0775010113308,0.0,22.0519821275416,22
87.0,20.7313746179772,21.673120784029,22.0775010113308,0.0,22.0463478847142,22
87.5,20.7313746179772,21.673120784029,22.0775010113308,0.0,22.0408843204833,22
88.0,20.7313746179772,21.6461803867076,22.0775010113308,0.0,22.0355858963479,22
88.5,20.7313746179772,21.6461803867076,22.0775010113308,0.0,22.0297125952011,22
89.0,20.7582519063255,21.6461803867076,22.0505256511042,0.0,22.0240192548159,22
89.5,20.7582519063255,21.6461803867076,22.0505256511042,0.0,22.0185005236059,22
90.0,20.7582519063255,21.6461803867076,22.0505256511042,0.0,22.0131512141253,22
90.5,20.7582519063255,21.6461803867076,22.0505256511042,0.0,22.0079657924637,22
91.0,20.7582519063255,21.6461803867076,22.0505256511042,0.0,22.0029389110896,22
91.5,20.7582519063255,21.6461803867076,22.0505256511042,0.0,21.9980654024844,22
92.0,20.7582519063255,21.6461803867076,22.0235527576872,0.0,21.9933402729947,22
92.5,20.7582519063255,21.6461803867076,22.0235527576872,0.0,21.9887586968964,22
93.0,20.7582519063255,21.6461803867076,22.0235527576872,0.0,21.9843160106622,22
93.5,20.7582519063255,21.6461803867076,22.0235527576872,0.0,21.9800077074263,22
94.0,20.7582519063255,21.6461803867076,22.0235527576872,0.0,21.9758294316399,22
94.5,20.7851307316049,21.6461803867076,22.0235527576872,0.0,21.9717769739089,22
95.0,20.7851307316049,21.6461803867076,22.0235527576872,0.0,21.9678467881318,22
95.5,20.7851307316049,21.6461803867076,21.9965823116423,0.0,21.9640354309067,22
96.0,20.7851307316049,21.6461803867076,21.9965823116423,0.0,21.9603390530074,22
96.5,20.7851307316049,21.6461803867076,21.9965823116423,0.0,21.9567539342948,22
97.0,20.7851307316049,21.6461803867076,21.9965823116423,0.0,21.953276479318,22
97.5,20.7851307316049,21.6461803867076,21.9965823116423,0.0,21.9499032130654,22
98.0,20.7851307316049,21.6192421650163,21.9965823116423,0.0,21.9466307768627,22
98.5,20.7851307316049,21.6192421650163,21.9965823116423,0.0,21.9427213191047,22
99.0,20.8120111131523,21.6192421650163,21.9965823116423,0.0,21.9389316512299,22
99.5,20.8120111131523,21.6192421650163,21.9965823116423,0.0,21.9352583881302,22
100.0,20.8120111131523,21.6192421650163,21.9696142935356,0.0,21.9316982424897,22
100.5,20.8120111131523,21.6192421650163,21.9696142935356,0.0,21.9282475163924,22
101.0,20.8120111131523,21.6192421650163,21.9696142935356,0.0,21.9249026364216,22
101.5,20.8120111131523,21.6192421650163,21.9696142935356,0.0,21.9216601494112,22
102.0,20.8120111131523,21.6192421650163,21.9696142935356,0.0,21.9185167183421,22
102.5,20.8388930703049,21.6192421650163,21.9696142935356,0.0,21.9154691183811,22
103.0,20.8388930703049,21.6192421650163,21.9696142935356,0.0,21.9125147552358,22
103.5,20.8388930703049,21.6192421650163,21.9696142935356,0.0,21.9096511056162,22
104.0,20.8388930703049,21.6192421650163,21.9696142935356,0.0,21.9068752097313,22
104.5,20.8388930703049,21.6192421650163,21.9696142935356,0.0,21.9041842073062,22
105.0,20.8388930703049,21.6192421650163,21.9696142935356,0.0,21.9015753341894,22
105.5,20.8388930703049,21.6192421650163,21.9426486839372,0.0,21.8990459190766,22
106.0,20.8657766224002,21.6192421650163,21.9426486839372,0.0,21.8965933803462,22
106.5,20.8657766224002,21.6192421650163,21.9426486839372,0.0,21.8942157452172,22
107.0,20.8657766224002,21.6192421650163,21.9426486839372,0.0,21.8919110909211,22
107.5,20.8657766224002,21.6461803867076,21.9426486839372,0.0,21.889677037887,22
108.0,20.8657766224002,21.6461803867076,21.9426486839372,0.0,21.8882458917901,22
108.5,20.8657766224002,21.6461803867076,21.9426486839372,0.0,21.8868554810292,22
109.0,20.8926617887761,21.6461803867076,21.9426486839372,0.0,21.8855045321437,22
109.5,20.8926617887761,21.6461803867076,21.9426486839372,0.0,21.8841923358,22
110.0,20.8926617887761,21.6461803867076,21.9426486839372,0.0,21.8829181894692,22
110.5,20.8926617887761,21.6461803867076,21.9426486839372,0.0,21.8816808920679,22
111.0,20.8926617887761,21.6461803867076,21.9426486839372,0.0,21.8804792821682,22
111.5,20.8926617887761,21.6461803867076,21.9426486839372,0.0,21.8793122366596,22
112.0,20.8926617887761,21.6461803867076,21.9426486839372,0.0,21.878178669457,22
112.5,20.919548588771,21.6461803867076,21.9426486839372,0.0,21.8770775302525,22
113.0,20.919548588771,21.6461803867076,21.9426486839372,0.0,21.8760083255853,22
113.5,20.919548588771,21.6461803867076,21.9426486839372,0.0,21.8749705617331,22
114.0,20.919548588771,21.6461803867076,21.9426486839372,0.0,21.8739632395606,22
114.5,20.919548588771,21.6461803867076,21.9426486839372,0.0,21.8729853929929,22
115.0,20.919548588771,21.6461803867076,21.9156854634213,0.0,21.8720360879002,22
115.5,20.946437041724,21.6461803867076,21.9156854634213,0.0,21.8711144210204,22
116.0,20.946437041724,21.6461803867076,21.9156854634213,0.0,21.8702200412269,22
116.5,20.946437041724,21.6461803867076,21.9156854634213,0.0,21.8693525925443,22
117.0,20.946437041724,21.6461803867076,21.9156854634213,0.0,21.8685112091206,22
117.5,20.946437041724,21.6461803867076,21.9156854634213,0.0,21.8676950538822,22
118.0,20.946437041724,21.6461803867076,21.9156854634213,0.0,21.8669033175621,22
118.5,20.946437041724,21.6461803867076,21.9156854634213,0.0,21.8661352177615,22
119.0,20.9733271669747,21.6461803867076,21.9156854634213,0.0,21.865389998043,22
119.5,20.9733271669747,21.6461803867076,21.9156854634213,0.0,21.8646674493951,22
120.0,20.9733271669747,21.6461803867076,21.9156854634213,0.0,21.8639673533736,22
120.5,20.9733271669747,21.6461803867076,21.9156854634213,0.0,21.8632889771949,22
121.0,20.9733271669747,21.6461803867076,21.9156854634213,0.0,21.8626316125739,22
121.5,20.9733271669747,21.673120784029,21.9156854634213,0.0,21.8619945748952,22
122.0,21.0002189838634,21.673120784029,21.9156854634213,0.0,21.8621118670483,22
122.5,21.0002189838634,21.673120784029,21.9156854634213,0.0,21.8622233611929,22
123.0,21.0002189838634,21.673120784029,21.9156854634213,0.0,21.862329802164,22
123.5,21.0002189838634,21.673120784029,21.9156854634213,0.0,21.8624313874622,22
124.0,21.0002189838634,21.673120784029,21.9156854634213,0.0,21.862528307259,22
124.5,21.0002189838634,21.673120784029,21.9156854634213,0.0,21.8626207446624,22
125.0,21.0271125117314,21.673120784029,21.9156854634213,0.0,21.8627088759741,22
125.5,21.0271125117314,21.673120784029,21.9156854634213,0.0,21.8627933933431,22
126.0,21.0271125117314,21.673120784029,21.9156854634213,0.0,21.8628749489211,22
126.5,21.0271125117314,21.673120784029,21.9156854634213,0.0,21.8629536509398,22
127.0,21.0271125117314,21.673120784029,21.9156854634213,0.0,21.8630296036277,22
127.5,21.0271125117314,21.673120784029,21.9156854634213,0.0,21.8631029073582,22
128.0,21.0540077699206,21.673120784029,21.9156854634213,0.0,21.8631736587922,22
128.5,21.0540077699206,21.673120784029,21.9156854634213,0.0,21.8632424734557,22
129.0,21.0540077699206,21.673120784029,21.9156854634213,0.0,21.863309929753,22
129.5,21.0540077699206,21.673120784029,21.9156854634213,0.0,21.8633760649094,22
130.0,21.0540077699206,21.673120784029,21.9156854634213,0.0,21.8634409148235,22
130.5,21.0540077699206,21.7000633763691,21.9156854634213,0.0,21.8635045141201,22
131.0,21.0809047777744,21.7000633763691,21.9156854634213,0.0,21.8643016206933,22
131.5,21.0809047777744,21.7000633763691,21.9156854634213,0.0,21.8650727167556,22
132.0,21.0809047777744,21.7000633763691,21.9156854634213,0.0,21.8658191967039,22
132.5,21.0809047777744,21.7000633763691,21.9156854634213,0.0,21.8665418857817,22
133.0,21.0809047777744,21.7000633763691,21.9156854634213,0.0,21.8672415809284,22
133.5,21.0809047777744,21.7000633763691,21.9156854634213,0.0,21.8679190517592,22
134.0,21.1078035546369,21.7000633763691,21.9156854634213,0.0,21.8685750415117,22
134.5,21.1078035546369,21.7000633763691,21.9156854634213,0.0,21.8692107904682,22
135.0,21.1078035546369,21.7000633763691,21.9156854634213,0.0,21.869827480645,22
135.5,21.1078035546369,21.7000633763691,21.9156854634213,0.0,21.870425732393,22
136.0,21.1078035546369,21.7000633763691,21.9156854634213,0.0,21.8710061450191,22
136.5,21.1078035546369,21.7000633763691,21.9156854634213,0.0,21.8715692975143,22
137.0,21.1078035546369,21.7000633763691,21.9156854634213,0.0,21.8721157492545,22
137.5,21.1347041198531,21.7000633763691,21.9156854634213,0.0,21.8726460406789,22
138.0,21.1347041198531,21.7000633763691,21.9156854634213,0.0,21.8731612164873,22
138.5,21.1347041198531,21.7270081831194,21.9156854634213,0.0,21.8736622700417,22
139.0,21.1347041198531,21.7270081831194,21.9156854634213,0.0,21.8748844245716,22
139.5,21.1347041198531,21.7270081831194,21.9156854634213,0.0,21.8760679688797,22
140.0,21.1347041198531,21.7270081831194,21.9426486839372,0.0,21.8772141872185,22
140.5,21.1347041198531,21.7270081831194,21.9426486839372,0.0,21.8783243200652,22
141.0,21.1616064927699,21.7270081831194,21.9426486839372,0.0,21.8793995656306,22
141.5,21.1616064927699,21.7270081831194,21.9426486839372,0.0,21.8804416038939,22
142.0,21.1616064927699,21.7270081831194,21.9426486839372,0.0,21.8814520417418,22
142.5,21.1616064927699,21.7270081831194,21.9426486839372,0.0,21.8824319100076,22
143.0,21.1616064927699,21.7270081831194,21.9426486839372,0.0,21.8833822046542,22
143.5,21.1616064927699,21.7270081831194,21.9426486839372,0.0,21.8843038879731,22
144.0,21.1616064927699,21.7270081831194,21.9426486839372,0.0,21.885197889742,22
144.5,21.1885106927351,21.7270081831194,21.9426486839372,0.0,21.8860651083426,22
145.0,21.1885106927351,21.7270081831194,21.9426486839372,0.0,21.8869069344538,22
145.5,21.1885106927351,21.7270081831194,21.9426486839372,0.0,21.8877246957885,22
146.0,21.1885106927351,21.7270081831194,21.9426486839372,0.0,21.8885191537471,22
146.5,21.1885106927351,21.7539552236748,21.9426486839372,0.0,21.8892910442973,22
147.0,21.1885106927351,21.7539552236748,21.9426486839372,0.0,21.8907759246415,22
147.5,21.1885106927351,21.7539552236748,21.9426486839372,0.0,21.8922142844903,22
148.0,21.2154167390978,21.7539552236748,21.9426486839372,0.0,21.8936076632727,22
148.5,21.2154167390978,21.7539552236748,21.9426486839372,0.0,21.8949580707681,22
149.0,21.2154167390978,21.7539552236748,21.9426486839372,0.0,21.8962674325625,22
149.5,21.2154167390978,21.7539552236748,21.9426486839372,0.0,21.8975370873967,22
150.0,21.2154167390978,21.7539552236748,21.9426486839372,0.0,21.8987683287888,22
150.5,21.2154167390978,21.7539552236748,21.9426486839372,0.0,21.899962406586,22
151.0,21.2154167390978,21.7539552236748,21.9426486839372,0.0,21.9011205284638,22
151.5,21.2154167390978,21.7539552236748,21.9426486839372,0.0,21.9022438613725,22
152.0,21.2154167390978,21.7539552236748,21.9426486839372,0.0,21.9033335329342,22
152.5,21.242324651209,21.7539552236748,21.9426486839372,0.0,21.9043906327913,22
153.0,21.242324651209,21.7539552236748,21.9426486839372,0.0,21.905416736595,22
153.5,21.242324651209,21.7539552236748,21.9426486839372,0.0,21.9064133508808,22
154.0,21.242324651209,21.7539552236748,21.9426486839372,0.0,21.9073814098606,22
154.5,21.242324651209,21.7539552236748,21.9426486839372,0.0,21.9083218165778,22
155.0,21.242324651209,21.7539552236748,21.9426486839372,0.0,21.909235443973,22
155.5,21.242324651209,21.7809045174332,21.9426486839372,0.0,21.9101231359128,22
156.0,21.242324651209,21.7809045174332,21.9696142935356,0.0,21.9117206154239,22
156.5,21.242324651209,21.7809045174332,21.9696142935356,0.0,21.9132684096296,22
157.0,21.242324651209,21.7809045174332,21.9696142935356,0.0,21.9147681557211,22
157.5,21.242324651209,21.7809045174332,21.9696142935356,0.0,21.9162214354095,22
158.0,21.242324651209,21.7809045174332,21.9696142935356,0.0,21.9176297768297,22
158.5,21.242324651209,21.7809045174332,21.9696142935356,0.0,21.918994656379,22
159.0,21.2692344484209,21.7809045174332,21.9696142935356,0.0,21.9203175004919,22
159.5,21.2692344484209,21.7809045174332,21.9696142935356,0.0,21.9216002100766,22
160.0,21.2692344484209,21.7809045174332,21.9696142935356,0.0,21.9228446057498,22
160.5,21.2692344484209,21.7809045174332,21.9696142935356,0.0,21.9240519249766,22
161.0,21.2692344484209,21.7809045174332,21.9696142935356,0.0,21.9252233636348,22
161.5,21.2692344484209,21.7809045174332,21.9696142935356,0.0,21.9263600774382,22
162.0,21.2692344484209,21.7809045174332,21.9696142935356,0.0,21.927463183311,22
162.5,21.2692344484209,21.7809045174332,21.9696142935356,0.0,21.928533760715,22
163.0,21.2692344484209,21.7809045174332,21.9696142935356,0.0,21.9295728529309,22
163.5,21.2692344484209,21.7809045174332,21.9696142935356,0.0,21.9305814682952,22
164.0,21.2692344484209,21.7809045174332,21.9696142935356,0.0,21.9315605813943,22
164.5,21.2692344484209,21.7809045174332,21.9696142935356,0.0,21.9325111342186,22
165.0,21.2692344484209,21.7809045174332,21.9696142935356,0.0,21.9334340372748,22
165.5,21.2692344484209,21.7809045174332,21.9696142935356,0.0,21.9343301706617,22
166.0,21.2961461500876,21.7809045174332,21.9696142935356,0.0,21.9352003851081,22
166.5,21.2961461500876,21.7809045174332,21.9696142935356,0.0,21.9360460257344,22
167.0,21.2961461500876,21.7809045174332,21.9696142935356,0.0,21.9368683765613,22
167.5,21.2961461500876,21.7809045174332,21.9696142935356,0.0,21.937668156951,22
168.0,21.2961461500876,21.7809045174332,21.9696142935356,0.0,21.9384460625691,22
168.5,21.2961461500876,21.7809045174332,21.9696142935356,0.0,21.93920276619,22
169.0,21.2961461500876,21.7809045174332,21.9696142935356,0.0,21.9399389184745,22
169.5,21.2961461500876,21.7809045174332,21.9696142935356,0.0,21.9406551487209,22
170.0,21.2961461500876,21.8078560837953,21.9696142935356,0.0,21.9413520655896,22
170.5,21.2961461500876,21.8078560837953,21.9696142935356,0.0,21.9427652270185,22
171.0,21.2961461500876,21.8078560837953,21.9696142935356,0.0,21.9441348768161,22
171.5,21.2961461500876,21.8078560837953,21.9696142935356,0.0,21.9454624406317,22
172.0,21.2961461500876,21.8078560837953,21.9696142935356,0.0,21.9467492959553,22
172.5,21.2961461500876,21.8078560837953,21.9696142935356,0.0,21.9479967737672,22
173.0,21.2961461500876,21.8078560837953,21.9965823116423,0.0,21.9492061601308,22
173.5,21.3230597755646,21.8078560837953,21.9965823116423,0.0,21.9503786977309,22
174.0,21.3230597755646,21.8078560837953,21.9965823116423,0.0,21.9515161101552,22
174.5,21.3230597755646,21.8078560837953,21.9965823116423,0.0,21.9526200468298,22
175.0,21.3230597755646,21.8078560837953,21.9965823116423,0.0,21.9536915798739,22
175.5,21.3230597755646,21.8078560837953,21.9965823116423,0.0,21.9547317455349,22
176.0,21.3230597755646,21.8078560837953,21.9965823116423,0.0,21.955741545414,22
176.5,21.3230597755646,21.8078560837953,21.9965823116423,0.0,21.9567219476484,22
177.0,21.3230597755646,21.8078560837953,21.9965823116423,0.0,21.9576738880534,22
177.5,21.3230597755646,21.8078560837953,21.9965823116423,0.0,21.9585982712258,22
178.0,21.3230597755646,21.8078560837953,21.9965823116423,0.0,21.9594959716076,22
178.5,21.3230597755646,21.8078560837953,21.9965823116423,0.0,21.960367834515,22
179.0,21.3230597755646,21.8078560837953,21.9965823116423,0.0,21.9612146771305,22
179.5,21.3230597755646,21.8078560837953,21.9965823116423,0.0,21.9620372894618,22
180.0,21.3230597755646,21.8078560837953,21.9965823116423,0.0,21.9628364352668,22
180.5,21.3230597755646,21.8078560837953,21.9965823116423,0.0,21.9636128529475,22
181.0,21.3230597755646,21.8078560837953,21.9965823116423,0.0,21.964367256413,22
181.5,21.3499753442095,21.8078560837953,21.9965823116423,0.0,21.9651003359124,22
182.0,21.3499753442095,21.8078560837953,21.9965823116423,0.0,21.9658132816744,22
182.5,21.3499753442095,21.8078560837953,21.9965823116423,0.0,21.966507228145,22
183.0,21.3499753442095,21.8078560837953,21.9965823116423,0.0,21.9671827501717,22
183.5,21.3499753442095,21.8078560837953,21.9965823116423,0.0,21.9678404038655,22
184.0,21.3499753442095,21.8078560837953,21.9965823116423,0.0,21.9684807272348,22
184.5,21.3499753442095,21.8078560837953,21.9965823116423,0.0,21.9691042407969,22
185.0,21.3499753442095,21.8078560837953,21.9965823116423,0.0,21.9697114481695,22
185.5,21.3499753442095,21.8078560837953,21.9965823116423,0.0,21.9703028366412,22
186.0,21.3499753442095,21.8078560837953,21.9965823116423,0.0,21.9708788777221,22
186.5,21.3499753442095,21.8078560837953,21.9965823116423,0.0,21.9714400276764,22
187.0,21.3499753442095,21.8078560837953,21.9965823116423,0.0,21.9719867280361,22
187.5,21.3499753442095,21.8078560837953,21.9965823116423,0.0,21.9725194060969,22
188.0,21.3499753442095,21.8078560837953,21.9965823116423,0.0,21.9730384753973,22
188.5,21.3499753442095,21.8078560837953,21.9965823116423,0.0,21.9735443361818,22
189.0,21.3499753442095,21.8078560837953,21.9965823116423,0.0,21.974037375847,22
189.5,21.3499753442095,21.8078560837953,21.9965823116423,0.0,21.9745179693735,22
190.0,21.3499753442095,21.8078560837953,21.9965823116423,0.0,21.9749864797425,22
190.5,21.3499753442095,21.8078560837953,21.9965823116423,0.0,21.975443258338,22
191.0,21.3499753442095,21.8078560837953,21.9965823116423,0.0,21.9758886453355,22
191.5,21.3499753442095,21.8078560837953,21.9965823116423,0.0,21.9763229700774,22
192.0,21.3499753442095,21.8078560837953,21.9965823116423,0.0,21.9767465514353,22
192.5,21.3499753442095,21.8078560837953,21.9965823116423,0.0,21.9771596981599,22
193.0,21.3499753442095,21.8078560837953,21.9965823116423,0.0,21.9775627092193,22
193.5,21.3499753442095,21.8078560837953,21.9965823116423,0.0,21.9779558741253,22
194.0,21.3499753442095,21.8078560837953,21.9965823116423,0.0,21.9783394732487,22
194.5,21.3499753442095,21.8078560837953,21.9965823116423,0.0,21.9787137781239,22
195.0,21.3499753442095,21.8078560837953,21.9965823116423,0.0,21.9790790517429,22
195.5,21.3499753442095,21.8078560837953,21.9965823116423,0.0,21.9794355488397,22
196.0,21.3499753442095,21.8078560837953,21.9965823116423,0.0,21.9797835161642,22
196.5,21.3499753442095,21.8078560837953,22.0235527576872,0.0,21.9801231927476,22
197.0,21.3499753442095,21.8078560837953,22.0235527576872,0.0,21.980454810158,22
197.5,21.3499753442095,21.8078560837953,22.0235527576872,0.0,21.9807785927483,22
198.0,21.3499753442095,21.8078560837953,22.0235527576872,0.0,21.981094757894,22
198.5,21.3499753442095,21.8078560837953,22.0235527576872,0.0,21.9814035162249,22
199.0,21.3499753442095,21.8078560837953,22.0235527576872,0.0,21.9817050718472,22
199.5,21.3499753442095,21.8078560837953,22.0235527576872,0.0,21.9819996225592,22
200.0,21.3499753442095,21.8078560837953,22.0235527576872,0.0,21.982287360059,22
200.5,21.3499753442095,21.8078560837953,22.0235527576872,0.0,21.982568470145,22
201.0,21.3499753442095,21.8078560837953,22.0235527576872,0.0,21.9828431329108,22
201.5,21.3499753442095,21.8078560837953,22.0235527576872,0.0,21.9831115229318,22
202.0,21.3499753442095,21.8078560837953,22.0235527576872,0.0,21.9833738094465,22
202.5,21.3499753442095,21.8078560837953,22.0235527576872,0.0,21.9836301565317,22
203.0,21.3499753442095,21.8078560837953,22.0235527576872,0.0,21.983880723271,22
203.5,21.3499753442095,21.8078560837953,22.0235527576872,0.0,21.9841256639185,22
204.0,21.3499753442095,21.8078560837953,22.0235527576872,0.0,21.9843651280563,22
204.5,21.3499753442095,21.8078560837953,22.0235527576872,0.0,21.9845992607469,22
205.0,21.3499753442095,21.8078560837953,22.0235527576872,0.0,21.9848282026803,22
205.5,21.3499753442095,21.8078560837953,22.0235527576872,0.0,21.9850520903166,22
206.0,21.3499753442095,21.8078560837953,22.0235527576872,0.0,21.9852710560231,22
206.5,21.3499753442095,21.8078560837953,22.0235527576872,0.0,21.9854852282072,22
207.0,21.3499753442095,21.8078560837953,22.0235527576872,0.0,21.9856947314449,22
207.5,21.3499753442095,21.8078560837953,22.0235527576872,0.0,21.9858996866042,22
208.0,21.3499753442095,21.8078560837953,22.0235527576872,0.0,21.9861002109658,22
208.5,21.3499753442095,21.8078560837953,22.0235527576872,0.0,21.986296418338,22
209.0,21.3499753442095,21.8078560837953,22.0235527576872,0.0,21.9864884191693,22
209.5,21.3499753442095,21.8078560837953,22.0235527576872,0.0,21.9866763206557,22
210.0,21.3499753442095,21.8078560837953,22.0235527576872,0.0,21.986860226846,22
210.5,21.3499753442095,21.8078560837953,22.0235527576872,0.0,21.9870402387422,22
211.0,21.3499753442095,21.8078560837953,22.0235527576872,0.0,21.9872164543973,22
211.5,21.3499753442095,21.8078560837953,22.0235527576872,0.0,21.9873889690094,22
212.0,21.3499753442095,21.8078560837953,22.0235527576872,0.0,21.9875578750132,22
212.5,21.3499753442095,21.8078560837953,22.0235527576872,0.0,21.9877232621677,22
213.0,21.3499753442095,21.8078560837953,22.0235527576872,0.0,21.9878852176414,22
213.5,21.3499753442095,21.8078560837953,22.0235527576872,0.0,21.9880438260949,22
214.0,21.3499753442095,21.8078560837953,22.0235527576872,0.0,21.98819916976,22
214.5,21.3499753442095,21.8078560837953,22.0235527576872,0.0,21.9883513285169,22
215.0,21.3499753442095,21.8078560837953,22.0235527576872,0.0,21.9885003799685,22
215.5,21.3499753442095,21.8078560837953,22.0235527576872,0.0,21.9886463995118,22
216.0,21.3499753442095,21.8078560837953,22.0235527576872,0.0,21.988789460408,22
216.5,21.3499753442095,21.8078560837953,22.0235527576872,0.0,21.9889296338493,22
217.0,21.3499753442095,21.8078560837953,22.0235527576872,0.0,21.9890669890235,22
217.5,21.3499753442095,21.8078560837953,22.0235527576872,0.0,21.9892015931775,22
218.0,21.3499753442095,21.8078560837953,22.0235527576872,0.0,21.9893335116773,22
218.5,21.3499753442095,21.8078560837953,22.0235527576872,0.0,21.9894628080668,22
219.0,21.3499753442095,21.8078560837953,22.0235527576872,0.0,21.9895895441249,22
219.5,21.3499753442095,21.8078560837953,22.0235527576872,0.0,21.9897137799198,22
220.0,21.3499753442095,21.8078560837953,22.0235527576872,0.0,21.9898355738622,22
220.5,21.3499753442095,21.8078560837953,22.0235527576872,0.0,21.9899549827569,22
221.0,21.3499753442095,21.8078560837953,22.0235527576872,0.0,21.9900720618519,22
221.5,21.3499753442095,21.8078560837953,22.0235527576872,0.0,21.9901868648867,22
222.0,21.3768928753818,21.8078560837953,22.0235527576872,0.0,21.9902994441384,22
222.5,21.3768928753818,21.8078560837953,22.0235527576872,0.0,21.9904103733397,22
223.0,21.3768928753818,21.8078560837953,22.0235527576872,0.0,21.9905201911426,22
223.5,21.3768928753818,21.8078560837953,22.0235527576872,0.0,21.9906288965577,22
224.0,21.3768928753818,21.8078560837953,22.0235527576872,0.0,21.9907364891718,22
224.5,21.3768928753818,21.8078560837953,22.0235527576872,0.0,21.9908429691213,22
225.0,21.3768928753818,21.8078560837953,22.0235527576872,0.0,21.9909483370668,22
225.5,21.3768928753818,21.8078560837953,22.0235527576872,0.0,21.9910525941688,22
226.0,21.3768928753818,21.8078560837953,22.0235527576872,0.0,21.9911557420638,22
226.5,21.3768928753818,21.8078560837953,22.0235527576872,0.0,21.9912577828417,22
227.0,21.3768928753818,21.8078560837953,22.0235527576872,0.0,21.9913587190239,22
227.5,21.3768928753818,21.8078560837953,22.0235527576872,0.0,21.9914585535421,22
228.0,21.3768928753818,21.8078560837953,22.0235527576872,0.0,21.991557289718,22
228.5,21.3768928753818,21.8078560837953,22.0235527576872,0.0,21.9916549312437,22
229.0,21.3768928753818,21.8078560837953,22.0235527576872,0.0,21.9917514821628,22
229.5,21.3768928753818,21.8078560837953,22.0235527576872,0.0,21.9918469468524,22
230.0,21.3768928753818,21.8078560837953,22.0235527576872,0.0,21.9919413300053,22
230.5,21.3768928753818,21.8078560837953,22.0235527576872,0.0,21.9920346366135,22
231.0,21.3768928753818,21.8078560837953,22.0235527576872,0.0,21.9921268719521,22
231.5,21.3768928753818,21.8078560837953,22.0235527576872,0.0,21.9922180415631,22
232.0,21.3768928753818,21.8078560837953,22.0235527576872,0.0,21.992308151241,22
232.5,21.3768928753818,21.8078560837953,22.0235527576872,0.0,21.9923972070182,22
233.0,21.3768928753818,21.8078560837953,22.0235527576872,0.0,21.9924852151513,22
233.5,21.3768928753818,21.8078560837953,22.0235527576872,0.0,21.9925721821072,22
234.0,21.3768928753818,21.8078560837953,22.0235527576872,0.0,21.9926581145509,22
234.5,21.3768928753818,21.8078560837953,22.0235527576872,0.0,21.9927430193331,22
235.0,21.3768928753818,21.8078560837953,22.0235527576872,0.0,21.9928269034779,22
235.5,21.3768928753818,21.8078560837953,22.0235527576872,0.0,21.992909774172,22
236.0,21.3768928753818,21.8078560837953,22.0235527576872,0.0,21.9929916387533,22
236.5,21.3768928753818,21.8078560837953,22.0235527576872,0.0,21.9930725047008,22
237.0,21.3768928753818,21.8078560837953,22.0235527576872,0.0,21.993152379624,22
237.5,21.3768928753818,21.8078560837953,22.0235527576872,0.0,21.993231271254,22
238.0,21.3768928753818,21.8078560837953,22.0235527576872,0.0,21.9933091874334,22
238.5,21.3768928753818,21.8078560837953,22.0235527576872,0.0,21.9933861361078,22
239.0,21.3768928753818,21.8078560837953,22.0235527576872,0.0,21.9934621253172,22
239.5,21.3768928753818,21.8078560837953,22.0235527576872,0.0,21.993537163188,22
240.0,21.3768928753818,21.8078560837953,22.0235527576872,0.0,21.9936112579245,22
240.5,21.3768928753818,21.8078560837953,22.0235527576872,0.0,21.9936844178023,22
241.0,21.3768928753818,21.8078560837953,22.0235527576872,0.0,21.99375665116,22
241.5,21.3768928753818,21.8078560837953,22.0235527576872,0.0,21.9938279663933,22
242.0,21.3768928753818,21.8078560837953,22.0235527576872,0.0,21.9938983719477,22
242.5,21.3768928753818,21.8078560837953,22.0235527576872,0.0,21.9939678763123,22
243.0,21.3768928753818,21.8078560837953,22.0235527576872,0.0,21.994036488014,22
243.5,21.3768928753818,21.8078560837953,22.0235527576872,0.0,21.9941042156113,22
244.0,21.3768928753818,21.8078560837953,22.0235527576872,0.0,21.994171067689,22
244.5,21.3768928753818,21.8078560837953,22.0235527576872,0.0,21.9942370528528,22
245.0,21.3768928753818,21.8078560837953,22.0235527576872,0.0,21.9943021797242,22
245.5,21.3768928753818,21.8078560837953,22.0235527576872,0.0,21.9943664569356,22
246.0,21.3768928753818,21.8078560837953,22.0235527576872,0.0,21.9944298931261,22
246.5,21.3768928753818,21.8078560837953,22.0235527576872,0.0,21.9944924969362,22
247.0,21.3768928753818,21.8078560837953,22.0235527576872,0.0,21.9945542770045,22
247.5,21.3768928753818,21.8078560837953,22.0235527576872,0.0,21.9946152419633,22
248.0,21.3768928753818,21.8078560837953,22.0235527576872,0.0,21.9946754004343,22
248.5,21.3768928753818,21.8078560837953,22.0235527576872,0.0,21.994734761026,22
249.0,21.3768928753818,21.8078560837953,22.0235527576872,0.0,21.9947933323293,22
249.5,21.3768928753818,21.8078560837953,22.0235527576872,0.0,21.9948511229145,22
250.0,21.3768928753818,21.8078560837953,22.0235527576872,0.0,21.9949081413282,22
250.5,21.3768928753818,21.8078560837953,22.0235527576872,0.0,21.9949643960905,22
251.0,21.3768928753818,21.8078560837953,22.0235527576872,0.0,21.9950198956917,22
251.5,21.3768928753818,21.8078560837953,22.0235527576872,0.0,21.99507464859,22
252.0,21.3768928753818,21.8078560837953,22.0235527576872,0.0,21.9951286632087,22
252.5,21.3768928753818,21.8078560837953,22.0235527576872,0.0,21.9951819479341,22
253.0,21.3768928753818,21.8078560837953,22.0235527576872,0.0,21.9952345111127,22
253.5,21.3768928753818,21.8078560837953,22.0235527576872,0.0,21.9952863610497,22
254.0,21.3768928753818,21.8078560837953,22.0235527576872,0.0,21.9953375060064,22
254.5,21.3768928753818,21.8078560837953,22.0235527576872,0.0,21.9953879541984,22
255.0,21.3768928753818,21.8078560837953,22.0235527576872,0.0,21.9954377137941,22
255.5,21.3768928753818,21.8078560837953,22.0235527576872,0.0,21.9954867929125,22
256.0,21.3768928753818,21.8078560837953,22.0235527576872,0.0,21.9955351996221,22
256.5,21.3768928753818,21.8078560837953,22.0235527576872,0.0,21.9955829419389,22
257.0,21.3768928753818,21.8078560837953,22.0235527576872,0.0,21.9956300278254,22
257.5,21.3768928753818,21.8078560837953,22.0235527576872,0.0,21.995676465189,22
258.0,21.3768928753818,21.8078560837953,22.0235527576872,0.0,21.9957222618809,22
258.5,21.3768928753818,21.8078560837953,22.0235527576872,0.0,21.995767425695,22
259.0,21.3768928753818,21.8078560837953,22.0235527576872,0.0,21.9958119643665,22
259.5,21.3768928753818,21.8078560837953,22.0235527576872,0.0,21.9958558855714,22
260.0,21.3768928753818,21.8078560837953,22.0235527576872,0.0,21.9958991969254,22
260.5,21.3768928753818,21.8078560837953,22.0235527576872,0.0,21.9959419059826,22
261.0,21.3768928753818,21.8078560837953,22.0235527576872,0.0,21.9959840202355,22
261.5,21.3768928753818,21.8078560837953,22.0235527576872,0.0,21.9960255471137,22
262.0,21.3768928753818,21.8078560837953,22.0235527576872,0.0,21.9960664939836,22
262.5,21.3768928753818,21.8078560837953,22.0235527576872,0.0,21.9961068681474,22
263.0,21.3768928753818,21.8078560837953,22.0235527576872,0.0,21.996146676843,22
263.5,21.3768928753818,21.8078560837953,22.0235527576872,0.0,21.9961859272435,22
264.0,21.3768928753818,21.8078560837953,22.0235527576872,0.0,21.9962246264563,22
264.5,21.3768928753818,21.8078560837953,22.0235527576872,0.0,21.9962627815233,22
265.0,21.3768928753818,21.8078560837953,22.0235527576872,0.0,21.9963003994202,22
265.5,21.3768928753818,21.8078560837953,22.0235527576872,0.0,21.9963374870565,22
266.0,21.3768928753818,21.8078560837953,22.0235527576872,0.0,21.996374051275,22
266.5,21.3768928753818,21.8078560837953,22.0235527576872,0.0,21.9964100988517,22
267.0,21.3768928753818,21.8078560837953,22.0235527576872,0.0,21.9964456364958,22
267.5,21.3768928753818,21.8078560837953,22.0235527576872,0.0,21.9964806708495,22
268.0,21.3768928753818,21.8078560837953,22.0235527576872,0.0,21.9965152084877,22
268.5,21.3768928753818,21.8078560837953,22.0235527576872,0.0,21.9965492559184,22
269.0,21.3768928753818,21.8078560837953,22.0235527576872,0.0,21.9965828195824,22
269.5,21.3768928753818,21.8078560837953,22.0235527576872,0.0,21.9966159058532,22
270.0,21.3768928753818,21.8078560837953,22.0235527576872,0.0,21.9966485210375,22
270.5,21.3768928753818,21.8078560837953,22.0235527576872,0.0,21.996680671375,22
271.0,21.3768928753818,21.8078560837953,22.0235527576872,0.0,21.9967123630384,22
271.5,21.3768928753818,21.8078560837953,22.0235527576872,0.0,21.9967436021339,22
272.0,21.3768928753818,21.8078560837953,22.0235527576872,0.0,21.996774394701,22
272.5,21.3768928753818,21.8078560837953,22.0235527576872,0.0,21.996804746713,22
273.0,21.3768928753818,21.8078560837953,22.0235527576872,0.0,21.996834664077,22
273.5,21.3768928753818,21.8078560837953,22.0235527576872,0.0,21.9968641526342,22
274.0,21.3768928753818,21.8078560837953,22.0235527576872,0.0,21.9968932181602,22
274.5,21.3768928753818,21.8078560837953,22.0235527576872,0.0,21.9969218663652,22
275.0,21.3768928753818,21.8078560837953,22.0235527576872,0.0,21.9969501028946,22
275.5,21.3768928753818,21.8078560837953,22.0235527576872,0.0,21.9969779333287,22
276.0,21.3768928753818,21.8078560837953,22.0235527576872,0.0,21.9970053631836,22
276.5,21.3768928753818,21.8078560837953,22.0235527576872,0.0,21.9970323979112,22
277.0,21.3768928753818,21.8078560837953,22.0235527576872,0.0,21.9970590429,22
277.5,21.3768928753818,21.8078560837953,22.0235527576872,0.0,21.9970853034747,22
278.0,21.3768928753818,21.8078560837953,22.0235527576872,0.0,21.9971111848975,22
278.5,21.3768928753818,21.8078560837953,22.0235527576872,0.0,21.9971366923677,22
279.0,21.3768928753818,21.8078560837953,22.0235527576872,0.0,21.9971618310228,22
279.5,21.3768928753818,21.8078560837953,22.0235527576872,0.0,21.9971866059383,22
280.0,21.3768928753818,21.8078560837953,22.0235527576872,0.0,21.9972110221286,22
280.5,21.3768928753818,21.8078560837953,22.0235527576872,0.0,21.9972350845471,22
281.0,21.3768928753818,21.8078560837953,22.0235527576872,0.0,21.997258798087,22
281.5,21.3768928753818,21.8078560837953,22.0235527576872,0.0,21.9972821675813,22
282.0,21.3768928753818,21.8078560837953,22.0235527576872,0.0,21.9973051978039,22
282.5,21.3768928753818,21.8078560837953,22.0235527576872,0.0,21.9973278934695,22
283.0,21.3768928753818,21.8078560837953,22.0235527576872,0.0,21.9973502592341,22
283.5,21.3768928753818,21.8078560837953,22.0235527576872,0.0,21.9973722996959,22
284.0,21.3768928753818,21.8078560837953,22.0235527576872,0.0,21.9973940193956,22
284.5,21.3768928753818,21.8078560837953,22.0235527576872,0.0,21.9974154228166,22
285.0,21.3768928753818,21.8078560837953,22.0235527576872,0.0,21.997436514386,22
285.5,21.3768928753818,21.8078560837953,22.0235527576872,0.0,21.9974572984748,22
286.0,21.3768928753818,21.8078560837953,22.0235527576872,0.0,21.9974777793982,22
286.5,21.3768928753818,21.8078560837953,22.0235527576872,0.0,21.9974979614168,22
287.0,21.3768928753818,21.8078560837953,22.0235527576872,0.0,21.9975178487362,22
287.5,21.3768928753818,21.8078560837953,22.0235527576872,0.0,21.9975374455085,22
288.0,21.3768928753818,21.8078560837953,22.0235527576872,0.0,21.9975567558318,22
288.5,21.3768928753818,21.8078560837953,22.0235527576872,0.0,21.9975757837517,22
289.0,21.3768928753818,21.8078560837953,22.0235527576872,0.0,21.9975945332609,22
289.5,21.3768928753818,21.8078560837953,22.0235527576872,0.0,21.9976130083006,22
290.0,21.3768928753818,21.8078560837953,22.0235527576872,0.0,21.9976312127602,22
290.5,21.3768928753818,21.8078560837953,22.0235527576872,0.0,21.9976491504785,22
291.0,21.3768928753818,21.8078560837953,22.0235527576872,0.0,21.9976668252438,22
291.5,21.3768928753818,21.8078560837953,22.0235527576872,0.0,21.9976842407945,22
292.0,21.3768928753818,21.8078560837953,22.0235527576872,0.0,21.9977014008199,22
292.5,21.3768928753818,21.8078560837953,22.0235527576872,0.0,21.9977183089603,22
293.0,21.3768928753818,21.8078560837953,22.0235527576872,0.0,21.9977349688077,22
293.5,21.3768928753818,21.8078560837953,22.0235527576872,0.0,21.9977513839065,22
294.0,21.3768928753818,21.8078560837953,22.0235527576872,0.0,21.9977675577537,22
294.5,21.3768928753818,21.8078560837953,22.0235527576872,0.0,21.9977834937996,22
295.0,21.3768928753818,21.8078560837953,22.0235527576872,0.0,21.9977991954484,22
295.5,21.3768928753818,21.8078560837953,22.0235527576872,0.0,21.9978146660585,22
296.0,21.3768928753818,21.8078560837953,22.0235527576872,0.0,21.9978299089432,22
296.5,21.3768928753818,21.8078560837953,22.0235527576872,0.0,21.9978449273709,22
297.0,21.3768928753818,21.8078560837953,22.0235527576872,0.0,21.9978597245661,22
297.5,21.3768928753818,21.8078560837953,22.0235527576872,0.0,21.9978743037095,22
298.0,21.3768928753818,21.8078560837953,22.0235527576872,0.0,21.9978886679387,22
298.5,21.3768928753818,21.8078560837953,22.0235527576872,0.0,21.9979028203485,22
299.0,21.3768928753818,21.8078560837953,22.0235527576872,0.0,21.9979167639916,22
299.5,21.3768928753818,21.8078560837953,22.0235527576872,0.0,21.9979305018792,22
300.0,21.3768928753818,21.8078560837953,22.0235527576872,0.0,21.997944036981,22
300.5,21.3768928753818,21.8078560837953,22.0235527576872,0.0,21.9979573722263,22
301.0,21.3768928753818,21.8078560837953,22.0235527576872,0.0,21.9979705105039,22
301.5,21.3768928753818,21.8078560837953,22.0235527576872,0.0,21.9979834546633,22
302.0,21.3768928753818,21.8078560837953,22.0235527576872,0.0,21.9979962075142,22
302.5,21.3768928753818,21.8078560837953,22.0235527576872,0.0,21.998008771828,22
303.0,21.3768928753818,21.8078560837953,22.0235527576872,0.0,21.9980211503375,22
303.5,21.3768928753818,21.8078560837953,22.0235527576872,0.0,21.9980333457379,22
304.0,21.3768928753818,21.8078560837953,22.0235527576872,0.0,21.9980453606868,22
304.5,21.3768928753818,21.8078560837953,22.0235527576872,0.0,21.998057197805,22
305.0,21.3768928753818,21.8078560837953,22.0235527576872,0.0,21.9980688596769,22
305.5,21.3768928753818,21.8078560837953,22.0235527576872,0.0,21.9980803488509,22
306.0,21.3768928753818,21.8078560837953,22.0235527576872,0.0,21.9980916678396,22
306.5,21.3768928753818,21.8078560837953,22.0235527576872,0.0,21.9981028191209,22
307.0,21.3768928753818,21.8078560837953,22.0235527576872,0.0,21.9981138051377,22
307.5,21.3768928753818,21.8078560837953,22.0235527576872,0.0,21.9981246282989,22
308.0,21.3768928753818,21.8078560837953,22.0235527576872,0.0,21.9981352909796,22
308.5,21.3768928753818,21.8078560837953,22.0235527576872,0.0,21.9981457955212,22
309.0,21.3768928753818,21.8078560837953,22.0235527576872,0.0,21.9981561442327,22
309.5,21.3768928753818,21.8078560837953,22.0235527576872,0.0,21.9981663393901,22
310.0,21.3768928753818,21.8078560837953,22.0235527576872,0.0,21.9981763832377,22
310.5,21.3768928753818,21.8078560837953,22.0235527576872,0.0,21.998186277988,22
311.0,21.3768928753818,21.8078560837953,22.0235527576872,0.0,21.998196025822,22
311.5,21.3768928753818,21.8078560837953,22.0235527576872,0.0,21.9982056288901,22
312.0,21.3768928753818,21.8078560837953,22.0235527576872,0.0,21.9982150893122,22
312.5,21.3768928753818,21.8078560837953,22.0235527576872,0.0,21.998224409178,22
313.0,21.3768928753818,21.8078560837953,22.0235527576872,0.0,21.9982335905478,22
313.5,21.3768928753818,21.8078560837953,22.0235527576872,0.0,21.9982426354524,22
314.0,21.3768928753818,21.8078560837953,22.0235527576872,0.0,21.9982515458937,22
314.5,21.3768928753818,21.8078560837953,22.0235527576872,0.0,21.9982603238452,22
315.0,21.3768928753818,21.8078560837953,22.0235527576872,0.0,21.9982689712522,22
315.5,21.3768928753818,21.8078560837953,22.0235527576872,0.0,21.9982774900324,22
316.0,21.3768928753818,21.8078560837953,22.0235527576872,0.0,21.9982858820757,22
316.5,21.3768928753818,21.8078560837953,22.0235527576872,0.0,21.9982941492456,22
317.0,21.3768928753818,21.8078560837953,22.0235527576872,0.0,21.9983022933783,22
317.5,21.3768928753818,21.8078560837953,22.0235527576872,0.0,21.9983103162841,22
318.0,21.3768928753818,21.8078560837953,22.0235527576872,0.0,21.9983182197472,22
318.5,21.3768928753818,21.8078560837953,22.0235527576872,0.0,21.9983260055264,22
319.0,21.3768928753818,21.8078560837953,22.0235527576872,0.0,21.9983336753548,22
319.5,21.3768928753818,21.8078560837953,22.0235527576872,0.0,21.9983412309411,22
320.0,21.3768928753818,21.8078560837953,22.0235527576872,0.0,21.9983486739691,22
320.5,21.3768928753818,21.8078560837953,22.0235527576872,0.0,21.9983560060985,22
321.0,21.3768928753818,21.8078560837953,22.0235527576872,0.0,21.9983632289649,22
321.5,21.3768928753818,21.8078560837953,22.0235527576872,0.0,21.9983703441806,22
322.0,21.3768928753818,21.8078560837953,22.0235527576872,0.0,21.9983773533344,22
322.5,21.3768928753818,21.8078560837953,22.0235527576872,0.0,21.9983842579923,22
323.0,21.3768928753818,21.8078560837953,22.0235527576872,0.0,21.9983910596975,22
323.5,21.3768928753818,21.8078560837953,22.0235527576872,0.0,21.9983977599711,22
324.0,21.3768928753818,21.8078560837953,22.0235527576872,0.0,21.9984043603121,22
324.5,21.3768928753818,21.8078560837953,22.0235527576872,0.0,21.9984108621977,22
325.0,21.3768928753818,21.8078560837953,22.0235527576872,0.0,21.9984172670837,22
325.5,21.3768928753818,21.8078560837953,22.0235527576872,0.0,21.998423576405,22
326.0,21.3768928753818,21.8078560837953,22.0235527576872,0.0,21.9984297915755,22
326.5,21.3768928753818,21.8078560837953,22.0235527576872,0.0,21.9984359139885,22
327.0,21.3768928753818,21.8078560837953,22.0235527576872,0.0,21.9984419450173,22
327.5,21.3768928753818,21.8078560837953,22.0235527576872,0.0,21.9984478860149,22
328.0,21.3768928753818,21.8078560837953,22.0235527576872,0.0,21.998453738315,22
328.5,21.3768928753818,21.8078560837953,22.0235527576872,0.0,21.9984595032315,22
329.0,21.3768928753818,21.8078560837953,22.0235527576872,0.0,21.9984651820595,22
329.5,21.3768928753818,21.8078560837953,22.0235527576872,0.0,21.9984707760751,22
330.0,21.3768928753818,21.8078560837953,22.0235527576872,0.0,21.9984762865357,22
330.5,21.3768928753818,21.8078560837953,22.0235527576872,0.0,21.9984817146804,22
331.0,21.3768928753818,21.8078560837953,22.0235527576872,0.0,21.9984870617303,22
331.5,21.3768928753818,21.8078560837953,22.0235527576872,0.0,21.9984923288887,22
332.0,21.3768928753818,21.8078560837953,22.0235527576872,0.0,21.998497517341,22
332.5,21.3768928753818,21.8078560837953,22.0235527576872,0.0,21.9985026282557,22
333.0,21.3768928753818,21.8078560837953,22.0235527576872,0.0,21.998507662784,22
333.5,21.3768928753818,21.8078560837953,22.0235527576872,0.0,21.9985126220601,22
334.0,21.3768928753818,21.8078560837953,22.0235527576872,0.0,21.9985175072019,22
334.5,21.3768928753818,21.8078560837953,22.0235527576872,0.0,21.9985223193107,22
335.0,21.3768928753818,21.8078560837953,22.0235527576872,0.0,21.9985270594718,22
335.5,21.3768928753818,21.8078560837953,22.0235527576872,0.0,21.9985317287544,22
336.0,21.3768928753818,21.8078560837953,22.0235527576872,0.0,21.9985363282123,22
336.5,21.3768928753818,21.8078560837953,22.0235527576872,0.0,21.9985408588836,22
337.0,21.3768928753818,21.8078560837953,21.9965823116423,0.0,21.9985453217913,22
337.5,21.3768928753818,21.8078560837953,21.9965823116423,0.0,21.9985497179432,22
338.0,21.3768928753818,21.8078560837953,21.9965823116423,0.0,21.9985540483325,22
338.5,21.3768928753818,21.8078560837953,21.9965823116423,0.0,21.9985583139377,22
339.0,21.3768928753818,21.8078560837953,21.9965823116423,0.0,21.9985625157229,22
339.5,21.3768928753818,21.8078560837953,21.9965823116423,0.0,21.998566654638,22
340.0,21.3768928753818,21.8078560837953,21.9965823116423,0.0,21.998570731619,22
340.5,21.3768928753818,21.8078560837953,21.9965823116423,0.0,21.998574747588,22
341.0,21.3768928753818,21.8078560837953,21.9965823116423,0.0,21.9985787034537,22
341.5,21.3768928753818,21.8078560837953,21.9965823116423,0.0,21.9985826001112,22
342.0,21.3768928753818,21.8078560837953,21.9965823116423,0.0,21.9985864384427,22
342.5,21.3768928753818,21.8078560837953,21.9965823116423,0.0,21.9985902193169,22
343.0,21.3768928753818,21.8078560837953,21.9965823116423,0.0,21.9985939435903,22
343.5,21.3768928753818,21.8078560837953,21.9965823116423,0.0,21.9985976121063,22
344.0,21.3768928753818,21.8078560837953,21.9965823116423,0.0,21.9986012256961,22
344.5,21.3768928753818,21.8078560837953,21.9965823116423,0.0,21.9986047851785,22
345.0,21.3768928753818,21.8078560837953,21.9965823116423,0.0,21.9986082913602,22
345.5,21.3768928753818,21.8078560837953,21.9965823116423,0.0,21.998611745036,22
346.0,21.3768928753818,21.8078560837953,21.9965823116423,0.0,21.9986151469891,22
346.5,21.3768928753818,21.8078560837953,21.9965823116423,0.0,21.998618497991,22
347.0,21.3768928753818,21.8078560837953,21.9965823116423,0.0,21.9986217988018,22
347.5,21.3768928753818,21.8078560837953,21.9965823116423,0.0,21.9986250501703,22
348.0,21.3768928753818,21.8078560837953,21.9965823116423,0.0,21.9986282528344,22
348.5,21.3768928753818,21.8078560837953,21.9965823116423,0.0,21.9986314075208,22
349.0,21.3768928753818,21.8078560837953,21.9965823116423,0.0,21.9986345149457,22
349.5,21.3768928753818,21.8078560837953,21.9965823116423,0.0,21.9986375758146,22
350.0,21.3768928753818,21.8078560837953,21.9965823116423,0.0,21.9986405908225,22
350.5,21.3768928753818,21.8078560837953,21.9965823116423,0.0,21.9986435606543,22
351.0,21.3768928753818,21.8078560837953,21.9965823116423,0.0,21.9986464859844,22
351.5,21.3768928753818,21.8078560837953,21.9965823116423,0.0,21.9986493674776,22
352.0,21.3768928753818,21.8078560837953,21.9965823116423,0.0,21.9986522057885,22
352.5,21.3768928753818,21.8078560837953,21.9965823116423,0.0,21.9986550015623,22
353.0,21.3768928753818,21.8078560837953,21.9965823116423,0.0,21.9986577554344,22
353.5,21.3768928753818,21.8078560837953,21.9965823116423,0.0,21.9986604680308,22
354.0,21.3768928753818,21.8078560837953,21.9965823116423,0.0,21.9986631399684,22
354.5,21.3768928753818,21.8078560837953,21.9965823116423,0.0,21.9986657718547,22
355.0,21.403812388443,21.8078560837953,21.9965823116423,0.0,21.9986683642882,22
355.5,21.403812388443,21.8078560837953,21.9965823116423,0.0,21.9986714407704,22
356.0,21.403812388443,21.8078560837953,21.9965823116423,0.0,21.9986754910842,22
356.5,21.403812388443,21.8078560837953,21.9965823116423,0.0,21.9986804666554,22
357.0,21.403812388443,21.8078560837953,21.9965823116423,0.0,21.998686320769,22
357.5,21.403812388443,21.8078560837953,21.9965823116423,0.0,21.9986930085037,22
358.0,21.403812388443,21.8078560837953,21.9965823116423,0.0,21.9987004866687,22
358.5,21.403812388443,21.8078560837953,21.9965823116423,0.0,21.9987087137422,22
359.0,21.403812388443,21.8078560837953,21.9965823116423,0.0,21.998717649813,22
359.5,21.403812388443,21.8078560837953,21.9965823116423,0.0,21.9987272565231,22
360.0,21.403812388443,21.8078560837953,21.9965823116423,0.0,21.9987374970126,22
360.5,21.403812388443,21.8078560837953,21.9965823116423,0.0,21.9987483358666,22
361.0,21.403812388443,21.8078560837953,21.9965823116423,0.0,21.9987597390639,22
361.5,21.403812388443,21.8078560837953,21.9965823116423,0.0,21.9987716739275,22
362.0,21.403812388443,21.8078560837953,21.9965823116423,0.0,21.9987841090762,22
362.5,21.403812388443,21.8078560837953,21.9965823116423,0.0,21.9987970143789,22
363.0,21.403812388443,21.8078560837953,21.9965823116423,0.0,21.9988103609097,22
363.5,21.403812388443,21.8078560837953,21.9965823116423,0.0,21.9988241209045,22
364.0,21.403812388443,21.8078560837953,21.9965823116423,0.0,21.9988382677199,22
364.5,21.403812388443,21.8078560837953,21.9965823116423,0.0,21.9988527757925,22
365.0,21.403812388443,21.8078560837953,21.9965823116423,0.0,21.9988676206002,22
365.5,21.403812388443,21.8078560837953,21.9965823116423,0.0,21.9988827786246,22
366.0,21.403812388443,21.8078560837953,21.9965823116423,0.0,21.9988982273151,22
366.5,21.403812388443,21.8078560837953,21.9965823116423,0.0,21.9989139450535,22
367.0,21.403812388443,21.8078560837953,21.9965823116423,0.0,21.9989299111204,22
367.5,21.403812388443,21.8078560837953,21.9965823116423,0.0,21.9989461056629,22
368.0,21.403812388443,21.8078560837953,21.9965823116423,0.0,21.9989625096624,22
368.5,21.403812388443,21.8078560837953,21.9965823116423,0.0,21.998979104905,22
369.0,21.403812388443,21.8078560837953,21.9965823116423,0.0,21.9989958739516,22
369.5,21.403812388443,21.8078560837953,21.9965823116423,0.0,21.99901280011,22
370.0,21.403812388443,21.8078560837953,21.9965823116423,0.0,21.9990298674072,22
370.5,21.403812388443,21.8078560837953,21.9965823116423,0.0,21.999047060563,22
371.0,21.403812388443,21.8078560837953,21.9965823116423,0.0,21.9990643649649,22
371.5,21.403812388443,21.8078560837953,21.9965823116423,0.0,21.9990817666432,22
372.0,21.403812388443,21.8078560837953,21.9965823116423,0.0,21.9990992522472,22
372.5,21.403812388443,21.8078560837953,21.9965823116423,0.0,21.9991168090225,22
373.0,21.403812388443,21.8078560837953,21.9965823116423,0.0,21.9991344247887,22
373.5,21.403812388443,21.8078560837953,21.9965823116423,0.0,21.9991520879183,22
374.0,21.403812388443,21.8078560837953,21.9965823116423,0.0,21.9991697873156,22
374.5,21.403812388443,21.8078560837953,21.9965823116423,0.0,21.9991875123975,22
375.0,21.403812388443,21.8078560837953,21.9965823116423,0.0,21.9992052530736,22
375.5,21.403812388443,21.8078560837953,21.9965823116423,0.0,21.9992229997283,22
376.0,21.403812388443,21.8078560837953,21.9965823116423,0.0,21.9992407432025,22
376.5,21.403812388443,21.8078560837953,21.9965823116423,0.0,21.9992584747765,22
377.0,21.403812388443,21.8078560837953,21.9965823116423,0.0,21.9992761861533,22
377.5,21.403812388443,21.8078560837953,21.9965823116423,0.0,21.9992938694427,22
378.0,21.403812388443,21.8078560837953,21.9965823116423,0.0,21.9993115171456,22
378.5,21.403812388443,21.8078560837953,21.9965823116423,0.0,21.9993291221393,22
379.0,21.403812388443,21.8078560837953,21.9965823116423,0.0,21.9993466776627,22
379.5,21.403812388443,21.8078560837953,21.9965823116423,0.0,21.9993641773028,22
380.0,21.403812388443,21.8078560837953,21.9965823116423,0.0,21.9993816149811,22
380.5,21.403812388443,21.8078560837953,21.9965823116423,0.0,21.9993989849403,22
381.0,21.403812388443,21.8078560837953,21.9965823116423,0.0,21.9994162817327,22
381.5,21.403812388443,21.8078560837953,21.9965823116423,0.0,21.999433500207,22
382.0,21.403812388443,21.8078560837953,21.9965823116423,0.0,21.9994506354978,22
382.5,21.403812388443,21.8078560837953,21.9965823116423,0.0,21.9994676830136,22
383.0,21.403812388443,21.8078560837953,21.9965823116423,0.0,21.9994846384262,22
383.5,21.403812388443,21.8078560837953,21.9965823116423,0.0,21.9995014976605,22
384.0,21.403812388443,21.8078560837953,21.9965823116423,0.0,21.9995182568843,22
384.5,21.403812388443,21.8078560837953,21.9965823116423,0.0,21.9995349124983,22
385.0,21.403812388443,21.8078560837953,21.9965823116423,0.0,21.9995514611274,22
385.5,21.403812388443,21.8078560837953,21.9965823116423,0.0,21.9995678996112,22
386.0,21.403812388443,21.8078560837953,21.9965823116423,0.0,21.9995842249953,22
386.5,21.403812388443,21.8078560837953,21.9965823116423,0.0,21.9996004345232,22
387.0,21.403812388443,21.8078560837953,21.9965823116423,0.0,21.9996165256282,22
387.5,21.403812388443,21.8078560837953,21.9965823116423,0.0,21.9996324959252,22
388.0,21.403812388443,21.8078560837953,21.9965823116423,0.0,21.9996483432037,22
388.5,21.403812388443,21.8078560837953,21.9965823116423,0.0,21.9996640654205,22
389.0,21.403812388443,21.8078560837953,21.9965823116423,0.0,21.9996796606923,22
389.5,21.403812388443,21.8078560837953,21.9965823116423,0.0,21.9996951272895,22
390.0,21.403812388443,21.8078560837953,21.9965823116423,0.0,21.9997104636295,22
390.5,21.403812388443,21.8078560837953,21.9965823116423,0.0,21.9997256682703,22
391.0,21.403812388443,21.8078560837953,21.9965823116423,0.0,21.999740739905,22
391.5,21.403812388443,21.8078560837953,21.9965823116423,0.0,21.9997556773553,22
392.0,21.403812388443,21.8078560837953,21.9965823116423,0.0,21.9997704795665,22
392.5,21.403812388443,21.8078560837953,21.9965823116423,0.0,21.9997851456021,22
393.0,21.403812388443,21.8078560837953,21.9965823116423,0.0,21.9997996746381,22
393.5,21.403812388443,21.8078560837953,21.9965823116423,0.0,21.9998140659587,22
394.0,21.403812388443,21.8078560837953,21.9965823116423,0.0,21.999828318951,22
394.5,21.403812388443,21.8078560837953,21.9965823116423,0.0,21.9998424331005,22
395.0,21.403812388443,21.8078560837953,21.9965823116423,0.0,21.999856407987,22
395.5,21.403812388443,21.8078560837953,21.9965823116423,0.0,21.9998702432796,22
396.0,21.403812388443,21.8078560837953,21.9965823116423,0.0,21.9998839387335,22
396.5,21.403812388443,21.8078560837953,21.9965823116423,0.0,21.9998974941851,22
397.0,21.403812388443,21.8078560837953,21.9965823116423,0.0,21.9999109095488,22
397.5,21.403812388443,21.8078560837953,21.9965823116423,0.0,21.9999241848132,22
398.0,21.403812388443,21.8078560837953,21.9965823116423,0.0,21.9999373200374,22
398.5,21.403812388443,21.8078560837953,21.9965823116423,0.0,21.9999503153476,22
399.0,21.403812388443,21.8078560837953,21.9965823116423,0.0,21.9999631709342,22
399.5,21.403812388443,21.8078560837953,21.9965823116423,0.0,21.9999758870481,22
400.0,21.403812388443,21.8078560837953,21.9965823116423,0.0,21.9999884639981,22
400.5,21.403812388443,21.8078560837953,21.9965823116423,0.0,22.0000009021477,22
401.0,21.403812388443,21.8078560837953,21.9965823116423,0.0,22.0000132019125,22
401.5,21.403812388443,21.8078560837953,21.9965823116423,0.0,22.0000253637575,22
402.0,21.403812388443,21.8078560837953,21.9965823116423,0.0,22.0000373881942,22
402.5,21.403812388443,21.8078560837953,21.9965823116423,0.0,22.0000492757786,22
403.0,21.403812388443,21.8078560837953,21.9965823116423,0.0,22.0000610271085,22
403.5,21.403812388443,21.8078560837953,21.9965823116423,0.0,22.000072642821,22
404.0,21.403812388443,21.8078560837953,21.9965823116423,0.0,22.000084123591,22
404.5,21.403812388443,21.8078560837953,21.9965823116423,0.0,22.0000954701282,22
405.0,21.403812388443,21.8078560837953,21.9965823116423,0.0,22.0001066831757,22
405.5,21.403812388443,21.8078560837953,21.9965823116423,0.0,22.0001177635079,22
406.0,21.403812388443,21.8078560837953,21.9965823116423,0.0,22.0001287119283,22
406.5,21.403812388443,21.8078560837953,21.9965823116423,0.0,22.000139529268,22
407.0,21.403812388443,21.8078560837953,21.9965823116423,0.0,22.0001502163842,22
407.5,21.403812388443,21.8078560837953,21.9965823116423,0.0,22.0001607741579,22
408.0,21.403812388443,21.8078560837953,21.9965823116423,0.0,22.0001712034929,22
408.5,21.403812388443,21.8078560837953,21.9965823116423,0.0,22.0001815053137,22
409.0,21.403812388443,21.8078560837953,21.9965823116423,0.0,22.0001916805647,22
409.5,21.403812388443,21.8078560837953,21.9965823116423,0.0,22.0002017302083,22
410.0,21.403812388443,21.8078560837953,21.9965823116423,0.0,22.0002116552238,22
410.5,21.403812388443,21.8078560837953,21.9965823116423,0.0,22.0002214566058,22
411.0,21.403812388443,21.8078560837953,21.9965823116423,0.0,22.0002311353633,22
411.5,21.403812388443,21.8078560837953,21.9965823116423,0.0,22.0002406925183,22
412.0,21.403812388443,21.8078560837953,21.9965823116423,0.0,22.000250129105,22
412.5,21.403812388443,21.8078560837953,21.9965823116423,0.0,22.0002594461682,22
413.0,21.403812388443,21.8078560837953,21.9965823116423,0.0,22.0002686447626,22
413.5,21.403812388443,21.8078560837953,21.9965823116423,0.0,22.0002777259517,22
414.0,21.403812388443,21.8078560837953,21.9965823116423,0.0,22.0002866908069,22
414.5,21.403812388443,21.8078560837953,21.9965823116423,0.0,22.0002955404064,22
415.0,21.403812388443,21.8078560837953,21.9965823116423,0.0,22.0003042758348,22
415.5,21.403812388443,21.8078560837953,21.9965823116423,0.0,22.0003128981818,22
416.0,21.403812388443,21.8078560837953,21.9965823116423,0.0,22.0003214085413,22
416.5,21.403812388443,21.8078560837953,21.9965823116423,0.0,22.0003298080113,22
417.0,21.403812388443,21.8078560837953,21.9965823116423,0.0,22.0003380976925,22
417.5,21.403812388443,21.8078560837953,21.9965823116423,0.0,22.000346278688,22
418.0,21.403812388443,21.8078560837953,21.9965823116423,0.0,22.0003543521024,22
418.5,21.403812388443,21.8078560837953,21.9965823116423,0.0,22.0003623190415,22
419.0,21.403812388443,21.8078560837953,21.9965823116423,0.0,22.0003701806113,22
419.5,21.403812388443,21.8078560837953,21.9965823116423,0.0,22.0003779379177,22
420.0,21.403812388443,21.8078560837953,21.9965823116423,0.0,22.0003855920657,22
420.5,21.403812388443,21.8078560837953,21.9965823116423,0.0,22.0003931441594,22
421.0,21.403812388443,21.8078560837953,21.9965823116423,0.0,22.0004005953008,22
421.5,21.403812388443,21.8078560837953,21.9965823116423,0.0,22.0004079465899,22
422.0,21.403812388443,21.8078560837953,21.9965823116423,0.0,22.000415199124,22
422.5,21.403812388443,21.8078560837953,21.9965823116423,0.0,22.0004223539973,22
423.0,21.403812388443,21.8078560837953,21.9965823116423,0.0,22.0004294123006,22
423.5,21.403812388443,21.8078560837953,21.9965823116423,0.0,22.0004363751207,22
424.0,21.403812388443,21.8078560837953,21.9965823116423,0.0,22.0004432435404,22
424.5,21.403812388443,21.8078560837953,21.9965823116423,0.0,22.0004500186378,22
425.0,21.403812388443,21.8078560837953,21.9965823116423,0.0,22.0004567014861,22
425.5,21.403812388443,21.8078560837953,21.9965823116423,0.0,22.0004632931534,22
426.0,21.403812388443,21.8078560837953,21.9965823116423,0.0,22.0004697947024,22
426.5,21.403812388443,21.8078560837953,21.9965823116423,0.0,22.0004762071899,22
427.0,21.403812388443,21.8078560837953,21.9965823116423,0.0,22.0004825316668,22
427.5,21.403812388443,21.8078560837953,21.9965823116423,0.0,22.0004887691778,22
428.0,21.403812388443,21.8078560837953,21.9965823116423,0.0,22.000494920761,22
428.5,21.403812388443,21.8078560837953,21.9965823116423,0.0,22.0005009874482,22
429.0,21.403812388443,21.8078560837953,21.9965823116423,0.0,22.0005069702639,22
429.5,21.403812388443,21.8078560837953,21.9965823116423,0.0,22.0005128702258,22
430.0,21.403812388443,21.8078560837953,21.9965823116423,0.0,22.0005186883443,22
430.5,21.403812388443,21.8078560837953,21.9965823116423,0.0,22.0005244256224,22
431.0,21.403812388443,21.8078560837953,21.9965823116423,0.0,22.0005300830558,22
431.5,21.403812388443,21.8078560837953,21.9965823116423,0.0,22.0005356616323,22
432.0,21.403812388443,21.8078560837953,21.9965823116423,0.0,22.0005411623319,22
432.5,21.403812388443,21.8078560837953,21.9965823116423,0.0,22.0005465861268,22
433.0,21.403812388443,21.8078560837953,21.9965823116423,0.0,22.0005519339812,22
433.5,21.403812388443,21.8078560837953,21.9965823116423,0.0,22.0005572068511,22
434.0,21.403812388443,21.8078560837953,21.9965823116423,0.0,22.0005624056842,22
434.5,21.403812388443,21.8078560837953,21.9965823116423,0.0,22.0005675314203,22
435.0,21.403812388443,21.8078560837953,21.9965823116423,0.0,22.0005725849903,22
435.5,21.403812388443,21.8078560837953,21.9965823116423,0.0,22.0005775673172,22
436.0,21.403812388443,21.8078560837953,21.9965823116423,0.0,22.000582479315,22
436.5,21.403812388443,21.8078560837953,21.9965823116423,0.0,22.0005873218897,22
437.0,21.403812388443,21.8078560837953,21.9965823116423,0.0,22.0005920959382,22
437.5,21.403812388443,21.8078560837953,21.9965823116423,0.0,22.0005968023492,22
438.0,21.403812388443,21.8078560837953,21.9965823116423,0.0,22.0006014420025,22
438.5,21.403812388443,21.8078560837953,21.9965823116423,0.0,22.0006060157693,22
439.0,21.403812388443,21.8078560837953,21.9965823116423,0.0,22.000610524512,22
439.5,21.403812388443,21.8078560837953,21.9965823116423,0.0,22.0006149690845,22
440.0,21.403812388443,21.8078560837953,21.9965823116423,0.0,22.0006193503318,22
440.5,21.403812388443,21.8078560837953,21.9965823116423,0.0,22.0006236690903,22
441.0,21.403812388443,21.8078560837953,21.9965823116423,0.0,22.0006279261875,22
441.5,21.403812388443,21.8078560837953,21.9965823116423,0.0,22.0006321224423,22
442.0,21.403812388443,21.8078560837953,21.9965823116423,0.0,22.0006362586648,22
442.5,21.403812388443,21.8078560837953,21.9965823116423,0.0,22.0006403356564,22
443.0,21.403812388443,21.8078560837953,21.9965823116423,0.0,22.0006443542099,22
443.5,21.403812388443,21.8078560837953,21.9965823116423,0.0,22.0006483151094,22
444.0,21.403812388443,21.8078560837953,21.9965823116423,0.0,22.0006522191303,22
444.5,21.403812388443,21.8078560837953,21.9965823116423,0.0,22.0006560670393,22
445.0,21.403812388443,21.8078560837953,21.9965823116423,0.0,22.0006598595947,22
445.5,21.403812388443,21.8078560837953,21.9965823116423,0.0,22.0006635975461,22
446.0,21.403812388443,21.8078560837953,21.9965823116423,0.0,22.0006672816345,22
446.5,21.403812388443,21.8078560837953,21.9965823116423,0.0,22.0006709125926,22
447.0,21.403812388443,21.8078560837953,21.9965823116423,0.0,22.0006744911446,22
447.5,21.403812388443,21.8078560837953,21.9965823116423,0.0,22.0006780180061,22
448.0,21.403812388443,21.8078560837953,21.9965823116423,0.0,22.0006814938846,22
448.5,21.403812388443,21.8078560837953,21.9965823116423,0.0,22.000684919479,22
449.0,21.403812388443,21.8078560837953,21.9965823116423,0.0,22.0006882954802,22
449.5,21.403812388443,21.8078560837953,21.9965823116423,0.0,22.0006916225708,22
450.0,21.403812388443,21.8078560837953,21.9965823116423,0.0,22.000694901425,22
450.5,21.403812388443,21.8078560837953,21.9965823116423,0.0,22.0006981327092,22
451.0,21.403812388443,21.8078560837953,21.9965823116423,0.0,22.0007013170817,22
451.5,21.403812388443,21.8078560837953,21.9965823116423,0.0,22.0007044551925,22
452.0,21.403812388443,21.8078560837953,21.9965823116423,0.0,22.0007075476839,22
452.5,21.403812388443,21.8078560837953,21.9965823116423,0.0,22.0007105951903,22
453.0,21.403812388443,21.8078560837953,21.9965823116423,0.0,22.0007135983383,22
453.5,21.403812388443,21.8078560837953,21.9965823116423,0.0,22.0007165577465,22
454.0,21.403812388443,21.8078560837953,21.9965823116423,0.0,22.0007194740261,22
454.5,21.403812388443,21.8078560837953,21.9965823116423,0.0,22.0007223477804,22
455.0,21.403812388443,21.8078560837953,21.9965823116423,0.0,22.0007251796053,22
455.5,21.403812388443,21.8078560837953,21.9965823116423,0.0,22.0007279700891,22
456.0,21.403812388443,21.8078560837953,21.9965823116423,0.0,22.0007307198126,22
456.5,21.403812388443,21.8078560837953,21.9965823116423,0.0,22.0007334293494,22
457.0,21.403812388443,21.8078560837953,21.9965823116423,0.0,22.0007360992656,22
457.5,21.403812388443,21.8078560837953,21.9965823116423,0.0,22.00073873012,22
458.0,21.403812388443,21.8078560837953,21.9965823116423,0.0,22.0007413224645,22
458.5,21.403812388443,21.8078560837953,21.9965823116423,0.0,22.0007438768436,22
459.0,21.403812388443,21.8078560837953,21.9965823116423,0.0,22.0007463937949,22
459.5,21.403812388443,21.8078560837953,21.9965823116423,0.0,22.000748873849,22
460.0,21.403812388443,21.8078560837953,21.9965823116423,0.0,22.0007513175295,22
460.5,21.403812388443,21.8078560837953,21.9965823116423,0.0,22.0007537253532,22
461.0,21.403812388443,21.8078560837953,21.9965823116423,0.0,22.0007560978302,22
461.5,21.403812388443,21.8078560837953,21.9965823116423,0.0,22.0007584354638,22
462.0,21.403812388443,21.8078560837953,21.9965823116423,0.0,22.0007607387507,22
462.5,21.403812388443,21.8078560837953,21.9965823116423,0.0,22.000763008181,22
463.0,21.403812388443,21.8078560837953,21.9965823116423,0.0,22.0007652442384,22
463.5,21.403812388443,21.8078560837953,21.9965823116423,0.0,22.0007674474001,22
464.0,21.403812388443,21.8078560837953,21.9965823116423,0.0,22.0007696181368,22
464.5,21.403812388443,21.8078560837953,21.9965823116423,0.0,22.0007717569132,22
465.0,21.403812388443,21.8078560837953,21.9965823116423,0.0,22.0007738641876,22
465.5,21.403812388443,21.8078560837953,21.9965823116423,0.0,22.0007759404121,22
466.0,21.403812388443,21.8078560837953,21.9965823116423,0.0,22.0007779860328,22
466.5,21.403812388443,21.8078560837953,21.9965823116423,0.0,22.0007800014897,22
467.0,21.403812388443,21.8078560837953,21.9965823116423,0.0,22.0007819872169,22
467.5,21.403812388443,21.8078560837953,21.9965823116423,0.0,22.0007839436427,22
468.0,21.403812388443,21.8078560837953,21.9965823116423,0.0,22.0007858711895,22
468.5,21.403812388443,21.8078560837953,21.9965823116423,0.0,22.0007877702739,22
469.0,21.403812388443,21.8078560837953,21.9965823116423,0.0,22.0007896413068,22
469.5,21.403812388443,21.8078560837953,21.9965823116423,0.0,22.0007914846936,22
470.0,21.403812388443,21.8078560837953,21.9965823116423,0.0,22.0007933008341,22
470.5,21.403812388443,21.8078560837953,21.9965823116423,0.0,22.0007950901226,22
471.0,21.403812388443,21.8078560837953,21.9965823116423,0.0,22.000796852948,22
471.5,21.403812388443,21.8078560837953,21.9965823116423,0.0,22.0007985896937,22
472.0,21.403812388443,21.8078560837953,21.9965823116423,0.0,22.0008003007381,22
472.5,21.403812388443,21.8078560837953,21.9965823116423,0.0,22.0008019864542,22
473.0,21.403812388443,21.8078560837953,21.9965823116423,0.0,22.0008036472097,22
473.5,21.403812388443,21.8078560837953,21.9965823116423,0.0,22.0008052833674,22
474.0,21.403812388443,21.8078560837953,21.9965823116423,0.0,22.000806895285,22
474.5,21.403812388443,21.8078560837953,21.9965823116423,0.0,22.0008084833153,22
475.0,21.403812388443,21.8078560837953,21.9965823116423,0.0,22.0008100478059,22
475.5,21.403812388443,21.8078560837953,21.9965823116423,0.0,22.0008115891,22
476.0,21.403812388443,21.8078560837953,21.9965823116423,0.0,22.0008131075355,22
476.5,21.403812388443,21.8078560837953,21.9965823116423,0.0,22.000814603446,22
477.0,21.403812388443,21.8078560837953,21.9965823116423,0.0,22.0008160771602,22
477.5,21.403812388443,21.8078560837953,21.9965823116423,0.0,22.0008175290022,22
478.0,21.403812388443,21.8078560837953,21.9965823116423,0.0,22.0008189592916,22
478.5,21.403812388443,21.8078560837953,21.9965823116423,0.0,22.0008203683434,22
479.0,21.403812388443,21.8078560837953,21.9965823116423,0.0,22.0008217564683,22
479.5,21.403812388443,21.8078560837953,21.9965823116423,0.0,22.0008231239725,22
480.0,21.403812388443,21.8078560837953,21.9965823116423,0.0,22.000824471158,22
480.5,21.403812388443,21.8078560837953,21.9965823116423,0.0,22.0008257983223,22
481.0,21.403812388443,21.8078560837953,21.9965823116423,0.0,22.000827105759,22
481.5,21.403812388443,21.8078560837953,21.9965823116423,0.0,22.0008283937572,22
482.0,21.403812388443,21.8078560837953,21.9965823116423,0.0,22.0008296626021,22
482.5,21.403812388443,21.8078560837953,21.9965823116423,0.0,22.0008309125749,22
483.0,21.403812388443,21.8078560837953,21.9965823116423,0.0,22.0008321439527,22
483.5,21.403812388443,21.8078560837953,21.9965823116423,0.0,22.0008333570085,22
484.0,21.403812388443,21.8078560837953,21.9965823116423,0.0,22.0008345520117,22
484.5,21.403812388443,21.8078560837953,21.9965823116423,0.0,22.0008357292276,22
485.0,21.403812388443,21.8078560837953,21.9965823116423,0.0,22.000836888918,22
485.5,21.403812388443,21.8078560837953,21.9965823116423,0.0,22.0008380313406,22
486.0,21.403812388443,21.8078560837953,21.9965823116423,0.0,22.0008391567497,22
486.5,21.403812388443,21.8078560837953,21.9965823116423,0.0,22.0008402653957,22
487.0,21.403812388443,21.8078560837953,21.9965823116423,0.0,22.0008413575257,22
487.5,21.403812388443,21.8078560837953,21.9965823116423,0.0,22.0008424333831,22
488.0,21.403812388443,21.8078560837953,21.9965823116423,0.0,22.0008434932077,22
488.5,21.403812388443,21.8078560837953,21.9965823116423,0.0,22.000844537236,22
489.0,21.403812388443,21.8078560837953,21.9965823116423,0.0,22.0008455657011,22
489.5,21.403812388443,21.8078560837953,21.9965823116423,0.0,22.0008465788326,22
490.0,21.403812388443,21.8078560837953,21.9965823116423,0.0,22.000847576857,22
490.5,21.403812388443,21.8078560837953,21.9965823116423,0.0,22.0008485599973,22
491.0,21.403812388443,21.8078560837953,21.9965823116423,0.0,22.0008495284734,22
491.5,21.403812388443,21.8078560837953,21.9965823116423,0.0,22.000850482502,22
492.0,21.403812388443,21.8078560837953,21.9965823116423,0.0,22.0008514222968,22
492.5,21.403812388443,21.8078560837953,21.9965823116423,0.0,22.0008523480681,22
493.0,21.403812388443,21.8078560837953,21.9965823116423,0.0,22.0008532600235,22
493.5,21.403812388443,21.8078560837953,21.9965823116423,0.0,22.0008541583673,22
494.0,21.403812388443,21.8078560837953,21.9965823116423,0.0,22.000855043301,22
494.5,21.403812388443,21.8078560837953,21.9965823116423,0.0,22.0008559150231,22
495.0,21.403812388443,21.8078560837953,21.9965823116423,0.0,22.0008567737294,22
495.5,21.403812388443,21.8078560837953,21.9965823116423,0.0,22.0008576196126,22
496.0,21.403812388443,21.8078560837953,21.9965823116423,0.0,22.0008584528626,22
496.5,21.403812388443,21.8078560837953,21.9965823116423,0.0,22.0008592736668,22
497.0,21.403812388443,21.8078560837953,21.9965823116423,0.0,22.0008600822097,22
497.5,21.403812388443,21.8078560837953,21.9965823116423,0.0,22.000860878673,22
498.0,21.403812388443,21.8078560837953,21.9965823116423,0.0,22.000861663236,22
498.5,21.403812388443,21.8078560837953,21.9965823116423,0.0,22.0008624360752,22
499.0,21.403812388443,21.8078560837953,21.9965823116423,0.0,22.0008631973645,22
499.5,21.403812388443,21.8078560837953,21.9965823116423,0.0,22.0008639472755,22
500.0,21.403812388443,21.8078560837953,21.9965823116423,0.0,22.000864685977,22
500.5,21.403812388443,21.8078560837953,21.9965823116423,0.0,22.0008654136355,22
501.0,21.403812388443,21.8078560837953,21.9965823116423,0.0,22.0008661304151,22
501.5,21.403812388443,21.8078560837953,21.9965823116423,0.0,22.0008668364773,22
502.0,21.403812388443,21.8078560837953,21.9965823116423,0.0,22.0008675319814,22
502.5,21.403812388443,21.8078560837953,21.9965823116423,0.0,22.0008682170844,22
503.0,21.403812388443,21.8078560837953,21.9965823116423,0.0,22.0008688919408,22
503.5,21.403812388443,21.8078560837953,21.9965823116423,0.0,22.000869556703,22
504.0,21.403812388443,21.8078560837953,21.9965823116423,0.0,22.0008702115212,22
504.5,21.403812388443,21.8078560837953,21.9965823116423,0.0,22.0008708565433,22
505.0,21.403812388443,21.8078560837953,21.9965823116423,0.0,22.0008714919149,22
505.5,21.403812388443,21.8078560837953,21.9965823116423,0.0,22.0008721177797,22
506.0,21.403812388443,21.8078560837953,21.9965823116423,0.0,22.0008727342793,22
506.5,21.403812388443,21.8078560837953,21.9965823116423,0.0,22.0008733415529,22
507.0,21.403812388443,21.8078560837953,21.9965823116423,0.0,22.0008739397381,22
507.5,21.403812388443,21.8078560837953,21.9965823116423,0.0,22.00087452897,22
508.0,21.403812388443,21.8078560837953,21.9965823116423,0.0,22.0008751093821,22
508.5,21.403812388443,21.8078560837953,21.9965823116423,0.0,22.0008756811057,22
509.0,21.403812388443,21.8078560837953,21.9965823116423,0.0,22.0008762442703,22
509.5,21.403812388443,21.8078560837953,21.9965823116423,0.0,22.0008767990035,22
510.0,21.403812388443,21.8078560837953,21.9965823116423,0.0,22.0008773454308,22
510.5,21.403812388443,21.8078560837953,21.9965823116423,0.0,22.0008778836761,22
511.0,21.403812388443,21.8078560837953,21.9965823116423,0.0,22.0008784138614,22
511.5,21.403812388443,21.8078560837953,21.9965823116423,0.0,22.0008789361068,22
512.0,21.403812388443,21.8078560837953,21.9965823116423,0.0,22.0008794505307,22
512.5,21.403812388443,21.8078560837953,21.9965823116423,0.0,22.0008799572499,22
513.0,21.403812388443,21.8078560837953,21.9965823116423,0.0,22.0008804563791,22
513.5,21.403812388443,21.8078560837953,21.9965823116423,0.0,22.0008809480318,22
514.0,21.403812388443,21.8078560837953,21.9965823116423,0.0,22.0008814323193,22
514.5,21.403812388443,21.8078560837953,21.9965823116423,0.0,22.0008819093517,22
515.0,21.403812388443,21.8078560837953,21.9965823116423,0.0,22.0008823792372,22
515.5,21.403812388443,21.8078560837953,21.9965823116423,0.0,22.0008828420824,22
516.0,21.403812388443,21.8078560837953,21.9965823116423,0.0,22.0008832979926,22
516.5,21.403812388443,21.8078560837953,21.9965823116423,0.0,22.0008837470711,22
517.0,21.403812388443,21.8078560837953,21.9965823116423,0.0,22.0008841894201,22
517.5,21.403812388443,21.8078560837953,21.9965823116423,0.0,22.0008846251401,22
518.0,21.403812388443,21.8078560837953,21.9965823116423,0.0,22.0008850543299,22
518.5,21.403812388443,21.8078560837953,21.9965823116423,0.0,22.0008854770873,22
519.0,21.403812388443,21.8078560837953,21.9965823116423,0.0,22.0008858935083,22
519.5,21.403812388443,21.8078560837953,21.9965823116423,0.0,22.0008863036875,22
520.0,21.403812388443,21.8078560837953,21.9965823116423,0.0,22.0008867077182,22
520.5,21.403812388443,21.8078560837953,21.9965823116423,0.0,22.0008871056923,22
521.0,21.403812388443,21.8078560837953,21.9965823116423,0.0,22.0008874977003,22
521.5,21.403812388443,21.8078560837953,21.9965823116423,0.0,22.0008878838315,22
522.0,21.403812388443,21.8078560837953,21.9965823116423,0.0,22.0008882641735,22
522.5,21.403812388443,21.8078560837953,21.9965823116423,0.0,22.0008886388131,22
523.0,21.403812388443,21.8078560837953,21.9965823116423,0.0,22.0008890078354,22
523.5,21.403812388443,21.8078560837953,21.9965823116423,0.0,22.0008893713244,22
524.0,21.403812388443,21.8078560837953,21.9965823116423,0.0,22.000889729363,22
524.5,21.403812388443,21.8078560837953,21.9965823116423,0.0,22.0008900820325,22
525.0,21.403812388443,21.8078560837953,21.9965823116423,0.0,22.0008904294134,22
525.5,21.403812388443,21.8078560837953,21.9965823116423,0.0,22.0008907715847,22
526.0,21.403812388443,21.8078560837953,21.9965823116423,0.0,22.0008911086243,22
526.5,21.403812388443,21.8078560837953,21.9965823116423,0.0,22.000891440609,22
527.0,21.403812388443,21.8078560837953,21.9965823116423,0.0,22.0008917676145,22
527.5,21.403812388443,21.8078560837953,21.9965823116423,0.0,22.0008920897152,22
528.0,21.403812388443,21.8078560837953,21.9965823116423,0.0,22.0008924069846,22
528.5,21.403812388443,21.8078560837953,21.9965823116423,0.0,22.000892719495,22
529.0,21.403812388443,21.8078560837953,21.9965823116423,0.0,22.0008930273175,22
529.5,21.403812388443,21.8078560837953,21.9965823116423,0.0,22.0008933305224,22
530.0,21.403812388443,21.8078560837953,21.9965823116423,0.0,22.0008936291788,22
530.5,21.403812388443,21.8078560837953,21.9965823116423,0.0,22.0008939233547,22
531.0,21.403812388443,21.8078560837953,21.9965823116423,0.0,22.0008942131173,22
531.5,21.403812388443,21.8078560837953,21.9965823116423,0.0,22.0008944985326,22
532.0,21.403812388443,21.8078560837953,21.9965823116423,0.0,22.0008947796657,22
532.5,21.403812388443,21.8078560837953,21.9965823116423,0.0,22.0008950565807,22
533.0,21.403812388443,21.8078560837953,21.9965823116423,0.0,22.0008953293408,22
533.5,21.403812388443,21.8078560837953,21.9965823116423,0.0,22.0008955980083,22
534.0,21.403812388443,21.8078560837953,21.9965823116423,0.0,22.0008958626443,22
534.5,21.403812388443,21.8078560837953,21.9965823116423,0.0,22.0008961233094,22
535.0,21.403812388443,21.8078560837953,21.9965823116423,0.0,22.000896380063,22
535.5,21.403812388443,21.8078560837953,21.9965823116423,0.0,22.0008966329636,22
536.0,21.403812388443,21.8078560837953,21.9965823116423,0.0,22.000896882069,22
536.5,21.403812388443,21.8078560837953,21.9965823116423,0.0,22.0008971274361,22
537.0,21.403812388443,21.8078560837953,21.9965823116423,0.0,22.0008973691208,22
537.5,21.403812388443,21.8078560837953,21.9965823116423,0.0,22.0008976071784,22
538.0,21.403812388443,21.8078560837953,21.9965823116423,0.0,22.0008978416632,22
538.5,21.403812388443,21.8078560837953,21.9965823116423,0.0,22.0008980726287,22
539.0,21.403812388443,21.8078560837953,21.9965823116423,0.0,22.0008983001276,22
539.5,21.403812388443,21.8078560837953,21.9965823116423,0.0,22.000898524212,22
540.0,21.403812388443,21.8078560837953,21.9965823116423,0.0,22.0008987449329,22
540.5,21.403812388443,21.8078560837953,21.9965823116423,0.0,22.0008989623409,22
541.0,21.403812388443,21.8078560837953,21.9965823116423,0.0,22.0008991764855,22
541.5,21.403812388443,21.8078560837953,21.9965823116423,0.0,22.0008993874156,22
542.0,21.403812388443,21.8078560837953,21.9965823116423,0.0,22.0008995951796,22
542.5,21.403812388443,21.8078560837953,21.9965823116423,0.0,22.0008997998247,22
543.0,21.403812388443,21.8078560837953,21.9965823116423,0.0,22.0009000013979,22
543.5,21.403812388443,21.8078560837953,21.9965823116423,0.0,22.000900199945,22
544.0,21.403812388443,21.8078560837953,21.9965823116423,0.0,22.0009003955116,22
544.5,21.403812388443,21.8078560837953,21.9965823116423,0.0,22.0009005881422,22
545.0,21.403812388443,21.8078560837953,21.9965823116423,0.0,22.000900777881,22
545.5,21.403812388443,21.8078560837953,21.9965823116423,0.0,22.0009009647712,22
546.0,21.403812388443,21.8078560837953,21.9965823116423,0.0,22.0009011488557,22
546.5,21.403812388443,21.8078560837953,21.9965823116423,0.0,22.0009013301764,22
547.0,21.403812388443,21.8078560837953,21.9965823116423,0.0,22.0009015087748,22
547.5,21.403812388443,21.8078560837953,21.9965823116423,0.0,22.0009016846917,22
548.0,21.403812388443,21.8078560837953,21.9965823116423,0.0,22.0009018579674,22
548.5,21.403812388443,21.8078560837953,21.9965823116423,0.0,22.0009020286414,22
549.0,21.403812388443,21.8078560837953,21.9965823116423,0.0,22.0009021967529,22
549.5,21.403812388443,21.8078560837953,21.9965823116423,0.0,22.0009023623401,22
550.0,21.403812388443,21.8078560837953,21.9965823116423,0.0,22.0009025254411,22
550.5,21.403812388443,21.8078560837953,21.9965823116423,0.0,22.000902686093,22
551.0,21.403812388443,21.8078560837953,21.9965823116423,0.0,22.0009028443327,22
551.5,21.403812388443,21.8078560837953,21.9965823116423,0.0,22.0009030001962,22
552.0,21.403812388443,21.8078560837953,21.9965823116423,0.0,22.0009031537193,22
552.5,21.403812388443,21.8078560837953,21.9965823116423,0.0,22.0009033049371,22
553.0,21.403812388443,21.8078560837953,21.9965823116423,0.0,22.0009034538841,22
553.5,21.403812388443,21.8078560837953,21.9965823116423,0.0,22.0009036005945,22
554.0,21.403812388443,21.8078560837953,21.9965823116423,0.0,22.0009037451017,22
554.5,21.403812388443,21.8078560837953,21.9965823116423,0.0,22.0009038874388,22
555.0,21.403812388443,21.8078560837953,21.9965823116423,0.0,22.0009040276384,22
555.5,21.403812388443,21.8078560837953,21.9965823116423,0.0,22.0009041657326,22
556.0,21.403812388443,21.8078560837953,21.9965823116423,0.0,22.000904301753,22
556.5,21.403812388443,21.8078560837953,21.9965823116423,0.0,22.0009044357306,22
557.0,21.403812388443,21.8078560837953,21.9965823116423,0.0,22.0009045676962,22
557.5,21.403812388443,21.8078560837953,21.9965823116423,0.0,22.0009046976799,22
558.0,21.403812388443,21.8078560837953,21.9965823116423,0.0,22.0009048257115,22
558.5,21.403812388443,21.8078560837953,21.9965823116423,0.0,22.0009049518202,22
559.0,21.403812388443,21.8078560837953,21.9965823116423,0.0,22.0009050760349,22
559.5,21.403812388443,21.8078560837953,21.9965823116423,0.0,22.0009051983841,22
560.0,21.403812388443,21.8078560837953,21.9965823116423,0.0,22.0009053188957,22
560.5,21.403812388443,21.8078560837953,21.9965823116423,0.0,22.0009054375974,22
561.0,21.403812388443,21.8078560837953,21.9965823116423,0.0,22.0009055545162,22
561.5,21.403812388443,21.8078560837953,21.9965823116423,0.0,22.000905669679,22
562.0,21.403812388443,21.8078560837953,21.9965823116423,0.0,22.0009057831121,22
562.5,21.403812388443,21.8078560837953,21.9965823116423,0.0,22.0009058948415,22
563.0,21.403812388443,21.8078560837953,21.9965823116423,0.0,22.0009060048927,22
563.5,21.403812388443,21.8078560837953,21.9965823116423,0.0,22.0009061132909,22
564.0,21.403812388443,21.8078560837953,21.9965823116423,0.0,22.000906220061,22
564.5,21.403812388443,21.8078560837953,21.9965823116423,0.0,22.0009063252274,22
565.0,21.403812388443,21.8078560837953,21.9965823116423,0.0,22.0009064288141,22
565.5,21.403812388443,21.8078560837953,21.9965823116423,0.0,22.0009065308449,22
566.0,21.403812388443,21.8078560837953,21.9965823116423,0.0,22.0009066313432,22
566.5,21.403812388443,21.8078560837953,21.9965823116423,0.0,22.0009067303319,22
567.0,21.403812388443,21.8078560837953,21.9965823116423,0.0,22.0009068278336,22
567.5,21.403812388443,21.8078560837953,21.9965823116423,0.0,22.0009069238709,22
568.0,21.403812388443,21.8078560837953,21.9965823116423,0.0,22.0009070184655,22
568.5,21.403812388443,21.8078560837953,21.9965823116423,0.0,22.0009071116392,22
569.0,21.403812388443,21.8078560837953,21.9965823116423,0.0,22.0009072034133,22
569.5,21.403812388443,21.8078560837953,21.9965823116423,0.0,22.0009072938088,22
570.0,21.403812388443,21.8078560837953,21.9965823116423,0.0,22.0009073828464,22
570.5,21.403812388443,21.8078560837953,21.9965823116423,0.0,22.0009074705466,22
571.0,21.403812388443,21.8078560837953,21.9965823116423,0.0,22.0009075569293,22
571.5,21.403812388443,21.8078560837953,21.9965823116423,0.0,22.0009076420144,22
572.0,21.403812388443,21.8078560837953,21.9965823116423,0.0,22.0009077258213,22
572.5,21.403812388443,21.8078560837953,21.9965823116423,0.0,22.0009078083693,22
573.0,21.403812388443,21.8078560837953,21.9965823116423,0.0,22.0009078896772,22
573.5,21.403812388443,21.8078560837953,21.9965823116423,0.0,22.0009079697638,22
574.0,21.403812388443,21.8078560837953,21.9965823116423,0.0,22.0009080486472,22
574.5,21.403812388443,21.8078560837953,21.9965823116423,0.0,22.0009081263456,22
575.0,21.403812388443,21.8078560837953,21.9965823116423,0.0,22.0009082028767,22
575.5,21.403812388443,21.8078560837953,21.9965823116423,0.0,22.0009082782582,22
576.0,21.403812388443,21.8078560837953,21.9965823116423,0.0,22.0009083525072,22
576.5,21.403812388443,21.8078560837953,21.9965823116423,0.0,22.0009084256408,22
577.0,21.403812388443,21.8078560837953,21.9965823116423,0.0,22.0009084976757,22
577.5,21.403812388443,21.8078560837953,21.9965823116423,0.0,22.0009085686285,22
578.0,21.403812388443,21.8078560837953,21.9965823116423,0.0,22.0009086385153,22
578.5,21.403812388443,21.8078560837953,21.9965823116423,0.0,22.0009087073522,22
579.0,21.403812388443,21.8078560837953,21.9965823116423,0.0,22.0009087751549,22
579.5,21.403812388443,21.8078560837953,21.9965823116423,0.0,22.000908841939,22
580.0,21.403812388443,21.8078560837953,21.9965823116423,0.0,22.0009089077198,22
580.5,21.403812388443,21.8078560837953,21.9965823116423,0.0,22.0009089725124,22
581.0,21.403812388443,21.8078560837953,21.9965823116423,0.0,22.0009090363315,22
581.5,21.403812388443,21.8078560837953,21.9965823116423,0.0,22.0009090991918,22
582.0,21.403812388443,21.8078560837953,21.9965823116423,0.0,22.0009091611078,22
582.5,21.403812388443,21.8078560837953,21.9965823116423,0.0,22.0009092220935,22
583.0,21.403812388443,21.8078560837953,21.9965823116423,0.0,22.000909282163,22
583.5,21.403812388443,21.8078560837953,21.9965823116423,0.0,22.00090934133,22
584.0,21.403812388443,21.8078560837953,21.9965823116423,0.0,22.0009093996081,22
584.5,21.403812388443,21.8078560837953,21.9965823116423,0.0,22.0009094570106,22
585.0,21.403812388443,21.8078560837953,21.9965823116423,0.0,22.0009095135507,22
585.5,21.403812388443,21.8078560837953,21.9965823116423,0.0,22.0009095692414,22
586.0,21.403812388443,21.8078560837953,21.9965823116423,0.0,22.0009096240953,22
586.5,21.403812388443,21.8078560837953,21.9965823116423,0.0,22.0009096781251,22
587.0,21.403812388443,21.8078560837953,21.9965823116423,0.0,22.0009097313432,22
587.5,21.403812388443,21.8078560837953,21.9965823116423,0.0,22.0009097837616,22
588.0,21.403812388443,21.8078560837953,21.9965823116423,0.0,22.0009098353925,22
588.5,21.403812388443,21.8078560837953,21.9965823116423,0.0,22.0009098862477,22
589.0,21.403812388443,21.8078560837953,21.9965823116423,0.0,22.0009099363388,22
589.5,21.403812388443,21.8078560837953,21.9965823116423,0.0,22.0009099856774,22
590.0,21.403812388443,21.8078560837953,21.9965823116423,0.0,22.0009100342746,22
590.5,21.403812388443,21.8078560837953,21.9965823116423,0.0,22.0009100821417,22
591.0,21.403812388443,21.8078560837953,21.9965823116423,0.0,22.0009101292895,22
591.5,21.403812388443,21.8078560837953,21.9965823116423,0.0,22.000910175729,22
592.0,21.403812388443,21.8078560837953,21.9965823116423,0.0,22.0009102214708,22
592.5,21.403812388443,21.8078560837953,21.9965823116423,0.0,22.0009102665252,22
593.0,21.403812388443,21.8078560837953,21.9965823116423,0.0,22.0009103109028,22
593.5,21.403812388443,21.8078560837953,21.9965823116423,0.0,22.0009103546136,22
594.0,21.403812388443,21.8078560837953,21.9965823116423,0.0,22.0009103976676,22
594.5,21.403812388443,21.8078560837953,21.9965823116423,0.0,22.0009104400747,22
595.0,21.403812388443,21.8078560837953,21.9965823116423,0.0,22.0009104818447,22
595.5,21.403812388443,21.8078560837953,21.9965823116423,0.0,22.000910522987,22
596.0,21.403812388443,21.8078560837953,21.9965823116423,0.0,22.0009105635112,22
596.5,21.403812388443,21.8078560837953,21.9965823116423,0.0,22.0009106034265,22
597.0,21.403812388443,21.8078560837953,21.9965823116423,0.0,22.0009106427421,22
597.5,21.403812388443,21.8078560837953,21.9965823116423,0.0,22.0009106814669,22
598.0,21.403812388443,21.8078560837953,21.9965823116423,0.0,22.0009107196099,22
598.5,21.403812388443,21.8078560837953,21.9965823116423,0.0,22.0009107571797,22
599.0,21.403812388443,21.8078560837953,21.9965823116423,0.0,22.0009107941851,22
599.5,21.403812388443,21.8078560837953,21.9965823116423,0.0,22.0009108306345,22
600.0,21.403812388443,21.8078560837953,21.9965823116423,0.0,22.0009108665361,22
600.5,21.403812388443,21.8078560837953,21.9965823116423,0.0,22.0009109018984,22
601.0,21.403812388443,21.8078560837953,21.9965823116423,0.0,22.0009109367293,22
601.5,21.403812388443,21.8078560837953,21.9965823116423,0.0,22.0009109710368,22
602.0,21.403812388443,21.8078560837953,21.9965823116423,0.0,22.0009110048289,22
602.5,21.403812388443,21.8078560837953,21.9965823116423,0.0,22.0009110381132,22
603.0,21.403812388443,21.8078560837953,21.9965823116423,0.0,22.0009110708974,22
603.5,21.403812388443,21.8078560837953,21.9965823116423,0.0,22.0009111031889,22
604.0,21.403812388443,21.8078560837953,21.9965823116423,0.0,22.0009111349953,22
604.5,21.403812388443,21.8078560837953,21.9965823116423,0.0,22.0009111663238,22
605.0,21.403812388443,21.8078560837953,21.9965823116423,0.0,22.0009111971815,22
605.5,21.403812388443,21.8078560837953,21.9965823116423,0.0,22.0009112275756,22
606.0,21.403812388443,21.8078560837953,21.9965823116423,0.0,22.0009112575129,22
606.5,21.403812388443,21.8078560837953,21.9965823116423,0.0,22.0009112870005,22
607.0,21.403812388443,21.8078560837953,21.9965823116423,0.0,22.0009113160449,22
607.5,21.403812388443,21.8078560837953,21.9965823116423,0.0,22.0009113446529,22
608.0,21.403812388443,21.8078560837953,21.9965823116423,0.0,22.0009113728311,22
608.5,21.403812388443,21.8078560837953,21.9965823116423,0.0,22.0009114005859,22
609.0,21.403812388443,21.8078560837953,21.9965823116423,0.0,22.0009114279236,22
609.5,21.403812388443,21.8078560837953,21.9965823116423,0.0,22.0009114548505,22
610.0,21.403812388443,21.8078560837953,21.9965823116423,0.0,22.0009114813729,22
610.5,21.403812388443,21.8078560837953,21.9965823116423,0.0,22.0009115074967,22
611.0,21.403812388443,21.8078560837953,21.9965823116423,0.0,22.0009115332279,22
611.5,21.403812388443,21.8078560837953,21.9965823116423,0.0,22.0009115585726,22
612.0,21.403812388443,21.8078560837953,21.9965823116423,0.0,22.0009115835364,22
612.5,21.403812388443,21.8078560837953,21.9965823116423,0.0,22.0009116081251,22
613.0,21.403812388443,21.8078560837953,21.9965823116423,0.0,22.0009116323443,22
613.5,21.403812388443,21.8078560837953,21.9965823116423,0.0,22.0009116561996,22
614.0,21.403812388443,21.8078560837953,21.9965823116423,0.0,22.0009116796964,22
614.5,21.403812388443,21.8078560837953,21.9965823116423,0.0,22.0009117028402,22
615.0,21.403812388443,21.8078560837953,21.9965823116423,0.0,22.0009117256362,22
615.5,21.403812388443,21.8078560837953,21.9965823116423,0.0,22.0009117480896,22
616.0,21.403812388443,21.8078560837953,21.9965823116423,0.0,22.0009117702057,22
616.5,21.403812388443,21.8078560837953,21.9965823116423,0.0,22.0009117919894,22
617.0,21.403812388443,21.8078560837953,21.9965823116423,0.0,22.0009118134458,22
617.5,21.403812388443,21.8078560837953,21.9965823116423,0.0,22.0009118345798,22
618.0,21.403812388443,21.8078560837953,21.9965823116423,0.0,22.0009118553963,22
618.5,21.403812388443,21.8078560837953,21.9965823116423,0.0,22.0009118758999,22
619.0,21.403812388443,21.8078560837953,21.9965823116423,0.0,22.0009118960954,22
619.5,21.403812388443,21.8078560837953,21.9965823116423,0.0,22.0009119159875,22
620.0,21.403812388443,21.8078560837953,21.9965823116423,0.0,22.0009119355807,22
620.5,21.403812388443,21.8078560837953,21.9965823116423,0.0,22.0009119548794,22
621.0,21.403812388443,21.8078560837953,21.9965823116423,0.0,22.0009119738882,22
621.5,21.403812388443,21.8078560837953,21.9965823116423,0.0,22.0009119926113,22
622.0,21.403812388443,21.8078560837953,21.9965823116423,0.0,22.0009120110531,22
622.5,21.403812388443,21.8078560837953,21.9965823116423,0.0,22.0009120292177,22
623.0,21.403812388443,21.8078560837953,21.9965823116423,0.0,22.0009120471094,22
623.5,21.403812388443,21.8078560837953,21.9965823116423,0.0,22.0009120647323,22
624.0,21.403812388443,21.8078560837953,21.9965823116423,0.0,22.0009120820903,22
624.5,21.403812388443,21.8078560837953,21.9965823116423,0.0,22.0009120991875,22
625.0,21.403812388443,21.8078560837953,21.9965823116423,0.0,22.0009121160278,22
625.5,21.403812388443,21.8078560837953,21.9965823116423,0.0,22.0009121326151,22
626.0,21.403812388443,21.8078560837953,21.9965823116423,0.0,22.0009121489531,22
626.5,21.403812388443,21.8078560837953,21.9965823116423,0.0,22.0009121650456,22
627.0,21.403812388443,21.8078560837953,21.9965823116423,0.0,22.0009121808962,22
627.5,21.403812388443,21.8078560837953,21.9965823116423,0.0,22.0009121965087,22
628.0,21.403812388443,21.8078560837953,21.9965823116423,0.0,22.0009122118866,22
628.5,21.403812388443,21.8078560837953,21.9965823116423,0.0,22.0009122270334,22
629.0,21.403812388443,21.8078560837953,21.9965823116423,0.0,22.0009122419526,22
629.5,21.403812388443,21.8078560837953,21.9965823116423,0.0,22.0009122566476,22
630.0,21.403812388443,21.8078560837953,21.9965823116423,0.0,22.0009122711218,22
630.5,21.403812388443,21.8078560837953,21.9965823116423,0.0,22.0009122853785,22
631.0,21.403812388443,21.8078560837953,21.9965823116423,0.0,22.000912299421,22
631.5,21.403812388443,21.8078560837953,21.9965823116423,0.0,22.0009123132524,22
632.0,21.403812388443,21.8078560837953,21.9965823116423,0.0,22.000912326876,22
632.5,21.403812388443,21.8078560837953,21.9965823116423,0.0,22.0009123402949,22
633.0,21.403812388443,21.8078560837953,21.9965823116423,0.0,22.0009123535121,22
633.5,21.403812388443,21.8078560837953,21.9965823116423,0.0,22.0009123665308,22
634.0,21.403812388443,21.8078560837953,21.9965823116423,0.0,22.0009123793538,22
634.5,21.403812388443,21.8078560837953,21.9965823116423,0.0,22.0009123919841,22
635.0,21.403812388443,21.8078560837953,21.9965823116423,0.0,22.0009124044246,22
635.5,21.403812388443,21.8078560837953,21.9965823116423,0.0,22.0009124166782,22
636.0,21.403812388443,21.8078560837953,21.9965823116423,0.0,22.0009124287476,22
636.5,21.403812388443,21.8078560837953,21.9965823116423,0.0,22.0009124406357,22
637.0,21.403812388443,21.8078560837953,21.9965823116423,0.0,22.0009124523451,22
637.5,21.403812388443,21.8078560837953,21.9965823116423,0.0,22.0009124638786,22
638.0,21.403812388443,21.8078560837953,21.9965823116423,0.0,22.0009124752388,22
638.5,21.403812388443,21.8078560837953,21.9965823116423,0.0,22.0009124864282,22
639.0,21.403812388443,21.8078560837953,21.9965823116423,0.0,22.0009124974496,22
639.5,21.403812388443,21.8078560837953,21.9965823116423,0.0,22.0009125083053,22
640.0,21.403812388443,21.8078560837953,21.9965823116423,0.0,22.0009125189978,22
640.5,21.403812388443,21.8078560837953,21.9965823116423,0.0,22.0009125295297,22
641.0,21.403812388443,21.8078560837953,21.9965823116423,0.0,22.0009125399034,22
641.5,21.403812388443,21.8078560837953,21.9965823116423,0.0,22.0009125501211,22
642.0,21.403812388443,21.8078560837953,21.9965823116423,0.0,22.0009125601853,22
642.5,21.403812388443,21.8078560837953,21.9965823116423,0.0,22.0009125700983,22
643.0,21.403812388443,21.8078560837953,21.9965823116423,0.0,22.0009125798623,22
643.5,21.403812388443,21.8078560837953,21.9965823116423,0.0,22.0009125894796,22
644.0,21.403812388443,21.8078560837953,21.9965823116423,0.0,22.0009125989523,22
644.5,21.403812388443,21.8078560837953,21.9965823116423,0.0,22.0009126082828,22
645.0,21.403812388443,21.8078560837953,21.9965823116423,0.0,22.000912617473,22
645.5,21.403812388443,21.8078560837953,21.9965823116423,0.0,22.0009126265251,22
646.0,21.403812388443,21.8078560837953,21.9965823116423,0.0,22.0009126354412,22
646.5,21.403812388443,21.8078560837953,21.9965823116423,0.0,22.0009126442233,22
647.0,21.403812388443,21.8078560837953,21.9965823116423,0.0,22.0009126528734,22
647.5,21.403812388443,21.8078560837953,21.9965823116423,0.0,22.0009126613935,22
648.0,21.403812388443,21.8078560837953,21.9965823116423,0.0,22.0009126697857,22
648.5,21.403812388443,21.8078560837953,21.9965823116423,0.0,22.0009126780517,22
649.0,21.403812388443,21.8078560837953,21.9965823116423,0.0,22.0009126861934,22
649.5,21.403812388443,21.8078560837953,21.9965823116423,0.0,22.0009126942129,22
650.0,21.403812388443,21.8078560837953,21.9965823116423,0.0,22.0009127021118,22
650.5,21.403812388443,21.8078560837953,21.9965823116423,0.0,22.0009127098921,22
651.0,21.403812388443,21.8078560837953,21.9965823116423,0.0,22.0009127175554,22
651.5,21.403812388443,21.8078560837953,21.9965823116423,0.0,22.0009127251036,22
652.0,21.403812388443,21.8078560837953,21.9965823116423,0.0,22.0009127325383,22
652.5,21.403812388443,21.8078560837953,21.9965823116423,0.0,22.0009127398613,22
653.0,21.403812388443,21.8078560837953,21.9965823116423,0.0,22.0009127470743,22
653.5,21.403812388443,21.8078560837953,21.9965823116423,0.0,22.0009127541789,22
654.0,21.403812388443,21.8078560837953,21.9965823116423,0.0,22.0009127611767,22
654.5,21.403812388443,21.8078560837953,21.9965823116423,0.0,22.0009127680693,22
655.0,21.403812388443,21.8078560837953,21.9965823116423,0.0,22.0009127748584,22
655.5,21.403812388443,21.8078560837953,21.9965823116423,0.0,22.0009127815455,22
656.0,21.403812388443,21.8078560837953,21.9965823116423,0.0,22.0009127881321,22
656.5,21.403812388443,21.8078560837953,21.9965823116423,0.0,22.0009127946197,22
657.0,21.403812388443,21.8078560837953,21.9965823116423,0.0,22.0009128010098,22
657.5,21.403812388443,21.8078560837953,21.9965823116423,0.0,22.0009128073039,22
658.0,21.403812388443,21.8078560837953,21.9965823116423,0.0,22.0009128135034,22
658.5,21.403812388443,21.8078560837953,21.9965823116423,0.0,22.0009128196097,22
659.0,21.403812388443,21.8078560837953,21.9965823116423,0.0,22.0009128256243,22
659.5,21.403812388443,21.8078560837953,21.9965823116423,0.0,22.0009128315485,22
660.0,21.403812388443,21.8078560837953,21.9965823116423,0.0,22.0009128373837,22
660.5,21.403812388443,21.8078560837953,21.9965823116423,0.0,22.0009128431312,22
661.0,21.403812388443,21.8078560837953,21.9965823116423,0.0,22.0009128487923,22
661.5,21.403812388443,21.8078560837953,21.9965823116423,0.0,22.0009128543683,22
662.0,21.403812388443,21.8078560837953,21.9965823116423,0.0,22.0009128598606,22
662.5,21.403812388443,21.8078560837953,21.9965823116423,0.0,22.0009128652703,22
663.0,21.403812388443,21.8078560837953,21.9965823116423,0.0,22.0009128705988,22
663.5,21.403812388443,21.8078560837953,21.9965823116423,0.0,22.0009128758471,22
664.0,21.403812388443,21.8078560837953,21.9965823116423,0.0,22.0009128810166,22
664.5,21.403812388443,21.8078560837953,21.9965823116423,0.0,22.0009128861084,22
665.0,21.403812388443,21.8078560837953,21.9965823116423,0.0,22.0009128911237,22
665.5,21.403812388443,21.8078560837953,21.9965823116423,0.0,22.0009128960636,22
666.0,21.403812388443,21.8078560837953,21.9965823116423,0.0,22.0009129009293,22
666.5,21.403812388443,21.8078560837953,21.9965823116423,0.0,22.0009129057219,22
667.0,21.403812388443,21.8078560837953,21.9965823116423,0.0,22.0009129104425,22
667.5,21.403812388443,21.8078560837953,21.9965823116423,0.0,22.0009129150921,22
668.0,21.403812388443,21.8078560837953,21.9965823116423,0.0,22.0009129196718,22
668.5,21.403812388443,21.8078560837953,21.9965823116423,0.0,22.0009129241828,22
669.0,21.403812388443,21.8078560837953,21.9965823116423,0.0,22.0009129286259,22
669.5,21.403812388443,21.8078560837953,21.9965823116423,0.0,22.0009129330023,22
670.0,21.403812388443,21.8078560837953,21.9965823116423,0.0,22.0009129373129,22
670.5,21.403812388443,21.8078560837953,21.9965823116423,0.0,22.0009129415587,22
671.0,21.403812388443,21.8078560837953,21.9965823116423,0.0,22.0009129457408,22
671.5,21.403812388443,21.8078560837953,21.9965823116423,0.0,22.00091294986,22
672.0,21.403812388443,21.8078560837953,21.9965823116423,0.0,22.0009129539172,22
672.5,21.403812388443,21.8078560837953,21.9965823116423,0.0,22.0009129579136,22
673.0,21.403812388443,21.8078560837953,21.9965823116423,0.0,22.0009129618498,22
673.5,21.403812388443,21.8078560837953,21.9965823116423,0.0,22.0009129657269,22
674.0,21.403812388443,21.8078560837953,21.9965823116423,0.0,22.0009129695458,22
674.5,21.403812388443,21.8078560837953,21.9965823116423,0.0,22.0009129733072,22
675.0,21.403812388443,21.8078560837953,21.9965823116423,0.0,22.0009129770122,22
675.5,21.403812388443,21.8078560837953,21.9965823116423,0.0,22.0009129806614,22
676.0,21.403812388443,21.8078560837953,21.9965823116423,0.0,22.0009129842559,22
676.5,21.403812388443,21.8078560837953,21.9965823116423,0.0,22.0009129877963,22
677.0,21.403812388443,21.8078560837953,21.9965823116423,0.0,22.0009129912835,22
677.5,21.403812388443,21.8078560837953,21.9965823116423,0.0,22.0009129947183,22
678.0,21.403812388443,21.8078560837953,21.9965823116423,0.0,22.0009129981015,22
678.5,21.403812388443,21.8078560837953,21.9965823116423,0.0,22.0009130014338,22
679.0,21.403812388443,21.8078560837953,21.9965823116423,0.0,22.0009130047161,22
679.5,21.403812388443,21.8078560837953,21.9965823116423,0.0,22.0009130079491,22
680.0,21.403812388443,21.8078560837953,21.9965823116423,0.0,22.0009130111334,22
680.5,21.403812388443,21.8078560837953,21.9965823116423,0.0,22.0009130142699,22
681.0,21.403812388443,21.8078560837953,21.9965823116423,0.0,22.0009130173593,22
681.5,21.403812388443,21.8078560837953,21.9965823116423,0.0,22.0009130204023,22
682.0,21.403812388443,21.8078560837953,21.9965823116423,0.0,22.0009130233995,22
682.5,21.403812388443,21.8078560837953,21.9965823116423,0.0,22.0009130263517,22
683.0,21.403812388443,21.8078560837953,21.9965823116423,0.0,22.0009130292595,22
683.5,21.403812388443,21.8078560837953,21.9965823116423,0.0,22.0009130321236,22
684.0,21.403812388443,21.8078560837953,21.9965823116423,0.0,22.0009130349447,22
684.5,21.403812388443,21.8078560837953,21.9965823116423,0.0,22.0009130377234,22
685.0,21.403812388443,21.8078560837953,21.9965823116423,0.0,22.0009130404604,22
685.5,21.403812388443,21.8078560837953,21.9965823116423,0.0,22.0009130431562,22
686.0,21.403812388443,21.8078560837953,21.9965823116423,0.0,22.0009130458115,22
686.5,21.403812388443,21.8078560837953,21.9965823116423,0.0,22.0009130484269,22
687.0,21.403812388443,21.8078560837953,21.9965823116423,0.0,22.000913051003,22
687.5,21.403812388443,21.8078560837953,21.9965823116423,0.0,22.0009130535403,22
688.0,21.403812388443,21.8078560837953,21.9965823116423,0.0,22.0009130560396,22
688.5,21.403812388443,21.8078560837953,21.9965823116423,0.0,22.0009130585013,22
689.0,21.403812388443,21.8078560837953,21.9965823116423,0.0,22.000913060926,22
689.5,21.403812388443,21.8078560837953,21.9965823116423,0.0,22.0009130633143,22
690.0,21.403812388443,21.8078560837953,21.9965823116423,0.0,22.0009130656666,22
690.5,21.403812388443,21.8078560837953,21.9965823116423,0.0,22.0009130679837,22
691.0,21.403812388443,21.8078560837953,21.9965823116423,0.0,22.0009130702659,22
691.5,21.403812388443,21.8078560837953,21.9965823116423,0.0,22.0009130725138,22
692.0,21.403812388443,21.8078560837953,21.9965823116423,0.0,22.0009130747279,22
692.5,21.403812388443,21.8078560837953,21.9965823116423,0.0,22.0009130769088,22
693.0,21.403812388443,21.8078560837953,21.9965823116423,0.0,22.0009130790569,22
693.5,21.403812388443,21.8078560837953,21.9965823116423,0.0,22.0009130811727,22
694.0,21.403812388443,21.8078560837953,21.9965823116423,0.0,22.0009130832567,22
694.5,21.403812388443,21.8078560837953,21.9965823116423,0.0,22.0009130853094,22
695.0,21.403812388443,21.8078560837953,21.9965823116423,0.0,22.0009130873312,22
695.5,21.403812388443,21.8078560837953,21.9965823116423,0.0,22.0009130893227,22
696.0,21.403812388443,21.8078560837953,21.9965823116423,0.0,22.0009130912843,22
696.5,21.403812388443,21.8078560837953,21.9965823116423,0.0,22.0009130932163,22
697.0,21.403812388443,21.8078560837953,21.9965823116423,0.0,22.0009130951194,22
697.5,21.403812388443,21.8078560837953,21.9965823116423,0.0,22.0009130969938,22
698.0,21.403812388443,21.8078560837953,21.9965823116423,0.0,22.00091309884,22
698.5,21.403812388443,21.8078560837953,21.9965823116423,0.0,22.0009131006586,22
699.0,21.403812388443,21.8078560837953,21.9965823116423,0.0,22.0009131024498,22
699.5,21.403812388443,21.8078560837953,21.9965823116423,0.0,22.000913104214,22
700.0,21.403812388443,21.8078560837953,21.9965823116423,0.0,22.0009131059518,22
700.5,21.403812388443,21.8078560837953,21.9965823116423,0.0,22.0009131076635,22
701.0,21.403812388443,21.8078560837953,21.9965823116423,0.0,22.0009131093494,22
701.5,21.403812388443,21.8078560837953,21.9965823116423,0.0,22.00091311101,22
702.0,21.403812388443,21.8078560837953,21.9965823116423,0.0,22.0009131126456,22
702.5,21.403812388443,21.8078560837953,21.9965823116423,0.0,22.0009131142567,22
703.0,21.403812388443,21.8078560837953,21.9965823116423,0.0,22.0009131158435,22
703.5,21.403812388443,21.8078560837953,21.9965823116423,0.0,22.0009131174065,22
704.0,21.403812388443,21.8078560837953,21.9965823116423,0.0,22.000913118946,22
704.5,21.403812388443,21.8078560837953,21.9965823116423,0.0,22.0009131204624,22
705.0,21.403812388443,21.8078560837953,21.9965823116423,0.0,22.000913121956,22
705.5,21.403812388443,21.8078560837953,21.9965823116423,0.0,22.0009131234272,22
706.0,21.403812388443,21.8078560837953,21.9965823116423,0.0,22.0009131248762,22
706.5,21.403812388443,21.8078560837953,21.9965823116423,0.0,22.0009131263035,22
707.0,21.403812388443,21.8078560837953,21.9965823116423,0.0,22.0009131277093,22
707.5,21.403812388443,21.8078560837953,21.9965823116423,0.0,22.000913129094,22
708.0,21.403812388443,21.8078560837953,21.9965823116423,0.0,22.0009131304579,22
708.5,21.403812388443,21.8078560837953,21.9965823116423,0.0,22.0009131318013,22
709.0,21.403812388443,21.8078560837953,21.9965823116423,0.0,22.0009131331245,22
709.5,21.403812388443,21.8078560837953,21.9965823116423,0.0,22.0009131344278,22
710.0,21.403812388443,21.8078560837953,21.9965823116423,0.0,22.0009131357115,22
710.5,21.403812388443,21.8078560837953,21.9965823116423,0.0,22.000913136976,22
711.0,21.403812388443,21.8078560837953,21.9965823116423,0.0,22.0009131382214,22
711.5,21.403812388443,21.8078560837953,21.9965823116423,0.0,22.0009131394481,22
712.0,21.403812388443,21.8078560837953,21.9965823116423,0.0,22.0009131406564,22
712.5,21.403812388443,21.8078560837953,21.9965823116423,0.0,22.0009131418465,22
713.0,21.403812388443,21.8078560837953,21.9965823116423,0.0,22.0009131430188,22
713.5,21.403812388443,21.8078560837953,21.9965823116423,0.0,22.0009131441734,22
714.0,21.403812388443,21.8078560837953,21.9965823116423,0.0,22.0009131453107,22
714.5,21.403812388443,21.8078560837953,21.9965823116423,0.0,22.0009131464309,22
715.0,21.403812388443,21.8078560837953,21.9965823116423,0.0,22.0009131475343,22
715.5,21.403812388443,21.8078560837953,21.9965823116423,0.0,22.000913148621,22
716.0,21.403812388443,21.8078560837953,21.9965823116423,0.0,22.0009131496915,22
716.5,21.403812388443,21.8078560837953,21.9965823116423,0.0,22.0009131507458,22
717.0,21.403812388443,21.8078560837953,21.9965823116423,0.0,22.0009131517844,22
717.5,21.403812388443,21.8078560837953,21.9965823116423,0.0,22.0009131528073,22
718.0,21.403812388443,21.8078560837953,21.9965823116423,0.0,22.0009131538148,22
718.5,21.403812388443,21.8078560837953,21.9965823116423,0.0,22.0009131548072,22
719.0,21.403812388443,21.8078560837953,21.9965823116423,0.0,22.0009131557847,22
719.5,21.403812388443,21.8078560837953,21.9965823116423,0.0,22.0009131567475,22
720.0,21.403812388443,21.8078560837953,21.9965823116423,0.0,22.0009131576958,22
720.5,21.403812388443,21.8078560837953,21.9965823116423,0.0,22.0009131586299,22
721.0,21.403812388443,21.8078560837953,21.9965823116423,0.0,22.0009131595499,22
721.5,21.403812388443,21.8078560837953,21.9965823116423,0.0,22.0009131604561,22
722.0,21.403812388443,21.8078560837953,21.9965823116423,0.0,22.0009131613487,22
722.5,21.403812388443,21.8078560837953,21.9965823116423,0.0,22.0009131622279,22
723.0,21.403812388443,21.8078560837953,21.9965823116423,0.0,22.0009131630939,22
723.5,21.403812388443,21.8078560837953,21.9965823116423,0.0,22.0009131639468,22
724.0,21.403812388443,21.8078560837953,21.9965823116423,0.0,22.000913164787,22
724.5,21.403812388443,21.8078560837953,21.9965823116423,0.0,22.0009131656145,22
725.0,21.403812388443,21.8078560837953,21.9965823116423,0.0,22.0009131664296,22
725.5,21.403812388443,21.8078560837953,21.9965823116423,0.0,22.0009131672324,22
726.0,21.403812388443,21.8078560837953,21.9965823116423,0.0,22.0009131680232,22
726.5,21.403812388443,21.8078560837953,21.9965823116423,0.0,22.0009131688021,22
727.0,21.403812388443,21.8078560837953,21.9965823116423,0.0,22.0009131695692,22
727.5,21.403812388443,21.8078560837953,21.9965823116423,0.0,22.0009131703249,22
728.0,21.403812388443,21.8078560837953,21.9965823116423,0.0,22.0009131710692,22
728.5,21.403812388443,21.8078560837953,21.9965823116423,0.0,22.0009131718023,22
729.0,21.403812388443,21.8078560837953,21.9965823116423,0.0,22.0009131725244,22
729.5,21.403812388443,21.8078560837953,21.9965823116423,0.0,22.0009131732356,22
730.0,21.403812388443,21.8078560837953,21.9965823116423,0.0,22.0009131739362,22
730.5,21.403812388443,21.8078560837953,21.9965823116423,0.0,22.0009131746262,22
731.0,21.403812388443,21.8078560837953,21.9965823116423,0.0,22.0009131753059,22
731.5,21.403812388443,21.8078560837953,21.9965823116423,0.0,22.0009131759753,22
732.0,21.403812388443,21.8078560837953,21.9965823116423,0.0,22.0009131766347,22
732.5,21.403812388443,21.8078560837953,21.9965823116423,0.0,22.0009131772842,22
733.0,21.403812388443,21.8078560837953,21.9965823116423,0.0,22.0009131779239,22
733.5,21.403812388443,21.8078560837953,21.9965823116423,0.0,22.000913178554,22
734.0,21.403812388443,21.8078560837953,21.9965823116423,0.0,22.0009131791746,22
734.5,21.403812388443,21.8078560837953,21.9965823116423,0.0,22.0009131797859,22
735.0,21.403812388443,21.8078560837953,21.9965823116423,0.0,22.000913180388,22
735.5,21.403812388443,21.8078560837953,21.9965823116423,0.0,22.0009131809811,22
736.0,21.403812388443,21.8078560837953,21.9965823116423,0.0,22.0009131815653,22
736.5,21.403812388443,21.8078560837953,21.9965823116423,0.0,22.0009131821406,22
737.0,21.403812388443,21.8078560837953,21.9965823116423,0.0,22.0009131827074,22
737.5,21.403812388443,21.8078560837953,21.9965823116423,0.0,22.0009131832656,22
738.0,21.403812388443,21.8078560837953,21.9965823116423,0.0,22.0009131838154,22
738.5,21.403812388443,21.8078560837953,21.9965823116423,0.0,22.000913184357,22
739.0,21.403812388443,21.8078560837953,21.9965823116423,0.0,22.0009131848904,22
739.5,21.403812388443,21.8078560837953,21.9965823116423,0.0,22.0009131854158,22
740.0,21.403812388443,21.8078560837953,21.9965823116423,0.0,22.0009131859334,22
740.5,21.403812388443,21.8078560837953,21.9965823116423,0.0,22.0009131864431,22
741.0,21.403812388443,21.8078560837953,21.9965823116423,0.0,22.0009131869452,22
741.5,21.403812388443,21.8078560837953,21.9965823116423,0.0,22.0009131874397,22
742.0,21.403812388443,21.8078560837953,21.9965823116423,0.0,22.0009131879268,22
742.5,21.403812388443,21.8078560837953,21.9965823116423,0.0,22.0009131884066,22
743.0,21.403812388443,21.8078560837953,21.9965823116423,0.0,22.0009131888792,22
743.5,21.403812388443,21.8078560837953,21.9965823116423,0.0,22.0009131893447,22
744.0,21.403812388443,21.8078560837953,21.9965823116423,0.0,22.0009131898031,22
744.5,21.403812388443,21.8078560837953,21.9965823116423,0.0,22.0009131902547,22
745.0,21.403812388443,21.8078560837953,21.9965823116423,0.0,22.0009131906995,22
745.5,21.403812388443,21.8078560837953,21.9965823116423,0.0,22.0009131911376,22
746.0,21.403812388443,21.8078560837953,21.9965823116423,0.0,22.0009131915692,22
746.5,21.403812388443,21.8078560837953,21.9965823116423,0.0,22.0009131919942,22
747.0,21.403812388443,21.8078560837953,21.9965823116423,0.0,22.0009131924129,22
747.5,21.403812388443,21.8078560837953,21.9965823116423,0.0,22.0009131928253,22
748.0,21.403812388443,21.8078560837953,21.9965823116423,0.0,22.0009131932314,22
748.5,21.403812388443,21.8078560837953,21.9965823116423,0.0,22.0009131936315,22
749.0,21.403812388443,21.8078560837953,21.9965823116423,0.0,22.0009131940256,22
749.5,21.403812388443,21.8078560837953,21.9965823116423,0.0,22.0009131944137,22
750.0,21.403812388443,21.8078560837953,21.9965823116423,0.0,22.000913194796,22
750.5,21.403812388443,21.8078560837953,21.9965823116423,0.0,22.0009131951726,22
751.0,21.403812388443,21.8078560837953,21.9965823116423,0.0,22.0009131955435,22
751.5,21.403812388443,21.8078560837953,21.9965823116423,0.0,22.0009131959088,22
752.0,21.403812388443,21.8078560837953,21.9965823116423,0.0,22.0009131962686,22
752.5,21.403812388443,21.8078560837953,21.9965823116423,0.0,22.000913196623,22
753.0,21.403812388443,21.8078560837953,21.9965823116423,0.0,22.0009131969721,22
753.5,21.403812388443,21.8078560837953,21.9965823116423,0.0,22.000913197316,22
754.0,21.403812388443,21.8078560837953,21.9965823116423,0.0,22.0009131976547,22
754.5,21.403812388443,21.8078560837953,21.9965823116423,0.0,22.0009131979883,22
755.0,21.403812388443,21.8078560837953,21.9965823116423,0.0,22.0009131983169,22
755.5,21.403812388443,21.8078560837953,21.9965823116423,0.0,22.0009131986405,22
756.0,21.403812388443,21.8078560837953,21.9965823116423,0.0,22.0009131989593,22
756.5,21.403812388443,21.8078560837953,21.9965823116423,0.0,22.0009131992733,22
757.0,21.403812388443,21.8078560837953,21.9965823116423,0.0,22.0009131995826,22
757.5,21.403812388443,21.8078560837953,21.9965823116423,0.0,22.0009131998872,22
758.0,21.403812388443,21.8078560837953,21.9965823116423,0.0,22.0009132001873,22
758.5,21.403812388443,21.8078560837953,21.9965823116423,0.0,22.0009132004828,22
759.0,21.403812388443,21.8078560837953,21.9965823116423,0.0,22.0009132007739,22
759.5,21.403812388443,21.8078560837953,21.9965823116423,0.0,22.0009132010606,22
760.0,21.403812388443,21.8078560837953,21.9965823116423,0.0,22.000913201343,22
760.5,21.403812388443,21.8078560837953,21.9965823116423,0.0,22.0009132016212,22
761.0,21.403812388443,21.8078560837953,21.9965823116423,0.0,22.0009132018952,22
761.5,21.403812388443,21.8078560837953,21.9965823116423,0.0,22.0009132021651,22
762.0,21.403812388443,21.8078560837953,21.9965823116423,0.0,22.0009132024309,22
762.5,21.403812388443,21.8078560837953,21.9965823116423,0.0,22.0009132026927,22
763.0,21.403812388443,21.8078560837953,21.9965823116423,0.0,22.0009132029506,22
763.5,21.403812388443,21.8078560837953,21.9965823116423,0.0,22.0009132032046,22
764.0,21.403812388443,21.8078560837953,21.9965823116423,0.0,22.0009132034548,22
764.5,21.403812388443,21.8078560837953,21.9965823116423,0.0,22.0009132037013,22
765.0,21.403812388443,21.8078560837953,21.9965823116423,0.0,22.000913203944,22
765.5,21.403812388443,21.8078560837953,21.9965823116423,0.0,22.0009132041831,22
766.0,21.403812388443,21.8078560837953,21.9965823116423,0.0,22.0009132044186,22
766.5,21.403812388443,21.8078560837953,21.9965823116423,0.0,22.0009132046506,22
767.0,21.403812388443,21.8078560837953,21.9965823116423,0.0,22.000913204879,22
767.5,21.403812388443,21.8078560837953,21.9965823116423,0.0,22.0009132051041,22
768.0,21.403812388443,21.8078560837953,21.9965823116423,0.0,22.0009132053257,22
768.5,21.403812388443,21.8078560837953,21.9965823116423,0.0,22.000913205544,22
769.0,21.403812388443,21.8078560837953,21.9965823116423,0.0,22.0009132057591,22
769.5,21.403812388443,21.8078560837953,21.9965823116423,0.0,22.0009132059709,22
770.0,21.403812388443,21.8078560837953,21.9965823116423,0.0,22.0009132061795,22
770.5,21.403812388443,21.8078560837953,21.9965823116423,0.0,22.000913206385,22
771.0,21.403812388443,21.8078560837953,21.9965823116423,0.0,22.0009132065874,22
771.5,21.403812388443,21.8078560837953,21.9965823116423,0.0,22.0009132067868,22
772.0,21.403812388443,21.8078560837953,21.9965823116423,0.0,22.0009132069832,22
772.5,21.403812388443,21.8078560837953,21.9965823116423,0.0,22.0009132071766,22
773.0,21.403812388443,21.8078560837953,21.9965823116423,0.0,22.0009132073671,22
773.5,21.403812388443,21.8078560837953,21.9965823116423,0.0,22.0009132075547,22
774.0,21.403812388443,21.8078560837953,21.9965823116423,0.0,22.0009132077396,22
774.5,21.403812388443,21.8078560837953,21.9965823116423,0.0,22.0009132079216,22
775.0,21.403812388443,21.8078560837953,21.9965823116423,0.0,22.0009132081009,22
775.5,21.403812388443,21.8078560837953,21.9965823116423,0.0,22.0009132082776,22
776.0,21.403812388443,21.8078560837953,21.9965823116423,0.0,22.0009132084515,22
776.5,21.403812388443,21.8078560837953,21.9965823116423,0.0,22.0009132086229,22
777.0,21.403812388443,21.8078560837953,21.9965823116423,0.0,22.0009132087916,22
777.5,21.403812388443,21.8078560837953,21.9965823116423,0.0,22.0009132089579,22
778.0,21.403812388443,21.8078560837953,21.9965823116423,0.0,22.0009132091216,22
778.5,21.403812388443,21.8078560837953,21.9965823116423,0.0,22.0009132092829,22
779.0,21.403812388443,21.8078560837953,21.9965823116423,0.0,22.0009132094418,22
779.5,21.403812388443,21.8078560837953,21.9965823116423,0.0,22.0009132095982,22
780.0,21.403812388443,21.8078560837953,21.9965823116423,0.0,22.0009132097524,22
780.5,21.403812388443,21.8078560837953,21.9965823116423,0.0,22.0009132099042,22
781.0,21.403812388443,21.8078560837953,21.9965823116423,0.0,22.0009132100537,22
781.5,21.403812388443,21.8078560837953,21.9965823116423,0.0,22.000913210201,22
782.0,21.403812388443,21.8078560837953,21.9965823116423,0.0,22.000913210346,22
782.5,21.403812388443,21.8078560837953,21.9965823116423,0.0,22.0009132104889,22
783.0,21.403812388443,21.8078560837953,21.9965823116423,0.0,22.0009132106296,22
783.5,21.403812388443,21.8078560837953,21.9965823116423,0.0,22.0009132107683,22
784.0,21.403812388443,21.8078560837953,21.9965823116423,0.0,22.0009132109048,22
784.5,21.403812388443,21.8078560837953,21.9965823116423,0.0,22.0009132110393,22
785.0,21.403812388443,21.8078560837953,21.9965823116423,0.0,22.0009132111717,22
785.5,21.403812388443,21.8078560837953,21.9965823116423,0.0,22.0009132113022,22
786.0,21.403812388443,21.8078560837953,21.9965823116423,0.0,22.0009132114307,22
786.5,21.403812388443,21.8078560837953,21.9965823116423,0.0,22.0009132115573,22
787.0,21.403812388443,21.8078560837953,21.9965823116423,0.0,22.000913211682,22
787.5,21.403812388443,21.8078560837953,21.9965823116423,0.0,22.0009132118048,22
788.0,21.403812388443,21.8078560837953,21.9965823116423,0.0,22.0009132119258,22
788.5,21.403812388443,21.8078560837953,21.9965823116423,0.0,22.0009132120449,22
789.0,21.403812388443,21.8078560837953,21.9965823116423,0.0,22.0009132121623,22
789.5,21.403812388443,21.8078560837953,21.9965823116423,0.0,22.0009132122779,22
790.0,21.403812388443,21.8078560837953,21.9965823116423,0.0,22.0009132123917,22
790.5,21.403812388443,21.8078560837953,21.9965823116423,0.0,22.0009132125038,22
791.0,21.403812388443,21.8078560837953,21.9965823116423,0.0,22.0009132126143,22
791.5,21.403812388443,21.8078560837953,21.9965823116423,0.0,22.0009132127231,22
792.0,21.403812388443,21.8078560837953,21.9965823116423,0.0,22.0009132128303,22
792.5,21.403812388443,21.8078560837953,21.9965823116423,0.0,22.0009132129358,22
793.0,21.403812388443,21.8078560837953,21.9965823116423,0.0,22.0009132130398,22
793.5,21.403812388443,21.8078560837953,21.9965823116423,0.0,22.0009132131422,22
794.0,21.403812388443,21.8078560837953,21.9965823116423,0.0,22.000913213243,22
794.5,21.403812388443,21.8078560837953,21.9965823116423,0.0,22.0009132133424,22
795.0,21.403812388443,21.8078560837953,21.9965823116423,0.0,22.0009132134402,22
795.5,21.403812388443,21.8078560837953,21.9965823116423,0.0,22.0009132135366,22
796.0,21.403812388443,21.8078560837953,21.9965823116423,0.0,22.0009132136316,22
796.5,21.403812388443,21.8078560837953,21.9965823116423,0.0,22.0009132137251,22
797.0,21.403812388443,21.8078560837953,21.9965823116423,0.0,22.0009132138172,22
797.5,21.403812388443,21.8078560837953,21.9965823116423,0.0,22.0009132139079,22
798.0,21.403812388443,21.8078560837953,21.9965823116423,0.0,22.0009132139973,22
798.5,21.403812388443,21.8078560837953,21.9965823116423,0.0,22.0009132140853,22
799.0,21.403812388443,21.8078560837953,21.9965823116423,0.0,22.000913214172,22
799.5,21.403812388443,21.8078560837953,21.9965823116423,0.0,22.0009132142574,22
800.0,21.403812388443,21.8078560837953,21.9965823116423,0.0,22.0009132143415,22
800.5,21.403812388443,21.8078560837953,21.9965823116423,0.0,22.0009132144243,22
801.0,21.403812388443,21.8078560837953,21.9965823116423,0.0,22.0009132145059,22
801.5,21.403812388443,21.8078560837953,21.9965823116423,0.0,22.0009132145863,22
802.0,21.403812388443,21.8078560837953,21.9965823116423,0.0,22.0009132146654,22
802.5,21.403812388443,21.8078560837953,21.9965823116423,0.0,22.0009132147434,22
803.0,21.403812388443,21.8078560837953,21.9965823116423,0.0,22.0009132148202,22
803.5,21.403812388443,21.8078560837953,21.9965823116423,0.0,22.0009132148959,22
804.0,21.403812388443,21.8078560837953,21.9965823116423,0.0,22.0009132149704,22
804.5,21.403812388443,21.8078560837953,21.9965823116423,0.0,22.0009132150438,22
805.0,21.403812388443,21.8078560837953,21.9965823116423,0.0,22.000913215116,22
805.5,21.403812388443,21.8078560837953,21.9965823116423,0.0,22.0009132151872,22
806.0,21.403812388443,21.8078560837953,21.9965823116423,0.0,22.0009132152574,22
806.5,21.403812388443,21.8078560837953,21.9965823116423,0.0,22.0009132153265,22
807.0,21.403812388443,21.8078560837953,21.9965823116423,0.0,22.0009132153945,22
807.5,21.403812388443,21.8078560837953,21.9965823116423,0.0,22.0009132154615,22
808.0,21.403812388443,21.8078560837953,21.9965823116423,0.0,22.0009132155275,22
808.5,21.403812388443,21.8078560837953,21.9965823116423,0.0,22.0009132155925,22
809.0,21.403812388443,21.8078560837953,21.9965823116423,0.0,22.0009132156566,22
809.5,21.403812388443,21.8078560837953,21.9965823116423,0.0,22.0009132157197,22
810.0,21.403812388443,21.8078560837953,21.9965823116423,0.0,22.0009132157818,22
810.5,21.403812388443,21.8078560837953,21.9965823116423,0.0,22.000913215843,22
811.0,21.403812388443,21.8078560837953,21.9965823116423,0.0,22.0009132159033,22
811.5,21.403812388443,21.8078560837953,21.9965823116423,0.0,22.0009132159626,22
812.0,21.403812388443,21.8078560837953,21.9965823116423,0.0,22.0009132160211,22
812.5,21.403812388443,21.8078560837953,21.9965823116423,0.0,22.0009132160787,22
813.0,21.403812388443,21.8078560837953,21.9965823116423,0.0,22.0009132161355,22
813.5,21.403812388443,21.8078560837953,21.9965823116423,0.0,22.0009132161913,22
814.0,21.403812388443,21.8078560837953,21.9965823116423,0.0,22.0009132162464,22
814.5,21.403812388443,21.8078560837953,21.9965823116423,0.0,22.0009132163006,22
815.0,21.403812388443,21.8078560837953,21.9965823116423,0.0,22.000913216354,22
815.5,21.403812388443,21.8078560837953,21.9965823116423,0.0,22.0009132164066,22
816.0,21.403812388443,21.8078560837953,21.9965823116423,0.0,22.0009132164584,22
816.5,21.403812388443,21.8078560837953,21.9965823116423,0.0,22.0009132165094,22
817.0,21.403812388443,21.8078560837953,21.9965823116423,0.0,22.0009132165597,22
817.5,21.403812388443,21.8078560837953,21.9965823116423,0.0,22.0009132166092,22
818.0,21.403812388443,21.8078560837953,21.9965823116423,0.0,22.000913216658,22
818.5,21.403812388443,21.8078560837953,21.9965823116423,0.0,22.000913216706,22
819.0,21.403812388443,21.8078560837953,21.9965823116423,0.0,22.0009132167533,22
819.5,21.403812388443,21.8078560837953,21.9965823116423,0.0,22.0009132167999,22
820.0,21.403812388443,21.8078560837953,21.9965823116423,0.0,22.0009132168458,22
820.5,21.403812388443,21.8078560837953,21.9965823116423,0.0,22.000913216891,22
821.0,21.403812388443,21.8078560837953,21.9965823116423,0.0,22.0009132169355,22
821.5,21.403812388443,21.8078560837953,21.9965823116423,0.0,22.0009132169794,22
822.0,21.403812388443,21.8078560837953,21.9965823116423,0.0,22.0009132170226,22
822.5,21.403812388443,21.8078560837953,21.9965823116423,0.0,22.0009132170652,22
823.0,21.403812388443,21.8078560837953,21.9965823116423,0.0,22.0009132171071,22
823.5,21.403812388443,21.8078560837953,21.9965823116423,0.0,22.0009132171483,22
824.0,21.403812388443,21.8078560837953,21.9965823116423,0.0,22.000913217189,22
824.5,21.403812388443,21.8078560837953,21.9965823116423,0.0,22.0009132172291,22
825.0,21.403812388443,21.8078560837953,21.9965823116423,0.0,22.0009132172685,22
825.5,21.403812388443,21.8078560837953,21.9965823116423,0.0,22.0009132173074,22
826.0,21.403812388443,21.8078560837953,21.9965823116423,0.0,22.0009132173456,22
826.5,21.403812388443,21.8078560837953,21.9965823116423,0.0,22.0009132173833,22
827.0,21.403812388443,21.8078560837953,21.9965823116423,0.0,22.0009132174205,22
827.5,21.403812388443,21.8078560837953,21.9965823116423,0.0,22.000913217457,22
828.0,21.403812388443,21.8078560837953,21.9965823116423,0.0,22.0009132174931,22
828.5,21.403812388443,21.8078560837953,21.9965823116423,0.0,22.0009132175285,22
829.0,21.403812388443,21.8078560837953,21.9965823116423,0.0,22.0009132175635,22
829.5,21.403812388443,21.8078560837953,21.9965823116423,0.0,22.0009132175979,22
830.0,21.403812388443,21.8078560837953,21.9965823116423,0.0,22.0009132176318,22
830.5,21.403812388443,21.8078560837953,21.9965823116423,0.0,22.0009132176652,22
831.0,21.403812388443,21.8078560837953,21.9965823116423,0.0,22.0009132176981,22
831.5,21.403812388443,21.8078560837953,21.9965823116423,0.0,22.0009132177305,22
832.0,21.403812388443,21.8078560837953,21.9965823116423,0.0,22.0009132177624,22
832.5,21.403812388443,21.8078560837953,21.9965823116423,0.0,22.0009132177939,22
833.0,21.403812388443,21.8078560837953,21.9965823116423,0.0,22.0009132178248,22
833.5,21.403812388443,21.8078560837953,21.9965823116423,0.0,22.0009132178553,22
834.0,21.403812388443,21.8078560837953,21.9965823116423,0.0,22.0009132178853,22
834.5,21.403812388443,21.8078560837953,21.9965823116423,0.0,22.0009132179149,22
835.0,21.403812388443,21.8078560837953,21.9965823116423,0.2,22.0009132179441,22
835.5,21.403812388443,21.8078560837953,21.9965823116423,0.2,22.0009132179728,22
836.0,21.4307339027563,21.8348099421657,21.9965823116423,0.2,22.0009132180011,22
836.5,21.4576574376875,21.8348099421657,21.9965823116423,0.2,22.0016487726971,22
837.0,21.4576574376875,21.8617661119521,21.9965823116423,0.2,22.0023605039771,22
837.5,21.4845830126045,21.8617661119521,21.9965823116423,0.2,22.0037848215876,22
838.0,21.4845830126045,21.8887246125657,21.9965823116423,0.2,22.0051625412914,22
838.5,21.5115106468774,21.8887246125657,21.9965823116423,0.2,22.0072309084396,22
839.0,21.5384403598786,21.9156854634213,22.0235527576872,0.2,22.0092314186168,22
839.5,21.5384403598786,21.9426486839372,22.0235527576872,0.2,22.0119026244709,22
840.0,21.5653721709833,21.9426486839372,22.0235527576872,0.2,22.0152219040046,22
840.5,21.5653721709833,21.9696142935356,22.0235527576872,0.2,22.0184320661921,22
841.0,21.5923060995692,21.9696142935356,22.0235527576872,0.2,22.0222726674614,22
841.5,21.6192421650163,21.9965823116423,22.0235527576872,0.2,22.0259870475142,22
842.0,21.6192421650163,21.9965823116423,22.0235527576872,0.2,22.0303159294176,22
842.5,21.6461803867076,22.0235527576872,22.0235527576872,0.2,22.0345031091498,22
843.0,21.6461803867076,22.0235527576872,22.0235527576872,0.2,22.0392893762867,22
843.5,21.673120784029,22.0505256511042,22.0505256511042,0.2,22.043918980678,22
844.0,21.673120784029,22.0775010113308,22.0505256511042,0.2,22.0491332832146,22
844.5,21.7000633763691,22.0775010113308,22.0505256511042,0.2,22.0549125700945,22
845.0,21.7000633763691,22.1044788578092,22.0505256511042,0.2,22.0605021252428,22
845.5,21.7270081831194,22.1044788578092,22.0505256511042,0.2,22.0666445601739,22
846.0,21.7270081831194,22.1314592099854,22.0505256511042,0.2,22.072585497649,22
846.5,21.7539552236748,22.1314592099854,22.0505256511042,0.2,22.0790680126034,22
847.0,21.7539552236748,22.1584420873099,22.0775010113308,0.2,22.0853380387144,22
847.5,21.7809045174332,22.1584420873099,22.0775010113308,0.2,22.0921390884385,22
848.0,21.8078560837953,22.1854275092376,22.0775010113308,0.2,22.0987173802995,22
848.5,21.8078560837953,22.1854275092376,22.0775010113308,0.2,22.1058173636968,22
849.0,21.8078560837953,22.2124154952277,22.0775010113308,0.2,22.1126854839067,22
849.5,21.8348099421657,22.2124154952277,22.1044788578092,0.2,22.1200655187675,22
850.0,21.8348099421657,22.2394060647441,22.1044788578092,0.2,22.1272041869401,22
850.5,21.8617661119521,22.2394060647441,22.1044788578092,0.2,22.1348461771261,22
851.0,21.8617661119521,22.2663992372551,22.1044788578092,0.2,22.1422384243859,22
851.5,21.8887246125657,22.2663992372551,22.1314592099854,0.2,22.1501259679196,22
852.0,21.8887246125657,22.2933950322341,22.1314592099854,0.2,22.157755939356,22
852.5,21.9156854634213,22.2933950322341,22.1314592099854,0.2,22.1658737103062,22
853.0,21.9156854634213,22.3203934691591,22.1314592099854,0.2,22.1737265904386,22
853.5,21.9156854634213,22.3203934691591,22.1314592099854,0.2,22.1820602669454,22
854.0,21.9426486839372,22.3473945675127,22.1584420873099,0.2,22.1901216864593,22
854.5,21.9426486839372,22.3473945675127,22.1584420873099,0.2,22.1986568698598,22
855.0,21.9696142935356,22.3473945675127,22.1584420873099,0.2,22.2069134474982,22
855.5,21.9696142935356,22.3743983467828,22.1584420873099,0.2,22.2149013306836,22
856.0,21.9696142935356,22.3743983467828,22.1854275092376,0.2,22.2233664690594,22
856.5,21.9965823116423,22.4014048264622,22.1854275092376,0.2,22.2315557714016,22
857.0,21.9965823116423,22.4014048264622,22.1854275092376,0.2,22.240215514774,22
857.5,21.9965823116423,22.4284140260491,22.1854275092376,0.2,22.2485932835778,22
858.0,22.0235527576872,22.4284140260491,22.2124154952277,0.2,22.2574351086811,22
858.5,22.0235527576872,22.4554259650463,22.2124154952277,0.2,22.2659887281504,22
859.0,22.0235527576872,22.4554259650463,22.2124154952277,0.2,22.2750009769171,22
859.5,22.0505256511042,22.4554259650463,22.2124154952277,0.2,22.2837191735424,22
860.0,22.0505256511042,22.4824406629627,22.2394060647441,0.2,22.2921537468098,22
860.5,22.0505256511042,22.4824406629627,22.2394060647441,0.2,22.3010514439766,22
861.0,22.0775010113308,22.5094581393118,22.2394060647441,0.2,22.3096593485131,22
861.5,22.0775010113308,22.5094581393118,22.2394060647441,0.2,22.318724504161,22
862.0,22.0775010113308,22.5094581393118,22.2663992372551,0.2,22.3274946360204,22
862.5,22.0775010113308,22.5364784136131,22.2663992372551,0.2,22.3359796698981,22
863.0,22.1044788578092,22.5364784136131,22.2663992372551,0.2,22.3449260353749,22
863.5,22.1044788578092,22.5364784136131,22.2933950322341,0.2,22.3535812517952,22
864.0,22.1044788578092,22.5635015053912,22.2933950322341,0.2,22.3619556295281,22
864.5,22.1044788578092,22.5635015053912,22.2933950322341,0.2,22.3707955235762,22
865.0,22.1044788578092,22.5905274341769,22.2933950322341,0.2,22.3793477036374,22
865.5,22.1314592099854,22.5905274341769,22.3203934691591,0.2,22.3883588459775,22
866.0,22.1314592099854,22.5905274341769,22.3203934691591,0.2,22.3970763997646,22
866.5,22.1314592099854,22.6175562195061,22.3203934691591,0.2,22.4055107618052,22
867.0,22.1314592099854,22.6175562195061,22.3203934691591,0.2,22.4144085257663,22
867.5,22.1314592099854,22.6175562195061,22.3473945675127,0.2,22.423016381244,22
868.0,22.1584420873099,22.6445878809208,22.3473945675127,0.2,22.4313440853441,22
868.5,22.1584420873099,22.6445878809208,22.3473945675127,0.2,22.4401387393899,22
869.0,22.1584420873099,22.6445878809208,22.3473945675127,0.2,22.4486473504422,22
869.5,22.1584420873099,22.6445878809208,22.3743983467828,0.2,22.4568795377417,22
870.0,22.1584420873099,22.6716224379688,22.3743983467828,0.2,22.4648445920177,22
870.5,22.1584420873099,22.6716224379688,22.3743983467828,0.2,22.4732887191547,22
871.0,22.1584420873099,22.6716224379688,22.3743983467828,0.2,22.4814579194705,22
871.5,22.1584420873099,22.6986599102041,22.4014048264622,0.2,22.4893614418832,22
872.0,22.1584420873099,22.6986599102041,22.4014048264622,0.2,22.497745531295,22
872.5,22.1584420873099,22.6986599102041,22.4014048264622,0.2,22.5058560665904,22
873.0,22.1584420873099,22.6986599102041,22.4014048264622,0.2,22.5137022588304,22
873.5,22.1584420873099,22.7257003171863,22.4284140260491,0.2,22.521293004389,22
874.0,22.1854275092376,22.7257003171863,22.4284140260491,0.2,22.5293742876714,22
874.5,22.1854275092376,22.7257003171863,22.4284140260491,0.2,22.5371921000379,22
875.0,22.1854275092376,22.7257003171863,22.4284140260491,0.2,22.5447558253244,22
875.5,22.1854275092376,22.7527436784814,22.4284140260491,0.2,22.552074003827,22
876.0,22.1854275092376,22.7527436784814,22.4554259650463,0.2,22.5598923567521,22
876.5,22.1854275092376,22.7527436784814,22.4554259650463,0.2,22.5674559360512,22
877.0,22.1854275092376,22.7527436784814,22.4554259650463,0.2,22.5747733148616,22
877.5,22.1854275092376,22.7797900136615,22.4554259650463,0.2,22.581852773527,22
878.0,22.1854275092376,22.7797900136615,22.4824406629627,0.2,22.5894398632237,22
878.5,22.1854275092376,22.7797900136615,22.4824406629627,0.2,22.5967793094005,22
879.0,22.1854275092376,22.7797900136615,22.4824406629627,0.2,22.6038794509118,22
879.5,22.1854275092376,22.7797900136615,22.4824406629627,0.2,22.6107483417604,22
880.0,22.1854275092376,22.7797900136615,22.4824406629627,0.2,22.6173937608898,22
880.5,22.1854275092376,22.8068393423052,22.5094581393118,0.2,22.6238232216391,22
881.0,22.1584420873099,22.8068393423052,22.5094581393118,0.2,22.6307816160652,22
881.5,22.1584420873099,22.8068393423052,22.5094581393118,0.2,22.6375123455738,22
882.0,22.1584420873099,22.8068393423052,22.5094581393118,0.2,22.6440225677897,22
882.5,22.1584420873099,22.8068393423052,22.5094581393118,0.2,22.6503197187819,22
883.0,22.1584420873099,22.8068393423052,22.5364784136131,0.2,22.6564109805037,22
883.5,22.1584420873099,22.8338916839971,22.5364784136131,0.2,22.6623032895283,22
884.0,22.1584420873099,22.8338916839971,22.5364784136131,0.2,22.6687410628409,22
884.5,22.1584420873099,22.8338916839971,22.5364784136131,0.2,22.6749676026598,22
885.0,22.1584420873099,22.8338916839971,22.5364784136131,0.2,22.6809900369389,22
885.5,22.1584420873099,22.8338916839971,22.5635015053912,0.2,22.6868152499916,22
886.0,22.1584420873099,22.8338916839971,22.5635015053912,0.2,22.6924498908664,22
886.5,22.1314592099854,22.8338916839971,22.5635015053912,0.2,22.6979003814338,22
887.0,22.1314592099854,22.8609470583286,22.5635015053912,0.2,22.7031724000521,22
887.5,22.1314592099854,22.8609470583286,22.5635015053912,0.2,22.7090092470958,22
888.0,22.1314592099854,22.8609470583286,22.5635015053912,0.2,22.7146535037861,22
888.5,22.1314592099854,22.8609470583286,22.5905274341769,0.2,22.7201116842758,22
889.0,22.1314592099854,22.8609470583286,22.5905274341769,0.2,22.7253900798784,22
889.5,22.1314592099854,22.8609470583286,22.5905274341769,0.2,22.7304947667294,22
890.0,22.1044788578092,22.8609470583286,22.5905274341769,0.2,22.7354316131838,22
890.5,22.1044788578092,22.8609470583286,22.5905274341769,0.2,22.7402057628648,22
891.0,22.1044788578092,22.8609470583286,22.5905274341769,0.2,22.7448221994397,22
891.5,22.1044788578092,22.8609470583286,22.6175562195061,0.2,22.7492862590581,22
892.0,22.1044788578092,22.8609470583286,22.6175562195061,0.2,22.7536030953442,22
892.5,22.1044788578092,22.8609470583286,22.6175562195061,0.2,22.7577776856703,22
893.0,22.0775010113308,22.8880054848975,22.6175562195061,0.2,22.7618148372146,22
893.5,22.0775010113308,22.8880054848975,22.6175562195061,0.2,22.7664565520579,22
894.0,22.0775010113308,22.8880054848975,22.6175562195061,0.2,22.770943483807,22
894.5,22.0775010113308,22.8880054848975,22.6175562195061,0.2,22.7752808908709,22
895.0,22.0775010113308,22.8880054848975,22.6175562195061,0.2,22.7794738515073,22
895.5,22.0505256511042,22.8880054848975,22.6445878809208,0.2,22.7835272700173,22
896.0,22.0505256511042,22.8880054848975,22.6445878809208,0.2,22.7874453587305,22
896.5,22.0505256511042,22.8880054848975,22.6445878809208,0.2,22.7912322015569,22
897.0,22.0505256511042,22.8880054848975,22.6445878809208,0.2,22.7948922652492,22
897.5,22.0235527576872,22.8880054848975,22.6445878809208,0.2,22.7984298634505,22
898.0,22.0235527576872,22.8880054848975,22.6445878809208,0.2,22.801848638011,22
898.5,22.0235527576872,22.8880054848975,22.6445878809208,0.2,22.8051521217955,22
899.0,22.0235527576872,22.8880054848975,22.6445878809208,0.2,22.8083442492329,22
899.5,22.0235527576872,22.8880054848975,22.6445878809208,0.2,22.8114288197677,22
900.0,21.9965823116423,22.8880054848975,22.6716224379688,0.2,22.8144095025021,22
900.5,21.9965823116423,22.8880054848975,22.6716224379688,0.2,22.8172893167772,22
901.0,21.9965823116423,22.8880054848975,22.6716224379688,0.2,22.8200711941756,22
901.5,21.9965823116423,22.8880054848975,22.6716224379688,0.2,22.822758488294,22
902.0,21.9696142935356,22.8880054848975,22.6716224379688,0.2,22.8253544375402,22
902.5,21.9696142935356,22.8880054848975,22.6716224379688,0.2,22.8278616452413,22
903.0,21.9696142935356,22.8880054848975,22.6716224379688,0.2,22.8302826410927,22
903.5,21.9426486839372,22.8880054848975,22.6716224379688,0.2,22.8326203904014,22
904.0,21.9426486839372,22.8880054848975,22.6716224379688,0.2,22.8348772326557,22
904.5,21.9426486839372,22.8880054848975,22.6716224379688,0.2,22.8370554426091,22
905.0,21.9426486839372,22.8880054848975,22.6716224379688,0.2,22.8391577391727,22
905.5,21.9156854634213,22.8880054848975,22.6716224379688,0.2,22.8411867475466,22
906.0,21.9156854634213,22.8880054848975,22.6716224379688,0.2,22.8431444786844,22
906.5,21.9156854634213,22.8880054848975,22.6986599102041,0.2,22.8450328899327,22
907.0,21.8887246125657,22.8880054848975,22.6986599102041,0.2,22.8468543934975,22
907.5,21.8887246125657,22.8880054848975,22.6986599102041,0.2,22.8486107945398,22
908.0,21.8887246125657,22.8880054848975,22.6986599102041,0.2,22.8503038515211,22
908.5,21.8887246125657,22.8609470583286,22.6986599102041,0.2,22.8519357843891,22
909.0,21.8617661119521,22.8609470583286,22.6986599102041,0.2,22.8527708529146,22
909.5,21.8617661119521,22.8609470583286,22.6986599102041,0.2,22.8535739425236,22
910.0,21.8617661119521,22.8609470583286,22.6986599102041,0.2,22.8543456821925,22
910.5,21.8348099421657,22.8609470583286,22.6986599102041,0.2,22.8550872011201,22
911.0,21.8348099421657,22.8609470583286,22.6986599102041,0.2,22.8557990654458,22
911.5,21.8348099421657,22.8609470583286,22.6986599102041,0.2,22.856481836988,22
912.0,21.8348099421657,22.8609470583286,22.6986599102041,0.2,22.857136579884,22
912.5,21.8078560837953,22.8609470583286,22.6986599102041,0.2,22.8577643209058,22
913.0,21.8078560837953,22.8609470583286,22.6986599102041,0.2,22.8583655271724,22
913.5,21.8078560837953,22.8609470583286,22.6986599102041,0.2,22.8589406647263,22
914.0,21.7809045174332,22.8609470583286,22.6986599102041,0.2,22.8594907050206,22
914.5,21.7809045174332,22.8609470583286,22.6986599102041,0.2,22.8600160616408,22
915.0,21.7809045174332,22.8609470583286,22.6986599102041,0.2,22.860517148777,22
915.5,21.7539552236748,22.8609470583286,22.6986599102041,0.2,22.860994887611,22
916.0,21.7539552236748,22.8338916839971,22.6986599102041,0.2,22.8614496430744,22
916.5,21.7539552236748,22.8338916839971,22.6986599102041,0.2,22.861143982163,22
917.0,21.7539552236748,22.8338916839971,22.6986599102041,0.2,22.8608420345072,22
917.5,21.7270081831194,22.8338916839971,22.6986599102041,0.2,22.860543766072,22
918.0,21.7270081831194,22.8338916839971,22.6986599102041,0.2,22.860248619423,22
918.5,21.7270081831194,22.8338916839971,22.6986599102041,0.2,22.8599560709217,22
919.0,21.7000633763691,22.8338916839971,22.6986599102041,0.2,22.8596661358872,22
919.5,21.7000633763691,22.8338916839971,22.6986599102041,0.2,22.8593783044299,22
920.0,21.7000633763691,22.8338916839971,22.6986599102041,0.2,22.8590920986673,22
920.5,21.673120784029,22.8338916839971,22.6986599102041,0.2,22.8588075779064,22
921.0,21.673120784029,22.8068393423052,22.6986599102041,0.2,22.8585242746272,22
921.5,21.673120784029,22.8068393423052,22.6986599102041,0.2,22.8575040343531,22
922.0,21.6461803867076,22.8068393423052,22.6986599102041,0.2,22.8565101241718,22
922.5,21.6461803867076,22.8068393423052,22.6986599102041,0.2,22.8555412362215,22
923.0,21.6461803867076,22.8068393423052,22.6986599102041,0.2,22.8545961218948,22
923.5,21.6461803867076,22.8068393423052,22.6986599102041,0.2,22.8536740960027,22
924.0,21.6192421650163,22.8068393423052,22.6986599102041,0.2,22.8527744953008,22
924.5,21.6192421650163,22.8068393423052,22.6986599102041,0.2,22.8518961544723,22
925.0,21.6192421650163,22.8068393423052,22.6986599102041,0.2,22.8510379624182,22
925.5,21.5923060995692,22.8068393423052,22.6986599102041,0.2,22.8501993665556,22
926.0,21.5923060995692,22.7797900136615,22.6986599102041,0.2,22.8493793083243,22
926.5,21.5923060995692,22.7797900136615,22.6986599102041,0.2,22.8478391443789,22
927.0,21.5653721709833,22.7797900136615,22.6986599102041,0.2,22.8463415049697,22
927.5,21.5653721709833,22.7797900136615,22.6986599102041,0.2,22.8448845492875,22
928.0,21.5653721709833,22.7797900136615,22.6986599102041,0.2,22.8434665137943,22
928.5,21.5384403598786,22.7797900136615,22.6986599102041,0.2,22.8420862156481,22
929.0,21.5384403598786,22.7797900136615,22.6986599102041,0.2,22.8407419876135,22
929.5,21.5384403598786,22.7797900136615,22.6986599102041,0.2,22.8394322336188,22
930.0,21.5115106468774,22.7527436784814,22.6986599102041,0.2,22.8381559323536,22
930.5,21.5115106468774,22.7527436784814,22.6986599102041,0.2,22.8361740189073,22
931.0,21.5115106468774,22.7527436784814,22.6986599102041,0.2,22.8342480467589,22
931.5,21.5115106468774,22.7527436784814,22.6716224379688,0.2,22.8323762617767,22
932.0,21.4845830126045,22.7527436784814,22.6716224379688,0.2,22.8305569680708,22
932.5,21.4845830126045,22.7527436784814,22.6716224379688,0.2,22.828788002936,22
933.0,21.4845830126045,22.7527436784814,22.6716224379688,0.2,22.8270672917225,22
933.5,21.4576574376875,22.7527436784814,22.6716224379688,0.2,22.8253933507749,22
934.0,21.4576574376875,22.7257003171863,22.6716224379688,0.2,22.8237642222349,22
934.5,21.4576574376875,22.7257003171863,22.6716224379688,0.2,22.8214405566638,22
935.0,21.4576574376875,22.7257003171863,22.6716224379688,0.2,22.8191839763798,22
935.5,21.4307339027563,22.7257003171863,22.6716224379688,0.2,22.8169923528068,22
936.0,21.4307339027563,22.7257003171863,22.6716224379688,0.2,22.8148631053783,22
936.5,21.4307339027563,22.7257003171863,22.6716224379688,0.2,22.8127937558166,22
937.0,21.403812388443,22.7257003171863,22.6716224379688,0.2,22.8107824305066,22
937.5,21.403812388443,22.7257003171863,22.6716224379688,0.2,22.8088267949877,22
938.0,21.403812388443,22.6986599102041,22.6716224379688,0.2,22.8069246084997,22
938.5,21.3768928753818,22.6986599102041,22.6716224379688,0.2,22.8043368347178,22
939.0,21.3768928753818,22.6986599102041,22.6716224379688,0.2,22.8018241923267,22
939.5,21.3768928753818,22.6986599102041,22.6716224379688,0.2,22.7993837763855,22
940.0,21.3499753442095,22.6986599102041,22.6445878809208,0.2,22.7970133010704,22
940.5,21.3499753442095,22.6986599102041,22.6445878809208,0.2,22.7947100338263,22
941.0,21.3499753442095,22.6986599102041,22.6445878809208,0.2,22.7924713493478,22
941.5,21.3499753442095,22.6986599102041,22.6445878809208,0.2,22.7902952316728,22
942.0,21.3230597755646,22.6716224379688,22.6445878809208,0.2,22.7881797315834,22
942.5,21.3230597755646,22.6716224379688,22.6445878809208,0.2,22.7853851296295,22
943.0,21.3230597755646,22.6716224379688,22.6445878809208,0.2,22.7826718633374,22
943.5,21.2961461500876,22.6716224379688,22.6445878809208,0.2,22.7800373419469,22
944.0,21.2961461500876,22.6716224379688,22.6445878809208,0.2,22.7774785384214,22
944.5,21.2961461500876,22.6716224379688,22.6445878809208,0.2,22.774992542992,22
945.0,21.2961461500876,22.6716224379688,22.6445878809208,0.2,22.772577064834,22
945.5,21.2692344484209,22.6716224379688,22.6445878809208,0.2,22.7702298892147,22
946.0,21.2692344484209,22.6445878809208,22.6445878809208,0.2,22.7679483521397,22
946.5,21.2692344484209,22.6445878809208,22.6445878809208,0.2,22.7649926619375,22
947.0,21.242324651209,22.6445878809208,22.6175562195061,0.2,22.7621235329634,22
947.5,21.242324651209,22.6445878809208,22.6175562195061,0.2,22.7593376768461,22
948.0,21.242324651209,22.6445878809208,22.6175562195061,0.2,22.756631931371,22
948.5,21.242324651209,22.6445878809208,22.6175562195061,0.2,22.7540037617798,22
949.0,21.2154167390978,22.6445878809208,22.6175562195061,0.2,22.7514507177005,22
949.5,21.2154167390978,22.6175562195061,22.6175562195061,0.2,22.7489699075834,22
950.0,21.2154167390978,22.6175562195061,22.6175562195061,0.2,22.7458213988965,22
950.5,21.2154167390978,22.6175562195061,22.6175562195061,0.2,22.7427656118771,22
951.0,21.1885106927351,22.6175562195061,22.6175562195061,0.2,22.7397995757562,22
951.5,21.1885106927351,22.6175562195061,22.6175562195061,0.2,22.7369198965382,22
952.0,21.1885106927351,22.6175562195061,22.6175562195061,0.2,22.7341233099481,22
952.5,21.1885106927351,22.6175562195061,22.6175562195061,0.2,22.7314071825394,22
953.0,21.1616064927699,22.6175562195061,22.5905274341769,0.2,22.7287689685813,22
953.5,21.1616064927699,22.5905274341769,22.5905274341769,0.2,22.7262056844542,22
954.0,21.1616064927699,22.5905274341769,22.5905274341769,0.2,22.7229773870891,22
954.5,21.1616064927699,22.5905274341769,22.5905274341769,0.2,22.7198443295463,22
955.0,21.1347041198531,22.5905274341769,22.5905274341769,0.2,22.7168034580085,22
955.5,21.1347041198531,22.5905274341769,22.5905274341769,0.2,22.7138512983012,22
956.0,21.1347041198531,22.5905274341769,22.5905274341769,0.2,22.7109845086682,22
956.5,21.1347041198531,22.5905274341769,22.5905274341769,0.2,22.7082003807184,22
957.0,21.1078035546369,22.5905274341769,22.5905274341769,0.2,22.705496296299,22
957.5,21.1078035546369,22.5635015053912,22.5905274341769,0.2,22.7028692018745,22
958.0,21.1078035546369,22.5635015053912,22.5905274341769,0.2,22.6995791647073,22
958.5,21.1078035546369,22.5635015053912,22.5905274341769,0.2,22.696386291906,22
959.0,21.1078035546369,22.5635015053912,22.5635015053912,0.2,22.6932874665764,22
959.5,21.0809047777744,22.5635015053912,22.5635015053912,0.2,22.6902796761642,22
960.0,21.0809047777744,22.5635015053912,22.5635015053912,0.2,22.6873594863832,22
960.5,21.0809047777744,22.5635015053912,22.5635015053912,0.2,22.684523593967,22
961.0,21.0809047777744,22.5635015053912,22.5635015053912,0.2,22.6817693275979,22
961.5,21.0540077699206,22.5364784136131,22.5635015053912,0.2,22.6790941048988,22
962.0,21.0540077699206,22.5364784136131,22.5635015053912,0.2,22.6757579872149,22
962.5,21.0540077699206,22.5364784136131,22.5635015053912,0.2,22.6725204157106,22
963.0,21.0540077699206,22.5364784136131,22.5635015053912,0.2,22.6693782290435,22
963.5,21.0540077699206,22.5364784136131,22.5635015053912,0.2,22.6663283716929,22
964.0,21.0271125117314,22.5364784136131,22.5635015053912,0.2,22.6633678903464,22
964.5,21.0271125117314,22.5364784136131,22.5364784136131,0.2,22.6604934079705,22
965.0,21.0271125117314,22.5364784136131,22.5364784136131,0.2,22.6577016765615,22
965.5,21.0271125117314,22.5364784136131,22.5364784136131,0.2,22.6549900780771,22
966.0,21.0271125117314,22.5094581393118,22.5364784136131,0.2,22.6523560815662,22
966.5,21.0002189838634,22.5094581393118,22.5364784136131,0.2,22.6490603973218,22
967.0,21.0002189838634,22.5094581393118,22.5364784136131,0.2,22.6458624013289,22
967.5,21.0002189838634,22.5094581393118,22.5364784136131,0.2,22.6427584407559,22
968.0,21.0002189838634,22.5094581393118,22.5364784136131,0.2,22.6397455066797,22
968.5,21.0002189838634,22.5094581393118,22.5364784136131,0.2,22.6368206907676,22
969.0,20.9733271669747,22.5094581393118,22.5364784136131,0.2,22.6339811818454,22
969.5,20.9733271669747,22.5094581393118,22.5364784136131,0.2,22.6312237402084,22
970.0,20.9733271669747,22.5094581393118,22.5364784136131,0.2,22.6285452504701,22
970.5,20.9733271669747,22.4824406629627,22.5094581393118,0.2,22.6259432225921,22
971.0,20.9733271669747,22.4824406629627,22.5094581393118,0.2,22.6226784826595,22
971.5,20.9733271669747,22.4824406629627,22.5094581393118,0.2,22.6195108882524,22
972.0,20.946437041724,22.4824406629627,22.5094581393118,0.2,22.6164373121573,22
972.5,20.946437041724,22.4824406629627,22.5094581393118,0.2,22.6134542096188,22
973.0,20.946437041724,22.4824406629627,22.5094581393118,0.2,22.6105581707741,22
973.5,20.946437041724,22.4824406629627,22.5094581393118,0.2,22.6077464212871,22
974.0,20.946437041724,22.4824406629627,22.5094581393118,0.2,22.6050162793843,22
974.5,20.919548588771,22.4824406629627,22.5094581393118,0.2,22.6023651526999,22
975.0,20.919548588771,22.4824406629627,22.5094581393118,0.2,22.5997900129195,22
975.5,20.919548588771,22.4554259650463,22.5094581393118,0.2,22.5972879488171,22
976.0,20.919548588771,22.4554259650463,22.4824406629627,0.2,22.5941199766584,22
976.5,20.919548588771,22.4554259650463,22.4824406629627,0.2,22.5910459861342,22
977.0,20.919548588771,22.4554259650463,22.4824406629627,0.2,22.5880629568282,22
977.5,20.8926617887761,22.4554259650463,22.4824406629627,0.2,22.5851679694647,22
978.0,20.8926617887761,22.4554259650463,22.4824406629627,0.2,22.5823576801806,22
978.5,20.8926617887761,22.4554259650463,22.4824406629627,0.2,22.5796288731361,22
979.0,20.8926617887761,22.4554259650463,22.4824406629627,0.2,22.5769789613224,22
979.5,20.8926617887761,22.4554259650463,22.4824406629627,0.2,22.5744054438931,22
980.0,20.8926617887761,22.4554259650463,22.4824406629627,0.2,22.5719059032294,22
980.5,20.8926617887761,22.4284140260491,22.4824406629627,0.2,22.5694780021052,22
981.0,20.8657766224002,22.4284140260491,22.4824406629627,0.2,22.566382865374,22
981.5,20.8657766224002,22.4284140260491,22.4824406629627,0.2,22.5633798150482,22
982.0,20.8657766224002,22.4284140260491,22.4824406629627,0.2,22.5604653736976,22
982.5,20.8657766224002,22.4284140260491,22.4554259650463,0.2,22.557636701799,22
983.0,20.8657766224002,22.4284140260491,22.4554259650463,0.2,22.5548910547862,22
983.5,20.8657766224002,22.4284140260491,22.4554259650463,0.2,22.5522257798108,22
984.0,20.8388930703049,22.4284140260491,22.4554259650463,0.2,22.5496383126138,22
984.5,20.8388930703049,22.4284140260491,22.4554259650463,0.2,22.5471256522921,22
985.0,20.8388930703049,22.4284140260491,22.4554259650463,0.2,22.5446849142597,22
985.5,20.8388930703049,22.4284140260491,22.4554259650463,0.2,22.5423138313968,22
986.0,20.8388930703049,22.4014048264622,22.4554259650463,0.2,22.5400102118355,22
986.5,20.8388930703049,22.4014048264622,22.4554259650463,0.2,22.5370353955272,22
987.0,20.8388930703049,22.4014048264622,22.4554259650463,0.2,22.5341492850487,22
987.5,20.8120111131523,22.4014048264622,22.4554259650463,0.2,22.5313490226088,22
988.0,20.8120111131523,22.4014048264622,22.4554259650463,0.2,22.5286313240072,22
988.5,20.8120111131523,22.4014048264622,22.4284140260491,0.2,22.5259930312095,22
989.0,20.8120111131523,22.4014048264622,22.4284140260491,0.2,22.523431613126,22
989.5,20.8120111131523,22.4014048264622,22.4284140260491,0.2,22.5209446231007,22
990.0,20.8120111131523,22.4014048264622,22.4284140260491,0.2,22.5185296960338,22
990.5,20.8120111131523,22.4014048264622,22.4284140260491,0.2,22.5161845456028,22
991.0,20.8120111131523,22.4014048264622,22.4284140260491,0.2,22.51390696158,22
991.5,20.7851307316049,22.4014048264622,22.4284140260491,0.2,22.5116948072412,22
992.0,20.7851307316049,22.3743983467828,22.4284140260491,0.2,22.5095454947129,22
992.5,20.7851307316049,22.3743983467828,22.4284140260491,0.2,22.5067200716678,22
993.0,20.7851307316049,22.3743983467828,22.4284140260491,0.2,22.5039785311015,22
993.5,20.7851307316049,22.3743983467828,22.4284140260491,0.2,22.5013181767646,22
994.0,20.7851307316049,22.3743983467828,22.4284140260491,0.2,22.4987364026771,22
994.5,20.7851307316049,22.3743983467828,22.4284140260491,0.2,22.4962306900476,22
995.0,20.7851307316049,22.3743983467828,22.4284140260491,0.2,22.4937986042997,22
995.5,20.7582519063255,22.3743983467828,22.4014048264622,0.2,22.4914377921997,22
996.0,20.7582519063255,22.3743983467828,22.4014048264622,0.2,22.4891454569624,22
996.5,20.7582519063255,22.3743983467828,22.4014048264622,0.2,22.4869189113531,22
997.0,20.7582519063255,22.3743983467828,22.4014048264622,0.2,22.4847560789783,22
997.5,20.7582519063255,22.3743983467828,22.4014048264622,0.2,22.4826549523894,22
998.0,20.7582519063255,22.3743983467828,22.4014048264622,0.2,22.4806135907375,22
998.5,20.7582519063255,22.3473945675127,22.4014048264622,0.2,22.4786301175082,22
999.0,20.7582519063255,22.3473945675127,22.4014048264622,0.2,22.4759663252747,22
999.5,20.7313746179772,22.3473945675127,22.4014048264622,0.2,22.4733822583285,22
1000.0,20.7313746179772,22.3473945675127,22.4014048264622,0.2,22.4708748217539,22
1000.5,20.7313746179772,22.3473945675127,22.4014048264622,0.2,22.4684410405593,22
1001.0,20.7313746179772,22.3473945675127,22.4014048264622,0.2,22.4660785605802,22
1001.5,20.7313746179772,22.3473945675127,22.4014048264622,0.2,22.4637851062667,22
1002.0,20.7313746179772,22.3473945675127,22.4014048264622,0.2,22.4615584780039,22
1002.5,20.7313746179772,22.3473945675127,22.3743983467828,0.2,22.4593965495241,22
1003.0,20.7313746179772,22.3473945675127,22.3743983467828,0.2,22.4572972654078,22
1003.5,20.7313746179772,22.3473945675127,22.3743983467828,0.2,22.4552586386715,22
1004.0,20.7313746179772,22.3473945675127,22.3743983467828,0.2,22.4532787484373,22
1004.5,20.7044988472232,22.3473945675127,22.3743983467828,0.2,22.4513557376838,22
1005.0,20.7044988472232,22.3473945675127,22.3743983467828,0.2,22.4494872890113,22
1005.5,20.7044988472232,22.3203934691591,22.3743983467828,0.2,22.4476711782613,22
1006.0,20.7044988472232,22.3203934691591,22.3743983467828,0.2,22.4451694563573,22
1006.5,20.7044988472232,22.3203934691591,22.3743983467828,0.2,22.4427422709057,22
1007.0,20.7044988472232,22.3203934691591,22.3743983467828,0.2,22.4403872220342,22
1007.5,20.7044988472232,22.3203934691591,22.3743983467828,0.2,22.4381019902625,22
1008.0,20.7044988472232,22.3203934691591,22.3743983467828,0.2,22.4358843337593,22
1008.5,20.7044988472232,22.3203934691591,22.3743983467828,0.2,22.4337320856931,22
1009.0,20.7044988472232,22.3203934691591,22.3743983467828,0.2,22.4316431516747,22
1009.5,20.6776245747267,22.3203934691591,22.3743983467828,0.2,22.4296155072874,22
1010.0,20.6776245747267,22.3203934691591,22.3473945675127,0.2,22.4276466736691,22
1010.5,20.6776245747267,22.3203934691591,22.3473945675127,0.2,22.4257342708956,22
1011.0,20.6776245747267,22.3203934691591,22.3473945675127,0.2,22.4238765195473,22
1011.5,20.6776245747267,22.3203934691591,22.3473945675127,0.2,22.4220716992544,22
1012.0,20.6776245747267,22.3203934691591,22.3473945675127,0.2,22.4203181466884,22
1012.5,20.6776245747267,22.3203934691591,22.3473945675127,0.2,22.4186142536232,22
1013.0,20.6776245747267,22.2933950322341,22.3473945675127,0.2,22.4169584650635,22
1013.5,20.6776245747267,22.2933950322341,22.3473945675127,0.2,22.4146130300614,22
1014.0,20.6776245747267,22.2933950322341,22.3473945675127,0.2,22.4123381426301,22
1014.5,20.6776245747267,22.2933950322341,22.3473945675127,0.2,22.410131520546,22
1015.0,20.6507517811509,22.2933950322341,22.3473945675127,0.2,22.4079909581817,22
1015.5,20.6507517811509,22.2933950322341,22.3473945675127,0.2,22.405913801887,22
1016.0,20.6507517811509,22.2933950322341,22.3473945675127,0.2,22.4038975031184,22
1016.5,20.6507517811509,22.2933950322341,22.3473945675127,0.2,22.4019401197649,22
1017.0,20.6507517811509,22.2933950322341,22.3473945675127,0.2,22.4000397745143,22
1017.5,20.6507517811509,22.2933950322341,22.3473945675127,0.2,22.3981946526458,22
1018.0,20.6507517811509,22.2933950322341,22.3473945675127,0.2,22.3964029998978,22
1018.5,20.6507517811509,22.2933950322341,22.3203934691591,0.2,22.3946631204093,22
1019.0,20.6507517811509,22.2933950322341,22.3203934691591,0.2,22.3929733747322,22
1019.5,20.6507517811509,22.2933950322341,22.3203934691591,0.2,22.3913321779115,22
1020.0,20.6507517811509,22.2933950322341,22.3203934691591,0.2,22.3897379976323,22
1020.5,20.6507517811509,22.2933950322341,22.3203934691591,0.2,22.3881893524295,22
1021.0,20.6507517811509,22.2933950322341,22.3203934691591,0.2,22.3866848099596,22
1021.5,20.6238804471593,22.2933950322341,22.3203934691591,0.2,22.3852229853321,22
1022.0,20.6238804471593,22.2663992372551,22.3203934691591,0.2,22.3838020175218,22
1022.5,20.6238804471593,22.2663992372551,22.3203934691591,0.2,22.3816839481081,22
1023.0,20.6238804471593,22.2663992372551,22.3203934691591,0.2,22.3796291475451,22
1023.5,20.6238804471593,22.2663992372551,22.3203934691591,0.2,22.3776355761423,22
1024.0,20.6238804471593,22.2663992372551,22.3203934691591,0.2,22.3757012625702,22
1024.5,20.6238804471593,22.2663992372551,22.3203934691591,0.2,22.3738243015266,22
1025.0,20.6238804471593,22.2663992372551,22.3203934691591,0.2,22.3720028514843,22
1025.5,20.6238804471593,22.2663992372551,22.3203934691591,0.2,22.3702351325158,22
1026.0,20.6238804471593,22.2663992372551,22.3203934691591,0.2,22.368519424193,22
1026.5,20.6238804471593,22.2663992372551,22.3203934691591,0.2,22.366854063559,22
1027.0,20.6238804471593,22.2663992372551,22.3203934691591,0.2,22.3652374431693,22
1027.5,20.6238804471593,22.2663992372551,22.3203934691591,0.2,22.3636680092015,22
1028.0,20.6238804471593,22.2663992372551,22.2933950322341,0.2,22.3621442596284,22
1028.5,20.5970105534146,22.2663992372551,22.2933950322341,0.2,22.3606647424551,22
1029.0,20.5970105534146,22.2663992372551,22.2933950322341,0.2,22.3592275320688,22
1029.5,20.5970105534146,22.2663992372551,22.2933950322341,0.2,22.3578307831888,22
1030.0,20.5970105534146,22.2663992372551,22.2933950322341,0.2,22.3564732329888,22
1030.5,20.5970105534146,22.2663992372551,22.2933950322341,0.2,22.3551536603423,22
1031.0,20.5970105534146,22.2663992372551,22.2933950322341,0.2,22.3538708844083,22
1031.5,20.5970105534146,22.2663992372551,22.2933950322341,0.2,22.3526237632641,22
1032.0,20.5970105534146,22.2394060647441,22.2933950322341,0.2,22.3514111925866,22
1032.5,20.5970105534146,22.2394060647441,22.2933950322341,0.2,22.3494960005632,22
1033.0,20.5970105534146,22.2394060647441,22.2933950322341,0.2,22.3476386536865,22
1033.5,20.5970105534146,22.2394060647441,22.2933950322341,0.2,22.3458372768118,22
1034.0,20.5970105534146,22.2394060647441,22.2933950322341,0.2,22.3440900577809,22
1034.5,20.5970105534146,22.2394060647441,22.2933950322341,0.2,22.3423952452708,22
1035.0,20.5970105534146,22.2394060647441,22.2933950322341,0.2,22.3407511467169,22
1035.5,20.5970105534146,22.2394060647441,22.2933950322341,0.2,22.3391561263076,22
1036.0,20.5970105534146,22.2394060647441,22.2933950322341,0.2,22.3376086030481,22
1036.5,20.5970105534146,22.2394060647441,22.2933950322341,0.2,22.3361070488898,22
1037.0,20.5701420805796,22.2394060647441,22.2933950322341,0.2,22.3346499869256,22
1037.5,20.5701420805796,22.2394060647441,22.2933950322341,0.2,22.3332354677254,22
1038.0,20.5701420805796,22.2394060647441,22.2933950322341,0.2,22.331861623219,22
1038.5,20.5701420805796,22.2394060647441,22.2663992372551,0.2,22.3305271687521,22
1039.0,20.5701420805796,22.2394060647441,22.2663992372551,0.2,22.3292308623246,22
1039.5,20.5701420805796,22.2394060647441,22.2663992372551,0.2,22.3279715031403,22
1040.0,20.5701420805796,22.2394060647441,22.2663992372551,0.2,22.3267479302064,22
1040.5,20.5701420805796,22.2394060647441,22.2663992372551,0.2,22.3255590209807,22
1041.0,20.5701420805796,22.2394060647441,22.2663992372551,0.2,22.3244036900659,22
1041.5,20.5701420805796,22.2394060647441,22.2663992372551,0.2,22.3232808879488,22
1042.0,20.5701420805796,22.2394060647441,22.2663992372551,0.2,22.3221895997818,22
1042.5,20.5701420805796,22.2394060647441,22.2663992372551,0.2,22.3211288442076,22
1043.0,20.5701420805796,22.2394060647441,22.2663992372551,0.2,22.3200976722235,22
1043.5,20.5701420805796,22.2124154952277,22.2663992372551,0.2,22.3190951660843,22
1044.0,20.5701420805796,22.2124154952277,22.2663992372551,0.2,22.3173844054134,22
1044.5,20.5701420805796,22.2124154952277,22.2663992372551,0.2,22.3157259578043,22
1045.0,20.5701420805796,22.2124154952277,22.2663992372551,0.2,22.3141181170128,22
1045.5,20.5701420805796,22.2124154952277,22.2663992372551,0.2,22.3125592342541,22
1046.0,20.5701420805796,22.2124154952277,22.2663992372551,0.2,22.3110477162387,22
1046.5,20.5701420805796,22.2124154952277,22.2663992372551,0.2,22.3095820232768,22
1047.0,20.5701420805796,22.2124154952277,22.2663992372551,0.2,22.3081606674466,22
1047.5,20.5432750093169,22.2124154952277,22.2663992372551,0.2,22.3067822108273,22
1048.0,20.5432750093169,22.2124154952277,22.2663992372551,0.2,22.3054447418981,22
1048.5,20.5432750093169,22.2124154952277,22.2663992372551,0.2,22.3041464294271,22
1049.0,20.5432750093169,22.2124154952277,22.2663992372551,0.2,22.3028860245352,22
1049.5,20.5432750093169,22.2124154952277,22.2663992372551,0.2,22.3016623199953,22
1050.0,20.5432750093169,22.2124154952277,22.2663992372551,0.2,22.3004741488137,22
1050.5,20.5432750093169,22.2124154952277,22.2663992372551,0.2,22.2993203828596,22
1051.0,20.5432750093169,22.2124154952277,22.2394060647441,0.2,22.298199931543,22
1051.5,20.5432750093169,22.2124154952277,22.2394060647441,0.2,22.2971117405366,22
1052.0,20.5432750093169,22.2124154952277,22.2394060647441,0.2,22.2960547905431,22
1052.5,20.5432750093169,22.2124154952277,22.2394060647441,0.2,22.2950280961033,22
1053.0,20.5432750093169,22.2124154952277,22.2394060647441,0.2,22.2940307044465,22
1053.5,20.5432750093169,22.2124154952277,22.2394060647441,0.2,22.2930616943798,22
1054.0,20.5432750093169,22.2124154952277,22.2394060647441,0.2,22.2921201752153,22
1054.5,20.5432750093169,22.2124154952277,22.2394060647441,0.2,22.2912052857346,22
1055.0,20.5432750093169,22.2124154952277,22.2394060647441,0.2,22.2903161931888,22
1055.5,20.5432750093169,22.2124154952277,22.2394060647441,0.2,22.2894520923325,22
1056.0,20.5432750093169,22.2124154952277,22.2394060647441,0.2,22.2886122044915,22
1056.5,20.5432750093169,22.2124154952277,22.2394060647441,0.2,22.2877957766615,22
1057.0,20.5432750093169,22.2124154952277,22.2394060647441,0.2,22.2870020806392,22
1057.5,20.5432750093169,22.1854275092376,22.2394060647441,0.2,22.2862304121819,22
1058.0,20.5432750093169,22.1854275092376,22.2394060647441,0.2,22.2847441278186,22
1058.5,20.5432750093169,22.1854275092376,22.2394060647441,0.2,22.2833039219024,22
1059.0,20.5432750093169,22.1854275092376,22.2394060647441,0.2,22.2819082813373,22
1059.5,20.5432750093169,22.1854275092376,22.2394060647441,0.2,22.2805557441281,22
1060.0,20.5432750093169,22.1854275092376,22.2394060647441,0.2,22.2792448976319,22
1060.5,20.5432750093169,22.1854275092376,22.2394060647441,0.2,22.2779743768709,22
1061.0,20.5432750093169,22.1854275092376,22.2394060647441,0.2,22.2767428629016,22
1061.5,20.5164093202882,22.1854275092376,22.2394060647441,0.2,22.2755490812417,22
1062.0,20.5164093202882,22.1854275092376,22.2394060647441,0.2,22.2743912784842,22
1062.5,20.5164093202882,22.1854275092376,22.2394060647441,0.2,22.2732677763378,22
1063.0,20.5164093202882,22.1854275092376,22.2394060647441,0.2,22.2721774738404,22
1063.5,20.5164093202882,22.1854275092376,22.2394060647441,0.2,22.2711193068545,22
1064.0,20.5164093202882,22.1854275092376,22.2394060647441,0.2,22.2700922468116,22
1064.5,20.5164093202882,22.1854275092376,22.2394060647441,0.2,22.2690952994996,22
1065.0,20.5164093202882,22.1854275092376,22.2394060647441,0.2,22.2681275038919,22
1065.5,20.5164093202882,22.1854275092376,22.2394060647441,0.2,22.2671879310173,22
1066.0,20.5164093202882,22.1854275092376,22.2394060647441,0.2,22.2662756828675,22
1066.5,20.5164093202882,22.1854275092376,22.2124154952277,0.2,22.2653898913439,22
1067.0,20.5164093202882,22.1854275092376,22.2124154952277,0.2,22.2645297172388,22
1067.5,20.5164093202882,22.1854275092376,22.2124154952277,0.2,22.2636943492532,22
1068.0,20.5164093202882,22.1854275092376,22.2124154952277,0.2,22.2628830030469,22
1068.5,20.5164093202882,22.1854275092376,22.2124154952277,0.2,22.2620949203227,22
1069.0,20.5164093202882,22.1854275092376,22.2124154952277,0.2,22.2613293679408,22
1069.5,20.5164093202882,22.1854275092376,22.2124154952277,0.2,22.260585637064,22
1070.0,20.5164093202882,22.1854275092376,22.2124154952277,0.2,22.259863042333,22
1070.5,20.5164093202882,22.1854275092376,22.2124154952277,0.2,22.2591609210689,22
1071.0,20.5164093202882,22.1854275092376,22.2124154952277,0.2,22.2584786325036,22
1071.5,20.5164093202882,22.1854275092376,22.2124154952277,0.2,22.2578155570366,22
1072.0,20.5164093202882,22.1854275092376,22.2124154952277,0.2,22.2571710955176,22
1072.5,20.5164093202882,22.1854275092376,22.2124154952277,0.2,22.2565446685529,22
1073.0,20.5164093202882,22.1854275092376,22.2124154952277,0.2,22.2559357158365,22
1073.5,20.5164093202882,22.1854275092376,22.2124154952277,0.2,22.2553436955033,22
1074.0,20.5164093202882,22.1854275092376,22.2124154952277,0.2,22.2547680835054,22
1074.5,20.5164093202882,22.1854275092376,22.2124154952277,0.2,22.254208373009,22
1075.0,20.5164093202882,22.1854275092376,22.2124154952277,0.2,22.2536640738121,22
1075.5,20.5164093202882,22.1854275092376,22.2124154952277,0.2,22.2531347117827,22
1076.0,20.5164093202882,22.1584420873099,22.2124154952277,0.2,22.2526198283155,22
1076.5,20.5164093202882,22.1584420873099,22.2124154952277,0.2,22.2513830873521,22
1077.0,20.5164093202882,22.1584420873099,22.2124154952277,0.2,22.2501853405316,22
1077.5,20.5164093202882,22.1584420873099,22.2124154952277,0.2,22.2490252968586,22
1078.0,20.5164093202882,22.1584420873099,22.2124154952277,0.2,22.247901709091,22
1078.5,20.5164093202882,22.1584420873099,22.2124154952277,0.2,22.2468133722413,22
1079.0,20.5164093202882,22.1584420873099,22.2124154952277,0.2,22.2457591221293,22
1079.5,20.5164093202882,22.1584420873099,22.2124154952277,0.2,22.2447378339851,22
1080.0,20.5164093202882,22.1584420873099,22.2124154952277,0.2,22.2437484210999,22
1080.5,20.5164093202882,22.1584420873099,22.2124154952277,0.2,22.2427898335227,22
1081.0,20.5164093202882,22.1584420873099,22.2124154952277,0.2,22.241861056803,22
1081.5,20.5164093202882,22.1584420873099,22.2124154952277,0.2,22.2409611107756,22
1082.0,20.5164093202882,22.1584420873099,22.2124154952277,0.2,22.2400890483879,22
1082.5,20.5164093202882,22.1584420873099,22.2124154952277,0.2,22.2392439545674,22
1083.0,20.5164093202882,22.1584420873099,22.2124154952277,0.2,22.2384249451277,22
1083.5,20.4895449941551,22.1584420873099,22.2124154952277,0.2,22.2376311657131,22
1084.0,20.4895449941551,22.1584420873099,22.2124154952277,0.2,22.2368612689386,22
1084.5,20.4895449941551,22.1584420873099,22.2124154952277,0.2,22.2361139688857,22
1085.0,20.4895449941551,22.1584420873099,22.2124154952277,0.2,22.2353885437563,22
1085.5,20.4895449941551,22.1584420873099,22.2124154952277,0.2,22.2346842958451,22
1086.0,20.4895449941551,22.1584420873099,22.2124154952277,0.2,22.2340005507193,22
1086.5,20.4895449941551,22.1584420873099,22.1854275092376,0.2,22.2333366564254,22
1087.0,20.4895449941551,22.1584420873099,22.1854275092376,0.2,22.2326919827236,22
1087.5,20.4895449941551,22.1584420873099,22.1854275092376,0.2,22.2320659203489,22
1088.0,20.4895449941551,22.1584420873099,22.1854275092376,0.2,22.2314578802969,22
1088.5,20.4895449941551,22.1584420873099,22.1854275092376,0.2,22.2308672931348,22
1089.0,20.4895449941551,22.1584420873099,22.1854275092376,0.2,22.2302936083359,22
1089.5,20.4895449941551,22.1584420873099,22.1854275092376,0.2,22.2297362936364,22
1090.0,20.4895449941551,22.1584420873099,22.1854275092376,0.2,22.2291948344156,22
1090.5,20.4895449941551,22.1584420873099,22.1854275092376,0.2,22.2286687330956,22
1091.0,20.4895449941551,22.1584420873099,22.1854275092376,0.2,22.2281575085634,22
1091.5,20.4895449941551,22.1584420873099,22.1854275092376,0.2,22.2276606956118,22
1092.0,20.4895449941551,22.1584420873099,22.1854275092376,0.2,22.2271778443995,22
1092.5,20.4895449941551,22.1584420873099,22.1854275092376,0.2,22.2267085199301,22
1093.0,20.4895449941551,22.1584420873099,22.1854275092376,0.2,22.2262523015492,22
1093.5,20.4895449941551,22.1584420873099,22.1854275092376,0.2,22.2258087824578,22
1094.0,20.4895449941551,22.1584420873099,22.1854275092376,0.2,22.2253775692436,22
1094.5,20.4895449941551,22.1584420873099,22.1854275092376,0.2,22.2249582814272,22
1095.0,20.4895449941551,22.1584420873099,22.1854275092376,0.2,22.2245505510251,22
1095.5,20.4895449941551,22.1584420873099,22.1854275092376,0.2,22.2241540221263,22
1096.0,20.4895449941551,22.1584420873099,22.1854275092376,0.2,22.2237683504849,22
1096.5,20.4895449941551,22.1584420873099,22.1854275092376,0.2,22.2233932031254,22
1097.0,20.4895449941551,22.1584420873099,22.1854275092376,0.2,22.223028257962,22
1097.5,20.4895449941551,22.1584420873099,22.1854275092376,0.2,22.2226732034314,22
1098.0,20.4895449941551,22.1584420873099,22.1854275092376,0.2,22.2223277381374,22
1098.5,20.4895449941551,22.1584420873099,22.1854275092376,0.2,22.2219915705082,22
1099.0,20.4895449941551,22.1584420873099,22.1854275092376,0.2,22.2216644184651,22
1099.5,20.4895449941551,22.1584420873099,22.1854275092376,0.2,22.2213460091029,22
1100.0,20.4895449941551,22.1314592099854,22.1854275092376,0.2,22.2210360783808,22
1100.5,20.4895449941551,22.1314592099854,22.1854275092376,0.2,22.2199985477597,22
1101.0,20.4895449941551,22.1314592099854,22.1854275092376,0.2,22.2189943790037,22
1101.5,20.4626820115785,22.1314592099854,22.1854275092376,0.2,22.2180224571028,22
1102.0,20.4626820115785,22.1314592099854,22.1854275092376,0.2,22.2170811831807,22
1102.5,20.4626820115785,22.1314592099854,22.1854275092376,0.2,22.216169028644,22
1103.0,20.4626820115785,22.1314592099854,22.1854275092376,0.2,22.2152850375054,22
1103.5,20.4626820115785,22.1314592099854,22.1854275092376,0.2,22.2144282860875,22
1104.0,20.4626820115785,22.1314592099854,22.1854275092376,0.2,22.2135978819161,22
1104.5,20.4626820115785,22.1314592099854,22.1854275092376,0.2,22.2127929626523,22
1105.0,20.4626820115785,22.1314592099854,22.1854275092376,0.2,22.2120126950601,22
1105.5,20.4626820115785,22.1314592099854,22.1854275092376,0.2,22.2112562740109,22
1106.0,20.4626820115785,22.1314592099854,22.1854275092376,0.2,22.2105229215214,22
1106.5,20.4626820115785,22.1314592099854,22.1854275092376,0.2,22.209811885825,22
1107.0,20.4626820115785,22.1314592099854,22.1854275092376,0.2,22.2091224404749,22
1107.5,20.4626820115785,22.1314592099854,22.1854275092376,0.2,22.2084538834787,22
1108.0,20.4626820115785,22.1314592099854,22.1854275092376,0.2,22.2078055364619,22
1108.5,20.4626820115785,22.1314592099854,22.1854275092376,0.2,22.2071767438609,22
1109.0,20.4626820115785,22.1314592099854,22.1854275092376,0.2,22.2065668721435,22
1109.5,20.4626820115785,22.1314592099854,22.1854275092376,0.2,22.2059753090564,22
1110.0,20.4626820115785,22.1314592099854,22.1854275092376,0.2,22.2054014628979,22
1110.5,20.4626820115785,22.1314592099854,22.1584420873099,0.2,22.204844761817,22
1111.0,20.4626820115785,22.1314592099854,22.1584420873099,0.2,22.2043046531351,22
1111.5,20.4626820115785,22.1314592099854,22.1584420873099,0.2,22.2037806026921,22
1112.0,20.4626820115785,22.1314592099854,22.1584420873099,0.2,22.2032720942145,22
1112.5,20.4626820115785,22.1314592099854,22.1584420873099,0.2,22.2027786287052,22
1113.0,20.4358203532186,22.1314592099854,22.1584420873099,0.2,22.202299723855,22
1113.5,20.4358203532186,22.1314592099854,22.1584420873099,0.2,22.2018343916851,22
1114.0,20.4358203532186,22.1314592099854,22.1584420873099,0.2,22.2013816934234,22
1114.5,20.4358203532186,22.1314592099854,22.1584420873099,0.2,22.2009412425284,22
1115.0,20.4358203532186,22.1314592099854,22.1584420873099,0.2,22.2005126651217,22
1115.5,20.4358203532186,22.1314592099854,22.1584420873099,0.2,22.2000955995592,22
1116.0,20.4358203532186,22.1044788578092,22.1584420873099,0.2,22.1996896960162,22
1116.5,20.4358203532186,22.1044788578092,22.1584420873099,0.2,22.1985588618844,22
1117.0,20.4358203532186,22.1044788578092,22.1584420873099,0.2,22.1974639075163,22
1117.5,20.4358203532186,22.1044788578092,22.1584420873099,0.2,22.1964036404695,22
1118.0,20.4358203532186,22.1044788578092,22.1584420873099,0.2,22.1953769088149,22
1118.5,20.4358203532186,22.1044788578092,22.1584420873099,0.2,22.194382599746,22
1119.0,20.4358203532186,22.1044788578092,22.1584420873099,0.2,22.1934196382369,22
1119.5,20.4358203532186,22.1044788578092,22.1584420873099,0.2,22.1924869857464,22
1120.0,20.4358203532186,22.1044788578092,22.1584420873099,0.2,22.1915836389663,22
1120.5,20.4358203532186,22.1044788578092,22.1584420873099,0.2,22.1907086286138,22
1121.0,20.4358203532186,22.1044788578092,22.1584420873099,0.2,22.1898610182643,22
1121.5,20.4358203532186,22.1044788578092,22.1584420873099,0.2,22.1890399032254,22
1122.0,20.4358203532186,22.1044788578092,22.1584420873099,0.2,22.1882444094491,22
1122.5,20.4358203532186,22.1044788578092,22.1584420873099,0.2,22.1874736924818,22
1123.0,20.4358203532186,22.1044788578092,22.1584420873099,0.2,22.1867269364501,22
1123.5,20.4358203532186,22.1044788578092,22.1584420873099,0.2,22.1860033530822,22
1124.0,20.4358203532186,22.1044788578092,22.1584420873099,0.2,22.1853021807622,22
1124.5,20.4358203532186,22.1044788578092,22.1584420873099,0.2,22.1846226836173,22
1125.0,20.4358203532186,22.1044788578092,22.1584420873099,0.2,22.1839641506367,22
1125.5,20.4358203532186,22.1044788578092,22.1584420873099,0.2,22.1833258948206,22
1126.0,20.4358203532186,22.1044788578092,22.1584420873099,0.2,22.1827072523583,22
1126.5,20.4358203532186,22.1044788578092,22.1584420873099,0.2,22.1821075818349,22
1127.0,20.4358203532186,22.1044788578092,22.1584420873099,0.2,22.1815262634651,22
1127.5,20.4089599997349,22.1044788578092,22.1584420873099,0.2,22.1809626983537,22
1128.0,20.4089599997349,22.1044788578092,22.1584420873099,0.2,22.1804157860186,22
1128.5,20.4089599997349,22.1044788578092,22.1584420873099,0.2,22.1798844790992,22
1129.0,20.4089599997349,22.1044788578092,22.1584420873099,0.2,22.1793682862201,22
1129.5,20.4089599997349,22.1044788578092,22.1584420873099,0.2,22.1788667323197,22
1130.0,20.4089599997349,22.1044788578092,22.1584420873099,0.2,22.178379358094,22
1130.5,20.4089599997349,22.1044788578092,22.1584420873099,0.2,22.1779057194604,22
1131.0,20.4089599997349,22.1044788578092,22.1314592099854,0.2,22.1774453870403,22
1131.5,20.4089599997349,22.1044788578092,22.1314592099854,0.2,22.1769979456586,22
1132.0,20.4089599997349,22.1044788578092,22.1314592099854,0.2,22.1765629938611,22
1132.5,20.4089599997349,22.0775010113308,22.1314592099854,0.2,22.1761401434481,22
1133.0,20.4089599997349,22.0775010113308,22.1314592099854,0.2,22.1749933331512,22
1133.5,20.4089599997349,22.0775010113308,22.1314592099854,0.2,22.1738832669811,22
1134.0,20.4089599997349,22.0775010113308,22.1314592099854,0.2,22.1728087182124,22
1134.5,20.4089599997349,22.0775010113308,22.1314592099854,0.2,22.1717685018745,22
1135.0,20.4089599997349,22.0775010113308,22.1314592099854,0.2,22.1707614733178,22
1135.5,20.4089599997349,22.0775010113308,22.1314592099854,0.2,22.1697865268298,22
1136.0,20.4089599997349,22.0775010113308,22.1314592099854,0.2,22.168842594298,22
1136.5,20.4089599997349,22.0775010113308,22.1314592099854,0.2,22.1679286439201,22
1137.0,20.4089599997349,22.0775010113308,22.1314592099854,0.2,22.1670436789579,22
1137.5,20.4089599997349,22.0775010113308,22.1314592099854,0.2,22.1661867365338,22
1138.0,20.4089599997349,22.0775010113308,22.1314592099854,0.2,22.1653568864698,22
1138.5,20.4089599997349,22.0775010113308,22.1314592099854,0.2,22.1645532301655,22
1139.0,20.4089599997349,22.0775010113308,22.1314592099854,0.2,22.1637748995155,22
1139.5,20.4089599997349,22.0775010113308,22.1314592099854,0.2,22.1630210558635,22
1140.0,20.4089599997349,22.0775010113308,22.1314592099854,0.2,22.1622908889928,22
1140.5,20.4089599997349,22.0775010113308,22.1314592099854,0.2,22.1615836161514,22
1141.0,20.4089599997349,22.0775010113308,22.1314592099854,0.2,22.1608984811108,22
1141.5,20.4089599997349,22.0775010113308,22.1314592099854,0.2,22.160234753257,22
1142.0,20.4089599997349,22.0775010113308,22.1314592099854,0.2,22.1595917267134,22
1142.5,20.4089599997349,22.0775010113308,22.1314592099854,0.2,22.1589687194928,22
1143.0,20.4089599997349,22.0775010113308,22.1314592099854,0.2,22.1583650726796,22
1143.5,20.4089599997349,22.0775010113308,22.1314592099854,0.2,22.1577801496398,22
1144.0,20.4089599997349,22.0775010113308,22.1314592099854,0.2,22.1572133352583,22
1144.5,20.4089599997349,22.0775010113308,22.1314592099854,0.2,22.1566640352019,22
1145.0,20.4089599997349,22.0775010113308,22.1314592099854,0.2,22.1561316752086,22
1145.5,20.4089599997349,22.0775010113308,22.1314592099854,0.2,22.1556157004008,22
1146.0,20.4089599997349,22.0775010113308,22.1314592099854,0.2,22.1551155746218,22
1146.5,20.4089599997349,22.0775010113308,22.1314592099854,0.2,22.154630779796,22
1147.0,20.4089599997349,22.0775010113308,22.1314592099854,0.2,22.1541608153104,22
1147.5,20.4089599997349,22.0775010113308,22.1314592099854,0.2,22.153705197418,22
1148.0,20.4089599997349,22.0775010113308,22.1314592099854,0.2,22.1532634586606,22
1148.5,20.4089599997349,22.0775010113308,22.1314592099854,0.2,22.152835147313,22
1149.0,20.4089599997349,22.0775010113308,22.1314592099854,0.2,22.1524198268452,22
1149.5,20.3821009317858,22.0775010113308,22.1314592099854,0.2,22.1520170754032,22
1150.0,20.3821009317858,22.0775010113308,22.1314592099854,0.2,22.1516259635708,22
1150.5,20.3821009317858,22.0775010113308,22.1314592099854,0.2,22.1512456092567,22
1151.0,20.3821009317858,22.0775010113308,22.1314592099854,0.2,22.1508756807333,22
1151.5,20.3821009317858,22.0775010113308,22.1314592099854,0.2,22.1505158571824,22
1152.0,20.3821009317858,22.0775010113308,22.1314592099854,0.2,22.1501658283245,22
1152.5,20.3821009317858,22.0775010113308,22.1314592099854,0.2,22.1498252940617,22
1153.0,20.3821009317858,22.0775010113308,22.1314592099854,0.2,22.1494939641324,22
1153.5,20.3821009317858,22.0775010113308,22.1314592099854,0.2,22.1491715577781,22
1154.0,20.3821009317858,22.0505256511042,22.1044788578092,0.2,22.1488578034215,22
1154.5,20.3821009317858,22.0505256511042,22.1044788578092,0.2,22.1478168202823,22
1155.0,20.3821009317858,22.0505256511042,22.1044788578092,0.2,22.146809351121,22
1155.5,20.3821009317858,22.0505256511042,22.1044788578092,0.2,22.1458342745123,22
1156.0,20.3821009317858,22.0505256511042,22.1044788578092,0.2,22.1448905072389,22
1156.5,20.3821009317858,22.0505256511042,22.1044788578092,0.2,22.1439770029792,22
1157.0,20.3821009317858,22.0505256511042,22.1044788578092,0.2,22.1430927510399,22
1157.5,20.3821009317858,22.0505256511042,22.1044788578092,0.2,22.142236775133,22
1158.0,20.3821009317858,22.0505256511042,22.1044788578092,0.2,22.1414081321944,22
1158.5,20.3821009317858,22.0505256511042,22.1044788578092,0.2,22.140605911243,22
1159.0,20.3821009317858,22.0505256511042,22.1044788578092,0.2,22.13982923228,22
1159.5,20.3821009317858,22.0505256511042,22.1044788578092,0.2,22.1390772452253,22
1160.0,20.3821009317858,22.0505256511042,22.1044788578092,0.2,22.1383491288906,22
1160.5,20.3821009317858,22.0505256511042,22.1044788578092,0.2,22.1376440899887,22
1161.0,20.3821009317858,22.0505256511042,22.1044788578092,0.2,22.1369613621758,22
1161.5,20.3821009317858,22.0505256511042,22.1044788578092,0.2,22.1363002051277,22
1162.0,20.3821009317858,22.0505256511042,22.1044788578092,0.2,22.1356599036474,22
1162.5,20.3821009317858,22.0505256511042,22.1044788578092,0.2,22.1350397668032,22
1163.0,20.3821009317858,22.0505256511042,22.1044788578092,0.2,22.1344391270973,22
1163.5,20.3821009317858,22.0505256511042,22.1044788578092,0.2,22.1338573396621,22
1164.0,20.3821009317858,22.0505256511042,22.1044788578092,0.2,22.1332937814848,22
1164.5,20.3821009317858,22.0505256511042,22.1044788578092,0.2,22.1327478506585,22
1165.0,20.3821009317858,22.0505256511042,22.1044788578092,0.2,22.1322189656591,22
1165.5,20.3821009317858,22.0505256511042,22.1044788578092,0.2,22.131706564647,22
1166.0,20.3821009317858,22.0505256511042,22.1044788578092,0.2,22.1312101047931,22
1166.5,20.3821009317858,22.0505256511042,22.1044788578092,0.2,22.1307290616276,22
1167.0,20.3821009317858,22.0505256511042,22.1044788578092,0.2,22.1302629284116,22
1167.5,20.3821009317858,22.0505256511042,22.1044788578092,0.2,22.1298112155304,22
1168.0,20.3821009317858,22.0505256511042,22.1044788578092,0.2,22.1293734499068,22
1168.5,20.3821009317858,22.0505256511042,22.1044788578092,0.2,22.1289491744362,22
1169.0,20.3821009317858,22.0505256511042,22.1044788578092,0.2,22.1285379474392,22
1169.5,20.3821009317858,22.0505256511042,22.1044788578092,0.2,22.1281393421348,22
1170.0,20.3821009317858,22.0505256511042,22.1044788578092,0.2,22.1277529461306,22
1170.5,20.3821009317858,22.0505256511042,22.1044788578092,0.2,22.1273783609309,22
1171.0,20.3821009317858,22.0505256511042,22.1044788578092,0.2,22.1270152014618,22
1171.5,20.3821009317858,22.0505256511042,22.1044788578092,0.2,22.1266630956126,22
1172.0,20.3821009317858,22.0505256511042,22.1044788578092,0.2,22.1263216837927,22
1172.5,20.3821009317858,22.0505256511042,22.1044788578092,0.2,22.1259906185041,22
1173.0,20.3821009317858,22.0505256511042,22.1044788578092,0.2,22.1256695639285,22
1173.5,20.3821009317858,22.0505256511042,22.1044788578092,0.2,22.1253581955285,22
1174.0,20.3821009317858,22.0505256511042,22.1044788578092,0.2,22.1250561996626,22
1174.5,20.3821009317858,22.0505256511042,22.1044788578092,0.2,22.1247632732132,22
1175.0,20.3821009317858,22.0505256511042,22.1044788578092,0.2,22.124479123228,22
1175.5,20.3821009317858,22.0505256511042,22.1044788578092,0.2,22.1242034665729,22
1176.0,20.3821009317858,22.0505256511042,22.1044788578092,0.2,22.1239360295974,22
1176.5,20.3821009317858,22.0505256511042,22.1044788578092,0.2,22.1236765478113,22
1177.0,20.3821009317858,22.0505256511042,22.1044788578092,0.2,22.1234247655726,22
1177.5,20.3821009317858,22.0505256511042,22.1044788578092,0.2,22.123180435786,22
1178.0,20.3821009317858,22.0505256511042,22.1044788578092,0.2,22.1229433196119,22
1178.5,20.3821009317858,22.0505256511042,22.1044788578092,0.2,22.1227131861851,22
1179.0,20.3821009317858,22.0505256511042,22.1044788578092,0.2,22.1224898123438,22
1179.5,20.3821009317858,22.0505256511042,22.1044788578092,0.2,22.1222729823668,22
1180.0,20.3821009317858,22.0505256511042,22.1044788578092,0.2,22.1220624877211,22
1180.5,20.3821009317858,22.0505256511042,22.1044788578092,0.2,22.121858126817,22
1181.0,20.3821009317858,22.0505256511042,22.1044788578092,0.2,22.1216597047722,22
1181.5,20.3821009317858,22.0505256511042,22.1044788578092,0.2,22.1214670331838,22
1182.0,20.3821009317858,22.0505256511042,22.1044788578092,0.2,22.1212799299084,22
1182.5,20.3821009317858,22.0505256511042,22.1044788578092,0.2,22.1210982188491,22
1183.0,20.3821009317858,22.0505256511042,22.1044788578092,0.2,22.1209217297509,22
1183.5,20.3821009317858,22.0505256511042,22.1044788578092,0.2,22.1207502980015,22
1184.0,20.3821009317858,22.0505256511042,22.1044788578092,0.2,22.1205837644409,22
1184.5,20.3821009317858,22.0505256511042,22.1044788578092,0.2,22.1204219751757,22
1185.0,20.3821009317858,22.0235527576872,22.1044788578092,0.2,22.120264781401,22
1185.5,20.3821009317858,22.0235527576872,22.0775010113308,0.2,22.1193764884242,22
1186.0,20.3821009317858,22.0235527576872,22.0775010113308,0.2,22.1185178844121,22
1186.5,20.3821009317858,22.0235527576872,22.0775010113308,0.2,22.1176879593243,22
1187.0,20.3821009317858,22.0235527576872,22.0775010113308,0.2,22.1168857377584,22
1187.5,20.3821009317858,22.0235527576872,22.0775010113308,0.2,22.1161102777573,22
1188.0,20.3821009317858,22.0235527576872,22.0775010113308,0.2,22.1153606696589,22
1188.5,20.3821009317858,22.0235527576872,22.0775010113308,0.2,22.1146360349844,22
1189.0,20.3821009317858,22.0235527576872,22.0775010113308,0.2,22.1139355253655,22
1189.5,20.3821009317858,22.0235527576872,22.0775010113308,0.2,22.1132583215084,22
1190.0,20.3821009317858,22.0235527576872,22.0775010113308,0.2,22.1126036321933,22
1190.5,20.3821009317858,22.0235527576872,22.0775010113308,0.2,22.111970693309,22
1191.0,20.3821009317858,22.0235527576872,22.0775010113308,0.2,22.1113587669199,22
1191.5,20.3821009317858,22.0235527576872,22.0775010113308,0.2,22.110767140366,22
1192.0,20.3821009317858,22.0235527576872,22.0775010113308,0.2,22.110195125393,22
1192.5,20.3821009317858,22.0235527576872,22.0775010113308,0.2,22.1096420573135,22
1193.0,20.3821009317858,22.0235527576872,22.0775010113308,0.2,22.1091072941962,22
1193.5,20.3821009317858,22.0235527576872,22.0775010113308,0.2,22.1085902160834,22
1194.0,20.3821009317858,22.0235527576872,22.0775010113308,0.2,22.1080902242352,22
1194.5,20.3821009317858,22.0235527576872,22.0775010113308,0.2,22.1076067404003,22
1195.0,20.3821009317858,22.0235527576872,22.0775010113308,0.2,22.1071392061112,22
1195.5,20.3821009317858,22.0235527576872,22.0775010113308,0.2,22.1066870820044,22
1196.0,20.3821009317858,22.0235527576872,22.0775010113308,0.2,22.1062498471634,22
1196.5,20.3821009317858,22.0235527576872,22.0775010113308,0.2,22.1058269984847,22
1197.0,20.3821009317858,22.0235527576872,22.0775010113308,0.2,22.1054180500656,22
1197.5,20.3821009317858,22.0235527576872,22.0775010113308,0.2,22.105022532613,22
1198.0,20.3821009317858,22.0235527576872,22.0775010113308,0.2,22.1046399928725,22
1198.5,20.3821009317858,22.0235527576872,22.0775010113308,0.2,22.1042699930774,22
1199.0,20.3821009317858,22.0235527576872,22.0775010113308,0.2,22.1039121104165,22
1199.5,20.3821009317858,22.0235527576872,22.0775010113308,0.2,22.1035659365202,22
1200.0,20.3821009317858,22.0235527576872,22.0775010113308,0.2,22.1032310769645,22
1200.5,20.3821009317858,22.0235527576872,22.0775010113308,0.2,22.102907150792,22
1201.0,20.3821009317858,22.0235527576872,22.0775010113308,0.2,22.102593790049,22
1201.5,20.3821009317858,22.0235527576872,22.0775010113308,0.2,22.1022906393394,22
1202.0,20.3821009317858,22.0235527576872,22.0775010113308,0.2,22.1019973553931,22
1202.5,20.3821009317858,22.0235527576872,22.0775010113308,0.2,22.1017136066498,22
1203.0,20.3821009317858,22.0235527576872,22.0775010113308,0.2,22.1014390728567,22
1203.5,20.3821009317858,22.0235527576872,22.0775010113308,0.2,22.1011734446806,22
1204.0,20.3821009317858,22.0235527576872,22.0775010113308,0.2,22.1009164233331,22
1204.5,20.3821009317858,22.0235527576872,22.0775010113308,0.2,22.1006677202083,22
1205.0,20.3821009317858,22.0235527576872,22.0775010113308,0.2,22.1004270565337,22
1205.5,20.3821009317858,22.0235527576872,22.0775010113308,0.2,22.1001941630324,22
1206.0,20.3821009317858,22.0235527576872,22.0775010113308,0.2,22.0999687795976,22
1206.5,20.3821009317858,22.0235527576872,22.0775010113308,0.2,22.099750654978,22
1207.0,20.3821009317858,22.0235527576872,22.0775010113308,0.2,22.0995395464737,22
1207.5,20.3821009317858,22.0235527576872,22.0775010113308,0.2,22.0993352196431,22
1208.0,20.3821009317858,22.0235527576872,22.0775010113308,0.2,22.0991374480199,22
1208.5,20.3821009317858,22.0235527576872,22.0775010113308,0.2,22.098946012839,22
1209.0,20.3821009317858,22.0235527576872,22.0775010113308,0.2,22.098760702773,22
1209.5,20.3552431300291,22.0235527576872,22.0775010113308,0.2,22.0985813136771,22
1210.0,20.3552431300291,22.0235527576872,22.0775010113308,0.2,22.0984071266297,22
1210.5,20.3552431300291,22.0235527576872,22.0775010113308,0.2,22.0982374630403,22
1211.0,20.3552431300291,22.0235527576872,22.0775010113308,0.2,22.0980721879016,22
1211.5,20.3552431300291,22.0235527576872,22.0775010113308,0.2,22.0979111705906,22
1212.0,20.3552431300291,22.0235527576872,22.0775010113308,0.2,22.0977542847193,22
1212.5,20.3552431300291,22.0235527576872,22.0775010113308,0.2,22.0976014079919,22
1213.0,20.3552431300291,22.0235527576872,22.0775010113308,0.2,22.097452422066,22
1213.5,20.3552431300291,22.0235527576872,22.0775010113308,0.2,22.0973072124192,22
1214.0,20.3552431300291,22.0235527576872,22.0775010113308,0.2,22.0971656682197,22
1214.5,20.3552431300291,22.0235527576872,22.0775010113308,0.2,22.0970276822018,22
1215.0,20.3552431300291,22.0235527576872,22.0775010113308,0.2,22.0968931505456,22
1215.5,20.3552431300291,22.0235527576872,22.0775010113308,0.2,22.0967619727611,22
1216.0,20.3552431300291,22.0235527576872,22.0775010113308,0.2,22.0966340515755,22
1216.5,20.3552431300291,22.0235527576872,22.0775010113308,0.2,22.0965092928253,22
1217.0,20.3552431300291,22.0235527576872,22.0775010113308,0.2,22.0963876053517,22
1217.5,20.3552431300291,22.0235527576872,22.0775010113308,0.2,22.0962689008994,22
1218.0,20.3552431300291,22.0235527576872,22.0775010113308,0.2,22.0961530940194,22
1218.5,20.3552431300291,22.0235527576872,22.0775010113308,0.2,22.0960401019747,22
1219.0,20.3552431300291,22.0235527576872,22.0775010113308,0.2,22.0959298446492,22
1219.5,20.3552431300291,22.0235527576872,22.0775010113308,0.2,22.0958222444606,22
1220.0,20.3552431300291,22.0235527576872,22.0775010113308,0.2,22.0957172262747,22
1220.5,20.3552431300291,22.0235527576872,22.0775010113308,0.2,22.0956147173244,22
1221.0,20.3552431300291,22.0235527576872,22.0775010113308,0.2,22.0955146471302,22
1221.5,20.3552431300291,22.0235527576872,22.0775010113308,0.2,22.0954169474238,22
1222.0,20.3552431300291,22.0235527576872,22.0775010113308,0.2,22.0953215520748,22
1222.5,20.3552431300291,22.0235527576872,22.0775010113308,0.2,22.0952283970194,22
1223.0,20.3552431300291,22.0235527576872,22.0775010113308,0.2,22.0951374201913,22
1223.5,20.3552431300291,22.0235527576872,22.0775010113308,0.2,22.0950485614557,22
1224.0,20.3552431300291,22.0235527576872,22.0775010113308,0.2,22.0949617625451,22
1224.5,20.3552431300291,22.0235527576872,22.0775010113308,0.2,22.0948769669973,22
1225.0,20.3552431300291,22.0235527576872,22.0775010113308,0.2,22.0947941200959,22
1225.5,20.3552431300291,22.0235527576872,22.0775010113308,0.2,22.0947131688121,22
1226.0,20.3552431300291,22.0235527576872,22.0775010113308,0.2,22.0946340617492,22
1226.5,20.3552431300291,22.0235527576872,22.0775010113308,0.2,22.0945567490887,22
1227.0,20.3552431300291,22.0235527576872,22.0775010113308,0.2,22.0944811825382,22
1227.5,20.3552431300291,22.0235527576872,22.0775010113308,0.2,22.0944073152814,22
1228.0,20.3552431300291,22.0235527576872,22.0775010113308,0.2,22.0943351019291,22
1228.5,20.3552431300291,22.0235527576872,22.0775010113308,0.2,22.0942644984727,22
1229.0,20.3552431300291,22.0235527576872,22.0775010113308,0.2,22.0941954622388,22
1229.5,20.3552431300291,22.0235527576872,22.0775010113308,0.2,22.0941279518454,22
1230.0,20.3552431300291,22.0235527576872,22.0775010113308,0.2,22.0940619271597,22
1230.5,20.3552431300291,22.0235527576872,22.0775010113308,0.2,22.0939973492573,22
1231.0,20.3552431300291,22.0235527576872,22.0775010113308,0.2,22.0939341803827,22
1231.5,20.3552431300291,22.0235527576872,22.0775010113308,0.2,22.0938723839112,22
1232.0,20.3552431300291,22.0235527576872,22.0775010113308,0.2,22.0938119243122,22
1232.5,20.3552431300291,22.0235527576872,22.0775010113308,0.2,22.0937527671136,22
1233.0,20.3552431300291,22.0235527576872,22.0775010113308,0.2,22.0936948788675,22
1233.5,20.3552431300291,22.0235527576872,22.0775010113308,0.2,22.0936382271167,22
1234.0,20.3552431300291,22.0235527576872,22.0775010113308,0.2,22.0935827803633,22
1234.5,20.3552431300291,22.0235527576872,22.0775010113308,0.2,22.0935285080371,22
1235.0,20.3552431300291,22.0235527576872,22.0775010113308,0.2,22.0934753804658,22
1235.5,20.3552431300291,22.0235527576872,22.0775010113308,0.2,22.0934233688464,22
1236.0,20.3552431300291,22.0235527576872,22.0775010113308,0.2,22.0933724452171,22
1236.5,20.3552431300291,22.0235527576872,22.0775010113308,0.2,22.09332258243,22
1237.0,20.3552431300291,22.0235527576872,22.0775010113308,0.2,22.0932737541254,22
1237.5,20.3552431300291,22.0235527576872,22.0775010113308,0.2,22.0932259347065,22
1238.0,20.3552431300291,22.0235527576872,22.0775010113308,0.2,22.093179099315,22
1238.5,20.3552431300291,22.0235527576872,22.0775010113308,0.2,22.0931332238075,22
1239.0,20.3552431300291,22.0235527576872,22.0775010113308,0.2,22.0930882847329,22
1239.5,20.3552431300291,22.0235527576872,22.0775010113308,0.2,22.0930442593101,22
1240.0,20.3552431300291,22.0235527576872,22.0775010113308,0.2,22.0930011254072,22
1240.5,20.3552431300291,22.0235527576872,22.0775010113308,0.2,22.0929588615207,22
1241.0,20.3552431300291,21.9965823116423,22.0775010113308,0.2,22.0929174467556,22
1241.5,20.3552431300291,21.9965823116423,22.0775010113308,0.2,22.0921413767428,22
1242.0,20.3552431300291,21.9965823116423,22.0505256511042,0.2,22.0913914900114,22
1242.5,20.3552431300291,21.9965823116423,22.0505256511042,0.2,22.0906668919696,22
1243.0,20.3552431300291,21.9965823116423,22.0505256511042,0.2,22.0899667187632,22
1243.5,20.3552431300291,21.9965823116423,22.0505256511042,0.2,22.0892901362162,22
1244.0,20.3552431300291,21.9965823116423,22.0505256511042,0.2,22.0886363388091,22
1244.5,20.3552431300291,21.9965823116423,22.0505256511042,0.2,22.0880045486917,22
1245.0,20.3552431300291,21.9965823116423,22.0505256511042,0.2,22.0873940147304,22
1245.5,20.3552431300291,21.9965823116423,22.0505256511042,0.2,22.0868040115877,22
1246.0,20.3552431300291,21.9965823116423,22.0505256511042,0.2,22.0862338388344,22
1246.5,20.3552431300291,21.9965823116423,22.0505256511042,0.2,22.0856828200915,22
1247.0,20.3283865751214,21.9965823116423,22.0505256511042,0.2,22.0851503022023,22
1247.5,20.3283865751214,21.9965823116423,22.0505256511042,0.2,22.0846351327439,22
1248.0,20.3283865751214,21.9965823116423,22.0505256511042,0.2,22.0841362145746,22
1248.5,20.3283865751214,21.9965823116423,22.0505256511042,0.2,22.0836530085475,22
1249.0,20.3283865751214,21.9965823116423,22.0505256511042,0.2,22.0831849938375,22
1249.5,20.3283865751214,21.9965823116423,22.0505256511042,0.2,22.0827316673126,22
1250.0,20.3283865751214,21.9965823116423,22.0505256511042,0.2,22.0822925429253,22
1250.5,20.3283865751214,21.9965823116423,22.0505256511042,0.2,22.0818671511267,22
1251.0,20.3283865751214,21.9965823116423,22.0505256511042,0.2,22.0814550382993,22
1251.5,20.3283865751214,21.9965823116423,22.0505256511042,0.2,22.0810557662106,22
1252.0,20.3283865751214,21.9965823116423,22.0505256511042,0.2,22.080668911485,22
1252.5,20.3283865751214,21.9965823116423,22.0505256511042,0.2,22.0802940650935,22
1253.0,20.3283865751214,21.9965823116423,22.0505256511042,0.2,22.079930831862,22
1253.5,20.3283865751214,21.9965823116423,22.0505256511042,0.2,22.0795788299958,22
1254.0,20.3283865751214,21.9965823116423,22.0505256511042,0.2,22.0792376906206,22
1254.5,20.3283865751214,21.9965823116423,22.0505256511042,0.2,22.0789070573397,22
1255.0,20.3283865751214,21.9965823116423,22.0505256511042,0.2,22.0785865858062,22
1255.5,20.3283865751214,21.9965823116423,22.0505256511042,0.2,22.0782759433097,22
1256.0,20.3283865751214,21.9965823116423,22.0505256511042,0.2,22.0779748083778,22
1256.5,20.3283865751214,21.9965823116423,22.0505256511042,0.2,22.0776828703912,22
1257.0,20.3283865751214,21.9965823116423,22.0505256511042,0.2,22.0773998292116,22
1257.5,20.3283865751214,21.9965823116423,22.0505256511042,0.2,22.0771253948228,22
1258.0,20.3283865751214,21.9965823116423,22.0505256511042,0.2,22.0768592869845,22
1258.5,20.3283865751214,21.9965823116423,22.0505256511042,0.2,22.0766012348974,22
1259.0,20.3283865751214,21.9965823116423,22.0505256511042,0.2,22.07635097688,22
1259.5,20.3283865751214,21.9965823116423,22.0505256511042,0.2,22.076108260057,22
1260.0,20.3283865751214,21.9965823116423,22.0505256511042,0.2,22.0758728400577,22
1260.5,20.3283865751214,21.9965823116423,22.0505256511042,0.2,22.0756444807256,22
1261.0,20.3283865751214,21.9965823116423,22.0505256511042,0.2,22.0754229538371,22
1261.5,20.3283865751214,21.9965823116423,22.0505256511042,0.2,22.0752080388309,22
1262.0,20.3283865751214,21.9965823116423,22.0505256511042,0.2,22.0749995225456,22
1262.5,20.3015312477185,21.9696142935356,22.0505256511042,0.2,22.0747971989676,22
1263.0,20.3015312477185,21.9696142935356,22.0505256511042,0.2,22.0738649294679,22
1263.5,20.3015312477185,21.9696142935356,22.0505256511042,0.2,22.0729628233376,22
1264.0,20.3015312477185,21.9696142935356,22.0505256511042,0.2,22.0720898682725,22
1264.5,20.3015312477185,21.9696142935356,22.0505256511042,0.2,22.0712450865242,22
1265.0,20.3015312477185,21.9696142935356,22.0505256511042,0.2,22.0704275337118,22
1265.5,20.3015312477185,21.9696142935356,22.0505256511042,0.2,22.0696362976744,22
1266.0,20.3015312477185,21.9696142935356,22.0505256511042,0.2,22.0688704973632,22
1266.5,20.3015312477185,21.9696142935356,22.0505256511042,0.2,22.0681292817715,22
1267.0,20.3015312477185,21.9696142935356,22.0505256511042,0.2,22.0674118289022,22
1267.5,20.3015312477185,21.9696142935356,22.0505256511042,0.2,22.0667173447704,22
1268.0,20.3015312477185,21.9696142935356,22.0505256511042,0.2,22.0660450624408,22
1268.5,20.3015312477185,21.9696142935356,22.0505256511042,0.2,22.0653942410983,22
1269.0,20.3015312477185,21.9696142935356,22.0505256511042,0.2,22.0647641651499,22
1269.5,20.3015312477185,21.9696142935356,22.0505256511042,0.2,22.0641541433588,22
1270.0,20.3015312477185,21.9696142935356,22.0505256511042,0.2,22.0635635080073,22
1270.5,20.3015312477185,21.9696142935356,22.0505256511042,0.2,22.0629916140895,22
1271.0,20.3015312477185,21.9696142935356,22.0505256511042,0.2,22.0624378385308,22
1271.5,20.3015312477185,21.9696142935356,22.0505256511042,0.2,22.0619015794353,22
1272.0,20.3015312477185,21.9696142935356,22.0505256511042,0.2,22.0613822553583,22
1272.5,20.3015312477185,21.9696142935356,22.0505256511042,0.2,22.0608793046049,22
1273.0,20.3015312477185,21.9696142935356,22.0505256511042,0.2,22.0603921845515,22
1273.5,20.3015312477185,21.9696142935356,22.0505256511042,0.2,22.0599203709919,22
1274.0,20.3015312477185,21.9696142935356,22.0505256511042,0.2,22.0594633575053,22
1274.5,20.3015312477185,21.9696142935356,22.0505256511042,0.2,22.0590206548459,22
1275.0,20.3015312477185,21.9696142935356,22.0235527576872,0.2,22.0585917903544,22
1275.5,20.3015312477185,21.9696142935356,22.0235527576872,0.2,22.0581763073887,22
1276.0,20.3015312477185,21.9696142935356,22.0235527576872,0.2,22.0577737647751,22
1276.5,20.3015312477185,21.9696142935356,22.0235527576872,0.2,22.0573837362777,22
1277.0,20.3283865751214,21.9696142935356,22.0235527576872,0.2,22.057005810087,22
1277.5,20.3283865751214,21.9696142935356,22.0235527576872,0.2,22.0566401099897,22
1278.0,20.3283865751214,21.9696142935356,22.0235527576872,0.2,22.0562867395982,22
1278.5,20.3283865751214,21.9696142935356,22.0235527576872,0.2,22.0559452784531,22
1279.0,20.3283865751214,21.9696142935356,22.0235527576872,0.2,22.0556153205072,22
1279.5,20.3283865751214,21.9696142935356,22.0235527576872,0.2,22.0552964736299,22
1280.0,20.3283865751214,21.9696142935356,22.0235527576872,0.2,22.0549883591292,22
1280.5,20.3283865751214,21.9696142935356,22.0235527576872,0.2,22.0546906112902,22
1281.0,20.3283865751214,21.9696142935356,22.0235527576872,0.2,22.0544028769293,22
1281.5,20.3283865751214,21.9696142935356,22.0235527576872,0.2,22.0541248149636,22
1282.0,20.3283865751214,21.9696142935356,22.0235527576872,0.2,22.0538560959951,22
1282.5,20.3283865751214,21.9696142935356,22.0235527576872,0.2,22.0535964019098,22
1283.0,20.3283865751214,21.9696142935356,22.0235527576872,0.2,22.05334542549,22
1283.5,20.3283865751214,21.9696142935356,22.0235527576872,0.2,22.0531028700398,22
1284.0,20.3283865751214,21.9696142935356,22.0235527576872,0.2,22.0528684490239,22
1284.5,20.3283865751214,21.9696142935356,22.0235527576872,0.2,22.0526418857187,22
1285.0,20.3283865751214,21.9696142935356,22.0235527576872,0.2,22.0524229128756,22
1285.5,20.3283865751214,21.9696142935356,22.0235527576872,0.2,22.0522112723952,22
1286.0,20.3283865751214,21.9696142935356,22.0235527576872,0.2,22.0520067150133,22
1286.5,20.3283865751214,21.9696142935356,22.0235527576872,0.2,22.0518089999977,22
1287.0,20.3283865751214,21.9696142935356,22.0235527576872,0.2,22.0516178948551,22
1287.5,20.3283865751214,21.9696142935356,22.0235527576872,0.2,22.0514331750483,22
1288.0,20.3283865751214,21.9696142935356,22.0235527576872,0.2,22.0512546237232,22
1288.5,20.3283865751214,21.9696142935356,22.0235527576872,0.2,22.0510820314447,22
1289.0,20.3283865751214,21.9696142935356,22.0235527576872,0.2,22.0509151959424,22
1289.5,20.3283865751214,21.9696142935356,22.0235527576872,0.2,22.0507539218644,22
1290.0,20.3283865751214,21.9696142935356,22.0235527576872,0.2,22.0505980205401,22
1290.5,20.3283865751214,21.9696142935356,22.0235527576872,0.2,22.0504473097507,22
1291.0,20.3283865751214,21.9696142935356,22.0235527576872,0.2,22.0503016135078,22
1291.5,20.3283865751214,21.9696142935356,22.0235527576872,0.2,22.0501607618396,22
1292.0,20.3283865751214,21.9696142935356,22.0235527576872,0.2,22.0500245905844,22
1292.5,20.3283865751214,21.9696142935356,22.0235527576872,0.2,22.0498929411916,22
1293.0,20.3283865751214,21.9696142935356,22.0235527576872,0.2,22.0497656605285,22
1293.5,20.3283865751214,21.9696142935356,22.0235527576872,0.2,22.0496426006951,22
1294.0,20.3283865751214,21.9696142935356,22.0235527576872,0.2,22.0495236188441,22
1294.5,20.3283865751214,21.9696142935356,22.0235527576872,0.2,22.0494085770077,22
1295.0,20.3283865751214,21.9696142935356,22.0235527576872,0.2,22.0492973419305,22
1295.5,20.3283865751214,21.9696142935356,22.0235527576872,0.2,22.0491897849075,22
1296.0,20.3283865751214,21.9696142935356,22.0235527576872,0.2,22.0490857816281,22
1296.5,20.3283865751214,21.9696142935356,22.0235527576872,0.2,22.0489852120257,22
1297.0,20.3283865751214,21.9696142935356,22.0235527576872,0.2,22.0488879601316,22
1297.5,20.3283865751214,21.9696142935356,22.0235527576872,0.2,22.0487939139352,22
1298.0,20.3283865751214,21.9696142935356,22.0235527576872,0.2,22.0487029652475,22
1298.5,20.3283865751214,21.9696142935356,22.0235527576872,0.2,22.0486150095707,22
1299.0,20.3283865751214,21.9696142935356,22.0235527576872,0.2,22.0485299459714,22
1299.5,20.3283865751214,21.9696142935356,22.0235527576872,0.2,22.0484476769585,22
1300.0,20.3283865751214,21.9696142935356,22.0235527576872,0.2,22.0483681083651,22
1300.5,20.3283865751214,21.9696142935356,22.0235527576872,0.2,22.0482911492344,22
1301.0,20.3283865751214,21.9696142935356,22.0235527576872,0.2,22.0482167117102,22
1301.5,20.3283865751214,21.9696142935356,22.0235527576872,0.2,22.0481447109304,22
1302.0,20.3283865751214,21.9696142935356,22.0235527576872,0.2,22.0480750649239,22
1302.5,20.3283865751214,21.9696142935356,22.0235527576872,0.2,22.0480076945125,22
1303.0,20.3283865751214,21.9696142935356,22.0235527576872,0.2,22.0479425232144,22
1303.5,20.3283865751214,21.9696142935356,22.0235527576872,0.2,22.0478794771524,22
1304.0,20.3283865751214,21.9696142935356,22.0235527576872,0.2,22.0478184849641,22
1304.5,20.3283865751214,21.9696142935356,22.0235527576872,0.2,22.0477594777164,22
1305.0,20.3283865751214,21.9696142935356,22.0235527576872,0.2,22.0477023888219,22
1305.5,20.3283865751214,21.9696142935356,22.0235527576872,0.2,22.0476471539585,22
1306.0,20.3283865751214,21.9696142935356,22.0235527576872,0.2,22.0475937109924,22
1306.5,20.3283865751214,21.9696142935356,22.0235527576872,0.2,22.0475419999024,22
1307.0,20.3283865751214,21.9696142935356,22.0235527576872,0.2,22.0474919627082,22
1307.5,20.3283865751214,21.9696142935356,22.0235527576872,0.2,22.0474435434002,22
1308.0,20.3283865751214,21.9696142935356,22.0235527576872,0.2,22.0473966878722,22
1308.5,20.3283865751214,21.9696142935356,22.0235527576872,0.2,22.0473513438564,22
1309.0,20.3283865751214,21.9696142935356,22.0235527576872,0.2,22.04730746086,22
1309.5,20.3552431300291,21.9696142935356,22.0235527576872,0.2,22.047264990105,22
1310.0,20.3552431300291,21.9696142935356,22.0235527576872,0.2,22.0472244061579,22
1310.5,20.3283865751214,21.9696142935356,22.0235527576872,0.2,22.0471861515539,22
1311.0,20.3283865751214,21.9696142935356,22.0235527576872,0.2,22.0471496115945,22
1311.5,20.3283865751214,21.9696142935356,22.0235527576872,0.2,22.0471142085669,22
1312.0,20.3283865751214,21.9696142935356,22.0235527576872,0.2,22.0470799050867,22
1312.5,20.3283865751214,21.9696142935356,22.0235527576872,0.2,22.047046665032,22
1313.0,20.3283865751214,21.9696142935356,22.0235527576872,0.2,22.0470144535008,22
1313.5,20.3283865751214,21.9696142935356,22.0235527576872,0.2,22.0469832367686,22
1314.0,20.3283865751214,21.9696142935356,22.0235527576872,0.2,22.0469529822489,22
1314.5,20.3283865751214,21.9696142935356,22.0235527576872,0.2,22.0469236584537,22
1315.0,20.3283865751214,21.9696142935356,22.0235527576872,0.2,22.0468952349563,22
1315.5,20.3283865751214,21.9696142935356,22.0235527576872,0.2,22.0468676823548,22
1316.0,20.3283865751214,21.9696142935356,22.0235527576872,0.2,22.0468409722376,22
1316.5,20.3283865751214,21.9696142935356,22.0235527576872,0.2,22.0468150771488,22
1317.0,20.3283865751214,21.9696142935356,22.0235527576872,0.2,22.0467899705562,22
1317.5,20.3283865751214,21.9696142935356,22.0235527576872,0.2,22.0467656268198,22
1318.0,20.3283865751214,21.9696142935356,22.0235527576872,0.2,22.0467420211607,22
1318.5,20.3283865751214,21.9696142935356,22.0235527576872,0.2,22.0467191296324,22
1319.0,20.3283865751214,21.9696142935356,22.0235527576872,0.2,22.0466969290922,22
1319.5,20.3283865751214,21.9696142935356,22.0235527576872,0.2,22.0466753971737,22
1320.0,20.3283865751214,21.9696142935356,22.0235527576872,0.2,22.0466545122604,22
1320.5,20.3283865751214,21.9696142935356,22.0235527576872,0.2,22.0466342534601,22
1321.0,20.3283865751214,21.9696142935356,22.0235527576872,0.2,22.0466146005803,22
1321.5,20.3283865751214,21.9696142935356,22.0235527576872,0.2,22.0465955341043,22
1322.0,20.3283865751214,21.9696142935356,22.0235527576872,0.2,22.0465770351683,22
1322.5,20.3283865751214,21.9696142935356,22.0235527576872,0.2,22.0465590855389,22
1323.0,20.3283865751214,21.9696142935356,22.0235527576872,0.2,22.046541667592,22
1323.5,20.3283865751214,21.9696142935356,22.0235527576872,0.2,22.0465247642918,22
1324.0,20.3283865751214,21.9696142935356,22.0235527576872,0.2,22.046508359171,22
1324.5,20.3283865751214,21.9696142935356,22.0235527576872,0.2,22.0464924363111,22
1325.0,20.3283865751214,21.9696142935356,22.0235527576872,0.2,22.0464769803243,22
1325.5,20.3283865751214,21.9696142935356,22.0235527576872,0.2,22.046461976335,22
1326.0,20.3283865751214,21.9696142935356,22.0235527576872,0.2,22.0464474099625,22
1326.5,20.3283865751214,21.9696142935356,22.0235527576872,0.2,22.0464332673043,22
1327.0,20.3283865751214,21.9696142935356,22.0235527576872,0.2,22.04641953492,22
1327.5,20.3283865751214,21.9696142935356,22.0235527576872,0.2,22.0464061998152,22
1328.0,20.3283865751214,21.9696142935356,22.0235527576872,0.2,22.0463932494266,22
1328.5,20.3283865751214,21.9696142935356,22.0235527576872,0.2,22.0463806716075,22
1329.0,20.3015312477185,21.9696142935356,22.0235527576872,0.2,22.0463684546135,22
1329.5,20.3015312477185,21.9696142935356,22.0235527576872,0.2,22.0463560654241,22
1330.0,20.3015312477185,21.9696142935356,22.0235527576872,0.2,22.0463430050234,22
1330.5,20.3015312477185,21.9696142935356,22.0235527576872,0.2,22.0463293118236,22
1331.0,20.3015312477185,21.9696142935356,22.0235527576872,0.2,22.0463150227238,22
1331.5,20.3015312477185,21.9696142935356,22.0235527576872,0.2,22.0463001731644,22
1332.0,20.3015312477185,21.9696142935356,22.0235527576872,0.2,22.0462847971782,22
1332.5,20.3015312477185,21.9696142935356,22.0235527576872,0.2,22.0462689274408,22
1333.0,20.3015312477185,21.9696142935356,22.0235527576872,0.2,22.0462525953189,22
1333.5,20.3015312477185,21.9696142935356,22.0235527576872,0.2,22.0462358309168,22
1334.0,20.3015312477185,21.9696142935356,22.0235527576872,0.2,22.0462186631218,22
1334.5,20.3015312477185,21.9696142935356,22.0235527576872,0.2,22.0462011196473,22
1335.0,20.3015312477185,21.9696142935356,22.0235527576872,0.2,22.0461832270751,22
1335.5,20.3015312477185,21.9696142935356,22.0235527576872,0.2,22.0461650108964,22
1336.0,20.3015312477185,21.9696142935356,22.0235527576872,0.2,22.0461464955501,22
1336.5,20.3015312477185,21.9696142935356,22.0235527576872,0.2,22.0461277044617,22
1337.0,20.3015312477185,21.9696142935356,22.0235527576872,0.2,22.046108660079,22
1337.5,20.3015312477185,21.9696142935356,22.0235527576872,0.2,22.0460893839083,22
1338.0,20.3015312477185,21.9696142935356,22.0235527576872,0.2,22.0460698965476,22
1338.5,20.3015312477185,21.9696142935356,22.0235527576872,0.2,22.0460502177204,22
1339.0,20.3015312477185,21.9696142935356,22.0235527576872,0.2,22.0460303663069,22
1339.5,20.3015312477185,21.9696142935356,22.0235527576872,0.2,22.046010360375,22
1340.0,20.3015312477185,21.9426486839372,22.0235527576872,0.2,22.04599021721,22
1340.5,20.3015312477185,21.9426486839372,22.0235527576872,0.2,22.0452346011694,22
1341.0,20.3015312477185,21.9426486839372,22.0235527576872,0.2,22.0445042498817,22
1341.5,20.3015312477185,21.9426486839372,22.0235527576872,0.2,22.0437983031992,22
1342.0,20.3015312477185,21.9426486839372,22.0235527576872,0.2,22.0431159304963,22
1342.5,20.3015312477185,21.9426486839372,22.0235527576872,0.2,22.0424563296529,22
1343.0,20.3015312477185,21.9426486839372,22.0235527576872,0.2,22.0418187260728,22
1343.5,20.3015312477185,21.9426486839372,22.0235527576872,0.2,22.0412023717352,22
1344.0,20.3015312477185,21.9426486839372,22.0235527576872,0.2,22.0406065442798,22
1344.5,20.3015312477185,21.9426486839372,22.0235527576872,0.2,22.0400305461231,22
1345.0,20.3015312477185,21.9426486839372,22.0235527576872,0.2,22.0394737036053,22
1345.5,20.3015312477185,21.9426486839372,22.0235527576872,0.2,22.0389353661664,22
1346.0,20.3015312477185,21.9426486839372,22.0235527576872,0.2,22.038414905551,22
1346.5,20.3015312477185,21.9426486839372,22.0235527576872,0.2,22.03791171504,22
1347.0,20.3015312477185,21.9426486839372,22.0235527576872,0.2,22.03742520871,22
1347.5,20.3015312477185,21.9426486839372,22.0235527576872,0.2,22.0369548207165,22
1348.0,20.3015312477185,21.9426486839372,22.0235527576872,0.2,22.0365000046033,22
1348.5,20.3015312477185,21.9426486839372,22.0235527576872,0.2,22.0360602326352,22
1349.0,20.3015312477185,21.9426486839372,22.0235527576872,0.2,22.0356349951533,22
1349.5,20.3015312477185,21.9426486839372,22.0235527576872,0.2,22.0352237999532,22
1350.0,20.3015312477185,21.9426486839372,22.0235527576872,0.2,22.0348261716845,22
1350.5,20.3015312477185,21.9426486839372,22.0235527576872,0.2,22.0344416512705,22
1351.0,20.3015312477185,21.9426486839372,22.0235527576872,0.2,22.0340697953484,22
1351.5,20.3015312477185,21.9426486839372,22.0235527576872,0.2,22.0337101757289,22
1352.0,20.3015312477185,21.9426486839372,22.0235527576872,0.2,22.0333623788738,22
1352.5,20.3015312477185,21.9426486839372,22.0235527576872,0.2,22.0330260053924,22
1353.0,20.3015312477185,21.9426486839372,22.0235527576872,0.2,22.0327006695548,22
1353.5,20.3015312477185,21.9426486839372,22.0235527576872,0.2,22.0323859988219,22
1354.0,20.2746771284745,21.9426486839372,22.0235527576872,0.2,22.0320816333919,22
1354.5,20.2746771284745,21.9426486839372,22.0235527576872,0.2,22.0317867041211,22
1355.0,20.2746771284745,21.9426486839372,22.0235527576872,0.2,22.0315003873696,22
1355.5,20.2746771284745,21.9426486839372,22.0235527576872,0.2,22.0312224080063,22
1356.0,20.2746771284745,21.9426486839372,22.0235527576872,0.2,22.0309525001112,22
1356.5,20.2746771284745,21.9426486839372,22.0235527576872,0.2,22.0306904066593,22
1357.0,20.2746771284745,21.9426486839372,21.9965823116423,0.2,22.0304358792171,22
1357.5,20.2746771284745,21.9426486839372,21.9965823116423,0.2,22.0301886776484,22
1358.0,20.2746771284745,21.9426486839372,21.9965823116423,0.2,22.0299485698306,22
1358.5,20.2746771284745,21.9426486839372,21.9965823116423,0.2,22.0297153313813,22
1359.0,20.2746771284745,21.9426486839372,21.9965823116423,0.2,22.0294887453935,22
1359.5,20.2746771284745,21.9426486839372,21.9965823116423,0.2,22.0292686021804,22
1360.0,20.2746771284745,21.9426486839372,21.9965823116423,0.2,22.0290546990294,22
1360.5,20.2746771284745,21.9426486839372,21.9965823116423,0.2,22.0288468399634,22
1361.0,20.2746771284745,21.9426486839372,21.9965823116423,0.2,22.0286448355119,22
1361.5,20.2746771284745,21.9426486839372,21.9965823116423,0.2,22.0284485024884,22
1362.0,20.2746771284745,21.9426486839372,21.9965823116423,0.2,22.0282576637771,22
1362.5,20.2746771284745,21.9426486839372,21.9965823116423,0.2,22.0280721481252,22
1363.0,20.2746771284745,21.9426486839372,21.9965823116423,0.2,22.0278917899442,22
1363.5,20.2746771284745,21.9426486839372,21.9965823116423,0.2,22.0277164291163,22
1364.0,20.2746771284745,21.9426486839372,21.9965823116423,0.2,22.0275459108091,22
1364.5,20.2746771284745,21.9426486839372,21.9965823116423,0.2,22.0273800852951,22
1365.0,20.2746771284745,21.9426486839372,21.9965823116423,0.2,22.027218807779,22
1365.5,20.2746771284745,21.9426486839372,21.9965823116423,0.2,22.0270619382294,22
1366.0,20.2746771284745,21.9426486839372,21.9965823116423,0.2,22.0269093412177,22
1366.5,20.2746771284745,21.9426486839372,21.9965823116423,0.2,22.0267608857615,22
1367.0,20.2746771284745,21.9426486839372,21.9965823116423,0.2,22.0266164451739,22
1367.5,20.2746771284745,21.9426486839372,21.9965823116423,0.2,22.0264758969181,22
1368.0,20.2746771284745,21.9426486839372,21.9965823116423,0.2,22.0263391224663,22
1368.5,20.2746771284745,21.9426486839372,21.9965823116423,0.2,22.0262060071646,22
1369.0,20.2746771284745,21.9426486839372,21.9965823116423,0.2,22.0260764401012,22
1369.5,20.2746771284745,21.9426486839372,21.9965823116423,0.2,22.0259503139803,22
1370.0,20.2746771284745,21.9426486839372,21.9965823116423,0.2,22.0258275249997,22
1370.5,20.2746771284745,21.9426486839372,21.9965823116423,0.2,22.0257079727329,22
1371.0,20.2746771284745,21.9426486839372,21.9965823116423,0.2,22.0255915600146,22
1371.5,20.2746771284745,21.9426486839372,21.9965823116423,0.2,22.0254781928315,22
1372.0,20.2746771284745,21.9426486839372,21.9965823116423,0.2,22.0253677802151,22
1372.5,20.2746771284745,21.9426486839372,21.9965823116423,0.2,22.0252602341399,22
1373.0,20.2746771284745,21.9426486839372,21.9965823116423,0.2,22.0251554694236,22
1373.5,20.2746771284745,21.9426486839372,21.9965823116423,0.2,22.0250534036318,22
1374.0,20.2746771284745,21.9426486839372,21.9965823116423,0.2,22.0249539569853,22
1374.5,20.2746771284745,21.9426486839372,21.9965823116423,0.2,22.0248570522712,22
1375.0,20.2746771284745,21.9426486839372,21.9965823116423,0.2,22.0247626147564,22
1375.5,20.2746771284745,21.9426486839372,21.9965823116423,0.2,22.0246705721043,22
1376.0,20.2746771284745,21.9156854634213,21.9965823116423,0.2,22.0245808542948,22
1376.5,20.2746771284745,21.9156854634213,21.9965823116423,0.2,22.0237581065227,22
1377.0,20.2746771284745,21.9156854634213,21.9965823116423,0.2,22.0229629175959,22
1377.5,20.2746771284745,21.9156854634213,21.9965823116423,0.2,22.0221943488122,22
1378.0,20.2746771284745,21.9156854634213,21.9965823116423,0.2,22.0214514936843,22
1378.5,20.2746771284745,21.9156854634213,21.9965823116423,0.2,22.0207334768304,22
1379.0,20.2746771284745,21.9156854634213,21.9965823116423,0.2,22.0200394529036,22
1379.5,20.2746771284745,21.9156854634213,21.9965823116423,0.2,22.0193686055573,22
1380.0,20.2746771284745,21.9156854634213,21.9965823116423,0.2,22.0187201464473,22
1380.5,20.2746771284745,21.9156854634213,21.9965823116423,0.2,22.0180933142675,22
1381.0,20.2746771284745,21.9156854634213,21.9965823116423,0.2,22.0174873738194,22
1381.5,20.2746771284745,21.9156854634213,21.9965823116423,0.2,22.0169016151134,22
1382.0,20.2746771284745,21.9156854634213,21.9965823116423,0.2,22.0163353525008,22
1382.5,20.2746771284745,21.9156854634213,21.9965823116423,0.2,22.0157879238368,22
1383.0,20.2746771284745,21.9156854634213,21.9965823116423,0.2,22.0152586896708,22
1383.5,20.2746771284745,21.9156854634213,21.9965823116423,0.2,22.0147470324661,22
1384.0,20.2746771284745,21.9156854634213,21.9965823116423,0.2,22.0142523558452,22
1384.5,20.2746771284745,21.9156854634213,21.9965823116423,0.2,22.0137740838624,22
1385.0,20.2746771284745,21.9156854634213,21.9965823116423,0.2,22.0133116603004,22
1385.5,20.2746771284745,21.9156854634213,21.9965823116423,0.2,22.0128645479917,22
1386.0,20.2746771284745,21.9156854634213,21.9965823116423,0.2,22.0124322281631,22
1386.5,20.2746771284745,21.9156854634213,21.9965823116423,0.2,22.0120141998033,22
1387.0,20.2746771284745,21.9156854634213,21.9965823116423,0.2,22.0116099790516,22
1387.5,20.2746771284745,21.9156854634213,21.9965823116423,0.2,22.0112190986081,22
1388.0,20.2746771284745,21.9156854634213,21.9965823116423,0.2,22.0108411071644,22
1388.5,20.2746771284745,21.9156854634213,21.9965823116423,0.2,22.0104755688533,22
1389.0,20.2746771284745,21.9156854634213,21.9965823116423,0.2,22.0101220627181,22
1389.5,20.3015312477185,21.9156854634213,21.9965823116423,0.2,22.0097801821999,22
1390.0,20.3015312477185,21.9156854634213,21.9965823116423,0.2,22.0094500562835,22
1390.5,20.3015312477185,21.9156854634213,21.9965823116423,0.2,22.0091317937513,22
1391.0,20.3015312477185,21.9426486839372,21.9965823116423,0.2,22.0088249793078,22
1391.5,20.3015312477185,21.9426486839372,21.9965823116423,0.2,22.009264499062,22
1392.0,20.3015312477185,21.9426486839372,21.9965823116423,0.2,22.0096893115589,22
1392.5,20.3015312477185,21.9426486839372,21.9965823116423,0.2,22.010099918351,22
1393.0,20.3015312477185,21.9426486839372,21.9965823116423,0.2,22.0104968037416,22
1393.5,20.3015312477185,21.9426486839372,21.9965823116423,0.2,22.0108804353804,22
1394.0,20.3015312477185,21.9426486839372,21.9965823116423,0.2,22.011251264838,22
1394.5,20.3015312477185,21.9426486839372,21.9965823116423,0.2,22.0116097281608,22
1395.0,20.3015312477185,21.9426486839372,21.9965823116423,0.2,22.0119562464072,22
1395.5,20.3015312477185,21.9426486839372,21.9965823116423,0.2,22.0122912261642,22
1396.0,20.3015312477185,21.9426486839372,21.9965823116423,0.2,22.0126150600474,22
1396.5,20.3015312477185,21.9426486839372,21.9965823116423,0.2,22.0129281271827,22
1397.0,20.3015312477185,21.9426486839372,21.9965823116423,0.2,22.0132307936718,22
1397.5,20.3015312477185,21.9426486839372,21.9965823116423,0.2,22.0135234130416,22
1398.0,20.3015312477185,21.9426486839372,21.9965823116423,0.2,22.0138063266781,22
1398.5,20.3015312477185,21.9426486839372,21.9965823116423,0.2,22.0140798642449,22
1399.0,20.3015312477185,21.9426486839372,21.9965823116423,0.2,22.0143443440881,22
1399.5,20.3015312477185,21.9426486839372,21.9965823116423,0.2,22.014600073626,22
1400.0,20.3015312477185,21.9426486839372,21.9965823116423,0.2,22.0148473497266,22
1400.5,20.3015312477185,21.9426486839372,21.9965823116423,0.2,22.015086459071,22
1401.0,20.3015312477185,21.9426486839372,21.9965823116423,0.2,22.0153176785051,22
1401.5,20.3015312477185,21.9426486839372,21.9965823116423,0.2,22.0155412753781,22
1402.0,20.3015312477185,21.9426486839372,21.9965823116423,0.2,22.0157575078709,22
1402.5,20.3015312477185,21.9426486839372,21.9965823116423,0.2,22.0159666253111,22
1403.0,20.3015312477185,21.9426486839372,21.9965823116423,0.2,22.016168868479,22
1403.5,20.3015312477185,21.9426486839372,21.9965823116423,0.2,22.0163644699021,22
1404.0,20.3015312477185,21.9426486839372,21.9965823116423,0.2,22.0165536541392,22
1404.5,20.3015312477185,21.9426486839372,21.9965823116423,0.2,22.0167366380553,22
1405.0,20.3015312477185,21.9426486839372,21.9965823116423,0.2,22.0169136310869,22
1405.5,20.3015312477185,21.9426486839372,21.9965823116423,0.2,22.0170848354976,22
1406.0,20.3015312477185,21.9426486839372,21.9965823116423,0.2,22.0172504466256,22
1406.5,20.3015312477185,21.9426486839372,21.9965823116423,0.2,22.0174106531221,22
1407.0,20.3015312477185,21.9426486839372,21.9965823116423,0.2,22.0175656371815,22
1407.5,20.3015312477185,21.9426486839372,21.9965823116423,0.2,22.0177155747645,22
1408.0,20.3015312477185,21.9426486839372,21.9965823116423,0.2,22.0178606358119,22
1408.5,20.3283865751214,21.9426486839372,21.9965823116423,0.2,22.0180009844526,22
1409.0,20.3283865751214,21.9426486839372,21.9965823116423,0.2,22.018137300868,22
1409.5,20.3283865751214,21.9426486839372,21.9965823116423,0.2,22.0182702261919,22
1410.0,20.3283865751214,21.9426486839372,21.9965823116423,0.2,22.0183998592609,22
1410.5,20.3283865751214,21.9426486839372,21.9965823116423,0.2,22.0185262957226,22
1411.0,20.3283865751214,21.9426486839372,21.9965823116423,0.2,22.0186496281441,22
1411.5,20.3283865751214,21.9426486839372,21.9965823116423,0.2,22.0187699461169,22
1412.0,20.3283865751214,21.9426486839372,21.9965823116423,0.2,22.0188873363577,22
1412.5,20.3283865751214,21.9426486839372,21.9965823116423,0.2,22.0190018828059,22
1413.0,20.3283865751214,21.9426486839372,21.9965823116423,0.2,22.0191136667178,22
1413.5,20.3283865751214,21.9426486839372,21.9965823116423,0.2,22.0192227667572,22
1414.0,20.3283865751214,21.9426486839372,21.9965823116423,0.2,22.0193292590834,22
1414.5,20.3283865751214,21.9426486839372,21.9965823116423,0.2,22.0194332174355,22
1415.0,20.3283865751214,21.9426486839372,21.9965823116423,0.2,22.0195347132143,22
1415.5,20.3283865751214,21.9426486839372,21.9965823116423,0.2,22.0196338155612,22
1416.0,20.3283865751214,21.9426486839372,21.9965823116423,0.2,22.019730591434,22
1416.5,20.3015312477185,21.9426486839372,21.9965823116423,0.2,22.0198251056808,22
1417.0,20.3015312477185,21.9426486839372,21.9965823116423,0.2,22.0199168994458,22
1417.5,20.3015312477185,21.9426486839372,21.9965823116423,0.2,22.0200055455318,22
1418.0,20.3015312477185,21.9426486839372,21.9965823116423,0.2,22.0200911519024,22
1418.5,20.3015312477185,21.9426486839372,21.9965823116423,0.2,22.0201738228172,22
1419.0,20.3015312477185,21.9426486839372,21.9965823116423,0.2,22.0202536589592,22
1419.5,20.3015312477185,21.9426486839372,21.9965823116423,0.2,22.0203307575571,22
1420.0,20.3015312477185,21.9426486839372,21.9965823116423,0.2,22.0204052125043,22
1420.5,20.3015312477185,21.9426486839372,21.9965823116423,0.2,22.0204771144733,22
1421.0,20.3015312477185,21.9426486839372,21.9965823116423,0.2,22.0205465510256,22
1421.5,20.3015312477185,21.9426486839372,21.9965823116423,0.2,22.0206136067192,22
1422.0,20.3015312477185,21.9426486839372,21.9965823116423,0.2,22.0206783632114,22
1422.5,20.3015312477185,21.9426486839372,21.9965823116423,0.2,22.020740899358,22
1423.0,20.3015312477185,21.9426486839372,21.9965823116423,0.2,22.02080129131,22
1423.5,20.3015312477185,21.9426486839372,21.9965823116423,0.2,22.0208596126059,22
1424.0,20.3015312477185,21.9426486839372,21.9965823116423,0.2,22.0209159342616,22
1424.5,20.3015312477185,21.9426486839372,21.9965823116423,0.2,22.0209703248568,22
1425.0,20.3015312477185,21.9426486839372,21.9965823116423,0.2,22.0210228506189,22
1425.5,20.3015312477185,21.9426486839372,21.9965823116423,0.2,22.0210735755032,22
1426.0,20.3015312477185,21.9426486839372,21.9965823116423,0.2,22.0211225612714,22
1426.5,20.3015312477185,21.9426486839372,21.9965823116423,0.2,22.0211698675664,22
1427.0,20.3015312477185,21.9426486839372,21.9965823116423,0.2,22.0212155519853,22
1427.5,20.3015312477185,21.9426486839372,21.9965823116423,0.2,22.0212596701494,22
1428.0,20.3015312477185,21.9426486839372,21.9965823116423,0.2,22.0213022757722,22
1428.5,20.3015312477185,21.9426486839372,21.9965823116423,0.2,22.0213434207246,22
1429.0,20.3015312477185,21.9426486839372,21.9965823116423,0.2,22.0213831550984,22
1429.5,20.3015312477185,21.9426486839372,21.9965823116423,0.2,22.0214215272669,22
1430.0,20.3015312477185,21.9426486839372,21.9965823116423,0.2,22.0214585839445,22
1430.5,20.3015312477185,21.9426486839372,21.9965823116423,0.2,22.0214943702429,22
1431.0,20.3015312477185,21.9426486839372,21.9965823116423,0.2,22.0215289297266,22
1431.5,20.3015312477185,21.9426486839372,21.9965823116423,0.2,22.021562304466,22
1432.0,20.3015312477185,21.9426486839372,21.9965823116423,0.2,22.0215945350882,22
1432.5,20.3015312477185,21.9426486839372,21.9965823116423,0.2,22.0216256608268,22
1433.0,20.3015312477185,21.9426486839372,21.9965823116423,0.2,22.0216557195699,22
1433.5,20.3015312477185,21.9426486839372,21.9965823116423,0.2,22.0216847479059,22
1434.0,20.3015312477185,21.9426486839372,21.9965823116423,0.2,22.0217127811683,22
1434.5,20.3015312477185,21.9426486839372,21.9965823116423,0.2,22.0217398534786,22
1435.0,20.3015312477185,21.9426486839372,21.9965823116423,0.2,22.0217659977882,22
1435.5,20.3015312477185,21.9426486839372,21.9965823116423,0.2,22.0217912459181,22
1436.0,20.3015312477185,21.9426486839372,21.9965823116423,0.2,22.021815628598,22
1436.5,20.3015312477185,21.9426486839372,21.9965823116423,0.2,22.0218391755035,22
1437.0,20.3015312477185,21.9426486839372,21.9965823116423,0.2,22.0218619152927,22
1437.5,20.3015312477185,21.9426486839372,21.9965823116423,0.2,22.0218838756403,22
1438.0,20.3015312477185,21.9426486839372,21.9965823116423,0.2,22.0219050832724,22
1438.5,20.3015312477185,21.9426486839372,21.9965823116423,0.2,22.021925563998,22
1439.0,20.3015312477185,21.9426486839372,21.9965823116423,0.2,22.0219453427413,22
1439.5,20.3015312477185,21.9426486839372,21.9965823116423,0.2,22.0219644435714,22
1440.0,20.3015312477185,21.9426486839372,21.9965823116423,0.2,22.021982889732,22
1440.5,20.3015312477185,21.9426486839372,21.9965823116423,0.2,22.0220007036698,22
1441.0,20.3015312477185,21.9426486839372,21.9965823116423,0.2,22.0220179070615,22
1441.5,20.3015312477185,21.9426486839372,21.9965823116423,0.2,22.0220345208404,22
1442.0,20.3015312477185,21.9426486839372,21.9965823116423,0.2,22.022050565222,22
1442.5,20.3015312477185,21.9426486839372,21.9965823116423,0.2,22.0220660597283,22
1443.0,20.3015312477185,21.9426486839372,21.9965823116423,0.2,22.022081023212,22
1443.5,20.3015312477185,21.9426486839372,21.9965823116423,0.2,22.0220954738792,22
1444.0,20.3015312477185,21.9426486839372,21.9965823116423,0.2,22.0221094293117,22
1444.5,20.3015312477185,21.9426486839372,21.9965823116423,0.2,22.0221229064881,22
1445.0,20.3015312477185,21.9426486839372,21.9965823116423,0.2,22.0221359218049,22
1445.5,20.3015312477185,21.9426486839372,21.9965823116423,0.2,22.0221484910965,22
1446.0,20.2746771284745,21.9426486839372,21.9965823116423,0.2,22.0221606296541,22
1446.5,20.2746771284745,21.9426486839372,21.9965823116423,0.2,22.0221718306031,22
1447.0,20.2746771284745,21.9426486839372,21.9965823116423,0.2,22.0221816201902,22
1447.5,20.2746771284745,21.9426486839372,21.9965823116423,0.2,22.022190061214,22
1448.0,20.2746771284745,21.9426486839372,21.9965823116423,0.2,22.0221972141377,22
1448.5,20.2746771284745,21.9426486839372,21.9965823116423,0.2,22.0222031371706,22
1449.0,20.2746771284745,21.9426486839372,21.9965823116423,0.2,22.0222078863473,22
1449.5,20.2746771284745,21.9426486839372,21.9965823116423,0.2,22.0222115156035,22
1450.0,20.2746771284745,21.9426486839372,21.9965823116423,0.2,22.0222140768501,22
1450.5,20.2746771284745,21.9426486839372,21.9965823116423,0.2,22.0222156200438,22
1451.0,20.2746771284745,21.9426486839372,21.9965823116423,0.2,22.022216193256,22
1451.5,20.2746771284745,21.9426486839372,21.9965823116423,0.2,22.0222158427392,22
1452.0,20.2746771284745,21.9156854634213,21.9965823116423,0.2,22.0222146129907,22
1452.5,20.2746771284745,21.9156854634213,21.9965823116423,0.2,22.0214772597914,22
1453.0,20.2746771284745,21.9156854634213,21.9965823116423,0.2,22.0207644787377,22
1453.5,20.2746771284745,21.9156854634213,21.9965823116423,0.2,22.0200754342494,22
1454.0,20.2746771284745,21.9156854634213,21.9965823116423,0.2,22.0194093194198,22
1454.5,20.2746771284745,21.9156854634213,21.9965823116423,0.2,22.0187653550277,22
1455.0,20.2746771284745,21.9156854634213,21.9965823116423,0.2,22.0181427885838,22
1455.5,20.2746771284745,21.9156854634213,21.9965823116423,0.2,22.0175408934099,22
1456.0,20.2746771284745,21.9156854634213,21.9965823116423,0.2,22.0169589677495,22
1456.5,20.2746771284745,21.9156854634213,21.9965823116423,0.2,22.0163963339099,22
1457.0,20.2746771284745,21.9156854634213,21.9965823116423,0.2,22.0158523374328,22
1457.5,20.2746771284745,21.9156854634213,21.9965823116423,0.2,22.0153263462946,22
1458.0,20.2746771284745,21.9156854634213,21.9965823116423,0.2,22.0148177501336,22
1458.5,20.2746771284745,21.9156854634213,21.9965823116423,0.2,22.0143259595041,22
1459.0,20.2746771284745,21.9156854634213,21.9965823116423,0.2,22.0138504051562,22
1459.5,20.2746771284745,21.9156854634213,21.9965823116423,0.2,22.0133905373406,22
1460.0,20.2746771284745,21.9156854634213,21.9965823116423,0.2,22.0129458251371,22
1460.5,20.2746771284745,21.9156854634213,21.9965823116423,0.2,22.0125157558065,22
1461.0,20.2746771284745,21.9156854634213,21.9965823116423,0.2,22.0120998341648,22
1461.5,20.2746771284745,21.9156854634213,21.9965823116423,0.2,22.011697581979,22
1462.0,20.2746771284745,21.9156854634213,21.9965823116423,0.2,22.0113085373834,22
1462.5,20.2746771284745,21.9156854634213,21.9965823116423,0.2,22.0109322543168,22
1463.0,20.2746771284745,21.9156854634213,21.9965823116423,0.2,22.0105683019784,22
1463.5,20.2746771284745,21.9156854634213,21.9965823116423,0.2,22.0102162643029,22
1464.0,20.2746771284745,21.9156854634213,21.9965823116423,0.2,22.0098757394532,22
1464.5,20.2746771284745,21.9156854634213,21.9965823116423,0.2,22.0095463393313,22
1465.0,20.2746771284745,21.9156854634213,21.9965823116423,0.2,22.0092276891055,22
1465.5,20.2746771284745,21.9156854634213,21.9965823116423,0.2,22.0089194267542,22
1466.0,20.2746771284745,21.9156854634213,21.9965823116423,0.2,22.0086212026254,22
1466.5,20.2746771284745,21.9156854634213,21.9965823116423,0.2,22.008332679011,22
1467.0,20.2746771284745,21.9156854634213,21.9965823116423,0.2,22.0080535297365,22
1467.5,20.2746771284745,21.9156854634213,21.9965823116423,0.2,22.0077834397642,22
1468.0,20.2746771284745,21.9156854634213,21.9965823116423,0.2,22.0075221048108,22
1468.5,20.2746771284745,21.9156854634213,21.9965823116423,0.2,22.0072692309768,22
1469.0,20.2746771284745,21.9156854634213,21.9965823116423,0.2,22.0070245343907,22
1469.5,20.2746771284745,21.9156854634213,21.9965823116423,0.2,22.0067877408635,22
1470.0,20.2746771284745,21.9156854634213,21.9965823116423,0.2,22.0065585855565,22
1470.5,20.2746771284745,21.9156854634213,21.9965823116423,0.2,22.0063368126599,22
1471.0,20.2746771284745,21.9156854634213,21.9965823116423,0.2,22.0061221750825,22
1471.5,20.2746771284745,21.9156854634213,21.9965823116423,0.2,22.0059144341523,22
1472.0,20.2746771284745,21.9156854634213,21.9965823116423,0.2,22.0057133593274,22
1472.5,20.2746771284745,21.9156854634213,21.9965823116423,0.2,22.0055187279167,22
1473.0,20.2746771284745,21.9156854634213,21.9965823116423,0.2,22.0053303248101,22
1473.5,20.2746771284745,21.9156854634213,21.9965823116423,0.2,22.0051479422189,22
1474.0,20.3015312477185,21.9156854634213,21.9965823116423,0.2,22.0049713794237,22
1474.5,20.3015312477185,21.9156854634213,21.9965823116423,0.2,22.0048009641733,22
1475.0,20.3015312477185,21.9156854634213,21.9965823116423,0.2,22.004636997182,22
1475.5,20.3015312477185,21.9156854634213,21.9965823116423,0.2,22.0044792484893,22
1476.0,20.3015312477185,21.9156854634213,21.9965823116423,0.2,22.0043274961461,22
1476.5,20.3015312477185,21.9156854634213,21.9965823116423,0.2,22.0041815259379,22
1477.0,20.3015312477185,21.9156854634213,21.9965823116423,0.2,22.0040411311184,22
1477.5,20.3015312477185,21.9156854634213,21.9965823116423,0.2,22.0039061121512,22
1478.0,20.3015312477185,21.9156854634213,21.9965823116423,0.2,22.0037762764614,22
1478.5,20.3015312477185,21.9156854634213,21.9965823116423,0.2,22.0036514381953,22
1479.0,20.3015312477185,21.9156854634213,21.9965823116423,0.2,22.0035314179878,22
1479.5,20.3015312477185,21.9156854634213,21.9965823116423,0.2,22.0034160427391,22
1480.0,20.3015312477185,21.9156854634213,21.9965823116423,0.2,22.0033051453977,22
1480.5,20.3015312477185,21.9156854634213,21.9965823116423,0.2,22.0031985647517,22
1481.0,20.3015312477185,21.9156854634213,21.9965823116423,0.2,22.0030961452271,22
1481.5,20.3015312477185,21.9156854634213,21.9965823116423,0.2,22.0029977366931,22
1482.0,20.3015312477185,21.9156854634213,21.9965823116423,0.2,22.0029031942735,22
1482.5,20.3015312477185,21.9156854634213,21.9965823116423,0.2,22.0028123781656,22
1483.0,20.3015312477185,21.9156854634213,21.9965823116423,0.2,22.0027251534645,22
1483.5,20.3015312477185,21.9156854634213,21.9965823116423,0.2,22.0026413899937,22
1484.0,20.3015312477185,21.9156854634213,21.9965823116423,0.2,22.0025609621417,22
1484.5,20.3015312477185,21.9426486839372,21.9965823116423,0.2,22.0024837487041,22
1485.0,20.3015312477185,21.9426486839372,21.9965823116423,0.2,22.0031449197544,22
1485.5,20.3015312477185,21.9426486839372,21.9965823116423,0.2,22.0037837080242,22
1486.0,20.3015312477185,21.9426486839372,21.9965823116423,0.2,22.0044008798113,22
1486.5,20.3015312477185,21.9426486839372,21.9965823116423,0.2,22.0049971750479,22
1487.0,20.3015312477185,21.9426486839372,21.9965823116423,0.2,22.0055733082094,22
1487.5,20.3015312477185,21.9426486839372,21.9965823116423,0.2,22.0061299691925,22
1488.0,20.3015312477185,21.9426486839372,21.9965823116423,0.2,22.0066678241624,22
1488.5,20.3015312477185,21.9426486839372,21.9965823116423,0.2,22.0071875163711,22
1489.0,20.3015312477185,21.9426486839372,21.9965823116423,0.2,22.0076896669474,22
1489.5,20.3015312477185,21.9426486839372,21.9965823116423,0.2,22.0081748756593,22
1490.0,20.3015312477185,21.9426486839372,21.9965823116423,0.2,22.008643721651,22
1490.5,20.3015312477185,21.9426486839372,21.9965823116423,0.2,22.0090967641531,22
1491.0,20.3015312477185,21.9426486839372,21.9965823116423,0.2,22.0095345431697,22
1491.5,20.3015312477185,21.9426486839372,21.9965823116423,0.2,22.0099575801407,22
1492.0,20.3015312477185,21.9426486839372,21.9965823116423,0.2,22.010366378582,22
1492.5,20.3015312477185,21.9426486839372,21.9965823116423,0.2,22.010761424703,22
1493.0,20.3015312477185,21.9426486839372,21.9965823116423,0.2,22.0111431880032,22
1493.5,20.3015312477185,21.9426486839372,21.9965823116423,0.2,22.0115121218482,22
1494.0,20.3015312477185,21.9426486839372,21.9965823116423,0.2,22.0118686640255,22
1494.5,20.3015312477185,21.9426486839372,21.9965823116423,0.2,22.0122132372817,22
1495.0,20.3015312477185,21.9426486839372,21.9965823116423,0.2,22.0125462498403,22
1495.5,20.3015312477185,21.9426486839372,21.9965823116423,0.2,22.0128680959025,22
1496.0,20.3015312477185,21.9426486839372,21.9965823116423,0.2,22.0131791561303,22
1496.5,20.3015312477185,21.9426486839372,21.9965823116423,0.2,22.013479798113,22
1497.0,20.3015312477185,21.9426486839372,21.9965823116423,0.2,22.0137703768175,22
1497.5,20.3015312477185,21.9426486839372,21.9965823116423,0.2,22.0140512350232,22
1498.0,20.3015312477185,21.9426486839372,21.9965823116423,0.2,22.0143227037419,22
1498.5,20.3015312477185,21.9426486839372,21.9965823116423,0.2,22.0145851026231,22
1499.0,20.3015312477185,21.9426486839372,21.9965823116423,0.2,22.0148387403454,22
1499.5,20.3015312477185,21.9426486839372,21.9965823116423,0.2,22.0150839149947,22
1500.0,20.3015312477185,21.9426486839372,21.9965823116423,0.2,22.0153209144284,22
1500.5,20.3015312477185,21.9426486839372,21.9965823116423,0.2,22.0155500166282,22
1501.0,20.3015312477185,21.9426486839372,21.9965823116423,0.2,22.0157714900399,22
1501.5,20.3015312477185,21.9426486839372,21.9965823116423,0.2,22.0159855939021,22
1502.0,20.3015312477185,21.9426486839372,21.9965823116423,0.2,22.016192578563,22
1502.5,20.3015312477185,21.9426486839372,21.9965823116423,0.2,22.0163926857866,22
1503.0,20.3015312477185,21.9426486839372,21.9965823116423,0.2,22.016586149048,22
1503.5,20.3015312477185,21.9426486839372,21.9965823116423,0.2,22.0167731938193,22
1504.0,20.3015312477185,21.9426486839372,21.9965823116423,0.2,22.0169540378447,22
1504.5,20.3015312477185,21.9426486839372,21.9965823116423,0.2,22.0171288914066,22
1505.0,20.3015312477185,21.9426486839372,21.9965823116423,0.2,22.0172979575826,22
1505.5,20.3015312477185,21.9426486839372,21.9965823116423,0.2,22.0174614324932,22
1506.0,20.3015312477185,21.9426486839372,21.9965823116423,0.2,22.0176195055415,22
1506.5,20.3015312477185,21.9426486839372,21.9965823116423,0.2,22.0177723596442,22
1507.0,20.3015312477185,21.9426486839372,21.9965823116423,0.2,22.017920171455,22
1507.5,20.3015312477185,21.9426486839372,21.9965823116423,0.2,22.0180631115799,22
1508.0,20.3015312477185,21.9426486839372,21.9965823116423,0.2,22.0182013447853,22
1508.5,20.3015312477185,21.9426486839372,21.9965823116423,0.2,22.018335030199,22
1509.0,20.3015312477185,21.9426486839372,21.9965823116423,0.2,22.0184643215042,22
1509.5,20.3015312477185,21.9426486839372,21.9965823116423,0.2,22.0185893671267,22
1510.0,20.3015312477185,21.9426486839372,21.9965823116423,0.2,22.0187103104158,22
1510.5,20.3015312477185,21.9426486839372,21.9965823116423,0.2,22.0188272898186,22
1511.0,20.3015312477185,21.9426486839372,21.9965823116423,0.2,22.018940439049,22
1511.5,20.3015312477185,21.9426486839372,21.9965823116423,0.2,22.0190498872504,22
1512.0,20.3015312477185,21.9426486839372,21.9965823116423,0.2,22.0191557591526,22
1512.5,20.3015312477185,21.9426486839372,21.9965823116423,0.2,22.0192581752236,22
1513.0,20.3015312477185,21.9426486839372,21.9965823116423,0.2,22.0193572518163,22
1513.5,20.3015312477185,21.9426486839372,21.9965823116423,0.2,22.0194531013097,22
1514.0,20.3015312477185,21.9426486839372,21.9965823116423,0.2,22.0195458322458,22
1514.5,20.3015312477185,21.9426486839372,21.9965823116423,0.2,22.0196355494612,22
1515.0,20.3015312477185,21.9426486839372,21.9965823116423,0.2,22.0197223542145,22
1515.5,20.3015312477185,21.9426486839372,21.9965823116423,0.2,22.0198063443092,22
1516.0,20.3015312477185,21.9426486839372,21.9965823116423,0.2,22.0198876142125,22
1516.5,20.3015312477185,21.9426486839372,21.9965823116423,0.2,22.01996625517,22
1517.0,20.3015312477185,21.9426486839372,21.9965823116423,0.2,22.020042355316,22
1517.5,20.3015312477185,21.9426486839372,21.9965823116423,0.2,22.0201159997807,22
1518.0,20.3015312477185,21.9156854634213,21.9965823116423,0.2,22.0201872707933,22
1518.5,20.3015312477185,21.9156854634213,21.9965823116423,0.2,22.019520960758,22
1519.0,20.3015312477185,21.9156854634213,21.9965823116423,0.2,22.018877800823,22
1519.5,20.3015312477185,21.9156854634213,21.9965823116423,0.2,22.0182569899231,22
1520.0,20.2746771284745,21.9156854634213,21.9965823116423,0.2,22.0176577546637,22
1520.5,20.2746771284745,21.9156854634213,21.9965823116423,0.2,22.0170788267248,22
1521.0,20.2746771284745,21.9156854634213,21.9965823116423,0.2,22.0165189972076,22
1521.5,20.2746771284745,21.9156854634213,21.9965823116423,0.2,22.0159776191574,22
1522.0,20.2746771284745,21.9156854634213,21.9965823116423,0.2,22.0154540677998,22
1522.5,20.2746771284745,21.9156854634213,21.9965823116423,0.2,22.0149477397768,22
1523.0,20.2746771284745,21.9156854634213,21.9965823116423,0.2,22.0144580524081,22
1523.5,20.2746771284745,21.9156854634213,21.9965823116423,0.2,22.0139844429789,22
1524.0,20.2746771284745,21.9156854634213,21.9965823116423,0.2,22.0135263680519,22
1524.5,20.2746771284745,21.9156854634213,21.9965823116423,0.2,22.0130833028031,22
1525.0,20.2746771284745,21.9156854634213,21.9965823116423,0.2,22.0126547403803,22
1525.5,20.2746771284745,21.9156854634213,21.9965823116423,0.2,22.0122401912846,22
1526.0,20.2746771284745,21.9156854634213,21.9965823116423,0.2,22.0118391827719,22
1526.5,20.2746771284745,21.9156854634213,21.9965823116423,0.2,22.0114512582765,22
1527.0,20.2746771284745,21.9156854634213,21.9965823116423,0.2,22.0110759768537,22
1527.5,20.2746771284745,21.9156854634213,21.9965823116423,0.2,22.0107129126416,22
1528.0,20.2746771284745,21.9156854634213,21.9965823116423,0.2,22.0103616543423,22
1528.5,20.2746771284745,21.9156854634213,21.9965823116423,0.2,22.01002180472,22
1529.0,20.2746771284745,21.9156854634213,21.9965823116423,0.2,22.0096929801174,22
1529.5,20.2746771284745,21.9156854634213,21.9965823116423,0.2,22.0093748099878,22
1530.0,20.2746771284745,21.9156854634213,21.9965823116423,0.2,22.0090669364442,22
1530.5,20.2746771284745,21.9156854634213,21.9965823116423,0.2,22.0087690138237,22
1531.0,20.2746771284745,21.9156854634213,21.9965823116423,0.2,22.0084807082665,22
1531.5,20.2746771284745,21.9156854634213,21.9965823116423,0.2,22.0082016973101,22
1532.0,20.2746771284745,21.9156854634213,21.9965823116423,0.2,22.0079316694972,22
1532.5,20.2746771284745,21.9156854634213,21.9965823116423,0.2,22.007670323997,22
1533.0,20.2746771284745,21.9156854634213,21.9965823116423,0.2,22.0074173702397,22
1533.5,20.2746771284745,21.9156854634213,21.9965823116423,0.2,22.0071725275641,22
1534.0,20.2746771284745,21.9156854634213,21.9965823116423,0.2,22.006935524876,22
1534.5,20.2746771284745,21.9156854634213,21.9965823116423,0.2,22.0067061003203,22
1535.0,20.2746771284745,21.9156854634213,21.9965823116423,0.2,22.0064840009625,22
1535.5,20.2746771284745,21.9156854634213,21.9965823116423,0.2,22.0062689824827,22
1536.0,20.2746771284745,21.9156854634213,21.9965823116423,0.2,22.0060608088792,22
1536.5,20.2746771284745,21.9156854634213,21.9965823116423,0.2,22.0058592521828,22
1537.0,20.2746771284745,21.9156854634213,21.9965823116423,0.2,22.005664092181,22
1537.5,20.2746771284745,21.9156854634213,21.9965823116423,0.2,22.0054751161512,22
1538.0,20.2746771284745,21.9156854634213,21.9965823116423,0.2,22.0052921186036,22
1538.5,20.2746771284745,21.9156854634213,21.9965823116423,0.2,22.0051149010328,22
1539.0,20.2746771284745,21.9156854634213,21.9965823116423,0.2,22.0049432716781,22
1539.5,20.2746771284745,21.9156854634213,21.9965823116423,0.2,22.0047770452917,22
1540.0,20.2746771284745,21.9156854634213,21.9965823116423,0.2,22.0046160429155,22
1540.5,20.2746771284745,21.9156854634213,21.9965823116423,0.2,22.0044600916648,22
1541.0,20.2746771284745,21.9156854634213,21.9965823116423,0.2,22.0043090245203,22
1541.5,20.2746771284745,21.9156854634213,21.9965823116423,0.2,22.0041626801265,22
1542.0,20.2746771284745,21.9156854634213,21.9965823116423,0.2,22.0040209025977,22
1542.5,20.2746771284745,21.9156854634213,21.9965823116423,0.2,22.0038835413304,22
1543.0,20.2746771284745,21.9156854634213,21.9965823116423,0.2,22.003750450822,22
1543.5,20.2746771284745,21.9156854634213,21.9965823116423,0.2,22.0036214904959,22
1544.0,20.2746771284745,21.9156854634213,21.9965823116423,0.2,22.0034965245331,22
1544.5,20.2746771284745,21.9156854634213,21.9965823116423,0.2,22.0033754217083,22
1545.0,20.2746771284745,21.9156854634213,21.9965823116423,0.2,22.0032580552336,22
1545.5,20.2746771284745,21.9156854634213,21.9965823116423,0.2,22.0031443026054,22
1546.0,20.2746771284745,21.9156854634213,21.9965823116423,0.2,22.0030340454584,22
1546.5,20.2746771284745,21.9156854634213,21.9965823116423,0.2,22.0029271694238,22
1547.0,20.2746771284745,21.9156854634213,21.9965823116423,0.2,22.002823563992,22
1547.5,20.2746771284745,21.9156854634213,21.9965823116423,0.2,22.0027231223812,22
1548.0,20.2746771284745,21.9156854634213,21.9965823116423,0.2,22.0026257414092,22
1548.5,20.2746771284745,21.9156854634213,21.9965823116423,0.2,22.0025313213707,22
1549.0,20.2746771284745,21.9156854634213,21.9965823116423,0.2,22.0024397659181,22
1549.5,20.2746771284745,21.9156854634213,21.9965823116423,0.2,22.0023509819469,22
1550.0,20.2746771284745,21.9156854634213,21.9965823116423,0.2,22.0022648794846,22
1550.5,20.2746771284745,21.9156854634213,21.9965823116423,0.2,22.0021813715839,22
1551.0,20.2746771284745,21.9156854634213,21.9965823116423,0.2,22.0021003742189,22
1551.5,20.2746771284745,21.9156854634213,21.9965823116423,0.2,22.0020218061859,22
1552.0,20.2746771284745,21.9156854634213,21.9965823116423,0.2,22.0019455890064,22
1552.5,20.2746771284745,21.9156854634213,21.9965823116423,0.2,22.0018716468346,22
1553.0,20.2746771284745,21.9156854634213,21.9696142935356,0.2,22.001799906367,22
1553.5,20.2746771284745,21.9156854634213,21.9696142935356,0.2,22.0017302967562,22
1554.0,20.2746771284745,21.9156854634213,21.9696142935356,0.2,22.0016627495265,22
1554.5,20.2746771284745,21.9156854634213,21.9696142935356,0.2,22.0015971984936,22
1555.0,20.2746771284745,21.9156854634213,21.9696142935356,0.2,22.001533579686,22
1555.5,20.2746771284745,21.9156854634213,21.9696142935356,0.2,22.0014718312698,22
1556.0,20.2746771284745,21.9156854634213,21.9696142935356,0.2,22.0014118934759,22
1556.5,20.2746771284745,21.9156854634213,21.9696142935356,0.2,22.0013537085296,22
1557.0,20.2746771284745,21.9156854634213,21.9696142935356,0.2,22.0012972205825,22
1557.5,20.2746771284745,21.9156854634213,21.9696142935356,0.2,22.0012423756473,22
1558.0,20.2746771284745,21.9156854634213,21.9696142935356,0.2,22.0011891215341,22
1558.5,20.2746771284745,21.9156854634213,21.9696142935356,0.2,22.0011374077894,22
1559.0,20.2746771284745,21.9156854634213,21.9696142935356,0.2,22.0010871856372,22
1559.5,20.2746771284745,21.9156854634213,21.9696142935356,0.2,22.0010384079216,22
1560.0,20.2746771284745,21.9156854634213,21.9696142935356,0.2,22.0009910290522,22
1560.5,20.2746771284745,21.9156854634213,21.9696142935356,0.2,22.0009450049504,22
1561.0,20.2746771284745,21.9156854634213,21.9696142935356,0.2,22.0009002929984,22
1561.5,20.2746771284745,21.9156854634213,21.9696142935356,0.2,22.0008568519898,22
1562.0,20.2746771284745,21.9156854634213,21.9696142935356,0.2,22.0008146420811,22
1562.5,20.2746771284745,21.9156854634213,21.9696142935356,0.2,22.0007736247459,22
1563.0,20.2746771284745,21.9156854634213,21.9696142935356,0.2,22.0007337627303,22
1563.5,20.2746771284745,21.9156854634213,21.9696142935356,0.2,22.0006950200095,22
1564.0,20.2746771284745,21.9156854634213,21.9696142935356,0.2,22.0006573617462,22
1564.5,20.2746771284745,21.9156854634213,21.9696142935356,0.2,22.0006207542506,22
1565.0,20.2746771284745,21.9156854634213,21.9696142935356,0.2,22.0005851649413,22
1565.5,20.2746771284745,21.9156854634213,21.9696142935356,0.2,22.000550562308,22
1566.0,20.2746771284745,21.9156854634213,21.9696142935356,0.2,22.0005169158752,22
1566.5,20.2746771284745,21.9156854634213,21.9696142935356,0.2,22.0004841961671,22
1567.0,20.3015312477185,21.9156854634213,21.9696142935356,0.2,22.000452374674,22
1567.5,20.3015312477185,21.9156854634213,21.9696142935356,0.2,22.0004219454608,22
1568.0,20.3015312477185,21.9156854634213,21.9696142935356,0.2,22.000393369867,22
1568.5,20.3015312477185,21.9156854634213,21.9696142935356,0.2,22.0003665730623,22
1569.0,20.3015312477185,21.9156854634213,21.9696142935356,0.2,22.000341482922,22
1569.5,20.3015312477185,21.9156854634213,21.9696142935356,0.2,22.0003180299323,22
1570.0,20.3015312477185,21.9156854634213,21.9696142935356,0.2,22.0002961471007,22
1570.5,20.3015312477185,21.9156854634213,21.9696142935356,0.2,22.0002757698676,22
1571.0,20.3015312477185,21.9156854634213,21.9696142935356,0.2,22.0002568360218,22
1571.5,20.3015312477185,21.9156854634213,21.9696142935356,0.2,22.0002392856192,22
1572.0,20.3015312477185,21.9156854634213,21.9696142935356,0.2,22.0002230609038,22
1572.5,20.3015312477185,21.9156854634213,21.9696142935356,0.2,22.0002081062313,22
1573.0,20.3015312477185,21.9156854634213,21.9965823116423,0.2,22.0001943679954,22
1573.5,20.3015312477185,21.9156854634213,21.9965823116423,0.2,22.0001817945572,22
1574.0,20.3015312477185,21.9156854634213,21.9965823116423,0.2,22.0001703361761,22
1574.5,20.3015312477185,21.9156854634213,21.9965823116423,0.2,22.0001599449436,22
1575.0,20.3015312477185,21.9156854634213,21.9965823116423,0.2,22.0001505747195,22
1575.5,20.3015312477185,21.9156854634213,21.9965823116423,0.2,22.0001421810696,22
1576.0,20.3015312477185,21.9156854634213,21.9965823116423,0.2,22.0001347212064,22
1576.5,20.3015312477185,21.9156854634213,21.9965823116423,0.2,22.0001281539313,22
1577.0,20.3015312477185,21.9156854634213,21.9965823116423,0.2,22.0001224395786,22
1577.5,20.3015312477185,21.9156854634213,21.9965823116423,0.2,22.0001175399622,22
1578.0,20.3015312477185,21.9156854634213,21.9965823116423,0.2,22.0001134183231,22
1578.5,20.3015312477185,21.9156854634213,21.9965823116423,0.2,22.0001100392798,22
1579.0,20.3015312477185,21.9156854634213,21.9965823116423,0.2,22.0001073687793,22
1579.5,20.3015312477185,21.9156854634213,21.9965823116423,0.2,22.0001053740507,22
1580.0,20.3015312477185,21.9156854634213,21.9965823116423,0.2,22.0001040235598,22
1580.5,20.3015312477185,21.9156854634213,21.9965823116423,0.2,22.0001032869655,22
1581.0,20.3015312477185,21.9156854634213,21.9965823116423,0.2,22.0001031350779,22
1581.5,20.3015312477185,21.9156854634213,21.9965823116423,0.2,22.0001035398172,22
1582.0,20.3015312477185,21.9426486839372,21.9965823116423,0.2,22.0001044741748,22
1582.5,20.3015312477185,21.9426486839372,21.9965823116423,0.2,22.0008411991984,22
1583.0,20.3015312477185,21.9426486839372,21.9965823116423,0.2,22.0015530354832,22
1583.5,20.3015312477185,21.9426486839372,21.9965823116423,0.2,22.0022408341865,22
1584.0,20.3283865751214,21.9426486839372,21.9965823116423,0.2,22.002905417199,22
1584.5,20.3015312477185,21.9426486839372,21.9965823116423,0.2,22.0035480998183,22
1585.0,20.3015312477185,21.9426486839372,21.9965823116423,0.2,22.0041696147641,22
1585.5,20.3015312477185,21.9426486839372,21.9965823116423,0.2,22.0047701649764,22
1586.0,20.3015312477185,21.9426486839372,21.9965823116423,0.2,22.0053504668878,22
1586.5,20.3015312477185,21.9426486839372,21.9965823116423,0.2,22.0059112123058,22
1587.0,20.3015312477185,21.9426486839372,21.9965823116423,0.2,22.006453069262,22
1587.5,20.3015312477185,21.9426486839372,21.9965823116423,0.2,22.0069766828308,22
1588.0,20.3015312477185,21.9426486839372,21.9965823116423,0.2,22.0074826759206,22
1588.5,20.3015312477185,21.9426486839372,21.9965823116423,0.2,22.0079716500376,22
1589.0,20.3015312477185,21.9426486839372,21.9965823116423,0.2,22.008444186023,22
1589.5,20.3015312477185,21.9426486839372,21.9965823116423,0.2,22.0089008447651,22
1590.0,20.3015312477185,21.9426486839372,21.9965823116423,0.2,22.0093421678864,22
1590.5,20.3015312477185,21.9426486839372,21.9965823116423,0.2,22.0097686784077,22
1591.0,20.3015312477185,21.9426486839372,21.9965823116423,0.2,22.0101808813886,22
1591.5,20.3015312477185,21.9426486839372,21.9965823116423,0.2,22.0105792645461,22
1592.0,20.3015312477185,21.9426486839372,21.9965823116423,0.2,22.0109642988521,22
1592.5,20.3015312477185,21.9426486839372,21.9965823116423,0.2,22.0113364391102,22
1593.0,20.3015312477185,21.9426486839372,21.9965823116423,0.2,22.0116961245124,22
1593.5,20.3015312477185,21.9426486839372,21.9965823116423,0.2,22.0120437791767,22
1594.0,20.3015312477185,21.9426486839372,21.9965823116423,0.2,22.0123798126663,22
1594.5,20.3015312477185,21.9426486839372,21.9965823116423,0.2,22.0127046204909,22
1595.0,20.3015312477185,21.9426486839372,21.9965823116423,0.2,22.0130185845904,22
1595.5,20.3015312477185,21.9426486839372,21.9965823116423,0.2,22.0133220738022,22
1596.0,20.3015312477185,21.9426486839372,21.9965823116423,0.2,22.0136154443124,22
1596.5,20.3015312477185,21.9426486839372,21.9965823116423,0.2,22.0138990400911,22
1597.0,20.3015312477185,21.9426486839372,21.9965823116423,0.2,22.0141731933134,22
1597.5,20.3015312477185,21.9426486839372,21.9965823116423,0.2,22.0144382247651,22
1598.0,20.3015312477185,21.9426486839372,21.9965823116423,0.2,22.0146944442346,22
1598.5,20.3015312477185,21.9426486839372,21.9965823116423,0.2,22.0149421508917,22
1599.0,20.3015312477185,21.9426486839372,21.9965823116423,0.2,22.0151816336531,22
1599.5,20.3015312477185,21.9426486839372,21.9965823116423,0.2,22.0154131715351,22
1600.0,20.3015312477185,21.9426486839372,21.9965823116423,0.2,22.0156370339943,22
1600.5,20.3015312477185,21.9426486839372,21.9965823116423,0.2,22.0158534812566,22
1601.0,20.3015312477185,21.9426486839372,21.9965823116423,0.2,22.0160627646349,22
1601.5,20.3015312477185,21.9426486839372,21.9965823116423,0.2,22.0162651268355,22
1602.0,20.3015312477185,21.9426486839372,21.9965823116423,0.2,22.0164608022546,22
1602.5,20.3015312477185,21.9426486839372,21.9965823116423,0.2,22.0166500172639,22
1603.0,20.3015312477185,21.9426486839372,21.9965823116423,0.2,22.0168329904865,22
1603.5,20.3015312477185,21.9426486839372,21.9965823116423,0.2,22.0170099330638,22
1604.0,20.3015312477185,21.9426486839372,21.9965823116423,0.2,22.0171810489126,22
1604.5,20.3015312477185,21.9426486839372,21.9965823116423,0.2,22.0173465349736,22
1605.0,20.3015312477185,21.9426486839372,21.9965823116423,0.2,22.0175065814512,22
1605.5,20.3015312477185,21.9426486839372,21.9965823116423,0.2,22.0176613720453,22
1606.0,20.3015312477185,21.9426486839372,21.9965823116423,0.2,22.0178110841748,22
1606.5,20.3015312477185,21.9426486839372,21.9965823116423,0.2,22.0179558891936,22
1607.0,20.3015312477185,21.9426486839372,21.9965823116423,0.2,22.0180959525992,22
1607.5,20.3015312477185,21.9426486839372,21.9965823116423,0.2,22.0182314342338,22
1608.0,20.3015312477185,21.9426486839372,21.9965823116423,0.2,22.0183624884787,22
1608.5,20.3015312477185,21.9426486839372,21.9965823116423,0.2,22.0184892644421,22
1609.0,20.3015312477185,21.9426486839372,21.9965823116423,0.2,22.0186119061404,22
1609.5,20.3015312477185,21.9426486839372,21.9965823116423,0.2,22.0187305526729,22
1610.0,20.3015312477185,21.9156854634213,21.9965823116423,0.2,22.0188453383907,22
1610.5,20.3015312477185,21.9156854634213,21.9965823116423,0.2,22.0182211060369,22
1611.0,20.3015312477185,21.9156854634213,21.9965823116423,0.2,22.0176186353761,22
1611.5,20.3015312477185,21.9156854634213,21.9965823116423,0.2,22.0170371722964,22
1612.0,20.3015312477185,21.9156854634213,21.9965823116423,0.2,22.016475988751,22
1612.5,20.3015312477185,21.9156854634213,21.9965823116423,0.2,22.0159343818583,22
1613.0,20.3015312477185,21.9156854634213,21.9965823116423,0.2,22.0154116730329,22
1613.5,20.3015312477185,21.9156854634213,21.9965823116423,0.2,22.0149072071467,22
1614.0,20.3015312477185,21.9156854634213,21.9965823116423,0.2,22.0144203517192,22
1614.5,20.3015312477185,21.9156854634213,21.9965823116423,0.2,22.0139504961354,22
1615.0,20.3015312477185,21.9156854634213,21.9965823116423,0.2,22.0134970508909,22
1615.5,20.3015312477185,21.9156854634213,21.9965823116423,0.2,22.0130594468628,22
1616.0,20.3015312477185,21.9156854634213,21.9965823116423,0.2,22.0126371346062,22
1616.5,20.3015312477185,21.9156854634213,21.9965823116423,0.2,22.0122295836743,22
1617.0,20.3015312477185,21.9156854634213,21.9965823116423,0.2,22.011836281963,22
1617.5,20.3015312477185,21.9156854634213,21.9965823116423,0.2,22.0114567350767,22
1618.0,20.2746771284745,21.9156854634213,21.9965823116423,0.2,22.0110904657175,22
1618.5,20.2746771284745,21.9156854634213,21.9965823116423,0.2,22.0107364914531,22
1619.0,20.2746771284745,21.9156854634213,21.9965823116423,0.2,22.0103938794156,22
1619.5,20.2746771284745,21.9156854634213,21.9965823116423,0.2,22.0100622491644,22
1620.0,20.2746771284745,21.9156854634213,21.9965823116423,0.2,22.0097412332513,22
1620.5,20.2746771284745,21.9156854634213,21.9965823116423,0.2,22.009430476772,22
1621.0,20.2746771284745,21.9156854634213,21.9965823116423,0.2,22.0091296369349,22
1621.5,20.2746771284745,21.9156854634213,21.9965823116423,0.2,22.0088383826433,22
1622.0,20.2746771284745,21.9156854634213,21.9965823116423,0.2,22.0085563940931,22
1622.5,20.2746771284745,21.9156854634213,21.9965823116423,0.2,22.0082833623836,22
1623.0,20.2746771284745,21.9156854634213,21.9965823116423,0.2,22.0080189891427,22
1623.5,20.2746771284745,21.9156854634213,21.9965823116423,0.2,22.0077629861639,22
1624.0,20.2746771284745,21.9156854634213,21.9965823116423,0.2,22.0075150750568,22
1624.5,20.2746771284745,21.9156854634213,21.9965823116423,0.2,22.0072749869093,22
1625.0,20.2746771284745,21.9156854634213,21.9965823116423,0.2,22.0070424619613,22
1625.5,20.2746771284745,21.9156854634213,21.9965823116423,0.2,22.0068172492902,22
1626.0,20.2746771284745,21.9156854634213,21.9965823116423,0.2,22.0065991065068,22
1626.5,20.2746771284745,21.9156854634213,21.9965823116423,0.2,22.0063877994616,22
1627.0,20.2746771284745,21.9156854634213,21.9965823116423,0.2,22.0061831019619,22
1627.5,20.2746771284745,21.9156854634213,21.9965823116423,0.2,22.0059847954982,22
1628.0,20.2746771284745,21.9156854634213,21.9965823116423,0.2,22.0057926689798,22
1628.5,20.2746771284745,21.9156854634213,21.9965823116423,0.2,22.0056065184804,22
1629.0,20.2746771284745,21.9156854634213,21.9965823116423,0.2,22.0054261469914,22
1629.5,20.2746771284745,21.9156854634213,21.9965823116423,0.2,22.0052513641848,22
1630.0,20.2746771284745,21.9156854634213,21.9965823116423,0.2,22.0050819861833,22
1630.5,20.2746771284745,21.9156854634213,21.9965823116423,0.2,22.0049178353391,22
1631.0,20.2746771284745,21.9156854634213,21.9965823116423,0.2,22.0047587400199,22
1631.5,20.2746771284745,21.9156854634213,21.9965823116423,0.2,22.0046045344024,22
1632.0,20.2746771284745,21.9156854634213,21.9965823116423,0.2,22.0044550582733,22
1632.5,20.2746771284745,21.9156854634213,21.9965823116423,0.2,22.0043101568363,22
1633.0,20.2746771284745,21.9156854634213,21.9965823116423,0.2,22.0041696805266,22
1633.5,20.2746771284745,21.9156854634213,21.9965823116423,0.2,22.0040334848314,22
1634.0,20.2746771284745,21.9156854634213,21.9965823116423,0.2,22.003901430117,22
1634.5,20.2746771284745,21.9156854634213,21.9965823116423,0.2,22.0037733814609,22
1635.0,20.2746771284745,21.9156854634213,21.9965823116423,0.2,22.003649208491,22
1635.5,20.2746771284745,21.9156854634213,21.9965823116423,0.2,22.0035287852294,22
1636.0,20.2746771284745,21.9156854634213,21.9965823116423,0.2,22.0034119899418,22
1636.5,20.2746771284745,21.9156854634213,21.9965823116423,0.2,22.0032987049924,22
1637.0,20.2746771284745,21.9156854634213,21.9965823116423,0.2,22.0031888167035,22
1637.5,20.2746771284745,21.9156854634213,21.9965823116423,0.2,22.0030822152199,22
1638.0,20.2746771284745,21.9156854634213,21.9965823116423,0.2,22.0029787943784,22
1638.5,20.2746771284745,21.9156854634213,21.9965823116423,0.2,22.0028784515811,22
1639.0,20.2746771284745,21.9156854634213,21.9965823116423,0.2,22.0027810876739,22
1639.5,20.2746771284745,21.9156854634213,21.9965823116423,0.2,22.0026866068284,22
1640.0,20.2746771284745,21.9156854634213,21.9965823116423,0.2,22.0025949164284,22
1640.5,20.2746771284745,21.9156854634213,21.9965823116423,0.2,22.0025059269602,22
1641.0,20.2746771284745,21.9156854634213,21.9965823116423,0.2,22.0024195519066,22
1641.5,20.2746771284745,21.9156854634213,21.9965823116423,0.2,22.0023357076443,22
1642.0,20.2746771284745,21.9156854634213,21.9965823116423,0.2,22.0022543133456,22
1642.5,20.2746771284745,21.9156854634213,21.9965823116423,0.2,22.0021752908825,22
1643.0,20.2746771284745,21.9156854634213,21.9965823116423,0.2,22.002098564735,22
1643.5,20.2746771284745,21.9156854634213,21.9965823116423,0.2,22.0020240619019,22
1644.0,20.2746771284745,21.9156854634213,21.9965823116423,0.2,22.0019517118151,22
1644.5,20.2746771284745,21.9156854634213,21.9965823116423,0.2,22.0018814462563,22
1645.0,20.2746771284745,21.9156854634213,21.9965823116423,0.2,22.0018131992777,22
1645.5,20.2746771284745,21.9156854634213,21.9965823116423,0.2,22.0017469071238,22
1646.0,20.2746771284745,21.9156854634213,21.9965823116423,0.2,22.0016825081574,22
1646.5,20.2746771284745,21.9156854634213,21.9965823116423,0.2,22.0016199427873,22
1647.0,20.2746771284745,21.9156854634213,21.9696142935356,0.2,22.0015591533985,22
1647.5,20.2746771284745,21.9156854634213,21.9696142935356,0.2,22.0015000842854,22
1648.0,20.2746771284745,21.9156854634213,21.9696142935356,0.2,22.0014426815865,22
1648.5,20.2746771284745,21.9156854634213,21.9696142935356,0.2,22.0013868932222,22
1649.0,20.2746771284745,21.9156854634213,21.9696142935356,0.2,22.0013326688336,22
1649.5,20.2746771284745,21.9156854634213,21.9696142935356,0.2,22.0012799597249,22
1650.0,20.2746771284745,21.9156854634213,21.9696142935356,0.2,22.0012287188062,22
1650.5,20.2746771284745,21.9156854634213,21.9696142935356,0.2,22.0011789005396,22
1651.0,20.2746771284745,21.9156854634213,21.9696142935356,0.2,22.0011304608864,22
1651.5,20.2746771284745,21.9156854634213,21.9696142935356,0.2,22.0010833572561,22
1652.0,20.2746771284745,21.9156854634213,21.9696142935356,0.2,22.0010375484574,22
1652.5,20.2746771284745,21.9156854634213,21.9696142935356,0.2,22.0009929946513,22
1653.0,20.2746771284745,21.9156854634213,21.9696142935356,0.2,22.0009496573046,22
1653.5,20.2746771284745,21.9156854634213,21.9696142935356,0.2,22.0009074991463,22
1654.0,20.2746771284745,21.9156854634213,21.9696142935356,0.2,22.0008664841246,22
1654.5,20.2746771284745,21.9156854634213,21.9696142935356,0.2,22.0008265773658,22
1655.0,20.2746771284745,21.9156854634213,21.9696142935356,0.2,22.0007877451348,22
1655.5,20.2746771284745,21.9156854634213,21.9696142935356,0.2,22.000749954796,22
1656.0,20.2746771284745,21.9156854634213,21.9696142935356,0.2,22.0007131747769,22
1656.5,20.2746771284745,21.9156854634213,21.9696142935356,0.2,22.0006773745318,22
1657.0,20.2746771284745,21.9156854634213,21.9696142935356,0.2,22.0006425245075,22
1657.5,20.2746771284745,21.9156854634213,21.9696142935356,0.2,22.0006085961096,22
1658.0,20.2746771284745,21.9156854634213,21.9696142935356,0.2,22.0005755616704,22
1658.5,20.2746771284745,21.9156854634213,21.9696142935356,0.2,22.0005433944178,22
1659.0,20.2746771284745,21.9156854634213,21.9696142935356,0.2,22.0005120684449,22
1659.5,20.2746771284745,21.9156854634213,21.9696142935356,0.2,22.0004815586811,22
1660.0,20.2746771284745,21.9156854634213,21.9696142935356,0.2,22.0004518408641,22
1660.5,20.2746771284745,21.9156854634213,21.9696142935356,0.2,22.0004228915128,22
1661.0,20.2746771284745,21.9156854634213,21.9696142935356,0.2,22.0003946879009,22
1661.5,20.2746771284745,21.9156854634213,21.9696142935356,0.2,22.0003672080315,22
1662.0,20.2746771284745,21.9156854634213,21.9696142935356,0.2,22.0003404306132,22
1662.5,20.2746771284745,21.9156854634213,21.9696142935356,0.2,22.0003143350361,22
1663.0,20.2746771284745,21.9156854634213,21.9696142935356,0.2,22.0002889013489,22
1663.5,20.2746771284745,21.9156854634213,21.9696142935356,0.2,22.0002641102372,22
1664.0,20.2746771284745,21.9156854634213,21.9696142935356,0.2,22.0002399430021,22
1664.5,20.2746771284745,21.9156854634213,21.9696142935356,0.2,22.0002163815396,22
1665.0,20.2746771284745,21.9156854634213,21.9696142935356,0.2,22.0001934083209,22
1665.5,20.2746771284745,21.9156854634213,21.9696142935356,0.2,22.0001710063731,22
1666.0,20.2746771284745,21.9156854634213,21.9696142935356,0.2,22.0001491592607,22
1666.5,20.2746771284745,21.9156854634213,21.9696142935356,0.2,22.0001278510679,22
1667.0,20.2746771284745,21.9156854634213,21.9696142935356,0.2,22.0001070663812,22
1667.5,20.2746771284745,21.9156854634213,21.9696142935356,0.2,22.0000867902724,22
1668.0,20.2746771284745,21.9156854634213,21.9696142935356,0.2,22.0000670082833,22
1668.5,20.2746771284745,21.9156854634213,21.9696142935356,0.2,22.0000477064093,22
1669.0,20.2746771284745,21.9156854634213,21.9696142935356,0.2,22.0000288710847,22
1669.5,20.2746771284745,21.9156854634213,21.9696142935356,0.2,22.0000104891684,22
1670.0,20.2746771284745,21.9156854634213,21.9696142935356,0.2,21.9999925479295,22
1670.5,20.2746771284745,21.9156854634213,21.9696142935356,0.2,21.9999750350338,22
1671.0,20.2746771284745,21.9156854634213,21.9696142935356,0.2,21.9999579385309,22
1671.5,20.2746771284745,21.9156854634213,21.9696142935356,0.2,21.9999412468415,22
1672.0,20.2746771284745,21.9156854634213,21.9696142935356,0.2,21.999924948745,22
1672.5,20.2746771284745,21.9156854634213,21.9696142935356,0.2,21.9999090333678,22
1673.0,20.2746771284745,21.9156854634213,21.9696142935356,0.2,21.9998934901719,22
1673.5,20.2746771284745,21.9156854634213,21.9696142935356,0.2,21.9998783089442,22
1674.0,20.2746771284745,21.9156854634213,21.9696142935356,0.2,21.999863479785,22
1674.5,20.2746771284745,21.9156854634213,21.9696142935356,0.2,21.9998489930985,22
1675.0,20.2746771284745,21.9156854634213,21.9696142935356,0.2,21.9998348395828,22
1675.5,20.2746771284745,21.9156854634213,21.9696142935356,0.2,21.9998210102198,22
1676.0,20.2746771284745,21.9156854634213,21.9696142935356,0.2,21.9998074962664,22
1676.5,20.2746771284745,21.9156854634213,21.9696142935356,0.2,21.9997942892452,22
1677.0,20.2746771284745,21.9156854634213,21.9696142935356,0.2,21.999781380936,22
1677.5,20.2478241980426,21.9156854634213,21.9696142935356,0.2,21.9997687633677,22
1678.0,20.2478241980426,21.9156854634213,21.9696142935356,0.2,21.9997559071915,22
1678.5,20.2478241980426,21.9156854634213,21.9696142935356,0.2,21.9997423169174,22
1679.0,20.2478241980426,21.9156854634213,21.9696142935356,0.2,21.9997280342983,22
1679.5,20.2478241980426,21.9156854634213,21.9696142935356,0.2,21.9997130994416,22
1680.0,20.2478241980426,21.9156854634213,21.9696142935356,0.2,21.9996975508686,22
1680.5,20.2478241980426,21.9156854634213,21.9696142935356,0.2,21.9996814255699,22
1681.0,20.2478241980426,21.9156854634213,21.9696142935356,0.2,21.9996647590608,22
1681.5,20.2478241980426,21.9156854634213,21.9696142935356,0.2,21.9996475854334,22
1682.0,20.2478241980426,21.9156854634213,21.9696142935356,0.2,21.9996299374074,22
1682.5,20.2478241980426,21.9156854634213,21.9696142935356,0.2,21.9996118463798,22
1683.0,20.2478241980426,21.9156854634213,21.9696142935356,0.2,21.9995933424716,22
1683.5,20.2478241980426,21.9156854634213,21.9696142935356,0.2,21.9995744545739,22
1684.0,20.2478241980426,21.9156854634213,21.9696142935356,0.2,21.9995552103923,22
1684.5,20.2478241980426,21.9156854634213,21.9696142935356,0.2,21.9995356364892,22
1685.0,20.2478241980426,21.9156854634213,21.9696142935356,0.2,21.9995157583256,22
1685.5,20.2478241980426,21.9156854634213,21.9696142935356,0.2,21.9994956003002,22
1686.0,20.2478241980426,21.9156854634213,21.9696142935356,0.2,21.9994751857886,22
1686.5,20.2478241980426,21.9156854634213,21.9696142935356,0.2,21.9994545371799,22
1687.0,20.2478241980426,21.9156854634213,21.9696142935356,0.2,21.9994336759128,22
1687.5,20.2478241980426,21.9156854634213,21.9696142935356,0.2,21.9994126225102,22
1688.0,20.2478241980426,21.9156854634213,21.9696142935356,0.2,21.9993913966125,22
1688.5,20.2478241980426,21.9156854634213,21.9696142935356,0.2,21.99937001701,22
1689.0,20.2478241980426,21.9156854634213,21.9696142935356,0.2,21.999348501674,22
1689.5,20.2478241980426,21.9156854634213,21.9696142935356,0.2,21.999326867787,22
1690.0,20.2478241980426,21.9156854634213,21.9696142935356,0.2,21.9993051317715,22
1690.5,20.2478241980426,21.9156854634213,21.9696142935356,0.2,21.9992833093183,22
1691.0,20.2478241980426,21.9156854634213,21.9696142935356,0.2,21.9992614154133,22
1691.5,20.2478241980426,21.9156854634213,21.9696142935356,0.2,21.9992394643639,22
1692.0,20.2478241980426,21.9156854634213,21.9696142935356,0.2,21.9992174698239,22
1692.5,20.2478241980426,21.9156854634213,21.9696142935356,0.2,21.9991954448183,22
1693.0,20.2478241980426,21.9156854634213,21.9696142935356,0.2,21.9991734017663,22
1693.5,20.2478241980426,21.9156854634213,21.9696142935356,0.2,21.9991513525042,22
1694.0,20.2478241980426,21.9156854634213,21.9696142935356,0.2,21.9991293083073,22
1694.5,20.2478241980426,21.9156854634213,21.9696142935356,0.2,21.9991072799111,22
1695.0,20.2478241980426,21.9156854634213,21.9696142935356,0.2,21.9990852775314,22
1695.5,20.2478241980426,21.8887246125657,21.9696142935356,0.2,21.9990633108844,22
1696.0,20.2478241980426,21.8887246125657,21.9696142935356,0.2,21.9983061668023,22
1696.5,20.2478241980426,21.8887246125657,21.9696142935356,0.2,21.9975744416337,22
1697.0,20.2478241980426,21.8887246125657,21.9696142935356,0.2,21.9968672686077,22
1697.5,20.2478241980426,21.8887246125657,21.9696142935356,0.2,21.9961838107168,22
1698.0,20.2478241980426,21.8887246125657,21.9696142935356,0.2,21.9955232596914,22
1698.5,20.2478241980426,21.8887246125657,21.9696142935356,0.2,21.99488483501,22
1699.0,20.2478241980426,21.8887246125657,21.9696142935356,0.2,21.9942677829437,22
1699.5,20.2478241980426,21.8887246125657,21.9696142935356,0.2,21.9936713756333,22
1700.0,20.2478241980426,21.8887246125657,21.9696142935356,0.2,21.993094910199,22
1700.5,20.2478241980426,21.8887246125657,21.9696142935356,0.2,21.9925377078793,22
1701.0,20.2746771284745,21.8887246125657,21.9696142935356,0.2,21.9919991132015,22
1701.5,20.2746771284745,21.8887246125657,21.9696142935356,0.2,21.9914790147973,22
1702.0,20.2746771284745,21.8887246125657,21.9696142935356,0.2,21.9909772893852,22
1702.5,20.2746771284745,21.8887246125657,21.9696142935356,0.2,21.9904932976308,22
1703.0,20.2746771284745,21.9156854634213,21.9696142935356,0.2,21.9900264223063,22
1703.5,20.2746771284745,21.9156854634213,21.9696142935356,0.2,21.9903112899307,22
1704.0,20.2746771284745,21.9156854634213,21.9696142935356,0.2,21.990586737652,22
1704.5,20.2746771284745,21.9156854634213,21.9696142935356,0.2,21.9908530851898,22
1705.0,20.2746771284745,21.9156854634213,21.9696142935356,0.2,21.9911106412837,22
1705.5,20.2746771284745,21.9156854634213,21.9696142935356,0.2,21.9913597040724,22
1706.0,20.2746771284745,21.9156854634213,21.9696142935356,0.2,21.9916005614596,22
1706.5,20.2746771284745,21.9156854634213,21.9696142935356,0.2,21.9918334914671,22
1707.0,20.2746771284745,21.9156854634213,21.9696142935356,0.2,21.9920587625759,22
1707.5,20.2746771284745,21.9156854634213,21.9696142935356,0.2,21.9922766340557,22
1708.0,20.2746771284745,21.9156854634213,21.9696142935356,0.2,21.9924873562822,22
1708.5,20.2746771284745,21.9156854634213,21.9696142935356,0.2,21.9926911710445,22
1709.0,20.2746771284745,21.9156854634213,21.9696142935356,0.2,21.9928883118408,22
1709.5,20.2746771284745,21.9156854634213,21.9696142935356,0.2,21.9930790041649,22
1710.0,20.2746771284745,21.9156854634213,21.9696142935356,0.2,21.9932634657819,22
1710.5,20.2746771284745,21.9156854634213,21.9696142935356,0.2,21.9934419069951,22
1711.0,20.2746771284745,21.9156854634213,21.9696142935356,0.2,21.993614530903,22
1711.5,20.2746771284745,21.9156854634213,21.9696142935356,0.2,21.9937815336478,22
1712.0,20.2746771284745,21.9156854634213,21.9696142935356,0.2,21.9939431046556,22
1712.5,20.2746771284745,21.9156854634213,21.9696142935356,0.2,21.9940994268674,22
1713.0,20.2746771284745,21.9156854634213,21.9696142935356,0.2,21.9942506769631,22
1713.5,20.2746771284745,21.9156854634213,21.9696142935356,0.2,21.9943970255771,22
1714.0,20.2746771284745,21.9156854634213,21.9696142935356,0.2,21.9945386375065,22
1714.5,20.2746771284745,21.9156854634213,21.9696142935356,0.2,21.9946756719128,22
1715.0,20.3015312477185,21.9156854634213,21.9696142935356,0.2,21.9948082825155,22
1715.5,20.3015312477185,21.9156854634213,21.9696142935356,0.2,21.9949371394212,22
1716.0,20.3015312477185,21.9156854634213,21.9696142935356,0.2,21.9950628740356,22
1716.5,20.3015312477185,21.9156854634213,21.9696142935356,0.2,21.9951855758252,22
1717.0,20.3015312477185,21.9156854634213,21.9696142935356,0.2,21.9953053313897,22
1717.5,20.3015312477185,21.9156854634213,21.9696142935356,0.2,21.9954222245596,22
1718.0,20.3015312477185,21.9156854634213,21.9696142935356,0.2,21.9955363364901,22
1718.5,20.3015312477185,21.9156854634213,21.9696142935356,0.2,21.9956477457522,22
1719.0,20.3015312477185,21.9156854634213,21.9696142935356,0.2,21.9957565284196,22
1719.5,20.3015312477185,21.9156854634213,21.9696142935356,0.2,21.9958627581539,22
1720.0,20.3015312477185,21.9156854634213,21.9696142935356,0.2,21.9959665062856,22
1720.5,20.3015312477185,21.9156854634213,21.9696142935356,0.2,21.9960678418931,22
1721.0,20.3015312477185,21.9156854634213,21.9696142935356,0.2,21.9961668318789,22
1721.5,20.3015312477185,21.9156854634213,21.9696142935356,0.2,21.9962635410424,22
1722.0,20.3015312477185,21.9156854634213,21.9696142935356,0.2,21.9963580321513,22
1722.5,20.3015312477185,21.9156854634213,21.9696142935356,0.2,21.9964503660092,22
1723.0,20.3015312477185,21.9156854634213,21.9696142935356,0.2,21.9965406015225,22
1723.5,20.3015312477185,21.9156854634213,21.9696142935356,0.2,21.9966287957631,22
1724.0,20.3015312477185,21.9156854634213,21.9696142935356,0.2,21.9967150040307,22
1724.5,20.3015312477185,21.9156854634213,21.9696142935356,0.2,21.9967992799115,22
1725.0,20.3015312477185,21.9156854634213,21.9696142935356,0.2,21.9968816753357,22
1725.5,20.3015312477185,21.9156854634213,21.9696142935356,0.2,21.9969622406331,22
1726.0,20.3015312477185,21.9156854634213,21.9696142935356,0.2,21.9970410245859,22
1726.5,20.3015312477185,21.9156854634213,21.9696142935356,0.2,21.9971180744805,22
1727.0,20.3015312477185,21.9156854634213,21.9696142935356,0.2,21.9971934361573,22
1727.5,20.3015312477185,21.9156854634213,21.9696142935356,0.2,21.9972671540589,22
1728.0,20.3015312477185,21.9156854634213,21.9696142935356,0.2,21.9973392712758,22
1728.5,20.3015312477185,21.9156854634213,21.9696142935356,0.2,21.997409829592,22
1729.0,20.3015312477185,21.9156854634213,21.9696142935356,0.2,21.9974788695274,22
1729.5,20.3015312477185,21.9156854634213,21.9696142935356,0.2,21.9975464303803,22
1730.0,20.3015312477185,21.9156854634213,21.9696142935356,0.2,21.9976125502672,22
1730.5,20.3015312477185,21.9156854634213,21.9696142935356,0.2,21.9976772661618,22
1731.0,20.3015312477185,21.9156854634213,21.9696142935356,0.2,21.9977406139325,22
1731.5,20.3015312477185,21.9156854634213,21.9696142935356,0.2,21.997802628379,22
1732.0,20.3015312477185,21.9156854634213,21.9696142935356,0.2,21.9978633432668,22
1732.5,20.3015312477185,21.9156854634213,21.9696142935356,0.2,21.9979227913615,22
1733.0,20.3015312477185,21.9156854634213,21.9965823116423,0.2,21.9979810044613,22
1733.5,20.3015312477185,21.9156854634213,21.9965823116423,0.2,21.9980380134283,22
1734.0,20.3015312477185,21.9156854634213,21.9965823116423,0.2,21.9980938482192,22
1734.5,20.3015312477185,21.9156854634213,21.9965823116423,0.2,21.998148537915,22
1735.0,20.3015312477185,21.9156854634213,21.9965823116423,0.2,21.9982021107486,22
1735.5,20.3015312477185,21.9156854634213,21.9965823116423,0.2,21.998254594133,22
1736.0,20.3015312477185,21.9156854634213,21.9965823116423,0.2,21.9983060146875,22
1736.5,20.3015312477185,21.9156854634213,21.9965823116423,0.2,21.9983563982634,22
1737.0,20.3015312477185,21.9156854634213,21.9965823116423,0.2,21.9984057699684,22
1737.5,20.3015312477185,21.9156854634213,21.9965823116423,0.2,21.9984541541909,22
1738.0,20.3015312477185,21.9156854634213,21.9965823116423,0.2,21.9985015746229,22
1738.5,20.3015312477185,21.9156854634213,21.9965823116423,0.2,21.9985480542822,22
1739.0,20.3015312477185,21.9156854634213,21.9965823116423,0.2,21.9985936155341,22
1739.5,20.3015312477185,21.9156854634213,21.9965823116423,0.2,21.998638280112,22
1740.0,20.3015312477185,21.9156854634213,21.9965823116423,0.2,21.9986820691376,22
1740.5,20.3015312477185,21.9156854634213,21.9965823116423,0.2,21.9987250031404,22
1741.0,20.3015312477185,21.9156854634213,21.9965823116423,0.2,21.9987671020762,22
1741.5,20.3015312477185,21.9156854634213,21.9965823116423,0.2,21.9988083853454,22
1742.0,20.3015312477185,21.9156854634213,21.9965823116423,0.2,21.9988488718107,22
1742.5,20.3015312477185,21.9156854634213,21.9965823116423,0.2,21.9988885798136,22
1743.0,20.3015312477185,21.9156854634213,21.9965823116423,0.2,21.9989275271908,22
1743.5,20.3015312477185,21.9156854634213,21.9965823116423,0.2,21.9989657312905,22
1744.0,20.3015312477185,21.9156854634213,21.9965823116423,0.2,21.9990032089869,22
1744.5,20.3015312477185,21.9156854634213,21.9965823116423,0.2,21.9990399766958,22
1745.0,20.3015312477185,21.9156854634213,21.9965823116423,0.2,21.999076050388,22
1745.5,20.3015312477185,21.9156854634213,21.9965823116423,0.2,21.9991114456037,22
1746.0,20.3015312477185,21.9156854634213,21.9965823116423,0.2,21.9991461774657,22
1746.5,20.3015312477185,21.9156854634213,21.9965823116423,0.2,21.9991802606919,22
1747.0,20.3015312477185,21.9156854634213,21.9965823116423,0.2,21.9992137096083,22
1747.5,20.3015312477185,21.9156854634213,21.9965823116423,0.2,21.9992465381607,22
1748.0,20.3015312477185,21.9156854634213,21.9965823116423,0.2,21.9992787599264,22
1748.5,20.3015312477185,21.9156854634213,21.9965823116423,0.2,21.9993103881252,22
1749.0,20.3015312477185,21.9156854634213,21.9965823116423,0.2,21.9993414356309,22
1749.5,20.3015312477185,21.9156854634213,21.9965823116423,0.2,21.9993719149811,22
1750.0,20.3015312477185,21.9156854634213,21.9965823116423,0.2,21.9994018383878,22
1750.5,20.3015312477185,21.9156854634213,21.9965823116423,0.2,21.9994312177471,22
1751.0,20.3015312477185,21.9156854634213,21.9965823116423,0.2,21.9994600646487,22
1751.5,20.3015312477185,21.9156854634213,21.9965823116423,0.2,21.9994883903852,22
1752.0,20.3015312477185,21.9156854634213,21.9965823116423,0.2,21.9995162059605,22
1752.5,20.3015312477185,21.9156854634213,21.9965823116423,0.2,21.9995435220993,22
1753.0,20.3015312477185,21.9156854634213,21.9965823116423,0.2,21.9995703492545,22
1753.5,20.3015312477185,21.9156854634213,21.9965823116423,0.2,21.9995966976157,22
1754.0,20.3015312477185,21.9156854634213,21.9965823116423,0.2,21.9996225771171,22
1754.5,20.3015312477185,21.9156854634213,21.9965823116423,0.2,21.9996479974445,22
1755.0,20.3015312477185,21.9156854634213,21.9965823116423,0.2,21.9996729680432,22
1755.5,20.3015312477185,21.9156854634213,21.9965823116423,0.2,21.9996974981246,22
1756.0,20.3015312477185,21.9156854634213,21.9965823116423,0.2,21.9997215966732,22
1756.5,20.3015312477185,21.9156854634213,21.9965823116423,0.2,21.9997452724531,22
1757.0,20.3015312477185,21.9156854634213,21.9965823116423,0.2,21.9997685340146,22
1757.5,20.2746771284745,21.9156854634213,21.9965823116423,0.2,21.9997913897,22
1758.0,20.2746771284745,21.9156854634213,21.9965823116423,0.2,21.9998133260087,22
1758.5,20.2746771284745,21.9156854634213,21.9965823116423,0.2,21.9998338628713,22
1759.0,20.2746771284745,21.9156854634213,21.9965823116423,0.2,21.9998530570692,22
1759.5,20.2746771284745,21.9156854634213,21.9965823116423,0.2,21.9998709633355,22
1760.0,20.2746771284745,21.9156854634213,21.9965823116423,0.2,21.9998876344256,22
1760.5,20.2746771284745,21.9156854634213,21.9965823116423,0.2,21.9999031211862,22
1761.0,20.2746771284745,21.9156854634213,21.9965823116423,0.2,21.9999174726204,22
1761.5,20.2746771284745,21.9156854634213,21.9965823116423,0.2,21.9999307359522,22
1762.0,20.2746771284745,21.9156854634213,21.9965823116423,0.2,21.9999429566878,22
1762.5,20.2746771284745,21.9156854634213,21.9965823116423,0.2,21.999954178675,22
1763.0,20.2746771284745,21.9156854634213,21.9965823116423,0.2,21.9999644441609,22
1763.5,20.2746771284745,21.9156854634213,21.9965823116423,0.2,21.9999737938475,22
1764.0,20.2746771284745,21.9156854634213,21.9965823116423,0.2,21.999982266945,22
1764.5,20.2746771284745,21.9156854634213,21.9965823116423,0.2,21.9999899012241,22
1765.0,20.2746771284745,21.9156854634213,21.9965823116423,0.2,21.9999967330655,22
1765.5,20.2746771284745,21.9156854634213,21.9965823116423,0.2,22.0000027975088,22
1766.0,20.2746771284745,21.9156854634213,21.9965823116423,0.2,22.0000081282989,22
1766.5,20.2746771284745,21.9156854634213,21.9965823116423,0.2,22.0000127579315,22
1767.0,20.2746771284745,21.9156854634213,21.9965823116423,0.2,22.0000167176959,22
1767.5,20.2746771284745,21.9156854634213,21.9965823116423,0.2,22.000020037718,22
1768.0,20.2746771284745,21.9156854634213,21.9965823116423,0.2,22.0000227470005,22
1768.5,20.2746771284745,21.9156854634213,21.9965823116423,0.2,22.0000248734623,22
1769.0,20.2746771284745,21.9156854634213,21.9965823116423,0.2,22.0000264439764,22
1769.5,20.2746771284745,21.9156854634213,21.9965823116423,0.2,22.0000274844065,22
1770.0,20.2746771284745,21.9156854634213,21.9965823116423,0.2,22.0000280196425,22
1770.5,20.2746771284745,21.9156854634213,21.9965823116423,0.2,22.0000280736348,22
1771.0,20.2746771284745,21.9156854634213,21.9965823116423,0.2,22.0000276694271,22
1771.5,20.2746771284745,21.9156854634213,21.9965823116423,0.2,22.0000268291884,22
1772.0,20.2746771284745,21.9156854634213,21.9965823116423,0.2,22.0000255742438,22
1772.5,20.2746771284745,21.9156854634213,21.9965823116423,0.2,22.0000239251041,22
1773.0,20.2746771284745,21.9156854634213,21.9965823116423,0.2,22.000021901495,22
1773.5,20.2746771284745,21.9156854634213,21.9965823116423,0.2,22.0000195223843,22
1774.0,20.2746771284745,21.9156854634213,21.9965823116423,0.2,22.000016806009,22
1774.5,20.2746771284745,21.9156854634213,21.9965823116423,0.2,22.0000137699012,22
1775.0,20.2746771284745,21.9156854634213,21.9965823116423,0.2,22.0000104309129,22
1775.5,20.2746771284745,21.9156854634213,21.9965823116423,0.2,22.0000068052402,22
1776.0,20.2746771284745,21.9156854634213,21.9965823116423,0.2,22.000002908447,22
1776.5,20.2746771284745,21.9156854634213,21.9965823116423,0.2,21.9999987554869,22
1777.0,20.2746771284745,21.9156854634213,21.9696142935356,0.2,21.9999943607252,22
1777.5,20.2746771284745,21.9156854634213,21.9696142935356,0.2,21.99998973796,22
1778.0,20.2746771284745,21.9156854634213,21.9696142935356,0.2,21.9999849004425,22
1778.5,20.2746771284745,21.9156854634213,21.9696142935356,0.2,21.9999798608963,22
1779.0,20.2746771284745,21.9156854634213,21.9696142935356,0.2,21.9999746315364,22
1779.5,20.2746771284745,21.9156854634213,21.9696142935356,0.2,21.9999692240877,22
1780.0,20.2746771284745,21.9156854634213,21.9696142935356,0.2,21.9999636498023,22
1780.5,20.2746771284745,21.9156854634213,21.9696142935356,0.2,21.9999579194766,22
1781.0,20.2746771284745,21.9156854634213,21.9696142935356,0.2,21.9999520434678,22
1781.5,20.2746771284745,21.9156854634213,21.9696142935356,0.2,21.9999460317099,22
1782.0,20.2746771284745,21.9156854634213,21.9696142935356,0.2,21.9999398937284,22
1782.5,20.2746771284745,21.9156854634213,21.9696142935356,0.2,21.999933638656,22
1783.0,20.2746771284745,21.9156854634213,21.9696142935356,0.2,21.999927275246,22
1783.5,20.2746771284745,21.9156854634213,21.9696142935356,0.2,21.9999208118866,22
1784.0,20.2746771284745,21.9156854634213,21.9696142935356,0.2,21.9999142566141,22
1784.5,20.2746771284745,21.9156854634213,21.9696142935356,0.2,21.9999076171256,22
1785.0,20.2746771284745,21.9156854634213,21.9696142935356,0.2,21.9999009007916,22
1785.5,20.2746771284745,21.9156854634213,21.9696142935356,0.2,21.9998941146678,22
1786.0,20.2746771284745,21.9156854634213,21.9696142935356,0.2,21.9998872655065,22
1786.5,20.2746771284745,21.9156854634213,21.9696142935356,0.2,21.9998803597683,22
1787.0,20.2746771284745,21.9156854634213,21.9696142935356,0.2,21.9998734036323,22
1787.5,20.2746771284745,21.9156854634213,21.9696142935356,0.2,21.9998664030065,22
1788.0,20.2746771284745,21.9156854634213,21.9696142935356,0.2,21.9998593635384,22
1788.5,20.2746771284745,21.9156854634213,21.9696142935356,0.2,21.9998522906241,22
1789.0,20.2746771284745,21.9156854634213,21.9696142935356,0.2,21.9998451894176,22
1789.5,20.2746771284745,21.9156854634213,21.9696142935356,0.2,21.9998380648404,22
1790.0,20.2746771284745,21.9156854634213,21.9696142935356,0.2,21.9998309215895,22
1790.5,20.2746771284745,21.9156854634213,21.9696142935356,0.2,21.9998237641462,22
1791.0,20.2746771284745,21.9156854634213,21.9696142935356,0.2,21.9998165967843,22
1791.5,20.2746771284745,21.9156854634213,21.9696142935356,0.2,21.9998094235774,22
1792.0,20.2746771284745,21.9156854634213,21.9696142935356,0.2,21.999802248407,22
1792.5,20.2746771284745,21.9156854634213,21.9696142935356,0.2,21.9997950749693,22
1793.0,20.2746771284745,21.9156854634213,21.9696142935356,0.2,21.9997879067825,22
1793.5,20.2746771284745,21.9156854634213,21.9696142935356,0.2,21.9997807471936,22
1794.0,20.2746771284745,21.9156854634213,21.9696142935356,0.2,21.9997735993849,22
1794.5,20.2746771284745,21.9156854634213,21.9696142935356,0.2,21.99976646638,22
1795.0,20.2746771284745,21.9156854634213,21.9696142935356,0.2,21.9997593510503,22
1795.5,20.2746771284745,21.9156854634213,21.9696142935356,0.2,21.9997522561206,22
1796.0,20.2746771284745,21.9156854634213,21.9696142935356,0.2,21.9997451841749,22
1796.5,20.2746771284745,21.9156854634213,21.9696142935356,0.2,21.9997381376617,22
1797.0,20.2746771284745,21.9156854634213,21.9696142935356,0.2,21.9997311188995,22
1797.5,20.2746771284745,21.9156854634213,21.9696142935356,0.2,21.9997241300816,22
1798.0,20.2746771284745,21.9156854634213,21.9696142935356,0.2,21.9997171732811,22
1798.5,20.2746771284745,21.9156854634213,21.9696142935356,0.2,21.9997102504559,22
1799.0,20.2746771284745,21.9156854634213,21.9696142935356,0.2,21.9997033634526,22
1799.5,20.2746771284745,21.9156854634213,21.9696142935356,0.2,21.9996965140117,22
1800.0,20.2746771284745,21.9156854634213,21.9696142935356,0.2,21.9996897037711,22
