Time,T1Mesure,T2Mesure,T3Mesure,PerturbationCourant,T3Estimation,Consigne
0.0,23.4841028396258,23.4841028396258,23.4841028396258,0.0,23.5,27
0.5,23.4841028396258,23.4841028396258,23.4841028396258,0.0,23.5,27
1.0,23.4841028396258,23.4841028396258,23.4841028396258,0.0,23.5,27
1.5,23.4841028396258,23.4841028396258,23.4841028396258,0.0,23.5,27
2.0,23.4841028396258,23.4841028396258,23.4841028396258,0.0,23.5,27
2.5,23.4841028396258,23.4841028396258,23.4841028396258,0.0,23.5,27
3.0,23.4841028396258,23.4841028396258,23.4841028396258,0.0,23.5,27
3.5,23.4841028396258,23.4841028396258,23.4841028396258,0.0,23.5,27
4.0,23.4841028396258,23.4841028396258,23.4841028396258,0.0,23.5,27
4.5,23.4841028396258,23.4841028396258,23.4841028396258,0.0,23.4995661756343,27
5.0,23.4841028396258,23.4841028396258,23.4841028396258,0.0,23.4991467098576,27
5.5,23.4841028396258,23.4841028396258,23.4841028396258,0.0,23.4987411157014,27
6.0,23.4841028396258,23.4841028396258,23.4841028396258,0.0,23.4983489228957,27
6.5,23.5655155936366,23.4841028396258,23.4841028396258,0.0,23.4979696772939,27
7.0,23.6469604268457,23.5112368929362,23.4841028396258,0.0,23.4976045217599,27
7.5,23.7284378742585,23.5112368929362,23.4841028396258,0.0,23.4979960399416,27
8.0,23.8099484716143,23.5112368929362,23.5112368929362,0.0,23.498381263191,27
8.5,23.8914927554073,23.5383744710102,23.5112368929362,0.0,23.4987634495448,27
9.0,23.9730712629071,23.5383744710102,23.5112368929362,0.0,23.4998857455454,27
9.5,24.0274762134222,23.5655155936366,23.5112368929362,0.0,23.5009855353427,27
10.0,24.1091129565378,23.5655155936366,23.5112368929362,0.0,23.5028061251654,27
10.5,24.1907853600284,23.5926602806124,23.5383744710102,0.0,23.5045848766511,27
11.0,24.2724939641853,23.6198085517439,23.5383744710102,0.0,23.5070663245294,27
11.5,24.3542393101723,23.6469604268457,23.5383744710102,0.0,23.5102291407357,27
12.0,24.4360219400472,23.6469604268457,23.5655155936366,0.0,23.5140526955912,27
12.5,24.5178423967833,23.6741159257419,23.5655155936366,0.0,23.5177765037482,27
13.0,24.5997012242892,23.7012750682655,23.5655155936366,0.0,23.5221472417052,27
13.5,24.6542953620842,23.7284378742585,23.5926602806124,0.0,23.5271453580272,27
14.0,24.7362193521701,23.7827745560676,23.5926602806124,0.0,23.5327514099535,27
14.5,24.8181831681886,23.8099484716143,23.6198085517439,0.0,23.5396875372844,27
15.0,24.9001873576633,23.8371261300921,23.6198085517439,0.0,23.5471696993596,27
15.5,24.9822324691539,23.8643075513903,23.6469604268457,0.0,23.5551817008547,27
16.0,25.0369522159725,23.8914927554073,23.6469604268457,0.0,23.5637078714202,27
16.5,25.1190667527258,23.9186817620519,23.6741159257419,0.0,23.572732516431,27
17.0,25.2012236795485,23.9730712629071,23.6741159257419,0.0,23.5822404655381,27
17.5,25.2834235489835,24.0002717969842,23.7012750682655,0.0,23.5929592224833,27
18.0,25.3382475923215,24.0274762134222,23.7012750682655,0.0,23.6041079588676,27
18.5,25.4205202637477,24.081896773225,23.7284378742585,0.0,23.6156737690329,27
19.0,25.5028373568518,24.1091129565378,23.7556043635723,0.0,23.6283862548236,27
19.5,25.5577403725541,24.1363331021075,23.7556043635723,0.0,23.6414662987788,27
20.0,25.6401327397658,24.1907853600284,23.7827745560676,0.0,23.6549030699155,27
20.5,25.7225710162255,24.2180175124118,23.8099484716143,0.0,23.6694286076093,27
21.0,25.7775556488852,24.2724939641853,23.8099484716143,0.0,23.6842652853014,27
21.5,25.8600716860932,24.2997383036723,23.8371261300921,0.0,23.7001469847014,27
22.0,25.9151086793285,24.3542393101723,23.8643075513903,0.0,23.7162966829909,27
22.5,25.9977040391247,24.3814960173485,23.8914927554073,0.0,23.7334500422161,27
23.0,26.0803477446977,24.4360219400472,23.8914927554073,0.0,23.7508310895236,27
23.5,26.1354706865372,24.4632911958012,23.9186817620519,0.0,23.7691777110835,27
24.0,26.2181962264544,24.5178423967833,23.9458745912424,0.0,23.7877148513506,27
24.5,26.2733742499892,24.5451243823126,23.9730712629071,0.0,23.8071814499877,27
25.0,26.3561832023798,24.5997012242892,24.0002717969842,0.0,23.8268033132635,27
25.5,26.411417361875,24.6269961211087,24.0274762134222,0.0,23.8473209078263,27
26.0,26.466674271941,24.6815989674316,24.0274762134222,0.0,23.8679608156047,27
26.5,26.5496026656224,24.70890695738,24.0546845321795,0.0,23.889464420087,27
27.0,26.6049171951213,24.7635361720555,24.081896773225,0.0,23.9110590327788,27
27.5,26.6879328159923,24.7908574373021,24.1091129565378,0.0,23.9334879749907,27
28.0,26.7433060300693,24.8455133850061,24.1363331021075,0.0,23.9559791757182,27
28.5,26.7987030172757,24.8728481080587,24.1635572299341,0.0,23.9792772770467,27
29.0,26.8541239491003,24.9275311541499,24.1907853600284,0.0,24.0026102165249,27
29.5,26.9373006188969,24.9548795178615,24.2180175124118,0.0,24.0267233949179,27
30.0,26.9927821645862,25.0095900283968,24.2452537071164,0.0,24.0508458184711,27
30.5,27.0482882575822,25.0369522159725,24.2452537071164,0.0,24.0757246481986,27
31.0,27.1038190708028,25.0916905577207,24.2724939641853,0.0,24.1005887656089,27
31.5,27.1593747774918,25.1190667527258,24.2997383036723,0.0,24.1261859816693,27
32.0,27.2427553925614,25.1738332931822,24.3269867456426,0.0,24.1517455839509,27
32.5,27.2983740930341,25.2012236795485,24.3542393101723,0.0,24.1780170797932,27
33.0,27.3540182959448,25.2560187869497,24.3814960173485,0.0,24.2042306100339,27
33.5,27.4096881760459,25.2834235489835,24.4087568872702,0.0,24.2311362018736,27
34.0,27.4653839084336,25.3108331439291,24.4360219400472,0.0,24.2579637354876,27
34.5,27.5211056685516,25.3656669147103,24.4632911958012,0.0,24.2847167172264,27
35.0,27.5768536321941,25.3930911316596,24.4905646746649,0.0,24.3121462486356,27
35.5,27.6326279755097,25.4479543315679,24.5178423967833,0.0,24.3394821932821,27
36.0,27.6884288750039,25.4753933557284,24.5451243823126,0.0,24.3674766950194,27
36.5,27.7442565075434,25.5302863555762,24.5724106514213,0.0,24.3953598215268,27
37.0,27.8001110503583,25.5577403725541,24.5997012242892,0.0,24.4238847216091,27
37.5,27.8559926810467,25.5851994284537,24.6269961211087,0.0,24.452281620869,27
38.0,27.8839437099441,25.6401327397658,24.6542953620842,0.0,24.4805556921512,27
38.5,27.9398663062505,25.6676070365908,24.6815989674316,0.0,24.5094604639771,27
39.0,27.9958164360544,25.7225710162255,24.70890695738,0.0,24.5382254456929,27
39.5,28.0517942782663,25.750060740541,24.7362193521701,0.0,24.5676057128277,27
40.0,28.0797936475394,25.7775556488852,24.7635361720555,0.0,24.5968314161231,27
40.5,28.1358133946584,25.832561100845,24.7908574373021,0.0,24.6259080784482,27
41.0,28.1918613031435,25.8600716860932,24.8181831681886,0.0,24.6555911114859,27
41.5,28.2198958742158,25.8875875386354,24.8455133850061,0.0,24.6851104022291,27
42.0,28.2759863628702,25.9426351290453,24.8728481080587,0.0,24.7144717827576,27
42.5,28.3321054642948,25.9701669086754,24.9001873576633,0.0,24.7444315392077,27
43.0,28.3601758014235,25.9977040391247,24.9275311541499,0.0,24.7742192546189,27
43.5,28.4163381619894,26.0252465413159,24.9548795178615,0.0,24.8038410405181,27
44.0,28.4444302308929,26.0803477446977,24.9822324691539,0.0,24.8333028067676,27
44.5,28.5006362597983,26.1079064878174,25.0095900283968,0.0,24.8633616291015,27
45.0,28.5287502654203,26.1354706865372,25.0369522159725,0.0,24.893245864148,27
45.5,28.5850003732468,26.1630403618644,25.0643190522774,0.0,24.9229617124134,27
46.0,28.613136521227,26.2181962264544,25.0916905577207,0.0,24.9525151698025,27
46.5,28.6412800958125,26.2457824578177,25.1190667527258,0.0,24.9826641419552,27
47.0,28.6975896166404,26.2733742499892,25.1464476577294,0.0,25.0126357494568,27
47.5,28.725755608869,26.3009716240628,25.1738332931822,0.0,25.0424363065922,27
48.0,28.7539291196762,26.3285746011499,25.2012236795485,0.0,25.0720719009095,27
48.5,28.8102987892929,26.3561832023798,25.2286188373069,0.0,25.1015478718916,27
49.0,28.8384949943032,26.411417361875,25.2560187869497,0.0,25.1308699297718,27
49.5,28.8666988102939,26.4390429624883,25.2834235489835,0.0,25.1607967738798,27
50.0,28.8949102604333,26.466674271941,25.3108331439291,0.0,25.190554154821,27
50.5,28.951356155968,26.4943113114527,25.3382475923215,0.0,25.2201475826856,27
51.0,28.9795906478374,26.5219541022611,25.3656669147103,0.0,25.2495829330818,27
51.5,29.0078328668035,26.5496026656224,25.3930911316596,0.0,25.2788658698722,27
52.0,29.0360828361725,26.5772570228114,25.4205202637477,0.0,25.3080013220423,27
52.5,29.0643405792788,26.6049171951213,25.4479543315679,0.0,25.3369940558126,27
53.0,29.0926061194847,26.6325832038644,25.4753933557284,0.0,25.3658486801856,27
53.5,29.1208794801807,26.6602550703715,25.5028373568518,0.0,25.3945696523008,27
54.0,29.1491606847854,26.6879328159923,25.5302863555762,0.0,25.4231612826054,27
54.5,29.1774497567463,26.7156164620956,25.5302863555762,0.0,25.4516277398463,27
55.0,29.205746719539,26.7433060300693,25.5577403725541,0.0,25.4799730558906,27
55.5,29.2340515966679,26.7710015413205,25.5851994284537,0.0,25.5082011303795,27
56.0,29.2623644116661,26.7987030172757,25.612663543958,0.0,25.5363157352218,27
56.5,29.2906851880958,26.8264104793805,25.6401327397658,0.0,25.564320518933,27
57.0,29.3190139495479,26.8541239491003,25.6676070365908,0.0,25.5922190108241,27
57.5,29.3473507196428,26.8818434479199,25.6950864551623,0.0,25.6200146250473,27
58.0,29.3756955220298,26.8818434479199,25.7225710162255,0.0,25.6477106645017,27
58.5,29.3756955220298,26.909568997344,25.750060740541,0.0,25.6745542488714,27
59.0,29.4040483803877,26.9373006188969,25.750060740541,0.0,25.7013299137374,27
59.5,29.432409318425,26.9650383341229,25.7775556488852,0.0,25.7280392401514,27
60.0,29.4607783598793,26.9927821645862,25.8050557620505,0.0,25.7546843099723,27
60.5,29.4607783598793,27.020532131871,25.832561100845,0.0,25.7812671392601,27
61.0,29.4891555285184,27.020532131871,25.8600716860932,0.0,25.8077891292558,27
61.5,29.5175408481398,27.0482882575822,25.8875875386354,0.0,25.8334947455665,27
62.0,29.545934342571,27.0760505633444,25.9151086793285,0.0,25.8591687256913,27
62.5,29.545934342571,27.1038190708028,25.9151086793285,0.0,25.8848119976714,27
63.0,29.5743360356694,27.1038190708028,25.9426351290453,0.0,25.9104249113605,27
63.5,29.5743360356694,27.1315938016232,25.9701669086754,0.0,25.9352504094772,27
64.0,29.6027459513228,27.1593747774918,25.9977040391247,0.0,25.9600722203109,27
64.5,29.6027459513228,27.1871620201157,26.0252465413159,0.0,25.984889807877,27
65.0,29.6311641134495,27.1871620201157,26.0252465413159,0.0,26.0097026579631,27
65.5,29.6595905459979,27.2149555512227,26.0527944361882,0.0,26.033752365766,27
66.0,29.6595905459979,27.2427553925614,26.0803477446977,0.0,26.0578229337268,27
66.5,29.6880252729471,27.2427553925614,26.1079064878174,0.0,26.0819130103441,27
67.0,29.6880252729471,27.2705615659016,26.1079064878174,0.0,26.1052630373254,27
67.5,29.6880252729471,27.2983740930341,26.1354706865372,0.0,26.1286560392124,27
68.0,29.7164683183072,27.2983740930341,26.1630403618644,0.0,26.1520893926714,27
68.5,29.7164683183072,27.3261929957707,26.1906155348229,0.0,26.1748025148233,27
69.0,29.7449197061186,27.3261929957707,26.1906155348229,0.0,26.1975781335333,27
69.5,29.7449197061186,27.3540182959448,26.2181962264544,0.0,26.2196547491559,27
70.0,29.7449197061186,27.3818500154112,26.2457824578177,0.0,26.2418145524653,27
70.5,29.7733794604531,27.3818500154112,26.2457824578177,0.0,26.2640535942322,27
71.0,29.7733794604531,27.4096881760459,26.2733742499892,0.0,26.2856094858279,27
71.5,29.7733794604531,27.4096881760459,26.3009716240628,0.0,26.3072642594406,27
72.0,29.8018476054133,27.4375327997469,26.3009716240628,0.0,26.3282541396841,27
72.5,29.8018476054133,27.4375327997469,26.3285746011499,0.0,26.3493607410351,27
73.0,29.8018476054133,27.4653839084336,26.3561832023798,0.0,26.3698200667966,27
73.5,29.8303241651334,27.4653839084336,26.3561832023798,0.0,26.3904127659672,27
74.0,29.8303241651334,27.4932415240474,26.3837974488999,0.0,26.4103741254716,27
74.5,29.8303241651334,27.4932415240474,26.411417361875,0.0,26.430484991587,27
75.0,29.8303241651334,27.5211056685516,26.411417361875,0.0,26.4499793816096,27
75.5,29.8303241651334,27.5211056685516,26.4390429624883,0.0,26.4696372878153,27
76.0,29.8588091637784,27.5211056685516,26.4390429624883,0.0,26.4886920982764,27
76.5,29.8588091637784,27.5489763639313,26.466674271941,0.0,26.5071640734834,27
77.0,29.8588091637784,27.5489763639313,26.4943113114527,0.0,26.5258328077839,27
77.5,29.8588091637784,27.5768536321941,26.4943113114527,0.0,26.543930395357,27
78.0,29.8588091637784,27.5768536321941,26.5219541022611,0.0,26.5622356854432,27
78.5,29.8588091637784,27.5768536321941,26.5219541022611,0.0,26.5799802459157,27
79.0,29.8588091637784,27.6047374953695,26.5496026656224,0.0,26.5971823836071,27
79.5,29.8588091637784,27.6047374953695,26.5496026656224,0.0,26.6146201814637,27
80.0,29.8873026255451,27.6047374953695,26.5772570228114,0.0,26.6315241072293,27
80.5,29.8873026255451,27.6326279755097,26.5772570228114,0.0,26.6479121383106,27
81.0,29.8873026255451,27.6326279755097,26.6049171951213,0.0,26.6645622028788,27
81.5,29.8873026255451,27.6326279755097,26.6049171951213,0.0,26.6807037058241,27
82.0,29.8873026255451,27.6605250946888,26.6325832038644,0.0,26.6963532249473,27
82.5,29.8873026255451,27.6605250946888,26.6325832038644,0.0,26.7122875343562,27
83.0,29.8873026255451,27.6605250946888,26.6602550703715,0.0,26.72773511419,27
83.5,29.8873026255451,27.6884288750039,26.6602550703715,0.0,26.7427118299007,27
84.0,29.8873026255451,27.6884288750039,26.6879328159923,0.0,26.7579939489297,27
84.5,29.8873026255451,27.6884288750039,26.6879328159923,0.0,26.7728090983949,27
85.0,29.8588091637784,27.6884288750039,26.7156164620956,0.0,26.7871725012738,27
85.5,29.8588091637784,27.7163393385747,26.7156164620956,0.0,26.8010983145991,27
86.0,29.8588091637784,27.7163393385747,26.7433060300693,0.0,26.8153613544744,27
86.5,29.8588091637784,27.7163393385747,26.7433060300693,0.0,26.8291880335179,27
87.0,29.8588091637784,27.7163393385747,26.7433060300693,0.0,26.8425925834969,27
87.5,29.8588091637784,27.7163393385747,26.7710015413205,0.0,26.8555887570613,27
88.0,29.8588091637784,27.7442565075434,26.7710015413205,0.0,26.8681898441104,27
88.5,29.8588091637784,27.7442565075434,26.7987030172757,0.0,26.8811699887958,27
89.0,29.8588091637784,27.7442565075434,26.7987030172757,0.0,26.893754036297,27
89.5,29.8588091637784,27.7442565075434,26.7987030172757,0.0,26.9059548870729,27
90.0,29.8303241651334,27.7442565075434,26.8264104793805,0.0,26.9177850076023,27
90.5,29.8303241651334,27.7442565075434,26.8264104793805,0.0,26.9292558918816,27
91.0,29.8303241651334,27.7721804040752,26.8541239491003,0.0,26.940378664726,27
91.5,29.8303241651334,27.7721804040752,26.8541239491003,0.0,26.9519261142319,27
92.0,29.8303241651334,27.7721804040752,26.8541239491003,0.0,26.963121408292,27
92.5,29.8303241651334,27.7721804040752,26.8818434479199,0.0,26.9739760103233,27
93.0,29.8018476054133,27.7721804040752,26.8818434479199,0.0,26.9845009982701,27
93.5,29.8018476054133,27.7721804040752,26.8818434479199,0.0,26.9947065246052,27
94.0,29.8018476054133,27.7721804040752,26.909568997344,0.0,27.0046024178518,27
94.5,29.8018476054133,27.7721804040752,26.909568997344,0.0,27.0141987286814,27
95.0,29.8018476054133,27.8001110503583,26.909568997344,0.0,27.0235051702979,27
95.5,29.7733794604531,27.8001110503583,26.909568997344,0.0,27.0332927986724,27
96.0,29.7733794604531,27.8001110503583,26.9373006188969,0.0,27.0427821869208,27
96.5,29.7733794604531,27.8001110503583,26.9373006188969,0.0,27.0519824925699,27
97.0,29.7733794604531,27.8001110503583,26.9373006188969,0.0,27.0609031174436,27
97.5,29.7449197061186,27.8001110503583,26.9650383341229,0.0,27.0695531474575,27
98.0,29.7449197061186,27.8001110503583,26.9650383341229,0.0,27.0779408105634,27
98.5,29.7449197061186,27.8001110503583,26.9650383341229,0.0,27.086074075625,27
99.0,29.7449197061186,27.8001110503583,26.9650383341229,0.0,27.0939611959795,27
99.5,29.7449197061186,27.8001110503583,26.9927821645862,0.0,27.1016101480159,27
100.0,29.7164683183072,27.8001110503583,26.9927821645862,0.0,27.1090286406149,27
100.5,29.7164683183072,27.8001110503583,26.9927821645862,0.0,27.1162235715969,27
101.0,29.7164683183072,27.8001110503583,26.9927821645862,0.0,27.1232016248206,27
101.5,29.6880252729471,27.8001110503583,27.020532131871,0.0,27.1299698120407,27
102.0,29.6880252729471,27.8001110503583,27.020532131871,0.0,27.136534357653,27
102.5,29.6880252729471,27.8001110503583,27.020532131871,0.0,27.1429012948148,27
103.0,29.6880252729471,27.8001110503583,27.020532131871,0.0,27.1490770063674,27
103.5,29.6595905459979,27.8001110503583,27.020532131871,0.0,27.1550676615035,27
104.0,29.6595905459979,27.8001110503583,27.0482882575822,0.0,27.1608786706941,27
104.5,29.6595905459979,27.8001110503583,27.0482882575822,0.0,27.1665152806617,27
105.0,29.6311641134495,27.8001110503583,27.0482882575822,0.0,27.1719831142054,27
105.5,29.6311641134495,27.8001110503583,27.0482882575822,0.0,27.1772870539433,27
106.0,29.6311641134495,27.8001110503583,27.0482882575822,0.0,27.1824318364853,27
106.5,29.6027459513228,27.8001110503583,27.0482882575822,0.0,27.1874225914964,27
107.0,29.6027459513228,27.8001110503583,27.0760505633444,0.0,27.1922637251799,27
107.5,29.6027459513228,27.8001110503583,27.0760505633444,0.0,27.196959513714,27
108.0,29.6027459513228,27.8001110503583,27.0760505633444,0.0,27.2015146416134,27
108.5,29.5743360356694,27.8001110503583,27.0760505633444,0.0,27.205933636874,27
109.0,29.5743360356694,27.8001110503583,27.0760505633444,0.0,27.2102203244289,27
109.5,29.5743360356694,27.8001110503583,27.0760505633444,0.0,27.2143784187231,27
110.0,29.545934342571,27.8001110503583,27.0760505633444,0.0,27.2184120612531,27
110.5,29.545934342571,27.8001110503583,27.1038190708028,0.0,27.2223247035292,27
111.0,29.545934342571,27.8001110503583,27.1038190708028,0.0,27.2261196990401,27
111.5,29.5175408481398,27.8001110503583,27.1038190708028,0.0,27.2298008402128,27
112.0,29.5175408481398,27.8001110503583,27.1038190708028,0.0,27.2333712412888,27
112.5,29.5175408481398,27.8001110503583,27.1038190708028,0.0,27.2368339297221,27
113.0,29.4891555285184,27.8001110503583,27.1038190708028,0.0,27.2401923826034,27
113.5,29.4891555285184,27.8001110503583,27.1038190708028,0.0,27.2434494094892,27
114.0,29.4891555285184,27.7721804040752,27.1038190708028,0.0,27.2466077432741,27
114.5,29.4607783598793,27.7721804040752,27.1038190708028,0.0,27.2489089073925,27
115.0,29.4607783598793,27.7721804040752,27.1315938016232,0.0,27.2511433823808,27
115.5,29.4607783598793,27.7721804040752,27.1315938016232,0.0,27.2533127283694,27
116.0,29.432409318425,27.7721804040752,27.1315938016232,0.0,27.2554190046929,27
116.5,29.432409318425,27.7721804040752,27.1315938016232,0.0,27.2574636516518,27
117.0,29.432409318425,27.7721804040752,27.1315938016232,0.0,27.2594480793955,27
117.5,29.4040483803877,27.7721804040752,27.1315938016232,0.0,27.2613742019469,27
118.0,29.4040483803877,27.7721804040752,27.1315938016232,0.0,27.2632433191222,27
118.5,29.4040483803877,27.7721804040752,27.1315938016232,0.0,27.2650567050897,27
119.0,29.3756955220298,27.7721804040752,27.1315938016232,0.0,27.2668161420913,27
119.5,29.3756955220298,27.7721804040752,27.1315938016232,0.0,27.2685228025362,27
120.0,29.3756955220298,27.7442565075434,27.1315938016232,0.0,27.2701778372512,27
120.5,29.3473507196428,27.7442565075434,27.1315938016232,0.0,27.2710214242558,27
121.0,29.3473507196428,27.7442565075434,27.1315938016232,0.0,27.2718423762395,27
121.5,29.3473507196428,27.7442565075434,27.1315938016232,0.0,27.272640825744,27
122.0,29.3190139495479,27.7442565075434,27.1315938016232,0.0,27.2734174518292,27
122.5,29.3190139495479,27.7442565075434,27.1315938016232,0.0,27.2741723614739,27
123.0,29.3190139495479,27.7442565075434,27.1315938016232,0.0,27.2749056762104,27
123.5,29.2906851880958,27.7442565075434,27.1315938016232,0.0,27.2756180640175,27
124.0,29.2906851880958,27.7442565075434,27.1315938016232,0.0,27.2763096210392,27
124.5,29.2623644116661,27.7442565075434,27.1315938016232,0.0,27.2769804580544,27
125.0,29.2623644116661,27.7163393385747,27.1315938016232,0.0,27.2776306820895,27
125.5,29.2623644116661,27.7163393385747,27.1593747774918,0.0,27.2774991129819,27
126.0,29.2340515966679,27.7163393385747,27.1593747774918,0.0,27.277373983483,27
126.5,29.2340515966679,27.7163393385747,27.1593747774918,0.0,27.2772544821165,27
127.0,29.2340515966679,27.7163393385747,27.1593747774918,0.0,27.2771398428314,27
127.5,29.205746719539,27.7163393385747,27.1593747774918,0.0,27.2770298753905,27
128.0,29.205746719539,27.7163393385747,27.1593747774918,0.0,27.2769238470147,27
128.5,29.205746719539,27.7163393385747,27.1593747774918,0.0,27.2768210673741,27
129.0,29.1774497567463,27.7163393385747,27.1593747774918,0.0,27.2767214189342,27
129.5,29.1774497567463,27.6884288750039,27.1593747774918,0.0,27.276624239015,27
130.0,29.1774497567463,27.6884288750039,27.1593747774918,0.0,27.2757677863759,27
130.5,29.1491606847854,27.6884288750039,27.1593747774918,0.0,27.2749393851161,27
131.0,29.1491606847854,27.6884288750039,27.1315938016232,0.0,27.2741375290258,27
131.5,29.1491606847854,27.6884288750039,27.1315938016232,0.0,27.2733607805389,27
132.0,29.1208794801807,27.6884288750039,27.1315938016232,0.0,27.272608299884,27
132.5,29.1208794801807,27.6884288750039,27.1315938016232,0.0,27.2718787269005,27
133.0,29.1208794801807,27.6884288750039,27.1315938016232,0.0,27.2711707648027,27
133.5,29.0926061194847,27.6605250946888,27.1315938016232,0.0,27.2704837093687,27
134.0,29.0926061194847,27.6605250946888,27.1315938016232,0.0,27.2690553951551,27
134.5,29.0926061194847,27.6605250946888,27.1315938016232,0.0,27.2676718398338,27
135.0,29.0643405792788,27.6605250946888,27.1315938016232,0.0,27.2663315548379,27
135.5,29.0643405792788,27.6605250946888,27.1315938016232,0.0,27.2650325534705,27
136.0,29.0643405792788,27.6605250946888,27.1315938016232,0.0,27.2637729335939,27
136.5,29.0643405792788,27.6605250946888,27.1315938016232,0.0,27.2625514057989,27
137.0,29.0360828361725,27.6605250946888,27.1315938016232,0.0,27.261366724533,27
137.5,29.0360828361725,27.6326279755097,27.1315938016232,0.0,27.2602171376766,27
138.0,29.0360828361725,27.6326279755097,27.1315938016232,0.0,27.25834021493,27
138.5,29.0078328668035,27.6326279755097,27.1315938016232,0.0,27.2565218854745,27
139.0,29.0078328668035,27.6326279755097,27.1315938016232,0.0,27.2547596599161,27
139.5,29.0078328668035,27.6326279755097,27.1315938016232,0.0,27.2530511503646,27
140.0,28.9795906478374,27.6326279755097,27.1315938016232,0.0,27.2513945977316,27
140.5,28.9795906478374,27.6326279755097,27.1315938016232,0.0,27.2497877540068,27
141.0,28.9795906478374,27.6326279755097,27.1315938016232,0.0,27.2482284641713,27
141.5,28.9795906478374,27.6047374953695,27.1315938016232,0.0,27.2467151936466,27
142.0,28.951356155968,27.6047374953695,27.1315938016232,0.0,27.2444858862235,27
142.5,28.951356155968,27.6047374953695,27.1315938016232,0.0,27.2423253737876,27
143.0,28.951356155968,27.6047374953695,27.1315938016232,0.0,27.2402308533937,27
143.5,28.9231293679169,27.6047374953695,27.1315938016232,0.0,27.2382001645754,27
144.0,28.9231293679169,27.6047374953695,27.1315938016232,0.0,27.2362306717546,27
144.5,28.9231293679169,27.6047374953695,27.1038190708028,0.0,27.2343198453746,27
145.0,28.9231293679169,27.6047374953695,27.1038190708028,0.0,27.232465788615,27
145.5,28.8949102604333,27.5768536321941,27.1038190708028,0.0,27.2306666685937,27
146.0,28.8949102604333,27.5768536321941,27.1038190708028,0.0,27.2281597730652,27
146.5,28.8949102604333,27.5768536321941,27.1038190708028,0.0,27.2257295041958,27
147.0,28.8666988102939,27.5768536321941,27.1038190708028,0.0,27.2233733545005,27
147.5,28.8666988102939,27.5768536321941,27.1038190708028,0.0,27.2210883533504,27
148.0,28.8666988102939,27.5768536321941,27.1038190708028,0.0,27.218871647391,27
148.5,28.8666988102939,27.5768536321941,27.1038190708028,0.0,27.2167210265847,27
149.0,28.8384949943032,27.5768536321941,27.1038190708028,0.0,27.2146343553503,27
149.5,28.8384949943032,27.5768536321941,27.1038190708028,0.0,27.2126090221477,27
150.0,28.8384949943032,27.5489763639313,27.1038190708028,0.0,27.2106425201888,27
150.5,28.8384949943032,27.5489763639313,27.1038190708028,0.0,27.2079727606646,27
151.0,28.8384949943032,27.5489763639313,27.1038190708028,0.0,27.2053843711256,27
151.5,28.8102987892929,27.5489763639313,27.1038190708028,0.0,27.2028746944662,27
152.0,28.8102987892929,27.5489763639313,27.1038190708028,0.0,27.2004406156553,27
152.5,28.8102987892929,27.5489763639313,27.1038190708028,0.0,27.1980791416741,27
153.0,28.8102987892929,27.5489763639313,27.0760505633444,0.0,27.1957879271134,27
153.5,28.7821101721219,27.5489763639313,27.0760505633444,0.0,27.1935647054642,27
154.0,28.7821101721219,27.5489763639313,27.0760505633444,0.0,27.1914067388494,27
154.5,28.7821101721219,27.5211056685516,27.0760505633444,0.0,27.1893113982755,27
155.0,28.7821101721219,27.5211056685516,27.0760505633444,0.0,27.1865166556791,27
155.5,28.7821101721219,27.5211056685516,27.0760505633444,0.0,27.1838068385658,27
156.0,28.7539291196762,27.5211056685516,27.0760505633444,0.0,27.1811791791737,27
156.5,28.7539291196762,27.5211056685516,27.0760505633444,0.0,27.1786304557254,27
157.0,28.7539291196762,27.5211056685516,27.0760505633444,0.0,27.1761575719319,27
157.5,28.7539291196762,27.5211056685516,27.0760505633444,0.0,27.1737580821883,27
158.0,28.7539291196762,27.5211056685516,27.0760505633444,0.0,27.1714296230565,27
158.5,28.725755608869,27.5211056685516,27.0760505633444,0.0,27.1691699104506,27
159.0,28.725755608869,27.5211056685516,27.0760505633444,0.0,27.166976189651,27
159.5,28.725755608869,27.5211056685516,27.0760505633444,0.0,27.1648458152313,27
160.0,28.725755608869,27.4932415240474,27.0760505633444,0.0,27.1627767766733,27
160.5,28.725755608869,27.4932415240474,27.0482882575822,0.0,27.1600072753205,27
161.0,28.6975896166404,27.4932415240474,27.0482882575822,0.0,27.1573215027532,27
161.5,28.6975896166404,27.4932415240474,27.0482882575822,0.0,27.1547161913619,27
162.0,28.6975896166404,27.4932415240474,27.0482882575822,0.0,27.1521882004515,27
162.5,28.6975896166404,27.4932415240474,27.0482882575822,0.0,27.1497350411086,27
163.0,28.6975896166404,27.4932415240474,27.0482882575822,0.0,27.1473543079402,27
163.5,28.669431119957,27.4932415240474,27.0482882575822,0.0,27.1450436762163,27
164.0,28.669431119957,27.4932415240474,27.0482882575822,0.0,27.1428003521324,27
164.5,28.669431119957,27.4932415240474,27.0482882575822,0.0,27.1406216523853,27
165.0,28.669431119957,27.4932415240474,27.0482882575822,0.0,27.1385055294671,27
165.5,28.669431119957,27.4932415240474,27.0482882575822,0.0,27.136450004102,27
166.0,28.669431119957,27.4653839084336,27.0482882575822,0.0,27.1344531629175,27
166.5,28.669431119957,27.4653839084336,27.0482882575822,0.0,27.1317534790181,27
167.0,28.6412800958125,27.4653839084336,27.0482882575822,0.0,27.1291350502106,27
167.5,28.6412800958125,27.4653839084336,27.0482882575822,0.0,27.1265946966098,27
168.0,28.6412800958125,27.4653839084336,27.0482882575822,0.0,27.1241293621412,27
168.5,28.6412800958125,27.4653839084336,27.020532131871,0.0,27.1217366392364,27
169.0,28.6412800958125,27.4653839084336,27.020532131871,0.0,27.1194142009772,27
169.5,28.6412800958125,27.4653839084336,27.020532131871,0.0,27.1171597983389,27
170.0,28.6412800958125,27.4653839084336,27.020532131871,0.0,27.1149712575296,27
170.5,28.613136521227,27.4653839084336,27.020532131871,0.0,27.1128464774204,27
171.0,28.613136521227,27.4653839084336,27.020532131871,0.0,27.1107828803756,27
171.5,28.613136521227,27.4653839084336,27.020532131871,0.0,27.1087779917884,27
172.0,28.613136521227,27.4653839084336,27.020532131871,0.0,27.1068299653539,27
172.5,28.613136521227,27.4653839084336,27.020532131871,0.0,27.1049370160552,27
173.0,28.613136521227,27.4653839084336,27.020532131871,0.0,27.103097418076,27
173.5,28.613136521227,27.4375327997469,27.020532131871,0.0,27.1013095027845,27
174.0,28.613136521227,27.4375327997469,27.020532131871,0.0,27.0988121570535,27
174.5,28.5850003732468,27.4375327997469,27.020532131871,0.0,27.0963895233236,27
175.0,28.5850003732468,27.4375327997469,27.020532131871,0.0,27.0940386425663,27
175.5,28.5850003732468,27.4375327997469,27.020532131871,0.0,27.0917566719665,27
176.0,28.5850003732468,27.4375327997469,27.020532131871,0.0,27.0895414096013,27
176.5,28.5850003732468,27.4375327997469,27.020532131871,0.0,27.0873907271365,27
177.0,28.5850003732468,27.4375327997469,26.9927821645862,0.0,27.0853025673144,27
177.5,28.5850003732468,27.4375327997469,26.9927821645862,0.0,27.0832749415288,27
178.0,28.5850003732468,27.4375327997469,26.9927821645862,0.0,27.0813059274836,27
178.5,28.5568716289448,27.4375327997469,26.9927821645862,0.0,27.0793936669314,27
179.0,28.5568716289448,27.4375327997469,26.9927821645862,0.0,27.0775358170902,27
179.5,28.5568716289448,27.4375327997469,26.9927821645862,0.0,27.0757301301592,27
180.0,28.5568716289448,27.4375327997469,26.9927821645862,0.0,27.0739749785917,27
180.5,28.5568716289448,27.4375327997469,26.9927821645862,0.0,27.0722687886469,27
181.0,28.5568716289448,27.4375327997469,26.9927821645862,0.0,27.0706100385604,27
181.5,28.5568716289448,27.4375327997469,26.9927821645862,0.0,27.0689972567781,27
182.0,28.5568716289448,27.4375327997469,26.9927821645862,0.0,27.0674290202512,27
182.5,28.5568716289448,27.4375327997469,26.9927821645862,0.0,27.0659039527894,27
183.0,28.5568716289448,27.4375327997469,26.9927821645862,0.0,27.0644207234706,27
183.5,28.5568716289448,27.4096881760459,26.9927821645862,0.0,27.0629780451061,27
184.0,28.5287502654203,27.4096881760459,26.9927821645862,0.0,27.0608153498691,27
184.5,28.5287502654203,27.4096881760459,26.9927821645862,0.0,27.0587164069111,27
185.0,28.5287502654203,27.4096881760459,26.9927821645862,0.0,27.0566786367222,27
185.5,28.5287502654203,27.4096881760459,26.9927821645862,0.0,27.054700091459,27
186.0,28.5287502654203,27.4096881760459,26.9927821645862,0.0,27.0527788882446,27
186.5,28.5287502654203,27.4096881760459,26.9927821645862,0.0,27.0509132069538,27
187.0,28.5287502654203,27.4096881760459,26.9927821645862,0.0,27.0491012880751,27
187.5,28.5287502654203,27.4096881760459,26.9650383341229,0.0,27.047341430645,27
188.0,28.5287502654203,27.4096881760459,26.9650383341229,0.0,27.0456319902548,27
188.5,28.5287502654203,27.4096881760459,26.9650383341229,0.0,27.043971377125,27
189.0,28.5287502654203,27.4096881760459,26.9650383341229,0.0,27.0423580542464,27
189.5,28.5287502654203,27.4096881760459,26.9650383341229,0.0,27.0407905355853,27
190.0,28.5287502654203,27.4096881760459,26.9650383341229,0.0,27.0392673843497,27
190.5,28.5287502654203,27.4096881760459,26.9650383341229,0.0,27.0377872113159,27
191.0,28.5006362597983,27.4096881760459,26.9650383341229,0.0,27.0363486732124,27
191.5,28.5006362597983,27.4096881760459,26.9650383341229,0.0,27.0349499250442,27
192.0,28.5006362597983,27.4096881760459,26.9650383341229,0.0,27.0335891999062,27
192.5,28.5006362597983,27.4096881760459,26.9650383341229,0.0,27.0322653345592,27
193.0,28.5006362597983,27.4096881760459,26.9650383341229,0.0,27.0309772038373,27
193.5,28.5006362597983,27.4096881760459,26.9650383341229,0.0,27.0297237193598,27
194.0,28.5006362597983,27.4096881760459,26.9650383341229,0.0,27.0285038282868,27
194.5,28.5006362597983,27.4096881760459,26.9650383341229,0.0,27.0273165121179,27
195.0,28.5006362597983,27.4096881760459,26.9650383341229,0.0,27.0261607855321,27
195.5,28.5006362597983,27.4096881760459,26.9650383341229,0.0,27.0250356952674,27
196.0,28.5006362597983,27.4096881760459,26.9650383341229,0.0,27.0239403190391,27
196.5,28.5006362597983,27.4096881760459,26.9650383341229,0.0,27.0228737644949,27
197.0,28.5006362597983,27.4096881760459,26.9650383341229,0.0,27.0218351682061,27
197.5,28.5006362597983,27.4096881760459,26.9650383341229,0.0,27.0208236946932,27
198.0,28.5006362597983,27.4096881760459,26.9650383341229,0.0,27.0198385354853,27
198.5,28.5006362597983,27.4096881760459,26.9650383341229,0.0,27.0188789082111,27
199.0,28.4725295892301,27.4096881760459,26.9650383341229,0.0,27.0179440557214,27
199.5,28.4725295892301,27.4096881760459,26.9650383341229,0.0,27.0170326992702,27
200.0,28.4725295892301,27.4096881760459,26.9650383341229,0.0,27.0161436188635,27
200.5,28.4725295892301,27.4096881760459,26.9650383341229,0.0,27.0152761793635,27
201.0,28.4725295892301,27.4096881760459,26.9650383341229,0.0,27.0144297656849,27
201.5,28.4725295892301,27.4096881760459,26.9650383341229,0.0,27.0136037821266,27
202.0,28.4725295892301,27.4096881760459,26.9373006188969,0.0,27.0127976517252,27
202.5,28.4725295892301,27.4096881760459,26.9373006188969,0.0,27.0120108156321,27
203.0,28.4725295892301,27.4096881760459,26.9373006188969,0.0,27.0112427325104,27
203.5,28.4725295892301,27.4096881760459,26.9373006188969,0.0,27.0104928779536,27
204.0,28.4725295892301,27.4096881760459,26.9373006188969,0.0,27.0097607439234,27
204.5,28.4725295892301,27.4096881760459,26.9373006188969,0.0,27.0090458382071,27
205.0,28.4725295892301,27.4096881760459,26.9373006188969,0.0,27.0083476838932,27
205.5,28.4725295892301,27.4096881760459,26.9373006188969,0.0,27.0076658188654,27
206.0,28.4725295892301,27.4096881760459,26.9373006188969,0.0,27.0069997953133,27
206.5,28.4725295892301,27.4096881760459,26.9373006188969,0.0,27.0063491792601,27
207.0,28.4725295892301,27.4096881760459,26.9373006188969,0.0,27.0057135501062,27
207.5,28.4725295892301,27.4096881760459,26.9373006188969,0.0,27.0050925001885,27
208.0,28.4725295892301,27.3818500154112,26.9373006188969,0.0,27.0044856343547,27
208.5,28.4725295892301,27.3818500154112,26.9373006188969,0.0,27.0031334229115,27
209.0,28.4725295892301,27.3818500154112,26.9373006188969,0.0,27.0018208317079,27
209.5,28.4725295892301,27.3818500154112,26.9373006188969,0.0,27.0005465971375,27
210.0,28.4725295892301,27.3818500154112,26.9373006188969,0.0,26.9993094977145,27
210.5,28.4725295892301,27.3818500154112,26.9373006188969,0.0,26.9981083526409,27
211.0,28.4725295892301,27.4096881760459,26.9373006188969,0.0,26.9969420204214,27
211.5,28.4725295892301,27.4096881760459,26.9373006188969,0.0,26.996568544167,27
212.0,28.4725295892301,27.4096881760459,26.9373006188969,0.0,26.9962015198243,27
212.5,28.4725295892301,27.4096881760459,26.9373006188969,0.0,26.9958408195418,27
213.0,28.4725295892301,27.4096881760459,26.9373006188969,0.0,26.9954863185198,27
213.5,28.4725295892301,27.4096881760459,26.9373006188969,0.0,26.995137894923,27
214.0,28.4725295892301,27.4096881760459,26.9373006188969,0.0,26.9947954297962,27
214.5,28.4725295892301,27.4096881760459,26.9373006188969,0.0,26.9944588069833,27
215.0,28.4725295892301,27.4096881760459,26.9373006188969,0.0,26.9941279130479,27
215.5,28.4725295892301,27.4096881760459,26.9373006188969,0.0,26.9938026371971,27
216.0,28.4725295892301,27.4096881760459,26.9373006188969,0.0,26.9934828712078,27
216.5,28.4725295892301,27.4096881760459,26.9373006188969,0.0,26.9931685093549,27
217.0,28.4725295892301,27.4096881760459,26.9373006188969,0.0,26.9928594483421,27
217.5,28.4725295892301,27.4096881760459,26.9373006188969,0.0,26.9925555872347,27
218.0,28.4725295892301,27.4096881760459,26.9373006188969,0.0,26.9922568273945,27
218.5,28.4725295892301,27.4096881760459,26.9373006188969,0.0,26.9919630724174,27
219.0,28.4725295892301,27.4096881760459,26.9373006188969,0.0,26.9916742280717,27
219.5,28.4725295892301,27.4096881760459,26.9373006188969,0.0,26.9913902022395,27
220.0,28.4725295892301,27.4096881760459,26.9373006188969,0.0,26.9911109048596,27
220.5,28.4725295892301,27.4096881760459,26.9373006188969,0.0,26.9908362478714,27
221.0,28.4725295892301,27.4096881760459,26.9373006188969,0.0,26.9905661451622,27
221.5,28.4725295892301,27.4096881760459,26.9373006188969,0.0,26.9903005125142,27
222.0,28.4725295892301,27.4096881760459,26.9373006188969,0.0,26.9900392675548,27
222.5,28.4444302308929,27.4096881760459,26.9373006188969,0.0,26.989782329707,27
223.0,28.4444302308929,27.4096881760459,26.9373006188969,0.0,26.9895290743129,27
223.5,28.4444302308929,27.4096881760459,26.9373006188969,0.0,26.9892789136038,27
224.0,28.4444302308929,27.4096881760459,26.9373006188969,0.0,26.9890318234132,27
224.5,28.4444302308929,27.4096881760459,26.9373006188969,0.0,26.98878777924,27
225.0,28.4444302308929,27.4096881760459,26.9373006188969,0.0,26.9885467562752,27
225.5,28.4444302308929,27.4096881760459,26.9373006188969,0.0,26.9883087294275,27
226.0,28.4444302308929,27.4096881760459,26.9373006188969,0.0,26.9880736733483,27
226.5,28.4444302308929,27.4096881760459,26.9373006188969,0.0,26.9878415624544,27
227.0,28.4444302308929,27.4096881760459,26.9373006188969,0.0,26.9876123709514,27
227.5,28.4444302308929,27.4096881760459,26.9373006188969,0.0,26.9873860728549,27
228.0,28.4444302308929,27.4096881760459,26.9373006188969,0.0,26.9871626420118,27
228.5,28.4444302308929,27.4096881760459,26.9373006188969,0.0,26.9869420521196,27
229.0,28.4444302308929,27.4096881760459,26.9373006188969,0.0,26.986724276746,27
229.5,28.4444302308929,27.4096881760459,26.9373006188969,0.0,26.9865092893469,27
230.0,28.4444302308929,27.4096881760459,26.9373006188969,0.0,26.986297063284,27
230.5,28.4444302308929,27.4096881760459,26.9373006188969,0.0,26.9860875718415,27
231.0,28.4444302308929,27.4096881760459,26.9373006188969,0.0,26.9858807882423,27
231.5,28.4444302308929,27.4096881760459,26.9373006188969,0.0,26.9856766856631,27
232.0,28.4444302308929,27.4096881760459,26.9373006188969,0.0,26.9854752372493,27
232.5,28.4444302308929,27.4096881760459,26.9373006188969,0.0,26.9852764161286,27
233.0,28.4444302308929,27.4096881760459,26.9373006188969,0.0,26.9850801954249,27
233.5,28.4444302308929,27.4096881760459,26.9373006188969,0.0,26.9848865482706,27
234.0,28.4444302308929,27.4096881760459,26.9373006188969,0.0,26.9846954478191,27
234.5,28.4444302308929,27.4096881760459,26.9373006188969,0.0,26.9845068672563,27
235.0,28.4444302308929,27.4096881760459,26.9373006188969,0.0,26.9843207798117,27
235.5,28.4444302308929,27.4096881760459,26.9373006188969,0.0,26.9841371587687,27
236.0,28.4444302308929,27.4096881760459,26.9373006188969,0.0,26.9839559774751,27
236.5,28.4444302308929,27.4096881760459,26.9373006188969,0.0,26.9837772093524,27
237.0,28.4444302308929,27.4096881760459,26.9373006188969,0.0,26.9836008279048,27
237.5,28.4444302308929,27.4096881760459,26.9373006188969,0.0,26.9834268067282,27
238.0,28.4444302308929,27.4096881760459,26.9373006188969,0.0,26.9832551195177,27
238.5,28.4444302308929,27.4096881760459,26.9373006188969,0.0,26.9830857400764,27
239.0,28.4444302308929,27.4096881760459,26.9373006188969,0.0,26.9829186423216,27
239.5,28.4444302308929,27.4096881760459,26.9373006188969,0.0,26.982753800293,27
240.0,28.4444302308929,27.4096881760459,26.9373006188969,0.0,26.9825911881583,27
240.5,28.4444302308929,27.4096881760459,26.9373006188969,0.0,26.9824307802198,27
241.0,28.4444302308929,27.4096881760459,26.9373006188969,0.0,26.9822725509207,27
241.5,28.4444302308929,27.4096881760459,26.9373006188969,0.0,26.9821164748501,27
242.0,28.4444302308929,27.4096881760459,26.9373006188969,0.0,26.9819625267483,27
242.5,28.4444302308929,27.4096881760459,26.9373006188969,0.0,26.9818106815123,27
243.0,28.4444302308929,27.4096881760459,26.9373006188969,0.0,26.9816609141998,27
243.5,28.4444302308929,27.4096881760459,26.9373006188969,0.0,26.9815132000336,27
244.0,28.4444302308929,27.4096881760459,26.9373006188969,0.0,26.9813675144063,27
244.5,28.4444302308929,27.4096881760459,26.9373006188969,0.0,26.9812238328832,27
245.0,28.4444302308929,27.4096881760459,26.9373006188969,0.0,26.9810821312067,27
245.5,28.4444302308929,27.4096881760459,26.9373006188969,0.0,26.980942385299,27
246.0,28.4444302308929,27.4096881760459,26.9373006188969,0.0,26.9808045712655,27
246.5,28.4444302308929,27.4096881760459,26.9373006188969,0.0,26.9806686653975,27
247.0,28.4444302308929,27.4096881760459,26.9373006188969,0.0,26.9805346441748,27
247.5,28.4444302308929,27.4096881760459,26.9373006188969,0.0,26.9804024842685,27
248.0,28.4444302308929,27.4096881760459,26.9373006188969,0.0,26.9802721625426,27
248.5,28.4444302308929,27.4096881760459,26.9373006188969,0.0,26.9801436560565,27
249.0,28.4444302308929,27.4096881760459,26.9373006188969,0.0,26.9800169420666,27
249.5,28.4444302308929,27.4096881760459,26.9373006188969,0.0,26.9798919980283,27
250.0,28.4444302308929,27.4096881760459,26.9373006188969,0.0,26.9797688015971,27
250.5,28.4444302308929,27.4096881760459,26.9373006188969,0.0,26.97964733063,27
251.0,28.4444302308929,27.4096881760459,26.9373006188969,0.0,26.9795275631869,27
251.5,28.4444302308929,27.4096881760459,26.9373006188969,0.0,26.9794094775317,27
252.0,28.4444302308929,27.4096881760459,26.9373006188969,0.0,26.9792930521327,27
252.5,28.4444302308929,27.4096881760459,26.9373006188969,0.0,26.9791782656638,27
253.0,28.4444302308929,27.4096881760459,26.9373006188969,0.0,26.9790650970051,27
253.5,28.4444302308929,27.4096881760459,26.9373006188969,0.0,26.978953525243,27
254.0,28.4444302308929,27.4096881760459,26.9373006188969,0.0,26.978843529671,27
254.5,28.4444302308929,27.4096881760459,26.9373006188969,0.0,26.97873508979,27
255.0,28.4444302308929,27.4096881760459,26.9373006188969,0.0,26.978628185308,27
255.5,28.4444302308929,27.4096881760459,26.9373006188969,0.0,26.9785227961405,27
256.0,28.4444302308929,27.4096881760459,26.9373006188969,0.0,26.9784189024105,27
256.5,28.4444302308929,27.4096881760459,26.9373006188969,0.0,26.978316484448,27
257.0,28.4444302308929,27.4096881760459,26.9373006188969,0.0,26.9782155227903,27
257.5,28.4444302308929,27.4096881760459,26.9373006188969,0.0,26.9781159981809,27
258.0,28.4444302308929,27.4096881760459,26.9373006188969,0.0,26.9780178915701,27
258.5,28.4444302308929,27.4096881760459,26.9373006188969,0.0,26.9779211841136,27
259.0,28.4444302308929,27.4096881760459,26.9373006188969,0.0,26.9778258571724,27
259.5,28.4444302308929,27.4096881760459,26.9373006188969,0.0,26.9777318923121,27
260.0,28.4444302308929,27.4096881760459,26.9373006188969,0.0,26.9776392713023,27
260.5,28.4444302308929,27.4096881760459,26.9373006188969,0.0,26.9775479761156,27
261.0,28.4444302308929,27.4096881760459,26.9373006188969,0.0,26.9774579889269,27
261.5,28.4444302308929,27.4096881760459,26.9373006188969,0.0,26.9773692921126,27
262.0,28.4444302308929,27.4096881760459,26.9373006188969,0.0,26.9772818682496,27
262.5,28.4444302308929,27.4096881760459,26.9373006188969,0.0,26.9771957001143,27
263.0,28.4444302308929,27.4096881760459,26.9373006188969,0.0,26.9771107706816,27
263.5,28.4444302308929,27.4096881760459,26.9373006188969,0.0,26.9770270631236,27
264.0,28.4444302308929,27.4096881760459,26.9373006188969,0.0,26.9769445608089,27
264.5,28.4444302308929,27.4096881760459,26.9373006188969,0.0,26.9768632473013,27
265.0,28.4444302308929,27.4096881760459,26.9373006188969,0.0,26.9767831063581,27
265.5,28.4444302308929,27.4096881760459,26.9373006188969,0.0,26.9767041219297,27
266.0,28.4444302308929,27.4096881760459,26.9373006188969,0.0,26.9766262781576,27
266.5,28.4444302308929,27.4096881760459,26.9373006188969,0.0,26.9765495593736,27
267.0,28.4444302308929,27.4096881760459,26.9373006188969,0.0,26.9764739500982,27
267.5,28.4444302308929,27.4096881760459,26.9373006188969,0.0,26.976399435039,27
268.0,28.4444302308929,27.4096881760459,26.9373006188969,0.0,26.9763259990901,27
268.5,28.4444302308929,27.4096881760459,26.9373006188969,0.0,26.9762536273299,27
269.0,28.4444302308929,27.4096881760459,26.9373006188969,0.0,26.97618230502,27
269.5,28.4444302308929,27.4096881760459,26.9373006188969,0.0,26.9761120176036,27
270.0,28.4444302308929,27.4096881760459,26.9373006188969,0.0,26.9760427507044,27
270.5,28.4444302308929,27.4096881760459,26.9373006188969,0.0,26.9759744901246,27
271.0,28.4444302308929,27.4096881760459,26.9373006188969,0.0,26.9759072218437,27
271.5,28.4444302308929,27.4096881760459,26.9373006188969,0.0,26.975840932017,27
272.0,28.4444302308929,27.4096881760459,26.9373006188969,0.0,26.9757756069738,27
272.5,28.4444302308929,27.4096881760459,26.9373006188969,0.0,26.9757112332162,27
273.0,28.4444302308929,27.4096881760459,26.9373006188969,0.0,26.9756477974173,27
273.5,28.4163381619894,27.4096881760459,26.9373006188969,0.0,26.9755852864196,27
274.0,28.4163381619894,27.4096881760459,26.9373006188969,0.0,26.9755231415454,27
274.5,28.4163381619894,27.4096881760459,26.9373006188969,0.0,26.9754608394606,27
275.0,28.4163381619894,27.4096881760459,26.9373006188969,0.0,26.9753984187943,27
275.5,28.4163381619894,27.4375327997469,26.9373006188969,0.0,26.9753359163895,27
276.0,28.4163381619894,27.4375327997469,26.9373006188969,0.0,26.9760326902584,27
276.5,28.4163381619894,27.4375327997469,26.9373006188969,0.0,26.9767032543427,27
277.0,28.4163381619894,27.4375327997469,26.9373006188969,0.0,26.9773485443039,27
277.5,28.4163381619894,27.4375327997469,26.9373006188969,0.0,26.977969463091,27
278.0,28.4163381619894,27.4375327997469,26.9373006188969,0.0,26.9785668820742,27
278.5,28.4163381619894,27.4375327997469,26.9373006188969,0.0,26.9791416421393,27
279.0,28.4163381619894,27.4375327997469,26.9373006188969,0.0,26.9796945547449,27
279.5,28.4163381619894,27.4375327997469,26.9373006188969,0.0,26.9802264029425,27
280.0,28.4163381619894,27.4375327997469,26.9373006188969,0.0,26.9807379423615,27
280.5,28.4163381619894,27.4375327997469,26.9373006188969,0.0,26.9812299021602,27
281.0,28.4163381619894,27.4375327997469,26.9373006188969,0.0,26.9817029859445,27
281.5,28.4163381619894,27.4375327997469,26.9373006188969,0.0,26.9821578726535,27
282.0,28.4163381619894,27.4375327997469,26.9373006188969,0.0,26.9825952174164,27
282.5,28.4163381619894,27.4375327997469,26.9373006188969,0.0,26.9830156523778,27
283.0,28.4163381619894,27.4375327997469,26.9373006188969,0.0,26.9834197874962,27
283.5,28.4163381619894,27.4375327997469,26.9373006188969,0.0,26.9838082113138,27
284.0,28.4163381619894,27.4375327997469,26.9373006188969,0.0,26.9841814917001,27
284.5,28.4163381619894,27.4375327997469,26.9373006188969,0.0,26.98454017657,27
285.0,28.4163381619894,27.4375327997469,26.9373006188969,0.0,26.9848847945766,27
285.5,28.4163381619894,27.4375327997469,26.9373006188969,0.0,26.9852158557805,27
286.0,28.4163381619894,27.4375327997469,26.9373006188969,0.0,26.9855338522956,27
286.5,28.4163381619894,27.4375327997469,26.9373006188969,0.0,26.985839258913,27
287.0,28.4163381619894,27.4375327997469,26.9373006188969,0.0,26.986132533703,27
287.5,28.4163381619894,27.4375327997469,26.9373006188969,0.0,26.9864141185963,27
288.0,28.4163381619894,27.4375327997469,26.9373006188969,0.0,26.9866844399452,27
288.5,28.4163381619894,27.4375327997469,26.9373006188969,0.0,26.9869439090655,27
289.0,28.4163381619894,27.4375327997469,26.9373006188969,0.0,26.9871929227596,27
289.5,28.4163381619894,27.4375327997469,26.9373006188969,0.0,26.9874318638212,27
290.0,28.4163381619894,27.4375327997469,26.9373006188969,0.0,26.9876611015231,27
290.5,28.4163381619894,27.4375327997469,26.9373006188969,0.0,26.9878809920874,27
291.0,28.4163381619894,27.4375327997469,26.9373006188969,0.0,26.9880918791404,27
291.5,28.4163381619894,27.4375327997469,26.9373006188969,0.0,26.988294094151,27
292.0,28.4163381619894,27.4375327997469,26.9373006188969,0.0,26.9884879568539,27
292.5,28.4163381619894,27.4375327997469,26.9373006188969,0.0,26.9886737756588,27
293.0,28.4163381619894,27.4375327997469,26.9373006188969,0.0,26.9888518480447,27
293.5,28.4163381619894,27.4375327997469,26.9373006188969,0.0,26.9890224609415,27
294.0,28.4163381619894,27.4375327997469,26.9373006188969,0.0,26.989185891097,27
294.5,28.4163381619894,27.4375327997469,26.9373006188969,0.0,26.9893424054324,27
295.0,28.4163381619894,27.4375327997469,26.9373006188969,0.0,26.9894922613855,27
295.5,28.4163381619894,27.4375327997469,26.9373006188969,0.0,26.9896357072407,27
296.0,28.4163381619894,27.4375327997469,26.9373006188969,0.0,26.9897729824491,27
296.5,28.4163381619894,27.4375327997469,26.9373006188969,0.0,26.989904317937,27
297.0,28.4163381619894,27.4375327997469,26.9373006188969,0.0,26.990029936403,27
297.5,28.4163381619894,27.4375327997469,26.9373006188969,0.0,26.9901500526059,27
298.0,28.4163381619894,27.4375327997469,26.9373006188969,0.0,26.990264873642,27
298.5,28.4163381619894,27.4375327997469,26.9373006188969,0.0,26.9903745992131,27
299.0,28.4163381619894,27.4375327997469,26.9373006188969,0.0,26.9904794218846,27
299.5,28.4163381619894,27.4375327997469,26.9373006188969,0.0,26.9905795273355,27
300.0,28.4163381619894,27.4375327997469,26.9373006188969,0.0,26.9906750945993,27
300.5,28.4163381619894,27.4375327997469,26.9373006188969,0.0,26.9907662962963,27
301.0,28.4163381619894,27.4375327997469,26.9373006188969,0.0,26.9908532988585,27
301.5,28.4163381619894,27.4375327997469,26.9373006188969,0.0,26.990936262746,27
302.0,28.4163381619894,27.4375327997469,26.9373006188969,0.0,26.9910153426565,27
302.5,28.4163381619894,27.4375327997469,26.9373006188969,0.0,26.991090687727,27
303.0,28.4163381619894,27.4375327997469,26.9373006188969,0.0,26.991162441729,27
303.5,28.4163381619894,27.4375327997469,26.9373006188969,0.0,26.9912307432564,27
304.0,28.4163381619894,27.4375327997469,26.9373006188969,0.0,26.9912957259075,27
304.5,28.4163381619894,27.4375327997469,26.9373006188969,0.0,26.9913575184601,27
305.0,28.4163381619894,27.4375327997469,26.9373006188969,0.0,26.9914162450408,27
305.5,28.4163381619894,27.4375327997469,26.9373006188969,0.0,26.9914720252886,27
306.0,28.4163381619894,27.4375327997469,26.9373006188969,0.0,26.9915249745122,27
306.5,28.4163381619894,27.4375327997469,26.9373006188969,0.0,26.9915752038427,27
307.0,28.4163381619894,27.4375327997469,26.9373006188969,0.0,26.9916228203801,27
307.5,28.4163381619894,27.4375327997469,26.9373006188969,0.0,26.9916679273357,27
308.0,28.4163381619894,27.4375327997469,26.9373006188969,0.0,26.9917106241685,27
308.5,28.4163381619894,27.4375327997469,26.9373006188969,0.0,26.9917510067174,27
309.0,28.4163381619894,27.4375327997469,26.9373006188969,0.0,26.9917891673292,27
309.5,28.4163381619894,27.4375327997469,26.9373006188969,0.0,26.9918251949811,27
310.0,28.4163381619894,27.4375327997469,26.9373006188969,0.0,26.9918591754003,27
310.5,28.4163381619894,27.4375327997469,26.9373006188969,0.0,26.9918911911778,27
311.0,28.4163381619894,27.4375327997469,26.9373006188969,0.0,26.9919213218798,27
311.5,28.4163381619894,27.4375327997469,26.9650383341229,0.0,26.9919496441546,27
312.0,28.4163381619894,27.4375327997469,26.9650383341229,0.0,26.991976231835,27
312.5,28.4163381619894,27.4375327997469,26.9650383341229,0.0,26.9920011560388,27
313.0,28.4163381619894,27.4375327997469,26.9650383341229,0.0,26.9920244852643,27
313.5,28.4163381619894,27.4375327997469,26.9650383341229,0.0,26.9920462854829,27
314.0,28.4163381619894,27.4375327997469,26.9650383341229,0.0,26.9920666202294,27
314.5,28.4163381619894,27.4375327997469,26.9650383341229,0.0,26.9920855506874,27
315.0,28.4163381619894,27.4375327997469,26.9650383341229,0.0,26.9921031357735,27
315.5,28.4163381619894,27.4375327997469,26.9650383341229,0.0,26.9921194322173,27
316.0,28.4163381619894,27.4375327997469,26.9650383341229,0.0,26.992134494639,27
316.5,28.4163381619894,27.4375327997469,26.9650383341229,0.0,26.9921483756248,27
317.0,28.4163381619894,27.4375327997469,26.9650383341229,0.0,26.9921611257989,27
317.5,28.4163381619894,27.4375327997469,26.9650383341229,0.0,26.9921727938934,27
318.0,28.4163381619894,27.4375327997469,26.9650383341229,0.0,26.9921834268157,27
318.5,28.4163381619894,27.4375327997469,26.9650383341229,0.0,26.9921930697133,27
319.0,28.4163381619894,27.4375327997469,26.9650383341229,0.0,26.992201766037,27
319.5,28.4163381619894,27.4375327997469,26.9650383341229,0.0,26.992209557601,27
320.0,28.4163381619894,27.4375327997469,26.9650383341229,0.0,26.9922164846418,27
320.5,28.4163381619894,27.4375327997469,26.9650383341229,0.0,26.9922225858741,27
321.0,28.4163381619894,27.4375327997469,26.9650383341229,0.0,26.9922278985455,27
321.5,28.4163381619894,27.4375327997469,26.9650383341229,0.0,26.9922324584892,27
322.0,28.4163381619894,27.4375327997469,26.9650383341229,0.0,26.9922363001742,27
322.5,28.4163381619894,27.4375327997469,26.9650383341229,0.0,26.9922394567546,27
323.0,28.4163381619894,27.4375327997469,26.9650383341229,0.0,26.9922419601168,27
323.5,28.4163381619894,27.4375327997469,26.9650383341229,0.0,26.9922438409248,27
324.0,28.4163381619894,27.4375327997469,26.9650383341229,0.0,26.9922451286642,27
324.5,28.4163381619894,27.4375327997469,26.9650383341229,0.0,26.9922458516849,27
325.0,28.4163381619894,27.4375327997469,26.9650383341229,0.0,26.9922460372415,27
325.5,28.4163381619894,27.4375327997469,26.9650383341229,0.0,26.9922457115332,27
326.0,28.4163381619894,27.4375327997469,26.9650383341229,0.0,26.9922448997419,27
326.5,28.4163381619894,27.4375327997469,26.9650383341229,0.0,26.9922436260687,27
327.0,28.4163381619894,27.4375327997469,26.9650383341229,0.0,26.9922419137694,27
327.5,28.4163381619894,27.4375327997469,26.9650383341229,0.0,26.9922397851891,27
328.0,28.4163381619894,27.4375327997469,26.9650383341229,0.0,26.9922372617945,27
328.5,28.4163381619894,27.4375327997469,26.9650383341229,0.0,26.9922343642067,27
329.0,28.4163381619894,27.4375327997469,26.9650383341229,0.0,26.9922311122309,27
329.5,28.4163381619894,27.4375327997469,26.9650383341229,0.0,26.992227524887,27
330.0,28.4163381619894,27.4375327997469,26.9650383341229,0.0,26.9922236204375,27
330.5,28.4163381619894,27.4375327997469,26.9650383341229,0.0,26.9922194164156,27
331.0,28.4163381619894,27.4375327997469,26.9650383341229,0.0,26.9922149296513,27
331.5,28.4163381619894,27.4375327997469,26.9650383341229,0.0,26.9922101762977,27
332.0,28.4163381619894,27.4375327997469,26.9650383341229,0.0,26.9922051718553,27
332.5,28.4163381619894,27.4375327997469,26.9650383341229,0.0,26.9921999311961,27
333.0,28.4163381619894,27.4375327997469,26.9650383341229,0.0,26.9921944685868,27
333.5,28.4163381619894,27.4375327997469,26.9650383341229,0.0,26.9921887977106,27
334.0,28.4163381619894,27.4375327997469,26.9650383341229,0.0,26.9921829316891,27
334.5,28.4163381619894,27.4375327997469,26.9650383341229,0.0,26.9921768831029,27
335.0,28.4163381619894,27.4375327997469,26.9650383341229,0.0,26.9921706640113,27
335.5,28.4163381619894,27.4375327997469,26.9650383341229,0.0,26.9921642859721,27
336.0,28.4163381619894,27.4375327997469,26.9650383341229,0.0,26.9921577600595,27
336.5,28.4163381619894,27.4375327997469,26.9650383341229,0.0,26.9921510968825,27
337.0,28.4163381619894,27.4375327997469,26.9650383341229,0.0,26.9921443066022,27
337.5,28.4163381619894,27.4375327997469,26.9650383341229,0.0,26.9921373989479,27
338.0,28.4163381619894,27.4375327997469,26.9650383341229,0.0,26.9921303832341,27
338.5,28.4163381619894,27.4375327997469,26.9650383341229,0.0,26.9921232683751,27
339.0,28.4163381619894,27.4375327997469,26.9650383341229,0.0,26.9921160629005,27
339.5,28.4163381619894,27.4375327997469,26.9650383341229,0.0,26.9921087749693,27
340.0,28.4163381619894,27.4375327997469,26.9650383341229,0.0,26.9921014123842,27
340.5,28.4163381619894,27.4375327997469,26.9650383341229,0.0,26.9920939826046,27
341.0,28.4163381619894,27.4375327997469,26.9650383341229,0.0,26.9920864927598,27
341.5,28.4163381619894,27.4375327997469,26.9650383341229,0.0,26.9920789496613,27
342.0,28.4163381619894,27.4375327997469,26.9650383341229,0.0,26.9920713598149,27
342.5,28.4163381619894,27.4375327997469,26.9650383341229,0.0,26.9920637294323,27
343.0,28.4163381619894,27.4375327997469,26.9650383341229,0.0,26.9920560644423,27
343.5,28.4163381619894,27.4375327997469,26.9650383341229,0.0,26.9920483705014,27
344.0,28.4163381619894,27.4375327997469,26.9650383341229,0.0,26.9920406530045,27
344.5,28.4163381619894,27.4375327997469,26.9650383341229,0.0,26.9920329170947,27
345.0,28.4163381619894,27.4375327997469,26.9650383341229,0.0,26.9920251676729,27
345.5,28.4163381619894,27.4375327997469,26.9650383341229,0.0,26.9920174094074,27
346.0,28.4163381619894,27.4375327997469,26.9650383341229,0.0,26.9920096467424,27
346.5,28.4163381619894,27.4375327997469,26.9650383341229,0.0,26.9920018839073,27
347.0,28.4163381619894,27.4375327997469,26.9650383341229,0.0,26.9919941249245,27
347.5,28.4163381619894,27.4375327997469,26.9650383341229,0.0,26.9919863736176,27
348.0,28.4163381619894,27.4375327997469,26.9650383341229,0.0,26.9919786336191,27
348.5,28.4163381619894,27.4375327997469,26.9650383341229,0.0,26.9919709083781,27
349.0,28.4163381619894,27.4375327997469,26.9650383341229,0.0,26.9919632011673,27
349.5,28.4163381619894,27.4375327997469,26.9650383341229,0.0,26.9919555150898,27
350.0,28.4163381619894,27.4375327997469,26.9650383341229,0.0,26.9919478530862,27
350.5,28.4163381619894,27.4375327997469,26.9650383341229,0.0,26.9919402179407,27
351.0,28.4163381619894,27.4375327997469,26.9650383341229,0.0,26.9919326122873,27
351.5,28.4163381619894,27.4375327997469,26.9650383341229,0.0,26.991925038616,27
352.0,28.4163381619894,27.4375327997469,26.9650383341229,0.0,26.9919174992784,27
352.5,28.4163381619894,27.4375327997469,26.9650383341229,0.0,26.9919099964933,27
353.0,28.4163381619894,27.4375327997469,26.9650383341229,0.0,26.9919025323521,27
353.5,28.4163381619894,27.4375327997469,26.9650383341229,0.0,26.9918951088238,27
354.0,28.4163381619894,27.4375327997469,26.9650383341229,0.0,26.9918877277602,27
354.5,28.4163381619894,27.4375327997469,26.9650383341229,0.0,26.9918803909004,27
355.0,28.4163381619894,27.4375327997469,26.9650383341229,0.0,26.9918730998757,27
355.5,28.4163381619894,27.4375327997469,26.9650383341229,0.0,26.9918658562139,27
356.0,28.4163381619894,27.4375327997469,26.9650383341229,0.0,26.9918586613434,27
356.5,28.4163381619894,27.4375327997469,26.9650383341229,0.0,26.9918515165976,27
357.0,28.4163381619894,27.4375327997469,26.9650383341229,0.0,26.9918444232188,27
357.5,28.4163381619894,27.4375327997469,26.9650383341229,0.0,26.9918373823618,27
358.0,28.4163381619894,27.4375327997469,26.9650383341229,0.0,26.991830395098,27
358.5,28.4163381619894,27.4375327997469,26.9650383341229,0.0,26.9918234624184,27
359.0,28.4163381619894,27.4375327997469,26.9650383341229,0.0,26.9918165852375,27
359.5,28.4163381619894,27.4375327997469,26.9650383341229,0.0,26.9918097643963,27
360.0,28.4163381619894,27.4375327997469,26.9650383341229,0.0,26.9918030006654,27
360.5,28.4163381619894,27.4375327997469,26.9650383341229,0.0,26.9917962947484,27
361.0,28.4163381619894,27.4375327997469,26.9650383341229,0.0,26.9917896472844,27
361.5,28.4163381619894,27.4375327997469,26.9650383341229,0.0,26.991783058851,27
362.0,28.4163381619894,27.4375327997469,26.9650383341229,0.0,26.9917765299673,27
362.5,28.4163381619894,27.4375327997469,26.9650383341229,0.0,26.9917700610958,27
363.0,28.4163381619894,27.4375327997469,26.9650383341229,0.0,26.9917636526456,27
363.5,28.4163381619894,27.4375327997469,26.9650383341229,0.0,26.9917573049746,27
364.0,28.4163381619894,27.4375327997469,26.9650383341229,0.0,26.9917510183915,27
364.5,28.4163381619894,27.4375327997469,26.9650383341229,0.0,26.9917447931586,27
365.0,28.4163381619894,27.4375327997469,26.9650383341229,0.0,26.9917386294935,27
365.5,28.4163381619894,27.4375327997469,26.9650383341229,0.0,26.9917325275712,27
366.0,28.4163381619894,27.4375327997469,26.9650383341229,0.0,26.9917264875265,27
366.5,28.4163381619894,27.4375327997469,26.9650383341229,0.0,26.9917205094554,27
367.0,28.4163381619894,27.4375327997469,26.9650383341229,0.0,26.9917145934172,27
367.5,28.4163381619894,27.4375327997469,26.9650383341229,0.0,26.9917087394363,27
368.0,28.4163381619894,27.4375327997469,26.9650383341229,0.0,26.9917029475037,27
368.5,28.4163381619894,27.4375327997469,26.9650383341229,0.0,26.9916972175788,27
369.0,28.4163381619894,27.4375327997469,26.9650383341229,0.0,26.991691549591,27
369.5,28.4163381619894,27.4375327997469,26.9650383341229,0.0,26.991685943441,27
370.0,28.4163381619894,27.4375327997469,26.9650383341229,0.0,26.9916803990025,27
370.5,28.4163381619894,27.4375327997469,26.9650383341229,0.0,26.9916749161235,27
371.0,28.4163381619894,27.4375327997469,26.9650383341229,0.0,26.9916694946273,27
371.5,28.4163381619894,27.4375327997469,26.9650383341229,0.0,26.9916641343146,27
372.0,28.4163381619894,27.4375327997469,26.9650383341229,0.0,26.9916588349637,27
372.5,28.4163381619894,27.4375327997469,26.9650383341229,0.0,26.9916535963326,27
373.0,28.4163381619894,27.4375327997469,26.9650383341229,0.0,26.9916484181597,27
373.5,28.4163381619894,27.4375327997469,26.9650383341229,0.0,26.9916433001647,27
374.0,28.4163381619894,27.4375327997469,26.9650383341229,0.0,26.99163824205,27
374.5,28.4163381619894,27.4375327997469,26.9650383341229,0.0,26.9916332435018,27
375.0,28.4163381619894,27.4375327997469,26.9650383341229,0.0,26.9916283041907,27
375.5,28.4163381619894,27.4375327997469,26.9650383341229,0.0,26.9916234237726,27
376.0,28.4163381619894,27.4375327997469,26.9650383341229,0.0,26.9916186018902,27
376.5,28.4163381619894,27.4375327997469,26.9650383341229,0.0,26.991613838173,27
377.0,28.4163381619894,27.4375327997469,26.9650383341229,0.0,26.9916091322387,27
377.5,28.4163381619894,27.4375327997469,26.9650383341229,0.0,26.991604483694,27
378.0,28.4163381619894,27.4375327997469,26.9650383341229,0.0,26.9915998921349,27
378.5,28.4163381619894,27.4375327997469,26.9650383341229,0.0,26.9915953571479,27
379.0,28.4163381619894,27.4375327997469,26.9650383341229,0.0,26.9915908783104,27
379.5,28.4163381619894,27.4375327997469,26.9650383341229,0.0,26.9915864551913,27
380.0,28.4163381619894,27.4375327997469,26.9650383341229,0.0,26.991582087352,27
380.5,28.4163381619894,27.4375327997469,26.9650383341229,0.0,26.9915777743467,27
381.0,28.4163381619894,27.4375327997469,26.9650383341229,0.0,26.991573515723,27
381.5,28.4163381619894,27.4375327997469,26.9650383341229,0.0,26.9915693110226,27
382.0,28.4163381619894,27.4375327997469,26.9650383341229,0.0,26.9915651597816,27
382.5,28.4163381619894,27.4375327997469,26.9650383341229,0.0,26.9915610615314,27
383.0,28.4163381619894,27.4375327997469,26.9650383341229,0.0,26.9915570157987,27
383.5,28.4163381619894,27.4375327997469,26.9650383341229,0.0,26.9915530221062,27
384.0,28.4163381619894,27.4375327997469,26.9650383341229,0.0,26.9915490799732,27
384.5,28.4163381619894,27.4375327997469,26.9650383341229,0.0,26.9915451889157,27
385.0,28.4163381619894,27.4375327997469,26.9650383341229,0.0,26.9915413484471,27
385.5,28.4163381619894,27.4375327997469,26.9650383341229,0.0,26.9915375580784,27
386.0,28.4163381619894,27.4375327997469,26.9650383341229,0.0,26.9915338173185,27
386.5,28.4163381619894,27.4375327997469,26.9650383341229,0.0,26.9915301256749,27
387.0,28.4163381619894,27.4375327997469,26.9650383341229,0.0,26.9915264826535,27
387.5,28.4163381619894,27.4375327997469,26.9650383341229,0.0,26.9915228877596,27
388.0,28.4163381619894,27.4375327997469,26.9650383341229,0.0,26.9915193404974,27
388.5,28.4163381619894,27.4375327997469,26.9650383341229,0.0,26.9915158403712,27
389.0,28.4163381619894,27.4375327997469,26.9650383341229,0.0,26.9915123868847,27
389.5,28.4163381619894,27.4375327997469,26.9650383341229,0.0,26.9915089795421,27
390.0,28.4163381619894,27.4375327997469,26.9650383341229,0.0,26.9915056178478,27
390.5,28.4163381619894,27.4375327997469,26.9650383341229,0.0,26.9915023013071,27
391.0,28.4163381619894,27.4375327997469,26.9650383341229,0.0,26.9914990294257,27
391.5,28.4163381619894,27.4375327997469,26.9650383341229,0.0,26.9914958017109,27
392.0,28.4163381619894,27.4375327997469,26.9650383341229,0.0,26.991492617671,27
392.5,28.4163381619894,27.4375327997469,26.9650383341229,0.0,26.9914894768157,27
393.0,28.4163381619894,27.4375327997469,26.9650383341229,0.0,26.9914863786565,27
393.5,28.4163381619894,27.4375327997469,26.9650383341229,0.0,26.9914833227066,27
394.0,28.4163381619894,27.4375327997469,26.9650383341229,0.0,26.9914803084815,27
394.5,28.4163381619894,27.4375327997469,26.9650383341229,0.0,26.9914773354984,27
395.0,28.4163381619894,27.4375327997469,26.9650383341229,0.0,26.991474403277,27
395.5,28.4163381619894,27.4375327997469,26.9650383341229,0.0,26.9914715113395,27
396.0,28.4163381619894,27.4375327997469,26.9650383341229,0.0,26.9914686592105,27
396.5,28.4163381619894,27.4375327997469,26.9650383341229,0.0,26.9914658464174,27
397.0,28.4163381619894,27.4375327997469,26.9650383341229,0.0,26.9914630724902,27
397.5,28.4163381619894,27.4375327997469,26.9650383341229,0.0,26.9914603369619,27
398.0,28.4163381619894,27.4653839084336,26.9650383341229,0.0,26.9914576393686,27
398.5,28.4163381619894,27.4653839084336,26.9650383341229,0.0,26.9922144789832,27
399.0,28.4163381619894,27.4653839084336,26.9650383341229,0.0,26.9929451528733,27
399.5,28.4163381619894,27.4653839084336,26.9650383341229,0.0,26.9936505645789,27
400.0,28.4163381619894,27.4653839084336,26.9650383341229,0.0,26.9943315864555,27
400.5,28.4163381619894,27.4653839084336,26.9650383341229,0.0,26.9949890607505,27
401.0,28.4163381619894,27.4653839084336,26.9650383341229,0.0,26.9956238006412,27
401.5,28.4163381619894,27.4653839084336,26.9650383341229,0.0,26.9962365912391,27
402.0,28.4163381619894,27.4653839084336,26.9650383341229,0.0,26.9968281905573,27
402.5,28.4163381619894,27.4653839084336,26.9650383341229,0.0,26.9973993304461,27
403.0,28.4163381619894,27.4653839084336,26.9650383341229,0.0,26.9979507174958,27
403.5,28.4163381619894,27.4653839084336,26.9650383341229,0.0,26.9984830339081,27
404.0,28.4163381619894,27.4653839084336,26.9650383341229,0.0,26.9989969383379,27
404.5,28.4163381619894,27.4653839084336,26.9650383341229,0.0,26.9994930667056,27
405.0,28.4163381619894,27.4653839084336,26.9650383341229,0.0,26.9999720329817,27
405.5,28.4163381619894,27.4653839084336,26.9650383341229,0.0,27.0004344299446,27
406.0,28.4163381619894,27.4653839084336,26.9650383341229,0.0,27.000880829911,27
406.5,28.4163381619894,27.4653839084336,26.9650383341229,0.0,27.0013117854431,27
407.0,28.4163381619894,27.4653839084336,26.9650383341229,0.0,27.0017278300292,27
407.5,28.4163381619894,27.4653839084336,26.9650383341229,0.0,27.0021294787428,27
408.0,28.4163381619894,27.4653839084336,26.9650383341229,0.0,27.0025172288774,27
408.5,28.4163381619894,27.4653839084336,26.9650383341229,0.0,27.0028915605605,27
409.0,28.4163381619894,27.4653839084336,26.9650383341229,0.0,27.0032529373457,27
409.5,28.4163381619894,27.4653839084336,26.9650383341229,0.0,27.0036018067847,27
410.0,28.4163381619894,27.4653839084336,26.9650383341229,0.0,27.0039386009797,27
410.5,28.4163381619894,27.4653839084336,26.9650383341229,0.0,27.0042637371162,27
411.0,28.4163381619894,27.4653839084336,26.9650383341229,0.0,27.004577617978,27
411.5,28.4163381619894,27.4653839084336,26.9650383341229,0.0,27.0048806324442,27
412.0,28.4163381619894,27.4653839084336,26.9650383341229,0.0,27.0051731559689,27
412.5,28.4163381619894,27.4653839084336,26.9650383341229,0.0,27.0054555510446,27
413.0,28.4163381619894,27.4653839084336,26.9650383341229,0.0,27.0057281676495,27
413.5,28.4163381619894,27.4653839084336,26.9650383341229,0.0,27.0059913436794,27
414.0,28.4163381619894,27.4653839084336,26.9650383341229,0.0,27.0062454053643,27
414.5,28.4163381619894,27.4653839084336,26.9650383341229,0.0,27.0064906676718,27
415.0,28.4163381619894,27.4653839084336,26.9650383341229,0.0,27.0067274346948,27
415.5,28.4163381619894,27.4653839084336,26.9650383341229,0.0,27.0069560000275,27
416.0,28.4163381619894,27.4653839084336,26.9650383341229,0.0,27.0071766471275,27
416.5,28.4163381619894,27.4653839084336,26.9650383341229,0.0,27.0073896496654,27
417.0,28.4163381619894,27.4653839084336,26.9650383341229,0.0,27.0075952718632,27
417.5,28.4163381619894,27.4653839084336,26.9650383341229,0.0,27.0077937688195,27
418.0,28.4163381619894,27.4653839084336,26.9650383341229,0.0,27.0079853868251,27
418.5,28.4163381619894,27.4653839084336,26.9650383341229,0.0,27.0081703636666,27
419.0,28.4163381619894,27.4653839084336,26.9650383341229,0.0,27.0083489289201,27
419.5,28.4163381619894,27.4653839084336,26.9650383341229,0.0,27.0085213042345,27
420.0,28.4163381619894,27.4653839084336,26.9650383341229,0.0,27.0086877036048,27
420.5,28.4163381619894,27.4653839084336,26.9650383341229,0.0,27.008848333637,27
421.0,28.4163381619894,27.4653839084336,26.9650383341229,0.0,27.0090033938021,27
421.5,28.4163381619894,27.4653839084336,26.9650383341229,0.0,27.0091530766833,27
422.0,28.4163381619894,27.4653839084336,26.9650383341229,0.0,27.0092975682133,27
422.5,28.4163381619894,27.4653839084336,26.9650383341229,0.0,27.0094370479036,27
423.0,28.4163381619894,27.4653839084336,26.9650383341229,0.0,27.0095716890668,27
423.5,28.4163381619894,27.4653839084336,26.9650383341229,0.0,27.0097016590297,27
424.0,28.4163381619894,27.4653839084336,26.9650383341229,0.0,27.0098271193406,27
424.5,28.4163381619894,27.4653839084336,26.9650383341229,0.0,27.0099482259686,27
425.0,28.4163381619894,27.4653839084336,26.9650383341229,0.0,27.0100651294958,27
425.5,28.4163381619894,27.4653839084336,26.9650383341229,0.0,27.0101779753037,27
426.0,28.3882533597481,27.4653839084336,26.9650383341229,0.0,27.0102869037524,27
426.5,28.3882533597481,27.4653839084336,26.9650383341229,0.0,27.0103915048068,27
427.0,28.3882533597481,27.4653839084336,26.9650383341229,0.0,27.0104913989199,27
427.5,28.3882533597481,27.4653839084336,26.9650383341229,0.0,27.010586763678,27
428.0,28.3882533597481,27.4653839084336,26.9650383341229,0.0,27.010677770356,27
428.5,28.3882533597481,27.4653839084336,26.9650383341229,0.0,27.0107645841363,27
429.0,28.3882533597481,27.4653839084336,26.9650383341229,0.0,27.01084736432,27
429.5,28.3882533597481,27.4653839084336,26.9650383341229,0.0,27.0109262645317,27
430.0,28.3882533597481,27.4653839084336,26.9650383341229,0.0,27.0110014329165,27
430.5,28.3882533597481,27.4653839084336,26.9650383341229,0.0,27.0110730123305,27
431.0,28.3882533597481,27.4653839084336,26.9650383341229,0.0,27.0111411405247,27
431.5,28.3882533597481,27.4653839084336,26.9650383341229,0.0,27.0112059503227,27
432.0,28.3882533597481,27.4653839084336,26.9650383341229,0.0,27.011267569792,27
432.5,28.3882533597481,27.4653839084336,26.9650383341229,0.0,27.0113261224097,27
433.0,28.3882533597481,27.4653839084336,26.9650383341229,0.0,27.0113817272226,27
433.5,28.3882533597481,27.4653839084336,26.9650383341229,0.0,27.0114344990011,27
434.0,28.3882533597481,27.4653839084336,26.9650383341229,0.0,27.0114845483888,27
434.5,28.3882533597481,27.4653839084336,26.9650383341229,0.0,27.0115319820459,27
435.0,28.3882533597481,27.4653839084336,26.9650383341229,0.0,27.0115769027888,27
435.5,28.3882533597481,27.4653839084336,26.9650383341229,0.0,27.0116194097236,27
436.0,28.3882533597481,27.4653839084336,26.9650383341229,0.0,27.0116595983762,27
436.5,28.3882533597481,27.4653839084336,26.9650383341229,0.0,27.0116975608173,27
437.0,28.3882533597481,27.4653839084336,26.9650383341229,0.0,27.0117333857831,27
437.5,28.3882533597481,27.4653839084336,26.9650383341229,0.0,27.0117671587917,27
438.0,28.3882533597481,27.4653839084336,26.9650383341229,0.0,27.0117989622563,27
438.5,28.3882533597481,27.4653839084336,26.9650383341229,0.0,27.0118288755933,27
439.0,28.3882533597481,27.4653839084336,26.9650383341229,0.0,27.0118569753277,27
439.5,28.3882533597481,27.4653839084336,26.9650383341229,0.0,27.0118833351943,27
440.0,28.3882533597481,27.4653839084336,26.9650383341229,0.0,27.0119080262355,27
440.5,28.3882533597481,27.4653839084336,26.9650383341229,0.0,27.0119311168959,27
441.0,28.3882533597481,27.4653839084336,26.9650383341229,0.0,27.0119526731132,27
441.5,28.3882533597481,27.4653839084336,26.9650383341229,0.0,27.0119727584069,27
442.0,28.3882533597481,27.4653839084336,26.9650383341229,0.0,27.0119914339627,27
442.5,28.3882533597481,27.4653839084336,26.9650383341229,0.0,27.0120087587148,27
443.0,28.3882533597481,27.4653839084336,26.9650383341229,0.0,27.0120247894252,27
443.5,28.3882533597481,27.4653839084336,26.9650383341229,0.0,27.0120395807601,27
444.0,28.3882533597481,27.4653839084336,26.9650383341229,0.0,27.0120531853641,27
444.5,28.3882533597481,27.4653839084336,26.9650383341229,0.0,27.0120656539308,27
445.0,28.3882533597481,27.4653839084336,26.9650383341229,0.0,27.0120770352724,27
445.5,28.3882533597481,27.4653839084336,26.9650383341229,0.0,27.0120873763858,27
446.0,28.3882533597481,27.4653839084336,26.9650383341229,0.0,27.0120967225166,27
446.5,28.3882533597481,27.4653839084336,26.9650383341229,0.0,27.0121051172215,27
447.0,28.3882533597481,27.4653839084336,26.9650383341229,0.0,27.0121126024275,27
447.5,28.3882533597481,27.4653839084336,26.9650383341229,0.0,27.0121192184903,27
448.0,28.3882533597481,27.4653839084336,26.9650383341229,0.0,27.0121250042492,27
448.5,28.3882533597481,27.4653839084336,26.9650383341229,0.0,27.0121299970818,27
449.0,28.3882533597481,27.4653839084336,26.9650383341229,0.0,27.0121342329551,27
449.5,28.3882533597481,27.4653839084336,26.9650383341229,0.0,27.0121377464762,27
450.0,28.3882533597481,27.4653839084336,26.9650383341229,0.0,27.0121405709403,27
450.5,28.3882533597481,27.4653839084336,26.9650383341229,0.0,27.0121427383776,27
451.0,28.3882533597481,27.4653839084336,26.9650383341229,0.0,27.0121442795983,27
451.5,28.3882533597481,27.4653839084336,26.9650383341229,0.0,27.0121452242364,27
452.0,28.3882533597481,27.4653839084336,26.9650383341229,0.0,27.0121456007909,27
452.5,28.3882533597481,27.4653839084336,26.9650383341229,0.0,27.0121454366674,27
453.0,28.3882533597481,27.4653839084336,26.9650383341229,0.0,27.0121447582165,27
453.5,28.3882533597481,27.4653839084336,26.9650383341229,0.0,27.0121435907717,27
454.0,28.3882533597481,27.4653839084336,26.9650383341229,0.0,27.0121419586861,27
454.5,28.3882533597481,27.4653839084336,26.9650383341229,0.0,27.0121398853672,27
455.0,28.3882533597481,27.4653839084336,26.9650383341229,0.0,27.0121373933112,27
455.5,28.3882533597481,27.4653839084336,26.9650383341229,0.0,27.0121345041356,27
456.0,28.3882533597481,27.4653839084336,26.9650383341229,0.0,27.0121312386109,27
456.5,28.3882533597481,27.4653839084336,26.9650383341229,0.0,27.012127616691,27
457.0,28.3882533597481,27.4653839084336,26.9650383341229,0.0,27.012123657543,27
457.5,28.3882533597481,27.4653839084336,26.9650383341229,0.0,27.0121193795749,27
458.0,28.3882533597481,27.4653839084336,26.9650383341229,0.0,27.0121148004641,27
458.5,28.3882533597481,27.4653839084336,26.9650383341229,0.0,27.012109937183,27
459.0,28.3882533597481,27.4653839084336,26.9650383341229,0.0,27.0121048060247,27
459.5,28.3882533597481,27.4653839084336,26.9650383341229,0.0,27.0120994226282,27
460.0,28.3882533597481,27.4653839084336,26.9650383341229,0.0,27.0120938020016,27
460.5,28.3882533597481,27.4653839084336,26.9650383341229,0.0,27.0120879585452,27
461.0,28.3882533597481,27.4653839084336,26.9650383341229,0.0,27.0120819060739,27
461.5,28.3882533597481,27.4653839084336,26.9650383341229,0.0,27.0120756578384,27
462.0,28.3882533597481,27.4653839084336,26.9650383341229,0.0,27.0120692265457,27
462.5,28.3882533597481,27.4653839084336,26.9650383341229,0.0,27.0120626243793,27
463.0,28.3882533597481,27.4653839084336,26.9650383341229,0.0,27.0120558630182,27
463.5,28.3882533597481,27.4653839084336,26.9650383341229,0.0,27.0120489536555,27
464.0,28.3882533597481,27.4653839084336,26.9650383341229,0.0,27.0120419070162,27
464.5,28.3882533597481,27.4653839084336,26.9650383341229,0.0,27.0120347333746,27
465.0,28.3882533597481,27.4653839084336,26.9650383341229,0.0,27.0120274425709,27
465.5,28.3882533597481,27.4653839084336,26.9650383341229,0.0,27.0120200440272,27
466.0,28.3882533597481,27.4653839084336,26.9650383341229,0.0,27.012012546763,27
466.5,28.3882533597481,27.4653839084336,26.9650383341229,0.0,27.01200495941,27
467.0,28.3882533597481,27.4653839084336,26.9650383341229,0.0,27.0119972902269,27
467.5,28.3882533597481,27.4653839084336,26.9650383341229,0.0,27.011989547113,27
468.0,28.3882533597481,27.4653839084336,26.9650383341229,0.0,27.0119817376217,27
468.5,28.3882533597481,27.4653839084336,26.9650383341229,0.0,27.0119738689733,27
469.0,28.3882533597481,27.4653839084336,26.9650383341229,0.0,27.0119659480679,27
469.5,28.3882533597481,27.4653839084336,26.9650383341229,0.0,27.0119579814969,27
470.0,28.3882533597481,27.4653839084336,26.9650383341229,0.0,27.0119499755549,27
470.5,28.3882533597481,27.4653839084336,26.9650383341229,0.0,27.011941936251,27
471.0,28.3882533597481,27.4653839084336,26.9650383341229,0.0,27.0119338693194,27
471.5,28.3882533597481,27.4653839084336,26.9650383341229,0.0,27.0119257802298,27
472.0,28.3882533597481,27.4653839084336,26.9650383341229,0.0,27.0119176741976,27
472.5,28.3882533597481,27.4653839084336,26.9650383341229,0.0,27.0119095561936,27
473.0,28.3882533597481,27.4653839084336,26.9650383341229,0.0,27.0119014309532,27
473.5,28.3882533597481,27.4653839084336,26.9650383341229,0.0,27.0118933029854,27
474.0,28.3882533597481,27.4653839084336,26.9650383341229,0.0,27.0118851765816,27
474.5,28.3882533597481,27.4653839084336,26.9650383341229,0.0,27.011877055824,27
475.0,28.3882533597481,27.4653839084336,26.9650383341229,0.0,27.0118689445936,27
475.5,28.3882533597481,27.4653839084336,26.9650383341229,0.0,27.0118608465779,27
476.0,28.3882533597481,27.4653839084336,26.9650383341229,0.0,27.0118527652787,27
476.5,28.3882533597481,27.4653839084336,26.9650383341229,0.0,27.0118447040191,27
477.0,28.3882533597481,27.4653839084336,26.9650383341229,0.0,27.0118366659503,27
477.5,28.3882533597481,27.4653839084336,26.9650383341229,0.0,27.0118286540588,27
478.0,28.3882533597481,27.4653839084336,26.9650383341229,0.0,27.0118206711726,27
478.5,28.3882533597481,27.4653839084336,26.9650383341229,0.0,27.0118127199675,27
479.0,28.3882533597481,27.4653839084336,26.9650383341229,0.0,27.011804802973,27
479.5,28.3882533597481,27.4653839084336,26.9650383341229,0.0,27.0117969225783,27
480.0,28.3882533597481,27.4653839084336,26.9650383341229,0.0,27.0117890810379,27
480.5,28.3882533597481,27.4653839084336,26.9650383341229,0.0,27.0117812804767,27
481.0,28.3882533597481,27.4653839084336,26.9650383341229,0.0,27.0117735228958,27
481.5,28.3882533597481,27.4653839084336,26.9650383341229,0.0,27.0117658101766,27
482.0,28.3882533597481,27.4653839084336,26.9650383341229,0.0,27.0117581440865,27
482.5,28.3882533597481,27.4653839084336,26.9650383341229,0.0,27.0117505262832,27
483.0,28.3882533597481,27.4653839084336,26.9650383341229,0.0,27.011742958319,27
483.5,28.3882533597481,27.4653839084336,26.9650383341229,0.0,27.0117354416454,27
484.0,28.3882533597481,27.4653839084336,26.9650383341229,0.0,27.0117279776173,27
484.5,28.3882533597481,27.4653839084336,26.9650383341229,0.0,27.0117205674964,27
485.0,28.3882533597481,27.4653839084336,26.9650383341229,0.0,27.0117132124561,27
485.5,28.3882533597481,27.4653839084336,26.9650383341229,0.0,27.0117059135843,27
486.0,28.3882533597481,27.4653839084336,26.9650383341229,0.0,27.0116986718872,27
486.5,28.3882533597481,27.4653839084336,26.9650383341229,0.0,27.0116914882933,27
487.0,28.3882533597481,27.4653839084336,26.9650383341229,0.0,27.0116843636559,27
487.5,28.3882533597481,27.4653839084336,26.9650383341229,0.0,27.0116772987569,27
488.0,28.3882533597481,27.4653839084336,26.9650383341229,0.0,27.0116702943094,27
488.5,28.3882533597481,27.4653839084336,26.9650383341229,0.0,27.0116633509613,27
489.0,28.3882533597481,27.4653839084336,26.9650383341229,0.0,27.0116564692975,27
489.5,28.3882533597481,27.4653839084336,26.9650383341229,0.0,27.011649649843,27
490.0,28.3882533597481,27.4653839084336,26.9650383341229,0.0,27.0116428930655,27
490.5,28.3882533597481,27.4653839084336,26.9650383341229,0.0,27.0116361993779,27
491.0,28.3882533597481,27.4653839084336,26.9650383341229,0.0,27.0116295691408,27
491.5,28.3882533597481,27.4653839084336,26.9650383341229,0.0,27.0116230026647,27
492.0,28.3882533597481,27.4653839084336,26.9650383341229,0.0,27.0116165002126,27
492.5,28.3882533597481,27.4653839084336,26.9650383341229,0.0,27.0116100620018,27
493.0,28.3882533597481,27.4653839084336,26.9650383341229,0.0,27.0116036882062,27
493.5,28.3882533597481,27.4653839084336,26.9650383341229,0.0,27.0115973789585,27
494.0,28.3882533597481,27.4653839084336,26.9650383341229,0.0,27.0115911343516,27
494.5,28.3882533597481,27.4653839084336,26.9650383341229,0.0,27.011584954441,27
495.0,28.3882533597481,27.4653839084336,26.9650383341229,0.0,27.0115788392465,27
495.5,28.3882533597481,27.4653839084336,26.9650383341229,0.0,27.0115727887536,27
496.0,28.3882533597481,27.4653839084336,26.9650383341229,0.0,27.0115668029155,27
496.5,28.3882533597481,27.4653839084336,26.9650383341229,0.0,27.0115608816548,27
497.0,28.3882533597481,27.4653839084336,26.9650383341229,0.0,27.0115550248645,27
497.5,28.3882533597481,27.4653839084336,26.9650383341229,0.0,27.0115492324099,27
498.0,28.3882533597481,27.4653839084336,26.9650383341229,0.0,27.0115435041301,27
498.5,28.3882533597481,27.4653839084336,26.9650383341229,0.0,27.011537839839,27
499.0,28.3882533597481,27.4653839084336,26.9650383341229,0.0,27.0115322393269,27
499.5,28.3882533597481,27.4653839084336,26.9650383341229,0.0,27.0115267023615,27
500.0,28.3882533597481,27.4653839084336,26.9650383341229,0.2,27.0115212286896,27
500.5,28.4163381619894,27.4653839084336,26.9650383341229,0.2,27.0115158180375,27
501.0,28.4444302308929,27.4932415240474,26.9650383341229,0.2,27.0115110156602,27
501.5,28.4444302308929,27.4932415240474,26.9650383341229,0.2,27.0122675544921,27
502.0,28.4725295892301,27.5211056685516,26.9927821645862,0.2,27.0130000074026,27
502.5,28.4725295892301,27.5489763639313,26.9927821645862,0.2,27.0144695786923,27
503.0,28.5006362597983,27.5489763639313,26.9927821645862,0.2,27.0166515185108,27
503.5,28.5006362597983,27.5768536321941,26.9927821645862,0.2,27.0187617203467,27
504.0,28.5287502654203,27.5768536321941,26.9927821645862,0.2,27.0215633604788,27
504.5,28.5568716289448,27.6047374953695,26.9927821645862,0.2,27.0242728615421,27
505.0,28.5568716289448,27.6047374953695,26.9927821645862,0.2,27.0276548162182,27
505.5,28.5850003732468,27.6326279755097,26.9927821645862,0.2,27.0309260925385,27
506.0,28.5850003732468,27.6326279755097,26.9927821645862,0.2,27.0348515454271,27
506.5,28.613136521227,27.6605250946888,26.9927821645862,0.2,27.0386484801758,27
507.0,28.613136521227,27.6605250946888,26.9927821645862,0.2,27.0430825355413,27
507.5,28.6412800958125,27.6884288750039,26.9927821645862,0.2,27.0473714116724,27
508.0,28.6412800958125,27.6884288750039,27.020532131871,0.2,27.0522814914198,27
508.5,28.669431119957,27.7163393385747,27.020532131871,0.2,27.0570308302136,27
509.0,28.669431119957,27.7442565075434,27.020532131871,0.2,27.0623865179904,27
509.5,28.6975896166404,27.7442565075434,27.020532131871,0.2,27.0683282297191,27
510.0,28.6975896166404,27.7721804040752,27.020532131871,0.2,27.0740748606736,27
510.5,28.725755608869,27.7721804040752,27.020532131871,0.2,27.0803950253683,27
511.0,28.725755608869,27.8001110503583,27.0482882575822,0.2,27.0865078550999,27
511.5,28.7539291196762,27.8001110503583,27.0482882575822,0.2,27.0931825599371,27
512.0,28.7539291196762,27.828048468604,27.0482882575822,0.2,27.0996384782039,27
512.5,28.7821101721219,27.828048468604,27.0482882575822,0.2,27.1066453887359,27
513.0,28.7821101721219,27.8559926810467,27.0482882575822,0.2,27.1134228098072,27
513.5,28.8102987892929,27.8559926810467,27.0482882575822,0.2,27.1207410640856,27
514.0,28.8102987892929,27.8559926810467,27.0760505633444,0.2,27.127819824505,27
514.5,28.8384949943032,27.8839437099441,27.0760505633444,0.2,27.1346677098004,27
515.0,28.8384949943032,27.8839437099441,27.0760505633444,0.2,27.1420552698053,27
515.5,28.8384949943032,27.9119015775771,27.0760505633444,0.2,27.1492020072473,27
516.0,28.8666988102939,27.9119015775771,27.0760505633444,0.2,27.1568784437852,27
516.5,28.8666988102939,27.9398663062505,27.1038190708028,0.2,27.1643042463673,27
517.0,28.8949102604333,27.9398663062505,27.1038190708028,0.2,27.1722509987216,27
517.5,28.8949102604333,27.9678379182923,27.1038190708028,0.2,27.1799384727749,27
518.0,28.8949102604333,27.9678379182923,27.1038190708028,0.2,27.188138728551,27
518.5,28.9231293679169,27.9958164360544,27.1315938016232,0.2,27.1960710743981,27
519.0,28.9231293679169,27.9958164360544,27.1315938016232,0.2,27.2045080634911,27
519.5,28.9231293679169,27.9958164360544,27.1315938016232,0.2,27.2126696338789,27
520.0,28.951356155968,28.0238018819126,27.1315938016232,0.2,27.2205650659973,27
520.5,28.951356155968,28.0238018819126,27.1315938016232,0.2,27.228967034391,27
521.0,28.951356155968,28.0517942782663,27.1593747774918,0.2,27.2370952165283,27
521.5,28.9795906478374,28.0517942782663,27.1593747774918,0.2,27.2457221827812,27
522.0,28.9795906478374,28.0797936475394,27.1593747774918,0.2,27.2540676959687,27
522.5,28.9795906478374,28.0797936475394,27.1593747774918,0.2,27.2629053190443,27
523.0,29.0078328668035,28.0797936475394,27.1871620201157,0.2,27.2714542974032,27
523.5,29.0078328668035,28.1078000121794,27.1871620201157,0.2,27.2797249069389,27
524.0,29.0078328668035,28.1078000121794,27.1871620201157,0.2,27.2884907891799,27
524.5,29.0078328668035,28.1358133946584,27.1871620201157,0.2,27.296970883798,27
525.0,29.0360828361725,28.1358133946584,27.2149555512227,0.2,27.305938738698,27
525.5,29.0360828361725,28.1358133946584,27.2149555512227,0.2,27.3146139163723,27
526.0,29.0360828361725,28.1638338174729,27.2149555512227,0.2,27.3230068159876,27
526.5,29.0360828361725,28.1638338174729,27.2149555512227,0.2,27.3318910506765,27
527.0,29.0643405792788,28.1638338174729,27.2427553925614,0.2,27.3404853132578,27
527.5,29.0643405792788,28.1918613031435,27.2427553925614,0.2,27.3487999206512,27
528.0,29.0643405792788,28.1918613031435,27.2427553925614,0.2,27.3576091300621,27
528.5,29.0643405792788,28.1918613031435,27.2427553925614,0.2,27.3661313234587,27
529.0,29.0643405792788,28.2198958742158,27.2705615659016,0.2,27.3743761614126,27
529.5,29.0926061194847,28.2198958742158,27.2705615659016,0.2,27.3831174771718,27
530.0,29.0926061194847,28.2198958742158,27.2705615659016,0.2,27.3915739534669,27
530.5,29.0926061194847,28.2479375532598,27.2705615659016,0.2,27.3997557179193,27
531.0,29.0926061194847,28.2479375532598,27.2983740930341,0.2,27.4084367008984,27
531.5,29.0926061194847,28.2479375532598,27.2983740930341,0.2,27.4168347422572,27
532.0,29.0926061194847,28.2759863628702,27.2983740930341,0.2,27.4249593661817,27
532.5,29.1208794801807,28.2759863628702,27.2983740930341,0.2,27.4335846624973,27
533.0,29.1208794801807,28.2759863628702,27.3261929957707,0.2,27.4419287852144,27
533.5,29.1208794801807,28.304042325667,27.3261929957707,0.2,27.4500017397263,27
534.0,29.1208794801807,28.304042325667,27.3261929957707,0.2,27.4585777277285,27
534.5,29.1208794801807,28.304042325667,27.3261929957707,0.2,27.4668740719733,27
535.0,29.1208794801807,28.304042325667,27.3261929957707,0.2,27.4749001868736,27
535.5,29.1208794801807,28.3321054642948,27.3540182959448,0.2,27.4826651651993,27
536.0,29.1208794801807,28.3321054642948,27.3540182959448,0.2,27.4909430709289,27
536.5,29.1208794801807,28.3321054642948,27.3540182959448,0.2,27.4989507023358,27
537.0,29.1208794801807,28.3601758014235,27.3540182959448,0.2,27.5066971629911,27
537.5,29.1208794801807,28.3601758014235,27.3818500154112,0.2,27.5149567234985,27
538.0,29.1491606847854,28.3601758014235,27.3818500154112,0.2,27.5229459889164,27
538.5,29.1491606847854,28.3601758014235,27.3818500154112,0.2,27.5306746218269,27
539.0,29.1491606847854,28.3601758014235,27.3818500154112,0.2,27.5381519378995,27
539.5,29.1491606847854,28.3882533597481,27.4096881760459,0.2,27.5453863864371,27
540.0,29.1491606847854,28.3882533597481,27.4096881760459,0.2,27.5531518032773,27
540.5,29.1491606847854,28.3882533597481,27.4096881760459,0.2,27.5606639798748,27
541.0,29.1491606847854,28.3882533597481,27.4096881760459,0.2,27.5679314408443,27
541.5,29.1491606847854,28.4163381619894,27.4096881760459,0.2,27.5749624196158,27
542.0,29.1491606847854,28.4163381619894,27.4375327997469,0.2,27.5825307410033,27
542.5,29.1491606847854,28.4163381619894,27.4375327997469,0.2,27.5898517905959,27
543.0,29.1491606847854,28.4163381619894,27.4375327997469,0.2,27.596933898548,27
543.5,29.1491606847854,28.4163381619894,27.4375327997469,0.2,27.6037851104014,27
544.0,29.1491606847854,28.4444302308929,27.4375327997469,0.2,27.6104131968698,27
544.5,29.1491606847854,28.4444302308929,27.4653839084336,0.2,27.6175917340062,27
545.0,29.1491606847854,28.4444302308929,27.4653839084336,0.2,27.6245354707286,27
545.5,29.1208794801807,28.4444302308929,27.4653839084336,0.2,27.6312523204799,27
546.0,29.1208794801807,28.4444302308929,27.4653839084336,0.2,27.6377493769376,27
546.5,29.1208794801807,28.4444302308929,27.4653839084336,0.2,27.6440335080869,27
547.0,29.1208794801807,28.4444302308929,27.4932415240474,0.2,27.6501118953633,27
547.5,29.1208794801807,28.4725295892301,27.4932415240474,0.2,27.6559914747756,27
548.0,29.1208794801807,28.4725295892301,27.4932415240474,0.2,27.662445214845,27
548.5,29.1208794801807,28.4725295892301,27.4932415240474,0.2,27.6686868799476,27
549.0,29.1208794801807,28.4725295892301,27.4932415240474,0.2,27.6747236313333,27
549.5,29.1208794801807,28.4725295892301,27.4932415240474,0.2,27.6805623854018,27
550.0,29.1208794801807,28.4725295892301,27.5211056685516,0.2,27.6862098221212,27
550.5,29.1208794801807,28.4725295892301,27.5211056685516,0.2,27.6916723931559,27
551.0,29.0926061194847,28.5006362597983,27.5211056685516,0.2,27.6969563297139,27
551.5,29.0926061194847,28.5006362597983,27.5211056685516,0.2,27.7028335698215,27
552.0,29.0926061194847,28.5006362597983,27.5211056685516,0.2,27.708516500357,27
552.5,29.0926061194847,28.5006362597983,27.5211056685516,0.2,27.7140116994978,27
553.0,29.0926061194847,28.5006362597983,27.5489763639313,0.2,27.7193255203082,27
553.5,29.0926061194847,28.5006362597983,27.5489763639313,0.2,27.7244640984801,27
554.0,29.0926061194847,28.5006362597983,27.5489763639313,0.2,27.7294333598069,27
554.5,29.0926061194847,28.5006362597983,27.5489763639313,0.2,27.7342390274,27
555.0,29.0643405792788,28.5006362597983,27.5489763639313,0.2,27.7388866286559,27
555.5,29.0643405792788,28.5006362597983,27.5489763639313,0.2,27.7433809529264,27
556.0,29.0643405792788,28.5006362597983,27.5768536321941,0.2,27.7477266424668,27
556.5,29.0643405792788,28.5006362597983,27.5768536321941,0.2,27.7519287285808,27
557.0,29.0643405792788,28.5287502654203,27.5768536321941,0.2,27.7559920704478,27
557.5,29.0643405792788,28.5287502654203,27.5768536321941,0.2,27.7606880299726,27
558.0,29.0360828361725,28.5287502654203,27.5768536321941,0.2,27.7652280206198,27
558.5,29.0360828361725,28.5287502654203,27.5768536321941,0.2,27.7696167835068,27
559.0,29.0360828361725,28.5287502654203,27.5768536321941,0.2,27.773858914,27
559.5,29.0360828361725,28.5287502654203,27.5768536321941,0.2,27.7779593976696,27
560.0,29.0360828361725,28.5287502654203,27.6047374953695,0.2,27.7819230492312,27
560.5,29.0078328668035,28.5287502654203,27.6047374953695,0.2,27.7857545184222,27
561.0,29.0078328668035,28.5287502654203,27.6047374953695,0.2,27.7894577469187,27
561.5,29.0078328668035,28.5287502654203,27.6047374953695,0.2,27.7930365579447,27
562.0,29.0078328668035,28.5287502654203,27.6047374953695,0.2,27.796495191142,27
562.5,29.0078328668035,28.5287502654203,27.6047374953695,0.2,27.799837740761,27
563.0,28.9795906478374,28.5287502654203,27.6047374953695,0.2,27.8030681606608,27
563.5,28.9795906478374,28.5287502654203,27.6047374953695,0.2,27.8061897205324,27
564.0,28.9795906478374,28.5287502654203,27.6047374953695,0.2,27.8092055945306,27
564.5,28.9795906478374,28.5287502654203,27.6047374953695,0.2,27.8121193952104,27
565.0,28.951356155968,28.5287502654203,27.6326279755097,0.2,27.8149346111132,27
565.5,28.951356155968,28.5287502654203,27.6326279755097,0.2,27.8176540625766,27
566.0,28.951356155968,28.5287502654203,27.6326279755097,0.2,27.8202804896645,27
566.5,28.951356155968,28.5287502654203,27.6326279755097,0.2,27.8228170854336,27
567.0,28.9231293679169,28.5287502654203,27.6326279755097,0.2,27.8252669331685,27
567.5,28.9231293679169,28.5287502654203,27.6326279755097,0.2,27.8276324618528,27
568.0,28.9231293679169,28.5287502654203,27.6326279755097,0.2,27.8299160334669,27
568.5,28.9231293679169,28.5287502654203,27.6326279755097,0.2,27.8321204756556,27
569.0,28.8949102604333,28.5287502654203,27.6326279755097,0.2,27.834248518677,27
569.5,28.8949102604333,28.5287502654203,27.6326279755097,0.2,27.8363022505981,27
570.0,28.8949102604333,28.5287502654203,27.6326279755097,0.2,27.8382837040239,27
570.5,28.8949102604333,28.5287502654203,27.6326279755097,0.2,27.8401953882247,27
571.0,28.8666988102939,28.5287502654203,27.6326279755097,0.2,27.8420397258568,27
571.5,28.8666988102939,28.5287502654203,27.6326279755097,0.2,27.8438185079376,27
572.0,28.8666988102939,28.5287502654203,27.6326279755097,0.2,27.84553348006,27
572.5,28.8384949943032,28.5287502654203,27.6605250946888,0.2,27.8471868740318,27
573.0,28.8384949943032,28.5287502654203,27.6605250946888,0.2,27.8487802965587,27
573.5,28.8384949943032,28.5006362597983,27.6605250946888,0.2,27.8503153150823,27
574.0,28.8384949943032,28.5006362597983,27.6605250946888,0.2,27.8510273201328,27
574.5,28.8102987892929,28.5006362597983,27.6605250946888,0.2,27.8517114186982,27
575.0,28.8102987892929,28.5006362597983,27.6605250946888,0.2,27.8523680694947,27
575.5,28.8102987892929,28.5006362597983,27.6605250946888,0.2,27.8529977313875,27
576.0,28.8102987892929,28.5006362597983,27.6605250946888,0.2,27.8536013931754,27
576.5,28.7821101721219,28.5006362597983,27.6605250946888,0.2,27.8541800089252,27
577.0,28.7821101721219,28.5006362597983,27.6605250946888,0.2,27.8547339516064,27
577.5,28.7821101721219,28.5006362597983,27.6605250946888,0.2,27.8552635971124,27
578.0,28.7539291196762,28.5006362597983,27.6605250946888,0.2,27.8557698538091,27
578.5,28.7539291196762,28.5006362597983,27.6605250946888,0.2,27.8562530505133,27
579.0,28.7539291196762,28.5006362597983,27.6605250946888,0.2,27.8567135203109,27
579.5,28.7539291196762,28.5006362597983,27.6605250946888,0.2,27.8571521299186,27
580.0,28.725755608869,28.5006362597983,27.6605250946888,0.2,27.8575697151884,27
580.5,28.725755608869,28.5006362597983,27.6605250946888,0.2,27.8579665349071,27
581.0,28.725755608869,28.4725295892301,27.6605250946888,0.2,27.8583428543796,27
581.5,28.6975896166404,28.4725295892301,27.6605250946888,0.2,27.8579330056675,27
582.0,28.6975896166404,28.4725295892301,27.6605250946888,0.2,27.8575301259436,27
582.5,28.6975896166404,28.4725295892301,27.6605250946888,0.2,27.8571335355223,27
583.0,28.669431119957,28.4725295892301,27.6605250946888,0.2,27.8567431226783,27
583.5,28.669431119957,28.4725295892301,27.6605250946888,0.2,27.8563582312832,27
584.0,28.669431119957,28.4725295892301,27.6605250946888,0.2,27.8559782429653,27
584.5,28.669431119957,28.4725295892301,27.6605250946888,0.2,27.8556031048987,27
585.0,28.6412800958125,28.4725295892301,27.6605250946888,0.2,27.8552327646491,27
585.5,28.6412800958125,28.4725295892301,27.6605250946888,0.2,27.8548666233375,27
586.0,28.6412800958125,28.4725295892301,27.6605250946888,0.2,27.8545041177231,27
586.5,28.613136521227,28.4444302308929,27.6605250946888,0.2,27.854145247927,27
587.0,28.613136521227,28.4444302308929,27.6605250946888,0.2,27.8530231963092,27
587.5,28.613136521227,28.4444302308929,27.6605250946888,0.2,27.8519301542699,27
588.0,28.613136521227,28.4444302308929,27.6605250946888,0.2,27.8508652567475,27
588.5,28.5850003732468,28.4444302308929,27.6605250946888,0.2,27.8498276668177,27
589.0,28.5850003732468,28.4444302308929,27.6605250946888,0.2,27.8488160281929,27
589.5,28.5850003732468,28.4444302308929,27.6605250946888,0.2,27.8478290460772,27
590.0,28.5568716289448,28.4444302308929,27.6605250946888,0.2,27.846866013721,27
590.5,28.5568716289448,28.4444302308929,27.6605250946888,0.2,27.8459257005291,27
591.0,28.5568716289448,28.4444302308929,27.6605250946888,0.2,27.8450069329232,27
591.5,28.5287502654203,28.4163381619894,27.6605250946888,0.2,27.844109120914,27
592.0,28.5287502654203,28.4163381619894,27.6605250946888,0.2,27.842465075932,27
592.5,28.5287502654203,28.4163381619894,27.6605250946888,0.2,27.8408662332795,27
593.0,28.5287502654203,28.4163381619894,27.6605250946888,0.2,27.8393111958521,27
593.5,28.5006362597983,28.4163381619894,27.6605250946888,0.2,27.8377986126616,27
594.0,28.5006362597983,28.4163381619894,27.6326279755097,0.2,27.8363266311494,27
594.5,28.5006362597983,28.4163381619894,27.6326279755097,0.2,27.8348934769895,27
595.0,28.4725295892301,28.4163381619894,27.6326279755097,0.2,27.8334979796548,27
595.5,28.4725295892301,28.4163381619894,27.6326279755097,0.2,27.8321384608441,27
596.0,28.4725295892301,28.3882533597481,27.6326279755097,0.2,27.8308133143528,27
596.5,28.4725295892301,28.3882533597481,27.6326279755097,0.2,27.8287556591583,27
597.0,28.4444302308929,28.3882533597481,27.6326279755097,0.2,27.8267568144458,27
597.5,28.4444302308929,28.3882533597481,27.6326279755097,0.2,27.8248143782217,27
598.0,28.4444302308929,28.3882533597481,27.6326279755097,0.2,27.8229260454603,27
598.5,28.4163381619894,28.3882533597481,27.6326279755097,0.2,27.8210901327515,27
599.0,28.4163381619894,28.3882533597481,27.6326279755097,0.2,27.8193044666832,27
599.5,28.4163381619894,28.3882533597481,27.6326279755097,0.2,27.8175669628099,27
600.0,28.4163381619894,28.3882533597481,27.6326279755097,0.2,27.8158761504416,27
600.5,28.3882533597481,28.3601758014235,27.6326279755097,0.2,27.814230607128,27
601.0,28.3882533597481,28.3601758014235,27.6326279755097,0.2,27.8118627364567,27
601.5,28.3882533597481,28.3601758014235,27.6326279755097,0.2,27.809562788021,27
602.0,28.3601758014235,28.3601758014235,27.6326279755097,0.2,27.8073286144094,27
602.5,28.3601758014235,28.3601758014235,27.6326279755097,0.2,27.8051575943116,27
603.0,28.3601758014235,28.3601758014235,27.6326279755097,0.2,27.8030472106447,27
603.5,28.3601758014235,28.3601758014235,27.6326279755097,0.2,27.8009955745449,27
604.0,28.3321054642948,28.3601758014235,27.6047374953695,0.2,27.7990008596367,27
604.5,28.3321054642948,28.3321054642948,27.6047374953695,0.2,27.7970607546385,27
605.0,28.3321054642948,28.3321054642948,27.6047374953695,0.2,27.7944075636312,27
605.5,28.304042325667,28.3321054642948,27.6047374953695,0.2,27.7918315735623,27
606.0,28.304042325667,28.3321054642948,27.6047374953695,0.2,27.7893297805134,27
606.5,28.304042325667,28.3321054642948,27.6047374953695,0.2,27.786899297819,27
607.0,28.304042325667,28.3321054642948,27.6047374953695,0.2,27.7845378793403,27
607.5,28.2759863628702,28.3321054642948,27.6047374953695,0.2,27.7822433535915,27
608.0,28.2759863628702,28.3321054642948,27.6047374953695,0.2,27.7800130762074,27
608.5,28.2759863628702,28.304042325667,27.6047374953695,0.2,27.7778445076051,27
609.0,28.2759863628702,28.304042325667,27.6047374953695,0.2,27.7749704547644,27
609.5,28.2479375532598,28.304042325667,27.6047374953695,0.2,27.7721807535067,27
610.0,28.2479375532598,28.304042325667,27.6047374953695,0.2,27.7694721608123,27
610.5,28.2479375532598,28.304042325667,27.6047374953695,0.2,27.7668415590359,27
611.0,28.2479375532598,28.304042325667,27.6047374953695,0.2,27.7642864786332,27
611.5,28.2198958742158,28.304042325667,27.5768536321941,0.2,27.7618045323061,27
612.0,28.2198958742158,28.304042325667,27.5768536321941,0.2,27.7593928674871,27
612.5,28.2198958742158,28.2759863628702,27.5768536321941,0.2,27.757048743455,27
613.0,28.2198958742158,28.2759863628702,27.5768536321941,0.2,27.7540049682902,27
613.5,28.1918613031435,28.2759863628702,27.5768536321941,0.2,27.7510509874,27
614.0,28.1918613031435,28.2759863628702,27.5768536321941,0.2,27.7481833766762,27
614.5,28.1918613031435,28.2759863628702,27.5768536321941,0.2,27.7453988435215,27
615.0,28.1918613031435,28.2759863628702,27.5768536321941,0.2,27.742694749098,27
615.5,28.1638338174729,28.2759863628702,27.5768536321941,0.2,27.7400685425552,27
616.0,28.1638338174729,28.2759863628702,27.5768536321941,0.2,27.7375172135937,27
616.5,28.1638338174729,28.2479375532598,27.5768536321941,0.2,27.7350378690977,27
617.0,28.1638338174729,28.2479375532598,27.5768536321941,0.2,27.7318633647084,27
617.5,28.1358133946584,28.2479375532598,27.5768536321941,0.2,27.7287828015256,27
618.0,28.1358133946584,28.2479375532598,27.5489763639313,0.2,27.7257926182634,27
618.5,28.1358133946584,28.2479375532598,27.5489763639313,0.2,27.7228893897812,27
619.0,28.1358133946584,28.2479375532598,27.5489763639313,0.2,27.7200703489086,27
619.5,28.1078000121794,28.2479375532598,27.5489763639313,0.2,27.7173328208034,27
620.0,28.1078000121794,28.2479375532598,27.5489763639313,0.2,27.714673675641,27
620.5,28.1078000121794,28.2198958742158,27.5489763639313,0.2,27.7120899048124,27
621.0,28.1078000121794,28.2198958742158,27.5489763639313,0.2,27.7088144465448,27
621.5,28.1078000121794,28.2198958742158,27.5489763639313,0.2,27.7056360926935,27
622.0,28.0797936475394,28.2198958742158,27.5489763639313,0.2,27.7025517220645,27
622.5,28.0797936475394,28.2198958742158,27.5489763639313,0.2,27.6995577740144,27
623.0,28.0797936475394,28.2198958742158,27.5489763639313,0.2,27.6966508239725,27
623.5,28.0797936475394,28.2198958742158,27.5489763639313,0.2,27.6938281050051,27
624.0,28.0517942782663,28.2198958742158,27.5211056685516,0.2,27.6910869424582,27
624.5,28.0517942782663,28.2198958742158,27.5211056685516,0.2,27.6884242069221,27
625.0,28.0517942782663,28.1918613031435,27.5211056685516,0.2,27.6858368901422,27
625.5,28.0517942782663,28.1918613031435,27.5211056685516,0.2,27.6825581242141,27
626.0,28.0517942782663,28.1918613031435,27.5211056685516,0.2,27.6793765004678,27
626.5,28.0238018819126,28.1918613031435,27.5211056685516,0.2,27.6762888979019,27
627.0,28.0238018819126,28.1918613031435,27.5211056685516,0.2,27.6732917562963,27
627.5,28.0238018819126,28.1918613031435,27.5211056685516,0.2,27.6703816514473,27
628.0,28.0238018819126,28.1918613031435,27.5211056685516,0.2,27.6675558164732,27
628.5,28.0238018819126,28.1918613031435,27.5211056685516,0.2,27.6648115767382,27
629.0,27.9958164360544,28.1918613031435,27.5211056685516,0.2,27.6621463467082,27
629.5,27.9958164360544,28.1638338174729,27.5211056685516,0.2,27.6595570832953,27
630.0,27.9958164360544,28.1638338174729,27.4932415240474,0.2,27.6562765520534,27
630.5,27.9958164360544,28.1638338174729,27.4932415240474,0.2,27.6530931462498,27
631.0,27.9958164360544,28.1638338174729,27.4932415240474,0.2,27.6500037468433,27
631.5,27.9958164360544,28.1638338174729,27.4932415240474,0.2,27.647005339231,27
632.0,27.9678379182923,28.1638338174729,27.4932415240474,0.2,27.6440950096821,27
632.5,27.9678379182923,28.1638338174729,27.4932415240474,0.2,27.641269398412,27
633.0,27.9678379182923,28.1638338174729,27.4932415240474,0.2,27.638525274776,27
633.5,27.9678379182923,28.1638338174729,27.4932415240474,0.2,27.6358600585509,27
634.0,27.9678379182923,28.1638338174729,27.4932415240474,0.2,27.6332712553671,27
634.5,27.9398663062505,28.1358133946584,27.4932415240474,0.2,27.6307564537838,27
635.0,27.9398663062505,28.1358133946584,27.4932415240474,0.2,27.6275486621865,27
635.5,27.9398663062505,28.1358133946584,27.4932415240474,0.2,27.6244355972598,27
636.0,27.9398663062505,28.1358133946584,27.4653839084336,0.2,27.6214142213683,27
636.5,27.9398663062505,28.1358133946584,27.4653839084336,0.2,27.618481598516,27
637.0,27.9398663062505,28.1358133946584,27.4653839084336,0.2,27.6156348908772,27
637.5,27.9119015775771,28.1358133946584,27.4653839084336,0.2,27.6128713554469,27
638.0,27.9119015775771,28.1358133946584,27.4653839084336,0.2,27.6101877975912,27
638.5,27.9119015775771,28.1358133946584,27.4653839084336,0.2,27.6075811461576,27
639.0,27.9119015775771,28.1358133946584,27.4653839084336,0.2,27.6050489746924,27
639.5,27.9119015775771,28.1078000121794,27.4653839084336,0.2,27.6025889373377,27
640.0,27.9119015775771,28.1078000121794,27.4653839084336,0.2,27.5994348411473,27
640.5,27.8839437099441,28.1078000121794,27.4653839084336,0.2,27.5963747736688,27
641.0,27.8839437099441,28.1078000121794,27.4653839084336,0.2,27.5934051624016,27
641.5,27.8839437099441,28.1078000121794,27.4653839084336,0.2,27.5905225713995,27
642.0,27.8839437099441,28.1078000121794,27.4653839084336,0.2,27.5877242219081,27
642.5,27.8839437099441,28.1078000121794,27.4375327997469,0.2,27.5850074279637,27
643.0,27.8839437099441,28.1078000121794,27.4375327997469,0.2,27.5823695932284,27
643.5,27.8839437099441,28.1078000121794,27.4375327997469,0.2,27.5798082079345,27
644.0,27.8559926810467,28.1078000121794,27.4375327997469,0.2,27.5773208459347,27
644.5,27.8559926810467,28.1078000121794,27.4375327997469,0.2,27.5749046189044,27
645.0,27.8559926810467,28.0797936475394,27.4375327997469,0.2,27.5725567515406,27
645.5,27.8559926810467,28.0797936475394,27.4375327997469,0.2,27.5695113693186,27
646.0,27.8559926810467,28.0797936475394,27.4375327997469,0.2,27.5665564845096,27
646.5,27.8559926810467,28.0797936475394,27.4375327997469,0.2,27.5636891864314,27
647.0,27.8559926810467,28.0797936475394,27.4375327997469,0.2,27.5609066618901,27
647.5,27.828048468604,28.0797936475394,27.4375327997469,0.2,27.5582061918525,27
648.0,27.828048468604,28.0797936475394,27.4375327997469,0.2,27.5555846054168,27
648.5,27.828048468604,28.0797936475394,27.4375327997469,0.2,27.5530388545188,27
649.0,27.828048468604,28.0797936475394,27.4096881760459,0.2,27.5505665347853,27
649.5,27.828048468604,28.0797936475394,27.4096881760459,0.2,27.5481653218609,27
650.0,27.828048468604,28.0797936475394,27.4096881760459,0.2,27.5458329686837,27
650.5,27.828048468604,28.0797936475394,27.4096881760459,0.2,27.5435673028538,27
651.0,27.8001110503583,28.0517942782663,27.4096881760459,0.2,27.5413662240925,27
651.5,27.8001110503583,28.0517942782663,27.4096881760459,0.2,27.5384636163047,27
652.0,27.8001110503583,28.0517942782663,27.4096881760459,0.2,27.5356468935052,27
652.5,27.8001110503583,28.0517942782663,27.4096881760459,0.2,27.5329132995923,27
653.0,27.8001110503583,28.0517942782663,27.4096881760459,0.2,27.5302601706825,27
653.5,27.8001110503583,28.0517942782663,27.4096881760459,0.2,27.5276849319639,27
654.0,27.8001110503583,28.0517942782663,27.4096881760459,0.2,27.5251850946583,27
654.5,27.8001110503583,28.0517942782663,27.4096881760459,0.2,27.5227582530875,27
655.0,27.7721804040752,28.0517942782663,27.4096881760459,0.2,27.5204020818403,27
655.5,27.7721804040752,28.0517942782663,27.3818500154112,0.2,27.5181137904846,27
656.0,27.7721804040752,28.0517942782663,27.3818500154112,0.2,27.5158906984548,27
656.5,27.7721804040752,28.0517942782663,27.3818500154112,0.2,27.5137307560953,27
657.0,27.7721804040752,28.0517942782663,27.3818500154112,0.2,27.5116319816907,27
657.5,27.7721804040752,28.0238018819126,27.3818500154112,0.2,27.5095924591556,27
658.0,27.7721804040752,28.0238018819126,27.3818500154112,0.2,27.5068469831555,27
658.5,27.7721804040752,28.0238018819126,27.3818500154112,0.2,27.5041834505657,27
659.0,27.7442565075434,28.0238018819126,27.3818500154112,0.2,27.5015992205322,27
659.5,27.7442565075434,28.0238018819126,27.3818500154112,0.2,27.4990911982832,27
660.0,27.7442565075434,28.0238018819126,27.3818500154112,0.2,27.4966564094977,27
660.5,27.7442565075434,28.0238018819126,27.3818500154112,0.2,27.494292520856,27
661.0,27.7442565075434,28.0238018819126,27.3818500154112,0.2,27.4919972768514,27
661.5,27.7442565075434,28.0238018819126,27.3818500154112,0.2,27.4897684971389,27
662.0,27.7442565075434,28.0238018819126,27.3818500154112,0.2,27.4876040739747,27
662.5,27.7442565075434,28.0238018819126,27.3818500154112,0.2,27.4855019697441,27
663.0,27.7442565075434,28.0238018819126,27.3540182959448,0.2,27.4834602145749,27
663.5,27.7163393385747,28.0238018819126,27.3540182959448,0.2,27.4814769040315,27
664.0,27.7163393385747,28.0238018819126,27.3540182959448,0.2,27.4795496545992,27
664.5,27.7163393385747,27.9958164360544,27.3540182959448,0.2,27.4776761787836,27
665.0,27.7163393385747,27.9958164360544,27.3540182959448,0.2,27.4750916432691,27
665.5,27.7163393385747,27.9958164360544,27.3540182959448,0.2,27.4725839251299,27
666.0,27.7163393385747,27.9958164360544,27.3540182959448,0.2,27.4701505540284,27
666.5,27.7163393385747,27.9958164360544,27.3540182959448,0.2,27.4677891423407,27
667.0,27.7163393385747,27.9958164360544,27.3540182959448,0.2,27.4654973823347,27
667.5,27.7163393385747,27.9958164360544,27.3540182959448,0.2,27.4632730434448,27
668.0,27.7163393385747,27.9958164360544,27.3540182959448,0.2,27.4611139696406,27
668.5,27.6884288750039,27.9958164360544,27.3540182959448,0.2,27.4590180768864,27
669.0,27.6884288750039,27.9958164360544,27.3540182959448,0.2,27.4569828085264,27
669.5,27.6884288750039,27.9958164360544,27.3540182959448,0.2,27.4550057100273,27
670.0,27.6884288750039,27.9958164360544,27.3540182959448,0.2,27.4530849499062,27
670.5,27.6884288750039,27.9958164360544,27.3540182959448,0.2,27.4512187574189,27
671.0,27.6884288750039,27.9958164360544,27.3261929957707,0.2,27.4494054204955,27
671.5,27.6884288750039,27.9958164360544,27.3261929957707,0.2,27.4476432837457,27
672.0,27.6884288750039,27.9958164360544,27.3261929957707,0.2,27.4459307465338,27
672.5,27.6884288750039,27.9678379182923,27.3261929957707,0.2,27.4442662611193,27
673.0,27.6884288750039,27.9678379182923,27.3261929957707,0.2,27.4418853566821,27
673.5,27.6884288750039,27.9678379182923,27.3261929957707,0.2,27.4395758827363,27
674.0,27.6605250946888,27.9678379182923,27.3261929957707,0.2,27.4373355315691,27
674.5,27.6605250946888,27.9678379182923,27.3261929957707,0.2,27.4351615308428,27
675.0,27.6605250946888,27.9678379182923,27.3261929957707,0.2,27.433051217925,27
675.5,27.6605250946888,27.9678379182923,27.3261929957707,0.2,27.4310025604286,27
676.0,27.6605250946888,27.9678379182923,27.3261929957707,0.2,27.4290135937797,27
676.5,27.6605250946888,27.9678379182923,27.3261929957707,0.2,27.4270824189064,27
677.0,27.6605250946888,27.9678379182923,27.3261929957707,0.2,27.4252072000084,27
677.5,27.6605250946888,27.9678379182923,27.3261929957707,0.2,27.4233861624019,27
678.0,27.6605250946888,27.9678379182923,27.3261929957707,0.2,27.4216175904396,27
678.5,27.6605250946888,27.9678379182923,27.3261929957707,0.2,27.4198998255016,27
679.0,27.6605250946888,27.9678379182923,27.3261929957707,0.2,27.4182312640558,27
679.5,27.6605250946888,27.9678379182923,27.2983740930341,0.2,27.4166103557843,27
680.0,27.6326279755097,27.9678379182923,27.2983740930341,0.2,27.4150356017755,27
680.5,27.6326279755097,27.9678379182923,27.2983740930341,0.2,27.4135050108748,27
681.0,27.6326279755097,27.9398663062505,27.2983740930341,0.2,27.4120166748342,27
681.5,27.6326279755097,27.9398663062505,27.2983740930341,0.2,27.409806503788,27
682.0,27.6326279755097,27.9398663062505,27.2983740930341,0.2,27.4076623385393,27
682.5,27.6326279755097,27.9398663062505,27.2983740930341,0.2,27.4055820513975,27
683.0,27.6326279755097,27.9398663062505,27.2983740930341,0.2,27.4035635859782,27
683.5,27.6326279755097,27.9398663062505,27.2983740930341,0.2,27.4016049547706,27
684.0,27.6326279755097,27.9398663062505,27.2983740930341,0.2,27.3997042367871,27
684.5,27.6326279755097,27.9398663062505,27.2983740930341,0.2,27.3978595752943,27
685.0,27.6326279755097,27.9398663062505,27.2983740930341,0.2,27.3960691756228,27
685.5,27.6326279755097,27.9398663062505,27.2983740930341,0.2,27.394331303051,27
686.0,27.6326279755097,27.9398663062505,27.2983740930341,0.2,27.3926442807627,27
686.5,27.6326279755097,27.9398663062505,27.2983740930341,0.2,27.3910064878741,27
687.0,27.6047374953695,27.9398663062505,27.2983740930341,0.2,27.3894163575298,27
687.5,27.6047374953695,27.9398663062505,27.2983740930341,0.2,27.3878718332902,27
688.0,27.6047374953695,27.9398663062505,27.2983740930341,0.2,27.3863709440535,27
688.5,27.6047374953695,27.9398663062505,27.2983740930341,0.2,27.3849123251822,27
689.0,27.6047374953695,27.9398663062505,27.2705615659016,0.2,27.3834946571451,27
689.5,27.6047374953695,27.9398663062505,27.2705615659016,0.2,27.382116663986,27
690.0,27.6047374953695,27.9398663062505,27.2705615659016,0.2,27.3807771118453,27
690.5,27.6047374953695,27.9398663062505,27.2705615659016,0.2,27.3794748075321,27
691.0,27.6047374953695,27.9119015775771,27.2705615659016,0.2,27.3782085971453,27
691.5,27.6047374953695,27.9119015775771,27.2705615659016,0.2,27.3762147665915,27
692.0,27.6047374953695,27.9119015775771,27.2705615659016,0.2,27.3742811443879,27
692.5,27.6047374953695,27.9119015775771,27.2705615659016,0.2,27.3724057790133,27
693.0,27.6047374953695,27.9119015775771,27.2705615659016,0.2,27.3705867844936,27
693.5,27.6047374953695,27.9119015775771,27.2705615659016,0.2,27.3688223381638,27
694.0,27.6047374953695,27.9119015775771,27.2705615659016,0.2,27.3671106785065,27
694.5,27.6047374953695,27.9119015775771,27.2705615659016,0.2,27.3654501030652,27
695.0,27.5768536321941,27.9119015775771,27.2705615659016,0.2,27.3638389664291,27
695.5,27.5768536321941,27.9119015775771,27.2705615659016,0.2,27.362275136643,27
696.0,27.5768536321941,27.9119015775771,27.2705615659016,0.2,27.3607565698898,27
696.5,27.5768536321941,27.9119015775771,27.2705615659016,0.2,27.3592818313933,27
697.0,27.5768536321941,27.9119015775771,27.2705615659016,0.2,27.357849534097,27
697.5,27.5768536321941,27.9119015775771,27.2705615659016,0.2,27.3564583370407,27
698.0,27.5768536321941,27.9119015775771,27.2705615659016,0.2,27.3551069437926,27
698.5,27.5768536321941,27.9119015775771,27.2705615659016,0.2,27.3537941009348,27
699.0,27.5768536321941,27.9119015775771,27.2705615659016,0.2,27.3525185966019,27
699.5,27.5768536321941,27.9119015775771,27.2705615659016,0.2,27.3512792590686,27
700.0,27.5768536321941,27.9119015775771,27.2427553925614,0.2,27.3500749553868,27
700.5,27.5768536321941,27.9119015775771,27.2427553925614,0.2,27.3489045900689,27
701.0,27.5768536321941,27.9119015775771,27.2427553925614,0.2,27.3477671038168,27
701.5,27.5768536321941,27.9119015775771,27.2427553925614,0.2,27.3466614722941,27
702.0,27.5768536321941,27.9119015775771,27.2427553925614,0.2,27.3455867049405,27
702.5,27.5768536321941,27.8839437099441,27.2427553925614,0.2,27.3445418438276,27
703.0,27.5768536321941,27.8839437099441,27.2427553925614,0.2,27.3427635515024,27
703.5,27.5768536321941,27.8839437099441,27.2427553925614,0.2,27.3410396462524,27
704.0,27.5768536321941,27.8839437099441,27.2427553925614,0.2,27.3393683541014,27
704.5,27.5489763639313,27.8839437099441,27.2427553925614,0.2,27.3377479608123,27
705.0,27.5489763639313,27.8839437099441,27.2427553925614,0.2,27.3361762683301,27
705.5,27.5489763639313,27.8839437099441,27.2427553925614,0.2,27.3346511692349,27
706.0,27.5489763639313,27.8839437099441,27.2427553925614,0.2,27.3331711674322,27
706.5,27.5489763639313,27.8839437099441,27.2427553925614,0.2,27.331734816878,27
707.0,27.5489763639313,27.8839437099441,27.2427553925614,0.2,27.3303407198723,27
707.5,27.5489763639313,27.8839437099441,27.2427553925614,0.2,27.328987525411,27
708.0,27.5489763639313,27.8839437099441,27.2427553925614,0.2,27.327673927594,27
708.5,27.5489763639313,27.8839437099441,27.2427553925614,0.2,27.3263986640886,27
709.0,27.5489763639313,27.8839437099441,27.2427553925614,0.2,27.3251605146459,27
709.5,27.5489763639313,27.8839437099441,27.2427553925614,0.2,27.3239582996675,27
710.0,27.5489763639313,27.8839437099441,27.2427553925614,0.2,27.3227908788221,27
710.5,27.5489763639313,27.8839437099441,27.2427553925614,0.2,27.321657149709,27
711.0,27.5489763639313,27.8839437099441,27.2427553925614,0.2,27.3205560465686,27
711.5,27.5489763639313,27.8839437099441,27.2427553925614,0.2,27.3194865390358,27
712.0,27.5489763639313,27.8839437099441,27.2427553925614,0.2,27.3184476309375,27
712.5,27.5489763639313,27.8839437099441,27.2427553925614,0.2,27.3174383591306,27
713.0,27.5489763639313,27.8839437099441,27.2149555512227,0.2,27.3164577923799,27
713.5,27.5489763639313,27.8839437099441,27.2149555512227,0.2,27.3155050302754,27
714.0,27.5489763639313,27.8839437099441,27.2149555512227,0.2,27.3145792021856,27
714.5,27.5489763639313,27.8839437099441,27.2149555512227,0.2,27.3136794662476,27
715.0,27.5489763639313,27.8839437099441,27.2149555512227,0.2,27.3128050083912,27
715.5,27.5489763639313,27.8839437099441,27.2149555512227,0.2,27.3119550413972,27
716.0,27.5489763639313,27.8839437099441,27.2149555512227,0.2,27.3111288039873,27
716.5,27.5211056685516,27.8559926810467,27.2149555512227,0.2,27.3103255599457,27
717.0,27.5211056685516,27.8559926810467,27.2149555512227,0.2,27.3087818313244,27
717.5,27.5211056685516,27.8559926810467,27.2149555512227,0.2,27.3072849443337,27
718.0,27.5211056685516,27.8559926810467,27.2149555512227,0.2,27.3058333766153,27
718.5,27.5211056685516,27.8559926810467,27.2149555512227,0.2,27.3044256570158,27
719.0,27.5211056685516,27.8559926810467,27.2149555512227,0.2,27.3030603638376,27
719.5,27.5211056685516,27.8559926810467,27.2149555512227,0.2,27.3017361231486,27
720.0,27.5211056685516,27.8559926810467,27.2149555512227,0.2,27.3004516071511,27
720.5,27.5211056685516,27.8559926810467,27.2149555512227,0.2,27.299205532606,27
721.0,27.5211056685516,27.8559926810467,27.2149555512227,0.2,27.2979966593123,27
721.5,27.5211056685516,27.8559926810467,27.2149555512227,0.2,27.2968237886378,27
722.0,27.5211056685516,27.8559926810467,27.2149555512227,0.2,27.2956857621008,27
722.5,27.5211056685516,27.8559926810467,27.2149555512227,0.2,27.2945814600008,27
723.0,27.4932415240474,27.8559926810467,27.2149555512227,0.2,27.2935098000959,27
723.5,27.4932415240474,27.8559926810467,27.2149555512227,0.2,27.2924691950648,27
724.0,27.4932415240474,27.8559926810467,27.2149555512227,0.2,27.291458127427,27
724.5,27.4932415240474,27.8559926810467,27.2149555512227,0.2,27.2904756706999,27
725.0,27.4932415240474,27.8559926810467,27.2149555512227,0.2,27.2895209290757,27
725.5,27.4932415240474,27.8559926810467,27.2149555512227,0.2,27.2885930363792,27
726.0,27.4932415240474,27.8559926810467,27.2149555512227,0.2,27.2876911550613,27
726.5,27.4932415240474,27.8559926810467,27.2149555512227,0.2,27.2868144752269,27
727.0,27.4932415240474,27.8559926810467,27.2149555512227,0.2,27.2859622136969,27
727.5,27.4932415240474,27.8559926810467,27.1871620201157,0.2,27.2851336131014,27
728.0,27.4932415240474,27.8559926810467,27.1871620201157,0.2,27.284327941005,27
728.5,27.4932415240474,27.828048468604,27.1871620201157,0.2,27.2835444890615,27
729.0,27.4932415240474,27.828048468604,27.1871620201157,0.2,27.2820205335248,27
729.5,27.4932415240474,27.828048468604,27.1871620201157,0.2,27.2805437408147,27
730.0,27.4932415240474,27.828048468604,27.1871620201157,0.2,27.2791125630515,27
730.5,27.4932415240474,27.828048468604,27.1871620201157,0.2,27.2777255046366,27
731.0,27.4653839084336,27.828048468604,27.1871620201157,0.2,27.2763811204641,27
731.5,27.4653839084336,27.828048468604,27.1871620201157,0.2,27.2750774730582,27
732.0,27.4653839084336,27.828048468604,27.1871620201157,0.2,27.2738127069239,27
732.5,27.4653839084336,27.828048468604,27.1871620201157,0.2,27.2725855691613,27
733.0,27.4653839084336,27.828048468604,27.1871620201157,0.2,27.2713948488678,27
733.5,27.4653839084336,27.828048468604,27.1871620201157,0.2,27.2702393757047,27
734.0,27.4653839084336,27.828048468604,27.1871620201157,0.2,27.2691180185127,27
734.5,27.4653839084336,27.828048468604,27.1871620201157,0.2,27.2680296839745,27
735.0,27.4653839084336,27.828048468604,27.1871620201157,0.2,27.2669733153242,27
735.5,27.4653839084336,27.828048468604,27.1871620201157,0.2,27.2659478911012,27
736.0,27.4653839084336,27.828048468604,27.1871620201157,0.2,27.2649524239461,27
736.5,27.4653839084336,27.828048468604,27.1871620201157,0.2,27.2639859594388,27
737.0,27.4653839084336,27.828048468604,27.1871620201157,0.2,27.2630475749763,27
737.5,27.4653839084336,27.828048468604,27.1871620201157,0.2,27.262136378689,27
738.0,27.4653839084336,27.828048468604,27.1871620201157,0.2,27.2612515083944,27
738.5,27.4653839084336,27.828048468604,27.1871620201157,0.2,27.2603921305867,27
739.0,27.4653839084336,27.828048468604,27.1871620201157,0.2,27.2595574394614,27
739.5,27.4653839084336,27.828048468604,27.1871620201157,0.2,27.2587466559728,27
740.0,27.4375327997469,27.8001110503583,27.1871620201157,0.2,27.2579590269245,27
740.5,27.4375327997469,27.8001110503583,27.1871620201157,0.2,27.2564314296876,27
741.0,27.4375327997469,27.8001110503583,27.1593747774918,0.2,27.2549507913646,27
741.5,27.4375327997469,27.8001110503583,27.1593747774918,0.2,27.2535155752072,27
742.0,27.4375327997469,27.8001110503583,27.1593747774918,0.2,27.2521242963311,27
742.5,27.4375327997469,27.8001110503583,27.1593747774918,0.2,27.2507755199415,27
743.0,27.4375327997469,27.8001110503583,27.1593747774918,0.2,27.2494678596183,27
743.5,27.4375327997469,27.8001110503583,27.1593747774918,0.2,27.2481999756613,27
744.0,27.4375327997469,27.8001110503583,27.1593747774918,0.2,27.2469705734922,27
744.5,27.4375327997469,27.8001110503583,27.1593747774918,0.2,27.2457784021113,27
745.0,27.4375327997469,27.8001110503583,27.1593747774918,0.2,27.2446222526077,27
745.5,27.4375327997469,27.8001110503583,27.1593747774918,0.2,27.2435009567205,27
746.0,27.4375327997469,27.8001110503583,27.1593747774918,0.2,27.2424133854498,27
746.5,27.4375327997469,27.8001110503583,27.1593747774918,0.2,27.2413584477155,27
747.0,27.4375327997469,27.8001110503583,27.1593747774918,0.2,27.2403350890618,27
747.5,27.4375327997469,27.8001110503583,27.1593747774918,0.2,27.2393422904067,27
748.0,27.4375327997469,27.8001110503583,27.1593747774918,0.2,27.2383790668348,27
748.5,27.4375327997469,27.8001110503583,27.1593747774918,0.2,27.2374444664307,27
749.0,27.4375327997469,27.8001110503583,27.1593747774918,0.2,27.2365375691536,27
749.5,27.4375327997469,27.8001110503583,27.1593747774918,0.2,27.2356574857497,27
750.0,27.4375327997469,27.8001110503583,27.1593747774918,0.2,27.2348033567028,27
750.5,27.4375327997469,27.8001110503583,27.1593747774918,0.2,27.2339743512202,27
751.0,27.4096881760459,27.8001110503583,27.1593747774918,0.2,27.2331696662542,27
751.5,27.4096881760459,27.8001110503583,27.1593747774918,0.2,27.2323879846748,27
752.0,27.4096881760459,27.8001110503583,27.1593747774918,0.2,27.2316280501069,27
752.5,27.4096881760459,27.7721804040752,27.1593747774918,0.2,27.2308891880303,27
753.0,27.4096881760459,27.7721804040752,27.1593747774918,0.2,27.2294090774235,27
753.5,27.4096881760459,27.7721804040752,27.1593747774918,0.2,27.2279750337528,27
754.0,27.4096881760459,27.7721804040752,27.1593747774918,0.2,27.2265855403541,27
754.5,27.4096881760459,27.7721804040752,27.1593747774918,0.2,27.2252391318777,27
755.0,27.4096881760459,27.7721804040752,27.1593747774918,0.2,27.2239343925307,27
755.5,27.4096881760459,27.7721804040752,27.1315938016232,0.2,27.2226699543796,27
756.0,27.4096881760459,27.7721804040752,27.1315938016232,0.2,27.2214444957113,27
756.5,27.4096881760459,27.7721804040752,27.1315938016232,0.2,27.220256739451,27
757.0,27.4096881760459,27.7721804040752,27.1315938016232,0.2,27.2191054516339,27
757.5,27.4096881760459,27.7721804040752,27.1315938016232,0.2,27.2179894399301,27
758.0,27.4096881760459,27.7721804040752,27.1315938016232,0.2,27.21690755222,27
758.5,27.4096881760459,27.7721804040752,27.1315938016232,0.2,27.2158586752188,27
759.0,27.4096881760459,27.7721804040752,27.1315938016232,0.2,27.2148417331484,27
759.5,27.4096881760459,27.7721804040752,27.1315938016232,0.2,27.2138556864548,27
760.0,27.4096881760459,27.7721804040752,27.1315938016232,0.2,27.2128995305702,27
760.5,27.4096881760459,27.7721804040752,27.1315938016232,0.2,27.2119722947169,27
761.0,27.4096881760459,27.7721804040752,27.1315938016232,0.2,27.2110730407529,27
761.5,27.4096881760459,27.7721804040752,27.1315938016232,0.2,27.2102008620573,27
762.0,27.4096881760459,27.7721804040752,27.1315938016232,0.2,27.2093548824536,27
762.5,27.4096881760459,27.7721804040752,27.1315938016232,0.2,27.2085342551702,27
763.0,27.4096881760459,27.7721804040752,27.1315938016232,0.2,27.2077381618371,27
763.5,27.4096881760459,27.7721804040752,27.1315938016232,0.2,27.2069658115163,27
764.0,27.4096881760459,27.7721804040752,27.1315938016232,0.2,27.2062164397662,27
764.5,27.4096881760459,27.7721804040752,27.1315938016232,0.2,27.2054893077381,27
765.0,27.3818500154112,27.7721804040752,27.1315938016232,0.2,27.204783701303,27
765.5,27.3818500154112,27.7721804040752,27.1315938016232,0.2,27.2040983894536,27
766.0,27.3818500154112,27.7721804040752,27.1315938016232,0.2,27.2034321991058,27
766.5,27.3818500154112,27.7721804040752,27.1315938016232,0.2,27.2027845361741,27
767.0,27.3818500154112,27.7721804040752,27.1315938016232,0.2,27.202154826161,27
767.5,27.3818500154112,27.7442565075434,27.1315938016232,0.2,27.2015425134924,27
768.0,27.3818500154112,27.7442565075434,27.1315938016232,0.2,27.2001855762172,27
768.5,27.3818500154112,27.7442565075434,27.1315938016232,0.2,27.1988712505834,27
769.0,27.3818500154112,27.7442565075434,27.1315938016232,0.2,27.1975981276656,27
769.5,27.3818500154112,27.7442565075434,27.1315938016232,0.2,27.1963648462934,27
770.0,27.3818500154112,27.7442565075434,27.1315938016232,0.2,27.1951700914133,27
770.5,27.3818500154112,27.7442565075434,27.1315938016232,0.2,27.1940125925094,27
771.0,27.3818500154112,27.7442565075434,27.1315938016232,0.2,27.1928911220765,27
771.5,27.3818500154112,27.7442565075434,27.1315938016232,0.2,27.1918044941468,27
772.0,27.3818500154112,27.7442565075434,27.1315938016232,0.2,27.1907515628673,27
772.5,27.3818500154112,27.7442565075434,27.1038190708028,0.2,27.1897312211261,27
773.0,27.3818500154112,27.7442565075434,27.1038190708028,0.2,27.1887423992254,27
773.5,27.3818500154112,27.7442565075434,27.1038190708028,0.2,27.1877840636015,27
774.0,27.3818500154112,27.7442565075434,27.1038190708028,0.2,27.1868552155873,27
774.5,27.3818500154112,27.7442565075434,27.1038190708028,0.2,27.1859548902188,27
775.0,27.3818500154112,27.7442565075434,27.1038190708028,0.2,27.1850821550817,27
775.5,27.3818500154112,27.7442565075434,27.1038190708028,0.2,27.1842361091984,27
776.0,27.3818500154112,27.7442565075434,27.1038190708028,0.2,27.1834158819525,27
776.5,27.3818500154112,27.7442565075434,27.1038190708028,0.2,27.1826206320511,27
777.0,27.3818500154112,27.7442565075434,27.1038190708028,0.2,27.1818495465227,27
777.5,27.3818500154112,27.7442565075434,27.1038190708028,0.2,27.1811018397487,27
778.0,27.3818500154112,27.7442565075434,27.1038190708028,0.2,27.1803767525296,27
778.5,27.3818500154112,27.7442565075434,27.1038190708028,0.2,27.1796735511822,27
779.0,27.3818500154112,27.7442565075434,27.1038190708028,0.2,27.1789915266682,27
779.5,27.3818500154112,27.7442565075434,27.1038190708028,0.2,27.1783299937531,27
780.0,27.3818500154112,27.7442565075434,27.1038190708028,0.2,27.1776882901936,27
780.5,27.3818500154112,27.7442565075434,27.1038190708028,0.2,27.1770657759531,27
781.0,27.3818500154112,27.7442565075434,27.1038190708028,0.2,27.1764618324441,27
781.5,27.3818500154112,27.7442565075434,27.1038190708028,0.2,27.1758758617968,27
782.0,27.3818500154112,27.7442565075434,27.1038190708028,0.2,27.1753072861526,27
782.5,27.3818500154112,27.7442565075434,27.1038190708028,0.2,27.1747555469822,27
783.0,27.3818500154112,27.7442565075434,27.1038190708028,0.2,27.1742201044268,27
783.5,27.3818500154112,27.7442565075434,27.1038190708028,0.2,27.1737004366622,27
784.0,27.3818500154112,27.7442565075434,27.1038190708028,0.2,27.1731960392845,27
784.5,27.3818500154112,27.7442565075434,27.1038190708028,0.2,27.1727064247172,27
785.0,27.3818500154112,27.7442565075434,27.1038190708028,0.2,27.1722311216383,27
785.5,27.3540182959448,27.7442565075434,27.1038190708028,0.2,27.1717696744274,27
786.0,27.3540182959448,27.7442565075434,27.1038190708028,0.2,27.1713211020006,27
786.5,27.3540182959448,27.7442565075434,27.1038190708028,0.2,27.1708844727772,27
787.0,27.3540182959448,27.7163393385747,27.1038190708028,0.2,27.170459425922,27
787.5,27.3540182959448,27.7163393385747,27.1038190708028,0.2,27.1692843111439,27
788.0,27.3540182959448,27.7163393385747,27.1038190708028,0.2,27.1681463567838,27
788.5,27.3540182959448,27.7163393385747,27.1038190708028,0.2,27.1670443299173,27
789.0,27.3540182959448,27.7163393385747,27.1038190708028,0.2,27.1659770394743,27
789.5,27.3540182959448,27.7163393385747,27.1038190708028,0.2,27.1649433348037,27
790.0,27.3540182959448,27.7163393385747,27.1038190708028,0.2,27.1639421042868,27
790.5,27.3540182959448,27.7163393385747,27.1038190708028,0.2,27.1629722739992,27
791.0,27.3540182959448,27.7163393385747,27.1038190708028,0.2,27.1620328064185,27
791.5,27.3540182959448,27.7163393385747,27.1038190708028,0.2,27.1611226991766,27
792.0,27.3540182959448,27.7163393385747,27.1038190708028,0.2,27.1602409838545,27
792.5,27.3540182959448,27.7163393385747,27.1038190708028,0.2,27.1593867248196,27
793.0,27.3540182959448,27.7163393385747,27.0760505633444,0.2,27.1585590181022,27
793.5,27.3540182959448,27.7163393385747,27.0760505633444,0.2,27.1577569903109,27
794.0,27.3540182959448,27.7163393385747,27.0760505633444,0.2,27.1569797975852,27
794.5,27.3540182959448,27.7163393385747,27.0760505633444,0.2,27.1562266245851,27
795.0,27.3540182959448,27.7163393385747,27.0760505633444,0.2,27.1554966835141,27
795.5,27.3540182959448,27.7163393385747,27.0760505633444,0.2,27.1547892131765,27
796.0,27.3540182959448,27.7163393385747,27.0760505633444,0.2,27.1541034780676,27
796.5,27.3540182959448,27.7163393385747,27.0760505633444,0.2,27.1534387674944,27
797.0,27.3540182959448,27.7163393385747,27.0760505633444,0.2,27.152794394727,27
797.5,27.3540182959448,27.7163393385747,27.0760505633444,0.2,27.1521696961793,27
798.0,27.3540182959448,27.7163393385747,27.0760505633444,0.2,27.1515640306175,27
798.5,27.3540182959448,27.7163393385747,27.0760505633444,0.2,27.150976778396,27
799.0,27.3540182959448,27.7163393385747,27.0760505633444,0.2,27.15040734072,27
799.5,27.3540182959448,27.7163393385747,27.0760505633444,0.2,27.1498551389328,27
800.0,27.3540182959448,27.7163393385747,27.0760505633444,0.2,27.1493196138282,27
800.5,27.3540182959448,27.7163393385747,27.0760505633444,0.2,27.1488002249858,27
801.0,27.3540182959448,27.7163393385747,27.0760505633444,0.2,27.1482964501302,27
801.5,27.3540182959448,27.7163393385747,27.0760505633444,0.2,27.1478077845113,27
802.0,27.3540182959448,27.7163393385747,27.0760505633444,0.2,27.1473337403065,27
802.5,27.3540182959448,27.7163393385747,27.0760505633444,0.2,27.1468738460431,27
803.0,27.3540182959448,27.7163393385747,27.0760505633444,0.2,27.1464276460407,27
803.5,27.3540182959448,27.7163393385747,27.0760505633444,0.2,27.1459946998727,27
804.0,27.3540182959448,27.7163393385747,27.0760505633444,0.2,27.1455745818466,27
804.5,27.3540182959448,27.7163393385747,27.0760505633444,0.2,27.1451668805016,27
805.0,27.3540182959448,27.7163393385747,27.0760505633444,0.2,27.1447711981241,27
805.5,27.3540182959448,27.7163393385747,27.0760505633444,0.2,27.1443871502791,27
806.0,27.3540182959448,27.7163393385747,27.0760505633444,0.2,27.1440143653587,27
806.5,27.3540182959448,27.7163393385747,27.0760505633444,0.2,27.1436524841447,27
807.0,27.3540182959448,27.7163393385747,27.0760505633444,0.2,27.1433011593882,27
807.5,27.3540182959448,27.7163393385747,27.0760505633444,0.2,27.1429600554012,27
808.0,27.3540182959448,27.7163393385747,27.0760505633444,0.2,27.1426288476645,27
808.5,27.3540182959448,27.7163393385747,27.0760505633444,0.2,27.1423072224475,27
809.0,27.3540182959448,27.7163393385747,27.0760505633444,0.2,27.141994876442,27
809.5,27.3540182959448,27.7163393385747,27.0760505633444,0.2,27.1416915164077,27
810.0,27.3540182959448,27.7163393385747,27.0760505633444,0.2,27.1413968588308,27
810.5,27.3540182959448,27.7163393385747,27.0760505633444,0.2,27.1411106295936,27
811.0,27.3540182959448,27.7163393385747,27.0760505633444,0.2,27.1408325636557,27
811.5,27.3540182959448,27.7163393385747,27.0760505633444,0.2,27.1405624047462,27
812.0,27.3540182959448,27.7163393385747,27.0760505633444,0.2,27.1402999050663,27
812.5,27.3540182959448,27.7163393385747,27.0760505633444,0.2,27.1400448250022,27
813.0,27.3540182959448,27.7163393385747,27.0760505633444,0.2,27.1397969328478,27
813.5,27.3540182959448,27.6884288750039,27.0760505633444,0.2,27.1395560045369,27
814.0,27.3540182959448,27.6884288750039,27.0760505633444,0.2,27.1385607050429,27
814.5,27.3540182959448,27.6884288750039,27.0760505633444,0.2,27.1375982017368,27
815.0,27.3540182959448,27.6884288750039,27.0760505633444,0.2,27.1366673860345,27
815.5,27.3540182959448,27.6884288750039,27.0760505633444,0.2,27.1357671872635,27
816.0,27.3540182959448,27.6884288750039,27.0760505633444,0.2,27.1348965713595,27
816.5,27.3540182959448,27.6884288750039,27.0760505633444,0.2,27.1340545396088,27
817.0,27.3540182959448,27.6884288750039,27.0760505633444,0.2,27.1332401274323,27
817.5,27.3540182959448,27.6884288750039,27.0760505633444,0.2,27.1324524032131,27
818.0,27.3540182959448,27.6884288750039,27.0760505633444,0.2,27.1316904671636,27
818.5,27.3540182959448,27.6884288750039,27.0760505633444,0.2,27.1309534502318,27
819.0,27.3540182959448,27.6884288750039,27.0760505633444,0.2,27.130240513045,27
819.5,27.3540182959448,27.6884288750039,27.0760505633444,0.2,27.1295508448906,27
820.0,27.3540182959448,27.6884288750039,27.0760505633444,0.2,27.1288836627315,27
820.5,27.3540182959448,27.6884288750039,27.0760505633444,0.2,27.1282382102552,27
821.0,27.3540182959448,27.6884288750039,27.0760505633444,0.2,27.1276137569561,27
821.5,27.3540182959448,27.6884288750039,27.0760505633444,0.2,27.1270095972493,27
822.0,27.3540182959448,27.6884288750039,27.0482882575822,0.2,27.126425049615,27
822.5,27.3540182959448,27.6884288750039,27.0482882575822,0.2,27.1258594557718,27
823.0,27.3540182959448,27.6884288750039,27.0482882575822,0.2,27.1253121798791,27
823.5,27.3540182959448,27.6884288750039,27.0482882575822,0.2,27.1247826077671,27
824.0,27.3540182959448,27.6884288750039,27.0482882575822,0.2,27.1242701461923,27
824.5,27.3540182959448,27.6884288750039,27.0482882575822,0.2,27.12377422212,27
825.0,27.3540182959448,27.6884288750039,27.0482882575822,0.2,27.1232942820303,27
825.5,27.3540182959448,27.6884288750039,27.0482882575822,0.2,27.1228297912488,27
826.0,27.3540182959448,27.6884288750039,27.0482882575822,0.2,27.1223802332997,27
826.5,27.3540182959448,27.6884288750039,27.0482882575822,0.2,27.1219451092821,27
827.0,27.3540182959448,27.6884288750039,27.0482882575822,0.2,27.1215239372665,27
827.5,27.3540182959448,27.6884288750039,27.0482882575822,0.2,27.1211162517133,27
828.0,27.3540182959448,27.6884288750039,27.0482882575822,0.2,27.1207216029105,27
828.5,27.3540182959448,27.6884288750039,27.0482882575822,0.2,27.1203395564309,27
829.0,27.3540182959448,27.6884288750039,27.0482882575822,0.2,27.1199696926087,27
829.5,27.3540182959448,27.6884288750039,27.0482882575822,0.2,27.1196116060326,27
830.0,27.3540182959448,27.6884288750039,27.0482882575822,0.2,27.119264905058,27
830.5,27.3540182959448,27.6884288750039,27.0482882575822,0.2,27.118929211335,27
831.0,27.3540182959448,27.6884288750039,27.0482882575822,0.2,27.1186041593528,27
831.5,27.3540182959448,27.6884288750039,27.0482882575822,0.2,27.118289396,27
832.0,27.3540182959448,27.6884288750039,27.0482882575822,0.2,27.1179845801396,27
832.5,27.3540182959448,27.6884288750039,27.0482882575822,0.2,27.1176893821995,27
833.0,27.3540182959448,27.6884288750039,27.0482882575822,0.2,27.1174034837757,27
833.5,27.3540182959448,27.6884288750039,27.0482882575822,0.2,27.1171265772506,27
834.0,27.3540182959448,27.6884288750039,27.0482882575822,0.2,27.1168583654233,27
834.5,27.3540182959448,27.6884288750039,27.0482882575822,0.2,27.1165985611534,27
835.0,27.3540182959448,27.6884288750039,27.0482882575822,0.2,27.1163468870166,27
835.5,27.3540182959448,27.6884288750039,27.0482882575822,0.2,27.1161030749723,27
836.0,27.3540182959448,27.6884288750039,27.0482882575822,0.2,27.1158668660425,27
836.5,27.3540182959448,27.6884288750039,27.0482882575822,0.2,27.115638010002,27
837.0,27.3540182959448,27.6884288750039,27.0482882575822,0.2,27.1154162650788,27
837.5,27.3540182959448,27.6884288750039,27.0482882575822,0.2,27.1152013976656,27
838.0,27.3540182959448,27.6884288750039,27.0482882575822,0.2,27.11499318204,27
838.5,27.3540182959448,27.6884288750039,27.0482882575822,0.2,27.1147914000959,27
839.0,27.3540182959448,27.6884288750039,27.0482882575822,0.2,27.1145958410823,27
839.5,27.3540182959448,27.6884288750039,27.0482882575822,0.2,27.1144063013528,27
840.0,27.3540182959448,27.6884288750039,27.0482882575822,0.2,27.1142225841224,27
840.5,27.3540182959448,27.6884288750039,27.0482882575822,0.2,27.1140444992335,27
841.0,27.3540182959448,27.6884288750039,27.0482882575822,0.2,27.1138718629297,27
841.5,27.3540182959448,27.6884288750039,27.0482882575822,0.2,27.1137044976368,27
842.0,27.3540182959448,27.6884288750039,27.0482882575822,0.2,27.1135422317525,27
842.5,27.3540182959448,27.6884288750039,27.0482882575822,0.2,27.113384899442,27
843.0,27.3540182959448,27.6884288750039,27.0482882575822,0.2,27.1132323404418,27
843.5,27.3540182959448,27.6884288750039,27.0482882575822,0.2,27.1130843998693,27
844.0,27.3540182959448,27.6884288750039,27.0482882575822,0.2,27.1129409280396,27
844.5,27.3540182959448,27.6884288750039,27.0482882575822,0.2,27.1128017802882,27
845.0,27.3540182959448,27.6884288750039,27.0482882575822,0.2,27.1126668167999,27
845.5,27.3540182959448,27.6884288750039,27.0482882575822,0.2,27.1125359024437,27
846.0,27.3540182959448,27.6884288750039,27.0482882575822,0.2,27.112408906613,27
846.5,27.3540182959448,27.6884288750039,27.0482882575822,0.2,27.1122857030718,27
847.0,27.3540182959448,27.6884288750039,27.0482882575822,0.2,27.112166169806,27
847.5,27.3540182959448,27.6884288750039,27.0482882575822,0.2,27.1120501888792,27
848.0,27.3540182959448,27.6884288750039,27.0482882575822,0.2,27.1119376462946,27
848.5,27.3540182959448,27.6884288750039,27.0482882575822,0.2,27.1118284318603,27
849.0,27.3540182959448,27.6884288750039,27.0482882575822,0.2,27.1117224390607,27
849.5,27.3540182959448,27.6884288750039,27.0482882575822,0.2,27.1116195649309,27
850.0,27.3540182959448,27.6884288750039,27.0482882575822,0.2,27.1115197099363,27
850.5,27.3540182959448,27.6884288750039,27.0482882575822,0.2,27.111422777856,27
851.0,27.3540182959448,27.6884288750039,27.0482882575822,0.2,27.1113286756702,27
851.5,27.3540182959448,27.6884288750039,27.0482882575822,0.2,27.1112373134517,27
852.0,27.3540182959448,27.6884288750039,27.0482882575822,0.2,27.1111486042609,27
852.5,27.3540182959448,27.6884288750039,27.0482882575822,0.2,27.111062464044,27
853.0,27.3540182959448,27.6884288750039,27.0482882575822,0.2,27.1109788115357,27
853.5,27.3540182959448,27.6884288750039,27.0482882575822,0.2,27.1108975681645,27
854.0,27.3540182959448,27.6884288750039,27.0482882575822,0.2,27.110818657961,27
854.5,27.3540182959448,27.6884288750039,27.0482882575822,0.2,27.1107420074702,27
855.0,27.3540182959448,27.6884288750039,27.0482882575822,0.2,27.1106675456663,27
855.5,27.3540182959448,27.6884288750039,27.0482882575822,0.2,27.1105952038701,27
856.0,27.3540182959448,27.6884288750039,27.0482882575822,0.2,27.1105249156698,27
856.5,27.3540182959448,27.6884288750039,27.0482882575822,0.2,27.1104566168445,27
857.0,27.3540182959448,27.6884288750039,27.0482882575822,0.2,27.1103902452895,27
857.5,27.3540182959448,27.6884288750039,27.0482882575822,0.2,27.1103257409456,27
858.0,27.3540182959448,27.6884288750039,27.0482882575822,0.2,27.1102630457292,27
858.5,27.3540182959448,27.6884288750039,27.0482882575822,0.2,27.110202103466,27
859.0,27.3540182959448,27.6884288750039,27.0482882575822,0.2,27.1101428598265,27
859.5,27.3540182959448,27.6884288750039,27.0482882575822,0.2,27.1100852622635,27
860.0,27.3540182959448,27.6884288750039,27.0482882575822,0.2,27.1100292599523,27
860.5,27.3540182959448,27.6884288750039,27.0482882575822,0.2,27.1099748037324,27
861.0,27.3540182959448,27.6884288750039,27.0482882575822,0.2,27.1099218460514,27
861.5,27.3540182959448,27.6884288750039,27.0482882575822,0.2,27.1098703409111,27
862.0,27.3540182959448,27.6884288750039,27.0482882575822,0.2,27.1098202438148,27
862.5,27.3540182959448,27.6884288750039,27.0482882575822,0.2,27.1097715117169,27
863.0,27.3540182959448,27.6884288750039,27.0482882575822,0.2,27.1097241029743,27
863.5,27.3540182959448,27.6884288750039,27.0482882575822,0.2,27.1096779772989,27
864.0,27.3540182959448,27.6884288750039,27.0482882575822,0.2,27.1096330957123,27
864.5,27.3540182959448,27.6884288750039,27.0482882575822,0.2,27.1095894205018,27
865.0,27.3540182959448,27.6884288750039,27.0482882575822,0.2,27.1095469151777,27
865.5,27.3540182959448,27.6605250946888,27.0482882575822,0.2,27.1095055444325,27
866.0,27.3540182959448,27.6605250946888,27.0482882575822,0.2,27.108704338012,27
866.5,27.3540182959448,27.6605250946888,27.0482882575822,0.2,27.1079304512396,27
867.0,27.3540182959448,27.6605250946888,27.0482882575822,0.2,27.1071829464175,27
867.5,27.3540182959448,27.6605250946888,27.0482882575822,0.2,27.1064609181263,27
868.0,27.3540182959448,27.6605250946888,27.0482882575822,0.2,27.1057634921119,27
868.5,27.3540182959448,27.6605250946888,27.0482882575822,0.2,27.1050898242123,27
869.0,27.3540182959448,27.6605250946888,27.0482882575822,0.2,27.1044390993198,27
869.5,27.3540182959448,27.6605250946888,27.0482882575822,0.2,27.1038105303796,27
870.0,27.3540182959448,27.6605250946888,27.0482882575822,0.2,27.1032033574236,27
870.5,27.3540182959448,27.6605250946888,27.0482882575822,0.2,27.1026168466362,27
871.0,27.3540182959448,27.6605250946888,27.0482882575822,0.2,27.1020502894535,27
871.5,27.3540182959448,27.6605250946888,27.0482882575822,0.2,27.101503001693,27
872.0,27.3540182959448,27.6605250946888,27.0482882575822,0.2,27.1009743227132,27
872.5,27.3540182959448,27.6605250946888,27.0482882575822,0.2,27.1004636146025,27
873.0,27.3540182959448,27.6605250946888,27.0482882575822,0.2,27.0999702613961,27
873.5,27.3540182959448,27.6605250946888,27.0482882575822,0.2,27.0994936683195,27
874.0,27.3540182959448,27.6605250946888,27.0482882575822,0.2,27.0990332610585,27
874.5,27.3540182959448,27.6605250946888,27.0482882575822,0.2,27.0985884850541,27
875.0,27.3540182959448,27.6605250946888,27.0482882575822,0.2,27.0981588048219,27
875.5,27.3540182959448,27.6605250946888,27.0482882575822,0.2,27.097743703295,27
876.0,27.3540182959448,27.6605250946888,27.0482882575822,0.2,27.0973426811889,27
876.5,27.3540182959448,27.6605250946888,27.0482882575822,0.2,27.0969552563898,27
877.0,27.3540182959448,27.6605250946888,27.0482882575822,0.2,27.096580963362,27
877.5,27.3540182959448,27.6605250946888,27.0482882575822,0.2,27.0962193525775,27
878.0,27.3540182959448,27.6605250946888,27.0482882575822,0.2,27.0958699899644,27
878.5,27.3540182959448,27.6605250946888,27.0482882575822,0.2,27.0955324563739,27
879.0,27.3540182959448,27.6605250946888,27.0482882575822,0.2,27.0952063470672,27
879.5,27.3540182959448,27.6605250946888,27.0482882575822,0.2,27.0948912712181,27
880.0,27.3540182959448,27.6605250946888,27.020532131871,0.2,27.0945868514347,27
880.5,27.3540182959448,27.6605250946888,27.020532131871,0.2,27.0942927232959,27
881.0,27.3540182959448,27.6605250946888,27.020532131871,0.2,27.0940085349051,27
881.5,27.3540182959448,27.6605250946888,27.020532131871,0.2,27.0937339464585,27
882.0,27.3540182959448,27.6605250946888,27.020532131871,0.2,27.0934686298291,27
882.5,27.3540182959448,27.6605250946888,27.020532131871,0.2,27.093212268164,27
883.0,27.3540182959448,27.6605250946888,27.020532131871,0.2,27.0929645554963,27
883.5,27.3540182959448,27.6605250946888,27.020532131871,0.2,27.0927251963705,27
884.0,27.3540182959448,27.6605250946888,27.020532131871,0.2,27.0924939054802,27
884.5,27.3540182959448,27.6605250946888,27.020532131871,0.2,27.0922704073187,27
885.0,27.3540182959448,27.6605250946888,27.020532131871,0.2,27.0920544358416,27
885.5,27.3540182959448,27.6605250946888,27.020532131871,0.2,27.091845734141,27
886.0,27.3540182959448,27.6605250946888,27.020532131871,0.2,27.0916440541308,27
886.5,27.3540182959448,27.6605250946888,27.020532131871,0.2,27.0914491562431,27
887.0,27.3540182959448,27.6605250946888,27.020532131871,0.2,27.0912608091349,27
887.5,27.3540182959448,27.6605250946888,27.020532131871,0.2,27.091078789405,27
888.0,27.3540182959448,27.6605250946888,27.020532131871,0.2,27.0909028813203,27
888.5,27.3540182959448,27.6605250946888,27.020532131871,0.2,27.0907328765523,27
889.0,27.3540182959448,27.6605250946888,27.020532131871,0.2,27.0905685739219,27
889.5,27.3540182959448,27.6605250946888,27.020532131871,0.2,27.0904097791534,27
890.0,27.3540182959448,27.6605250946888,27.020532131871,0.2,27.0902563046369,27
890.5,27.3540182959448,27.6605250946888,27.020532131871,0.2,27.0901079691988,27
891.0,27.3540182959448,27.6605250946888,27.020532131871,0.2,27.0899645978803,27
891.5,27.3540182959448,27.6605250946888,27.020532131871,0.2,27.0898260217239,27
892.0,27.3540182959448,27.6605250946888,27.020532131871,0.2,27.0896920775661,27
892.5,27.3540182959448,27.6605250946888,27.020532131871,0.2,27.0895626078389,27
893.0,27.3540182959448,27.6605250946888,27.020532131871,0.2,27.0894374603765,27
893.5,27.3540182959448,27.6605250946888,27.020532131871,0.2,27.08931648823,27
894.0,27.3540182959448,27.6605250946888,27.020532131871,0.2,27.0891995494877,27
894.5,27.3540182959448,27.6605250946888,27.020532131871,0.2,27.0890865071016,27
895.0,27.3540182959448,27.6605250946888,27.020532131871,0.2,27.0889772287204,27
895.5,27.3540182959448,27.6605250946888,27.020532131871,0.2,27.0888715865279,27
896.0,27.3540182959448,27.6605250946888,27.020532131871,0.2,27.0887694570867,27
896.5,27.3540182959448,27.6605250946888,27.020532131871,0.2,27.0886707211879,27
897.0,27.3540182959448,27.6605250946888,27.020532131871,0.2,27.0885752637057,27
897.5,27.3540182959448,27.6605250946888,27.020532131871,0.2,27.0884829734567,27
898.0,27.3540182959448,27.6605250946888,27.020532131871,0.2,27.0883937430645,27
898.5,27.3540182959448,27.6605250946888,27.020532131871,0.2,27.0883074688288,27
899.0,27.3540182959448,27.6605250946888,27.020532131871,0.2,27.088224050599,27
899.5,27.3540182959448,27.6605250946888,27.020532131871,0.2,27.0881433916521,27
900.0,27.3540182959448,27.6605250946888,27.020532131871,0.2,27.0880653985748,27
900.5,27.3540182959448,27.6605250946888,27.020532131871,0.2,27.08798998115,27
901.0,27.3540182959448,27.6605250946888,27.020532131871,0.2,27.0879170522465,27
901.5,27.3540182959448,27.6605250946888,27.020532131871,0.2,27.0878465277134,27
902.0,27.3540182959448,27.6605250946888,27.020532131871,0.2,27.0877783262774,27
902.5,27.3540182959448,27.6605250946888,27.020532131871,0.2,27.0877123694437,27
903.0,27.3540182959448,27.6605250946888,27.020532131871,0.2,27.0876485814012,27
903.5,27.3540182959448,27.6605250946888,27.020532131871,0.2,27.0875868889294,27
904.0,27.3540182959448,27.6605250946888,27.020532131871,0.2,27.0875272213102,27
904.5,27.3540182959448,27.6605250946888,27.020532131871,0.2,27.0874695102413,27
905.0,27.3540182959448,27.6605250946888,27.020532131871,0.2,27.0874136897537,27
905.5,27.3540182959448,27.6605250946888,27.020532131871,0.2,27.0873596961313,27
906.0,27.3540182959448,27.6605250946888,27.020532131871,0.2,27.0873074678333,27
906.5,27.3540182959448,27.6605250946888,27.020532131871,0.2,27.08725694542,27
907.0,27.3540182959448,27.6605250946888,27.020532131871,0.2,27.0872080714803,27
907.5,27.3540182959448,27.6605250946888,27.020532131871,0.2,27.0871607905623,27
908.0,27.3540182959448,27.6605250946888,27.020532131871,0.2,27.0871150491055,27
908.5,27.3540182959448,27.6605250946888,27.020532131871,0.2,27.0870707953767,27
909.0,27.3540182959448,27.6605250946888,27.020532131871,0.2,27.0870279794063,27
909.5,27.3261929957707,27.6605250946888,27.020532131871,0.2,27.0869865529287,27
910.0,27.3261929957707,27.6605250946888,27.020532131871,0.2,27.0869459288166,27
910.5,27.3261929957707,27.6605250946888,27.020532131871,0.2,27.0869055563753,27
911.0,27.3261929957707,27.6605250946888,27.020532131871,0.2,27.086865442907,27
911.5,27.3261929957707,27.6605250946888,27.020532131871,0.2,27.086825595265,27
912.0,27.3261929957707,27.6605250946888,27.020532131871,0.2,27.0867860198704,27
912.5,27.3261929957707,27.6605250946888,27.020532131871,0.2,27.0867467227289,27
913.0,27.3261929957707,27.6605250946888,27.020532131871,0.2,27.0867077094463,27
913.5,27.3261929957707,27.6605250946888,27.020532131871,0.2,27.0866689852445,27
914.0,27.3261929957707,27.6605250946888,27.020532131871,0.2,27.0866305549754,27
914.5,27.3261929957707,27.6605250946888,27.020532131871,0.2,27.0865924231365,27
915.0,27.3261929957707,27.6605250946888,27.020532131871,0.2,27.0865545938836,27
915.5,27.3261929957707,27.6605250946888,27.020532131871,0.2,27.0865170710452,27
916.0,27.3261929957707,27.6605250946888,27.020532131871,0.2,27.0864798581348,27
916.5,27.3261929957707,27.6605250946888,27.020532131871,0.2,27.086442958364,27
917.0,27.3261929957707,27.6605250946888,27.020532131871,0.2,27.0864063746542,27
917.5,27.3261929957707,27.6605250946888,27.020532131871,0.2,27.0863701096483,27
918.0,27.3261929957707,27.6605250946888,27.020532131871,0.2,27.0863341657225,27
918.5,27.3261929957707,27.6605250946888,27.020532131871,0.2,27.0862985449967,27
919.0,27.3261929957707,27.6605250946888,27.020532131871,0.2,27.0862632493454,27
919.5,27.3261929957707,27.6605250946888,27.020532131871,0.2,27.0862282804075,27
920.0,27.3261929957707,27.6605250946888,27.020532131871,0.2,27.0861936395967,27
920.5,27.3261929957707,27.6605250946888,27.020532131871,0.2,27.0861593281106,27
921.0,27.3261929957707,27.6605250946888,27.020532131871,0.2,27.0861253469401,27
921.5,27.3261929957707,27.6605250946888,27.020532131871,0.2,27.0860916968781,27
922.0,27.3261929957707,27.6605250946888,27.020532131871,0.2,27.0860583785281,27
922.5,27.3261929957707,27.6605250946888,27.020532131871,0.2,27.0860253923127,27
923.0,27.3261929957707,27.6605250946888,27.020532131871,0.2,27.0859927384811,27
923.5,27.3261929957707,27.6605250946888,27.020532131871,0.2,27.0859604171173,27
924.0,27.3261929957707,27.6605250946888,27.020532131871,0.2,27.0859284281471,27
924.5,27.3261929957707,27.6605250946888,27.020532131871,0.2,27.0858967713458,27
925.0,27.2983740930341,27.6605250946888,27.020532131871,0.2,27.0858654463444,27
925.5,27.2983740930341,27.6605250946888,27.020532131871,0.2,27.0858339122548,27
926.0,27.2983740930341,27.6605250946888,27.020532131871,0.2,27.0858016628934,27
926.5,27.2983740930341,27.6326279755097,27.020532131871,0.2,27.0857687482873,27
927.0,27.2983740930341,27.6326279755097,27.020532131871,0.2,27.0849744619748,27
927.5,27.2983740930341,27.6326279755097,27.020532131871,0.2,27.0842058504273,27
928.0,27.2983740930341,27.6326279755097,27.020532131871,0.2,27.0834620522559,27
928.5,27.2983740930341,27.6326279755097,27.020532131871,0.2,27.0827422354755,27
929.0,27.2983740930341,27.6326279755097,27.020532131871,0.2,27.0820455964938,27
929.5,27.2983740930341,27.6326279755097,27.020532131871,0.2,27.0813713591341,27
930.0,27.2983740930341,27.6326279755097,27.020532131871,0.2,27.0807187736928,27
930.5,27.2983740930341,27.6326279755097,27.020532131871,0.2,27.080087116029,27
931.0,27.2983740930341,27.6326279755097,27.020532131871,0.2,27.0794756866856,27
931.5,27.2983740930341,27.6326279755097,27.020532131871,0.2,27.078883810041,27
932.0,27.2983740930341,27.6326279755097,27.020532131871,0.2,27.0783108334892,27
932.5,27.2983740930341,27.6326279755097,27.020532131871,0.2,27.0777561266494,27
933.0,27.2983740930341,27.6326279755097,27.020532131871,0.2,27.0772190806019,27
933.5,27.2983740930341,27.6326279755097,27.020532131871,0.2,27.0766991071507,27
934.0,27.2983740930341,27.6326279755097,27.020532131871,0.2,27.0761956381119,27
934.5,27.2983740930341,27.6326279755097,27.020532131871,0.2,27.0757081246258,27
935.0,27.2983740930341,27.6326279755097,27.020532131871,0.2,27.0752360364936,27
935.5,27.2983740930341,27.6326279755097,27.020532131871,0.2,27.0747788615366,27
936.0,27.2983740930341,27.6326279755097,27.020532131871,0.2,27.0743361049772,27
936.5,27.2983740930341,27.6326279755097,27.020532131871,0.2,27.0739072888419,27
937.0,27.2983740930341,27.6326279755097,27.020532131871,0.2,27.0734919513842,27
937.5,27.2983740930341,27.6326279755097,27.020532131871,0.2,27.0730896465282,27
938.0,27.2983740930341,27.6326279755097,27.020532131871,0.2,27.0726999433303,27
938.5,27.2983740930341,27.6326279755097,27.020532131871,0.2,27.0723224254607,27
939.0,27.2983740930341,27.6326279755097,27.020532131871,0.2,27.0719566907017,27
939.5,27.2983740930341,27.6326279755097,27.020532131871,0.2,27.0716023504639,27
940.0,27.2983740930341,27.6326279755097,27.020532131871,0.2,27.0712590293192,27
940.5,27.2983740930341,27.6326279755097,27.020532131871,0.2,27.070926364549,27
941.0,27.2983740930341,27.6326279755097,27.020532131871,0.2,27.0706040057092,27
941.5,27.2983740930341,27.6326279755097,27.020532131871,0.2,27.0702916142093,27
942.0,27.2983740930341,27.6326279755097,27.020532131871,0.2,27.0699888629062,27
942.5,27.2983740930341,27.6326279755097,26.9927821645862,0.2,27.0696954357122,27
943.0,27.2983740930341,27.6326279755097,26.9927821645862,0.2,27.0694110272164,27
943.5,27.2983740930341,27.6326279755097,26.9927821645862,0.2,27.0691353423193,27
944.0,27.2983740930341,27.6326279755097,26.9927821645862,0.2,27.0688680958792,27
944.5,27.2983740930341,27.6326279755097,26.9927821645862,0.2,27.0686090123722,27
945.0,27.2983740930341,27.6326279755097,26.9927821645862,0.2,27.0683578255625,27
945.5,27.2983740930341,27.6326279755097,26.9927821645862,0.2,27.0681142781848,27
946.0,27.2705615659016,27.6326279755097,26.9927821645862,0.2,27.0678781216376,27
946.5,27.2705615659016,27.6326279755097,26.9927821645862,0.2,27.0676485754288,27
947.0,27.2705615659016,27.6326279755097,26.9927821645862,0.2,27.0674249019749,27
947.5,27.2705615659016,27.6326279755097,26.9927821645862,0.2,27.0672069277056,27
948.0,27.2705615659016,27.6326279755097,26.9927821645862,0.2,27.0669944846593,27
948.5,27.2705615659016,27.6326279755097,26.9927821645862,0.2,27.0667874102937,27
949.0,27.2705615659016,27.6326279755097,26.9927821645862,0.2,27.0665855473024,27
949.5,27.2705615659016,27.6326279755097,26.9927821645862,0.2,27.0663887434381,27
950.0,27.2705615659016,27.6326279755097,26.9927821645862,0.2,27.0661968513421,27
950.5,27.2705615659016,27.6326279755097,26.9927821645862,0.2,27.0660097283792,27
951.0,27.2705615659016,27.6326279755097,26.9927821645862,0.2,27.0658272364787,27
951.5,27.2705615659016,27.6326279755097,26.9927821645862,0.2,27.0656492419807,27
952.0,27.2705615659016,27.6326279755097,26.9927821645862,0.2,27.0654756154875,27
952.5,27.2705615659016,27.6326279755097,26.9927821645862,0.2,27.065306231721,27
953.0,27.2705615659016,27.6047374953695,26.9927821645862,0.2,27.0651409693834,27
953.5,27.2705615659016,27.6047374953695,26.9927821645862,0.2,27.0642191376312,27
954.0,27.2705615659016,27.6047374953695,26.9927821645862,0.2,27.0633274359078,27
954.5,27.2705615659016,27.6047374953695,26.9927821645862,0.2,27.0624648488025,27
955.0,27.2705615659016,27.6047374953695,26.9927821645862,0.2,27.06163039561,27
955.5,27.2705615659016,27.6047374953695,26.9927821645862,0.2,27.0608231291368,27
956.0,27.2705615659016,27.6047374953695,26.9927821645862,0.2,27.0600421345488,27
956.5,27.2705615659016,27.6047374953695,26.9927821645862,0.2,27.0592865282585,27
957.0,27.2705615659016,27.6047374953695,26.9927821645862,0.2,27.0585554568507,27
957.5,27.2705615659016,27.6047374953695,26.9927821645862,0.2,27.0578480960451,27
958.0,27.2705615659016,27.6047374953695,26.9927821645862,0.2,27.0571636496951,27
958.5,27.2705615659016,27.6047374953695,26.9927821645862,0.2,27.0565013488202,27
959.0,27.2705615659016,27.6047374953695,26.9927821645862,0.2,27.0558604506731,27
959.5,27.2705615659016,27.6047374953695,26.9927821645862,0.2,27.0552402378377,27
960.0,27.2705615659016,27.6047374953695,26.9927821645862,0.2,27.0546400173587,27
960.5,27.2705615659016,27.6047374953695,26.9927821645862,0.2,27.0540591199015,27
961.0,27.2705615659016,27.6047374953695,26.9927821645862,0.2,27.0534968989407,27
961.5,27.2705615659016,27.6047374953695,26.9927821645862,0.2,27.0529527299763,27
962.0,27.2705615659016,27.6047374953695,26.9927821645862,0.2,27.052426009778,27
962.5,27.2705615659016,27.6047374953695,26.9927821645862,0.2,27.0519161556539,27
963.0,27.2705615659016,27.6047374953695,26.9927821645862,0.2,27.051422604746,27
963.5,27.2705615659016,27.6047374953695,26.9927821645862,0.2,27.050944813349,27
964.0,27.2705615659016,27.6047374953695,26.9927821645862,0.2,27.050482256253,27
964.5,27.2705615659016,27.6047374953695,26.9927821645862,0.2,27.0500344261083,27
965.0,27.2705615659016,27.6047374953695,26.9927821645862,0.2,27.0496008328133,27
965.5,27.2705615659016,27.6047374953695,26.9927821645862,0.2,27.0491810029218,27
966.0,27.2705615659016,27.6047374953695,26.9927821645862,0.2,27.0487744790722,27
966.5,27.2705615659016,27.6047374953695,26.9927821645862,0.2,27.0483808194356,27
967.0,27.2705615659016,27.6047374953695,26.9927821645862,0.2,27.0479995971828,27
967.5,27.2705615659016,27.6047374953695,26.9927821645862,0.2,27.0476303999706,27
968.0,27.2705615659016,27.6047374953695,26.9927821645862,0.2,27.0472728294445,27
968.5,27.2705615659016,27.6047374953695,26.9927821645862,0.2,27.0469265007592,27
969.0,27.2705615659016,27.6047374953695,26.9927821645862,0.2,27.0465910421163,27
969.5,27.2705615659016,27.6047374953695,26.9927821645862,0.2,27.046266094316,27
970.0,27.2705615659016,27.6047374953695,26.9927821645862,0.2,27.0459513103266,27
970.5,27.2705615659016,27.6047374953695,26.9927821645862,0.2,27.0456463548669,27
971.0,27.2705615659016,27.6047374953695,26.9927821645862,0.2,27.045350904004,27
971.5,27.2705615659016,27.6047374953695,26.9927821645862,0.2,27.0450646447646,27
972.0,27.2705615659016,27.6047374953695,26.9927821645862,0.2,27.0447872747599,27
972.5,27.2705615659016,27.6047374953695,26.9927821645862,0.2,27.0445185018229,27
973.0,27.2705615659016,27.6047374953695,26.9927821645862,0.2,27.0442580436591,27
973.5,27.2705615659016,27.6047374953695,26.9927821645862,0.2,27.0440056275082,27
974.0,27.2705615659016,27.6047374953695,26.9927821645862,0.2,27.0437609898181,27
974.5,27.2705615659016,27.6047374953695,26.9927821645862,0.2,27.0435238759299,27
975.0,27.2705615659016,27.6047374953695,26.9927821645862,0.2,27.0432940397738,27
975.5,27.2705615659016,27.6047374953695,26.9927821645862,0.2,27.0430712435753,27
976.0,27.2705615659016,27.6047374953695,26.9927821645862,0.2,27.0428552575718,27
976.5,27.2705615659016,27.6047374953695,26.9927821645862,0.2,27.0426458597388,27
977.0,27.2705615659016,27.6047374953695,26.9927821645862,0.2,27.0424428355253,27
977.5,27.2427553925614,27.6047374953695,26.9927821645862,0.2,27.0422459775984,27
978.0,27.2427553925614,27.6047374953695,26.9927821645862,0.2,27.0420545454625,27
978.5,27.2427553925614,27.6047374953695,26.9927821645862,0.2,27.041867840175,27
979.0,27.2427553925614,27.6047374953695,26.9650383341229,0.2,27.0416857253778,27
979.5,27.2427553925614,27.6047374953695,26.9650383341229,0.2,27.0415080690656,27
980.0,27.2427553925614,27.6047374953695,26.9650383341229,0.2,27.041334743439,27
980.5,27.2427553925614,27.6047374953695,26.9650383341229,0.2,27.0411656247634,27
981.0,27.2427553925614,27.6047374953695,26.9650383341229,0.2,27.0410005932321,27
981.5,27.2427553925614,27.6047374953695,26.9650383341229,0.2,27.0408395328346,27
982.0,27.2427553925614,27.6047374953695,26.9650383341229,0.2,27.0406823312291,27
982.5,27.2427553925614,27.6047374953695,26.9650383341229,0.2,27.0405288796197,27
983.0,27.2427553925614,27.6047374953695,26.9650383341229,0.2,27.0403790726376,27
983.5,27.2427553925614,27.6047374953695,26.9650383341229,0.2,27.0402328082265,27
984.0,27.2427553925614,27.6047374953695,26.9650383341229,0.2,27.0400899875317,27
984.5,27.2427553925614,27.6047374953695,26.9650383341229,0.2,27.0399505147936,27
985.0,27.2427553925614,27.6047374953695,26.9650383341229,0.2,27.039814297244,27
985.5,27.2427553925614,27.6047374953695,26.9650383341229,0.2,27.039681245007,27
986.0,27.2427553925614,27.6047374953695,26.9650383341229,0.2,27.0395512710023,27
986.5,27.2427553925614,27.6047374953695,26.9650383341229,0.2,27.0394242908525,27
987.0,27.2427553925614,27.6047374953695,26.9650383341229,0.2,27.0393002227931,27
987.5,27.2427553925614,27.6047374953695,26.9650383341229,0.2,27.0391789875863,27
988.0,27.2427553925614,27.6047374953695,26.9650383341229,0.2,27.0390605084367,27
988.5,27.2427553925614,27.6047374953695,26.9650383341229,0.2,27.038944710911,27
989.0,27.2427553925614,27.5768536321941,26.9650383341229,0.2,27.0388315228595,27
989.5,27.2427553925614,27.5768536321941,26.9650383341229,0.2,27.0379604813924,27
990.0,27.2427553925614,27.5768536321941,26.9650383341229,0.2,27.0371181452095,27
990.5,27.2427553925614,27.5768536321941,26.9650383341229,0.2,27.0363035435129,27
991.0,27.2427553925614,27.5768536321941,26.9650383341229,0.2,27.0355157387264,27
991.5,27.2427553925614,27.5768536321941,26.9650383341229,0.2,27.0347538253529,27
992.0,27.2427553925614,27.5768536321941,26.9650383341229,0.2,27.0340169288708,27
992.5,27.2427553925614,27.5768536321941,26.9650383341229,0.2,27.0333042046686,27
993.0,27.2427553925614,27.5768536321941,26.9650383341229,0.2,27.0326148370164,27
993.5,27.2427553925614,27.5768536321941,26.9650383341229,0.2,27.0319480380726,27
994.0,27.2427553925614,27.5768536321941,26.9650383341229,0.2,27.0313030469248,27
994.5,27.2427553925614,27.5768536321941,26.9650383341229,0.2,27.030679128664,27
995.0,27.2427553925614,27.5768536321941,26.9650383341229,0.2,27.0300755734908,27
995.5,27.2427553925614,27.5768536321941,26.9650383341229,0.2,27.0294916958519,27
996.0,27.2427553925614,27.5768536321941,26.9650383341229,0.2,27.0289268336069,27
996.5,27.2427553925614,27.5768536321941,26.9650383341229,0.2,27.0283803472234,27
997.0,27.2705615659016,27.5768536321941,26.9650383341229,0.2,27.0278516190004,27
997.5,27.2705615659016,27.5768536321941,26.9650383341229,0.2,27.0273405924526,27
998.0,27.2705615659016,27.5768536321941,26.9650383341229,0.2,27.0268471966317,27
998.5,27.2705615659016,27.5768536321941,26.9650383341229,0.2,27.0263708241661,27
999.0,27.2705615659016,27.5768536321941,26.9650383341229,0.2,27.0259108885957,27
999.5,27.2705615659016,27.5768536321941,26.9650383341229,0.2,27.0254668236516,27
1000.0,27.2705615659016,27.5768536321941,26.9650383341229,0.2,27.0250380825612,27
1000.5,27.2705615659016,27.5768536321941,26.9650383341229,0.2,27.0246241373776,27
1001.0,27.2705615659016,27.5768536321941,26.9650383341229,0.2,27.0242244783308,27
1001.5,27.2705615659016,27.5768536321941,26.9650383341229,0.2,27.0238386132027,27
1002.0,27.2705615659016,27.5768536321941,26.9650383341229,0.2,27.0234660667225,27
1002.5,27.2705615659016,27.5768536321941,26.9650383341229,0.2,27.0231063799836,27
1003.0,27.2705615659016,27.5768536321941,26.9650383341229,0.2,27.0227591098801,27
1003.5,27.2705615659016,27.5768536321941,26.9650383341229,0.2,27.022423828563,27
1004.0,27.2705615659016,27.5768536321941,26.9650383341229,0.2,27.0221001229151,27
1004.5,27.2705615659016,27.5768536321941,26.9650383341229,0.2,27.0217875940436,27
1005.0,27.2705615659016,27.5768536321941,26.9650383341229,0.2,27.0214858567909,27
1005.5,27.2705615659016,27.6047374953695,26.9650383341229,0.2,27.0211945392615,27
1006.0,27.2705615659016,27.6047374953695,26.9650383341229,0.2,27.0216736753143,27
1006.5,27.2705615659016,27.6047374953695,26.9650383341229,0.2,27.0221362917187,27
1007.0,27.2705615659016,27.6047374953695,26.9650383341229,0.2,27.0225829587467,27
1007.5,27.2705615659016,27.6047374953695,26.9650383341229,0.2,27.0230142269737,27
1008.0,27.2705615659016,27.6047374953695,26.9650383341229,0.2,27.0234306279597,27
1008.5,27.2705615659016,27.6047374953695,26.9650383341229,0.2,27.0238326749052,27
1009.0,27.2705615659016,27.6047374953695,26.9650383341229,0.2,27.0242208632865,27
1009.5,27.2705615659016,27.6047374953695,26.9650383341229,0.2,27.0245956714671,27
1010.0,27.2705615659016,27.6047374953695,26.9650383341229,0.2,27.0249575612892,27
1010.5,27.2705615659016,27.6047374953695,26.9650383341229,0.2,27.0253069786445,27
1011.0,27.2705615659016,27.6047374953695,26.9650383341229,0.2,27.0256443540252,27
1011.5,27.2705615659016,27.6047374953695,26.9650383341229,0.2,27.0259701030556,27
1012.0,27.2705615659016,27.6047374953695,26.9650383341229,0.2,27.0262846270062,27
1012.5,27.2705615659016,27.6047374953695,26.9650383341229,0.2,27.0265883132893,27
1013.0,27.2705615659016,27.6047374953695,26.9650383341229,0.2,27.0268815359378,27
1013.5,27.2705615659016,27.6047374953695,26.9650383341229,0.2,27.0271646560671,27
1014.0,27.2705615659016,27.6047374953695,26.9650383341229,0.2,27.0274380223217,27
1014.5,27.2983740930341,27.6047374953695,26.9650383341229,0.2,27.0277019713059,27
1015.0,27.2983740930341,27.6047374953695,26.9650383341229,0.2,27.0279573682579,27
1015.5,27.2983740930341,27.6047374953695,26.9650383341229,0.2,27.0282050323655,27
1016.0,27.2983740930341,27.6047374953695,26.9650383341229,0.2,27.0284452157736,27
1016.5,27.2983740930341,27.6047374953695,26.9650383341229,0.2,27.0286781620964,27
1017.0,27.2983740930341,27.6047374953695,26.9650383341229,0.2,27.0289041067098,27
1017.5,27.2983740930341,27.6047374953695,26.9650383341229,0.2,27.0291232770361,27
1018.0,27.2983740930341,27.6047374953695,26.9650383341229,0.2,27.0293358928164,27
1018.5,27.2983740930341,27.6047374953695,26.9650383341229,0.2,27.0295421663755,27
1019.0,27.2983740930341,27.6047374953695,26.9650383341229,0.2,27.0297423028762,27
1019.5,27.2983740930341,27.6047374953695,26.9650383341229,0.2,27.0299365005658,27
1020.0,27.2983740930341,27.6047374953695,26.9650383341229,0.2,27.0301249510135,27
1020.5,27.2983740930341,27.6047374953695,26.9650383341229,0.2,27.0303078393398,27
1021.0,27.2983740930341,27.6047374953695,26.9650383341229,0.2,27.0304853444377,27
1021.5,27.2983740930341,27.6047374953695,26.9650383341229,0.2,27.0306576391868,27
1022.0,27.2983740930341,27.6047374953695,26.9650383341229,0.2,27.0308248906593,27
1022.5,27.2983740930341,27.6047374953695,26.9650383341229,0.2,27.0309872603193,27
1023.0,27.2983740930341,27.6047374953695,26.9650383341229,0.2,27.0311449042151,27
1023.5,27.2983740930341,27.6047374953695,26.9650383341229,0.2,27.0312979731647,27
1024.0,27.2983740930341,27.6047374953695,26.9650383341229,0.2,27.0314466129354,27
1024.5,27.2705615659016,27.6047374953695,26.9650383341229,0.2,27.0315909644164,27
1025.0,27.2705615659016,27.6047374953695,26.9650383341229,0.2,27.0317306235276,27
1025.5,27.2705615659016,27.6047374953695,26.9650383341229,0.2,27.031865216467,27
1026.0,27.2705615659016,27.6047374953695,26.9650383341229,0.2,27.031994921246,27
1026.5,27.2705615659016,27.6047374953695,26.9650383341229,0.2,27.032119909703,27
1027.0,27.2705615659016,27.6047374953695,26.9650383341229,0.2,27.0322403477156,27
1027.5,27.2705615659016,27.6047374953695,26.9650383341229,0.2,27.0323563954067,27
1028.0,27.2705615659016,27.6047374953695,26.9650383341229,0.2,27.0324682073427,27
1028.5,27.2705615659016,27.6047374953695,26.9650383341229,0.2,27.0325759327255,27
1029.0,27.2705615659016,27.6047374953695,26.9650383341229,0.2,27.0326797155772,27
1029.5,27.2705615659016,27.6047374953695,26.9650383341229,0.2,27.0327796949191,27
1030.0,27.2705615659016,27.6047374953695,26.9650383341229,0.2,27.0328760049442,27
1030.5,27.2705615659016,27.6047374953695,26.9650383341229,0.2,27.0329687751839,27
1031.0,27.2705615659016,27.6047374953695,26.9650383341229,0.2,27.0330581306684,27
1031.5,27.2705615659016,27.6047374953695,26.9650383341229,0.2,27.033144192083,27
1032.0,27.2705615659016,27.6047374953695,26.9650383341229,0.2,27.033227075917,27
1032.5,27.2705615659016,27.6047374953695,26.9650383341229,0.2,27.0333068946095,27
1033.0,27.2705615659016,27.6047374953695,26.9650383341229,0.2,27.0333837566887,27
1033.5,27.2705615659016,27.6047374953695,26.9650383341229,0.2,27.033457766907,27
1034.0,27.2705615659016,27.6047374953695,26.9650383341229,0.2,27.0335290263717,27
1034.5,27.2705615659016,27.6047374953695,26.9650383341229,0.2,27.0335976326705,27
1035.0,27.2705615659016,27.6047374953695,26.9650383341229,0.2,27.0336636799932,27
1035.5,27.2705615659016,27.6047374953695,26.9650383341229,0.2,27.0337272592493,27
1036.0,27.2705615659016,27.6047374953695,26.9650383341229,0.2,27.0337884581812,27
1036.5,27.2705615659016,27.6047374953695,26.9650383341229,0.2,27.0338473614734,27
1037.0,27.2705615659016,27.6047374953695,26.9650383341229,0.2,27.0339040508587,27
1037.5,27.2705615659016,27.6047374953695,26.9650383341229,0.2,27.0339586052196,27
1038.0,27.2705615659016,27.6047374953695,26.9650383341229,0.2,27.0340111006872,27
1038.5,27.2705615659016,27.6047374953695,26.9650383341229,0.2,27.0340616107365,27
1039.0,27.2705615659016,27.6047374953695,26.9650383341229,0.2,27.0341102062778,27
1039.5,27.2705615659016,27.6047374953695,26.9650383341229,0.2,27.0341569557455,27
1040.0,27.2705615659016,27.6047374953695,26.9650383341229,0.2,27.0342019251841,27
1040.5,27.2705615659016,27.6047374953695,26.9650383341229,0.2,27.0342451783303,27
1041.0,27.2705615659016,27.6047374953695,26.9650383341229,0.2,27.0342867766933,27
1041.5,27.2705615659016,27.6047374953695,26.9650383341229,0.2,27.0343267796317,27
1042.0,27.2705615659016,27.6047374953695,26.9650383341229,0.2,27.0343652444279,27
1042.5,27.2705615659016,27.6047374953695,26.9650383341229,0.2,27.03440222636,27
1043.0,27.2705615659016,27.6047374953695,26.9650383341229,0.2,27.0344377787711,27
1043.5,27.2705615659016,27.6047374953695,26.9650383341229,0.2,27.0344719531366,27
1044.0,27.2705615659016,27.6047374953695,26.9650383341229,0.2,27.0345047991283,27
1044.5,27.2705615659016,27.6047374953695,26.9650383341229,0.2,27.0345363646776,27
1045.0,27.2705615659016,27.6047374953695,26.9650383341229,0.2,27.0345666960352,27
1045.5,27.2705615659016,27.6047374953695,26.9650383341229,0.2,27.0345958378294,27
1046.0,27.2705615659016,27.6047374953695,26.9650383341229,0.2,27.0346238331227,27
1046.5,27.2705615659016,27.6047374953695,26.9650383341229,0.2,27.0346507234657,27
1047.0,27.2705615659016,27.6047374953695,26.9650383341229,0.2,27.0346765489497,27
1047.5,27.2705615659016,27.6047374953695,26.9650383341229,0.2,27.0347013482572,27
1048.0,27.2705615659016,27.6047374953695,26.9650383341229,0.2,27.0347251587107,27
1048.5,27.2705615659016,27.6047374953695,26.9650383341229,0.2,27.0347480163202,27
1049.0,27.2705615659016,27.6047374953695,26.9650383341229,0.2,27.0347699558282,27
1049.5,27.2705615659016,27.6047374953695,26.9650383341229,0.2,27.0347910107541,27
1050.0,27.2705615659016,27.5768536321941,26.9650383341229,0.2,27.0348112134367,27
1050.5,27.2705615659016,27.5768536321941,26.9650383341229,0.2,27.034070202126,27
1051.0,27.2705615659016,27.5768536321941,26.9650383341229,0.2,27.0333546334261,27
1051.5,27.2705615659016,27.5768536321941,26.9650383341229,0.2,27.0326636313161,27
1052.0,27.2705615659016,27.5768536321941,26.9650383341229,0.2,27.0319963499742,27
1052.5,27.2705615659016,27.5768536321941,26.9650383341229,0.2,27.0313519727366,27
1053.0,27.2705615659016,27.5768536321941,26.9650383341229,0.2,27.0307297110914,27
1053.5,27.2705615659016,27.5768536321941,26.9650383341229,0.2,27.030128803708,27
1054.0,27.2705615659016,27.5768536321941,26.9650383341229,0.2,27.029548515499,27
1054.5,27.2705615659016,27.5768536321941,26.9650383341229,0.2,27.0289881367158,27
1055.0,27.2705615659016,27.5768536321941,26.9650383341229,0.2,27.0284469820741,27
1055.5,27.2705615659016,27.5768536321941,26.9650383341229,0.2,27.0279243899105,27
1056.0,27.2705615659016,27.5768536321941,26.9650383341229,0.2,27.0274197213674,27
1056.5,27.2705615659016,27.5768536321941,26.9650383341229,0.2,27.0269323596068,27
1057.0,27.2705615659016,27.5768536321941,26.9650383341229,0.2,27.0264617090509,27
1057.5,27.2705615659016,27.5768536321941,26.9650383341229,0.2,27.0260071946486,27
1058.0,27.2705615659016,27.5768536321941,26.9650383341229,0.2,27.0255682611677,27
1058.5,27.2705615659016,27.5768536321941,26.9650383341229,0.2,27.0251443725114,27
1059.0,27.2705615659016,27.5768536321941,26.9650383341229,0.2,27.0247350110584,27
1059.5,27.2705615659016,27.5768536321941,26.9650383341229,0.2,27.0243396770256,27
1060.0,27.2705615659016,27.5768536321941,26.9650383341229,0.2,27.0239578878532,27
1060.5,27.2705615659016,27.5768536321941,26.9650383341229,0.2,27.0235891776103,27
1061.0,27.2705615659016,27.5768536321941,26.9650383341229,0.2,27.0232330964219,27
1061.5,27.2705615659016,27.5768536321941,26.9650383341229,0.2,27.0228892099147,27
1062.0,27.2705615659016,27.5768536321941,26.9650383341229,0.2,27.0225570986832,27
1062.5,27.2705615659016,27.5768536321941,26.9650383341229,0.2,27.0222363577727,27
1063.0,27.2705615659016,27.5768536321941,26.9650383341229,0.2,27.0219265961818,27
1063.5,27.2705615659016,27.5768536321941,26.9650383341229,0.2,27.0216274363805,27
1064.0,27.2705615659016,27.5768536321941,26.9650383341229,0.2,27.0213385138464,27
1064.5,27.2705615659016,27.5768536321941,26.9650383341229,0.2,27.0210594766153,27
1065.0,27.2705615659016,27.5768536321941,26.9650383341229,0.2,27.020789984849,27
1065.5,27.2705615659016,27.5768536321941,26.9650383341229,0.2,27.0205297104167,27
1066.0,27.2705615659016,27.5768536321941,26.9650383341229,0.2,27.0202783364913,27
1066.5,27.2427553925614,27.5768536321941,26.9650383341229,0.2,27.0200355571599,27
1067.0,27.2427553925614,27.5768536321941,26.9650383341229,0.2,27.0198005369122,27
1067.5,27.2427553925614,27.5768536321941,26.9650383341229,0.2,27.0195724852322,27
1068.0,27.2427553925614,27.5768536321941,26.9650383341229,0.2,27.0193511775077,27
1068.5,27.2427553925614,27.5768536321941,26.9650383341229,0.2,27.0191363966825,27
1069.0,27.2427553925614,27.5768536321941,26.9650383341229,0.2,27.0189279329964,27
1069.5,27.2427553925614,27.5768536321941,26.9650383341229,0.2,27.0187255837356,27
1070.0,27.2427553925614,27.5768536321941,26.9650383341229,0.2,27.0185291529908,27
1070.5,27.2427553925614,27.5768536321941,26.9650383341229,0.2,27.018338451424,27
1071.0,27.2427553925614,27.5768536321941,26.9650383341229,0.2,27.0181532960432,27
1071.5,27.2427553925614,27.5768536321941,26.9650383341229,0.2,27.0179735099855,27
1072.0,27.2427553925614,27.5768536321941,26.9650383341229,0.2,27.0177989223064,27
1072.5,27.2427553925614,27.5768536321941,26.9650383341229,0.2,27.0176293677781,27
1073.0,27.2427553925614,27.5768536321941,26.9650383341229,0.2,27.0174646866933,27
1073.5,27.2427553925614,27.5768536321941,26.9650383341229,0.2,27.0173047246764,27
1074.0,27.2427553925614,27.5768536321941,26.9650383341229,0.2,27.0171493325017,27
1074.5,27.2427553925614,27.5768536321941,26.9650383341229,0.2,27.0169983659166,27
1075.0,27.2427553925614,27.5768536321941,26.9650383341229,0.2,27.0168516854724,27
1075.5,27.2427553925614,27.5768536321941,26.9650383341229,0.2,27.0167091563595,27
1076.0,27.2427553925614,27.5768536321941,26.9650383341229,0.2,27.0165706482499,27
1076.5,27.2427553925614,27.5768536321941,26.9650383341229,0.2,27.0164360351434,27
1077.0,27.2427553925614,27.5768536321941,26.9650383341229,0.2,27.0163051952205,27
1077.5,27.2427553925614,27.5768536321941,26.9650383341229,0.2,27.0161780106997,27
1078.0,27.2427553925614,27.5768536321941,26.9650383341229,0.2,27.0160543676997,27
1078.5,27.2427553925614,27.5768536321941,26.9650383341229,0.2,27.0159341561068,27
1079.0,27.2427553925614,27.5768536321941,26.9650383341229,0.2,27.0158172694464,27
1079.5,27.2427553925614,27.5768536321941,26.9650383341229,0.2,27.0157036047594,27
1080.0,27.2427553925614,27.5768536321941,26.9650383341229,0.2,27.0155930624821,27
1080.5,27.2427553925614,27.5768536321941,26.9650383341229,0.2,27.0154855463313,27
1081.0,27.2427553925614,27.5768536321941,26.9650383341229,0.2,27.0153809631924,27
1081.5,27.2427553925614,27.5768536321941,26.9650383341229,0.2,27.015279223012,27
1082.0,27.2427553925614,27.5768536321941,26.9650383341229,0.2,27.0151802386936,27
1082.5,27.2427553925614,27.5768536321941,26.9650383341229,0.2,27.0150839259979,27
1083.0,27.2427553925614,27.5768536321941,26.9650383341229,0.2,27.014990203445,27
1083.5,27.2427553925614,27.5768536321941,26.9650383341229,0.2,27.0148989922218,27
1084.0,27.2427553925614,27.5768536321941,26.9650383341229,0.2,27.0148102160909,27
1084.5,27.2427553925614,27.5768536321941,26.9650383341229,0.2,27.0147238013036,27
1085.0,27.2427553925614,27.5768536321941,26.9650383341229,0.2,27.014639676516,27
1085.5,27.2427553925614,27.5768536321941,26.9650383341229,0.2,27.0145577727071,27
1086.0,27.2427553925614,27.5768536321941,26.9650383341229,0.2,27.0144780231007,27
1086.5,27.2427553925614,27.5768536321941,26.9650383341229,0.2,27.0144003630893,27
1087.0,27.2427553925614,27.5768536321941,26.9650383341229,0.2,27.0143247301611,27
1087.5,27.2427553925614,27.5768536321941,26.9650383341229,0.2,27.0142510638291,27
1088.0,27.2427553925614,27.5768536321941,26.9650383341229,0.2,27.0141793055628,27
1088.5,27.2427553925614,27.5768536321941,26.9650383341229,0.2,27.0141093987226,27
1089.0,27.2427553925614,27.5768536321941,26.9650383341229,0.2,27.0140412884956,27
1089.5,27.2427553925614,27.5768536321941,26.9650383341229,0.2,27.0139749218345,27
1090.0,27.2427553925614,27.5768536321941,26.9650383341229,0.2,27.0139102473983,27
1090.5,27.2427553925614,27.5768536321941,26.9650383341229,0.2,27.0138472154944,27
1091.0,27.2427553925614,27.5768536321941,26.9650383341229,0.2,27.0137857780239,27
1091.5,27.2427553925614,27.5768536321941,26.9650383341229,0.2,27.0137258884278,27
1092.0,27.2427553925614,27.5768536321941,26.9650383341229,0.2,27.0136675016352,27
1092.5,27.2427553925614,27.5768536321941,26.9650383341229,0.2,27.0136105740139,27
1093.0,27.2427553925614,27.5768536321941,26.9650383341229,0.2,27.0135550633216,27
1093.5,27.2427553925614,27.5768536321941,26.9650383341229,0.2,27.0135009286601,27
1094.0,27.2427553925614,27.5768536321941,26.9650383341229,0.2,27.0134481304299,27
1094.5,27.2427553925614,27.5768536321941,26.9650383341229,0.2,27.0133966302868,27
1095.0,27.2427553925614,27.5768536321941,26.9650383341229,0.2,27.0133463911002,27
1095.5,27.2427553925614,27.5768536321941,26.9650383341229,0.2,27.0132973769128,27
1096.0,27.2427553925614,27.5768536321941,26.9650383341229,0.2,27.0132495529009,27
1096.5,27.2427553925614,27.5768536321941,26.9650383341229,0.2,27.0132028853373,27
1097.0,27.2427553925614,27.5768536321941,26.9650383341229,0.2,27.0131573415545,27
1097.5,27.2427553925614,27.5768536321941,26.9650383341229,0.2,27.0131128899096,27
1098.0,27.2427553925614,27.5768536321941,26.9650383341229,0.2,27.0130694997501,27
1098.5,27.2427553925614,27.5768536321941,26.9650383341229,0.2,27.0130271413815,27
1099.0,27.2427553925614,27.5768536321941,26.9650383341229,0.2,27.0129857860349,27
1099.5,27.2427553925614,27.5768536321941,26.9650383341229,0.2,27.012945405837,27
1100.0,27.2427553925614,27.5768536321941,26.9650383341229,0.2,27.01290597378,27
1100.5,27.2427553925614,27.5768536321941,26.9373006188969,0.2,27.0128674636933,27
1101.0,27.2427553925614,27.5768536321941,26.9373006188969,0.2,27.0128298502159,27
1101.5,27.2427553925614,27.5768536321941,26.9373006188969,0.2,27.0127931087692,27
1102.0,27.2427553925614,27.5768536321941,26.9373006188969,0.2,27.0127572155321,27
1102.5,27.2427553925614,27.5768536321941,26.9373006188969,0.2,27.0127221474154,27
1103.0,27.2427553925614,27.5768536321941,26.9373006188969,0.2,27.0126878820378,27
1103.5,27.2427553925614,27.5768536321941,26.9373006188969,0.2,27.0126543977031,27
1104.0,27.2427553925614,27.5768536321941,26.9373006188969,0.2,27.0126216733773,27
1104.5,27.2427553925614,27.5768536321941,26.9373006188969,0.2,27.0125896886671,27
1105.0,27.2427553925614,27.5768536321941,26.9373006188969,0.2,27.0125584237989,27
1105.5,27.2427553925614,27.5768536321941,26.9373006188969,0.2,27.0125278595987,27
1106.0,27.2427553925614,27.5768536321941,26.9373006188969,0.2,27.0124979774722,27
1106.5,27.2427553925614,27.5768536321941,26.9373006188969,0.2,27.0124687593865,27
1107.0,27.2427553925614,27.5768536321941,26.9373006188969,0.2,27.012440187851,27
1107.5,27.2427553925614,27.5768536321941,26.9373006188969,0.2,27.0124122459006,27
1108.0,27.2427553925614,27.5768536321941,26.9373006188969,0.2,27.012384917078,27
1108.5,27.2427553925614,27.5768536321941,26.9373006188969,0.2,27.0123581854178,27
1109.0,27.2427553925614,27.5768536321941,26.9373006188969,0.2,27.01233203543,27
1109.5,27.2427553925614,27.5768536321941,26.9373006188969,0.2,27.0123064520851,27
1110.0,27.2427553925614,27.5768536321941,26.9373006188969,0.2,27.0122814207991,27
1110.5,27.2427553925614,27.5768536321941,26.9373006188969,0.2,27.0122569274189,27
1111.0,27.2427553925614,27.5768536321941,26.9373006188969,0.2,27.0122329582088,27
1111.5,27.2427553925614,27.5768536321941,26.9373006188969,0.2,27.012209499837,27
1112.0,27.2427553925614,27.5768536321941,26.9373006188969,0.2,27.0121865393622,27
1112.5,27.2427553925614,27.5768536321941,26.9373006188969,0.2,27.0121640642218,27
1113.0,27.2427553925614,27.5768536321941,26.9373006188969,0.2,27.0121420622192,27
1113.5,27.2427553925614,27.5768536321941,26.9373006188969,0.2,27.0121205215125,27
1114.0,27.2427553925614,27.5768536321941,26.9373006188969,0.2,27.012099430603,27
1114.5,27.2427553925614,27.5768536321941,26.9373006188969,0.2,27.0120787783242,27
1115.0,27.2427553925614,27.5768536321941,26.9373006188969,0.2,27.0120585538314,27
1115.5,27.2427553925614,27.5768536321941,26.9373006188969,0.2,27.0120387465915,27
1116.0,27.2427553925614,27.5768536321941,26.9373006188969,0.2,27.0120193463729,27
1116.5,27.2427553925614,27.5768536321941,26.9373006188969,0.2,27.0120003432362,27
1117.0,27.2427553925614,27.5768536321941,26.9373006188969,0.2,27.011981727525,27
1117.5,27.2427553925614,27.5768536321941,26.9373006188969,0.2,27.0119634898569,27
1118.0,27.2427553925614,27.5768536321941,26.9373006188969,0.2,27.0119456211146,27
1118.5,27.2427553925614,27.5768536321941,26.9373006188969,0.2,27.0119281124381,27
1119.0,27.2427553925614,27.5768536321941,26.9373006188969,0.2,27.0119109552164,27
1119.5,27.2427553925614,27.5768536321941,26.9373006188969,0.2,27.0118941410796,27
1120.0,27.2427553925614,27.5768536321941,26.9373006188969,0.2,27.0118776618915,27
1120.5,27.2427553925614,27.5768536321941,26.9373006188969,0.2,27.0118615097423,27
1121.0,27.2427553925614,27.5768536321941,26.9373006188969,0.2,27.0118456769415,27
1121.5,27.2427553925614,27.5768536321941,26.9373006188969,0.2,27.0118301560113,27
1122.0,27.2427553925614,27.5768536321941,26.9373006188969,0.2,27.0118149396798,27
1122.5,27.2427553925614,27.5768536321941,26.9373006188969,0.2,27.0118000208746,27
1123.0,27.2427553925614,27.5768536321941,26.9373006188969,0.2,27.011785392717,27
1123.5,27.2427553925614,27.5768536321941,26.9373006188969,0.2,27.0117710485155,27
1124.0,27.2427553925614,27.5768536321941,26.9373006188969,0.2,27.0117569817606,27
1124.5,27.2427553925614,27.5768536321941,26.9373006188969,0.2,27.0117431861189,27
1125.0,27.2427553925614,27.5768536321941,26.9373006188969,0.2,27.0117296554277,27
1125.5,27.2427553925614,27.5768536321941,26.9373006188969,0.2,27.01171638369,27
1126.0,27.2427553925614,27.5768536321941,26.9373006188969,0.2,27.0117033650694,27
1126.5,27.2427553925614,27.5768536321941,26.9373006188969,0.2,27.0116905938851,27
1127.0,27.2427553925614,27.5768536321941,26.9373006188969,0.2,27.0116780646071,27
1127.5,27.2427553925614,27.5768536321941,26.9373006188969,0.2,27.0116657718523,27
1128.0,27.2427553925614,27.5768536321941,26.9373006188969,0.2,27.0116537103789,27
1128.5,27.2427553925614,27.5768536321941,26.9373006188969,0.2,27.0116418750835,27
1129.0,27.2427553925614,27.5768536321941,26.9373006188969,0.2,27.011630260996,27
1129.5,27.2427553925614,27.5768536321941,26.9373006188969,0.2,27.0116188632757,27
1130.0,27.2427553925614,27.5768536321941,26.9373006188969,0.2,27.011607677208,27
1130.5,27.2427553925614,27.5768536321941,26.9373006188969,0.2,27.0115966982001,27
1131.0,27.2427553925614,27.5768536321941,26.9373006188969,0.2,27.0115859217776,27
1131.5,27.2427553925614,27.5768536321941,26.9373006188969,0.2,27.011575343581,27
1132.0,27.2427553925614,27.5768536321941,26.9373006188969,0.2,27.0115649593624,27
1132.5,27.2427553925614,27.5768536321941,26.9373006188969,0.2,27.0115547649818,27
1133.0,27.2427553925614,27.5489763639313,26.9373006188969,0.2,27.0115447564045,27
1133.5,27.2427553925614,27.5489763639313,26.9373006188969,0.2,27.0107747165922,27
1134.0,27.2427553925614,27.5489763639313,26.9373006188969,0.2,27.0100310821686,27
1134.5,27.2427553925614,27.5489763639313,26.9373006188969,0.2,27.0093129445523,27
1135.0,27.2427553925614,27.5489763639313,26.9373006188969,0.2,27.0086194264724,27
1135.5,27.2427553925614,27.5489763639313,26.9373006188969,0.2,27.0079496808885,27
1136.0,27.2427553925614,27.5489763639313,26.9373006188969,0.2,27.0073028899486,27
1136.5,27.2427553925614,27.5489763639313,26.9373006188969,0.2,27.0066782639826,27
1137.0,27.2427553925614,27.5489763639313,26.9373006188969,0.2,27.0060750405302,27
1137.5,27.2427553925614,27.5489763639313,26.9373006188969,0.2,27.0054924834031,27
1138.0,27.2427553925614,27.5489763639313,26.9373006188969,0.2,27.0049298817785,27
1138.5,27.2427553925614,27.5489763639313,26.9373006188969,0.2,27.0043865493251,27
1139.0,27.2427553925614,27.5489763639313,26.9373006188969,0.2,27.0038618233585,27
1139.5,27.2427553925614,27.5489763639313,26.9373006188969,0.2,27.0033550640252,27
1140.0,27.2427553925614,27.5489763639313,26.9373006188969,0.2,27.0028656535163,27
1140.5,27.2427553925614,27.5489763639313,26.9373006188969,0.2,27.0023929953068,27
1141.0,27.2427553925614,27.5489763639313,26.9373006188969,0.2,27.001936513422,27
1141.5,27.2427553925614,27.5489763639313,26.9373006188969,0.2,27.0014956517289,27
1142.0,27.2427553925614,27.5489763639313,26.9373006188969,0.2,27.001069873252,27
1142.5,27.2427553925614,27.5489763639313,26.9373006188969,0.2,27.000658659513,27
1143.0,27.2427553925614,27.5489763639313,26.9373006188969,0.2,27.0002615098929,27
1143.5,27.2427553925614,27.5768536321941,26.9373006188969,0.2,26.9998779410163,27
1144.0,27.2427553925614,27.5768536321941,26.9373006188969,0.2,27.0002676992624,27
1144.5,27.2427553925614,27.5768536321941,26.9373006188969,0.2,27.0006438935223,27
1145.0,27.2427553925614,27.5768536321941,26.9373006188969,0.2,27.0010069935096,27
1145.5,27.2427553925614,27.5768536321941,26.9373006188969,0.2,27.0013574527064,27
1146.0,27.2427553925614,27.5768536321941,26.9373006188969,0.2,27.0016957089239,27
1146.5,27.2427553925614,27.5768536321941,26.9373006188969,0.2,27.0020221848435,27
1147.0,27.2427553925614,27.5768536321941,26.9373006188969,0.2,27.0023372885391,27
1147.5,27.2427553925614,27.5768536321941,26.9373006188969,0.2,27.0026414139814,27
1148.0,27.2705615659016,27.5768536321941,26.9373006188969,0.2,27.0029349415248,27
1148.5,27.2705615659016,27.5768536321941,26.9373006188969,0.2,27.0032187785125,27
1149.0,27.2705615659016,27.5768536321941,26.9373006188969,0.2,27.0034937847758,27
1149.5,27.2705615659016,27.5768536321941,26.9373006188969,0.2,27.0037602518114,27
1150.0,27.2705615659016,27.5768536321941,26.9373006188969,0.2,27.0040184612143,27
1150.5,27.2705615659016,27.5768536321941,26.9373006188969,0.2,27.0042686850185,27
1151.0,27.2705615659016,27.5768536321941,26.9373006188969,0.2,27.0045111860261,27
1151.5,27.2705615659016,27.5768536321941,26.9373006188969,0.2,27.0047462181245,27
1152.0,27.2705615659016,27.5768536321941,26.9373006188969,0.2,27.0049740265933,27
1152.5,27.2705615659016,27.5768536321941,26.9373006188969,0.2,27.0051948483999,27
1153.0,27.2705615659016,27.5768536321941,26.9373006188969,0.2,27.0054089124856,27
1153.5,27.2705615659016,27.5768536321941,26.9373006188969,0.2,27.005616440041,27
1154.0,27.2705615659016,27.5768536321941,26.9373006188969,0.2,27.0058176447728,27
1154.5,27.2705615659016,27.5768536321941,26.9373006188969,0.2,27.0060127331604,27
1155.0,27.2705615659016,27.5768536321941,26.9373006188969,0.2,27.0062019047042,27
1155.5,27.2705615659016,27.5768536321941,26.9373006188969,0.2,27.0063853521657,27
1156.0,27.2705615659016,27.5768536321941,26.9373006188969,0.2,27.0065632617981,27
1156.5,27.2705615659016,27.5768536321941,26.9373006188969,0.2,27.0067358135701,27
1157.0,27.2705615659016,27.5768536321941,26.9373006188969,0.2,27.0069031813814,27
1157.5,27.2705615659016,27.5768536321941,26.9373006188969,0.2,27.0070655332709,27
1158.0,27.2705615659016,27.5768536321941,26.9373006188969,0.2,27.0072230316175,27
1158.5,27.2705615659016,27.5768536321941,26.9373006188969,0.2,27.0073758333344,27
1159.0,27.2705615659016,27.5768536321941,26.9373006188969,0.2,27.0075240900564,27
1159.5,27.2705615659016,27.5768536321941,26.9373006188969,0.2,27.0076679483203,27
1160.0,27.2705615659016,27.5768536321941,26.9373006188969,0.2,27.0078075497402,27
1160.5,27.2705615659016,27.5768536321941,26.9373006188969,0.2,27.0079430311755,27
1161.0,27.2705615659016,27.5768536321941,26.9373006188969,0.2,27.0080745248941,27
1161.5,27.2705615659016,27.5768536321941,26.9373006188969,0.2,27.0082021587291,27
1162.0,27.2705615659016,27.5768536321941,26.9373006188969,0.2,27.0083260562309,27
1162.5,27.2705615659016,27.5768536321941,26.9373006188969,0.2,27.0084463368135,27
1163.0,27.2705615659016,27.5768536321941,26.9373006188969,0.2,27.008563115896,27
1163.5,27.2705615659016,27.5768536321941,26.9373006188969,0.2,27.008676505039,27
1164.0,27.2705615659016,27.5768536321941,26.9373006188969,0.2,27.0087866120764,27
1164.5,27.2705615659016,27.5768536321941,26.9373006188969,0.2,27.008893541243,27
1165.0,27.2705615659016,27.5768536321941,26.9373006188969,0.2,27.0089973932972,27
1165.5,27.2705615659016,27.5768536321941,26.9373006188969,0.2,27.0090982656394,27
1166.0,27.2705615659016,27.5768536321941,26.9373006188969,0.2,27.0091962524272,27
1166.5,27.2705615659016,27.5768536321941,26.9373006188969,0.2,27.0092914446852,27
1167.0,27.2705615659016,27.5768536321941,26.9373006188969,0.2,27.0093839304125,27
1167.5,27.2705615659016,27.5768536321941,26.9373006188969,0.2,27.0094737946854,27
1168.0,27.2705615659016,27.5768536321941,26.9373006188969,0.2,27.0095611197572,27
1168.5,27.2705615659016,27.5768536321941,26.9373006188969,0.2,27.0096459851543,27
1169.0,27.2705615659016,27.5768536321941,26.9373006188969,0.2,27.0097284677686,27
1169.5,27.2705615659016,27.5768536321941,26.9373006188969,0.2,27.009808641948,27
1170.0,27.2705615659016,27.5768536321941,26.9373006188969,0.2,27.009886579582,27
1170.5,27.2705615659016,27.5768536321941,26.9373006188969,0.2,27.009962350186,27
1171.0,27.2705615659016,27.5768536321941,26.9373006188969,0.2,27.0100360209814,27
1171.5,27.2705615659016,27.5768536321941,26.9373006188969,0.2,27.010107656974,27
1172.0,27.2705615659016,27.5768536321941,26.9373006188969,0.2,27.010177321029,27
1172.5,27.2705615659016,27.5768536321941,26.9373006188969,0.2,27.0102450739433,27
1173.0,27.2705615659016,27.5768536321941,26.9373006188969,0.2,27.0103109745165,27
1173.5,27.2705615659016,27.5768536321941,26.9373006188969,0.2,27.0103750796177,27
1174.0,27.2705615659016,27.5768536321941,26.9373006188969,0.2,27.0104374442516,27
1174.5,27.2705615659016,27.5768536321941,26.9373006188969,0.2,27.010498121621,27
1175.0,27.2705615659016,27.5768536321941,26.9373006188969,0.2,27.0105571631886,27
1175.5,27.2705615659016,27.5768536321941,26.9373006188969,0.2,27.010614618735,27
1176.0,27.2705615659016,27.5768536321941,26.9373006188969,0.2,27.0106705364162,27
1176.5,27.2705615659016,27.5768536321941,26.9373006188969,0.2,27.0107249628183,27
1177.0,27.2705615659016,27.5768536321941,26.9373006188969,0.2,27.0107779430104,27
1177.5,27.2705615659016,27.5768536321941,26.9373006188969,0.2,27.0108295205962,27
1178.0,27.2705615659016,27.5768536321941,26.9373006188969,0.2,27.0108797377627,27
1178.5,27.2705615659016,27.5768536321941,26.9373006188969,0.2,27.010928635329,27
1179.0,27.2705615659016,27.5768536321941,26.9373006188969,0.2,27.0109762527913,27
1179.5,27.2705615659016,27.5768536321941,26.9373006188969,0.2,27.0110226283683,27
1180.0,27.2705615659016,27.5768536321941,26.9373006188969,0.2,27.0110677990437,27
1180.5,27.2705615659016,27.5768536321941,26.9373006188969,0.2,27.011111800608,27
1181.0,27.2705615659016,27.5768536321941,26.9373006188969,0.2,27.0111546676985,27
1181.5,27.2705615659016,27.5768536321941,26.9373006188969,0.2,27.0111964338381,27
1182.0,27.2705615659016,27.5768536321941,26.9373006188969,0.2,27.0112371314724,27
1182.5,27.2705615659016,27.5768536321941,26.9373006188969,0.2,27.0112767920064,27
1183.0,27.2427553925614,27.5768536321941,26.9373006188969,0.2,27.0113154458388,27
1183.5,27.2427553925614,27.5768536321941,26.9373006188969,0.2,27.0113525822612,27
1184.0,27.2427553925614,27.5768536321941,26.9373006188969,0.2,27.0113877244451,27
1184.5,27.2427553925614,27.5768536321941,26.9373006188969,0.2,27.0114209507341,27
1185.0,27.2427553925614,27.5768536321941,26.9373006188969,0.2,27.0114523366646,27
1185.5,27.2427553925614,27.5768536321941,26.9373006188969,0.2,27.011481955063,27
1186.0,27.2427553925614,27.5768536321941,26.9373006188969,0.2,27.0115098761391,27
1186.5,27.2427553925614,27.5768536321941,26.9373006188969,0.2,27.0115361675772,27
1187.0,27.2427553925614,27.5768536321941,26.9373006188969,0.2,27.0115608946236,27
1187.5,27.2427553925614,27.5768536321941,26.9373006188969,0.2,27.0115841201706,27
1188.0,27.2427553925614,27.5768536321941,26.9373006188969,0.2,27.0116059048386,27
1188.5,27.2427553925614,27.5768536321941,26.9373006188969,0.2,27.011626307055,27
1189.0,27.2427553925614,27.5768536321941,26.9373006188969,0.2,27.0116453831301,27
1189.5,27.2427553925614,27.5768536321941,26.9373006188969,0.2,27.0116631873309,27
1190.0,27.2427553925614,27.5768536321941,26.9373006188969,0.2,27.0116797719519,27
1190.5,27.2427553925614,27.5768536321941,26.9373006188969,0.2,27.0116951873839,27
1191.0,27.2427553925614,27.5768536321941,26.9373006188969,0.2,27.0117094821804,27
1191.5,27.2427553925614,27.5768536321941,26.9373006188969,0.2,27.0117227031213,27
1192.0,27.2427553925614,27.5768536321941,26.9373006188969,0.2,27.0117348952749,27
1192.5,27.2427553925614,27.5768536321941,26.9373006188969,0.2,27.0117461020578,27
1193.0,27.2427553925614,27.5768536321941,26.9373006188969,0.2,27.0117563652921,27
1193.5,27.2427553925614,27.5768536321941,26.9373006188969,0.2,27.0117657252616,27
1194.0,27.2427553925614,27.5768536321941,26.9373006188969,0.2,27.0117742207651,27
1194.5,27.2427553925614,27.5768536321941,26.9373006188969,0.2,27.0117818891689,27
1195.0,27.2427553925614,27.5768536321941,26.9373006188969,0.2,27.0117887664564,27
1195.5,27.2427553925614,27.5768536321941,26.9373006188969,0.2,27.0117948872769,27
1196.0,27.2427553925614,27.5768536321941,26.9373006188969,0.2,27.0118002849923,27
1196.5,27.2427553925614,27.5768536321941,26.9373006188969,0.2,27.0118049917223,27
1197.0,27.2427553925614,27.5768536321941,26.9373006188969,0.2,27.0118090383879,27
1197.5,27.2427553925614,27.5768536321941,26.9373006188969,0.2,27.0118124547538,27
1198.0,27.2427553925614,27.5768536321941,26.9373006188969,0.2,27.0118152694688,27
1198.5,27.2427553925614,27.5768536321941,26.9373006188969,0.2,27.0118175101052,27
1199.0,27.2427553925614,27.5768536321941,26.9373006188969,0.2,27.011819203197,27
1199.5,27.2427553925614,27.5768536321941,26.9373006188969,0.2,27.011820374276,27
1200.0,27.2427553925614,27.5768536321941,26.9373006188969,0.2,27.0118210479076,27
1200.5,27.2427553925614,27.5768536321941,26.9373006188969,0.2,27.0118212477249,27
1201.0,27.2427553925614,27.5768536321941,26.9373006188969,0.2,27.0118209964616,27
1201.5,27.2427553925614,27.5768536321941,26.9373006188969,0.2,27.0118203159837,27
1202.0,27.2427553925614,27.5768536321941,26.9373006188969,0.2,27.0118192273208,27
1202.5,27.2427553925614,27.5768536321941,26.9373006188969,0.2,27.0118177506951,27
1203.0,27.2427553925614,27.5768536321941,26.9373006188969,0.2,27.0118159055505,27
1203.5,27.2427553925614,27.5768536321941,26.9373006188969,0.2,27.0118137105802,27
1204.0,27.2427553925614,27.5768536321941,26.9373006188969,0.2,27.0118111837536,27
1204.5,27.2427553925614,27.5768536321941,26.9373006188969,0.2,27.0118083423415,27
1205.0,27.2427553925614,27.5768536321941,26.9373006188969,0.2,27.0118052029418,27
1205.5,27.2427553925614,27.5768536321941,26.9373006188969,0.2,27.0118017815031,27
1206.0,27.2427553925614,27.5768536321941,26.9373006188969,0.2,27.0117980933479,27
1206.5,27.2427553925614,27.5768536321941,26.9373006188969,0.2,27.0117941531954,27
1207.0,27.2427553925614,27.5768536321941,26.9373006188969,0.2,27.0117899751825,27
1207.5,27.2427553925614,27.5768536321941,26.9373006188969,0.2,27.0117855728854,27
1208.0,27.2427553925614,27.5768536321941,26.9373006188969,0.2,27.0117809593394,27
1208.5,27.2427553925614,27.5768536321941,26.9373006188969,0.2,27.0117761470583,27
1209.0,27.2427553925614,27.5768536321941,26.9373006188969,0.2,27.0117711480535,27
1209.5,27.2427553925614,27.5768536321941,26.9373006188969,0.2,27.0117659738518,27
1210.0,27.2427553925614,27.5768536321941,26.9373006188969,0.2,27.0117606355133,27
1210.5,27.2427553925614,27.5768536321941,26.9373006188969,0.2,27.0117551436479,27
1211.0,27.2427553925614,27.5768536321941,26.9373006188969,0.2,27.0117495084319,27
1211.5,27.2427553925614,27.5768536321941,26.9373006188969,0.2,27.0117437396237,27
1212.0,27.2427553925614,27.5768536321941,26.9373006188969,0.2,27.0117378465791,27
1212.5,27.2427553925614,27.5768536321941,26.9373006188969,0.2,27.0117318382656,27
1213.0,27.2427553925614,27.5768536321941,26.9373006188969,0.2,27.011725723277,27
1213.5,27.2427553925614,27.5768536321941,26.9373006188969,0.2,27.0117195098469,27
1214.0,27.2427553925614,27.5768536321941,26.9373006188969,0.2,27.011713205862,27
1214.5,27.2427553925614,27.5768536321941,26.9373006188969,0.2,27.0117068188744,27
1215.0,27.2427553925614,27.5768536321941,26.9373006188969,0.2,27.0117003561145,27
1215.5,27.2427553925614,27.5768536321941,26.9373006188969,0.2,27.0116938245027,27
1216.0,27.2427553925614,27.5768536321941,26.9373006188969,0.2,27.0116872306603,27
1216.5,27.2427553925614,27.5768536321941,26.9373006188969,0.2,27.0116805809213,27
1217.0,27.2427553925614,27.5768536321941,26.9373006188969,0.2,27.0116738813428,27
1217.5,27.2427553925614,27.5768536321941,26.9373006188969,0.2,27.0116671377149,27
1218.0,27.2427553925614,27.5768536321941,26.9373006188969,0.2,27.0116603555712,27
1218.5,27.2427553925614,27.5768536321941,26.9373006188969,0.2,27.0116535401981,27
1219.0,27.2427553925614,27.5768536321941,26.9373006188969,0.2,27.0116466966439,27
1219.5,27.2427553925614,27.5768536321941,26.9373006188969,0.2,27.011639829728,27
1220.0,27.2427553925614,27.5768536321941,26.9373006188969,0.2,27.0116329440493,27
1220.5,27.2427553925614,27.5768536321941,26.9373006188969,0.2,27.0116260439947,27
1221.0,27.2427553925614,27.5768536321941,26.9373006188969,0.2,27.0116191337468,27
1221.5,27.2427553925614,27.5768536321941,26.9373006188969,0.2,27.011612217292,27
1222.0,27.2427553925614,27.5768536321941,26.9373006188969,0.2,27.0116052984275,27
1222.5,27.2427553925614,27.5768536321941,26.9373006188969,0.2,27.0115983807689,27
1223.0,27.2427553925614,27.5768536321941,26.9373006188969,0.2,27.0115914677568,27
1223.5,27.2427553925614,27.5768536321941,26.9373006188969,0.2,27.011584562664,27
1224.0,27.2427553925614,27.5768536321941,26.9373006188969,0.2,27.0115776686011,27
1224.5,27.2427553925614,27.5768536321941,26.9373006188969,0.2,27.0115707885237,27
1225.0,27.2427553925614,27.5768536321941,26.9373006188969,0.2,27.0115639252375,27
1225.5,27.2427553925614,27.5768536321941,26.9373006188969,0.2,27.0115570814048,27
1226.0,27.2427553925614,27.5768536321941,26.9373006188969,0.2,27.0115502595496,27
1226.5,27.2427553925614,27.5768536321941,26.9373006188969,0.2,27.0115434620633,27
1227.0,27.2427553925614,27.5768536321941,26.9373006188969,0.2,27.0115366912095,27
1227.5,27.2427553925614,27.5768536321941,26.9373006188969,0.2,27.0115299491295,27
1228.0,27.2427553925614,27.5768536321941,26.9373006188969,0.2,27.0115232378468,27
1228.5,27.2427553925614,27.5768536321941,26.9373006188969,0.2,27.0115165592718,27
1229.0,27.2427553925614,27.5768536321941,26.9373006188969,0.2,27.0115099152062,27
1229.5,27.2427553925614,27.5768536321941,26.9373006188969,0.2,27.0115033073477,27
1230.0,27.2427553925614,27.5768536321941,26.9373006188969,0.2,27.0114967372935,27
1230.5,27.2427553925614,27.5768536321941,26.9373006188969,0.2,27.011490206545,27
1231.0,27.2427553925614,27.5768536321941,26.9373006188969,0.2,27.0114837165114,27
1231.5,27.2427553925614,27.5768536321941,26.9373006188969,0.2,27.0114772685132,27
1232.0,27.2427553925614,27.5768536321941,26.9373006188969,0.2,27.0114708637861,27
1232.5,27.2427553925614,27.5768536321941,26.9373006188969,0.2,27.0114645034844,27
1233.0,27.2427553925614,27.5768536321941,26.9373006188969,0.2,27.0114581886844,27
1233.5,27.2427553925614,27.5768536321941,26.9373006188969,0.2,27.0114519203874,27
1234.0,27.2427553925614,27.5768536321941,26.9373006188969,0.2,27.0114456995229,27
1234.5,27.2427553925614,27.5768536321941,26.9373006188969,0.2,27.0114395269517,27
1235.0,27.2427553925614,27.5489763639313,26.9373006188969,0.2,27.0114334034686,27
1235.5,27.2427553925614,27.5489763639313,26.9373006188969,0.2,27.0106671167,27
1236.0,27.2427553925614,27.5489763639313,26.9373006188969,0.2,27.0099271077749,27
1236.5,27.2427553925614,27.5489763639313,26.9373006188969,0.2,27.0092124724628,27
1237.0,27.2427553925614,27.5489763639313,26.9373006188969,0.2,27.0085223376955,27
1237.5,27.2427553925614,27.5489763639313,26.9373006188969,0.2,27.0078558604913,27
1238.0,27.2427553925614,27.5489763639313,26.9373006188969,0.2,27.0072122269185,27
1238.5,27.2427553925614,27.5489763639313,26.9373006188969,0.2,27.0065906510931,27
1239.0,27.2427553925614,27.5489763639313,26.9373006188969,0.2,27.0059903742115,27
1239.5,27.2427553925614,27.5489763639313,26.9373006188969,0.2,27.0054106636173,27
1240.0,27.2427553925614,27.5489763639313,26.9373006188969,0.2,27.004850811899,27
1240.5,27.2427553925614,27.5489763639313,26.9373006188969,0.2,27.0043101360198,27
1241.0,27.2427553925614,27.5489763639313,26.9373006188969,0.2,27.0037879764771,27
1241.5,27.2427553925614,27.5489763639313,26.9373006188969,0.2,27.0032836964911,27
1242.0,27.2427553925614,27.5489763639313,26.9373006188969,0.2,27.002796681221,27
1242.5,27.2427553925614,27.5489763639313,26.9373006188969,0.2,27.0023263370087,27
1243.0,27.2427553925614,27.5489763639313,26.9373006188969,0.2,27.0018720906486,27
1243.5,27.2427553925614,27.5489763639313,26.9373006188969,0.2,27.0014333886819,27
1244.0,27.2427553925614,27.5489763639313,26.9373006188969,0.2,27.0010096967163,27
1244.5,27.2427553925614,27.5489763639313,26.9373006188969,0.2,27.0006004987681,27
1245.0,27.2427553925614,27.5489763639313,26.9373006188969,0.2,27.000205296628,27
1245.5,27.2427553925614,27.5489763639313,26.9373006188969,0.2,26.9998236092478,27
1246.0,27.2427553925614,27.5489763639313,26.9373006188969,0.2,26.999454972149,27
1246.5,27.2427553925614,27.5489763639313,26.9373006188969,0.2,26.9990989368515,27
1247.0,27.2427553925614,27.5489763639313,26.9373006188969,0.2,26.9987550703219,27
1247.5,27.2427553925614,27.5489763639313,26.9373006188969,0.2,26.9984229544412,27
1248.0,27.2427553925614,27.5489763639313,26.9373006188969,0.2,26.9981021854902,27
1248.5,27.2427553925614,27.5489763639313,26.9373006188969,0.2,26.9977923736535,27
1249.0,27.2427553925614,27.5489763639313,26.9373006188969,0.2,26.9974931425401,27
1249.5,27.2427553925614,27.5489763639313,26.9373006188969,0.2,26.9972041287202,27
1250.0,27.2427553925614,27.5489763639313,26.9373006188969,0.2,26.9969249812788,27
1250.5,27.2427553925614,27.5489763639313,26.9373006188969,0.2,26.9966553613844,27
1251.0,27.2427553925614,27.5489763639313,26.9373006188969,0.2,26.996394941872,27
1251.5,27.2427553925614,27.5489763639313,26.9373006188969,0.2,26.996143406841,27
1252.0,27.2427553925614,27.5489763639313,26.9373006188969,0.2,26.9959004512675,27
1252.5,27.2427553925614,27.5489763639313,26.9373006188969,0.2,26.9956657806284,27
1253.0,27.2427553925614,27.5489763639313,26.9373006188969,0.2,26.9954391105404,27
1253.5,27.2427553925614,27.5489763639313,26.9373006188969,0.2,26.9952201664099,27
1254.0,27.2427553925614,27.5489763639313,26.9373006188969,0.2,26.9950086830956,27
1254.5,27.2427553925614,27.5489763639313,26.9373006188969,0.2,26.9948044045831,27
1255.0,27.2427553925614,27.5489763639313,26.9373006188969,0.2,26.9946070836698,27
1255.5,27.2427553925614,27.5489763639313,26.9373006188969,0.2,26.9944164816616,27
1256.0,27.2427553925614,27.5489763639313,26.9373006188969,0.2,26.9942323680793,27
1256.5,27.2427553925614,27.5768536321941,26.9373006188969,0.2,26.9940545203759,27
1257.0,27.2427553925614,27.5768536321941,26.9373006188969,0.2,26.9946429367683,27
1257.5,27.2705615659016,27.5768536321941,26.9373006188969,0.2,26.995210969305,27
1258.0,27.2705615659016,27.5768536321941,26.9373006188969,0.2,26.9957598626105,27
1258.5,27.2705615659016,27.5768536321941,26.9373006188969,0.2,26.9962908021661,27
1259.0,27.2705615659016,27.5768536321941,26.9373006188969,0.2,26.9968043938889,27
1259.5,27.2705615659016,27.5768536321941,26.9373006188969,0.2,26.9973012229516,27
1260.0,27.2705615659016,27.5768536321941,26.9373006188969,0.2,26.9977818544974,27
1260.5,27.2705615659016,27.5768536321941,26.9373006188969,0.2,26.99824683433,27
1261.0,27.2705615659016,27.5768536321941,26.9373006188969,0.2,26.9986966895796,27
1261.5,27.2705615659016,27.5768536321941,26.9373006188969,0.2,26.9991319293465,27
1262.0,27.2705615659016,27.5768536321941,26.9373006188969,0.2,26.9995530453215,27
1262.5,27.2705615659016,27.5768536321941,26.9373006188969,0.2,26.9999605123858,27
1263.0,27.2705615659016,27.5768536321941,26.9373006188969,0.2,27.0003547891893,27
1263.5,27.2705615659016,27.5768536321941,26.9373006188969,0.2,27.0007363187103,27
1264.0,27.2705615659016,27.5768536321941,26.9373006188969,0.2,27.0011055287939,27
1264.5,27.2705615659016,27.5768536321941,26.9373006188969,0.2,27.0014628326737,27
1265.0,27.2705615659016,27.5768536321941,26.9373006188969,0.2,27.0018086294744,27
1265.5,27.2705615659016,27.5768536321941,26.9373006188969,0.2,27.0021433046971,27
1266.0,27.2705615659016,27.5768536321941,26.9373006188969,0.2,27.0024672306885,27
1266.5,27.2705615659016,27.5768536321941,26.9373006188969,0.2,27.0027807670931,27
1267.0,27.2705615659016,27.5768536321941,26.9373006188969,0.2,27.0030842612904,27
1267.5,27.2705615659016,27.5768536321941,26.9373006188969,0.2,27.0033780488164,27
1268.0,27.2705615659016,27.5768536321941,26.9373006188969,0.2,27.0036624537715,27
1268.5,27.2705615659016,27.5768536321941,26.9373006188969,0.2,27.003937789213,27
1269.0,27.2705615659016,27.5768536321941,26.9373006188969,0.2,27.0042043575354,27
1269.5,27.2705615659016,27.5768536321941,26.9373006188969,0.2,27.0044624508366,27
1270.0,27.2705615659016,27.5768536321941,26.9373006188969,0.2,27.0047123512719,27
1270.5,27.2705615659016,27.5768536321941,26.9373006188969,0.2,27.0049543313958,27
1271.0,27.2705615659016,27.5768536321941,26.9373006188969,0.2,27.0051886544916,27
1271.5,27.2705615659016,27.5768536321941,26.9373006188969,0.2,27.0054155748903,27
1272.0,27.2705615659016,27.5768536321941,26.9373006188969,0.2,27.0056353382778,27
1272.5,27.2705615659016,27.5768536321941,26.9373006188969,0.2,27.0058481819922,27
1273.0,27.2705615659016,27.5768536321941,26.9373006188969,0.2,27.0060543353099,27
1273.5,27.2705615659016,27.5768536321941,26.9373006188969,0.2,27.0062540197231,27
1274.0,27.2705615659016,27.5768536321941,26.9373006188969,0.2,27.0064474492062,27
1274.5,27.2705615659016,27.5768536321941,26.9373006188969,0.2,27.0066348304746,27
1275.0,27.2705615659016,27.5768536321941,26.9373006188969,0.2,27.0068163632334,27
1275.5,27.2705615659016,27.5768536321941,26.9373006188969,0.2,27.006992240418,27
1276.0,27.2705615659016,27.5768536321941,26.9373006188969,0.2,27.0071626484263,27
1276.5,27.2705615659016,27.5768536321941,26.9373006188969,0.2,27.007327767343,27
1277.0,27.2705615659016,27.5768536321941,26.9373006188969,0.2,27.0074877711562,27
1277.5,27.2705615659016,27.5768536321941,26.9373006188969,0.2,27.007642827966,27
1278.0,27.2705615659016,27.5768536321941,26.9373006188969,0.2,27.0077931001867,27
1278.5,27.2705615659016,27.5768536321941,26.9373006188969,0.2,27.0079387447418,27
1279.0,27.2705615659016,27.5768536321941,26.9373006188969,0.2,27.0080799132515,27
1279.5,27.2705615659016,27.5768536321941,26.9373006188969,0.2,27.0082167522152,27
1280.0,27.2705615659016,27.5768536321941,26.9373006188969,0.2,27.0083494031861,27
1280.5,27.2705615659016,27.5768536321941,26.9373006188969,0.2,27.0084780029413,27
1281.0,27.2705615659016,27.5768536321941,26.9373006188969,0.2,27.0086026836446,27
1281.5,27.2705615659016,27.5768536321941,26.9373006188969,0.2,27.0087235730051,27
1282.0,27.2705615659016,27.5768536321941,26.9373006188969,0.2,27.008840794429,27
1282.5,27.2705615659016,27.5768536321941,26.9373006188969,0.2,27.0089544671672,27
1283.0,27.2705615659016,27.5768536321941,26.9373006188969,0.2,27.0090647064573,27
1283.5,27.2705615659016,27.5768536321941,26.9373006188969,0.2,27.0091716236609,27
1284.0,27.2705615659016,27.5768536321941,26.9373006188969,0.2,27.0092753263961,27
1284.5,27.2705615659016,27.5768536321941,26.9373006188969,0.2,27.0093759186652,27
1285.0,27.2705615659016,27.5768536321941,26.9373006188969,0.2,27.0094735009787,27
1285.5,27.2705615659016,27.5768536321941,26.9373006188969,0.2,27.0095681704741,27
1286.0,27.2705615659016,27.5768536321941,26.9373006188969,0.2,27.0096600210314,27
1286.5,27.2705615659016,27.5768536321941,26.9373006188969,0.2,27.0097491433844,27
1287.0,27.2705615659016,27.5768536321941,26.9373006188969,0.2,27.0098356252275,27
1287.5,27.2705615659016,27.5768536321941,26.9373006188969,0.2,27.0099195513202,27
1288.0,27.2705615659016,27.5768536321941,26.9373006188969,0.2,27.0100010035867,27
1288.5,27.2427553925614,27.5768536321941,26.9373006188969,0.2,27.0100800612126,27
1289.0,27.2427553925614,27.5768536321941,26.9373006188969,0.2,27.0101562606037,27
1289.5,27.2427553925614,27.5768536321941,26.9373006188969,0.2,27.0102291704301,27
1290.0,27.2427553925614,27.5768536321941,26.9373006188969,0.2,27.010298912975,27
1290.5,27.2427553925614,27.5768536321941,26.9373006188969,0.2,27.0103656062081,27
1291.0,27.2427553925614,27.5768536321941,26.9373006188969,0.2,27.0104293639351,27
1291.5,27.2427553925614,27.5768536321941,26.9373006188969,0.2,27.0104902959415,27
1292.0,27.2427553925614,27.5768536321941,26.9373006188969,0.2,27.0105485081313,27
1292.5,27.2427553925614,27.5768536321941,26.9373006188969,0.2,27.0106041026612,27
1293.0,27.2427553925614,27.5768536321941,26.9373006188969,0.2,27.0106571780707,27
1293.5,27.2427553925614,27.5768536321941,26.9373006188969,0.2,27.0107078294065,27
1294.0,27.2427553925614,27.5768536321941,26.9373006188969,0.2,27.010756148344,27
1294.5,27.2427553925614,27.5768536321941,26.9373006188969,0.2,27.0108022233033,27
1295.0,27.2427553925614,27.5768536321941,26.9373006188969,0.2,27.0108461395628,27
1295.5,27.2427553925614,27.5768536321941,26.9373006188969,0.2,27.0108879793675,27
1296.0,27.2427553925614,27.5768536321941,26.9373006188969,0.2,27.010927822034,27
1296.5,27.2427553925614,27.5768536321941,26.9373006188969,0.2,27.0109657440524,27
1297.0,27.2427553925614,27.5768536321941,26.9373006188969,0.2,27.0110018191843,27
1297.5,27.2427553925614,27.5768536321941,26.9373006188969,0.2,27.0110361185571,27
1298.0,27.2427553925614,27.5768536321941,26.9373006188969,0.2,27.011068710756,27
1298.5,27.2427553925614,27.5768536321941,26.9373006188969,0.2,27.0110996619116,27
1299.0,27.2427553925614,27.5768536321941,26.9373006188969,0.2,27.0111290357859,27
1299.5,27.2427553925614,27.5768536321941,26.9373006188969,0.2,27.0111568938541,27
1300.0,27.2427553925614,27.5768536321941,26.9373006188969,0.2,27.0111832953843,27
1300.5,27.2427553925614,27.5768536321941,26.9373006188969,0.2,27.0112082975142,27
1301.0,27.2427553925614,27.5768536321941,26.9373006188969,0.2,27.0112319553256,27
1301.5,27.2427553925614,27.5768536321941,26.9373006188969,0.2,27.0112543219153,27
1302.0,27.2427553925614,27.5768536321941,26.9373006188969,0.2,27.0112754484649,27
1302.5,27.2427553925614,27.5768536321941,26.9373006188969,0.2,27.0112953843073,27
1303.0,27.2427553925614,27.5768536321941,26.9373006188969,0.2,27.011314176991,27
1303.5,27.2427553925614,27.5768536321941,26.9373006188969,0.2,27.0113318723429,27
1304.0,27.2427553925614,27.5768536321941,26.9373006188969,0.2,27.0113485145276,27
1304.5,27.2427553925614,27.5768536321941,26.9373006188969,0.2,27.0113641461062,27
1305.0,27.2427553925614,27.5768536321941,26.9373006188969,0.2,27.0113788080918,27
1305.5,27.2427553925614,27.5768536321941,26.9373006188969,0.2,27.0113925400041,27
1306.0,27.2427553925614,27.5768536321941,26.9373006188969,0.2,27.0114053799212,27
1306.5,27.2427553925614,27.5768536321941,26.9373006188969,0.2,27.0114173645305,27
1307.0,27.2427553925614,27.5768536321941,26.9373006188969,0.2,27.0114285291769,27
1307.5,27.2427553925614,27.5768536321941,26.9373006188969,0.2,27.0114389079103,27
1308.0,27.2427553925614,27.5768536321941,26.9373006188969,0.2,27.0114485335309,27
1308.5,27.2427553925614,27.5768536321941,26.9373006188969,0.2,27.0114574376329,27
1309.0,27.2427553925614,27.5768536321941,26.9373006188969,0.2,27.0114656506472,27
1309.5,27.2427553925614,27.5768536321941,26.9373006188969,0.2,27.0114732018818,27
1310.0,27.2427553925614,27.5768536321941,26.9373006188969,0.2,27.0114801195615,27
1310.5,27.2427553925614,27.5768536321941,26.9373006188969,0.2,27.0114864308664,27
1311.0,27.2427553925614,27.5768536321941,26.9373006188969,0.2,27.011492161968,27
1311.5,27.2427553925614,27.5768536321941,26.9373006188969,0.2,27.0114973380651,27
1312.0,27.2427553925614,27.5768536321941,26.9373006188969,0.2,27.0115019834184,27
1312.5,27.2427553925614,27.5768536321941,26.9373006188969,0.2,27.011506121383,27
1313.0,27.2427553925614,27.5768536321941,26.9373006188969,0.2,27.0115097744407,27
1313.5,27.2427553925614,27.5768536321941,26.9373006188969,0.2,27.011512964231,27
1314.0,27.2427553925614,27.5768536321941,26.9373006188969,0.2,27.0115157115807,27
1314.5,27.2427553925614,27.5768536321941,26.9373006188969,0.2,27.0115180365326,27
1315.0,27.2427553925614,27.5768536321941,26.9373006188969,0.2,27.0115199583736,27
1315.5,27.2427553925614,27.5768536321941,26.9373006188969,0.2,27.0115214956611,27
1316.0,27.2427553925614,27.5768536321941,26.9373006188969,0.2,27.0115226662494,27
1316.5,27.2427553925614,27.5768536321941,26.9373006188969,0.2,27.0115234873142,27
1317.0,27.2427553925614,27.5768536321941,26.9373006188969,0.2,27.0115239753769,27
1317.5,27.2427553925614,27.5768536321941,26.9373006188969,0.2,27.011524146328,27
1318.0,27.2427553925614,27.5768536321941,26.9373006188969,0.2,27.0115240154496,27
1318.5,27.2427553925614,27.5768536321941,26.9373006188969,0.2,27.0115235974368,27
1319.0,27.2427553925614,27.5768536321941,26.9373006188969,0.2,27.011522906419,27
1319.5,27.2427553925614,27.5768536321941,26.9373006188969,0.2,27.0115219559799,27
1320.0,27.2427553925614,27.5768536321941,26.9373006188969,0.2,27.0115207591772,27
1320.5,27.2427553925614,27.5768536321941,26.9373006188969,0.2,27.0115193285612,27
1321.0,27.2427553925614,27.5768536321941,26.9373006188969,0.2,27.0115176761933,27
1321.5,27.2427553925614,27.5768536321941,26.9373006188969,0.2,27.0115158136632,27
1322.0,27.2427553925614,27.5768536321941,26.9373006188969,0.2,27.0115137521063,27
1322.5,27.2427553925614,27.5768536321941,26.9373006188969,0.2,27.0115115022195,27
1323.0,27.2427553925614,27.5768536321941,26.9373006188969,0.2,27.0115090742775,27
1323.5,27.2427553925614,27.5768536321941,26.9373006188969,0.2,27.0115064781476,27
1324.0,27.2427553925614,27.5768536321941,26.9373006188969,0.2,27.0115037233049,27
1324.5,27.2427553925614,27.5768536321941,26.9373006188969,0.2,27.0115008188459,27
1325.0,27.2427553925614,27.5768536321941,26.9373006188969,0.2,27.0114977735027,27
1325.5,27.2427553925614,27.5768536321941,26.9373006188969,0.2,27.0114945956561,27
1326.0,27.2427553925614,27.5768536321941,26.9373006188969,0.2,27.011491293348,27
1326.5,27.2427553925614,27.5768536321941,26.9373006188969,0.2,27.0114878742942,27
1327.0,27.2427553925614,27.5768536321941,26.9373006188969,0.2,27.0114843458962,27
1327.5,27.2427553925614,27.5768536321941,26.9373006188969,0.2,27.0114807152522,27
1328.0,27.2427553925614,27.5768536321941,26.9373006188969,0.2,27.0114769891688,27
1328.5,27.2427553925614,27.5768536321941,26.9373006188969,0.2,27.0114731741713,27
1329.0,27.2427553925614,27.5768536321941,26.9373006188969,0.2,27.011469276514,27
1329.5,27.2427553925614,27.5768536321941,26.9373006188969,0.2,27.0114653021904,27
1330.0,27.2427553925614,27.5768536321941,26.9373006188969,0.2,27.0114612569426,27
1330.5,27.2427553925614,27.5768536321941,26.9373006188969,0.2,27.0114571462703,27
1331.0,27.2427553925614,27.5768536321941,26.9373006188969,0.2,27.0114529754404,27
1331.5,27.2427553925614,27.5768536321941,26.9373006188969,0.2,27.0114487494949,27
1332.0,27.2427553925614,27.5768536321941,26.9373006188969,0.2,27.0114444732599,27
1332.5,27.2427553925614,27.5768536321941,26.9373006188969,0.2,27.0114401513529,27
1333.0,27.2427553925614,27.5768536321941,26.9373006188969,0.2,27.0114357881911,27
1333.5,27.2427553925614,27.5768536321941,26.9373006188969,0.2,27.0114313879986,27
1334.0,27.2427553925614,27.5768536321941,26.9373006188969,0.2,27.0114269548138,27
1334.5,27.2427553925614,27.5768536321941,26.9373006188969,0.2,27.011422492496,27
1335.0,27.2427553925614,27.5768536321941,26.9373006188969,0.2,27.0114180047325,27
1335.5,27.2427553925614,27.5768536321941,26.9373006188969,0.2,27.0114134950447,27
1336.0,27.2427553925614,27.5768536321941,26.9373006188969,0.2,27.0114089667947,27
1336.5,27.2427553925614,27.5768536321941,26.9373006188969,0.2,27.011404423191,27
1337.0,27.2427553925614,27.5768536321941,26.9373006188969,0.2,27.0113998672946,27
1337.5,27.2427553925614,27.5768536321941,26.9373006188969,0.2,27.0113953020242,27
1338.0,27.2427553925614,27.5768536321941,26.9373006188969,0.2,27.0113907301621,27
1338.5,27.2427553925614,27.5489763639313,26.9373006188969,0.2,27.0113861543589,27
1339.0,27.2427553925614,27.5489763639313,26.9373006188969,0.2,27.0106213640333,27
1339.5,27.2427553925614,27.5489763639313,26.9373006188969,0.2,27.0098828020456,27
1340.0,27.2427553925614,27.5489763639313,26.9373006188969,0.2,27.009169565838,27
1340.5,27.2427553925614,27.5489763639313,26.9373006188969,0.2,27.008480783957,27
1341.0,27.2427553925614,27.5489763639313,26.9373006188969,0.2,27.0078156149815,27
1341.5,27.2427553925614,27.5489763639313,26.9373006188969,0.2,27.0071732464866,27
1342.0,27.2427553925614,27.5489763639313,26.9373006188969,0.2,27.0065528940438,27
1342.5,27.2427553925614,27.5489763639313,26.9373006188969,0.2,27.0059538002557,27
1343.0,27.2427553925614,27.5489763639313,26.9373006188969,0.2,27.0053752338239,27
1343.5,27.2427553925614,27.5489763639313,26.9373006188969,0.2,27.0048164886486,27
1344.0,27.2427553925614,27.5489763639313,26.9373006188969,0.2,27.0042768829603,27
1344.5,27.2427553925614,27.5489763639313,26.9373006188969,0.2,27.0037557584804,27
1345.0,27.2427553925614,27.5489763639313,26.9373006188969,0.2,27.0032524796111,27
1345.5,27.2427553925614,27.5489763639313,26.9373006188969,0.2,27.0027664326539,27
1346.0,27.2427553925614,27.5489763639313,26.9373006188969,0.2,27.0022970250538,27
1346.5,27.2427553925614,27.5489763639313,26.9373006188969,0.2,27.0018436846707,27
1347.0,27.2427553925614,27.5489763639313,26.9373006188969,0.2,27.0014058590752,27
1347.5,27.2427553925614,27.5489763639313,26.9373006188969,0.2,27.0009830148693,27
1348.0,27.2427553925614,27.5489763639313,26.9373006188969,0.2,27.0005746370299,27
1348.5,27.2427553925614,27.5489763639313,26.9373006188969,0.2,27.0001802282755,27
1349.0,27.2427553925614,27.5489763639313,26.9373006188969,0.2,26.9997993084542,27
1349.5,27.2427553925614,27.5489763639313,26.9373006188969,0.2,26.9994314139532,27
1350.0,27.2427553925614,27.5489763639313,26.9373006188969,0.2,26.999076097129,27
1350.5,27.2427553925614,27.5489763639313,26.9373006188969,0.2,26.9987329257561,27
1351.0,27.2427553925614,27.5489763639313,26.9373006188969,0.2,26.9984014824959,27
1351.5,27.2427553925614,27.5489763639313,26.9373006188969,0.2,26.9980813643834,27
1352.0,27.2427553925614,27.5489763639313,26.9373006188969,0.2,26.9977721823316,27
1352.5,27.2427553925614,27.5489763639313,26.9373006188969,0.2,26.997473560653,27
1353.0,27.2427553925614,27.5489763639313,26.9373006188969,0.2,26.9971851365978,27
1353.5,27.2427553925614,27.5489763639313,26.9373006188969,0.2,26.9969065599078,27
1354.0,27.2427553925614,27.5489763639313,26.9373006188969,0.2,26.9966374923857,27
1354.5,27.2427553925614,27.5489763639313,26.9373006188969,0.2,26.9963776074796,27
1355.0,27.2427553925614,27.5489763639313,26.9373006188969,0.2,26.9961265898812,27
1355.5,27.2427553925614,27.5489763639313,26.9373006188969,0.2,26.9958841351383,27
1356.0,27.2427553925614,27.5489763639313,26.9373006188969,0.2,26.995649949281,27
1356.5,27.2427553925614,27.5489763639313,26.9373006188969,0.2,26.9954237484596,27
1357.0,27.2427553925614,27.5489763639313,26.9373006188969,0.2,26.9952052585965,27
1357.5,27.2427553925614,27.5489763639313,26.9373006188969,0.2,26.9949942150489,27
1358.0,27.2427553925614,27.5489763639313,26.9373006188969,0.2,26.9947903622839,27
1358.5,27.2427553925614,27.5489763639313,26.9373006188969,0.2,26.9945934535641,27
1359.0,27.2427553925614,27.5489763639313,26.9373006188969,0.2,26.9944032506451,27
1359.5,27.2427553925614,27.5489763639313,26.9373006188969,0.2,26.9942195234819,27
1360.0,27.2427553925614,27.5489763639313,26.9373006188969,0.2,26.994042049947,27
1360.5,27.2427553925614,27.5489763639313,26.9373006188969,0.2,26.9938706155575,27
1361.0,27.2427553925614,27.5489763639313,26.9373006188969,0.2,26.9937050132112,27
1361.5,27.2427553925614,27.5489763639313,26.9373006188969,0.2,26.9935450429324,27
1362.0,27.2427553925614,27.5489763639313,26.9373006188969,0.2,26.9933905116266,27
1362.5,27.2427553925614,27.5489763639313,26.9373006188969,0.2,26.9932412328431,27
1363.0,27.2427553925614,27.5489763639313,26.9373006188969,0.2,26.9930970265459,27
1363.5,27.2427553925614,27.5489763639313,26.9373006188969,0.2,26.9929577188931,27
1364.0,27.2427553925614,27.5489763639313,26.9373006188969,0.2,26.992823142023,27
1364.5,27.2427553925614,27.5489763639313,26.9373006188969,0.2,26.9926931338483,27
1365.0,27.2427553925614,27.5489763639313,26.9373006188969,0.2,26.992567537857,27
1365.5,27.2427553925614,27.5489763639313,26.9373006188969,0.2,26.9924462029205,27
1366.0,27.2427553925614,27.5489763639313,26.9373006188969,0.2,26.9923289831078,27
1366.5,27.2427553925614,27.5489763639313,26.9373006188969,0.2,26.9922157375067,27
1367.0,27.2427553925614,27.5489763639313,26.9373006188969,0.2,26.9921063300505,27
1367.5,27.2427553925614,27.5489763639313,26.9373006188969,0.2,26.9920006293518,27
1368.0,27.2427553925614,27.5489763639313,26.9373006188969,0.2,26.9918985085403,27
1368.5,27.2427553925614,27.5489763639313,26.9373006188969,0.2,26.991799845108,27
1369.0,27.2427553925614,27.5489763639313,26.9373006188969,0.2,26.9917045207586,27
1369.5,27.2427553925614,27.5489763639313,26.9373006188969,0.2,26.9916124212623,27
1370.0,27.2427553925614,27.5489763639313,26.9373006188969,0.2,26.9915234363159,27
1370.5,27.2427553925614,27.5489763639313,26.9373006188969,0.2,26.9914374594076,27
1371.0,27.2427553925614,27.5489763639313,26.9373006188969,0.2,26.9913543876861,27
1371.5,27.2427553925614,27.5489763639313,26.9373006188969,0.2,26.9912741218348,27
1372.0,27.2427553925614,27.5489763639313,26.9373006188969,0.2,26.99119656595,27
1372.5,27.2427553925614,27.5489763639313,26.9373006188969,0.2,26.9911216274233,27
1373.0,27.2427553925614,27.5489763639313,26.9373006188969,0.2,26.9910492168282,27
1373.5,27.2427553925614,27.5489763639313,26.9373006188969,0.2,26.9909792478101,27
1374.0,27.2427553925614,27.5489763639313,26.9373006188969,0.2,26.9909116369814,27
1374.5,27.2427553925614,27.5489763639313,26.9373006188969,0.2,26.9908463038183,27
1375.0,27.2427553925614,27.5489763639313,26.9373006188969,0.2,26.990783170563,27
1375.5,27.2705615659016,27.5489763639313,26.9373006188969,0.2,26.9907221621278,27
1376.0,27.2705615659016,27.5768536321941,26.9373006188969,0.2,26.9906637461387,27
1376.5,27.2705615659016,27.5768536321941,26.9373006188969,0.2,26.9913685709971,27
1377.0,27.2705615659016,27.5768536321941,26.9373006188969,0.2,26.9920500778646,27
1377.5,27.2705615659016,27.5768536321941,26.9373006188969,0.2,26.9927090574547,27
1378.0,27.2705615659016,27.5768536321941,26.9373006188969,0.2,26.9933462733663,27
1378.5,27.2705615659016,27.5768536321941,26.9373006188969,0.2,26.9939624630185,27
1379.0,27.2705615659016,27.5768536321941,26.9373006188969,0.2,26.9945583385523,27
1379.5,27.2705615659016,27.5768536321941,26.9373006188969,0.2,26.9951345877018,27
1380.0,27.2705615659016,27.5768536321941,26.9373006188969,0.2,26.9956918746349,27
1380.5,27.2705615659016,27.5768536321941,26.9373006188969,0.2,26.9962308407651,27
1381.0,27.2705615659016,27.5768536321941,26.9373006188969,0.2,26.9967521055354,27
1381.5,27.2705615659016,27.5768536321941,26.9373006188969,0.2,26.997256267175,27
1382.0,27.2705615659016,27.5768536321941,26.9373006188969,0.2,26.9977439034299,27
1382.5,27.2705615659016,27.5768536321941,26.9373006188969,0.2,26.9982155722684,27
1383.0,27.2705615659016,27.5768536321941,26.9373006188969,0.2,26.9986718125617,27
1383.5,27.2705615659016,27.5768536321941,26.9373006188969,0.2,26.999113144742,27
1384.0,27.2705615659016,27.5768536321941,26.9373006188969,0.2,26.999540071437,27
1384.5,27.2705615659016,27.5768536321941,26.9373006188969,0.2,26.9999530780828,27
1385.0,27.2705615659016,27.5768536321941,26.9373006188969,0.2,27.0003526335159,27
1385.5,27.2705615659016,27.5768536321941,26.9373006188969,0.2,27.0007391905442,27
1386.0,27.2705615659016,27.5768536321941,26.9373006188969,0.2,27.0011131864988,27
1386.5,27.2705615659016,27.5768536321941,26.9373006188969,0.2,27.0014750437666,27
1387.0,27.2705615659016,27.5768536321941,26.9373006188969,0.2,27.0018251703043,27
1387.5,27.2705615659016,27.5768536321941,26.9373006188969,0.2,27.0021639601353,27
1388.0,27.2705615659016,27.5768536321941,26.9373006188969,0.2,27.0024917938283,27
1388.5,27.2705615659016,27.5768536321941,26.9373006188969,0.2,27.0028090389608,27
1389.0,27.2705615659016,27.5768536321941,26.9373006188969,0.2,27.0031160505655,27
1389.5,27.2705615659016,27.5768536321941,26.9373006188969,0.2,27.0034131715618,27
1390.0,27.2705615659016,27.5768536321941,26.9373006188969,0.2,27.0037007331721,27
1390.5,27.2705615659016,27.5768536321941,26.9373006188969,0.2,27.0039790553246,27
1391.0,27.2705615659016,27.5768536321941,26.9373006188969,0.2,27.0042484470406,27
1391.5,27.2705615659016,27.5768536321941,26.9373006188969,0.2,27.0045092068102,27
1392.0,27.2705615659016,27.5768536321941,26.9373006188969,0.2,27.0047616229538,27
1392.5,27.2705615659016,27.5768536321941,26.9373006188969,0.2,27.0050059739717,27
1393.0,27.2705615659016,27.5768536321941,26.9373006188969,0.2,27.0052425288816,27
1393.5,27.2705615659016,27.5768536321941,26.9373006188969,0.2,27.005471547544,27
1394.0,27.2705615659016,27.5768536321941,26.9373006188969,0.2,27.0056932809771,27
1394.5,27.2705615659016,27.5768536321941,26.9373006188969,0.2,27.0059079716605,27
1395.0,27.2705615659016,27.5768536321941,26.9373006188969,0.2,27.0061158538282,27
1395.5,27.2705615659016,27.5768536321941,26.9373006188969,0.2,27.0063171537516,27
1396.0,27.2705615659016,27.5768536321941,26.9373006188969,0.2,27.0065120900133,27
1396.5,27.2705615659016,27.5768536321941,26.9373006188969,0.2,27.0067008737706,27
1397.0,27.2427553925614,27.5768536321941,26.9373006188969,0.2,27.0068837090106,27
1397.5,27.2427553925614,27.5768536321941,26.9373006188969,0.2,27.0070602526609,27
1398.0,27.2427553925614,27.5768536321941,26.9373006188969,0.2,27.0072301897824,27
1398.5,27.2427553925614,27.5768536321941,26.9373006188969,0.2,27.0073937550588,27
1399.0,27.2427553925614,27.5768536321941,26.9373006188969,0.2,27.007551175009,27
1399.5,27.2427553925614,27.5768536321941,26.9373006188969,0.2,27.0077026682683,27
1400.0,27.2427553925614,27.5768536321941,26.9373006188969,0.2,27.0078484458601,27
1400.5,27.2427553925614,27.5768536321941,26.9373006188969,0.2,27.0079887114593,27
1401.0,27.2427553925614,27.5768536321941,26.9373006188969,0.2,27.0081236616452,27
1401.5,27.2427553925614,27.5768536321941,26.9373006188969,0.2,27.0082534861465,27
1402.0,27.2427553925614,27.5768536321941,26.9373006188969,0.2,27.0083783680779,27
1402.5,27.2427553925614,27.5768536321941,26.9373006188969,0.2,27.0084984841684,27
1403.0,27.2427553925614,27.5768536321941,26.9373006188969,0.2,27.0086140049816,27
1403.5,27.2427553925614,27.5768536321941,26.9373006188969,0.2,27.0087250951287,27
1404.0,27.2427553925614,27.5768536321941,26.9373006188969,0.2,27.0088319134743,27
1404.5,27.2427553925614,27.5768536321941,26.9373006188969,0.2,27.0089346133343,27
1405.0,27.2427553925614,27.5768536321941,26.9373006188969,0.2,27.0090333426681,27
1405.5,27.2427553925614,27.5768536321941,26.9373006188969,0.2,27.0091282442637,27
1406.0,27.2427553925614,27.5768536321941,26.9373006188969,0.2,27.009219455916,27
1406.5,27.2427553925614,27.5768536321941,26.9373006188969,0.2,27.0093071105996,27
1407.0,27.2427553925614,27.5768536321941,26.9373006188969,0.2,27.0093913366357,27
1407.5,27.2427553925614,27.5768536321941,26.9373006188969,0.2,27.0094722578526,27
1408.0,27.2427553925614,27.5768536321941,26.9373006188969,0.2,27.0095499937411,27
1408.5,27.2427553925614,27.5768536321941,26.9373006188969,0.2,27.0096246596049,27
1409.0,27.2427553925614,27.5768536321941,26.9373006188969,0.2,27.0096963667051,27
1409.5,27.2427553925614,27.5768536321941,26.9373006188969,0.2,27.0097652224,27
1410.0,27.2427553925614,27.5768536321941,26.9373006188969,0.2,27.0098313302807,27
1410.5,27.2427553925614,27.5768536321941,26.9373006188969,0.2,27.0098947903009,27
1411.0,27.2427553925614,27.5768536321941,26.9373006188969,0.2,27.0099556989033,27
1411.5,27.2427553925614,27.5768536321941,26.9373006188969,0.2,27.0100141491407,27
1412.0,27.2427553925614,27.5768536321941,26.9373006188969,0.2,27.0100702307939,27
1412.5,27.2427553925614,27.5768536321941,26.9373006188969,0.2,27.0101240304849,27
1413.0,27.2427553925614,27.5768536321941,26.9373006188969,0.2,27.0101756317862,27
1413.5,27.2427553925614,27.5768536321941,26.9373006188969,0.2,27.0102251153266,27
1414.0,27.2427553925614,27.5768536321941,26.9373006188969,0.2,27.0102725588934,27
1414.5,27.2427553925614,27.5768536321941,26.9373006188969,0.2,27.0103180375307,27
1415.0,27.2427553925614,27.5768536321941,26.9373006188969,0.2,27.0103616236346,27
1415.5,27.2427553925614,27.5768536321941,26.9373006188969,0.2,27.0104033870454,27
1416.0,27.2427553925614,27.5768536321941,26.9373006188969,0.2,27.0104433951356,27
1416.5,27.2427553925614,27.5768536321941,26.9373006188969,0.2,27.0104817128963,27
1417.0,27.2427553925614,27.5768536321941,26.9373006188969,0.2,27.0105184030195,27
1417.5,27.2427553925614,27.5768536321941,26.9373006188969,0.2,27.0105535259779,27
1418.0,27.2427553925614,27.5768536321941,26.9373006188969,0.2,27.0105871401022,27
1418.5,27.2427553925614,27.5768536321941,26.9373006188969,0.2,27.0106193016553,27
1419.0,27.2427553925614,27.5768536321941,26.9373006188969,0.2,27.0106500649047,27
1419.5,27.2427553925614,27.5768536321941,26.9373006188969,0.2,27.010679482191,27
1420.0,27.2427553925614,27.5768536321941,26.9373006188969,0.2,27.0107076039957,27
1420.5,27.2427553925614,27.5768536321941,26.9373006188969,0.2,27.0107344790057,27
1421.0,27.2427553925614,27.5768536321941,26.9373006188969,0.2,27.0107601541752,27
1421.5,27.2427553925614,27.5768536321941,26.9373006188969,0.2,27.0107846747871,27
1422.0,27.2427553925614,27.5768536321941,26.9373006188969,0.2,27.01080808451,27
1422.5,27.2427553925614,27.5768536321941,26.9373006188969,0.2,27.0108304254553,27
1423.0,27.2427553925614,27.5768536321941,26.9373006188969,0.2,27.0108517382311,27
1423.5,27.2427553925614,27.5768536321941,26.9373006188969,0.2,27.0108720619948,27
1424.0,27.2427553925614,27.5768536321941,26.9373006188969,0.2,27.0108914345034,27
1424.5,27.2427553925614,27.5768536321941,26.9373006188969,0.2,27.0109098921626,27
1425.0,27.2427553925614,27.5768536321941,26.9373006188969,0.2,27.0109274700737,27
1425.5,27.2427553925614,27.5768536321941,26.9373006188969,0.2,27.0109442020797,27
1426.0,27.2427553925614,27.5768536321941,26.9373006188969,0.2,27.0109601208085,27
1426.5,27.2427553925614,27.5768536321941,26.9373006188969,0.2,27.0109752577159,27
1427.0,27.2427553925614,27.5768536321941,26.9373006188969,0.2,27.0109896431263,27
1427.5,27.2427553925614,27.5768536321941,26.9373006188969,0.2,27.0110033062722,27
1428.0,27.2427553925614,27.5768536321941,26.9373006188969,0.2,27.011016275333,27
1428.5,27.2427553925614,27.5768536321941,26.9373006188969,0.2,27.0110285774708,27
1429.0,27.2427553925614,27.5768536321941,26.9373006188969,0.2,27.011040238867,27
1429.5,27.2427553925614,27.5768536321941,26.9373006188969,0.2,27.0110512847562,27
1430.0,27.2427553925614,27.5768536321941,26.9373006188969,0.2,27.0110617394593,27
1430.5,27.2427553925614,27.5768536321941,26.9373006188969,0.2,27.0110716264158,27
1431.0,27.2427553925614,27.5768536321941,26.9373006188969,0.2,27.0110809682145,27
1431.5,27.2427553925614,27.5768536321941,26.9373006188969,0.2,27.0110897866235,27
1432.0,27.2427553925614,27.5768536321941,26.9373006188969,0.2,27.0110981026189,27
1432.5,27.2427553925614,27.5768536321941,26.9373006188969,0.2,27.0111059364128,27
1433.0,27.2427553925614,27.5768536321941,26.9373006188969,0.2,27.0111133074798,27
1433.5,27.2427553925614,27.5768536321941,26.9373006188969,0.2,27.0111202345835,27
1434.0,27.2427553925614,27.5768536321941,26.9373006188969,0.2,27.0111267358008,27
1434.5,27.2427553925614,27.5768536321941,26.9373006188969,0.2,27.0111328285466,27
1435.0,27.2427553925614,27.5768536321941,26.9373006188969,0.2,27.0111385295972,27
1435.5,27.2427553925614,27.5768536321941,26.9373006188969,0.2,27.0111438551123,27
1436.0,27.2427553925614,27.5768536321941,26.9373006188969,0.2,27.011148820657,27
1436.5,27.2427553925614,27.5768536321941,26.9373006188969,0.2,27.0111534412231,27
1437.0,27.2427553925614,27.5768536321941,26.9373006188969,0.2,27.0111577312487,27
1437.5,27.2427553925614,27.5768536321941,26.9373006188969,0.2,27.0111617046383,27
1438.0,27.2427553925614,27.5768536321941,26.9373006188969,0.2,27.0111653747814,27
1438.5,27.2427553925614,27.5768536321941,26.9373006188969,0.2,27.0111687545708,27
1439.0,27.2427553925614,27.5768536321941,26.9373006188969,0.2,27.0111718564204,27
1439.5,27.2427553925614,27.5768536321941,26.9373006188969,0.2,27.0111746922815,27
1440.0,27.2427553925614,27.5768536321941,26.9373006188969,0.2,27.0111772736599,27
1440.5,27.2427553925614,27.5768536321941,26.9373006188969,0.2,27.0111796116314,27
1441.0,27.2427553925614,27.5768536321941,26.9373006188969,0.2,27.0111817168573,27
1441.5,27.2427553925614,27.5768536321941,26.9373006188969,0.2,27.0111835995984,27
1442.0,27.2427553925614,27.5768536321941,26.9373006188969,0.2,27.0111852697304,27
1442.5,27.2427553925614,27.5768536321941,26.9373006188969,0.2,27.0111867367565,27
1443.0,27.2427553925614,27.5768536321941,26.9373006188969,0.2,27.0111880098214,27
1443.5,27.2427553925614,27.5768536321941,26.9373006188969,0.2,27.0111890977237,27
1444.0,27.2427553925614,27.5768536321941,26.9373006188969,0.2,27.0111900089284,27
1444.5,27.2427553925614,27.5768536321941,26.9373006188969,0.2,27.0111907515786,27
1445.0,27.2427553925614,27.5768536321941,26.9373006188969,0.2,27.0111913335075,27
1445.5,27.2427553925614,27.5768536321941,26.9373006188969,0.2,27.0111917622489,27
1446.0,27.2427553925614,27.5768536321941,26.9373006188969,0.2,27.0111920450481,27
1446.5,27.2427553925614,27.5768536321941,26.9373006188969,0.2,27.0111921888726,27
1447.0,27.2427553925614,27.5768536321941,26.9373006188969,0.2,27.0111922004216,27
1447.5,27.2427553925614,27.5489763639313,26.9373006188969,0.2,27.0111920861356,27
1448.0,27.2427553925614,27.5489763639313,26.9373006188969,0.2,27.0104316391008,27
1448.5,27.2427553925614,27.5489763639313,26.9373006188969,0.2,27.0096973057259,27
1449.0,27.2427553925614,27.5489763639313,26.9373006188969,0.2,27.0089881868869,27
1449.5,27.2427553925614,27.5489763639313,26.9373006188969,0.2,27.0083034144538,27
1450.0,27.2427553925614,27.5489763639313,26.9373006188969,0.2,27.0076421502211,27
1450.5,27.2427553925614,27.5489763639313,26.9373006188969,0.2,27.0070035848766,27
1451.0,27.2427553925614,27.5489763639313,26.9373006188969,0.2,27.0063869370043,27
1451.5,27.2427553925614,27.5489763639313,26.9373006188969,0.2,27.0057914521224,27
1452.0,27.2427553925614,27.5489763639313,26.9373006188969,0.2,27.0052164017547,27
1452.5,27.2427553925614,27.5489763639313,26.9373006188969,0.2,27.0046610825335,27
1453.0,27.2427553925614,27.5489763639313,26.9373006188969,0.2,27.0041248153338,27
1453.5,27.2427553925614,27.5489763639313,26.9373006188969,0.2,27.0036069444372,27
1454.0,27.2427553925614,27.5489763639313,26.9373006188969,0.2,27.0031068367245,27
1454.5,27.2427553925614,27.5489763639313,26.9373006188969,0.2,27.0026238808968,27
1455.0,27.2427553925614,27.5489763639313,26.9373006188969,0.2,27.0021574867227,27
1455.5,27.2427553925614,27.5489763639313,26.9373006188969,0.2,27.0017070843117,27
1456.0,27.2427553925614,27.5489763639313,26.9373006188969,0.2,27.0012721234129,27
1456.5,27.2427553925614,27.5489763639313,26.9373006188969,0.2,27.000852072738,27
1457.0,27.2427553925614,27.5489763639313,26.9373006188969,0.2,27.0004464193066,27
1457.5,27.2427553925614,27.5489763639313,26.9373006188969,0.2,27.0000546678159,27
1458.0,27.2427553925614,27.5489763639313,26.9373006188969,0.2,26.9996763400302,27
1458.5,27.2427553925614,27.5489763639313,26.9373006188969,0.2,26.999310974193,27
1459.0,27.2427553925614,27.5489763639313,26.9373006188969,0.2,26.9989581244583,27
1459.5,27.2427553925614,27.5489763639313,26.9373006188969,0.2,26.9986173603424,27
1460.0,27.2427553925614,27.5489763639313,26.9373006188969,0.2,26.9982882661938,27
1460.5,27.2427553925614,27.5489763639313,26.9373006188969,0.2,26.9979704406821,27
1461.0,27.2427553925614,27.5489763639313,26.9373006188969,0.2,26.9976634963037,27
1461.5,27.2427553925614,27.5489763639313,26.9373006188969,0.2,26.9973670589056,27
1462.0,27.2427553925614,27.5489763639313,26.9373006188969,0.2,26.9970807672249,27
1462.5,27.2427553925614,27.5489763639313,26.9373006188969,0.2,26.9968042724439,27
1463.0,27.2427553925614,27.5489763639313,26.9373006188969,0.2,26.9965372377618,27
1463.5,27.2427553925614,27.5489763639313,26.9373006188969,0.2,26.9962793379796,27
1464.0,27.2427553925614,27.5489763639313,26.9373006188969,0.2,26.9960302591005,27
1464.5,27.2427553925614,27.5489763639313,26.9373006188969,0.2,26.9957896979438,27
1465.0,27.2427553925614,27.5489763639313,26.9373006188969,0.2,26.9955573617715,27
1465.5,27.2427553925614,27.5489763639313,26.9373006188969,0.2,26.9953329679287,27
1466.0,27.2427553925614,27.5489763639313,26.9373006188969,0.2,26.9951162434957,27
1466.5,27.2427553925614,27.5489763639313,26.9373006188969,0.2,26.9949069249526,27
1467.0,27.2427553925614,27.5489763639313,26.9373006188969,0.2,26.9947047578551,27
1467.5,27.2427553925614,27.5489763639313,26.9373006188969,0.2,26.9945094965216,27
1468.0,27.2427553925614,27.5489763639313,26.9373006188969,0.2,26.9943209037311,27
1468.5,27.2427553925614,27.5489763639313,26.9373006188969,0.2,26.9941387504316,27
1469.0,27.2427553925614,27.5489763639313,26.9373006188969,0.2,26.9939628154586,27
1469.5,27.2427553925614,27.5489763639313,26.9373006188969,0.2,26.9937928852629,27
1470.0,27.2427553925614,27.5489763639313,26.9373006188969,0.2,26.9936287536484,27
1470.5,27.2427553925614,27.5489763639313,26.9373006188969,0.2,26.9934702215182,27
1471.0,27.2427553925614,27.5489763639313,26.9373006188969,0.2,26.9933170966303,27
1471.5,27.2427553925614,27.5489763639313,26.9373006188969,0.2,26.9931691933614,27
1472.0,27.2427553925614,27.5489763639313,26.9373006188969,0.2,26.9930263324782,27
1472.5,27.2427553925614,27.5489763639313,26.9373006188969,0.2,26.9928883409175,27
1473.0,27.2427553925614,27.5489763639313,26.9373006188969,0.2,26.9927550515736,27
1473.5,27.2427553925614,27.5489763639313,26.9373006188969,0.2,26.9926263030929,27
1474.0,27.2427553925614,27.5489763639313,26.9373006188969,0.2,26.9925019396754,27
1474.5,27.2427553925614,27.5489763639313,26.9373006188969,0.2,26.9923818108835,27
1475.0,27.2427553925614,27.5489763639313,26.9373006188969,0.2,26.9922657714574,27
1475.5,27.2427553925614,27.5489763639313,26.9373006188969,0.2,26.9921536811362,27
1476.0,27.2427553925614,27.5489763639313,26.9373006188969,0.2,26.9920454044857,27
1476.5,27.2427553925614,27.5489763639313,26.9373006188969,0.2,26.9919408107326,27
1477.0,27.2427553925614,27.5489763639313,26.9373006188969,0.2,26.991839773603,27
1477.5,27.2427553925614,27.5489763639313,26.9373006188969,0.2,26.991742171168,27
1478.0,27.2427553925614,27.5489763639313,26.9373006188969,0.2,26.9916478856939,27
1478.5,27.2427553925614,27.5489763639313,26.9373006188969,0.2,26.9915568034973,27
1479.0,27.2427553925614,27.5489763639313,26.9373006188969,0.2,26.9914688148057,27
1479.5,27.2427553925614,27.5489763639313,26.9373006188969,0.2,26.9913838136229,27
1480.0,27.2427553925614,27.5489763639313,26.9373006188969,0.2,26.9913016975987,27
1480.5,27.2427553925614,27.5489763639313,26.9373006188969,0.2,26.9912223679033,27
1481.0,27.2427553925614,27.5489763639313,26.9373006188969,0.2,26.9911457291061,27
1481.5,27.2427553925614,27.5489763639313,26.9373006188969,0.2,26.9910716890582,27
1482.0,27.2427553925614,27.5489763639313,26.9373006188969,0.2,26.99100015878,27
1482.5,27.2427553925614,27.5489763639313,26.9373006188969,0.2,26.9909310523514,27
1483.0,27.2427553925614,27.5489763639313,26.9373006188969,0.2,26.9908642868068,27
1483.5,27.2427553925614,27.5489763639313,26.9373006188969,0.2,26.9907997820329,27
1484.0,27.2427553925614,27.5489763639313,26.9373006188969,0.2,26.990737460671,27
1484.5,27.2427553925614,27.5489763639313,26.9373006188969,0.2,26.9906772480216,27
1485.0,27.2427553925614,27.5489763639313,26.9373006188969,0.2,26.990619071953,27
1485.5,27.2427553925614,27.5489763639313,26.9373006188969,0.2,26.9905628628128,27
1486.0,27.2427553925614,27.5489763639313,26.9373006188969,0.2,26.9905085533426,27
1486.5,27.2427553925614,27.5489763639313,26.9373006188969,0.2,26.9904560785956,27
1487.0,27.2427553925614,27.5489763639313,26.9373006188969,0.2,26.9904053758567,27
1487.5,27.2427553925614,27.5489763639313,26.9373006188969,0.2,26.9903563845657,27
1488.0,27.2427553925614,27.5489763639313,26.9373006188969,0.2,26.9903090462435,27
1488.5,27.2427553925614,27.5489763639313,26.9373006188969,0.2,26.9902633044197,27
1489.0,27.2427553925614,27.5489763639313,26.9373006188969,0.2,26.9902191045642,27
1489.5,27.2427553925614,27.5489763639313,26.9373006188969,0.2,26.9901763940198,27
1490.0,27.2427553925614,27.5489763639313,26.9373006188969,0.2,26.990135121938,27
1490.5,27.2427553925614,27.5489763639313,26.9373006188969,0.2,26.9900952392166,27
1491.0,27.2427553925614,27.5489763639313,26.9373006188969,0.2,26.9900566984396,27
1491.5,27.2427553925614,27.5489763639313,26.9373006188969,0.2,26.9900194538191,27
1492.0,27.2427553925614,27.5489763639313,26.9373006188969,0.2,26.9899834611394,27
1492.5,27.2427553925614,27.5489763639313,26.9373006188969,0.2,26.9899486777028,27
1493.0,27.2427553925614,27.5489763639313,26.9373006188969,0.2,26.989915062277,27
1493.5,27.2427553925614,27.5489763639313,26.9373006188969,0.2,26.9898825750454,27
1494.0,27.2427553925614,27.5489763639313,26.9373006188969,0.2,26.9898511775575,27
1494.5,27.2427553925614,27.5489763639313,26.9373006188969,0.2,26.9898208326827,27
1495.0,27.2427553925614,27.5489763639313,26.9373006188969,0.2,26.989791504564,27
1495.5,27.2427553925614,27.5489763639313,26.9373006188969,0.2,26.989763158575,27
1496.0,27.2427553925614,27.5489763639313,26.9373006188969,0.2,26.989735761277,27
1496.5,27.2427553925614,27.5489763639313,26.9373006188969,0.2,26.9897092803784,27
1497.0,27.2427553925614,27.5489763639313,26.9373006188969,0.2,26.989683684695,27
1497.5,27.2427553925614,27.5489763639313,26.9373006188969,0.2,26.9896589441121,27
1498.0,27.2427553925614,27.5489763639313,26.9373006188969,0.2,26.9896350295476,27
1498.5,27.2427553925614,27.5489763639313,26.9373006188969,0.2,26.9896119129164,27
1499.0,27.2427553925614,27.5489763639313,26.9373006188969,0.2,26.9895895670962,27
1499.5,27.2427553925614,27.5489763639313,26.9373006188969,0.2,26.9895679658944,27
1500.0,27.2427553925614,27.5489763639313,26.9373006188969,0.2,26.9895470840161,27
