Time,T1Mesure,T2Mesure,T3Mesure,TECEntr_e_SortieAmpli,T1Vmesure_0_5V_,T2Vmesure_0_5V_,T3Vmesure_0_5V_,R_gulateurSortie,PerturbationCourant,T3Estimation,AmpliEntr_e,R_gulateurEntr_e,Consigne,T1Perturbation,T2Perturbation,T3Perturbation,PWM_DACSortie,TECSortie,T1R_sistance,T2R_sistance,T3R_sistance
0,23.4841028396258,23.4841028396258,23.4841028396258,-0.8,2.41753594576171,2.41753594576171,2.41753594576171,0,0,23.5,0,0,27,0,0,0,5,-2.52512,10683.2646161957,10683.2646161957,10683.2646161957
0.5,23.4841028396258,23.4841028396258,23.4841028396258,-0.00249521930520359,2.41813308134309,2.4175554785854,2.41754205854286,0,0,23.5,2.49220243967124,0,27,0,0,0,5,-0.00787591021494462,10684.8129325168,10683.3152593008,10683.2804648872
1,23.4841028396258,23.4841028396258,23.4841028396258,-0.0031083405757704,2.41823639842223,2.4175778209563,2.4175492913328,0,0,23.5,2.49028643570072,0,27,0,0,0,5,-0.00981116619336169,10685.0808474961,10683.3731870738,10683.2992174723
1.5,23.4841028396258,23.4841028396258,23.4841028396258,-0.00371194544489541,2.41833910900243,2.41760257194555,2.4175575462969,0,0,23.5,2.4884001704847,0,27,0,0,0,5,-0.0117163846022679,10685.3471966219,10683.4373601267,10683.3206203083
2,23.4841028396258,23.4841028396258,23.4841028396258,-0.00411993155446083,2.41844121522818,2.41762956894894,2.41756679611005,0,0,23.5,2.48712521389231,0,27,0,0,0,5,-0.0130041519585002,10685.6119853344,10683.5073569801,10683.344602565
2.5,23.4841028396258,23.4841028396258,23.4841028396258,-0.0041811492551173,2.41854271678982,2.41765865929854,2.41757701406241,0,0,23.5,2.48693390857776,0,27,0,0,0,5,-0.0131973795088523,10685.8752127103,10683.5827819161,10683.3710950088
3,23.4841028396258,23.4841028396258,23.4841028396258,-0.00381796968227761,2.41864361243227,2.41768969965928,2.41758817404595,0,0,23.5,2.48806884474288,0,27,0,0,0,0,-0.012051039505141,10686.1368753753,10683.6632634126,10683.4000299674
3.5,23.4841028396258,23.4841028396258,23.4841028396258,-0.00321651315179125,2.41874390070021,2.41772255546286,2.41760025054133,0,0,23.5,2.48994839640065,0,27,0,0,0,0,-0.0101526021123139,10686.3969694359,10683.7484526745,10683.431341296
4,23.4841028396258,23.4841028396258,23.4841028396258,-0.00260462283609513,2.41884358347322,2.41775710037527,2.41761321860507,0,0,23.5,2.4918605536372,0,27,0,0,0,0,-0.00822123151985068,10686.6554996484,10683.8380222523,10683.4649643436
4.5,23.4841028396258,23.4841028396258,23.4841028396258,-0.00217054294450989,2.41894266555347,2.41779321579721,2.41762705385684,0,0,23.4995661756343,2.49321705329841,0,27,0,0,0,0,-0.00685110175005102,10686.9124783504,10683.9316647462,10683.5008359203
5,23.4841028396258,23.4841028396258,23.4841028396258,-0.00206745459902464,2.41904115417474,2.41783079039444,2.41764173246725,0,0,23.4991467098576,2.49353920437805,0,27,0,0,0,0,-0.00652571369636138,10687.167924188,10684.0290915878,10683.538894265
5.5,23.4841028396258,23.4841028396258,23.4841028396258,-0.00239052973608366,2.41913905771138,2.41786971965695,2.41765723114586,0,0,23.4987411157014,2.49252959457474,0,27,0,0,0,5,-0.00754546805897448,10687.4218587685,10684.1300318972,10683.5790790146
6,23.4841028396258,23.4841028396258,23.4841028396258,-0.00297986306059656,2.41923638477426,2.41790990548451,2.4176735271293,1.40066043084172,0,23.4983489228957,2.49068792793564,1.40066043084172,27,0,0,0,5,-0.00940563976446697,10687.6743043155,10684.2342314076,10683.6213311731
6.5,23.5655155936366,23.4841028396258,23.4841028396258,0.423744107327276,2.40510406044261,2.41769676937652,2.41761144537844,1.40066043084172,0,23.4979696772939,3.82420033539774,1.40066043084172,27,0,0,0,5,1.33750590036781,10651.0824731893,10683.6815938742,10683.4603667901
7,23.6469604268457,23.5112368929362,23.4841028396258,0.42336547220515,2.39072697682851,2.4169744411247,2.41738716580005,1.40066043084172,0,23.4976045217599,3.82301710064109,1.40066043084172,27,0,0,0,5,1.33631077646834,10613.9894931549,10681.8088990004,10682.8788798382
7.5,23.7284378742585,23.5112368929362,23.4841028396258,0.423045573115842,2.37644060680293,2.41577595756998,2.41700487119437,1.40066043084172,0,23.4979960399416,3.82201741598701,1.40066043084172,27,0,0,0,5,1.33530104698284,10577.2623122285,10678.7024806676,10681.8877845946
8,23.8099484716143,23.5112368929362,23.5112368929362,0.422861498236122,2.36224443067515,2.41413252282944,2.41646870536923,1.41955641053997,0,23.498381263191,3.82144218198788,1.40064749472361,27,0,0,0,5,1.33472003303249,10540.8964054745,10674.4442846578,10680.4979396444
8.5,23.8914927554073,23.5383744710102,23.5112368929362,0.429164034998615,2.34792879283632,2.41206970112873,2.4157815543195,1.41955641053997,0,23.4987634495448,3.84113760937067,1.40064749472361,27,0,0,0,5,1.35461336006963,10504.3544107219,10669.1019240554,10678.7169850352
9,23.9730712629071,23.5383744710102,23.5112368929362,0.429426647963239,2.33369903424703,2.40961127733863,2.41494615131758,1.41955641053997,0,23.4998857455454,3.84195827488512,1.40064749472361,27,0,0,0,5,1.35544227163117,10468.160251177,10662.7386255792,10676.5522048755
9.5,24.0274762134222,23.5655155936366,23.5112368929362,0.429918645709479,2.31955933906423,2.40678360551959,2.41396643373176,1.41955641053997,0,23.5009855353427,3.84349576784212,1.40064749472361,27,0,0,0,0,1.3569952133174,10432.3215200098,10655.424421653,10674.0140396566
10,24.1091129565378,23.5655155936366,23.5112368929362,0.430381943642911,2.30550918565522,2.40361144143488,2.41284625251359,1.43715112189923,0,23.5028061251654,3.8449435738841,1.39887754993386,27,0,0,0,0,1.35845756691449,10396.8338411871,10647.2252964291,10671.1127372056
10.5,24.1907853600284,23.5926602806124,23.5383744710102,0.436816705811005,2.29133890262056,2.40011427519756,2.41158820318059,1.43715112189923,0,23.5045848766511,3.86505220565939,1.39887754993386,27,0,0,0,5,1.37876825022186,10361.1673806741,10638.1936752545,10667.8553229255
11,24.2724939641853,23.6198085517439,23.5383744710102,0.436682646458319,2.27725420762026,2.39631020529141,2.41019474205989,1.43715112189923,0,23.5070663245294,3.86463327018225,1.39887754993386,27,0,0,0,5,1.37834510528104,10325.8397368008,10628.3784263209,10664.2484907097
11.5,24.3542393101723,23.6469604268457,23.5383744710102,0.436373774945832,2.26325894337696,2.39222022735158,2.40866953157639,1.43715112189923,0,23.5102291407357,3.86366804670572,1.39887754993386,27,0,0,0,5,1.37737018323902,10290.8576221341,10617.8358879661,10660.30208146
12,24.4360219400472,23.6469604268457,23.5655155936366,0.436005565818086,2.24935258969684,2.38786405960414,2.40701615334697,1.45240950178036,0,23.5140526955912,3.86251739318152,1.39437892176352,27,0,0,0,5,1.37620796794821,10256.2168098876,10606.619049338,10656.0257466138
12.5,24.5178423967833,23.6741159257419,23.5655155936366,0.441960424980412,2.23532633720603,2.38325647733578,2.40523694524768,1.45240950178036,0,23.5177765037482,3.88112632806379,1.39437892176352,27,0,0,0,5,1.39500388540817,10221.396935561,10594.7681092431,10651.4259395788
13,24.5997012242892,23.7012750682655,23.5655155936366,0.441744191097047,2.22138450931671,2.37841111028398,2.40333409963074,1.45240950178036,0,23.5221472417052,3.88045059717827,1.39437892176352,27,0,0,0,5,1.39432136477872,10186.9050713329,10582.3202698679,10646.5087576266
13.5,24.6542953620842,23.7284378742585,23.5926602806124,0.441707865500685,2.20753146972597,2.37334477060171,2.40131102597407,1.45240950178036,0,23.5271453580272,3.88033707968964,1.39437892176352,27,0,0,0,5,1.39420670666636,10152.7492154498,10569.3208298578,10641.2834595064
14,24.7362193521701,23.7827745560676,23.5926602806124,0.441899947498011,2.19376669218796,2.36807324498177,2.39917105834648,1.46500574923103,0,23.5327514099535,3.88093733593129,1.3868994360186,27,0,0,0,5,1.39481299428272,10118.9252649147,10555.8123346331,10635.7591194139
14.5,24.8181831681886,23.8099484716143,23.6198085517439,0.442339707611369,2.18008965173975,2.36261135404084,2.39691745622492,1.46500574923103,0,23.5396875372844,3.88231158628553,1.3868994360186,27,0,0,0,0,1.39620105310452,10085.4291775617,10541.8347234737,10629.9446269681
15,24.9001873576633,23.8371261300921,23.6198085517439,0.442827326070282,2.16649982606589,2.35697301058073,2.39455340607057,1.46500574923103,0,23.5471696993596,3.88383539396963,1.3868994360186,27,0,0,0,0,1.39774017200824,10052.2569742029,10527.425476077,10623.8486892967
15.5,24.9822324691539,23.8643075513903,23.6469604268457,0.44307425924301,2.15299669817239,2.35117127436738,2.39208202287395,1.46500574923103,0,23.5551817008547,3.8846070601344,1.3868994360186,27,0,0,0,5,1.39851959187464,10019.4047439185,10512.6197521098,10617.4798331813
16,25.0369522159725,23.8914927554073,23.6469604268457,0.442996546010567,2.13957975554762,2.34521840363212,2.3895063516691,1.47294290437702,0,23.5637078714202,3.88436420628302,1.37451685143192,27,0,0,0,5,1.39827429782776,9986.86864074298,10497.4505239309,10610.8464072545
16.5,25.1190667527258,23.9186817620519,23.6741159257419,0.4489949272516,2.12604109498939,2.33912217420784,2.38682820768636,1.47294290437702,0,23.572732516431,3.90310914766125,1.37451685143192,27,0,0,0,5,1.41720758837695,9954.14439658389,10481.9392210401,10603.9535962964
17,25.2012236795485,23.9730712629071,23.6741159257419,0.44864255371936,2.1125839840011,2.33288962589197,2.38404926758205,1.47294290437702,0,23.5822404655381,3.902007980373,1.37451685143192,27,0,0,0,5,1.41609535655979,9921.72328476068,10466.1053177724,10596.8062357809
17.5,25.2834235489835,24.0002717969842,23.7012750682655,0.448305159331544,2.09921296798172,2.32653138063886,2.38117243752308,1.47294290437702,0,23.5929592224833,3.90095362291107,1.37451685143192,27,0,0,0,5,1.41503040491409,9889.61377180594,10449.9772861563,10589.412326836
18,25.3382475923215,24.0274762134222,23.7012750682655,0.448062311108623,2.08592752848202,2.32005740862368,2.37820055893754,1.47724797603609,0,23.6041079588676,3.90019472221445,1.35835681645296,27,0,0,0,5,1.41426387878326,9857.81211628502,10433.5818035676,10581.7797006199
18.5,25.4205202637477,24.081896773225,23.7284378742585,0.447982431205956,2.07272714836387,2.31347706509637,2.37513640906945,1.47724797603609,0,23.6156737690329,3.89994509751861,1.35835681645296,27,0,0,0,5,1.41401174585848,9826.31463081166,10416.9438519285,10573.916018546
19,25.5028373568518,24.1091129565378,23.7556043635723,0.448117811053927,2.05961131108603,2.30679912759542,2.37198270234714,1.47724797603609,0,23.6283862548236,3.90036815954352,1.35835681645296,27,0,0,0,5,1.41443905881062,9795.11767932901,10400.0868181883,10565.8287747019
19.5,25.5577403725541,24.1363331021075,23.7556043635723,0.448503180375333,2.04657950125276,2.30003183092251,2.36874209172362,1.47724797603609,0,23.6414662987788,3.90157243867292,1.35835681645296,27,0,0,0,0,1.4156554385367,9764.21767743489,10383.0325893429,10557.525298291
20,25.6401327397658,24.1907853600284,23.7827745560676,0.449001651025122,2.03363120589176,2.29318290001223,2.36541716998948,1.47745818878238,0,23.6549030699155,3.90313015945351,1.3380387720338,27,0,0,0,0,1.4172288112957,9733.6110944258,10365.8016422327,10549.0127560941
20.5,25.7225710162255,24.2180175124118,23.8099484716143,0.449316378708959,2.02076591723137,2.28625958082192,2.3620104710592,1.47745818878238,0,23.6694286076093,3.9041136834655,1.3380387720338,27,0,0,0,5,1.41822221775696,9703.29445883472,10348.4131283518,10540.2981549456
21,25.7775556488852,24.2724939641853,23.8099484716143,0.449299702167417,2.00798313276689,2.27926866936031,2.35852447123084,1.47745818878238,0,23.6842652853014,3.90406156927318,1.3380387720338,27,0,0,0,5,1.41816957992123,9673.2643575133,10330.8849539003,10531.3883442224
21.5,25.8600716860932,24.2997383036723,23.8371261300921,0.449058994259046,1.9952823520102,2.27221653896582,2.35496159041999,1.47745818878238,0,23.7001469847014,3.90330935705952,1.3380387720338,27,0,0,0,5,1.41740980947925,9643.5174269801,10313.2338553061,10522.2900183407
22,25.9151086793285,24.3542393101723,23.8643075513903,0.44871467099619,1.98266307476303,2.26510916593952,2.35132419336823,1.47340628396933,0,23.7162966829909,3.90223334686309,1.31348132680366,27,0,0,0,5,1.41632298753237,9614.05034848293,10295.4754704364,10513.0097192583
22.5,25.9977040391247,24.3814960173485,23.8914927554073,0.448367384111615,1.97012480131541,2.25795215363131,2.34761459082659,1.47340628396933,0,23.7334500422161,3.9011480753488,1.31348132680366,27,0,0,0,5,1.4152268112099,9584.85984762862,10277.6244057155,10503.5538389789
23,26.0803477446977,24.4360219400472,23.8914927554073,0.44810003984546,1.95766703268376,2.250750755072,2.34383504071464,1.47340628396933,0,23.7508310895236,3.90031262451706,1.31348132680366,27,0,0,0,5,1.41438296576821,9555.94269411457,10259.6942993557,10493.9286220569
23.5,26.1354706865372,24.4632911958012,23.9186817620519,0.447979449958835,1.94528927079864,2.24350989423861,2.3399877492553,1.47340628396933,0,23.7691777110835,3.89993578112136,1.31348132680366,27,0,0,0,5,1.41400233585007,9527.29570135182,10241.697880904,10484.1401680979
24,26.2181962264544,24.5178423967833,23.9458745912424,0.448071463197377,1.93299102053623,2.23623418603471,2.33607487208643,1.46523610767365,0,23.7877148513506,3.9002233224918,1.28491405945976,27,0,0,0,5,1.4142927664362,9498.91573034658,10223.6470272956,10474.1944342543
24.5,26.2733742499892,24.5451243823126,23.9730712629071,0.442140210512392,1.92097814486168,2.22893169033597,2.33209968053659,1.46523610767365,0,23.8071814499877,3.88168815785123,1.28491405945976,27,0,0,0,0,1.39557136046131,9471.2738320294,10205.562057904,10464.1001950252
25,26.3561832023798,24.5997012242892,24.0002717969842,0.442646413105366,1.90904687338225,2.22161018615417,2.32806545777126,1.46523610767365,0,23.8268033132635,3.88327004095427,1.28491405945976,27,0,0,0,0,1.39716913832578,9443.89717195669,10187.4624553558,10453.8662283993
25.5,26.411417361875,24.6269961211087,24.0274762134222,0.443018966450362,1.8971921907674,2.21427298016481,2.32397415159637,1.46523610767365,0,23.8473209078263,3.88443427015738,1.28491405945976,27,0,0,0,5,1.39834506570392,9416.77238460638,10169.3565376203,10443.4979021453
26,26.466674271941,24.6815989674316,24.0274762134222,0.443058874922106,1.88541362331179,2.20692316620638,2.31982766413961,1.45334482998013,0,23.8679608156047,3.88455898413158,1.25281567375813,27,0,0,0,5,1.39847103280414,9389.89660555221,10151.2520399194,10433.0004534101
26.5,26.5496026656224,24.70890695738,24.0546845321795,0.442846199053382,1.87371070022872,2.19956364040418,2.31562785353291,1.45334482998013,0,23.889464420087,3.88389437204182,1.25281567375813,27,0,0,0,5,1.3977997426921,9363.26701223824,10133.1561566952,10422.3789929209
27,26.6049171951213,24.7635361720555,24.081896773225,0.442507395304505,1.86208295127486,2.1921971132051,2.311376534863,1.45334482998013,0,23.9110590327788,3.88283561032658,1.25281567375813,27,0,0,0,5,1.39673034253914,9336.88081787363,10115.0755756452,10411.6385073613
27.5,26.6879328159923,24.7908574373021,24.1091129565378,0.442148395360652,1.85052990681455,2.18482612068368,2.30707548110185,1.45334482998013,0,23.9334879749907,3.88171373550204,1.25281567375813,27,0,0,0,5,1.39559719511636,9310.73527094371,10097.0165096844,10400.7838617266
28,26.7433060300693,24.8455133850061,24.1363331021075,0.441856731485823,1.83905109805939,2.17745303516334,2.30272642401773,1.43808061842834,0,23.9559791757182,3.8808022858932,1.21760832971272,27,0,0,0,5,1.39467658726185,9284.82765512727,10078.9847269561,10389.8198016584
28.5,26.7987030172757,24.8728481080587,24.1635572299341,0.435417584546822,1.8278514617629,2.17008379724343,2.29833221714259,1.43808061842834,0,23.9792772770467,3.86067995170882,1.21760832971272,27,0,0,0,5,1.37435206386359,9259.61704335673,10060.9946572708,10378.7538806205
29,26.8541239491003,24.9275311541499,24.1907853600284,0.435474976304526,1.81672838119681,2.16272420802929,2.2938957388108,1.43808061842834,0,24.0026102165249,3.86085930095164,1.21760832971272,27,0,0,0,5,1.3745332152076,9234.64391571927,10043.0602872819,10367.5936860216
29.5,26.9373006188969,24.9548795178615,24.2180175124118,0.435780744984726,1.80567669815224,2.15537571762607,2.28941853993781,1.43808061842834,0,24.0267233949179,3.86181482807727,1.21760832971272,27,0,0,0,0,1.37549834346979,9209.89514558205,10025.184928998,10356.3434422302
30,26.9927821645862,25.0095900283968,24.2452537071164,0.436284850684652,1.79469595906745,2.14803967635642,2.2849021343401,1.41974596565986,0,24.0508458184711,3.86339015838954,1.17966167261155,27,0,0,0,0,1.37708950270104,9185.36823985453,10007.3716284234,10345.0072654055
30.5,27.0482882575822,25.0369522159725,24.2452537071164,0.430445735538022,1.78399107502724,2.14072107390294,2.28034916560081,1.41974596565986,0,24.0757246481986,3.84514292355632,1.17966167261155,27,0,0,0,0,1.35865891965221,9161.5177080451,9989.6322231527,10333.5920876029
31,27.1038190708028,25.0916905577207,24.2724939641853,0.430544509989748,1.77335915189923,2.13342479412383,2.27576229903185,1.41974596565986,0,24.1005887656089,3.84545159371796,1.17966167261155,27,0,0,0,5,1.35897069133164,9137.88835640809,9971.9782109641,10322.1048671016
31.5,27.1593747774918,25.1190667527258,24.2997383036723,0.430358896182335,1.76279540695723,2.12615144134478,2.27114288148002,1.41974596565986,0,24.1261859816693,3.8448715505698,1.17966167261155,27,0,0,0,5,1.35838481990992,9114.46817803459,9954.41068119336,10310.5492369935
32,27.2427553925614,25.1738332931822,24.3269867456426,0.430022948412896,1.75229941054927,2.11890157209803,2.26649222724623,1.3986059520474,0,24.1517455839509,3.8438217137903,1.13930176641962,27,0,0,0,5,1.35732443437046,9091.25490259361,9936.93060050137,10298.9287348742
32.5,27.2983740930341,25.2012236795485,24.3542393101723,0.42336547220422,1.74207520332248,2.11167940877001,2.26181277832911,1.3986059520474,0,24.1780170797932,3.82301710063819,1.13930176641962,27,0,0,0,5,1.3363107764654,9068.69687153128,9919.5477444993,10287.249697186
33,27.3540182959448,25.2560187869497,24.3814960173485,0.423045573115184,1.73192131235848,2.10448915138658,2.25710701435849,1.3986059520474,0,24.2042306100339,3.82201741598495,1.13930176641962,27,0,0,0,5,1.33530104698077,9046.34667989151,9902.27176743833,10275.5185268627
33.5,27.4096881760459,25.2834235489835,24.4087568872702,0.422861498235949,1.72183245718997,2.09733074829006,2.2523760956294,1.3986059520474,0,24.2311362018736,3.82144218198734,1.13930176641962,27,0,0,0,5,1.33472003303195,9024.19147163638,9885.10206839079,10263.7383155367
34,27.4653839084336,25.3108331439291,24.4360219400472,0.422883196395418,1.71180822197075,2.09020413984211,2.24762115386232,1.37489108713312,0,24.2579637354876,3.82150998873568,1.09681450580498,27,0,0,0,5,1.3347885211025,9002.22915926989,9868.03803228741,10251.9120708643
34.5,27.5211056685516,25.3656669147103,24.4632911958012,0.416885917416971,1.70205262974938,2.08311297862593,2.24284445567314,1.37489108713312,0,24.2847167172264,3.80276849192803,1.09681450580498,27,0,0,0,0,1.31585870973493,8980.90405616282,9851.08791489845,10240.0456054625
35,27.5768536321941,25.3930911316596,24.4905646746649,0.41739451221542,1.69236391127812,2.07606090552558,2.23804830152593,1.37489108713312,0,24.3121462486356,3.80435785067319,1.09681450580498,27,0,0,0,0,1.31746403835675,8959.77245490372,9834.25988893172,10228.144789783
35.5,27.6326279755097,25.4479543315679,24.5178423967833,0.417859700976542,1.6827371525372,2.06904735954931,2.23323368084188,1.37489108713312,0,24.3394821932821,3.80581156555169,1.09681450580498,27,0,0,0,0,1.31893236016236,8938.8225411555,9817.55207186339,10216.2122202268
36,27.6884288750039,25.4753933557284,24.5451243823126,0.418022439958676,1.67317195963958,2.06207180330645,2.22840155832452,1.34936047522613,0,24.3674766950194,3.80632012487086,1.05300932199225,27,0,0,0,5,1.31944602948557,8918.05241245981,9800.96265145678,10204.2504205886
36.5,27.7442565075434,25.5302863555762,24.5724106514213,0.411598550207985,1.66387150871053,2.05513741895561,2.22355403078151,1.34936047522613,0,24.3953598215268,3.78624546939995,1.05300932199225,27,0,0,0,5,1.29916966387648,8897.90078849609,9784.49865289474,10192.2647009536
37,27.8001110503583,25.5577403725541,24.5997012242892,0.411262943763601,1.65463544332541,2.04824744230505,2.21869324407318,1.34936047522613,0,24.4238847216091,3.78519669926125,1.05300932199225,27,0,0,0,5,1.29811035569543,8877.93111260989,9768.16718352158,10180.2604678934
37.5,27.8559926810467,25.5851994284537,24.6269961211087,0.410872228618627,1.6454583622138,2.04140091835827,2.21382003157004,1.34936047522613,0,24.452281620869,3.78397571443321,1.05300932199225,27,0,0,0,5,1.29687710241184,8858.13072623403,9751.96539688049,10168.2398671967
38,27.8839437099441,25.6401327397658,24.6542953620842,0.410527551160417,1.63633988703585,2.03459693960407,2.20893520524693,1.32186741230062,0,24.4805556921512,3.7828985973763,1.00777772313951,27,0,0,0,5,1.29578916248274,8838.49788345764,9735.89057944127,10156.204982125
38.5,27.9398663062505,25.6676070365908,24.6815989674316,0.397739019536268,1.62768674821909,2.02784205330101,2.20404187444786,1.32186741230062,0,24.5094604639771,3.74293443605084,1.00777772313951,27,0,0,0,5,1.25542344126428,8819.9047144213,9719.95760700272,10144.1635362869
39,27.9958164360544,25.7225710162255,24.70890695738,0.397733995148978,1.61909797967073,2.02114286282476,2.19914325743118,1.32186741230062,0,24.5382254456929,3.74291873484055,1.00777772313951,27,0,0,0,5,1.25540758228823,8801.48611707145,9704.18139419794,10132.1234841746
39.5,28.0517942782663,25.750060740541,24.7362193521701,0.397991776111357,1.61056387637446,2.01449762153306,2.19423998217622,1.32186741230062,0,24.5676057128277,3.74372430034799,1.00777772313951,27,0,0,0,5,1.25622124211789,8783.22042279256,9688.55714711745,10120.0863872841
40,28.0797936475394,25.7775556488852,24.7635361720555,0.398499007765279,1.60208408347051,2.0079046769479,2.18933265919472,1.29252129341187,0,24.5968314161231,3.7453093992665,0.961267433550761,27,0,0,0,0,1.25782226811033,8765.10608839355,9673.08032692727,10108.0537568816
40.5,28.1358133946584,25.832561100845,24.7908574373021,0.392740010461865,1.59386180836909,2.00136618207568,2.18442304526922,1.29252129341187,0,24.6259080784482,3.72731253269333,0.961267433550761,27,0,0,0,0,1.23964456902183,8747.57518941132,9657.75533924867,10096.029902616
41,28.1918613031435,25.8600716860932,24.8181831681886,0.39296181882824,1.58569606898742,1.99488435839529,2.17951293847673,1.29252129341187,0,24.6555911114859,3.72800568383825,0.961267433550761,27,0,0,0,5,1.24034468494946,8730.19722013771,9642.58672616075,10084.0192144867
41.5,28.2198958742158,25.8875875386354,24.8455133850061,0.392836865191802,1.57758220664377,1.98845733018538,2.17460284099016,1.29252129341187,0,24.6851104022291,3.72761520372438,0.961267433550761,27,0,0,0,5,1.2399502812914,8712.96153442164,9627.56943974907,10072.0228972336
42,28.2759863628702,25.9426351290453,24.8728481080587,0.392506092186386,1.56951989133182,1.98208332663379,2.16969324115489,1.26201981228242,0,24.7144717827576,3.72658153808245,0.914211286896978,27,0,0,0,5,1.23890622937711,8695.86673680686,9612.69871153728,10060.0421160666
42.5,28.3321054642948,25.9701669086754,24.9001873576633,0.379533454943246,1.56191424859283,1.97576805856515,2.16478692517553,1.26201981228242,0,24.7444315392077,3.68604204669764,0.914211286896978,27,0,0,0,5,1.19795939718286,8679.76884224343,9597.9872211336,10048.0836279587
43,28.3601758014235,25.9977040391247,24.9275311541499,0.379155736802649,1.55436636522058,1.96951736862035,2.15988680288975,1.26201981228242,0,24.7742192546189,3.68486167750828,0.914211286896978,27,0,0,0,5,1.19676716764388,8663.82058304997,9583.44788291157,10036.1544584353
43.5,28.4163381619894,26.0252465413159,24.9548795178615,0.378908343638308,1.5468662657867,1.96332879980763,2.1549932000446,1.26201981228242,0,24.8038410405181,3.68408857386971,0.914211286896978,27,0,0,0,5,1.19598629585996,8648.00024009475,9569.07427749739,10024.2553198977
44,28.4444302308929,26.0803477446977,24.9822324691539,0.378869524828548,1.53941364113768,1.95720003310612,2.15010643161156,1.23040845547268,0,24.8333028067676,3.68396726508921,0.866678877292954,27,0,0,0,5,1.19586376816883,8632.30658180805,9554.86034835924,10012.3868951593
44.5,28.5006362597983,26.1079064878174,25.0095900283968,0.372827519240949,1.53221094428211,1.9511325832127,2.14522796206854,1.23040845547268,0,24.8633616291015,3.66508599762797,0.866678877292954,27,0,0,0,5,1.17679278173213,8617.16429926188,9540.80895111672,10000.5526505884
45,28.5287502654203,26.1354706865372,25.0369522159725,0.373336856585078,1.52505820600975,1.94512808505623,2.14035930752482,1.23040845547268,0,24.893245864148,3.66667767682837,0.866678877292954,27,0,0,0,0,1.17840045412514,8602.15138184947,9526.92320793575,9988.75616117511
45.5,28.5850003732468,26.1630403618644,25.0643190522774,0.373871484785379,1.51795064478523,1.9391841143598,2.13550069418689,1.23040845547268,0,24.9229617124134,3.66834838995431,0.866678877292954,27,0,0,0,0,1.18008795457657,8587.25725154065,9513.19686137036,9976.99786521823
46,28.613136521227,26.2181962264544,25.0916905577207,0.374156457390001,1.51088797155492,1.93329838583539,2.13065234061092,1.19798906086058,0,24.9525151698025,3.66923892934375,0.81899393207899,27,0,0,0,5,1.1809874421058,8572.48079174422,9499.62401460665,9965.27818049188
46.5,28.6412800958125,26.2457824578177,25.1190667527258,0.361531153583684,1.50427382787336,1.92747610200865,2.1258167624876,1.19798906086058,0,24.9826641419552,3.62978485494901,0.81899393207899,27,0,0,0,5,1.14113693317154,8558.6640287373,9486.21603998555,9953.60306583757
47,28.6975896166404,26.2733742499892,25.1464476577294,0.36119678558531,1.49771123236506,1.92172265295212,2.12099661272863,1.19798906086058,0,25.0126357494568,3.62873995495409,0.81899393207899,27,0,0,0,5,1.14008153402147,8544.97525136076,9472.98468372295,9941.9787830682
47.5,28.725755608869,26.3009716240628,25.1738332931822,0.360767794764545,1.49118993872515,1.91603516029219,2.11619196536668,1.19798906086058,0,25.0424363065922,3.6273993586392,0.81899393207899,27,0,0,0,5,1.13872746739481,8531.39261332976,9459.92265792744,9930.40535663393
48,28.7539291196762,26.3285746011499,25.2012236795485,0.360364014132633,1.48470968217477,1.91041090979542,2.11140288926937,1.16476008767285,0,25.0720719009095,3.62613754416448,0.77117123963619,27,0,0,0,5,1.13745297420824,8517.91514244085,9447.0230963208,9918.88279866459
48.5,28.8102987892929,26.3561832023798,25.2286188373069,0.353797381174162,1.47847222573406,1.90485103296149,2.10663060496845,1.16476008767285,0,25.1015478718916,3.60561681616926,0.77117123963619,27,0,0,0,5,1.11672605393812,8504.96114375461,9434.28797781795,9907.41388757468
49,28.8384949943032,26.411417361875,25.2560187869497,0.353724126446379,1.47227855726516,1.89935681772281,2.10187639392569,1.16476008767285,0,25.1308699297718,3.60538789514493,0.77117123963619,27,0,0,0,5,1.11649483271535,8492.11600507244,9421.71963438949,9896.00153543419
49.5,28.8666988102939,26.4390429624883,25.2834235489835,0.353936153312879,1.46612377709349,1.89392551591155,2.09714025273578,1.16476008767285,0,25.1607967738798,3.60605047910275,0.77117123963619,27,0,0,0,5,1.11716407431677,8479.36917041163,9409.31117693795,9884.64556229696
50,28.8949102604333,26.466674271941,25.3108331439291,0.354433698270549,1.46000763011526,1.888554538706,2.0924221755261,1.13127413633822,0,25.190554154821,3.60760530709547,0.723778338071598,27,0,0,0,0,1.11873452522116,8466.71974294349,9397.05612065375,9873.34578347724
50.5,28.951356155968,26.4943113114527,25.3382475923215,0.342472091364224,1.45433407215489,1.88324883994369,2.08772447101945,1.13127413633822,0,25.2201475826856,3.5702252855132,0.723778338071598,27,0,0,0,0,1.08097890918204,8455.0011522205,9384.96519662217,9862.10754950708
51,28.9795906478374,26.5219541022611,25.3656669147103,0.342810838150401,1.4487045467698,1.87801348042402,2.08304955936931,1.13127413633822,0,25.2495829330818,3.57128386922,0.723778338071598,27,0,0,0,5,1.08204812953792,8443.38820046729,9373.04933156271,9850.93645330738
51.5,29.0078328668035,26.5496026656224,25.3930911316596,0.342764214481299,1.44311022247469,1.87284533380909,2.07839730499561,1.13127413633822,0,25.2788658698722,3.57113817025406,0.723778338071598,27,0,0,0,5,1.08190096658877,8431.86233305179,9361.30080513416,9839.83196637638
52,29.0360828361725,26.5772570228114,25.4205202637477,0.342445065933624,1.43755087869384,1.86774145483371,2.07376757229966,1.097509267698,0,25.3080013220423,3.57014083104257,0.676799471183092,27,0,0,0,5,1.08089360611289,8420.42279732648,9349.71235198807,9828.79356316689
52.5,29.0643405792788,26.6049171951213,25.4479543315679,0.329440826898353,1.4324290188161,1.86270642046738,2.06916253026949,1.097509267698,0,25.3369940558126,3.52950258405735,0.676799471183092,27,0,0,0,5,1.03984702602196,8409.89603835801,9338.29379661808,9817.82620665796
53,29.0926061194847,26.6325832038644,25.4753933557284,0.329005695464367,1.42734861884777,1.85774501026645,2.06458448522812,1.097509267698,0,25.3658486801856,3.52814279832615,0.676799471183092,27,0,0,0,5,1.03847357716373,8399.46636939845,9327.0553823706,9806.93516516845
53.5,29.1208794801807,26.6602550703715,25.5028373568518,0.328692594406502,1.4222998624324,1.85285380584808,2.06003318093228,1.097509267698,0,25.3945696523008,3.52716435752032,0.676799471183092,27,0,0,0,5,1.03748530498468,8389.11336278421,9315.98877492421,9796.11959852476
54,29.1491606847854,26.6879328159923,25.5302863555762,0.328588367778259,1.41728254549164,1.84802958735575,2.05550836363916,1.06396111667758,0,25.4231612826054,3.52683864930706,0.630735486957859,27,0,0,0,5,1.0371563240553,8378.83636192422,9305.08613390093,9785.37867711108
54.5,29.1774497567463,26.7156164620956,25.5302863555762,0.322502010455536,1.41249794542992,1.84327300945429,2.05101093835906,1.06396111667758,0,25.4516277398463,3.50781878267355,0.630735486957859,27,0,0,0,5,1.01794534580186,8369.0467308106,9294.34840265766,9774.71432201888
55,29.205746719539,26.7433060300693,25.5577403725541,0.323002271560019,1.40774750774567,1.83858490141766,2.04654187439475,1.06396111667758,0,25.4799730558906,3.50938209862506,0.630735486957859,27,0,0,0,0,1.01952436995204,8359.3373105079,9283.77692046964,9764.12859926009
55.5,29.2340515966679,26.7710015413205,25.5851994284537,0.323586842857564,1.40302657616511,1.83396210123275,2.04210086755312,1.06396111667758,0,25.5082011303795,3.51120888392989,0.630735486957859,27,0,0,0,0,1.02136951079561,8349.69836127817,9273.36404196497,9753.62055541372
56,29.2623644116661,26.7987030172757,25.612663543958,0.323981175080903,1.39833496382074,1.82940163273026,2.03768761814686,1.03051962676676,0,25.5363157352218,3.51244117212782,0.585473705911262,27,0,0,0,0,1.02261418102536,8340.12929640792,9263.10257908967,9743.18925283645
56.5,29.2906851880958,26.8264104793805,25.6401327397658,0.311451634966341,1.3940757031834,1.82490808141439,2.03330414724867,1.03051962676676,0,25.564320518933,3.47328635926982,0.585473705911262,27,0,0,0,5,0.98306594060776,8331.4506998305,9253.00236770755,9732.8392356807
57,29.3190139495479,26.8541239491003,25.6676070365908,0.31114025962177,1.38985099892947,1.82048613940896,2.02895258626475,1.03051962676676,0,25.5922190108241,3.47231331131803,0.585473705911262,27,0,0,0,5,0.982083115470155,8322.85062472424,9243.07344797116,9722.57529034626
57.5,29.3473507196428,26.8818434479199,25.6950864551623,0.31068543553752,1.38565243660882,1.81613236595407,2.02463252590598,1.03051962676676,0,25.6200146250473,3.47089198605475,0.585473705911262,27,0,0,0,5,0.980647508730628,8314.31175665431,9233.30759238948,9712.39620132198
58,29.3756955220298,26.8818434479199,25.7225710162255,0.310227123809445,1.38147985171909,1.81184352188073,2.02034356328835,0.997088650048028,0,25.6477106645017,3.46945976190452,0.540915734199315,27,0,0,0,5,0.979200893592133,8305.83360169992,9223.69706536617,9702.30077459608
58.5,29.3756955220298,26.909568997344,25.750060740541,0.303594225708548,1.3775339999851,1.80762023269772,2.01608645437848,0.997088650048028,0,25.6745542488714,3.44873195533921,0.540915734199315,27,0,0,0,5,0.95826481402646,8297.82335744071,9214.24281574945,9692.29054597684
59,29.4040483803877,26.9373006188969,25.750060740541,0.303457404268384,1.37361710689651,1.80346331314005,2.01186202669645,0.997088650048028,0,25.7013299137374,3.4483043883387,0.540915734199315,27,0,0,0,5,0.957832950832729,8289.87883067642,9204.94621786973,9682.3672144547
59.5,29.432409318425,26.9650383341229,25.7775556488852,0.30361528245803,1.36972438867689,1.79936958824439,2.00766983727537,0.997088650048028,0,25.7280392401514,3.44879775768134,0.540915734199315,27,0,0,0,5,0.958331277550525,8281.99016914132,9195.7997373109,9672.52949374771
60,29.4607783598793,26.9927821645862,25.8050557620505,0.30409478919159,1.36585568784873,1.79533607018722,2.0035094508656,0.964734816229395,0,25.7546843099723,3.45029621622372,0.498126276011092,27,0,0,0,0,0.959844792604335,8274.15691849622,9186.79629188629,9662.77612229689
60.5,29.4607783598793,27.020532131871,25.832561100845,0.29217295389302,1.36241301451309,1.79136731129982,1.99938274942104,0.964734816229395,0,25.7812671392601,3.41304048091569,0.498126276011092,27,0,0,0,0,0.922214711667928,8267.19192022324,9177.94563878899,9653.11126929014
61,29.4891555285184,27.020532131871,25.8600716860932,0.292611130750007,1.35900001922056,1.78746799772507,1.99529173609844,0.964734816229395,0,25.8077891292558,3.41440978359377,0.498126276011092,27,0,0,0,0,0.923597773099324,8260.29220351626,9169.25780309516,9643.53937256383
61.5,29.5175408481398,27.0482882575822,25.8875875386354,0.292673830326638,1.35560799494044,1.78363468318514,1.99123587569098,0.964734816229395,0,25.8334947455665,3.41460571977074,0.498126276011092,27,0,0,0,5,0.923795678043001,8253.44004415846,9160.72468529644,9634.05892399041
62,29.545934342571,27.0760505633444,25.9151086793285,0.292390141682998,1.3522368150855,1.7798641237003,1.98721464229033,0.932702490906934,0,25.8591687256913,3.41371919275937,0.456332509723487,27,0,0,0,5,0.922900243208216,8246.63508553002,9152.33867104943,9624.66844478853
62.5,29.545934342571,27.1038190708028,25.9151086793285,0.279368542643114,1.34928721741404,1.7761605902911,1.98322981646591,0.932702490906934,0,25.8848119976714,3.37302669575973,0.456332509723487,27,0,0,0,5,0.881798867998725,8240.68527995317,9144.1088708686,9615.37184206304
63,29.5743360356694,27.1038190708028,25.9426351290453,0.278882061169972,1.34636519950446,1.772528577392,1.97928332501936,0.932702490906934,0,25.9104249113605,3.37150644115616,0.456332509723487,27,0,0,0,5,0.8802633378769,8234.79493182375,9136.04486613575,9606.17335069441
63.5,29.5743360356694,27.1315938016232,25.9701669086754,0.278502462418054,1.34346106789603,1.76896442946826,1.97537454868195,0.932702490906934,0,25.9352504094772,3.37032019505642,0.456332509723487,27,0,0,0,5,0.879065172376345,8228.94440798112,9128.13814073211,9597.0712657022
64,29.6027459513228,27.1593747774918,25.9977040391247,0.278331682992965,1.34057470870619,1.76546470563018,1.97150287920326,0.901436262229424,0,25.9600722203109,3.36978650935302,0.415971111875621,27,0,0,0,5,0.878526124198995,8223.13340623111,9120.38068928823,9588.06391618894
64.5,29.6027459513228,27.1871620201157,26.0252465413159,0.272185207946873,1.33790664533188,1.76202984168639,1.96766887185163,0.901436262229424,0,25.984889807877,3.35057877483398,0.415971111875621,27,0,0,0,5,0.85912539036351,8217.76518566603,9112.77312143885,9579.15234265315
65,29.6311641134495,27.1871620201157,26.0252465413159,0.272659883228133,1.33525929312663,1.75866046342431,1.96387315436154,0.901436262229424,0,26.0097026579631,3.35206213508791,0.415971111875621,27,0,0,0,0,0.860623655421278,8212.44176169624,9105.31647131401,9570.33775210687
65.5,29.6595905459979,27.2149555512227,26.0527944361882,0.273275010784131,1.3326280949766,1.75535323307027,1.96011509275016,0.901436262229424,0,26.033752365766,3.35398440870041,0.415971111875621,27,0,0,0,0,0.86256524403903,8207.15390289138,9098.00301461122,9561.61842329129
66,29.6595905459979,27.2427553925614,26.0803477446977,0.273757956337166,1.33001295040075,1.75210501101682,1.95639406532067,0.870779486209301,0,26.0578229337268,3.35549361355364,0.376870826509284,27,0,0,0,0,0.86408961338263,8201.90134825337,9090.8254942725,9552.99267168234
66.5,29.6880252729471,27.2427553925614,26.1079064878174,0.261348312693143,1.32781546574406,1.74892020631934,1.95271177174043,0.870779486209301,0,26.0819130103441,3.31671347716607,0.376870826509284,27,0,0,0,5,0.824919814184637,8197.4900121011,9083.79334187929,9544.46419487099
67,29.6880252729471,27.2705615659016,26.1079064878174,0.261085934874599,1.32563952393123,1.74580334806442,1.94907002958813,0.870779486209301,0,26.1052630373254,3.31589354648312,0.376870826509284,27,0,0,0,5,0.824091644838185,8193.12402846748,9076.91623164507,9536.03695247708
67.5,29.6880252729471,27.2983740930341,26.1354706865372,0.260621325073091,1.32347681411041,1.74275086981262,1.94546813048551,0.870779486209301,0,26.1286560392124,3.31444164085341,0.376870826509284,27,0,0,0,5,0.822625150460705,8188.78666998847,9070.18597330041,9527.70905513858
68,29.7164683183072,27.2983740930341,26.1630403618644,0.260116083272415,1.32132725610564,1.73975941592451,1.94190537956309,0.840877929479888,0,26.1520893926714,3.3128627602263,0.339164242931432,27,0,0,0,5,0.821030405241051,8184.47773654036,9063.59487032382,9519.4786535433
68.5,29.7164683183072,27.3261929957707,26.1906155348229,0.253417434087893,1.31939102249869,1.73682949256182,1.93838224434311,0.840877929479888,0,26.1748025148233,3.29192948152467,0.339164242931432,27,0,0,0,5,0.799886788955026,8180.59817352639,9057.14375320394,9511.34658884475
69,29.7449197061186,27.3261929957707,26.1906155348229,0.253211605956928,1.3174711274583,1.7339618043897,1.93489927073876,0.840877929479888,0,26.1975781335333,3.2912862686154,0.339164242931432,27,0,0,0,5,0.799237113042448,8176.75298165151,9050.83389236495,9503.31388245874
69.5,29.7449197061186,27.3540182959448,26.2181962264544,0.253305717103024,1.31556287713448,1.73115308683334,1.9314557444764,0.840877929479888,0,26.2196547491559,3.29158036594695,0.339164242931432,27,0,0,0,5,0.799534165463984,8172.93272338067,9044.65783545246,9495.37865207183
70,29.7449197061186,27.3818500154112,26.2457824578177,0.253751527088997,1.31366619559819,1.72840026942442,1.92805096548175,0.812170122436356,0,26.2418145524653,3.29297352215312,0.30327417901386,27,0,0,0,0,0.80094132010371,8169.13721638808,9038.60858115826,9487.53905655085
70.5,29.7733794604531,27.3818500154112,26.2457824578177,0.24811132838028,1.31198150622782,1.72570413644252,1.92468539942529,0.812170122436356,0,26.2640535942322,3.27534790118838,0.30327417901386,27,0,0,0,0,0.783138596899517,8165.76726262675,9032.68761348879,9479.79594391982
71,29.7733794604531,27.4096881760459,26.2733742499892,0.248630867163621,1.31031126246593,1.72306563018,1.92135958295562,0.812170122436356,0,26.2856094858279,3.27697145988632,0.30327417901386,27,0,0,0,0,0.784778469115254,8162.42743884996,9026.89676414431,9472.15032491931
71.5,29.7733794604531,27.4096881760459,26.3009716240628,0.248822376171882,1.30865112027226,1.72048172291435,1.91807279710501,0.812170122436356,0,26.3072642594406,3.27756992553713,0.30327417901386,27,0,0,0,5,0.785382948148929,8159.10903092509,9021.22915987843,9464.60032636002
72,29.8018476054133,27.4375327997469,26.3009716240628,0.248609088241954,1.30700102270081,1.7179495670279,1.91482433735607,0.784175918576437,0,26.3282541396841,3.27690340075611,0.268698344126344,27,0,0,0,5,0.784709726126903,8155.81190228471,9015.67834307073,9457.14411634684
72.5,29.8018476054133,27.4375327997469,26.3285746011499,0.235594547688365,1.30576076010661,1.71547378667648,1.91161580355934,0.784175918576437,0,26.3493607410351,3.23623296152614,0.268698344126344,27,0,0,0,5,0.743630630323555,8153.33447004034,9010.25424022758,9449.785154046
73,29.8018476054133,27.4653839084336,26.3561832023798,0.23506969972771,1.30453749549377,1.71305921070356,1.90844894635816,0.784175918576437,0,26.3698200667966,3.23459281164909,0.268698344126344,27,0,0,0,5,0.741974000220543,8150.89165355536,9004.96720772628,9442.52723598397
73.5,29.8303241651334,27.4653839084336,26.3561832023798,0.234625972869811,1.30332160805471,1.7107025200228,1.90532298136732,0.784175918576437,0,26.3904127659672,3.23320616521816,0.268698344126344,27,0,0,0,5,0.74057342076627,8148.46422044368,8999.80975783353,9435.36834650682
74,29.8303241651334,27.4932415240474,26.3837974488999,0.234380743938127,1.30211305089171,1.70840059090715,1.9022371392943,0.757325090887093,0,26.4103741254716,3.23243982480665,0.235850349811362,27,0,0,0,5,0.739799380166305,8146.05206503541,8994.77485139737,9428.30651299846
74.5,29.8303241651334,27.4932415240474,26.411417361875,0.228152633307299,1.3011119786921,1.70615414873056,1.89919181519923,0.757325090887093,0,26.430484991587,3.21297697908531,0.235850349811362,27,0,0,0,5,0.720140971771158,8144.05451368966,8989.86388116133,9421.34243275283
75,29.8303241651334,27.5211056685516,26.411417361875,0.22858029398668,1.30012134964517,1.70396409328763,1.89618748067397,0.757325090887093,0,26.4499793816096,3.21431341870838,0.235850349811362,27,0,0,0,0,0.721490839939558,8142.07823361807,8985.07862251094,9414.4769783773
75.5,29.8303241651334,27.5211056685516,26.4390429624883,0.229204515744387,1.29913666887994,1.70182735511635,1.89322335270048,0.757325090887093,0,26.4696372878153,3.21626411170121,0.235850349811362,27,0,0,0,0,0.723461133495584,8140.11424682236,8980.41218554546,9407.70815855415
76,29.8588091637784,27.5211056685516,26.4390429624883,0.229758061498891,1.29815790001601,1.69974104777058,1.8902986642549,0.731432914487186,0,26.4886920982764,3.21799394218403,0.204523160689422,27,0,0,0,0,0.725208345315099,8138.16247291909,8975.85809766998,9401.03402649874
76.5,29.8588091637784,27.5489763639313,26.466674271941,0.223745887759493,1.29738549830479,1.69770613016535,1.88741381591405,0.731432914487186,0,26.5071640734834,3.19920589924842,0.204523160689422,27,0,0,0,5,0.706231520124065,8136.6225145344,8971.41829049602,9394.45530491885
77,29.8588091637784,27.5489763639313,26.4943113114527,0.223576472191068,1.29662182543483,1.69572369788048,1.88456927721647,0.731432914487186,0,26.5258328077839,3.19867647559709,0.204523160689422,27,0,0,0,5,0.705696776823887,8135.10021613118,8967.09499384436,9387.97287407246
77.5,29.8588091637784,27.5768536321941,26.4943113114527,0.223134112908967,1.29586273819305,1.69379087856857,1.88176426742292,0.731432914487186,0,26.543930395357,3.19729410284052,0.204523160689422,27,0,0,0,5,0.704300513985862,8133.5873119067,8962.88179002598,9381.58476789319
78,29.8588091637784,27.5768536321941,26.5219541022611,0.222600888756033,1.29510821123906,1.69190497129745,1.87899802187539,0.706908504707485,0,26.5622356854432,3.1956277773626,0.175105725822726,27,0,0,0,5,0.702617445269544,8132.08374673065,8958.77264994062,9375.28906449786
78.5,29.8588091637784,27.5768536321941,26.5219541022611,0.209555926926251,1.29475812963514,1.69007074176509,1.8762720822787,0.706908504707485,0,26.5799802459157,3.15486227164453,0.175105725822726,27,0,0,0,5,0.661442327750019,8131.38621483526,8954.7778167076,9369.0890933087
79,29.8588091637784,27.6047374953695,26.5496026656224,0.20927640048535,1.29441933619106,1.68829312967558,1.87358813528323,0.706908504707485,0,26.5971823836071,3.15398875151672,0.175105725822726,27,0,0,0,5,0.660560030491959,8130.71122551221,8950.90789864297,9362.98850700889
79.5,29.8588091637784,27.6047374953695,26.5496026656224,0.209294044032848,1.29408256878231,1.68656894129621,1.87094534123247,0.706908504707485,0,26.6146201814637,3.15404388760265,0.175105725822726,27,0,0,0,5,0.660615720585283,8130.04032253078,8947.15579508296,9356.98521481054
80,29.8873026255451,27.6047374953695,26.5772570228114,0.20968015787561,1.2937478109007,1.68489517151079,1.86834287709161,0.683570117267834,0,26.6315241072293,3.15525049336128,0.147390357108296,27,0,0,0,0,0.661834450318576,8129.37347210561,8943.51483122388,9351.07717146241
80.5,29.8873026255451,27.6326279755097,26.5772570228114,0.204039589848247,1.29361532160804,1.6832726596676,1.86578108587747,0.683570117267834,0,26.6479121383106,3.13762371827577,0.147390357108296,27,0,0,0,0,0.644030561397007,8129.10956194769,8939.98670460046,9345.26498397127
81,29.8873026255451,27.6326279755097,26.6049171951213,0.204619145254401,1.29348787796754,1.68170240188554,1.86326038483916,0.683570117267834,0,26.6645622028788,3.13943482892,0.147390357108296,27,0,0,0,0,0.64585987008099,8128.85570965475,8936.57345477397,9339.54942867645
81.5,29.8873026255451,27.6326279755097,26.6049171951213,0.204929690144767,1.29336118819864,1.68018142966291,1.86077994149676,0.683570117267834,0,26.6807037058241,3.1404052817024,0.147390357108296,27,0,0,0,0,0.646840073972941,8128.60336602874,8933.26850906752,9333.92845144636
82,29.8873026255451,27.6605250946888,26.6325832038644,0.204815670569575,1.29323525193669,1.67870695210242,1.85833894071143,0.661523155195539,0,26.6963532249473,3.14004897052992,0.121458710021071,27,0,0,0,5,0.646480182585807,8128.35253021772,8930.0656934428,9328.4000447068
82.5,29.8873026255451,27.6605250946888,26.6325832038644,0.198111586018259,1.29330983941916,1.67727999064721,1.85593772706768,0.661523155195539,0,26.7122875343562,3.11909870630706,0.121458710021071,27,0,0,0,5,0.625319410108031,8128.50109033707,8926.96712247928,9322.96483221908
83,29.8873026255451,27.6605250946888,26.6602550703715,0.197565622314019,1.29338875644986,1.67590174872873,1.85357673077793,0.661523155195539,0,26.72773511419,3.11739256973131,0.121458710021071,27,0,0,0,5,0.623596130271971,8128.6582765142,8923.97530627007,9317.62363241691
83.5,29.8873026255451,27.6884288750039,26.6602550703715,0.197064213528914,1.29346721081903,1.6745694363376,1.85125512708994,0.661523155195539,0,26.7427118299007,3.11582566727785,0.121458710021071,27,0,0,0,5,0.622013483582663,8128.81454386851,8921.08409045154,9312.37442765538
84,29.8873026255451,27.6884288750039,26.6879328159923,0.196740489279998,1.29354520371292,1.67328042994152,1.84897210834327,0.640284591321006,0,26.7579939489297,3.11481402899999,0.0968024204281051,27,0,0,0,5,0.620991680363385,8128.96989471524,8918.28769253742,9307.21524570325
84.5,29.8873026255451,27.6884288750039,26.6879328159923,0.190421327144368,1.29382283909458,1.67203591934725,1.84672802981842,0.640284591321006,0,26.7728090983949,3.09506664732615,0.0968024204281051,27,0,0,0,5,0.601045876998482,8129.52292685457,8915.58860891844,9302.14674679976
85,29.8588091637784,27.6884288750039,26.7156164620956,0.190763991157267,1.29410326103638,1.67083724265373,1.84452332476928,0.640284591321006,0,26.7871725012738,3.09613747236646,0.0968024204281051,27,0,0,0,0,0.602127461688797,8130.08154389737,8912.98965749579,9297.16976808755
85.5,29.8588091637784,27.7163393385747,26.7156164620956,0.191375237071022,1.29438201180464,1.66968174892763,1.84235717556004,0.640284591321006,0,26.8010983145991,3.09804761584694,0.0968024204281051,27,0,0,0,0,0.604056798290974,8130.63686598269,8910.48501064371,9292.28232570375
86,29.8588091637784,27.7163393385747,26.7433060300693,0.191981364222536,1.29465909884238,1.66856694565443,1.84022878162457,0.620307340839759,0,26.8153613544744,3.09994176319542,0.0738554582102268,27,0,0,0,0,0.605969978032012,8131.18890733103,8908.0691930403,9287.48248060499
86.5,29.8588091637784,27.7163393385747,26.7433060300693,0.186085521129866,1.29513498299378,1.66749415700054,1.83813850859204,0.620307340839759,0,26.8291880335179,3.08151725353083,0.0738554582102268,27,0,0,0,0,0.587360338894309,8132.13709122507,8905.74500529843,9282.77092783124
87,29.8588091637784,27.7163393385747,26.7433060300693,0.186041006573724,1.2956121519421,1.6664648237541,1.83608679240587,0.620307340839759,0,26.8425925834969,3.08137814554289,0.0738554582102268,27,0,0,0,5,0.587219833149303,8133.08793461489,8903.51550040561,9278.14852166035
87.5,29.8588091637784,27.7163393385747,26.7710015413205,0.18564602837182,1.29608649536211,1.66547640394985,1.83407282218792,0.620307340839759,0,26.8555887570613,3.08014383866194,0.0738554582102268,27,0,0,0,5,0.585973123952813,8134.03324648557,8901.37510764707,9273.61330997433
88,29.8588091637784,27.7442565075434,26.7710015413205,0.185100837677904,1.2965580332514,1.66452650779583,1.83209580410746,0.601722711441596,0,26.8681898441104,3.07844011774345,0.0527240623558228,27,0,0,0,5,0.584252284046537,8134.97306495037,8899.31859335417,9269.16338491178
88.5,29.8588091637784,27.7442565075434,26.7987030172757,0.178289347758868,1.29722675439192,1.66361653719623,1.83015610430285,0.601722711441596,0,26.8811699887958,3.05715421174646,0.0527240623558228,27,0,0,0,5,0.56275249726609,8136.30605485284,8897.34893707396,9264.79945336698
89,29.8588091637784,27.7442565075434,26.7987030172757,0.177927589074396,1.29789613603426,1.66274804226923,1.8282541706487,0.601722711441596,0,26.893754036297,3.05602371585749,0.0527240623558228,27,0,0,0,5,0.561610642154422,8137.64055762587,8895.46943889124,9260.5224068489
89.5,29.8588091637784,27.7442565075434,26.7987030172757,0.177844819995999,1.29856155990044,1.66191856710875,1.82638919888598,0.601722711441596,0,26.9059548870729,3.0557650624875,0.0527240623558228,27,0,0,0,5,0.561349389835371,8138.96736470346,8893.67473187224,9256.33032352783
90,29.8303241651334,27.7442565075434,26.8264104793805,0.178132705019702,1.29922304516286,1.66112580249457,1.82456040157815,0.584035353162562,0,26.9177850076023,3.05666470318657,0.032885996959071,27,0,0,0,0,0.562258070124188,8140.28651090141,8891.95977280362,9252.22132484113
90.5,29.8303241651334,27.7442565075434,26.8264104793805,0.172464091574965,1.30008094563702,1.66037123751723,1.82276815457267,0.584035353162562,0,26.9292558918816,3.03895028617177,0.032885996959071,27,0,0,0,0,0.54436565864722,8141.99763777411,8890.32773879445,9248.19614952618
91,29.8303241651334,27.7721804040752,26.8541239491003,0.173088108782552,1.30093805324281,1.65965648071862,1.82101290782222,0.584035353162562,0,26.940378664726,3.04090033994548,0.032885996959071,27,0,0,0,0,0.546335306561249,8143.70750562532,8888.78206515842,9244.25570345595
91.5,29.8303241651334,27.7721804040752,26.8541239491003,0.173508148988253,1.30179009187111,1.65897914331472,1.81929386315539,0.584035353162562,0,26.9519261142319,3.04221296558829,0.032885996959071,27,0,0,0,0,0.547661121466522,8145.40758071558,8887.31754500483,9240.39809282819
92,29.8303241651334,27.7721804040752,26.8541239491003,0.173538840497013,1.30263709509714,1.65833697951508,1.81761023921631,0.567675660695841,0,26.963121408292,3.04230887655316,0.0147514366831842,27,0,0,0,5,0.54775799614477,8147.09792446003,8885.92928594398,9236.62146663654
92.5,29.8303241651334,27.7721804040752,26.8818434479199,0.173184208430704,1.30347909766738,1.65772787987546,1.81596127175358,0.567675660695841,0,26.9739760103233,3.04120065134595,0.0147514366831842,27,0,0,0,5,0.546638635490675,8148.7786006922,8884.6126950717,9232.92401708583
93,29.8018476054133,27.7721804040752,26.8818434479199,0.172644482324662,1.30431613271343,1.65714986300124,1.81434621324171,0.567675660695841,0,26.9845009982701,3.03951400726457,0.0147514366831842,27,0,0,0,5,0.544935044009563,8150.44967010276,8883.36346046254,9229.30397851839
93.5,29.8018476054133,27.7721804040752,26.8818434479199,0.172098993289803,1.30514823054508,1.65660106775714,1.81276433251113,0.567675660695841,0,26.9947065246052,3.03780935403063,0.0147514366831842,27,0,0,0,5,0.543213262419934,8152.11118782572,8882.1775338254,9225.75962637
94,29.8018476054133,27.7721804040752,26.909568997344,0.171695939961796,1.30597541910479,1.65607974595209,1.81121491438627,0.552508223613415,0,27.0046024178518,3.03654981238061,-0.00184096714073405,27,0,0,0,5,0.541941064895412,8153.7632043403,8881.05111424619,9222.28927615359
94.5,29.8018476054133,27.7721804040752,26.909568997344,0.165277056614634,1.30699796290457,1.65558790650618,1.80969840277829,0.552508223613415,0,27.0141987286814,3.01649080192073,-0.00184096714073405,27,0,0,0,5,0.52168050149843,8155.80578949064,8879.98852037616,9218.89384216807
95,29.8018476054133,27.8001110503583,26.909568997344,0.165507815002653,1.30801893658802,1.65512765908904,1.80821531823556,0.552508223613415,0,27.0235051702979,3.01721192188329,-0.00184096714073405,27,0,0,0,0,0.522408867274373,8157.84569689043,8878.99428778179,9215.57441057149
95.5,29.7733794604531,27.8001110503583,26.909568997344,0.166073693795478,1.30903388545761,1.65469708051453,1.80676493043812,0.552508223613415,0,27.0332927986724,3.01898029311087,-0.00184096714073405,27,0,0,0,0,0.524195007096047,8159.87402109193,8878.06424101757,9212.32926946623
96,29.7733794604531,27.8001110503583,26.9373006188969,0.166711850176797,1.31004284104313,1.65429436225892,1.80534652437956,0.538335440324317,0,27.0427821869208,3.02097453180249,-0.0171128747683355,27,0,0,0,0,0.526209283898041,8161.89081720945,8877.19445527994,9209.15674518312
96.5,29.7733794604531,27.8001110503583,26.9373006188969,0.160918818910663,1.31124645626029,1.65392146836716,1.80396054766476,0.538335440324317,0,27.0519824925699,3.00287130909582,-0.0171128747683355,27,0,0,0,0,0.507924160009616,8164.29730347691,8876.38915528402,9206.05776698526
97,29.7733794604531,27.8001110503583,26.9373006188969,0.161025173236781,1.31244711430634,1.65358044287788,1.80260751703726,0.538335440324317,0,27.0609031174436,3.00320366636494,-0.0171128747683355,27,0,0,0,5,0.508259856804575,8166.69851269448,8875.65273829755,9203.03341905843
97.5,29.7449197061186,27.8001110503583,26.9650383341229,0.16071884931815,1.31364070593567,1.65326931294023,1.80128670243193,0.538335440324317,0,27.0695531474575,3.00224640411922,-0.0171128747683355,27,0,0,0,5,0.507292975987808,8169.08621904716,8874.98092846153,9200.0820002563
98,29.7449197061186,27.8001110503583,26.9650383341229,0.160190308219831,1.31482727658379,1.65298622376625,1.79999738921353,0.525066559184665,0,27.0779408105634,3.00059471318697,-0.0311763242253662,27,0,0,0,5,0.505624688865074,8171.46050256217,8874.36970742062,9197.20184760968
98.5,29.7449197061186,27.8001110503583,26.9650383341229,0.159628011996197,1.31600686870884,1.65272943339093,1.79873887845958,0.525066559184665,0,27.086074075625,2.99883753748812,-0.0311763242253662,27,0,0,0,5,0.503849857064797,8173.82143745874,8873.81530265309,9194.39133678069
99,29.7449197061186,27.8001110503583,26.9650383341229,0.15918809569603,1.31717952223514,1.65249730581093,1.79751048661264,0.525066559184665,0,27.0939611959795,2.99746279905009,-0.0311763242253662,27,0,0,0,5,0.502461305254949,8176.16909302731,8873.31417234466,9191.64888111518
99.5,29.7449197061186,27.8001110503583,26.9927821645862,0.158997717311569,1.31834527488779,1.65228830454144,1.79631154514043,0.525066559184665,0,27.1016101480159,2.99686786659865,-0.0311763242253662,27,0,0,0,5,0.501860394922237,8178.50353429195,8872.86299120557,9188.97293072059
100,29.7164683183072,27.8001110503583,26.9927821645862,0.159158710954733,1.31950416257475,1.65210098656569,1.79514140020357,0.513141342157894,0,27.1090286406149,2.99737097173354,-0.0436114562459792,27,0,0,0,0,0.502368555257519,8180.82482276924,8872.45863717076,9186.36197156843
100.5,29.7164683183072,27.8001110503583,26.9927821645862,0.153424121753536,1.32085677408972,1.65193765261473,1.79400055676341,0.513141342157894,0,27.1162235715969,2.9794503804798,-0.0436114562459792,27,0,0,0,0,0.484267897902861,8183.5348960395,8872.10607040284,9183.81707718259
101,29.7164683183072,27.8001110503583,26.9927821645862,0.154069141462584,1.32220573683307,1.65180067586592,1.79288959169643,0.513141342157894,0,27.1232016248206,2.98146606707058,-0.0436114562459792,27,0,0,0,0,0.486303838112502,8186.2384634748,8871.81040749538,9181.33948161447
101.5,29.6880252729471,27.8001110503583,27.020532131871,0.154583716108478,1.32354676200147,1.65168838700411,1.79180783239323,0.513141342157894,0,27.1299698120407,2.98307411283899,-0.0436114562459792,27,0,0,0,0,0.487928041524799,8188.92691954223,8871.56804004871,9178.92763354369
102,29.6880252729471,27.8001110503583,27.020532131871,0.154769535087398,1.32487989866514,1.65159921631375,1.79075462040166,0.502389968963485,0,27.136534357653,2.98365479714812,-0.0546137430611836,27,0,0,0,5,0.488514560549862,8191.60034889911,8871.37557595013,9176.58001609696
102.5,29.6880252729471,27.8001110503583,27.020532131871,0.148248590963726,1.32640614344172,1.65153535753583,1.78973045976753,0.502389968963485,0,27.1429012948148,2.96327684676164,-0.0546137430611836,27,0,0,0,5,0.467931852517903,8194.66199610144,8871.23774695085,9174.29770544324
103,29.6880252729471,27.8001110503583,27.020532131871,0.147737412455026,1.32792741832943,1.65149905984638,1.78873591905245,0.502389968963485,0,27.1490770063674,2.96167941392196,-0.0546137430611836,27,0,0,0,5,0.466318368673044,8197.71469940074,8871.15940506791,9172.08192173364
103.5,29.6595905459979,27.8001110503583,27.020532131871,0.147162492323975,1.32943977229571,1.65148854922262,1.7877703214191,0.502389968963485,0,27.1550676615035,2.95988278851242,-0.0546137430611836,27,0,0,0,5,0.464503690771395,8200.75051685843,8871.13671994217,9169.93111158665
104,29.6595905459979,27.8001110503583,27.0482882575822,0.146688182785654,1.33094325653447,1.65150215797197,1.78683300439753,0.492667379826401,0,27.1608786706941,2.95840057120517,-0.064351468277647,27,0,0,0,5,0.463006580144637,8203.76953387367,8871.16609177646,9167.84375631783
104.5,29.6595905459979,27.8001110503583,27.0482882575822,0.146448799458494,1.33243791989628,1.65153832009811,1.785923320156,0.492667379826401,0,27.1665152806617,2.95765249830779,-0.064351468277647,27,0,0,0,5,0.46225099061079,8206.77183136179,8871.24414112506,9165.81837240529
105,29.6311641134495,27.8001110503583,27.0482882575822,0.146551521586475,1.33392380916422,1.65159556511801,1.78504063517716,0.492667379826401,0,27.1719831142054,2.95797350495773,-0.064351468277647,27,0,0,0,5,0.462575222735549,8209.75748629928,8871.36769537151,9163.85351063675
105.5,29.6311641134495,27.8001110503583,27.0482882575822,0.147038239315082,1.33540097148847,1.65167251225535,1.78418432994134,0.492667379826401,0,27.1772870539433,2.95949449785963,-0.064351468277647,27,0,0,0,0,0.464111498574126,8212.72657660976,8871.53377604548,9161.94775527879
106,29.6311641134495,27.8001110503583,27.0482882575822,0.14768307142899,1.33686945271072,1.65176786498831,1.78335379861731,0.483846552845421,0,27.1824318364853,2.96150959821559,-0.0729727345941186,27,0,0,0,0,0.466146846658465,8215.67917779432,8871.73958692788,9160.09972326865
106.5,29.6027459513228,27.8001110503583,27.0482882575822,0.148237341919724,1.33832930250783,1.65188040592836,1.78254844875957,0.483846552845421,0,27.1874225914964,2.96324169349914,-0.0729727345941186,27,0,0,0,0,0.467896346035416,8218.61537327279,8871.98250289062,9158.30806342655
107,29.6027459513228,27.8001110503583,27.0760505633444,0.148496772106132,1.33978057335088,1.65200899201142,1.78176770101268,0.483846552845421,0,27.1922637251799,2.96405241283166,-0.0729727345941186,27,0,0,0,0,0.468715211475796,8221.53525230015,8872.26005942788,9156.57145568911
107.5,29.6027459513228,27.8001110503583,27.0760505633444,0.14832639644568,1.34122331955691,1.65215254998136,1.78101098882211,0.483846552845421,0,27.196959513714,2.96351998889275,-0.0729727345941186,27,0,0,0,5,0.468177437741144,8224.43890806515,8872.56994283347,9154.88861036261
108,29.6027459513228,27.8001110503583,27.0760505633444,0.147850573015792,1.3426575955192,1.65231007214838,1.7802777581516,0.475818317609935,0,27.2015146416134,2.96203304067435,-0.080605856645353,27,0,0,0,5,0.466675548667045,8227.32643413124,8872.90998098411,9153.25826739563
108.5,29.5743360356694,27.8001110503583,27.0760505633444,0.140988076450468,1.34428392000484,1.65248425570595,1.77956860691266,0.475818317609935,0,27.205933636874,2.94058773890771,-0.080605856645353,27,0,0,0,5,0.445014764508258,8230.60170506291,8873.28599982105,9151.68172918062
109,29.5743360356694,27.8001110503583,27.0760505633444,0.140482008631874,1.34590538522201,1.65267787197526,1.77888421094938,0.475818317609935,0,27.2102203244289,2.93900627697461,-0.080605856645353,27,0,0,0,5,0.443417412045646,8233.86836187346,8873.70398661807,9150.16047134399
109.5,29.5743360356694,27.8001110503583,27.0760505633444,0.140190480517436,1.34751734721182,1.65288961359223,1.77822399146683,0.475818317609935,0,27.2143784187231,2.93809525161699,-0.080605856645353,27,0,0,0,5,0.442497232705236,8237.11703378083,8874.16112435986,9148.69318137097
110,29.545934342571,27.8001110503583,27.0760505633444,0.140226526916495,1.34911985684279,1.65311825075375,1.77758738174138,0.468486105166846,0,27.2184120612531,2.93820789661405,-0.087364824501239,27,0,0,0,5,0.442611009559224,8240.34780350421,8874.65476345831,9147.27857528802
110.5,29.545934342571,27.8001110503583,27.1038190708028,0.140656916977434,1.35071296470223,1.65336262885406,1.77697382760905,0.468486105166846,0,27.2223247035292,2.93955286555448,-0.087364824501239,27,0,0,0,0,0.443969492747573,8243.56075343948,8875.18241658315,9145.91539865596
111,29.545934342571,27.8001110503583,27.1038190708028,0.141293827685905,1.35229672048813,1.65362166391547,1.77638278718826,0.468486105166846,0,27.2261196990401,2.94154321151845,-0.087364824501239,27,0,0,0,0,0.44597983770779,8246.75596442957,8875.74174874433,9144.6024258653
111.5,29.5175408481398,27.8001110503583,27.1038190708028,0.141880920139259,1.35387117684655,1.65389433829665,1.77581373060868,0.468486105166846,0,27.2298008402128,2.94337787543519,-0.087364824501239,27,0,0,0,0,0.447832936327558,8249.93352350551,8876.33056798526,9143.33845944974
112,29.5175408481398,27.8001110503583,27.1038190708028,0.14220789188132,1.35543638947846,1.654179696662,1.77526613974597,0.461766905993784,0,27.2333712412888,2.94439966212912,-0.0933484965155031,27,0,0,0,0,0.448864989934198,8253.09352411099,8876.94681664931,9142.12232941695
112.5,29.5175408481398,27.8001110503583,27.1038190708028,0.142116329034629,1.35699241613691,1.65447684219626,1.7747395079627,0.461766905993784,0,27.2368339297221,2.94411352823321,-0.0933484965155031,27,0,0,0,5,0.448575980964902,8256.23606408555,8877.58856318392,9140.95289259689
113,29.4891555285184,27.8001110503583,27.1038190708028,0.14167802475105,1.35853931507303,1.6547849330493,1.77423333985494,0.461766905993784,0,27.2401923826034,2.94274382734703,-0.0933484965155031,27,0,0,0,5,0.447192517324216,8259.36124252981,8878.25399444839,9139.82903200672
113.5,29.4891555285184,27.8001110503583,27.1038190708028,0.141103158146965,1.36007714220059,1.65510317899677,1.77374715100443,0.461766905993784,0,27.2434494094892,2.94094736920926,-0.0933484965155031,27,0,0,0,5,0.44537800837508,8262.46915407403,8878.94140849367,9138.74965623164
114,29.4891555285184,27.7721804040752,27.1038190708028,0.14057014913012,1.36160595046235,1.65543083830396,1.77328046773639,0.455588942094721,0,27.2466077432741,2.93928171603162,-0.0986430973096333,27,0,0,0,5,0.44369561871431,8265.55988758678,8879.64920778535,9137.71369882172
114.5,29.4607783598793,27.7721804040752,27.1038190708028,0.133942938126737,1.3633266239241,1.65577086407551,1.77283396796538,0.455588942094721,0,27.2489089073925,2.91857168164605,-0.0986430973096333,27,0,0,0,5,0.422777489903234,8269.03975924001,8880.38377684043,9136.72265031343
115,29.4607783598793,27.7721804040752,27.1315938016232,0.133913967439716,1.36504174124814,1.65612625749857,1.77240840244924,0.455588942094721,0,27.2511433823808,2.91848114824911,-0.0986430973096333,27,0,0,0,5,0.422686046826719,8272.5097139936,8881.15160624464,9135.77816289804
115.5,29.4607783598793,27.7721804040752,27.1315938016232,0.13428160663842,1.36674680628703,1.65649593188571,1.77200326771767,0.455588942094721,0,27.2533127283694,2.91963002074506,-0.0986430973096333,27,0,0,0,0,0.423846463193508,8275.96063819981,8881.95035601853,9134.87910557609
116,29.432409318425,27.7721804040752,27.1315938016232,0.134902753220008,1.368441872435,1.65687886493267,1.77161807078454,0.451046427156768,0,27.2554190046929,2.92157110381253,-0.102167601877159,27,0,0,0,0,0.425807050263634,8279.39261767213,8882.77782483828,9134.02437169002
116.5,29.432409318425,27.7721804040752,27.1315938016232,0.135515687165443,1.3701269951843,1.65727409703588,1.7712523296325,0.451046427156768,0,27.2574636516518,2.92348652239201,-0.102167601877159,27,0,0,0,0,0.427741714969004,8282.80574274624,8883.63194638856,9133.21287993676
117,29.432409318425,27.7721804040752,27.1315938016232,0.135904025357671,1.37180223330723,1.65768072748272,1.77090557297108,0.451046427156768,0,27.2594480793955,2.92470007924272,-0.102167601877159,27,0,0,0,0,0.428967465638951,8286.20011068169,8884.51078112686,9132.44357377056
117.5,29.4040483803877,27.7721804040752,27.1315938016232,0.135894754047089,1.37346764778626,1.6580979108738,1.77057734000011,0.451046427156768,0,27.2613742019469,2.92467110639715,-0.102167601877159,27,0,0,0,5,0.428938201674231,8289.57582350316,8885.41250855451,9131.71542082125
118,29.4040483803877,27.7721804040752,27.1315938016232,0.135501971010791,1.37512330045667,1.65852485376237,1.77026718017846,0.446791712459287,0,27.2632433191222,2.92344365940872,-0.105297327648861,27,0,0,0,5,0.427698421298461,8292.93298525399,8886.33541996137,9131.02741232674
118.5,29.4040483803877,27.7721804040752,27.1315938016232,0.134934726223043,1.37676925133907,1.65896081149816,1.76997465299785,0.446791712459287,0,27.2650567050897,2.92167101944701,-0.105297327648861,27,0,0,0,5,0.425907969850413,8296.27169658527,8887.27791161571,9130.37856258011
119,29.3756955220298,27.7721804040752,27.1315938016232,0.134379335785921,1.3784055573449,1.6594050852629,1.76969932776175,0.446791712459287,0,27.2668161420913,2.919935424331,-0.105297327648861,27,0,0,0,5,0.42415493547468,8299.59205211993,8888.23847837108,9129.76790839023
119.5,29.3756955220298,27.7721804040752,27.1315938016232,0.133989572737516,1.38003227278273,1.65985701928593,1.76944078336913,0.446791712459287,0,27.2685228025362,2.91871741480474,-0.105297327648861,27,0,0,0,5,0.422924687388697,8302.8941414671,8889.21570766457,9129.19450855602
120,29.3756955220298,27.7442565075434,27.1315938016232,0.133889993202711,1.38164944968748,1.66031599822907,1.76919860810318,0.442795287617685,0,27.2701778372512,2.91840622875847,-0.10807113490047,27,0,0,0,5,0.422610374545036,8306.17804987945,8890.20827388224,9128.65744335395
120.5,29.3473507196428,27.7442565075434,27.1315938016232,0.134178557147422,1.38325713879971,1.66078144473014,1.76897239942438,0.442795287617685,0,27.2710214242558,2.91930799108569,-0.10807113490047,27,0,0,0,0,0.423521197780122,8309.44386023275,8891.21493306872,9128.15581403768
121,29.3473507196428,27.7442565075434,27.1315938016232,0.134771494251422,1.38485539057968,1.66125281709584,1.76876176376861,0.442795287617685,0,27.2718423762395,2.92116091953569,-0.10807113490047,27,0,0,0,0,0.425392744455188,8312.69165508049,8892.23451796023,9127.68874235089
121.5,29.3473507196428,27.7442565075434,27.1315938016232,0.135404753220811,1.3864442565527,1.66172960713505,1.76856631634943,0.442795287617685,0,27.272640825744,2.92313985381504,-0.10807113490047,27,0,0,0,0,0.427391563066169,8315.92151938658,8893.26593332142,9127.25537005167
122,29.3190139495479,27.7442565075434,27.1315938016232,0.13585332133402,1.38802379182527,1.66221133812314,1.76838568096488,0.440187799537455,0,27.2734174518292,2.92454162916881,-0.109366980731676,27,0,0,0,0,0.4288074234587,8319.13354564499,8894.30815156564,9126.85485844869
122.5,29.3190139495479,27.7442565075434,27.1315938016232,0.129659838672279,1.389795662482,1.66270123064194,1.76822063609518,0.440187799537455,0,27.2741723614739,2.90518699585087,-0.109366980731676,27,0,0,0,5,0.409258314785183,8322.73803189201,8895.36814509723,9126.4889293882
123,29.3190139495479,27.7442565075434,27.1315938016232,0.129321017248873,1.39156120680804,1.66320250313353,1.76807202014972,0.440187799537455,0,27.2749056762104,2.90412817890273,-0.109366980731676,27,0,0,0,5,0.408188858844342,8326.33105972424,8896.45288489714,9126.15943768011
123.5,29.2906851880958,27.7442565075434,27.1315938016232,0.128767922812091,1.39331641366191,1.66371428847704,1.76793942091617,0.440187799537455,0,27.2756180640175,2.90239975878778,-0.109366980731676,27,0,0,0,5,0.406443071564083,8329.90444703271,8897.56050271545,9125.86546569986
124,29.2906851880958,27.7442565075434,27.1315938016232,0.128195014645675,1.39506134396271,1.66423577105182,1.76782243480463,0.437653801859028,0,27.2763096210392,2.90060942076773,-0.110523848415677,27,0,0,0,5,0.404634744227608,8333.4582941091,8898.68924107666,9125.60611545306
124.5,29.2623644116661,27.7442565075434,27.1315938016232,0.127763230985866,1.3967960559172,1.66476618548018,1.76772066725847,0.437653801859028,0,27.2769804580544,2.89926009683083,-0.110523848415677,27,0,0,0,5,0.403271862283788,8336.99269602615,8899.8374505821,9125.3805094505
125,29.2623644116661,27.7163393385747,27.1315938016232,0.127603468193423,1.39852060536795,1.66530481357493,1.76763373255535,0.437653801859028,0,27.2776306820895,2.89876083810445,-0.110523848415677,27,0,0,0,5,0.40276758700572,8340.50774333467,8901.00358333014,9125.18779023295
125.5,29.2623644116661,27.7163393385747,27.1593747774918,0.127821145135495,1.40023504648041,1.66585098147226,1.76756125361261,0.437653801859028,0,27.2774991129819,2.89944107854842,-0.110523848415677,27,0,0,0,0,0.403454662505676,8344.00352345357,8902.18618673884,9125.02711990754
126,29.2340515966679,27.7163393385747,27.1593747774918,0.128381080963648,1.40193943331224,1.6664040569388,1.76750286179697,0.435791069011771,0,27.277373983483,2.9011908780114,-0.110949593393202,27,0,0,0,0,0.405222043953658,8347.48012386302,8903.38389774667,9124.89767969565
126.5,29.2340515966679,27.7163393385747,27.1593747774918,0.12902511214081,1.40363382013748,1.66696344684271,1.76745819673858,0.435791069011771,0,27.2772544821165,2.90320347544003,-0.110949593393202,27,0,0,0,0,0.407254863961253,8350.93763276393,8904.59543736818,9124.79866949194
127,29.2340515966679,27.7163393385747,27.1593747774918,0.129521964160527,1.40531826494794,1.66752859477774,1.76742690614904,0.435791069011771,0,27.2771398428314,2.90475613800165,-0.110949593393202,27,0,0,0,0,0.408823127676287,8354.37614622566,8905.81960558115,9124.72930743395
127.5,29.205746719539,27.7163393385747,27.1593747774918,0.129682179236489,1.40699282825696,1.66809897883197,1.76740864564353,0.435791069011771,0,27.2770298753905,2.90525681011403,-0.110949593393202,27,0,0,0,5,0.409328830542052,8357.79576575501,8907.05527652655,9124.68882948239
128,29.205746719539,27.7163393385747,27.1593747774918,0.129412780292707,1.40865757191848,1.66867410949204,1.76740307856689,0.434487620344157,0,27.2769238470147,2.90441493841471,-0.11076953880587,27,0,0,0,5,0.408478499715901,8361.19659589087,8908.30139400116,9124.67648901152
128.5,29.205746719539,27.7163393385747,27.1593747774918,0.128885842589557,1.4103125573674,1.66925352767441,1.76740987582348,0.434487620344157,0,27.2768210673741,2.90276825809237,-0.11076953880587,27,0,0,0,5,0.406815273549677,8364.57874061042,8909.55696722462,9124.69155640942
129,29.1774497567463,27.7163393385747,27.1593747774918,0.128303003603949,1.41195784286192,1.66983680287629,1.76742871571086,0.434487620344157,0,27.2767214189342,2.90094688626234,-0.11076953880587,27,0,0,0,5,0.404975600575503,8367.94229768678,8910.82106686475,9124.73331868796
129.5,29.1774497567463,27.6884288750039,27.1593747774918,0.127831606913822,1.41359348388138,1.67042353143873,1.76745928375714,0.434487620344157,0,27.276624239015,2.89947377160569,-0.11076953880587,27,0,0,0,5,0.403487684062787,8371.28735948876,8912.09282130452,9124.80107910224
130,29.1774497567463,27.6884288750039,27.1593747774918,0.12760830974654,1.41521953349171,1.67101333491519,1.76750127256184,0.433431612474976,0,27.2757677863759,2.89877596795794,-0.110307114550365,27,0,0,0,5,0.402782868883978,8374.61401371641,8913.37141313661,9124.89415677897
130.5,29.1491606847854,27.6884288750039,27.1593747774918,0.127742846362054,1.41683604273881,1.6716058585391,1.76755438164039,0.433431612474976,0,27.2749393851161,2.89919639488142,-0.110307114550365,27,0,0,0,0,0.403207520257187,8377.92234419537,8914.65607587091,9125.01188635398
131,29.1491606847854,27.6884288750039,27.1315938016232,0.128254173663504,1.41844306285338,1.67220076978421,1.76761831727194,0.433431612474976,0,27.2741375290258,2.90079429269845,-0.110307114550365,27,0,0,0,0,0.404821473751483,8381.21243538266,8915.94609084201,9125.15361761825
131.5,29.1491606847854,27.6884288750039,27.1315938016232,0.128901312116344,1.42004064421186,1.67279775701308,1.76769279235068,0.433431612474976,0,27.2733607805389,2.90281660036357,-0.110307114550365,27,0,0,0,0,0.406864101564027,8384.48437023707,8917.24078430629,9125.31871517272
132,29.1208794801807,27.6884288750039,27.1315938016232,0.129444026540395,1.4216288410811,1.67339652820669,1.76777752624032,0.433149166960845,0,27.272608299884,2.90451258293874,-0.109043319953588,27,0,0,0,0,0.408577125372104,8387.73823993691,8918.53952471347,9125.50655809091
132.5,29.1208794801807,27.6884288750039,27.1315938016232,0.129684871967802,1.42320771036521,1.67399680977174,1.76787224463193,0.433149166960845,0,27.2718787269005,2.90526522489938,-0.109043319953588,27,0,0,0,0,0.40933732987917,8390.97414132362,8919.8417201452,9125.7165395901
133,29.1208794801807,27.6884288750039,27.1315938016232,0.129494364874185,1.4247773106845,1.67459834542019,1.76797667940466,0.433149166960845,0,27.2711707648027,2.90466989023183,-0.109043319953588,27,0,0,0,5,0.408736013288877,8394.19217502066,8921.14681590896,9125.94806670971
133.5,29.0926061194847,27.6605250946888,27.1315938016232,0.129001635775026,1.42633770067911,1.67520089511668,1.76809056848986,0.433149166960845,0,27.2704837093687,2.90313011179696,-0.109043319953588,27,0,0,0,5,0.407180763160293,8397.39244195801,8922.45429227787,9126.20055999785
134,29.0926061194847,27.6605250946888,27.1315938016232,0.128415548169496,1.42788893617096,1.67580423408984,1.76821365573793,0.433010212186673,0,27.2690553951551,2.90129858802968,-0.10762215806203,27,0,0,0,5,0.405330836242198,8400.57503754653,8923.76366236759,9126.47345320501
134.5,29.0926061194847,27.6605250946888,27.1315938016232,0.127909995251433,1.42943107007982,1.67640815190368,1.76834569078815,0.433010212186673,0,27.2676718398338,2.89971873516073,-0.10762215806203,27,0,0,0,5,0.403735109011622,8403.74005149376,8925.07447014247,9126.76619298482
135,29.0643405792788,27.6605250946888,27.1315938016232,0.127627513725486,1.430964152859,1.6770124515851,1.7684864289415,0.433010212186673,0,27.2663315548379,2.89883598039214,-0.10762215806203,27,0,0,0,5,0.402843484323123,8406.88756868652,8926.38628854204,9127.07823860226
135.5,29.0643405792788,27.6605250946888,27.1315938016232,0.127682377819407,1.43248823279488,1.67761694880459,1.76863563103613,0.433010212186673,0,27.2650325534705,2.89900743068565,-0.10762215806203,27,0,0,0,5,0.403016657349176,8410.01766979591,8927.69871772168,9127.40906164836
136,29.0643405792788,27.6605250946888,27.1315938016232,0.128132545056129,1.43400335805147,1.67822147110621,1.76879306332559,0.433554431000744,0,27.2637729335939,2.9004142033004,-0.105509173437549,27,0,0,0,0,0.404437565215164,8413.13043546922,8929.01138339917,9127.75814576171
136.5,29.0643405792788,27.6605250946888,27.1315938016232,0.128773198539842,1.43550957580524,1.67882585718508,1.76895849735989,0.433554431000744,0,27.2625514057989,2.90241624543701,-0.105509173437549,27,0,0,0,0,0.406459723871157,8416.22594454969,8930.32393530318,9128.12498635669
137,29.0360828361725,27.6605250946888,27.1315938016232,0.129353892085414,1.4370069365718,1.67942995620793,1.76913170986904,0.433554431000744,0,27.261366724533,2.90423091276692,-0.105509173437549,27,0,0,0,0,0.408292624978401,8419.30428296793,8931.63604571411,9128.50909035791
137.5,29.0360828361725,27.6326279755097,27.1315938016232,0.129669012080671,1.43849549377653,1.68003362717534,1.76931248264922,0.433554431000744,0,27.2602171376766,2.9052156627521,-0.105509173437549,27,0,0,0,0,0.409287269731429,8422.36554286875,8932.94740809435,9128.90997594087
138,29.0360828361725,27.6326279755097,27.1315938016232,0.12956398169335,1.43997530284746,1.68063673832253,1.76950060245137,0.434162327336594,0,27.25834021493,2.90488744279172,-0.103336085972001,27,0,0,0,5,0.40895575181689,8425.40982075299,8934.25773580138,9129.32717227864
138.5,29.0078328668035,27.6326279755097,27.1315938016232,0.129113806644604,1.44144641968195,1.68123916655651,1.76969586087237,0.434162327336594,0,27.2565218854745,2.90348064576439,-0.103336085972001,27,0,0,0,5,0.407534819293028,8428.43721432658,8935.5667608788,9129.76021929452
139,29.0078328668035,27.6326279755097,27.1315938016232,0.128531414190337,1.44290889781729,1.68184079692738,1.76989805424849,0.434162327336594,0,27.2547596599161,2.9016606693448,-0.103336085972001,27,0,0,0,5,0.40569655575038,8431.44781667487,8936.8742329205,9130.20866742039
139.5,29.0078328668035,27.6326279755097,27.1315938016232,0.127997396613548,1.4443627877772,1.68244152213155,1.77010698355118,0.434162327336594,0,27.2530511503646,2.89999186441734,-0.103336085972001,27,0,0,0,5,0.404010982671001,8434.44171490714,8938.17991800357,9130.67207736061
140,28.9795906478374,27.6326279755097,27.1315938016232,0.127660293851666,1.4458081375622,1.68304124204533,1.77032245428518,0.43538262763542,0,27.2513945977316,2.89893841828646,-0.100557839092632,27,0,0,0,5,0.402946951513399,8437.41899115494,8939.48359768608,9131.15001986137
140.5,28.9795906478374,27.6326279755097,27.1315938016232,0.127639815908938,1.4472449929657,1.6836398632866,1.77054427638891,0.43538262763542,0,27.2497877540068,2.89887442471543,-0.100557839092632,27,0,0,0,5,0.402882314934972,8440.37972321379,8940.78506806526,9131.64207548554
141,28.9795906478374,27.6326279755097,27.1315938016232,0.128018336973014,1.44867339906149,1.68423729880302,1.77077226413688,0.43538262763542,0,27.2482284641713,2.90005730304067,-0.100557839092632,27,0,0,0,0,0.404077078821622,8443.32398760076,8942.08413889253,9132.14783439236
141.5,28.9795906478374,27.6047374953695,27.1315938016232,0.128642546766899,1.45009340030982,1.6848334674856,1.77100623604452,0.43538262763542,0,27.2467151936466,2.90200795864656,-0.100557839092632,27,0,0,0,0,0.406047334615041,8446.25185976957,8943.38063274306,9132.66689612275
142,28.951356155968,27.6047374953695,27.1315938016232,0.129253009936045,1.45150504352707,1.68542829380548,1.77124601477481,0.436606209214347,0,27.2444858862235,2.90391565605014,-0.0977943544893989,27,0,0,0,0,0.407974200562134,8449.16342023316,8944.67438423485,9133.19886938907
142.5,28.951356155968,27.6047374953695,27.1315938016232,0.129635756141928,1.45290837878472,1.68602170747273,1.77149142704725,0.436606209214347,0,27.2423253737876,2.90511173794352,-0.0977943544893989,27,0,0,0,0,0.40918230068638,8452.05875642499,8945.96523929542,9133.74337187014
143,28.951356155968,27.6047374953695,27.1315938016232,0.129619778545809,1.45430345838596,1.68661364311595,1.77174230354852,0.436606209214347,0,27.2402308533937,2.90506180795565,-0.0977943544893989,27,0,0,0,5,0.409131869001991,8454.93796059573,8947.25305447274,9134.30003001051
143.5,28.9231293679169,27.6047374953695,27.1315938016232,0.129220803479737,1.45569033550461,1.68720403998132,1.77199847884541,0.436606209214347,0,27.2382001645754,2.90381501087418,-0.0977943544893989,27,0,0,0,5,0.407872544103441,8457.8011270084,8948.5376962882,9134.86847882489
144,28.9231293679169,27.6047374953695,27.1315938016232,0.128649317503528,1.45706906152928,1.68779284164979,1.7722597912994,0.438388833824433,0,27.2362306717546,2.90202911719852,-0.0944922687018305,27,0,0,0,5,0.406068705768135,8460.64834645405,8949.81904062831,9135.44836170643
144.5,28.9231293679169,27.6047374953695,27.1038190708028,0.128092766551239,1.45843968474693,1.68837999577145,1.7725260829833,0.438388833824433,0,27.2343198453746,2.90028989547262,-0.0944922687018305,27,0,0,0,5,0.40431200834233,8463.47970352477,8951.09697217339,9136.03933023998
145,28.9231293679169,27.6047374953695,27.1038190708028,0.12770582269549,1.45980225086058,1.68896545381606,1.77279719959945,0.438388833824433,0,27.232465788615,2.89908069592341,-0.0944922687018305,27,0,0,0,5,0.403090658756045,8466.29527767214,8952.37138386079,9136.64104401892
145.5,28.8949102604333,27.5768536321941,27.1038190708028,0.127613734939744,1.46115680332228,1.68954917083865,1.7730729904001,0.438388833824433,0,27.2306666685937,2.8987929216867,-0.0944922687018305,27,0,0,0,5,0.402799992963808,8469.09514388605,8953.6421763806,9137.25317046692
146,28.8949102604333,27.5768536321941,27.1038190708028,0.127913769947203,1.4625033843794,1.69013110525927,1.7733533081091,0.440127811871434,0,27.2281597730652,2.89973053108501,-0.0912639092260932,27,0,0,0,0,0.403747023461351,8471.87937485004,8954.90925770162,9137.875384663
146.5,28.8949102604333,27.5768536321941,27.1038190708028,0.128511202000487,1.46384203596532,1.69071121865628,1.77363800884568,0.440127811871434,0,27.2257295041958,2.90159750625152,-0.0912639092260932,27,0,0,0,0,0.405632757994338,8474.64804277862,8956.17254262653,9138.50736917127
147,28.8666988102939,27.5768536321941,27.1038190708028,0.129142891556523,1.4651728013578,1.69128947557228,1.77392695204971,0.440127811871434,0,27.2233733545005,2.90357153611413,-0.0912639092260932,27,0,0,0,0,0.407626622909008,8477.40122284657,8957.43195237401,9139.14881387414
147.5,28.8666988102939,27.5768536321941,27.1038190708028,0.129586316849894,1.46649572739319,1.69186584333158,1.77422000040861,0.440127811871434,0,27.2210883533504,2.90495724015592,-0.0912639092260932,27,0,0,0,0,0.409026250505007,8480.13899777481,8958.68741418579,9139.79941580933
148,28.8666988102939,27.5768536321941,27.1038190708028,0.129659838683719,1.46781086333518,1.69244029186888,1.77451701978598,0.442385101346531,0,27.218871647391,2.90518699588662,-0.0875486589563835,27,0,0,0,5,0.409258314821291,8482.8614554977,8959.93886095772,9140.45887901093
148.5,28.8666988102939,27.5768536321941,27.1038190708028,0.135601061919914,1.46891654267547,1.69300914788618,1.77481674109149,0.442385101346531,0,27.2167210265847,2.92375331849973,-0.0875486589563835,27,0,0,0,5,0.428011191844018,8485.15093869137,8961.17828714097,9141.12438728969
149,28.8384949943032,27.5768536321941,27.1038190708028,0.135052697100039,1.47001088044986,1.6935687146457,1.77511782930112,0.442385101346531,0,27.2146343553503,2.92203967843762,-0.0875486589563835,27,0,0,0,5,0.426280333126562,8487.41749595732,8962.39763195253,9141.79297727247
149.5,28.8384949943032,27.5768536321941,27.1038190708028,0.13448164450553,1.47109877140412,1.69411944288554,1.77542021974114,0.442385101346531,0,27.2126090221477,2.92025513907978,-0.0875486589563835,27,0,0,0,5,0.424477862717253,8489.67125176952,8963.59786999769,9142.46450597209
150,28.8384949943032,27.5489763639313,27.1038190708028,0.134047899306524,1.47218025233645,1.69466175895749,1.77572385007728,0.444258894036864,0,27.2106425201888,2.91889968533289,-0.0842570080755323,27,0,0,0,5,0.423108789371114,8491.91227282222,8964.77992334113,9143.13883555981
150.5,28.8384949943032,27.5489763639313,27.1038190708028,0.133881625490119,1.47325535779466,1.69519606384426,1.77602865947504,0.444258894036864,0,27.2079727606646,2.91838007965662,-0.0842570080755323,27,0,0,0,5,0.422583962697012,8494.14062126913,8965.94465931263,9143.81583150156
151,28.8384949943032,27.5489763639313,27.1038190708028,0.134087807577955,1.47432412070751,1.69572273469472,1.77633458856632,0.444258894036864,0,27.2053843711256,2.91902439868111,-0.0842570080755323,27,0,0,0,0,0.423234755839058,8496.35635602606,8967.09289380372,9144.49536248478
151.5,28.8102987892929,27.5489763639313,27.1038190708028,0.134641700236569,1.47538657410603,1.69624212626615,1.77664157941711,0.444258894036864,0,27.2028746944662,2.92075531323928,-0.0842570080755323,27,0,0,0,0,0.424983062626706,8498.55953633583,8968.22539436605,9145.17730034724
152,28.8102987892929,27.5489763639313,27.1038190708028,0.135286300009634,1.47644275109375,1.69675457227956,1.77694957549572,0.446958265620594,0,27.2004406156553,2.92276968753011,-0.0801762462621213,27,0,0,0,0,0.427017677350408,8500.75022170602,8969.34288312463,9145.86152000741
152.5,28.8102987892929,27.5489763639313,27.1038190708028,0.135787760959293,1.47749268869015,1.69726038669236,1.77725852164166,0.446958265620594,0,27.1980791416741,2.92433675299779,-0.0801762462621213,27,0,0,0,0,0.428600488691913,8502.92847988302,8970.44603951447,9146.54789939603
153,28.8102987892929,27.5489763639313,27.0760505633444,0.135954433591842,1.47853642658381,1.69775986489429,1.77756836403534,0.446958265620594,0,27.1957879271134,2.92485760497451,-0.0801762462621213,27,0,0,0,5,0.429126574189289,8505.09438427314,8971.53550285345,9147.23631938967
153.5,28.7821101721219,27.5489763639313,27.0760505633444,0.135691633454898,1.47957400596098,1.69825328483087,1.77787905016835,0.446958265620594,0,27.1935647054642,2.92403635454656,-0.0801762462621213,27,0,0,0,5,0.42829707183704,8507.24801151636,8972.61187476024,9147.92666374534
154,28.7821101721219,27.5489763639313,27.0760505633444,0.135169866708575,1.48060546769424,1.69874090805873,1.77819052881438,0.44923931183564,0,27.1914067388494,2.9224058334643,-0.0765626955397494,27,0,0,0,5,0.426650167278946,8509.38943772794,8973.67572142643,9148.61881903685
154.5,28.7821101721219,27.5211056685516,27.0760505633444,0.134589540710878,1.48163084960072,1.69922298073694,1.77850275000077,0.44923931183564,0,27.1893113982755,2.92059231472149,-0.0765626955397494,27,0,0,0,5,0.424818426299815,8511.51873280247,8974.72757575185,9149.31267459231
155,28.7821101721219,27.5211056685516,27.0760505633444,0.134117010906368,1.4826501868307,1.69969973455843,1.77881566498074,0.44923931183564,0,27.1865166556791,2.9191156590824,-0.0765626955397494,27,0,0,0,5,0.423326933224859,8513.63596121288,8975.76793935142,9150.00812243315
155.5,28.7821101721219,27.5211056685516,27.0760505633444,0.133888161824891,1.48366351223162,1.70017138762479,1.77912922620611,0.44923931183564,0,27.1838068385658,2.91840050570278,-0.0765626955397494,27,0,0,0,5,0.422604593984086,8515.74118275947,8976.7972844408,9150.70505721435
156,28.7539291196762,27.5211056685516,27.0760505633444,0.13401176727478,1.48467085668596,1.70063814526815,1.77944338730071,0.452042277656233,0,27.1811791791737,2.91878677273369,-0.0724716716694772,27,0,0,0,0,0.422994742226115,8517.83445326591,8977.81605560849,9151.40337616617
156.5,28.7539291196762,27.5211056685516,27.0760505633444,0.134515383005803,1.48567225149097,1.70110020082309,1.77975810303426,0.452042277656233,0,27.1786304557254,2.92036057189313,-0.0724716716694772,27,0,0,0,0,0.424584354919516,8519.91582952066,8978.82467148073,9152.10297903677
157,28.7539291196762,27.5211056685516,27.0760505633444,0.135161986567507,1.4866677269219,1.70155773635246,1.78007332929708,0.452042277656233,0,27.1761575719319,2.92238120802346,-0.0724716716694772,27,0,0,0,0,0.426625294401678,8521.98536628984,8979.82352628755,9152.80376803685
157.5,28.7539291196762,27.5211056685516,27.0760505633444,0.135708688535538,1.48765731732335,1.70201092332838,1.78038902307506,0.452042277656233,0,27.1737580821883,2.92408965167356,-0.0724716716694772,27,0,0,0,0,0.428350904493572,8524.04312690232,8980.81299133247,9153.50564778472
158,28.7539291196762,27.5211056685516,27.0760505633444,0.135955780757262,1.48864105982131,1.70245992327249,1.78070514242534,0.454706487882618,0,27.1714296230565,2.92486181486644,-0.0685718492225831,27,0,0,0,0,0.429130826382221,8526.08918057929,8981.79341637475,9154.20852525303
158.5,28.725755608869,27.5211056685516,27.0760505633444,0.135771968519039,1.48961899340719,1.70290488835733,1.78102164645247,0.454706487882618,0,27.1691699104506,2.924287401622,-0.0685718492225831,27,0,0,0,5,0.428550641433495,8528.12360053406,8982.76513092798,9154.91230971661
159,28.725755608869,27.5211056685516,27.0760505633444,0.135284802644159,1.49059115720668,1.70334596197124,1.78133849528516,0.454706487882618,0,27.166976189651,2.922765008263,-0.0685718492225831,27,0,0,0,5,0.427012951066024,8530.14646037293,8983.72844548026,9155.61691270134
159.5,28.725755608869,27.5211056685516,27.0760505633444,0.134701846003254,1.49155758763908,1.70378327924889,1.78165565005339,0.454706487882618,0,27.1648458152313,2.92094326876017,-0.0685718492225831,27,0,0,0,5,0.42517290672467,8532.15782818177,8984.68365264058,9156.32224793414
160,28.725755608869,27.4932415240474,27.0760505633444,0.134195957557199,1.49251831833235,1.70421696756985,1.78197307286617,0.45698345257415,0,27.1627767766733,2.91936236736625,-0.0651107106693075,27,0,0,0,5,0.423576120433543,8534.15776634224,8985.63102821613,9157.02823129422
160.5,28.725755608869,27.4932415240474,27.0482882575822,0.133908860121616,1.49347338055517,1.70464714702678,1.78229072678967,0.45698345257415,0,27.1600072753205,2.91846518788005,-0.0651107106693075,27,0,0,0,5,0.42266992608787,8536.14633242435,8986.57083222447,9157.73478076515
161,28.6975896166404,27.4932415240474,27.0482882575822,0.133954211702966,1.49442280351541,1.70507393086532,1.78260857582586,0.45698345257415,0,27.1573215027532,2.91860691157177,-0.0651107106693075,27,0,0,0,5,0.422813073819242,8538.12357980212,8987.50330984464,9158.4418163881
161.5,28.6975896166404,27.4932415240474,27.0482882575822,0.134394630107701,1.49536661632553,1.70549742589711,1.7829265848916,0.45698345257415,0,27.1547161913619,2.91998321908657,-0.0651107106693075,27,0,0,0,0,0.424203210471949,8540.08956174272,8988.42869231036,9159.14926021601
162,28.6975896166404,27.4932415240474,27.0482882575822,0.135033539232387,1.49630484725993,1.70591773288841,1.7832447197983,0.460081599923683,0,27.1521882004515,2.92197981010121,-0.0608752801805906,27,0,0,0,0,0.426219863233106,8542.04432985813,8989.34719775061,9159.85703626908
162.5,28.6975896166404,27.4932415240474,27.0482882575822,0.135617508586295,1.49723752786576,1.70633494692449,1.78356294723189,0.460081599923683,0,27.1497350411086,2.92380471433217,-0.0608752801805906,27,0,0,0,0,0.428063104101781,8543.98794267012,8990.25903197815,9160.56507049094
163,28.6975896166404,27.4932415240474,27.0482882575822,0.135938587691364,1.49816469279496,1.70674915775239,1.78388123473332,0.460081599923683,0,27.1473543079402,2.92480808653551,-0.0608752801805906,27,0,0,0,0,0.429076558189021,8545.92046526656,8991.16438923111,9161.27329070581
163.5,28.669431119957,27.4932415240474,27.0482882575822,0.1358402889513,1.49908637884377,1.70716045010272,1.78419955067946,0.460081599923683,0,27.1450436762163,2.92450090297281,-0.0608752801805906,27,0,0,0,5,0.428766288045884,8547.84196730482,8992.06345286968,9161.98162657686
164,28.669431119957,27.4932415240474,27.0482882575822,0.135396018190181,1.50000262339964,1.70756890399201,1.78451786426437,0.462757911990877,0,27.1428003521324,2.92311255684432,-0.057120140852949,27,0,0,0,5,0.427363991815489,8549.75251977674,8992.95639603058,9162.69000956511
164.5,28.669431119957,27.4932415240474,27.0482882575822,0.141103158157832,1.50071129644344,1.70797094281245,1.78483500566473,0.462757911990877,0,27.1406216523853,2.94094736924323,-0.057120140852949,27,0,0,0,5,0.445378008409382,8551.23051425365,8993.83539686459,9163.39583603282
165,28.669431119957,27.4932415240474,27.0482882575822,0.140570149141822,1.50141105980672,1.70836296836371,1.78514973936437,0.462757911990877,0,27.1385055294671,2.93928171606819,-0.057120140852949,27,0,0,0,5,0.443695618751247,8552.69015799758,8994.69258345645,9164.09635535505
165.5,28.669431119957,27.4932415240474,27.0482882575822,0.140225817391417,1.50210668690626,1.70874552262761,1.78546209730238,0.462757911990877,0,27.136450004102,2.93820567934818,-0.057120140852949,27,0,0,0,5,0.442608770014268,8554.14140154553,8995.52913512072,9164.79163745834
166,28.669431119957,27.4653839084336,27.0482882575822,0.140188557378707,1.50279819852286,1.70911911737017,1.78577211156982,0.465071199848637,0,27.1344531629175,2.93808924180846,-0.053781265166991,27,0,0,0,5,0.442491162510151,8555.58428426477,8996.34616564565,9165.48175263676
166.5,28.669431119957,27.4653839084336,27.0482882575822,0.140545142592999,1.50348561473258,1.70948423360391,1.78607981364695,0.465071199848637,0,27.1317534790181,2.93920357060312,-0.053781265166991,27,0,0,0,0,0.443616688080543,8557.01884410071,8997.14472206455,9166.1667698534
167,28.6412800958125,27.4653839084336,27.0482882575822,0.141162949628892,1.5041689552574,1.70984132345056,1.78638523441611,0.465071199848637,0,27.1291350502106,2.94113421759029,-0.053781265166991,27,0,0,0,0,0.445566734208634,8558.44511830749,8997.92578868042,9166.84675676839
167.5,28.6412800958125,27.4653839084336,27.0482882575822,0.141778182648087,1.50484824189978,1.71019081189101,1.78668840417434,0.465071199848637,0,27.1265946966098,2.94305682077527,-0.053781265166991,27,0,0,0,0,0.447508655710423,8559.86314852961,8998.69029084873,9167.52177976593
168,28.6412800958125,27.4653839084336,27.0482882575822,0.142172030214282,1.50552350003156,1.71053309840893,1.78698935264563,0.468223753082498,0,27.1241293621412,2.94428759441963,-0.0496517448564774,27,0,0,0,0,0.44875179616836,8561.27298391371,8999.43909853242,9168.19190398097
168.5,28.6412800958125,27.4653839084336,27.020532131871,0.142169456669881,1.50619475746164,1.7108685585352,1.78728810899301,0.468223753082498,0,27.1217366392364,2.94427955209338,-0.0496517448564774,27,0,0,0,5,0.448743673032811,8562.67467874921,9000.17302964365,9168.85719332517
169,28.6412800958125,27.4653839084336,27.020532131871,0.141782916942345,1.50686204306493,1.71119754529863,1.78758470183036,0.468223753082498,0,27.1194142009772,2.94307161544483,-0.0496517448564774,27,0,0,0,5,0.447523599036819,8564.06828960805,9000.89285318436,9169.5177105126
169.5,28.6412800958125,27.4653839084336,27.020532131871,0.141220015010783,1.50752538407195,1.71152039058881,1.78787915923394,0.468223753082498,0,27.1171597983389,2.9413125469087,-0.0496517448564774,27,0,0,0,5,0.445746855380036,8565.45386968403,9001.59929219761,9170.17351708455
170,28.6412800958125,27.4653839084336,27.020532131871,0.140665927423033,1.50818480478058,1.71183740643624,1.78817150875363,0.47097010061276,0,27.1149712575296,2.93958102319698,-0.0459885030118244,27,0,0,0,5,0.443997933318062,8566.83146609824,9002.2930265412,9170.82467343393
170.5,28.613136521227,27.4653839084336,27.020532131871,0.140273519678119,1.50884032705691,1.71214888621518,1.788461777424,0.47097010061276,0,27.1128464774204,2.93835474899412,-0.0459885030118244,27,0,0,0,5,0.442759337512015,8568.20112094071,9002.97469549461,9171.4712388292
171,28.613136521227,27.4653839084336,27.020532131871,0.140166647628095,1.50949197066446,1.71245510577329,1.78874999177509,0.47097010061276,0,27.1107828803756,2.9380207738378,-0.0459885030118244,27,0,0,0,5,0.442422006573319,8569.56287195418,9003.64490020819,9172.11327143775
171.5,28.613136521227,27.4653839084336,27.020532131871,0.140443679985576,1.51013975418649,1.71275632449299,1.78903617784297,0.47097010061276,0,27.1087779917884,2.93888649995492,-0.0459885030118244,27,0,0,0,0,0.443296431506471,8570.91675445845,9004.3042060052,9172.75082834869
172,28.613136521227,27.4653839084336,27.020532131871,0.14103182281636,1.51078369618362,1.71305278628848,1.78932036118004,0.47336446912135,0,27.1068299653539,2.94072444630112,-0.0427319861415455,27,0,0,0,0,0.445152845537559,8572.2628037682,9004.95314454494,9173.38396559523
172.5,28.613136521227,27.4653839084336,27.020532131871,0.141666459884557,1.51142381622066,1.71334472054262,1.78960256686526,0.47336446912135,0,27.1049370160552,2.94270768713924,-0.0427319861415455,27,0,0,0,0,0.447156013979617,8573.6010573395,9005.59221585597,9174.01273817688
173,28.613136521227,27.4653839084336,27.020532131871,0.142120071531667,1.51206013772156,1.71363234298663,1.78988281951401,0.47336446912135,0,27.103097418076,2.94412522353646,-0.0427319861415455,27,0,0,0,0,0.448587793782555,8574.93156074099,9006.22189024586,9174.63720008068
173.5,28.613136521227,27.4375327997469,27.020532131871,0.142206803286118,1.51269268673202,1.7139158565267,1.79016114328779,0.47336446912135,0,27.1013095027845,2.94439626026912,-0.0427319861415455,27,0,0,0,5,0.448861553892304,8576.25436507142,9006.84261009635,9175.25740430243
174,28.613136521227,27.4375327997469,27.020532131871,0.141880870359156,1.51332149069187,1.71419545202064,1.79043756190372,0.47575943121069,0,27.0988121570535,2.94337771987236,-0.0395248628213921,27,0,0,0,5,0.447832779201639,8577.56952439536,9007.45479155009,9175.87340286713
174.5,28.5850003732468,27.4375327997469,27.020532131871,0.141337327566238,1.51394657606716,1.71447130900709,1.79071209864382,0.47575943121069,0,27.0963895233236,2.94167914864449,-0.0395248628213921,27,0,0,0,5,0.446117140730073,8578.87709079137,9008.05882609516,9176.48524684921
175,28.5850003732468,27.4375327997469,27.020532131871,0.140768265463128,1.5145679663456,1.71474359639083,1.7909847763641,0.47575943121069,0,27.0940386425663,2.93990082957228,-0.0395248628213921,27,0,0,0,5,0.444320953107818,8580.17711015582,9008.65508205432,9177.09298639222
175.5,28.5850003732468,27.4375327997469,27.020532131871,0.140332727413979,1.51518568251431,1.71501247308634,1.79125561750342,0.47575943121069,0,27.0917566719665,2.93853977316868,-0.0395248628213921,27,0,0,0,5,0.442946220809483,8581.46962319812,9009.24390598393,9177.69667072807
176,28.5850003732468,27.4375327997469,27.020532131871,0.140160137424484,1.5157997434054,1.71527808862251,1.79152464409219,0.478705425173359,0,27.0895414096013,2.93800042945151,-0.0358165638405339,27,0,0,0,5,0.442401457766641,8582.75466615973,9009.82562398869,9178.29634819588
176.5,28.5850003732468,27.4375327997469,27.020532131871,0.140354880041654,1.51641016626865,1.7155405837105,1.79179187776086,0.478705425173359,0,27.0873907271365,2.93860900013017,-0.0358165638405339,27,0,0,0,0,0.443016143363475,8584.03227200963,9010.40054295664,9178.89206626048
177,28.5850003732468,27.4375327997469,26.9927821645862,0.140902406484207,1.51701696865304,1.71580009077718,1.79205733974815,0.478705425173359,0,27.0853025673144,2.94032002026315,-0.0358165638405339,27,0,0,0,0,0.444744355826751,8585.30247438043,9010.96895171931,9179.48387153026
177.5,28.5850003732468,27.4375327997469,26.9927821645862,0.141547363286883,1.51762016800324,1.71605673446685,1.79232105090943,0.478705425173359,0,27.0832749415288,2.94233551027151,-0.0358165638405339,27,0,0,0,0,0.446780097478716,8586.56530672373,9011.53112214337,9180.07180977537
178,28.5850003732468,27.4375327997469,26.9927821645862,0.142053316648864,1.51821978584786,1.71631063211168,1.79258303172449,0.481294408280803,0,27.0813059274836,2.9439166145277,-0.0325223709934249,27,0,0,0,0,0.448377088670475,8587.82081107996,9012.08731015423,9180.6559259446
178.5,28.5568716289448,27.4375327997469,26.9927821645862,0.142226411086609,1.51881584650533,1.71656189417418,1.79284330230544,0.481294408280803,0,27.0793936669314,2.94445753464565,-0.0325223709934249,27,0,0,0,5,0.448923443953772,8589.06903537343,9012.63775669908,9181.23626418259
179,28.5568716289448,27.4375327997469,26.9927821645862,0.14197023785877,1.51940837592365,1.71681062466287,1.79310188240437,0.481294408280803,0,27.0775358170902,2.94365699330866,-0.0325223709934249,27,0,0,0,5,0.448114858777422,8590.31003098579,9013.18268865157,9181.81286784645
179.5,28.5568716289448,27.4375327997469,26.9927821645862,0.141453724833168,1.5199973998211,1.7170569215224,1.79335879142078,0.481294408280803,0,27.0757301301592,2.94204289010365,-0.0325223709934249,27,0,0,0,5,0.446484537063413,8591.5438488631,9013.72231966131,9182.38577952194
180,28.5568716289448,27.4375327997469,26.9927821645862,0.140876038978165,1.52058294096517,1.71730087700032,1.79361404840888,0.483573678103198,0,27.0739749785917,2.94023762180677,-0.0295899914366899,27,0,0,0,5,0.444661129430681,8592.7705338141,9014.25685095237,9182.95504103937
180.5,28.5568716289448,27.4375327997469,26.9927821645862,0.146688182786144,1.52096253087411,1.7175389201897,1.79386653056201,0.483573678103198,0,27.0722687886469,2.9584005712067,-0.0295899914366899,27,0,0,0,5,0.463006580146186,8593.56584576748,9014.77845678878,9183.51814749612
181,28.5568716289448,27.4375327997469,26.9927821645862,0.146448799458797,1.52133525727238,1.71776746604895,1.79411505078906,0.483573678103198,0,27.0706100385604,2.95765249830874,-0.0295899914366899,27,0,0,0,5,0.462250990611745,8594.3468435885,9015.27927878056,9184.0724500259
181.5,28.5568716289448,27.4375327997469,26.9927821645862,0.146551521586088,1.52170577154053,1.71798706663191,1.79435968762543,0.483573678103198,0,27.0689972567781,2.95797350495653,-0.0295899914366899,27,0,0,0,5,0.462575222734329,8595.12327121902,9015.76052347236,9184.6181222808
182,28.5568716289448,27.4375327997469,26.9927821645862,0.14703823931475,1.52207408321344,1.71819824289221,1.79460051866471,0.485586575819241,0,27.0674290202512,2.9594944978586,-0.0269716081004844,27,0,0,0,0,0.464111498573078,8595.89514748893,9016.2233296199,9185.15533587544
182.5,28.5568716289448,27.4375327997469,26.9927821645862,0.14768307142903,1.52244020071265,1.71840148429032,1.79483761984866,0.485586575819241,0,27.0659039527894,2.96150959821572,-0.0269716081004844,27,0,0,0,0,0.466146846658589,8596.66248890798,9016.66876728873,9185.68425880075
183,28.5568716289448,27.4375327997469,26.9927821645862,0.148237341919457,1.52280413654094,1.71859725070176,1.79507106550268,0.485586575819241,0,27.0644207234706,2.9632416934983,-0.0269716081004844,27,0,0,0,0,0.467896346034574,8597.42532055311,9017.09784199971,9186.20505550079
183.5,28.5568716289448,27.4096881760459,26.9927821645862,0.14849677210546,1.52316590622865,1.71878597421005,1.79530092837079,0.485586575819241,0,27.0629780451061,2.96405241282956,-0.0269716081004844,27,0,0,0,0,0.468715211473675,8598.18367386306,9017.51149862594,9186.71788694819
184,28.5287502654203,27.4096881760459,26.9927821645862,0.148326396445569,1.52352552737407,1.71896806079118,1.79552727964962,0.487670198788749,0,27.0608153498691,2.9635199888924,-0.0243261399476509,27,0,0,0,5,0.468177437740793,8598.93758462909,9017.91062505548,9187.22291071785
184.5,28.5287502654203,27.4096881760459,26.9927821645862,0.147850573016175,1.52388301785473,1.71914389189575,1.79575018902184,0.487670198788749,0,27.0587164069111,2.96203304067555,-0.0243261399476509,27,0,0,0,5,0.466675548668253,8599.6870892462,9018.29605563318,9187.72028105919
185,28.5287502654203,27.4096881760459,26.9927821645862,0.147274233750471,1.52423839299446,1.71931382593542,1.79596972468877,0.487670198788749,0,27.0566786367222,2.96023198047022,-0.0243261399476509,27,0,0,0,5,0.464856391409986,8600.43221877297,9018.66857439555,9188.21014896683
185.5,28.5287502654203,27.4096881760459,26.9927821645862,0.146768141411012,1.52459166547649,1.71947819967918,1.79618595340227,0.487670198788749,0,27.054700091459,2.95865044190941,-0.0243261399476509,27,0,0,0,5,0.463258961549719,8601.1729987471,9019.02891811054,9188.69266224976
186,28.5287502654203,27.4096881760459,26.9927821645862,0.146472366846974,1.52494284576601,1.71963732956507,1.79639894049604,0.490367075194172,0,27.0527788882446,2.95772614639679,-0.0211115552978214,27,0,0,0,5,0.462325378715788,8601.90945006928,9019.37777913415,9189.16796559912
186.5,28.5287502654203,27.4096881760459,26.9927821645862,0.146499314654876,1.5252919424046,1.71979151293235,1.79660874991612,0.490367075194172,0,27.0509132069538,2.95781035829649,-0.0211115552978214,27,0,0,0,5,0.46241043677665,8602.64158961866,9019.71580809495,9189.63620065444
187,28.5287502654203,27.4096881760459,26.9927821645862,0.146919417922068,1.52563896381142,1.71994102917893,1.79681544425072,0.490367075194172,0,27.0491012880751,2.95912318100646,-0.0211115552978214,27,0,0,0,0,0.463736450729216,8603.36943402917,9020.04361641627,9190.09750606838
187.5,28.5287502654203,27.4096881760459,26.9650383341229,0.147554071776947,1.52598391780261,1.72008614084901,1.79701908475965,0.490367075194172,0,27.047341430645,2.96110647430296,-0.0211115552978214,27,0,0,0,0,0.465739672156755,8604.09299868126,9020.36177868728,9190.55201757069
188,28.5287502654203,27.4096881760459,26.9650383341229,0.148144130893889,1.52632681520331,1.72022709465451,1.79721973140286,0.492760074445755,0,27.0456319902548,2.9629504090434,-0.0182527961019119,27,0,0,0,0,0.467602134753472,8604.81230527863,9020.67083489012,9190.99986803016
188.5,28.5287502654203,27.4096881760459,26.9650383341229,0.148476925644783,1.52666767023953,1.72036412243465,1.79741744286847,0.492760074445755,0,27.043971377125,2.96399039263995,-0.0182527961019119,27,0,0,0,0,0.468652568105192,8605.52738267271,9020.97129249297,9191.44118751563
189,28.5287502654203,27.4096881760459,26.9650383341229,0.148392100325319,1.52700649947095,1.72049744205748,1.79761227660022,0.492760074445755,0,27.0423580542464,2.96372531351662,-0.0182527961019119,27,0,0,0,5,0.468384825466836,8606.23826462618,9021.26362841674,9191.87610335571
189.5,28.5287502654203,27.4096881760459,26.9650383341229,0.147959822590277,1.52734332020744,1.72062725826669,1.79780428882424,0.492760074445755,0,27.0407905355853,2.96237444559462,-0.0182527961019119,27,0,0,0,5,0.46702038402395,8606.94498649217,9021.54829088307,9192.30474019702
190,28.5287502654203,27.4096881760459,26.9650383341229,0.147388883004194,1.52767814763743,1.72075376347699,1.79799353457535,0.494887603894824,0,27.0392673843497,2.96059025938811,-0.0157069537398812,27,0,0,0,5,0.465218270314438,8607.64757918855,9021.82570115034,9192.72722006145
190.5,28.5287502654203,27.4096881760459,26.9650383341229,0.146856601015329,1.52801099419589,1.72087713852142,1.79818006772268,0.494887603894824,0,27.0377872113159,2.9589268781729,-0.0157069537398812,27,0,0,0,5,0.463538175444783,8608.34606786984,9022.09625514507,9193.14366240205
191,28.5006362597983,27.4096881760459,26.9650383341229,0.146508923721104,1.52834187003494,1.72099755335318,1.7983639409948,0.494887603894824,0,27.0363486732124,2.95784038662845,-0.0157069537398812,27,0,0,0,5,0.462440766833294,8609.04047291267,9022.36032499452,9193.55418415767
191.5,28.5006362597983,27.4096881760459,26.9650383341229,0.146463577014892,1.5286707833346,1.72111516770503,1.79854520600425,0.494887603894824,0,27.0349499250442,2.95769867817154,-0.0157069537398812,27,0,0,0,5,0.462297634489804,8609.73081056605,9022.61826046676,9193.95889980661
192,28.5006362597983,27.4096881760459,26.9650383341229,0.146808958018799,1.52899774158254,1.72123013170856,1.7987239132716,0.49678394766039,0,27.0335891999062,2.95877799380875,-0.0134356799624854,27,0,0,0,0,0.463387795090537,8610.41709563603,9022.87039032335,9194.357921419
192.5,28.5006362597983,27.4096881760459,26.9650383341229,0.147423144655537,1.5293227520589,1.72134258647613,1.79890011224896,0.49678394766039,0,27.0322653345592,2.96069732704855,-0.0134356799624854,27,0,0,0,0,0.465326413790738,8611.09934250295,9023.11702359074,9194.75135870811
193,28.5006362597983,27.4096881760459,26.9650383341229,0.148040501197582,1.52964582397462,1.72145266464758,1.79907385134307,0.49678394766039,0,27.0309772038373,2.96262656624244,-0.0134356799624854,27,0,0,0,0,0.467275037980048,8611.77756961028,9023.358450755,9195.13931908086
193.5,28.5006362597983,27.4096881760459,26.9650383341229,0.148439772263241,1.52996697027316,1.72156049090355,1.79924517793773,0.49678394766039,0,27.0297237193598,2.96387428832263,-0.0134356799624854,27,0,0,0,0,0.468535297171693,8612.45180324886,9023.5949448835,9195.52190768673
194,28.5006362597983,27.4096881760459,26.9650383341229,0.148443885251122,1.53028620644193,1.72166618244792,1.79941413841594,0.498482886972738,0,27.0285038282868,2.96388714140976,-0.0114015313147206,27,0,0,0,5,0.468548279406643,8613.12207506399,9023.82676267944,9195.89922746611
194.5,28.5006362597983,27.4096881760459,26.9650383341229,0.148063637891241,1.53060354913642,1.72176984946084,1.79958077818139,0.498482886972738,0,27.0273165121179,2.96269886841013,-0.0114015313147206,27,0,0,0,5,0.467348066639912,8613.78841916818,9024.05414547232,9196.27137919744
195,28.5006362597983,27.4096881760459,26.9650383341229,0.147505178687689,1.53091901344354,1.72187159552441,1.79974514167962,0.498482886972738,0,27.0261607855321,2.96095368339903,-0.0114015313147206,27,0,0,0,5,0.46558534600982,8614.45086639485,9024.27732014842,9196.63846154331
195.5,28.5006362597983,27.4096881760459,26.9650383341229,0.146952534848696,1.53123261160645,1.72197151802237,1.79990727241857,0.498482886972738,0,27.0250356952674,2.95922667140218,-0.0114015313147206,27,0,0,0,5,0.463840980996425,8615.10944161907,9024.49650002492,9197.00057109556
196,28.5006362597983,27.4096881760459,26.9650383341229,0.146557655785389,1.53154435351729,1.72206970851567,1.80006721298886,0.500009552035408,0,27.0239403190391,2.95799267432934,-0.00957612761562814,27,0,0,0,5,0.462594584721002,8615.76416479018,9024.71188567124,9197.35780241955
196.5,28.5006362597983,27.4096881760459,26.9650383341229,0.14644368964158,1.53185424704415,1.72216625309519,1.80022500508343,0.500009552035408,0,27.0228737644949,2.95763653012994,-0.00957612761562814,27,0,0,0,5,0.462234861984685,8616.4150516167,9024.9236656803,9197.71024809728
197,28.5006362597983,27.4096881760459,26.9650383341229,0.146709152636588,1.53216229889008,1.72226123271307,1.80038068951696,0.500009552035408,0,27.0218351682061,2.95846610198934,-0.00957612761562814,27,0,0,0,0,0.463072769382125,8617.06211536926,9025.13201739345,9198.05799876975
197.5,28.5006362597983,27.4096881760459,26.9650383341229,0.147292197207956,1.53246851589892,1.72235472349391,1.80053430624463,0.500009552035408,0,27.0208236946932,2.96028811627486,-0.00957612761562814,27,0,0,0,0,0.464913091267194,8617.70536962283,9025.33710758118,9198.40114317833
198,28.5006362597983,27.4096881760459,26.9650383341229,0.147928017083124,1.53277290573696,1.72244679702753,1.80068589438084,0.501385057734922,0,27.0198385354853,2.96227505338476,-0.0079354141941252,27,0,0,0,0,0.466919993121172,8618.34482968877,9025.53909308358,9198.73976820549
198.5,28.5006362597983,27.4096881760459,26.9650383341229,0.148386569599952,1.53307548008371,1.72253752064336,1.80083549221716,0.501385057734922,0,27.0188789082111,2.96370802999985,-0.0079354141941252,27,0,0,0,0,0.468367368285287,8618.98051931936,9025.73812141074,9199.07395891441
199,28.4725295892301,27.4096881760459,26.9650383341229,0.148479870708531,1.53337625334139,1.72262695766868,1.8009831372401,0.501385057734922,0,27.0179440557214,2.96399959596416,-0.0079354141941252,27,0,0,0,5,0.468661863904406,8619.61246799894,9025.93433130783,9199.4037985878
199.5,28.4725295892301,27.4096881760459,26.9650383341229,0.148160439601711,1.5336752414117,1.722715167671,1.80112886614846,0.501385057734922,0,27.0170326992702,2.96300137375535,-0.0079354141941252,27,0,0,0,5,0.467653611558841,8620.24070837533,9026.12785328548,9199.72936876603
200,28.4725295892301,27.4096881760459,26.9650383341229,0.147621809369954,1.53397245929182,1.7228022066857,1.80127271487031,0.502628675173185,0,27.0161436188635,2.96131815428111,-0.00645744754539805,27,0,0,0,5,0.465953479095323,8620.86527120906,9026.31881011803,9200.0507492844
200.5,28.4725295892301,27.4096881760459,26.9650383341229,0.147054871173208,1.53426791908806,1.72288812742996,1.8014147185795,0.502628675173185,0,27.0152761793635,2.95954647241628,-0.00645744754539805,27,0,0,0,5,0.464163995371115,8621.48618119806,9026.50731731176,9200.36801830933
201,28.4725295892301,27.4096881760459,26.9650383341229,0.146617707785735,1.53456163048406,1.7229729795036,1.80155491171195,0.502628675173185,0,27.0144297656849,2.95818033683042,-0.00645744754539805,27,0,0,0,5,0.462784132854894,8622.10345795951,9026.69348354442,9200.68125237426
201.5,28.4725295892301,27.4096881760459,26.9650383341229,0.146438995581476,1.53485360108392,1.72305680957774,1.80169332798146,0.502628675173185,0,27.0136037821266,2.95762186119211,-0.00645744754539805,27,0,0,0,5,0.462220045653371,8622.71711674939,9026.87741107835,9200.99052641421
202,28.4725295892301,27.4096881760459,26.9373006188969,0.146622377734168,1.53514383692442,1.72313966157215,1.80183000039531,0.503761150627895,0,27.0127976517252,2.95819493041927,-0.00511906069009882,27,0,0,0,0,0.462798873080128,8623.32716953754,9027.05919614861,9201.2959138002
202.5,28.4725295892301,27.4096881760459,26.9373006188969,0.15342412176513,1.53522944730446,1.72321790872086,1.80196381641034,0.503761150627895,0,27.0120108156321,2.97945038051603,-0.00511906069009882,27,0,0,0,0,0.484267897939457,8623.5071234209,9027.2308809436,9201.59492812386
203,28.4725295892301,27.4096881760459,26.9373006188969,0.154069141473436,1.53531018347482,1.72328793196109,1.8020936047508,0.503761150627895,0,27.0112427325104,2.98146606710449,-0.00511906069009882,27,0,0,0,0,0.486303838146754,8623.67683485267,9027.38452400143,9201.88495143206
203.5,28.4725295892301,27.4096881760459,26.9373006188969,0.154583716119617,1.53539043127069,1.72335024327856,1.80221945698954,0.503761150627895,0,27.0104928779536,2.9830741128738,-0.00511906069009882,27,0,0,0,0,0.487928041559959,8623.84552276215,9027.52124785802,9202.16618754616
204,28.4725295892301,27.4096881760459,26.9373006188969,0.154769535099019,1.53547019672394,1.72340532562073,1.80234146336001,0.504796298690792,0,27.0097607439234,2.98365479718443,-0.00390429756937039,27,0,0,0,5,0.488514560586544,8624.01319977349,9027.64211149098,9202.4388373427
204.5,28.4725295892301,27.4096881760459,26.9373006188969,0.154526690404445,1.53554948768887,1.72345363258088,1.80245971211945,0.504796298690792,0,27.0090458382071,2.98289590751389,-0.00390429756937039,27,0,0,0,5,0.48774804559259,8624.17988234319,9027.7481096037,9202.70309732806
205,28.4725295892301,27.4096881760459,26.9373006188969,0.154020925232606,1.53562831189772,1.7234955901779,1.8025742895916,0.504796298690792,0,27.0083476838932,2.9813153913519,-0.00390429756937039,27,0,0,0,5,0.486151648404199,8624.34558667261,9027.84017651039,9202.95915973157
205.5,28.4725295892301,27.4096881760459,26.9373006188969,0.153448894815967,1.5357066742866,1.7235315985284,1.80268528020879,0.504796298690792,0,27.0076658188654,2.9795277962999,-0.00390429756937039,27,0,0,0,5,0.484346091597117,8624.51032308644,9027.91918978781,9203.20721259724
206,28.4725295892301,27.4096881760459,26.9373006188969,0.152973936169274,1.53578457735103,1.72356203341739,1.80279276655284,0.505745410298289,0,27.0069997953133,2.97804355052898,-0.0027999181253378,27,0,0,0,5,0.482846932124698,8624.67409677954,9027.98597370651,9203.4474398731
206.5,28.4725295892301,27.4096881760459,26.9373006188969,0.152729568605954,1.53586202150279,1.72358724777375,1.80289682939524,0.505745410298289,0,27.0063491792601,2.97727990189361,-0.0027999181253378,27,0,0,0,5,0.482075610347833,8624.83690856671,9028.04130245545,9203.68002149889
207,28.4725295892301,27.4096881760459,26.9373006188969,0.152822371959758,1.53593900534605,1.72360757305641,1.80299754773637,0.505745410298289,0,27.0057135501062,2.97756991237424,-0.0027999181253378,27,0,0,0,5,0.48236853485378,8624.99875546293,9028.08590317226,9203.90513349184
207.5,28.4725295892301,27.4096881760459,26.9373006188969,0.153299909142083,1.53601552803862,1.72362332055619,1.80309499884385,0.505745410298289,0,27.0050925001885,2.97906221606901,-0.0027999181253378,27,0,0,0,0,0.48387583321607,8625.15963564715,9028.12045879007,9204.12294803041
208,28.4725295892301,27.3818500154112,26.9373006188969,0.153943496191942,1.53609158775253,1.72363478261941,1.80318925829032,0.506618367823194,0,27.0044856343547,2.98107342559982,-0.00179425374186621,27,0,0,0,0,0.485907251380246,8625.31954522602,9028.14561071416,9204.33363353704
208.5,28.4725295892301,27.3818500154112,26.9373006188969,0.154501340421778,1.53616718661961,1.72364223379676,1.80328039999008,0.506618367823194,0,27.0031334229115,2.98281668881806,-0.00179425374186621,27,0,0,0,0,0.487668030907299,8625.47848863157,9028.16196133553,9204.53735475835
209,28.4725295892301,27.3818500154112,26.9373006188969,0.154766855653742,1.5362423299515,1.72364593192271,1.80336849623507,0.506618367823194,0,27.0018208317079,2.98364642391794,-0.00179425374186621,27,0,0,0,0,0.488506103185472,8625.63647698207,9028.17007639335,9204.73427284393
209.5,28.4725295892301,27.3818500154112,26.9373006188969,0.154603216686776,1.53631702522752,1.72364611912966,1.80345361773022,0.506618367823194,0,27.0005465971375,2.98313505214618,-0.00179425374186621,27,0,0,0,5,0.48798959315014,8625.79352595444,9028.17048719492,9204.9245454238
210,28.4725295892301,27.3818500154112,26.9373006188969,0.154133168390698,1.53639128027858,1.72364302280033,1.80353583362774,0.508577037709415,0,26.9993094977145,2.98166615122093,0.000276200914184699,27,0,0,0,5,0.486505932708399,8625.94965196622,9028.16369270097,9205.10832668363
210.5,28.4725295892301,27.3818500154112,26.9373006188969,0.153560312227847,1.53646510045809,1.72363685646258,1.80361521156094,0.508577037709415,0,26.9981083526409,2.97987597571202,0.000276200914184699,27,0,0,0,5,0.484697769515977,8626.10486622707,9028.15016148538,9205.28576743893
211,28.4725295892301,27.4096881760459,26.9373006188969,0.153054348904545,1.53653848855384,1.72362782062988,1.80369181767714,0.508577037709415,0,26.9969420204214,2.9782948403267,0.000276200914184699,27,0,0,0,5,0.483100746882307,8626.25917455316,9028.13033357604,9205.45701520725
211.5,28.4725295892301,27.4096881760459,26.9373006188969,0.152754511106477,1.53661144520592,1.72361610359083,1.80376571666993,0.508577037709415,0,26.996568544167,2.97735784720774,0.000276200914184699,27,0,0,0,5,0.482154338856483,8626.41257824523,9028.10462218455,9205.62221427909
212,28.4725295892301,27.4096881760459,26.9373006188969,0.152772566163435,1.53668396919887,1.72360188215081,1.80383697181071,0.509743429127866,0,26.9962015198243,2.97741426926073,0.00151939207029841,27,0,0,0,5,0.482211327838266,8626.56507470278,9028.0734153313,9205.78150578714
212.5,28.4725295892301,27.4096881760459,26.9373006188969,0.153182145414056,1.53675605918171,1.72358532232855,1.80390564497955,0.509743429127866,0,26.9958408195418,2.97869420441892,0.00151939207029841,27,0,0,0,0,0.483504123784925,8626.71666104037,9028.03707737199,9205.93502777416
213,28.4725295892301,27.4096881760459,26.9373006188969,0.153814279575456,1.53682771332671,1.72356658001077,1.80397179669542,0.509743429127866,0,26.9954863185198,2.9806696236733,0.00151939207029841,27,0,0,0,0,0.485499392051969,8626.86733337021,9027.99595043249,9206.08291525942
213.5,28.4725295892301,27.4096881760459,26.9373006188969,0.154407145168922,1.53689893266627,1.72354580156701,1.80403548614578,0.509743429127866,0,26.995137894923,2.98252232865288,0.00151939207029841,27,0,0,0,0,0.487370713011186,8627.0170938188,9027.95035575658,9206.22530030391
214,28.4725295892301,27.4096881760459,26.9373006188969,0.15474569012043,1.5369697217822,1.72352312442697,1.80409677121552,0.510252944360559,0,26.9947954297962,2.98358028162634,0.00208182808150639,27,0,0,0,0,0.488439296296126,8627.16595197701,9027.90059497176,9206.36231207388
214.5,28.4725295892301,27.4096881760459,26.9373006188969,0.154667601332006,1.5370400876829,1.72349867762322,1.8041557085152,0.510252944360559,0,26.9944588069833,2.98333625416252,0.00208182808150639,27,0,0,0,5,0.488192816844343,8627.31392253938,9027.84695127913,9206.49407690315
215,28.4725295892301,27.4096881760459,26.9373006188969,0.154241408074499,1.53711003820573,1.72347258230071,1.80421235340879,0.510252944360559,0,26.9941279130479,2.98200440023281,0.00208182808150639,27,0,0,0,5,0.486847580446349,8627.46102194493,9027.78969057074,9206.6207183542
215.5,28.4725295892301,27.4096881760459,26.9373006188969,0.153674502588601,1.53717957913411,1.72344495219546,1.80426676004076,0.510252944360559,0,26.9938026371971,2.98023282058938,0.00208182808150639,27,0,0,0,5,0.48505819997066,8627.60726231459,9027.72906247935,9206.74235727787
216,28.4725295892301,27.4096881760459,26.9373006188969,0.153143094288896,1.53724871357244,1.72341589408417,1.80431898136252,0.510739523099289,0,26.9934828712078,2.9785721696528,0.0026068515168717,27,0,0,0,5,0.483380862813471,8627.7526501364,9027.66530136467,9206.85911187164
216.5,28.4725295892301,27.4096881760459,26.9373006188969,0.152792249329272,1.53731744241003,1.72338550820662,1.80436906915838,0.510739523099289,0,26.9931685093549,2.97747577915398,0.0026068515168717,27,0,0,0,5,0.482273455782915,8627.89718724056,9027.59862723974,9206.97109773694
217,28.4725295892301,27.4096881760459,26.9373006188969,0.152739017759862,1.53738576462952,1.72335388866232,1.80441707407089,0.510739523099289,0,26.9928594483421,2.97730943049957,0.0026068515168717,27,0,0,0,5,0.482105435657228,8628.04087144789,9027.52924664119,9207.07842793504
217.5,28.4725295892301,27.4096881760459,26.9373006188969,0.153073066392676,1.53745367851581,1.72332112378315,1.80446304562562,0.510739523099289,0,26.9925555872347,2.97835333247711,0.0026068515168717,27,0,0,0,0,0.483159826761841,8628.18369911186,9027.45735344661,9207.18121304169
218,28.4725295892301,27.4096881760459,26.9373006188969,0.153683347228588,1.53752118228352,1.72328729648353,1.80450703225546,0.511205051175239,0,26.9922568273945,2.98026046008934,0.00309726904219616,27,0,0,0,0,0.485086117192317,8628.32566643814,9027.38312964297,9207.27956120093
218.5,28.4725295892301,27.4096881760459,26.9373006188969,0.154302647866177,1.53758827589807,1.72325248458937,1.80454908132439,0.511205051175239,0,26.9919630724174,2.9821957745818,0.00309726904219616,27,0,0,0,0,0.487040877724802,8628.46677331461,9027.30674604826,9207.37357817744
219,28.4725295892301,27.4096881760459,26.9373006188969,0.154707253268971,1.53765496320044,1.72321676114689,1.80458923915073,0.511205051175239,0,26.9916742280717,2.98346016646554,0.00309726904219616,27,0,0,0,0,0.488317974218181,8628.60702778038,9027.22836298918,9207.46336740802
219.5,28.4725295892301,27.4096881760459,26.9373006188969,0.154718038799897,1.53772125066261,1.72318019471291,1.80462755102985,0.511205051175239,0,26.9913902022395,2.98349387124968,0.00309726904219616,27,0,0,0,5,0.488352017667996,8628.74644340889,9027.14813093808,9207.54903005177
220,28.4725295892301,27.4096881760459,26.9373006188969,0.15434413065021,1.53778714600818,1.72314284962746,1.80466406125649,0.5116512270356,0,26.9911109048596,2.98232540828191,0.0035556380561772,27,0,0,0,5,0.487171813984323,8628.88503640701,9027.06619111128,9207.63066503942
220.5,28.4725295892301,27.4096881760459,26.9373006188969,0.153790212231796,1.53785265545245,1.72310478626974,1.80469881314644,0.5116512270356,0,26.9908362478714,2.98059441322436,0.0035556380561772,27,0,0,0,5,0.48542342588844,8629.02281981048,9026.98267603079,9207.70836912132
221,28.4725295892301,27.4096881760459,26.9373006188969,0.153239151592992,1.53791778244074,1.7230660612987,1.80473184905788,0.5116512270356,0,26.9905661451622,2.9788723487281,0.0035556380561772,27,0,0,0,5,0.483684058088121,8629.15980082987,9026.89771005223,9207.78223691468
221.5,28.4725295892301,27.4096881760459,26.9373006188969,0.152841973460779,1.53798252813269,1.7230267278789,1.80476321041217,0.5116512270356,0,26.9903005125142,2.97763116706494,0.0035556380561772,27,0,0,0,5,0.482430405031604,8629.29598186886,9026.81140986061,9207.85236094951
222,28.4725295892301,27.4096881760459,26.9373006188969,0.152721110795508,1.53804689172685,1.72298683589268,1.80479293771424,0.512079583493744,0,26.9900392675548,2.97725347123596,0.00398429297809742,27,0,0,0,5,0.48204891411494,8629.43136120659,9026.72388493598,9207.91883171385
222.5,28.4444302308929,27.4096881760459,26.9373006188969,0.152974989574979,1.5381108712547,1.72294643213946,1.80482107057251,0.512079583493744,0,26.989782329707,2.97804684242181,0.00398429297809742,27,0,0,0,0,0.482850257094463,8629.56593466745,9026.63523799089,9207.98173769785
223,28.4444302308929,27.4096881760459,26.9373006188969,0.153552627207086,1.53817446504392,1.72290556052287,1.80484764771832,0.512079583493744,0,26.9895290743129,2.97985196002214,0.00398429297809742,27,0,0,0,0,0.484673512516445,8629.69969869891,9026.54556538114,9208.04116543677
223.5,28.4444302308929,27.4096881760459,26.9373006188969,0.154189430594785,1.5382376720352,1.72286426222704,1.80487270702519,0.512079583493744,0,26.9892789136038,2.9818419706087,0.00398429297809742,27,0,0,0,0,0.486683518729379,8629.83265103777,9026.4549574927,9208.09719955378
224,28.4444302308929,27.4096881760459,26.9373006188969,0.154652817917751,1.5383004953163,1.72282257588148,1.80489628552731,0.512493408951514,0,26.9890318234132,2.98329005599297,0.00438727063470878,27,0,0,0,0,0.488146154475591,8629.96479814436,9026.36349910373,9208.14992280087
224.5,28.4444302308929,27.4096881760459,26.9373006188969,0.154752660843385,1.53836294077955,1.72278053771651,1.80491841943798,0.512493408951514,0,26.98878777924,2.98360206513558,0.00438727063470878,27,0,0,0,5,0.488461298686061,8630.09615237899,9026.27126972566,9208.19941609969
225,28.4444302308929,27.4096881760459,26.9373006188969,0.154439766862277,1.5384250159041,1.72273818170903,1.80493914416737,0.512493408951514,0,26.9885467562752,2.98262427144462,0.00438727063470878,27,0,0,0,5,0.487473680124092,8630.22672944078,9026.17834392324,9208.24575858103
225.5,28.4444302308929,27.4096881760459,26.9373006188969,0.15390613782219,1.5384867273184,1.72269553971944,1.80495849434005,0.512493408951514,0,26.9883087294275,2.98095668069434,0.00438727063470878,27,0,0,0,5,0.485789333421962,8630.3565432405,9026.08479161513,9208.28902762367
226,28.4444302308929,27.4096881760459,26.9373006188969,0.153341455428458,1.53854807883323,1.72265264162031,1.8049765038121,0.512897989657574,0,26.9880736733483,2.97919204821393,0.00477053066068578,27,0,0,0,5,0.484006969914384,8630.48560176258,9025.99067835632,9208.32929889237
226.5,28.4444302308929,27.4096881760459,26.9373006188969,0.152902833025209,1.53860907189986,1.72260951541712,1.8049932056878,0.512897989657574,0,26.9878415624544,2.97782135320378,0.00477053066068578,27,0,0,0,5,0.48262250216077,8630.6139080285,9025.89606560321,9208.36664637487
227,28.4444302308929,27.4096881760459,26.9373006188969,0.152718191661367,1.53866970595065,1.72256618736181,1.80500863233605,0.512897989657574,0,26.9876123709514,2.97724434894177,0.00477053066068578,27,0,0,0,5,0.482039700159939,8630.74146081308,9025.80101096284,9208.40114241834
227.5,28.4444302308929,27.4096881760459,26.9373006188969,0.152890316160431,1.53872997884902,1.72252268205925,1.80502281540626,0.512897989657574,0,26.9873860728549,2.97778223800135,0.00477053066068578,27,0,0,0,0,0.482582993928785,8630.86825559055,9025.70556842675,9208.43285776476
228,28.4444302308929,27.4096881760459,26.9373006188969,0.153424121765131,1.53878988911693,1.72247902256725,1.8050357858441,0.513293622889307,0,26.9871626420118,2.97945038051604,0.00513494319527723,27,0,0,0,0,0.48426789793946,8630.99428922058,9025.60978859039,9208.46186158576
228.5,28.4444302308929,27.4096881760459,26.9373006188969,0.154069141473505,1.53884943473221,1.72243523049111,1.80504757390687,0.513293622889307,0,26.9869420521196,2.9814660671047,0.00513494319527723,27,0,0,0,0,0.486303838146972,8631.11955741808,9025.51371886077,9208.48822151686
229,28.4444302308929,27.4096881760459,26.9373006188969,0.154583716119659,1.53890861801567,1.72239132607159,1.80505820917842,0.513293622889307,0,26.986724276746,2.98307411287393,0.00513494319527723,27,0,0,0,0,0.487928041560091,8631.24406503465,9025.41740364959,9208.51200369063
229.5,28.4444302308929,27.4096881760459,26.9373006188969,0.154769535099044,1.53896744425094,1.7223473282681,1.80506772058388,0.513293622889307,0,26.9865092893469,2.98365479718451,0.00513494319527723,27,0,0,0,5,0.488514560586623,8631.36782315544,9025.32088455585,9208.53327276935
230,28.4444302308929,27.4096881760459,26.9373006188969,0.154526690404882,1.53902592054883,1.72230325483671,1.80507613640402,0.51368043424236,0,26.986297063284,2.98289590751526,0.00548117468641891,27,0,0,0,5,0.487748045593968,8631.4908467105,9025.22420053711,9208.55209197703
230.5,28.4444302308929,27.4096881760459,26.9373006188969,0.154020925232957,1.53908405390246,1.72225912240337,1.80508348428927,0.51368043424236,0,26.9860875718415,2.98131539135299,0.00548117468641891,27,0,0,0,5,0.486151648405307,8631.61315038329,9025.12738807024,9208.56852313051
231,28.4444302308929,27.4096881760459,26.9373006188969,0.153448894816227,1.53914184851269,1.72221494653268,1.8050897912735,0.51368043424236,0,26.9858807882423,2.97952779630071,0.00548117468641891,27,0,0,0,5,0.484346091597939,8631.73474298352,9025.03048130245,9208.58262667011
231.5,28.4444302308929,27.4096881760459,26.9373006188969,0.152973936169103,1.53919930614376,1.72217074179253,1.8050950837874,0.51368043424236,0,26.9856766856631,2.97804355052845,0.00548117468641891,27,0,0,0,5,0.482846932124156,8631.85562819515,9024.93351219309,9208.59446168942
232,28.4444302308929,27.4096881760459,26.9373006188969,0.152729568604769,1.53925642648006,1.72212652181468,1.80509938767167,0.514058590610091,0,26.9854752372493,2.9772799018899,0.00580990510029409,27,0,0,0,5,0.482075610344094,8631.97580532661,9024.83651064675,9208.60408596463
232.5,28.4444302308929,27.4096881760459,26.9373006188969,0.152822371959272,1.53931320740252,1.72208229935183,1.80510272818984,0.514058590610091,0,26.9852764161286,2.97756991237273,0.00580990510029409,27,0,0,0,5,0.482368534852246,8632.09526989193,9024.73950463854,9208.61155598306
233,28.4444302308929,27.4096881760459,26.9373006188969,0.153299909142087,1.53936964734999,1.7220380863309,1.80510513004078,0.514058590610091,0,26.9850801954249,2.97906221606902,0.00580990510029409,27,0,0,0,0,0.483875833216084,8632.21401857909,9024.64252033094,9208.616926971
233.5,28.4444302308929,27.4096881760459,26.9373006188969,0.153943496192099,1.53942574377969,1.72199389390378,1.80510661737117,0.514058590610091,0,26.9848865482706,2.98107342560031,0.00580990510029409,27,0,0,0,0,0.485907251380743,8632.33204601058,9024.54558218543,9208.62025292144
234,28.4444302308929,27.4096881760459,26.9373006188969,0.154501340421878,1.53948149811358,1.72194973249432,1.80510721378744,0.514428291900458,0,26.9846954478191,2.98281668881837,0.00612182087234601,27,0,0,0,0,0.487668030907617,8632.44935515085,9024.44871306541,9208.62158662071
234.5,28.4444302308929,27.4096881760459,26.9373006188969,0.154766855653805,1.53953691495815,1.7219056118428,1.80510694236762,0.514428291900458,0,26.9845068672563,2.98364642391814,0.00612182087234601,27,0,0,0,0,0.488506103185671,8632.56595566512,9024.35193433403,9208.62097967477
235,28.4444302308929,27.4096881760459,26.9373006188969,0.154603216687059,1.53959200109209,1.7218615410477,1.80510582567283,0.514428291900458,0,26.9843207798117,2.98313505214706,0.00612182087234601,27,0,0,0,5,0.487989593151032,8632.68186178984,9024.25526594576,9208.61848253492
235.5,28.4444302308929,27.4096881760459,26.9373006188969,0.154133168391117,1.53964676364992,1.72181752860485,1.80510388575859,0.514428291900458,0,26.9841371587687,2.98166615122224,0.00612182087234601,27,0,0,0,5,0.486505932709721,8632.79708851097,9024.15872653241,9208.61414452291
236,28.4444302308929,27.4096881760459,26.9373006188969,0.153560312228262,1.5397012072923,1.72177358244421,1.80510114418588,0.514789763937074,0,26.9839559774751,2.97987597571332,0.00641760900995791,27,0,0,0,5,0.484697769517287,8632.91164561007,9024.06233348382,9208.60801385559
236.5,28.4444302308929,27.4096881760459,26.9373006188969,0.153054348904882,1.5397553341181,1.7217297099644,1.80509762203188,0.514789763937074,0,26.9837772093524,2.97829484032776,0.00641760900995791,27,0,0,0,5,0.48310074688337,8633.02553747875,9023.96610302372,9208.60013766879
237,28.4444302308929,27.4096881760459,26.9373006188969,0.152754511106477,1.53980914408202,1.72168591806514,1.80509333990051,0.514789763937074,0,26.9836008279048,2.97735784720774,0.00641760900995791,27,0,0,0,5,0.482154338856484,8633.13876399732,9023.87005028089,9208.59056204098
237.5,28.4444302308929,27.4096881760459,26.9373006188969,0.152772566162796,1.53986263528714,1.72164221317766,1.80508831793282,0.514789763937074,0,26.9834268067282,2.97741426925874,0.00641760900995791,27,0,0,0,5,0.482211327836248,8633.25132114993,9023.77418935593,9208.57933201619
238,28.4444302308929,27.4096881760459,26.9373006188969,0.153182145414067,1.53991580570501,1.72159860129319,1.80508257581697,0.515143252390885,0,26.9832551195177,2.97869420441896,0.00669795219290705,27,0,0,0,0,0.48350412378496,8633.3632046439,9023.67853338384,9208.56649162641
238.5,28.4444302308929,27.4096881760459,26.9373006188969,0.153814279575766,1.53996865283439,1.72155508799014,1.80507613279823,0.515143252390885,0,26.9830857400764,2.98066962367427,0.00669795219290705,27,0,0,0,0,0.485499392052948,8633.47440919162,9023.58309459364,9208.55208391387
239,28.4444302308929,27.4096881760459,26.9373006188969,0.154407145169138,1.5400211770386,1.72151167845923,1.80506900768865,0.515143252390885,0,26.9829186423216,2.98252232865356,0.00669795219290705,27,0,0,0,0,0.487370713011868,8633.5849355333,9023.48788436359,9208.53615095251
239.5,28.4444302308929,27.4096881760459,26.9373006188969,0.154745690120575,1.54007338223493,1.72146837752726,1.80506121887646,0.515143252390885,0,26.982753800293,2.9835802816268,0.00669795219290705,27,0,0,0,0,0.488439296296584,8633.69479188807,9023.39291327331,9208.51873386908
240,28.4444302308929,27.4096881760459,26.9373006188969,0.154667601331234,1.54012527477159,1.72142518967947,1.80505278433539,0.515489017613277,0,26.9825911881583,2.98333625416011,0.0069635247366989,27,0,0,0,5,0.488192816841908,8633.80399159106,9023.29819115291,9208.49987286376
240.5,28.4444302308929,27.4096881760459,26.9373006188969,0.154241408074361,1.54017686182974,1.72138211908052,1.80504372163378,0.515489017613277,0,26.9824307802198,2.98200440023238,0.0069635247366989,27,0,0,0,5,0.486847580445913,8633.91254973108,9023.20372712897,9208.47960723061
241,28.4444302308929,27.4096881760459,26.9373006188969,0.153674502588894,1.54022814854017,1.72133916959409,1.80503404794332,0.515489017613277,0,26.9822725509207,2.98023282059029,0.0069635247366989,27,0,0,0,5,0.485058199971585,8634.02047708294,9023.10952966769,9208.457975377
241.5,28.4444302308929,27.4096881760459,26.9373006188969,0.153143094288898,1.54027913735816,1.72129634480138,1.80502378004782,0.515489017613277,0,26.9821164748501,2.97857216965281,0.0069635247366989,27,0,0,0,5,0.483380862813477,8634.12777879163,9023.01560661535,9208.43501484321
242,28.4444302308929,27.4096881760459,26.9373006188969,0.152792249329273,1.54032982852736,1.72125364801838,1.80501293435164,0.515827330250772,0,26.9819625267483,2.97747577915398,0.00721498930066673,27,0,0,0,5,0.482273455782919,8634.23445534826,9022.92196523638,9208.41076232121
242.5,28.4444302308929,27.4096881760459,26.9373006188969,0.152739017759911,1.54038022038826,1.72121108231223,1.80500152688792,0.515827330250772,0,26.9818106815123,2.97730943049972,0.00721498930066673,27,0,0,0,5,0.482105435657383,8634.34050323898,9022.82861224908,9208.38525367304
243,28.4444302308929,27.4096881760459,26.9373006188969,0.153073066392705,1.54043031058744,1.72116865051625,1.80498957332679,0.515827330250772,0,26.9816609141998,2.9783533324772,0.00721498930066673,27,0,0,0,0,0.483159826761934,8634.44591748948,9022.73555385884,9208.3585239491
243.5,28.4444302308929,27.4096881760459,26.9373006188969,0.153683347229037,1.54048009670487,1.72112635524454,1.80497708898318,0.515827330250772,0,26.9815132000336,2.98026046009074,0.00721498930066673,27,0,0,0,0,0.485086117193732,8634.55069298525,9022.64279578999,9208.33060740564
244,28.4444302308929,27.4096881760459,26.9373006188969,0.154302647866555,1.54052957807543,1.72108419890561,1.80496408882476,0.516158467537252,0,26.9813675144063,2.98219577458299,0.00745299423749373,27,0,0,0,0,0.487040877725996,8634.65482830495,9022.55034331575,9208.3015375224
244.5,28.4444302308929,27.4096881760459,26.9373006188969,0.15470725326926,1.54057875791388,1.72104218371481,1.80495058747941,0.516158467537252,0,26.9812238328832,2.98346016646644,0.00745299423749373,27,0,0,0,0,0.488317974219092,8634.75833019275,9022.45820128565,9208.27134701938
245,28.4444302308929,27.4096881760459,26.9373006188969,0.154718038800097,1.54062764207,1.7210003117065,1.8049365992427,0.516158467537252,0,26.9810821312067,2.9834938712503,0.00745299423749373,27,0,0,0,5,0.488352017668626,8634.86121093899,9022.36637415209,9208.2400678735
245.5,28.4444302308929,27.4096881760459,26.9373006188969,0.154344130648986,1.5406762376492,1.72095858474517,1.80492213808523,0.516158467537252,0,26.980942385299,2.98232540827808,0.00745299423749373,27,0,0,0,5,0.48717181398046,8634.96348547716,9022.2748659948,9208.2077313349
246,28.4444302308929,27.4096881760459,26.9373006188969,0.153790212231063,1.54072455025186,1.720917004536,1.80490721765967,0.516482710179389,0,26.9808045712655,2.98059441322207,0.00767817149380789,27,0,0,0,5,0.485423425886128,8635.06516557416,9022.18368054406,9208.17436794282
246.5,28.4444302308929,27.4096881760459,26.9373006188969,0.153239151592997,1.54077258271173,1.72087557263469,1.80489185130774,0.516482710179389,0,26.9806686653975,2.97887234872812,0.00767817149380789,27,0,0,0,5,0.483684058088136,8635.16625717455,9022.09282120216,9208.14000754103
247,28.4444302308929,27.4096881760459,26.9373006188969,0.152841973460782,1.54082033558019,1.72083429045668,1.80487605206703,0.516482710179389,0,26.9805346441748,2.97763116706494,0.00767817149380789,27,0,0,0,5,0.482430405031613,8635.26676141961,9022.00229106379,9208.10467929322
247.5,28.4444302308929,27.4096881760459,26.9373006188969,0.152721110795625,1.54086780745075,1.72079315928588,1.80485983267762,0.516482710179389,0,26.9804024842685,2.97725347123633,0.00767817149380789,27,0,0,0,5,0.482048914115311,8635.36667533014,9021.91209293507,9208.06841169762
248,28.4444302308929,27.4096881760459,26.9373006188969,0.152974989575052,1.54091499575341,1.72075218028273,1.80484320558855,0.516800339750318,0,26.9802721625426,2.97804684242204,0.00789113498296956,27,0,0,0,0,0.482850257094695,8635.46599347792,9021.8222293513,9208.0312326016
248.5,28.4444302308929,27.4096881760459,26.9373006188969,0.153552627207258,1.54096189821794,1.72071135449179,1.80482618296426,0.516800339750318,0,26.9801436560565,2.97985196002268,0.00789113498296956,27,0,0,0,0,0.484673512516988,8635.5647110656,9021.73270259361,9207.99316921592
249,28.4444302308929,27.4096881760459,26.9373006188969,0.154189430595174,1.54100851319071,1.72067068284935,1.80480877669082,0.516800339750318,0,26.9800169420666,2.98184197060992,0.00789113498296956,27,0,0,0,0,0.486683518730607,8635.66282459359,9021.64351470567,9207.95424812878
249.5,28.4444302308929,27.4096881760459,26.9373006188969,0.154652817918179,1.54105484316938,1.7206301661899,1.80479099838204,0.516800339750318,0,26.9798919980283,2.98329005599431,0.00789113498296956,27,0,0,0,0,0.488146154476941,8635.76033929984,9021.55466750787,9207.9144953193
250,28.4444302308929,27.4096881760459,26.9373006188969,0.154752660843751,1.54110089346001,1.72058980525263,1.8047728593854,0.517111636525215,0,26.9797688015971,2.98360206513672,0.00809247936117004,27,0,0,0,5,0.488461298687214,8635.85726633384,9021.46616261157,9207.87393617101
250.5,28.4444302308929,27.4096881760459,26.9373006188969,0.154439766862278,1.54114667095915,1.72054960068749,1.80475437078798,0.517111636525215,0,26.97964733063,2.98262427144462,0.00809247936117004,27,0,0,0,5,0.487473680124094,8635.95362019338,9021.37800143247,9207.83259548485
251,28.4444302308929,27.4096881760459,26.9373006188969,0.153906137822094,1.54119218171603,1.72050955306078,1.8047355434221,0.517111636525215,0,26.9795275631869,2.98095668069404,0.00809247936117004,27,0,0,0,5,0.485789333421658,8636.04941359343,9021.29018520275,9207.79049749198
251.5,28.4444302308929,27.4096881760459,26.9373006188969,0.153341455428471,1.54123742896524,1.72046966286035,1.80471638787094,0.517111636525215,0,26.9794094775317,2.97919204821397,0.00809247936117004,27,0,0,0,5,0.484006969914427,8636.14465332518,9021.20271498264,9207.74766586614
252,28.4444302308929,27.4096881760459,26.9373006188969,0.152902833025217,1.54128241358491,1.72042993050061,1.80469691447402,0.517416877700953,0,26.9792930521327,2.9778213532038,0.00828277914691427,27,0,0,0,5,0.482622502160794,8636.23934121996,9021.1155916713,9207.70412373606
252.5,28.4444302308929,27.4096881760459,26.9373006188969,0.152718191661614,1.54132713443746,1.72039035632709,1.80467713333244,0.517416877700953,0,26.9791782656638,2.97724434894254,0.00828277914691427,27,0,0,0,5,0.482039700160719,8636.33347486647,9021.02881601683,9207.65989369715
253,28.4444302308929,27.4096881760459,26.9373006188969,0.152890316160597,1.5413715888195,1.72035094062079,1.80465705431421,0.517416877700953,0,26.9790650970051,2.97778223800187,0.00828277914691427,27,0,0,0,0,0.482582993929308,8636.42704855734,9020.94238862593,9207.61499782331
253.5,28.4444302308929,27.4096881760459,26.9373006188969,0.153424121764153,1.5414157746897,1.72031168360209,1.80463668705925,0.517416877700953,0,26.978953525243,2.97945038051298,0.00828277914691427,27,0,0,0,0,0.484267897936373,8636.52005797879,9020.85630997227,9207.5694576782
254,28.4444302308929,27.4096881760459,26.9373006188969,0.154069141473156,1.5414596894658,1.72027258543502,1.80461604098454,0.517716335940747,0,26.978843529671,2.98146606710361,0.00846258813159295,27,0,0,0,0,0.48630383814587,8636.61249767828,9020.77058040613,9207.52329432673
254.5,28.4444302308929,27.4096881760459,26.9373006188969,0.154583716119848,1.54150333491249,1.72023364623066,1.80459512528893,0.517716335940747,0,26.97873508979,2.98307411287453,0.00846258813159295,27,0,0,0,0,0.487928041560689,8636.70437135349,9020.68520016156,9207.47652834578
255,28.4444302308929,27.4096881760459,26.9373006188969,0.154769535099453,1.54154671576094,1.72019486605047,1.80457394895796,0.517716335940747,0,26.978628185308,2.98365479718579,0.00846258813159295,27,0,0,0,5,0.488514560587913,8636.79568894698,9020.60016936399,9207.42917983504
255.5,28.4444302308929,27.4096881760459,26.9373006188969,0.154526690404883,1.54158983857303,1.72015624490981,1.80455252076857,0.517716335940747,0,26.9785227961405,2.98289590751526,0.00846258813159295,27,0,0,0,5,0.487748045593973,8636.88646425545,9020.5154880377,9207.3812684275
256,28.4444302308929,27.4096881760459,26.9373006188969,0.154020925233015,1.54163270979617,1.72011778278071,1.8045308492937,0.518010278204827,0,26.9784189024105,2.98131539135317,0.00863243903579871,27,0,0,0,5,0.48615164840549,8636.97671083532,9020.43115611204,9207.3328132997
256.5,28.4444302308929,27.4096881760459,26.9373006188969,0.153448894816918,1.54167533308837,1.72007947959475,1.80450894290671,0.518010278204827,0,26.978316484448,2.97952779630287,0.00863243903579871,27,0,0,0,5,0.484346091600119,8637.06643637166,9020.34717342771,9207.28383318171
257,28.4444302308929,27.4096881760459,26.9373006188969,0.152973936168815,1.54171770967395,1.72004133524567,1.80448680978584,0.518010278204827,0,26.9782155227903,2.97804355052755,0.00863243903579871,27,0,0,0,5,0.482846932123248,8637.15564342672,9020.2635397425,9207.23434636699
257.5,28.4444302308929,27.4096881760459,26.9373006188969,0.152729568605254,1.5417598387003,1.72000334959185,1.80446445791846,0.518010278204827,0,26.9781159981809,2.97727990189142,0.00863243903579871,27,0,0,0,5,0.482075610345623,8637.24433019077,9020.1802547367,9207.18437072196
258,28.4444302308929,27.4096881760459,26.9373006188969,0.152822371960851,1.54180171751434,1.71996552245858,1.80444189510522,0.518298964822009,0,26.9780178915701,2.97756991237766,0.00879284337195969,27,0,0,0,5,0.482368534857232,8637.33249106378,9020.09731801809,9207.1339236953
258.5,28.4444302308929,27.4096881760459,26.9373006188969,0.153299909140962,1.54184334402414,1.71992785363998,1.80441912896416,0.518298964822009,0,26.9779211841136,2.97906221606551,0.00879284337195969,27,0,0,0,0,0.483875833212534,8637.42012162694,9020.0147291262,9207.08302232705
259,28.4444302308929,27.4096881760459,26.9373006188969,0.153943496191132,1.54188471515917,1.71989034290159,1.80439616693478,0.518298964822009,0,26.9778258571724,2.98107342559729,0.00879284337195969,27,0,0,0,0,0.48590725137769,8637.50721540125,9019.93248753792,9207.03168325786
259.5,28.4444302308929,27.4096881760459,26.9373006188969,0.154501340422282,1.54192583181732,1.71985298998194,1.80437301628199,0.518298964822009,0,26.9777318923121,2.98281668881963,0.00879284337195969,27,0,0,0,0,0.487668030908891,8637.59377426187,9019.850592671,9206.97992273763
260,28.4444302308929,27.4096881760459,26.9373006188969,0.154766855654895,1.54196669808446,1.71981579459449,1.80434968409985,0.51858264876887,0,26.9776392713023,2.98364642392155,0.00894429147908937,27,0,0,0,0,0.488506103189111,8637.67980679558,9019.76904388824,9206.92775663409
260.5,28.4444302308929,27.4096881760459,26.9373006188969,0.154603216686448,1.54200732022207,1.71977875642941,1.80432617731552,0.51858264876887,0,26.9775479761156,2.98313505214515,0.00894429147908937,27,0,0,0,5,0.487989593149105,8637.76532616979,9019.68784050151,9206.87520044144
261,28.4444302308929,27.4096881760459,26.9373006188969,0.154133168389631,1.5420477048505,1.71974187515516,1.80430250269277,0.51858264876887,0,26.9774579889269,2.9816661512176,0.00894429147908937,27,0,0,0,5,0.486505932705033,8637.85034630796,9019.60698177509,9206.82226928833
261.5,28.4444302308929,27.4096881760459,26.9373006188969,0.153560312228199,1.54208785611904,1.71970515042,1.80427866683569,0.51858264876887,0,26.9773692921126,2.97987597571312,0.00894429147908937,27,0,0,0,5,0.484697769517088,8637.9348759319,9019.52646692905,9206.76897794609
262,28.4444302308929,27.4096881760459,26.9373006188969,0.153054348905423,1.54212777561784,1.71966858185332,1.80425467619218,0.518861575126152,0,26.9772818682496,2.97829484032945,0.00908725270014941,27,0,0,0,5,0.483100746885077,8638.01891837598,9019.44629514213,9206.7153408366
262.5,28.4444302308929,27.4096881760459,26.9373006188969,0.152754511106784,1.54216746279574,1.719632169067,1.80423053705735,0.518861575126152,0,26.9771957001143,2.9773578472087,0.00908725270014941,27,0,0,0,5,0.482154338857454,8638.10247246665,9019.3664655548,9206.66137203983
263,28.4444302308929,27.4096881760459,26.9373006188969,0.152772566162671,1.54220691525268,1.71959591165656,1.80420625557691,0.518861575126152,0,26.9771107706816,2.97741426925835,0.00908725270014941,27,0,0,0,5,0.482211327835856,8638.18553313783,9019.2869772717,9206.60708530146
263.5,28.4444302308929,27.4096881760459,26.9373006188969,0.153182145414547,1.54224613046009,1.71955980920219,1.80418183775044,0.518861575126152,0,26.9770270631236,2.97869420442046,0.00908725270014941,27,0,0,0,0,0.483504123786477,8638.26809505269,9019.2078293639,9206.55249404018
264,28.4444302308929,27.4096881760459,26.9373006188969,0.153814279576963,1.54228510541948,1.71952386127006,1.8041572894346,0.519135980685292,0,26.9769445608089,2.98066962367801,0.00922217567642605,27,0,0,0,0,0.485499392056725,8638.35015188507,9019.12902087187,9206.49761135489
264.5,28.4444302308929,27.4096881760459,26.9373006188969,0.154407145168617,1.5423238400003,1.71948806741335,1.80413261634638,0.519135980685292,0,26.9768632473013,2.98252232865193,0.00922217567642605,27,0,0,0,0,0.487370713010224,8638.4317033467,9019.05055080759,9206.44245003197
265,28.4444302308929,27.4096881760459,26.9373006188969,0.154745690119654,1.54236233762922,1.71945242717308,1.80410782406611,0.519135980685292,0,26.9767831063581,2.98358028162392,0.00922217567642605,27,0,0,0,0,0.488439296293677,8638.51275663893,9018.97241815652,9206.38702255197
265.5,28.4444302308929,27.4096881760459,26.9373006188969,0.154667601332763,1.5424006041671,1.71941694007921,1.8040829180405,0.519135980685292,0,26.9767041219297,2.98333625416488,0.00922217567642605,27,0,0,0,5,0.488192816846732,8638.59332408839,9018.89462187992,9206.3313410965
266,28.4444302308929,27.4096881760459,26.9373006188969,0.154241408073245,1.54243864631069,1.71938160565148,1.80405790358566,0.519406093683472,0,26.9766262781576,2.98200440022889,0.00934948873694168,27,0,0,0,5,0.486847580442389,8638.6734197822,9018.81716091667,9206.27541755486
266.5,28.4444302308929,27.4096881760459,26.9373006188969,0.153674502588166,1.54247646870901,1.71934642340014,1.80403278588991,0.519406093683472,0,26.9765495593736,2.98023282058802,0.00934948873694168,27,0,0,0,5,0.485058199969289,8638.75305349656,9018.74003418499,9206.21926353047
267,28.4444302308929,27.4096881760459,26.9373006188969,0.153143094287714,1.54251407333814,1.71931139282674,1.80400757001665,0.519406093683472,0,26.9764739500982,2.9785721696491,0.00934948873694168,27,0,0,0,5,0.483380862809739,8638.83222938023,9018.66324058407,9206.1628903472
267.5,28.4444302308929,27.4096881760459,26.9373006188969,0.152792249329539,1.54255145996507,1.71927651342474,1.8039822609071,0.519406093683472,0,26.976399435039,2.97747577915481,0.00934948873694168,27,0,0,0,5,0.482273455783755,8638.91094693096,9018.58677899539,9206.10630905553
268,28.4444302308929,27.4096881760459,26.9373006188969,0.152739017760301,1.54258862645635,1.71924178468021,1.80395686338301,0.519672133643098,0,26.9763259990901,2.97730943050094,0.009469600363947,27,0,0,0,5,0.482105435658614,8638.98920164506,9018.51064828437,9206.04953043855
268.5,28.4444302308929,27.4096881760459,26.9373006188969,0.153073066392545,1.54262556998726,1.71920720607224,1.8039313821492,0.519672133643098,0,26.9762536273299,2.9783533324767,0.009469600363947,27,0,0,0,0,0.483159826761431,8639.0669875633,9018.43484730116,9205.99256501778
269,28.4444302308929,27.4096881760459,26.9373006188969,0.153683347228559,1.54266228766933,1.71917277707365,1.80390582179628,0.519672133643098,0,26.97618230502,2.98026046008925,0.009469600363947,27,0,0,0,0,0.485086117192223,8639.1442985921,9018.35937488225,9205.93542305915
269.5,28.4444302308929,27.4096881760459,26.9373006188969,0.154302647867426,1.542698778372,1.71913849715167,1.80388018680314,0.519672133643098,0,26.9761120176036,2.98219577458571,0.009469600363947,27,0,0,0,0,0.487040877728743,8639.22113233912,9018.28422985195,9205.87811457858
270,28.4444302308929,27.4096881760459,26.9373006188969,0.15470725327037,1.54273504484771,1.71910436576831,1.8038544815394,0.519934311305292,0,26.9760427507044,2.98346016646991,0.00958289971825082,27,0,0,0,0,0.488317974222597,8639.29749458809,9018.20941102318,9205.82064934752
270.5,28.4444302308929,27.4096881760459,26.9373006188969,0.154718038799645,1.54277109248705,1.71907038238091,1.80382871026791,0.519934311305292,0,26.9759744901246,2.98349387124889,0.00958289971825082,27,0,0,0,5,0.488352017667201,8639.37339667791,9018.13491719871,9205.76303689847
271,28.4444302308929,27.4096881760459,26.9373006188969,0.154344130649353,1.54280692793898,1.7190365464427,1.80380287714708,0.519934311305292,0,26.9759072218437,2.98232540827923,0.00958289971825082,27,0,0,0,5,0.487171813981619,8639.44885259757,9018.06074717235,9205.70528653027
271.5,28.4444302308929,27.4096881760459,26.9373006188969,0.15379021223269,1.54284255635006,1.7190028574031,1.80377698623322,0.519934311305292,0,26.975840932017,2.98059441322716,0.00958289971825082,27,0,0,0,5,0.485423425891263,8639.5238731731,9017.98689972968,9205.64740731326
272,28.4444302308929,27.4096881760459,26.9373006188969,0.153239151591829,1.54287798010258,1.71896931470819,1.80375104148276,0.520192828634436,0,26.9757756069738,2.97887234872447,0.00968975721048793,27,0,0,0,5,0.483684058084449,8639.59846341024,9017.91337364899,9205.58940809432
272.5,28.4444302308929,27.4096881760459,26.9373006188969,0.152841973459984,1.54291319929887,1.71893591780101,1.80372504675455,0.520192828634436,0,26.9757112332162,2.97763116706245,0.00968975721048793,27,0,0,0,5,0.482430405029092,8639.67262351417,9017.84016770193,9205.53129750193
273,28.4444302308929,27.4096881760459,26.9373006188969,0.152721110795231,1.54294821208595,1.71890266612184,1.80369900581191,0.520192828634436,0,26.9756477974173,2.9772534712351,0.00968975721048793,27,0,0,0,5,0.482048914114068,8639.74634957277,9017.7672806543,9205.4730839509
273.5,28.4163381619894,27.4096881760459,26.9373006188969,0.152974989575629,1.54298301544973,1.71886955910855,1.80367292232478,0.520192828634436,0,26.9755852864196,2.97804684242384,0.00968975721048793,27,0,0,0,0,0.482850257096516,8639.81963522892,9017.69471126654,9205.41477564703
274,28.4163381619894,27.4096881760459,26.9373006188969,0.153552627207165,1.54301760667867,1.71883659619665,1.80364679987182,0.520448097162671,0,26.9755231415454,2.97985196002239,0.00979074338184631,27,0,0,0,0,0.484673512516695,8639.89247476245,9017.62245829411,9205.35638059186
274.5,28.4163381619894,27.4096881760459,26.9373006188969,0.154189430593605,1.54305198368052,1.71880377682013,1.80362064194244,0.520448097162671,0,26.9754608394606,2.98184197060502,0.00979074338184631,27,0,0,0,0,0.486683518725655,8639.96486375716,9017.55052048912,9205.29790658728
275,28.4163381619894,27.4096881760459,26.9373006188969,0.154652817917779,1.54308614851728,1.71877110041127,1.80359445193879,0.520448097162671,0,26.9753984187943,2.98329005599306,0.00979074338184631,27,0,0,0,0,0.488146154475678,8640.03680654462,9017.47889660003,9205.2393612399
275.5,28.4163381619894,27.4375327997469,26.9373006188969,0.154752660844636,1.54312010606231,1.71873856640111,1.80356823317772,0.520448097162671,0,26.9753359163895,2.98360206513949,0.00979074338184631,27,0,0,0,5,0.488461298690008,8640.10831337671,9017.40758537269,9205.18075196548
276,28.4163381619894,27.4375327997469,26.9373006188969,0.154439766863252,1.54315386278212,1.7187061742198,1.80354198889268,0.520401035418445,0,26.9760326902584,2.98262427144766,0.00958692389664577,27,0,0,0,5,0.487473680127168,8640.17939786053,9017.33658555099,9205.12208599316
276.5,28.4163381619894,27.4375327997469,26.9373006188969,0.153906137821813,1.54318742429842,1.71867392329663,1.80351572223557,0.520401035418445,0,26.9767032543427,2.98095668069317,0.00958692389664577,27,0,0,0,5,0.485789333420772,8640.25007182469,9017.26589587707,9205.06337036961
277,28.4163381619894,27.4375327997469,26.9373006188969,0.153341455428904,1.54322079342047,1.7186418130604,1.80348943627861,0.520401035418445,0,26.9773485443039,2.97919204821532,0.00958692389664577,27,0,0,0,5,0.484006969915793,8640.32034117565,9017.19551509206,9205.00461196321
277.5,28.4163381619894,27.4375327997469,26.9373006188969,0.152902833026842,1.54325397060341,1.71860984293945,1.80346313401604,0.520401035418445,0,26.977969463091,2.97782135320888,0.00958692389664577,27,0,0,0,5,0.482622502165926,8640.39020686269,9017.12544193609,9204.94581746791
278,28.4163381619894,27.4375327997469,26.9373006188969,0.152718191661008,1.54328695428894,1.7185780123619,1.80343681836589,0.519542413061686,0,26.9785668820742,2.97724434894065,0.00857324717032526,27,0,0,0,5,0.482039700158805,8640.45966559522,9017.05567514891,9204.88699340708
278.5,28.4163381619894,27.4375327997469,26.9373006188969,0.152890316159608,1.54331974135535,1.71854632075572,1.80341049217166,0.519542413061686,0,26.9791416421393,2.97778223799878,0.00857324717032526,27,0,0,0,0,0.482582993926188,8640.52871079015,9016.98621347005,9204.82814613735
279,28.4163381619894,27.4375327997469,26.9373006188969,0.153424121765293,1.5433523293455,1.71851476754869,1.80338415820394,0.519542413061686,0,26.9796945547449,2.97945038051654,0.00857324717032526,27,0,0,0,0,0.484267897939971,8640.59733726384,9016.91705563863,9204.76928185223
279.5,28.4163381619894,27.4375327997469,26.9373006188969,0.154069141472351,1.54338471526377,1.71848335216907,1.80335781916214,0.519542413061686,0,26.9802264029425,2.9814660671011,0.00857324717032526,27,0,0,0,0,0.486303838143327,8640.66553869856,9016.8482003949,9204.71040658598
280,28.4163381619894,27.4375327997469,26.9373006188969,0.154583716119447,1.54341690046437,1.71845207404531,1.80333147767602,0.518816249336055,0,26.9807379423615,2.98307411287327,0.00770482305541975,27,0,0,0,0,0.487928041559422,8640.73331793679,9016.7796464796,9204.65152621703
280.5,28.4163381619894,27.4375327997469,26.9373006188969,0.154769535097845,1.54344888927074,1.71842093260639,1.80330513630729,0.518816249336055,0,26.9812299021602,2.98365479718077,0.00770482305541975,27,0,0,0,5,0.488514560582838,8640.80068407423,9016.71139263472,9204.5926464715
281,28.4163381619894,27.4375327997469,26.9373006188969,0.154526690404589,1.54348068783954,1.718389927282,1.80327879755113,0.518816249336055,0,26.9817029859445,2.98289590751434,0.00770482305541975,27,0,0,0,5,0.487748045593045,8640.86765006754,9016.64343760383,9204.53377292673
281.5,28.4163381619894,27.4375327997469,26.9373006188969,0.154020925234005,1.54351230221545,1.71835905750261,1.80325246383769,0.518816249336055,0,26.9821578726535,2.98131539135627,0.00770482305541975,27,0,0,0,5,0.486151648408614,8640.93422863798,9016.57578013227,9204.47491101453
282,28.4163381619894,27.4375327997469,26.9373006188969,0.153448894816918,1.5435437356558,1.71832832269955,1.80322613753355,0.518204359194897,0,26.9825952174164,2.97952779630287,0.00696191303345159,27,0,0,0,5,0.484346091600119,8641.00042663713,9016.50841896739,9204.4160660245
282.5,28.4163381619894,27.4375327997469,26.9373006188969,0.15297393616892,1.54357498898642,1.71829772230513,1.80319982094314,0.518204359194897,0,26.9830156523778,2.97804355052788,0.00696191303345159,27,0,0,0,5,0.48284693212358,8641.06624579604,9016.4413528587,9204.35724310717
283,28.4163381619894,27.4375327997469,26.9373006188969,0.152729568605933,1.54360606095838,1.71826725575265,1.80317351631013,0.518204359194897,0,26.9834197874962,2.97727990189354,0.00696191303345159,27,0,0,0,5,0.482075610347766,8641.13168347642,9016.37458055793,9204.29844727714
283.5,28.4163381619894,27.4375327997469,26.9373006188969,0.152822371960851,1.54363694852442,1.71823692247651,1.80314722581872,0.518204359194897,0,26.9838082113138,2.97756991237766,0.00696191303345159,27,0,0,0,5,0.482368534857232,8641.19673325266,9016.30810081934,9204.23968341602
284,28.4163381619894,27.4375327997469,26.9373006188969,0.153299909141741,1.54366764920089,1.71820672191201,1.80312095159504,0.517690998581713,0,26.9841814917001,2.97906221606794,0.00632740331995336,27,0,0,0,0,0.483875833214991,8641.26138988596,9016.24191239915,9204.18095627538
284.5,28.4163381619894,27.4375327997469,26.9373006188969,0.153943496191133,1.5436981595278,1.71817665349587,1.80309469570846,0.517690998581713,0,26.98454017657,2.98107342559729,0.00632740331995336,27,0,0,0,0,0.485907251377693,8641.32564608118,9016.17601405681,9204.12227047995
285,28.4163381619894,27.4375327997469,26.9373006188969,0.154501340422282,1.54372848001618,1.71814671666607,1.80306846017285,0.517690998581713,0,26.9848847945766,2.98281668881963,0.00632740331995336,27,0,0,0,0,0.487668030908891,8641.38950290631,9016.11040455458,9204.06363053021
285.5,28.4163381619894,27.4375327997469,26.9373006188969,0.154766855652562,1.54375861436771,1.71811691086193,1.80304224694787,0.517690998581713,0,26.9852158557805,2.98364642391426,0.00632740331995336,27,0,0,0,0,0.488506103181747,8641.45296814919,9016.04508265772,9204.00504080538
286,28.4163381619894,27.4375327997469,26.9373006188969,0.154603216686466,1.5437885684621,1.71808723552434,1.80301605794015,0.517262540460479,0,26.9855338522956,2.98313505214521,0.00578645908175162,27,0,0,0,5,0.487989593149162,8641.51605418505,9015.98004713498,9203.94650556607
286.5,28.4163381619894,27.4375327997469,26.9373006188969,0.15413316839017,1.54381834854027,1.71805769009573,1.80298989500455,0.517262540460479,0,26.985839258913,2.98166615121928,0.00578645908175162,27,0,0,0,5,0.486505932706734,8641.57877415027,9015.91529675855,9203.88802895703
287,28.4163381619894,27.4375327997469,26.9373006188969,0.153560312228199,1.54384795837405,1.71802827402014,1.80296375994531,0.517262540460479,0,26.986132533703,2.97987597571312,0.00578645908175162,27,0,0,0,5,0.484697769517088,8641.64113598139,9015.85083030419,9203.82961500984
287.5,28.4163381619894,27.4375327997469,26.9373006188969,0.15305434890567,1.54387739917821,1.71799898674327,1.80293765451718,0.517262540460479,0,26.9864141185963,2.97829484033022,0.00578645908175162,27,0,0,0,5,0.483100746885857,8641.70314222971,9015.78664655137,9203.77126764528
288,28.4163381619894,27.4375327997469,26.9373006188969,0.152754511105636,1.5439066700282,1.71796982771242,1.80291158042648,0.516907193583449,0,26.9866844399452,2.97735784720511,0.00532622402193539,27,0,0,0,5,0.482154338853828,8641.76479094088,9015.72274428314,9203.7129906759
288.5,28.4163381619894,27.4375327997469,26.9373006188969,0.152772566162671,1.54393576815267,1.7179407963766,1.80288553933231,0.516907193583449,0,26.9869439090655,2.97741426925835,0.00532622402193539,27,0,0,0,5,0.482211327835856,8641.82607627089,9015.65912228636,9203.65478780853
289,28.4163381619894,27.4375327997469,26.9373006188969,0.153182145415284,1.5439646906539,1.71791189218629,1.80285953284743,0.516907193583449,0,26.9871929227596,2.97869420442276,0.00532622402193539,27,0,0,0,0,0.483504123788803,8641.8869921094,9015.5957793511,9203.59666264637
289.5,28.4163381619894,27.4375327997469,26.9373006188969,0.153814279576966,1.54399343416649,1.71788311459381,1.80283356253947,0.516907193583449,0,26.9874318638212,2.98066962367802,0.00532622402193539,27,0,0,0,0,0.485499392056735,8641.94753136101,9015.53271427161,9203.53861869171
290,28.4163381619894,27.4375327997469,26.9373006188969,0.154407145168617,1.54402199819533,1.71785446305323,1.80280762993191,0.516614758378296,0,26.9876611015231,2.98252232865193,0.00493555939077623,27,0,0,0,0,0.487370713010224,8642.00769297555,9015.469925846,9203.480659348
290.5,28.4163381619894,27.4375327997469,26.9373006188969,0.154745690119655,1.5440503858051,1.71782593702045,1.8027817365051,0.516614758378296,0,26.9878809920874,2.98358028162392,0.00493555939077623,27,0,0,0,0,0.488439296293679,8642.06748340062,9015.40741287638,9203.42278792228
291,28.4163381619894,27.4375327997469,26.9373006188969,0.154667601332811,1.54407860249692,1.71779753595322,1.80275588369718,0.516614758378296,0,26.9880918791404,2.98333625416503,0.00493555939077623,27,0,0,0,5,0.488192816846885,8642.12691421573,9015.34517416909,9203.36500762716
291.5,28.4163381619894,27.4375327997469,26.9373006188969,0.154241408074084,1.54410665461008,1.71776925931127,1.80273007290518,0.516614758378296,0,26.988294094151,2.98200440023151,0.00493555939077623,27,0,0,0,5,0.486847580445038,8642.18599876609,9015.28320853475,9203.30732158331
292,28.4163381619894,27.4375327997469,26.9373006188969,0.153674502588166,1.54413454643806,1.71774110655628,1.80270430548585,0.516376415075456,0,26.9884879568539,2.98023282058802,0.00460481725844488,27,0,0,0,5,0.485058199969289,8642.24474608834,9015.22151478841,9203.24973282125
292.5,28.4163381619894,27.4375327997469,26.9373006188969,0.153143094288224,1.54416227960325,1.71771307715188,1.80267858275659,0.516376415075456,0,26.9886737756588,2.9785721696507,0.00460481725844488,27,0,0,0,5,0.48338086281135,8642.30315959331,9015.16009174934,9203.19224428354
293,28.4163381619894,27.4375327997469,26.9373006188969,0.152792249328645,1.54418985352094,1.71768517056361,1.80265290599638,0.516376415075456,0,26.9888518480447,2.97747577915202,0.00460481725844488,27,0,0,0,5,0.482273455780935,8642.36123804312,9015.09893824113,9203.1348588268
293.5,28.4163381619894,27.4375327997469,26.9373006188969,0.152739017760301,1.54421726570787,1.71765738625897,1.8026272764466,0.516376415075456,0,26.9890224609415,2.97730943050094,0.00460481725844488,27,0,0,0,5,0.482105435658614,8642.41897620102,9015.03805309171,9203.07757922351
294,28.4163381619894,27.4375327997469,26.9373006188969,0.15307306639164,1.54424451299151,1.71762972370727,1.80260169531185,0.516184539829851,0,26.989185891097,2.97835333247387,0.00432564356121929,27,0,0,0,0,0.483159826758572,8642.47636737835,9014.977435133,9203.02040816396
294.5,28.4163381619894,27.4375327997469,26.9373006188969,0.153683347228567,1.54427159213775,1.71760218237973,1.80257616376087,0.516184539829851,0,26.9893424054324,2.98026046008927,0.00432564356121929,27,0,0,0,0,0.485086117192248,8642.53340475658,9014.91708320116,9202.96334825818
295,28.4163381619894,27.4375327997469,26.9373006188969,0.154302647867426,1.54429850167247,1.71757476174963,1.80255068292734,0.516184539829851,0,26.9894922613855,2.98219577458571,0.00432564356121929,27,0,0,0,0,0.487040877728743,8642.59008522423,9014.85699613691,9202.9064020378
295.5,28.4163381619894,27.4375327997469,26.9373006188969,0.154707253270373,1.54432524400699,1.71754746129219,1.80252525391064,0.516184539829851,0,26.9896357072407,2.98346016646991,0.00432564356121929,27,0,0,0,0,0.488317974222604,8642.64641385387,9014.79717278531,9202.84957195777
296,28.4163381619894,27.4375327997469,26.9373006188969,0.154718038799768,1.54435182419297,1.71752028048467,1.80249987777677,0.516032545156293,0,26.9897729824491,2.98349387124928,0.00409080702034004,27,0,0,0,5,0.488352017667588,8642.70240127975,9014.73761199592,9202.79286039833
296.5,28.4163381619894,27.4375327997469,26.9373006188969,0.154344130649874,1.54437824854259,1.71749321880647,1.80247455555899,0.516032545156293,0,26.989904317937,2.98232540828086,0.00409080702034004,27,0,0,0,5,0.487171813983262,8642.7580607916,9014.67831262305,9202.73626966653
297,28.4163381619894,27.4375327997469,26.9373006188969,0.15379021223269,1.54440452186748,1.71746627573904,1.80244928825863,0.516032545156293,0,26.990029936403,2.98059441322716,0.00409080702034004,27,0,0,0,5,0.485423425891263,8642.81340251865,9014.6192735255,9202.67980199806
297.5,28.4163381619894,27.4375327997469,26.9373006188969,0.153239151592651,1.54443064621677,1.71743945076592,1.80242407684588,0.516032545156293,0,26.9901500526059,2.97887234872703,0.00409080702034004,27,0,0,0,5,0.483684058087044,8642.8684307716,9014.56049356679,9202.62345955887
298,28.4163381619894,27.4375327997469,26.9373006188969,0.152841973459985,1.54445662136144,1.71741274337273,1.80239892226036,0.515914741476081,0,26.990264873642,2.97763116706245,0.00389405054318388,27,0,0,0,5,0.482430405029096,8642.92314506245,9014.50197161495,9202.56724444662
298.5,28.4163381619894,27.4375327997469,26.9373006188969,0.152721110795231,1.54448244511897,1.71738615304707,1.80237382541192,0.515914741476081,0,26.9903745992131,2.9772534712351,0.00389405054318388,27,0,0,0,5,0.482048914114068,8642.97754078833,9014.44370654248,9202.51115869239
299,28.4163381619894,27.4375327997469,26.9373006188969,0.152974989574088,1.54450811414761,1.71735967927852,1.80234878718132,0.515914741476081,0,26.9904794218846,2.97804684241903,0.00389405054318388,27,0,0,0,0,0.482850257091652,8643.03161090452,9014.38569722623,9202.4552042622
299.5,28.4163381619894,27.4375327997469,26.9373006188969,0.153552627207186,1.54453362541013,1.71733332155856,1.80232380842074,0.515914741476081,0,26.9905795273355,2.97985196002246,0.00389405054318388,27,0,0,0,0,0.484673512516763,8643.08534900751,9014.32794254721,9202.39938305815
300,28.4163381619894,27.4375327997469,26.9373006188969,0.154189430593605,1.5445589764906,1.71730707938084,1.80229888995472,0.515826216994867,0,26.9906750945993,2.98184197060502,0.00372996216029122,27,0,0,0,0,0.486683518725655,8643.13875000251,9014.27044139136,9202.34369692054
300.5,28.4163381619894,27.4375327997469,26.9373006188969,0.154652817917786,1.54458416912954,1.71728095224097,1.80227403258061,0.515826216994867,0,26.9907662962963,2.98329005599308,0.00372996216029122,27,0,0,0,0,0.4881461544757,8643.19181755011,9014.21319264885,9202.28814762886
301,28.4163381619894,27.4375327997469,26.9373006188969,0.154752660844919,1.54460920788101,1.71725493963666,1.80224923706924,0.515826216994867,0,26.9908532988585,2.98360206514037,0.00372996216029122,27,0,0,0,5,0.488461298690904,8643.24456123764,9014.15619521455,9202.23273690331
301.5,28.4163381619894,27.4375327997469,26.9373006188969,0.154439766861604,1.54463409889419,1.71722904106779,1.80222450416559,0.515826216994867,0,26.990936262746,2.98262427144251,0.00372996216029122,27,0,0,0,5,0.487473680121965,8643.29699401288,9014.09944798808,9202.17746640633
302,28.4163381619894,27.4375327997469,26.9373006188969,0.153906137821813,1.54465884747528,1.7172032560363,1.80219983458937,0.515762733496786,0,26.9910153426565,2.98095668069317,0.00359386293740585,27,0,0,0,5,0.485789333420772,8643.34912704815,9014.04294987371,9202.1223377438
302.5,28.4163381619894,27.4375327997469,26.9373006188969,0.153341455429511,1.54468345611969,1.71717758404628,1.80217522903564,0.515762733496786,0,26.991090687727,2.97919204821722,0.00359386293740585,27,0,0,0,5,0.48400696991771,8643.40096559506,9013.98669978037,9202.06735246649
303,28.4163381619894,27.4375327997469,26.9373006188969,0.152902833026846,1.54470792497043,1.71715202460386,1.80215068817531,0.515762733496786,0,26.991162441729,2.97782135320889,0.00359386293740585,27,0,0,0,5,0.482622502165936,8643.45250994993,9013.93069662158,9202.0125120712
303.5,28.4163381619894,27.4375327997469,26.9373006188969,0.152718191661008,1.54473225215877,1.71712657721725,1.80212621265572,0.515762733496786,0,26.9912307432564,2.97724434894065,0.00359386293740585,27,0,0,0,5,0.482039700158806,8643.50375617134,9013.87493931539,9201.957818002
304,28.4163381619894,27.4375327997469,26.9373006188969,0.152890316159609,1.54475643425427,1.71710124139663,1.8021018031012,0.515720635956995,0,26.9912957259075,2.97778223799878,0.00348170963700341,27,0,0,0,0,0.482582993926191,8643.55469702792,9013.8194267843,9201.90327165157
304.5,28.4163381619894,27.4375327997469,26.9373006188969,0.153424121765351,1.54478046849297,1.71707601665399,1.80207746011352,0.515720635956995,0,26.9913575184601,2.97945038051672,0.00348170963700341,27,0,0,0,0,0.484267897940154,8643.60532669223,9013.76415795472,9201.84887436211
305,28.4163381619894,27.4375327997469,26.9373006188969,0.15406914147235,1.54480435157426,1.71705090250356,1.8020531842726,0.515720635956995,0,26.9914162450408,2.9814660671011,0.00348170963700341,27,0,0,0,0,0.486303838143327,8643.65563820614,9013.7091317581,9201.79462742696
305.5,28.4163381619894,27.4375327997469,26.9373006188969,0.154583716119467,1.54482808454943,1.7170258984615,1.80202897613686,0.515720635956995,0,26.9914720252886,2.98307411287333,0.00348170963700341,27,0,0,0,0,0.487928041559485,8643.70563377917,9013.65434713012,9201.74053209142
306,28.4163381619894,27.4375327997469,26.9373006188969,0.154769535098413,1.54485167144103,1.71700100404603,1.80200483624379,0.515696774149376,0,26.9915249745122,2.98365479718254,0.00339001019512466,27,0,0,0,5,0.488514560584632,8643.75532188016,9013.59980301099,9201.686589554
306.5,28.4163381619894,27.4375327997469,26.9373006188969,0.154526690404537,1.54487511810679,1.71697621877748,1.80198076511052,0.515696774149376,0,26.9915752038427,2.98289590751418,0.00339001019512466,27,0,0,0,5,0.487748045592881,8643.80471484413,9013.54549834566,9201.63280096767
307,28.4163381619894,27.4375327997469,26.9373006188969,0.154020925234005,1.54489843029412,1.71695154217826,1.8019567632342,0.515696774149376,0,26.9916228203801,2.98131539135627,0.00339001019512466,27,0,0,0,5,0.486151648408614,8643.85382477407,9013.49143208361,9201.57916744077
307.5,28.4163381619894,27.4375327997469,26.9373006188969,0.153448894815519,1.54492161096477,1.71692697377291,1.80193283109252,0.515696774149376,0,26.9916679273357,2.9795277962985,0.00339001019512466,27,0,0,0,5,0.484346091595705,8643.90265790482,9013.43760317906,9201.52569003812
308,28.4163381619894,27.4375327997469,26.9373006188969,0.152973936168929,1.54494466065046,1.71690251308795,1.80190896914421,0.515688434668789,0,26.9917106241685,2.9780435505279,0.00331575033260521,27,0,0,0,5,0.482846932123609,8643.95121535218,9013.3840105906,9201.47236978212
308.5,28.4163381619894,27.4375327997469,26.9373006188969,0.152729568605933,1.54496757780983,1.71687815965196,1.80188517782936,0.515688434668789,0,26.9917510067174,2.97727990189354,0.00331575033260521,27,0,0,0,5,0.482075610347766,8643.99949386473,9013.33065328137,9201.41920765358
309,28.4163381619894,27.4375327997469,26.9373006188969,0.152822371960854,1.54499035910481,1.71685391299549,1.80186145756995,0.515688434668789,0,26.9917891673292,2.97756991237767,0.00331575033260521,27,0,0,0,5,0.482368534857241,8644.04748640591,9013.27753021892,9201.36620459278
309.5,28.4163381619894,27.4375327997469,26.9373006188969,0.153299909141884,1.5450130017627,1.7168297726508,1.80183780877019,0.515688434668789,0,26.9918251949811,2.97906221606839,0.00331575033260521,27,0,0,0,0,0.483875833215443,8644.0951871301,9013.22464037448,9201.31336150028
310,28.4163381619894,27.4375327997469,26.9373006188969,0.153943496191431,1.54503550203608,1.71680573815239,1.80181423181705,0.515693281992014,0,26.9918591754003,2.98107342559822,0.0032563298398955,27,0,0,0,0,0.485907251378633,8644.14258813817,9013.17198272432,9201.26067923813
310.5,28.4163381619894,27.4375327997469,26.9373006188969,0.154501340422335,1.54505786015059,1.71678180903659,1.80179072708063,0.515693281992014,0,26.9918911911778,2.9828166888198,0.0032563298398955,27,0,0,0,0,0.487668030909059,8644.18968990091,9013.11955624875,9201.20815863065
311,28.4163381619894,27.4375327997469,26.9373006188969,0.154766855653414,1.54508007952438,1.71675798484178,1.80176729491452,0.515693281992014,0,26.9919213218798,2.98364642391692,0.0032563298398955,27,0,0,0,0,0.488506103184436,8644.23649961485,9013.06735993254,9201.15580046528
311.5,28.4163381619894,27.4375327997469,26.9650383341229,0.154603216686468,1.5451021657555,1.71673426510834,1.80174393565632,0.515693281992014,0,26.9919496441546,2.98313505214521,0.0032563298398955,27,0,0,0,5,0.487989593149167,8644.28302906908,9013.01539276498,9201.1036054937
312,28.4163381619894,27.4375327997469,26.9650383341229,0.15413316839017,1.54512412480485,1.71671064937872,1.80172064962792,0.515709307382906,0,26.991976231835,2.98166615121928,0.0032095072659871,27,0,0,0,5,0.486505932706734,8644.32929081749,9012.96365373986,9201.05157443249
312.5,28.4163381619894,27.4375327997469,26.9650383341229,0.153560312227829,1.54514596016581,1.71668713719741,1.80169743713596,0.515709307382906,0,26.9920011560388,2.97987597571196,0.0032095072659871,27,0,0,0,5,0.484697769515918,8644.37529221572,9012.91214185547,9200.99970796415
313,28.4163381619894,27.4375327997469,26.9650383341229,0.153054348905696,1.54516767277613,1.71666372811087,1.80167429847213,0.515709307382906,0,26.9920244852643,2.9782948403303,0.0032095072659871,27,0,0,0,5,0.483100746885939,8644.42103523551,9012.86085611456,9200.94800673778
313.5,28.4163381619894,27.4375327997469,26.9650383341229,0.152754511105636,1.54518926143575,1.71664042166754,1.80165123391354,0.515709307382906,0,26.9920462854829,2.97735784720511,0.0032095072659871,27,0,0,0,5,0.482154338853828,8644.46651734485,9012.80979552412,9200.89647136987
314,28.4163381619894,27.4375327997469,26.9650383341229,0.15277256616268,1.54521072309936,1.71661721741778,1.80162824372308,0.515734784607048,0,26.9920666202294,2.97741426925838,0.00317335190824224,27,0,0,0,5,0.482211327835883,8644.51173212409,9012.75895909546,9200.84510244513
314.5,28.4163381619894,27.4375327997469,26.9650383341229,0.153182145415609,1.54523205459688,1.71659411491364,1.8016053281497,0.515734784607048,0,26.9920855506874,2.97869420442378,0.00317335190824224,27,0,0,0,0,0.483504123789828,8644.55667289071,9012.70834584365,9200.79390051716
315,28.4163381619894,27.4375327997469,26.9650383341229,0.153814279574859,1.54525325229218,1.71657111370927,1.80158248742878,0.515734784607048,0,26.9921031357735,2.98066962367143,0.00317335190824224,27,0,0,0,0,0.485499392050084,8644.60133198013,9012.65795478829,9200.74286610923
315.5,28.4163381619894,27.4375327997469,26.9650383341229,0.15440714516875,1.54527431542117,1.71654821336063,1.80155972178254,0.515734784607048,0,26.9921194322173,2.98252232865234,0.00317335190824224,27,0,0,0,0,0.487370713010642,8644.64570777853,9012.60778495311,9200.69199971516
316,28.4163381619894,27.4375327997469,26.9650383341229,0.154745690120073,1.5452952467814,1.7165254134256,1.80153703142026,0.515768231554091,0,26.992134494639,2.98358028162523,0.00314620214440282,27,0,0,0,0,0.488439296294998,8644.68980617577,9012.55783536602,9200.64130179988
316.5,28.4163381619894,27.4375327997469,26.9650383341229,0.154667601332815,1.5453160516086,1.71650271346407,1.80151441653867,0.515768231554091,0,26.9921483756248,2.98333625416505,0.00314620214440282,27,0,0,0,5,0.488192816846898,8644.73363819868,9012.50810505937,9200.5907728003
317,28.4163381619894,27.4375327997469,26.9650383341229,0.154241408074083,1.54533673597831,1.71648011303788,1.80149187732228,0.515768231554091,0,26.9921611257989,2.98200440023151,0.00314620214440282,27,0,0,0,5,0.486847580445037,8644.77721664366,9012.45859306978,9200.54041312599
317.5,28.4163381619894,27.4375327997469,26.9650383341229,0.153674502588168,1.54535730392163,1.71645761171084,1.80146941394359,0.515768231554091,0,26.9921727938934,2.98023282058802,0.00314620214440282,27,0,0,0,5,0.485058199969292,8644.82055000007,9012.40929843834,9200.49022315971
318,28.4163381619894,27.4375327997469,26.9650383341229,0.153143094288292,1.54537775680005,1.71643520904871,1.80144702656349,0.515808376986456,0,26.9921834268157,2.97857216965091,0.00312662927372713,27,0,0,0,5,0.483380862811564,8644.86364113293,9012.36022021029,9200.44020325826
318.5,28.4163381619894,27.4375327997469,26.9650383341229,0.152792249328645,1.54539809376932,1.71641290461909,1.80142471533146,0.515808376986456,0,26.9921930697133,2.97747577915202,0.00312662927372713,27,0,0,0,5,0.482273455780935,8644.90648826018,9012.31135743509,9200.39035375299
319,28.4163381619894,27.4375327997469,26.9650383341229,0.152739017760325,1.54541831208808,1.71639069799152,1.8014024803859,0.515808376986456,0,26.992201766037,2.97730943050102,0.00312662927372713,27,0,0,0,5,0.48210543565869,8644.94908560272,9012.26270916636,9200.34067495046
319.5,28.4163381619894,27.4375327997469,26.9650383341229,0.153073066392267,1.54543840832722,1.7163685887372,1.80138032185428,0.515808376986456,0,26.992209557601,2.97835333247583,0.00312662927372713,27,0,0,0,0,0.483159826760551,8644.99142593245,9012.21427446144,9200.29116713282
320,28.4163381619894,27.4375327997469,26.9650383341229,0.153683347228567,1.54545837899755,1.71634657642915,1.80135823985355,0.515854131736091,0,26.9922164846418,2.98026046008927,0.00311340614327662,27,0,0,0,0,0.485086117192249,8645.03350189445,9012.1660523817,9200.24183055872
320.5,28.4163381619894,27.4375327997469,26.9650383341229,0.15430264786773,1.54547822237149,1.71632466064232,1.80133623449036,0.515854131736091,0,26.9922225858741,2.98219577458666,0.00311340614327662,27,0,0,0,0,0.487040877729702,8645.07530984535,9012.11804199278,9200.19266546377
321,28.4163381619894,27.4375327997469,26.9650383341229,0.154707253268485,1.54549794060868,1.71630284095345,1.80131430586127,0.515854131736091,0,26.9922278985455,2.98346016646402,0.00311340614327662,27,0,0,0,0,0.488317974216645,8645.11685433169,9012.07024236425,9200.14367206114
321.5,28.4163381619894,27.4375327997469,26.9650383341229,0.154718038799779,1.54551753851073,1.71628111694117,1.80129245405312,0.515854131736091,0,26.9922324584892,2.98349387124931,0.00311340614327662,27,0,0,0,5,0.488352017667624,8645.15814546655,9012.02265256983,9200.09485054215
322,28.4163381619894,27.4375327997469,26.9650383341229,0.154344130649874,1.54553702214132,1.71625948818602,1.80127067914319,0.51590456375942,0,26.9922363001742,2.98232540828086,0.00310547993033055,27,0,0,0,5,0.487171813983262,8645.19919602234,9011.97527168751,9200.04620107692
322.5,28.4163381619894,27.4375327997469,26.9650383341229,0.153790212232694,1.54555639606495,1.71623795427042,1.80124898119951,0.51590456375942,0,26.9922394567546,2.98059441322717,0.00310547993033055,27,0,0,0,5,0.485423425891275,8645.24001561297,9011.92809879941,9199.99772381473
323,28.4163381619894,27.4375327997469,26.9650383341229,0.153239151592818,1.54557566208496,1.71621651477869,1.80122736028103,0.51590456375942,0,26.9922419601168,2.97887234872755,0.00310547993033055,27,0,0,0,5,0.483684058087569,8645.28060803497,9011.88113299181,9199.94941888477
323.5,28.4163381619894,27.4375327997469,26.9650383341229,0.152841973459985,1.54559481972783,1.71619516929692,1.80120581643788,0.51590456375942,0,26.9922438409248,2.97763116706245,0.00310547993033055,27,0,0,0,5,0.482430405029096,8645.3209722877,9011.83437335498,9199.90128639638
324,28.4163381619894,27.4375327997469,26.9650383341229,0.152721110795294,1.54561386656794,1.71617391741307,1.80118434971157,0.515958876538264,0,26.9922451286642,2.97725347123529,0.00310194853430374,27,0,0,0,5,0.482048914114265,8645.36110325744,9011.78781898322,9199.85332643972
324.5,28.4163381619894,27.4375327997469,26.9650383341229,0.152974989574951,1.54563279902179,1.71615275871672,1.8011629601352,0.515958876538264,0,26.9922458516849,2.97804684242172,0.00310194853430374,27,0,0,0,0,0.482850257094377,8645.4009933909,9011.74146897447,9199.80553908617
325,28.4163381619894,27.4375327997469,26.9650383341229,0.153552627207188,1.54565161381183,1.71613169279912,1.80114164773362,0.515958876538264,0,26.9922460372415,2.97985196002246,0.00310194853430374,27,0,0,0,0,0.484673512516768,8645.44063577919,9011.69532243035,9199.75792438865
325.5,28.4163381619894,27.4375327997469,26.9650383341229,0.154189430594203,1.54567030828332,1.71611071925343,1.80112041252377,0.515958876538264,0,26.9922457115332,2.98184197060688,0.00310194853430374,27,0,0,0,0,0.486683518727542,8645.48002482566,9011.6493784567,9199.71048238246
326,28.4163381619894,27.4375327997469,26.9650383341229,0.154652817917787,1.54568888393963,1.71608983767452,1.8010992545148,0.516016390385062,0,26.9922448997419,2.98329005599308,0.00310204010323503,27,0,0,0,0,0.488146154475701,8645.51916369469,9011.60363616309,9199.66321308547
326.5,28.4163381619894,27.4375327997469,26.9650383341229,0.15475266084495,1.5457073450992,1.71606904765901,1.80107817370828,0.516016390385062,0,26.9922436260687,2.98360206514047,0.00310204010323503,27,0,0,0,5,0.488461298691001,8645.55806148211,9011.55809466305,9199.61611649866
327,28.4163381619894,27.4375327997469,26.9650383341229,0.154439766861604,1.54572569767711,1.71604834880545,1.80105717009851,0.516016390385062,0,26.9922419137694,2.98262427144251,0.00310204010323503,27,0,0,0,5,0.487473680121966,8645.59673064812,9011.51275307424,9199.56919260672
327.5,28.4163381619894,27.4375327997469,26.9650383341229,0.153906137821824,1.54574394674677,1.7160277407141,1.80103624367256,0.516016390385062,0,26.9922397851891,2.9809566806932,0.00310204010323503,27,0,0,0,5,0.485789333420804,8645.63518187967,9011.46761051822,9199.52244137825
328,28.4163381619894,27.4375327997469,26.9650383341229,0.153341455429881,1.54576209457207,1.71600722298709,1.80101539441057,0.51607652626268,0,26.9922372617945,2.97919204821838,0.00310509528218432,27,0,0,0,5,0.484006969918875,8645.67341994418,9011.42266612058,9199.47586276637
328.5,28.4163381619894,27.4375327997469,26.9650383341229,0.152902833026846,1.5457801410657,1.7159867952283,1.80099462228586,0.51607652626268,0,26.9922343642067,2.97782135320889,0.00310509528218432,27,0,0,0,5,0.482622502165936,8645.71144465505,9011.37791901081,9199.42945670896
329,28.4163381619894,27.4375327997469,26.9650383341229,0.152718191661163,1.54579808412989,1.7159664570433,1.80097392726516,0.51607652626268,0,26.9922311122309,2.97724434894113,0.00310509528218432,27,0,0,0,5,0.482039700159295,8645.74925158956,9011.33336832217,9199.38322312917
329.5,28.4163381619894,27.4375327997469,26.9650383341229,0.15289031615977,1.54581592010645,1.71594620803938,1.8009533093087,0.51607652626268,0,26.992227524887,2.97778223799928,0.00310509528218432,27,0,0,0,0,0.482582993926697,8645.78683303703,9011.28901319162,9199.3371619357
330,28.4163381619894,27.4375327997469,26.9650383341229,0.153424121765356,1.54583364600507,1.71592604782524,1.80093276837037,0.516138791788364,0,26.9922236204375,2.97945038051674,0.00311055182498734,27,0,0,0,0,0.48426789794017,8645.82418269392,9011.24485275932,9199.29127302303
330.5,28.4163381619894,27.4375327997469,26.9650383341229,0.154069141473211,1.54585125830009,1.71590597601153,1.80091230439799,0.516138791788364,0,26.9922194164156,2.98146606710378,0.00311055182498734,27,0,0,0,0,0.486303838146044,8645.8612931286,9011.20088616972,9199.24555627215
331,28.4163381619894,27.4375327997469,26.9650383341229,0.154583716119468,1.54586875781934,1.7158859922105,1.80089191733347,0.516138791788364,0,26.9922149296513,2.98307411287334,0.00311055182498734,27,0,0,0,0,0.48792804155949,8645.89816608252,9011.15711257077,9199.20001155079
331.5,28.4163381619894,27.4375327997469,26.9650383341229,0.154769535098493,1.54588614836338,1.71586609603607,1.80087160711285,0.516138791788364,0,26.9922101762977,2.98365479718279,0.00311055182498734,27,0,0,0,5,0.488514560584884,8645.93480956103,9011.11353111412,9199.15463871364
332,28.4163381619894,27.4375327997469,26.9650383341229,0.154526690404537,1.54590343556934,1.71584628710396,1.80085137366661,0.516202769128995,0,26.9922051718553,2.98289590751418,0.00311793125788,27,0,0,0,5,0.487748045592881,8645.97123543944,9011.0701409554,9199.10943760296
332.5,28.4163381619894,27.4375327997469,26.9650383341229,0.154020925234034,1.54592062496542,1.71582656503164,1.80083121691976,0.516202769128995,0,26.9921999311961,2.98131539135636,0.00311793125788,27,0,0,0,5,0.486151648408704,8646.00745536372,9011.02694125406,9199.06440804882
333,28.4163381619894,27.4375327997469,26.9650383341229,0.153448894816205,1.54593771929522,1.71580692943828,1.80081113679203,0.516202769128995,0,26.9921944685868,2.97952779630064,0.00311793125788,27,0,0,0,5,0.484346091597869,8646.04347511255,9010.98393117337,9199.01954986944
333.5,28.4163381619894,27.4375327997469,26.9650383341229,0.152973936168929,1.54595471887352,1.71578737994477,1.80079113319794,0.516202769128995,0,26.9921887977106,2.9780435505279,0.00311793125788,27,0,0,0,5,0.482846932123609,8646.07929534695,9010.94110988032,9198.97486287149
334,28.4163381619894,27.4375327997469,26.9650383341229,0.152729568606279,1.54597162194322,1.71576791617365,1.80077120604697,0.516268104535186,0,26.9921829316891,2.97727990189462,0.00312682732436542,27,0,0,0,5,0.482075610348859,8646.1149123621,9010.8984765456,9198.93034685037
334.5,28.4163381619894,27.4375327997469,26.9650383341229,0.152822371958565,1.54598842495168,1.71574853774907,1.80075135524373,0.516268104535186,0,26.9921768831029,2.97756991237051,0.00312682732436542,27,0,0,0,5,0.482368534850013,8646.15031866979,9010.85603034342,9198.88600159058
335,28.4163381619894,27.4375327997469,26.9650383341229,0.153299909141898,1.54600512491294,1.71572924429656,1.80073158068793,0.516268104535186,0,26.9921706640113,2.97906221606843,0.00312682732436542,27,0,0,0,0,0.483875833215485,8646.18550797575,9010.81377045104,9198.84182686577
335.5,28.4163381619894,27.4375327997469,26.9650383341229,0.153943496191431,1.54602171786755,1.71571003544349,1.80071188227477,0.516268104535186,0,26.9921642859721,2.98107342559822,0.00312682732436542,27,0,0,0,0,0.485907251378633,8646.2204719343,9010.7716960498,9198.7978224394
336,28.4163381619894,27.4375327997469,26.9650383341229,0.15450134042234,1.5460382038306,1.71569091081875,1.80069225989484,0.516334499298125,0,26.9921577600595,2.98281668881981,0.0031368959762105,27,0,0,0,0,0.487668030909073,8646.25521057469,9010.72980632436,9198.75398806479
336.5,28.4163381619894,27.4375327997469,26.9650383341229,0.154766855653607,1.54605458601107,1.71567187005284,1.80067271343443,0.516334499298125,0,26.9921510968825,2.98364642391752,0.0031368959762105,27,0,0,0,0,0.488506103185046,8646.28973065631,9010.68810046297,9198.71032348555
337,28.4163381619894,27.4375327997469,26.9650383341229,0.154603216686468,1.5460708697992,1.71565291277798,1.80065324277558,0.516334499298125,0,26.9921443066022,2.98313505214521,0.0031368959762105,27,0,0,0,5,0.487989593149166,8646.32404353495,9010.64657765764,9198.66682843588
337.5,28.4163381619894,27.4375327997469,26.9650383341229,0.154133168390244,1.54608706094936,1.71563403862805,1.80063384779619,0.516334499298125,0,26.9921373989479,2.98166615121951,0.0031368959762105,27,0,0,0,5,0.486505932706967,8646.35816133389,9010.60523710401,9198.62350264072
338,28.4163381619894,27.4375327997469,26.9650383341229,0.153560312228677,1.54610316274943,1.71561524723859,1.80061452837023,0.516401701935365,0,26.9921303832341,2.97987597571462,0.00314784670635362,27,0,0,0,5,0.484697769518596,8646.39209097921,9010.5640780015,9198.58034581624
338.5,28.4163381619894,27.4375327997469,26.9650383341229,0.153054348905696,1.54611917593282,1.71559653824677,1.80059528436774,0.516401701935365,0,26.9921232683751,2.9782948403303,0.00314784670635362,27,0,0,0,5,0.483100746885939,8646.42583401429,9010.52309955299,9198.53735766987
339,28.4163381619894,27.4375327997469,26.9650383341229,0.152754511106292,1.54613509909624,1.71557791129136,1.80057611565501,0.516401701935365,0,26.9921160629005,2.97735784720716,0.00314784670635362,27,0,0,0,5,0.4821543388559,8646.45938748008,9010.48230096496,9198.49453790063
339.5,28.4163381619894,27.4375327997469,26.9650383341229,0.152772566162681,1.54615092899225,1.7155593660127,1.80055702209465,0.516401701935365,0,26.9921087749693,2.97741426925838,0.00314784670635362,27,0,0,0,5,0.482211327835885,8646.49274453146,9010.44168144735,9198.45188619937
340,28.4163381619894,27.4375327997469,26.9650383341229,0.153182145415645,1.54616666224985,1.71554090205244,1.80053800354561,0.516469501445329,0,26.9921014123842,2.97869420442389,0.00315943504631804,27,0,0,0,0,0.483504123789942,8646.52589806284,9010.40124021297,9198.40940224882
340.5,28.4163381619894,27.4375327997469,26.9650383341229,0.153814279574859,1.54618229503315,1.71552251905392,1.80051905986348,0.516469501445329,0,26.9920939826046,2.98066962367143,0.00315943504631804,27,0,0,0,0,0.485499392050084,8646.55883998891,9010.36097647836,9198.36708572409
341,28.4163381619894,27.4375327997469,26.9650383341229,0.154407145168762,1.54619782637967,1.71550421666202,1.80050019090042,0.516469501445329,0,26.9920864927598,2.98252232865238,0.00315943504631804,27,0,0,0,0,0.487370713010681,8646.59156827926,9010.32088946345,9198.32493629277
341.5,28.4163381619894,27.4375327997469,26.9650383341229,0.154745690120491,1.54621325888988,1.71548599452308,1.80048139650537,0.516469501445329,0,26.9920789496613,2.98358028162653,0.00315943504631804,27,0,0,0,0,0.488439296296317,8646.62408841147,9010.28097839144,9198.28295361523
342,28.4163381619894,27.4375327997469,26.9650383341229,0.154667601332815,1.54622859760371,1.71546785228513,1.80046267652412,0.516537721483814,0,26.9920713598149,2.98333625416505,0.00317145607402694,27,0,0,0,5,0.488192816846899,8646.65641100383,9010.24124248919,9198.24113734482
342.5,28.4163381619894,27.4375327997469,26.9650383341229,0.154241408074263,1.54624384840211,1.71544978959777,1.80044403079945,0.516537721483814,0,26.9920637294323,2.98200440023207,0.00317145607402694,27,0,0,0,5,0.486847580445604,8646.68854844695,9010.20168098705,9198.19948712813
343,28.4163381619894,27.4375327997469,26.9650383341229,0.153674502587997,1.54625901512267,1.7154318061122,1.80042545917118,0.516537721483814,0,26.9920560644423,2.98023282058749,0.00317145607402694,27,0,0,0,5,0.485058199968753,8646.72050882585,9010.16229311891,9198.15800260524
343.5,28.4163381619894,27.4375327997469,26.9650383341229,0.153143094288292,1.54627409893437,1.71541390148121,1.80040696147629,0.516537721483814,0,26.9920483705014,2.97857216965091,0.00317145607402694,27,0,0,0,5,0.483380862811564,8646.75229460204,9010.12307812213,9198.11668340983
344,28.4163381619894,27.4375327997469,26.9650383341229,0.152792249329504,1.5462890988015,1.71539607535908,1.80038853754896,0.516606215341312,0,26.9920406530045,2.9774757791547,0.00318373879819092,27,0,0,0,5,0.482273455783648,8646.78390359117,9010.08403523738,9198.07552916939
344.5,28.4163381619894,27.4375327997469,26.9650383341229,0.152739017760326,1.54630401179229,1.71537832740164,1.8003701872207,0.516606215341312,0,26.9920329170947,2.97730943050102,0.00318373879819092,27,0,0,0,5,0.482105435658694,8646.81532961339,9010.04516370874,9198.03453950542
345,28.4163381619894,27.4375327997469,26.9650383341229,0.15307306639236,1.54631883428837,1.715360657266,1.80035191032035,0.516606215341312,0,26.9920251676729,2.97835333247613,0.00318373879819092,27,0,0,0,0,0.483159826760847,8646.84656504181,9010.00646278314,9197.9937140335
345.5,28.4163381619894,27.4375327997469,26.9650383341229,0.153683347228567,1.54633356261234,1.71534306461077,1.80033370667422,0.516606215341312,0,26.9920174094074,2.98026046008927,0.00318373879819092,27,0,0,0,0,0.485086117192249,8646.87760212509,9009.96793171074,9197.95305236357
346,28.4163381619894,27.4375327997469,26.9650383341229,0.154302647867763,1.54634819484969,1.71532554909613,1.80031557610621,0.516674861611932,0,26.9920096467424,2.98219577458676,0.00319614130302881,27,0,0,0,0,0.487040877729806,8646.9084368268,9009.92956974527,9197.91255410019
346.5,28.4163381619894,27.4375327997469,26.9650383341229,0.154707253269226,1.54636273297434,1.71530811038363,1.80029751843783,0.516674861611932,0,26.9920018839073,2.98346016646633,0.00319614130302881,27,0,0,0,0,0.488317974218985,8646.93907330459,9009.89137614341,9197.8722188426
347,28.4163381619894,27.4375327997469,26.9650383341229,0.15471803879978,1.54637718160346,1.7152907481364,1.80027953348831,0.516674861611932,0,26.9919941249245,2.98349387124931,0.00319614130302881,27,0,0,0,5,0.488352017667624,8646.96952128644,9009.8533501653,9197.83204618498
347.5,28.4163381619894,27.4375327997469,26.9650383341229,0.154344130650267,1.54639154661738,1.7152734620191,1.80026162107475,0.516674861611932,0,26.9919863736176,2.98232540828209,0.00319614130302881,27,0,0,0,5,0.487171813984504,8646.99979316231,9009.81549107453,9197.79203571673
348,28.4163381619894,27.4375327997469,26.9650383341229,0.153790212230228,1.54640583239834,1.71525625169793,1.80024378101208,0.516743560461293,0,26.9919786336191,2.98059441321946,0.00320854655236928,27,0,0,0,5,0.485423425883491,8647.02989816539,9009.77779813802,9197.75218702243
348.5,28.4163381619894,27.4375327997469,26.9650383341229,0.153239151592818,1.54642004056833,1.71523911684059,1.80022601311323,0.516743560461293,0,26.9919709083781,2.97887234872755,0.00320854655236928,27,0,0,0,5,0.483684058087569,8647.05983971215,9009.74027062603,9197.71249968226
349,28.4163381619894,27.4375327997469,26.9650383341229,0.152841973459989,1.5464341704735,1.71522205711625,1.80020831718913,0.516743560461293,0,26.9919632011673,2.97763116706246,0.00320854655236928,27,0,0,0,5,0.482430405029108,8647.08961642313,9009.70290781203,9197.67297327185
349.5,28.4163381619894,27.4375327997469,26.9650383341229,0.152721110795299,1.54644821950885,1.71520507219552,1.8001906930488,0.516743560461293,0,26.9919555150898,2.97725347123531,0.00320854655236928,27,0,0,0,5,0.482048914114282,8647.11922280704,9009.66570897271,9197.63360736269
350,28.4163381619894,27.4375327997469,26.9650383341229,0.152974989575175,1.54646218391254,1.71518816175037,1.80017314049936,0.516812230414246,0,26.9919478530862,2.97804684242242,0.00322085876550346,27,0,0,0,0,0.482850257095082,8647.1486509347,9009.62867338768,9197.59440152196
350.5,28.4163381619894,27.4375327997469,26.9650383341229,0.153552627207188,1.54647606022978,1.71517132545399,1.80015565934613,0.516812230414246,0,26.9919402179407,2.97985196002246,0.00322085876550346,27,0,0,0,0,0.484673512516768,8647.17789352387,9009.59180033933,9197.55535531284
351,28.4163381619894,27.4375327997469,26.9650383341229,0.154189430594289,1.54648984562964,1.7151545629812,1.80013824939272,0.516812230414246,0,26.9919326122873,2.98184197060715,0.00322085876550346,27,0,0,0,0,0.486683518727814,8647.20694460695,9009.55508911358,9197.51646829475
351.5,28.4163381619894,27.4375327997469,26.9650383341229,0.154652817918586,1.54650354144055,1.71513787400814,1.80012091044109,0.516812230414246,0,26.991925038616,2.98329005599558,0.00322085876550346,27,0,0,0,0,0.488146154478224,8647.23580698165,9009.51853899928,9197.47774002343
352,28.4163381619894,27.4375327997469,26.9650383341229,0.15475266084495,1.54651715180714,1.71512125821235,1.8001036422916,0.516880805588414,0,26.9919174992784,2.98360206514047,0.00323300028864253,27,0,0,0,5,0.488461298691001,8647.26448938059,9009.48214928839,9197.43917005101
352.5,28.4163381619894,27.4375327997469,26.9650383341229,0.154439766862318,1.54653068247176,1.71510471527296,1.80008644474311,0.516880805588414,0,26.9919099964933,2.98262427144474,0.00323300028864253,27,0,0,0,5,0.487473680124219,8647.2930039036,9009.44591927629,9197.40075792635
353,28.4163381619894,27.4375327997469,26.9650383341229,0.153906137821824,1.54654413833614,1.71508824487046,1.80006931759302,0.516880805588414,0,26.9919025323521,2.9809566806932,0.00323300028864253,27,0,0,0,5,0.485789333420806,8647.32136087906,9009.40984826148,9197.36250319501
353.5,28.4163381619894,27.4375327997469,26.9650383341229,0.153341455429881,1.54655752149336,1.71507184668688,1.80005226063735,0.516880805588414,0,26.9918951088238,2.97919204821838,0.00323300028864253,27,0,0,0,5,0.484006969918875,8647.34956471652,9009.37393554573,9197.32440539951
354,28.4163381619894,27.4375327997469,26.9650383341229,0.152902833024428,1.54657083168619,1.71505552040561,1.80003527367073,0.516949233317746,0,26.9918877277602,2.97782135320134,0.00324490889593392,27,0,0,0,5,0.482622502158306,8647.37761487253,9009.33818043389,9197.28646407931
354.5,28.4163381619894,27.4375327997469,26.9650383341229,0.152718191661177,1.54658406664794,1.71503926571144,1.80001835648652,0.516949233317746,0,26.9918803909004,2.97724434894118,0.00324490889593392,27,0,0,0,5,0.48203970015934,8647.40550656877,9009.30258223386,9197.24867877098
355,28.4163381619894,27.4375327997469,26.9650383341229,0.15289031616024,1.5465972225524,1.71502308229047,1.80000150887678,0.516949233317746,0,26.9918730998757,2.97778223800075,0.00324490889593392,27,0,0,0,0,0.482582993928183,8647.43323174036,9009.26714025642,9197.21104900827
355.5,28.4163381619894,27.4375327997469,26.9650383341229,0.153424121765356,1.54661029624228,1.71500696982994,1.79998473063233,0.516949233317746,0,26.9918658562139,2.97945038051674,0.00324490889593392,27,0,0,0,0,0.48426789794017,8647.460783732,9009.2318538149,9197.17357432209
356,28.4163381619894,27.4375327997469,26.9650383341229,0.154069141473419,1.54662328402592,1.71499092801867,1.79996802154287,0.517017472109615,0,26.9918586613434,2.98146606710443,0.00325653546265698,27,0,0,0,0,0.486303838146698,8647.48815476216,9009.19672222607,9197.13625424098
356.5,28.4163381619894,27.4375327997469,26.9650383341229,0.154583716118893,1.54663618656627,1.7149749565467,1.79995138139698,0.517017472109615,0,26.9918515165976,2.98307411287154,0.00325653546265698,27,0,0,0,0,0.487928041557675,8647.51534622642,9009.16174480941,9197.0990882909
357,28.4163381619894,27.4375327997469,26.9650383341229,0.154769535098493,1.54664900750018,1.71495905510547,1.79993480998221,0.517017472109615,0,26.9918444232188,2.98365479718279,0.00325653546265698,27,0,0,0,5,0.488514560584884,8647.54236578768,9009.12692088746,9197.06207599554
357.5,28.4163381619894,27.4375327997469,26.9650383341229,0.154526690405366,1.54666175230206,1.71494322338783,1.7999183070851,0.517017472109615,0,26.9918373823618,2.98289590751677,0.00325653546265698,27,0,0,0,5,0.487748045595496,8647.56922498164,9009.09224978591,9197.0252168764
358,28.4163381619894,27.4375327997469,26.9650383341229,0.154020925234036,1.54667442633835,1.71492746108807,1.79990187249128,0.517085489891258,0,26.991830395098,2.98131539135636,0.00326784196080467,27,0,0,0,5,0.48615164840871,8647.59593511646,9009.05773083357,9196.98851045288
358.5,28.4163381619894,27.4375327997469,26.9650383341229,0.153448894816205,1.54668703219175,1.71491176790185,1.79988550598548,0.517085489891258,0,26.9918234624184,2.97952779630064,0.00326784196080467,27,0,0,0,5,0.484346091597869,8647.62250163389,9009.02336336231,9196.95195624247
359,28.4163381619894,27.4375327997469,26.9650383341229,0.15297393616893,1.54669957001704,1.71489614352619,1.79986920735159,0.517085489891258,0,26.9918165852375,2.97804355052791,0.00326784196080467,27,0,0,0,5,0.482846932123611,8647.64892485886,9008.98914670696,9196.91555376071
359.5,28.4163381619894,27.4375327997469,26.9650383341229,0.152729568606319,1.54671203789793,1.71488058765944,1.79985297637261,0.517085489891258,0,26.9918097643963,2.97727990189475,0.00326784196080467,27,0,0,0,5,0.482075610348985,8647.67520075163,9008.95508020532,9196.87930252127
360,28.4163381619894,27.4375327997469,26.9650383341229,0.152822371959356,1.54672443212352,1.71486510000125,1.79983681283083,0.517153262507009,0,26.9918030006654,2.97756991237299,0.0032787997338346,27,0,0,0,5,0.482368534852511,8647.70132149023,9008.92116319802,9196.84320203617
360.5,28.4163381619894,27.4375327997469,26.9650383341229,0.153299909141898,1.54673674955054,1.7148496802523,1.79982071650767,0.517153262507009,0,26.9917962947484,2.97906221606843,0.0032787997338346,27,0,0,0,0,0.483875833215485,8647.72728044892,9008.88739502797,9196.80725181552
361,28.4163381619894,27.4375327997469,26.9650383341229,0.153943496191875,1.54674898606316,1.71483432811479,1.79980468718392,0.517153262507009,0,26.9917896472844,2.98107342559961,0.0032787997338346,27,0,0,0,0,0.485907251380034,8647.75306895219,9008.85377504141,9196.77145136803
361.5,28.4163381619894,27.4375327997469,26.9650383341229,0.154501340420143,1.54676114152111,1.7148190432921,1.79978872463966,0.517153262507009,0,26.991783058851,2.98281668881295,0.0032787997338346,27,0,0,0,0,0.48766803090214,8647.778686703,9008.82030258721,9196.73580020088
362,28.4163381619894,27.4375327997469,26.9650383341229,0.154766855653607,1.54677321897911,1.71480382548892,1.79977282865438,0.517220772430619,0,26.9917765299673,2.98364642391752,0.00328938801309846,27,0,0,0,0,0.488506103185046,8647.80414013785,9008.78697701712,9196.70029781988
362.5,28.4163381619894,27.4375327997469,26.9650383341229,0.154603216686104,1.54678522367407,1.7147886744113,1.79975699900697,0.517220772430619,0,26.9917700610958,2.98313505214407,0.00328938801309846,27,0,0,0,5,0.487989593148018,8647.82944029231,9008.75379768586,9196.66494372959
363,28.4163381619894,27.4375327997469,26.9650383341229,0.15413316839025,1.54679716120802,1.71477358976665,1.79974123547582,0.517220772430619,0,26.9917636526456,2.98166615121953,0.00328938801309846,27,0,0,0,5,0.486505932706986,8647.85459897153,9008.72076395118,9196.62973743341
363.5,28.4163381619894,27.4375327997469,26.9650383341229,0.153560312228934,1.54680903471729,1.71475857126374,1.79972553783879,0.517220772430619,0,26.9917573049746,2.97987597571542,0.00328938801309846,27,0,0,0,5,0.484697769519406,8647.87962278435,9008.68787517378,9196.59467843358
364,28.4163381619894,27.4375327997469,26.9650383341229,0.153054348905698,1.54682084478453,1.71474361861262,1.79970990587331,0.517288007663637,0,26.9917510183915,2.97829484033031,0.00329959264338982,27,0,0,0,5,0.483100746885946,8647.90451295761,9008.6551307172,9196.55976623143
364.5,28.4163381619894,27.4375327997469,26.9650383341229,0.152754511106394,1.54683258985656,1.71472873152461,1.79969433935632,0.517288007663637,0,26.9917447931586,2.97735784720748,0.00329959264338982,27,0,0,0,5,0.48215433885622,8647.92926621684,9008.62252994782,9196.52500032716
365,28.4163381619894,27.4375327997469,26.9650383341229,0.152772566163387,1.54684426653678,1.7147139097123,1.79967883806438,0.517288007663637,0,26.9917386294935,2.97741426926058,0.00329959264338982,27,0,0,0,5,0.482211327838114,8647.95387540247,9008.59007223473,9196.49038022017
365.5,28.4163381619894,27.4375327997469,26.9650383341229,0.153182145415645,1.54685587130606,1.71469915288931,1.79966340177357,0.517288007663637,0,26.9917325275712,2.97869420442389,0.00329959264338982,27,0,0,0,0,0.483504123789942,8647.97833309654,9008.55775694936,9196.45590540878
366,28.4163381619894,27.4375327997469,26.9650383341229,0.153814279575626,1.54686740018112,1.71468446077055,1.79964803025965,0.517354960794364,0,26.9917264875265,2.98066962367383,0.00330940498939043,27,0,0,0,0,0.485499392052506,8648.00263090287,9008.52558346595,9196.42157539062
366.5,28.4163381619894,27.4375327997469,26.9650383341229,0.154407145168763,1.54687885205314,1.71466983307222,1.79963272329806,0.517354960794364,0,26.9917205094554,2.98252232865238,0.00330940498939043,27,0,0,0,0,0.487370713010683,8648.0267664833,9008.49355116157,9196.38738966263
367,28.4163381619894,27.4375327997469,26.9650383341229,0.154745690120491,1.5468902293772,1.7146552695117,1.79961748066392,0.517354960794364,0,26.9917145934172,2.98358028162653,0.00330940498939043,27,0,0,0,0,0.488439296296317,8648.05074501081,9008.46165941593,9196.35334772103
367.5,28.4163381619894,27.4375327997469,26.9650383341229,0.15466760133041,1.54690153704883,1.71464076980763,1.79960230213212,0.517354960794364,0,26.9917087394363,2.98333625415753,0.00330940498939043,27,0,0,0,5,0.488192816839308,8648.07457680195,9008.42990761148,9196.31944906154
368,28.4163381619894,27.4375327997469,26.9650383341229,0.154241408074281,1.54691278080543,1.71462633368004,1.79958718747735,0.517421628195621,0,26.9917029475037,2.98200440023213,0.00331882099852407,27,0,0,0,5,0.48684758044566,8648.09827394759,9008.39829513373,9196.28569317946
368.5,28.4163381619894,27.4375327997469,26.9650383341229,0.153674502588523,1.54692396434185,1.71461196085019,1.7995721364741,0.517421628195621,0,26.9916972175788,2.98023282058914,0.00331882099852407,27,0,0,0,5,0.485058199970415,8648.12184423399,9008.36682137089,9196.25207956966
369,28.4163381619894,27.4375327997469,26.9650383341229,0.153143094288298,1.54693508868506,1.71459765104059,1.79955714889667,0.517421628195621,0,26.991691549591,2.97857216965093,0.00331882099852407,27,0,0,0,5,0.483380862811583,8648.1452898246,9008.33548571398,9196.21860772656
369.5,28.4163381619894,27.4375327997469,26.9650383341229,0.152792249329744,1.54694615265813,1.71458340397503,1.79954222451925,0.517421628195621,0,26.991685943441,2.97747577915545,0.00331882099852407,27,0,0,0,5,0.482273455784404,8648.16860823799,9008.30428755673,9196.18527714441
370,28.4163381619894,27.4375327997469,26.9650383341229,0.152739017759286,1.54695715318886,1.71456921937842,1.79952736311586,0.517488009340695,0,26.9916803990025,2.97730943049777,0.00332784039898399,27,0,0,0,5,0.482105435655412,8648.1917929982,9008.27322629544,9196.15208731704
370.5,28.4163381619894,27.4375327997469,26.9650383341229,0.15307306639236,1.54696808651922,1.71455509697679,1.79951256446039,0.517488009340695,0,26.9916749161235,2.97835333247613,0.00332784039898399,27,0,0,0,0,0.483159826760847,8648.21483618379,9008.24230132882,9196.11903773804
371,28.4163381619894,27.4375327997469,26.9650383341229,0.153683347229326,1.54697894883303,1.71454103649724,1.79949782832663,0.517488009340695,0,26.9916694946273,2.98026046009164,0.00332784039898399,27,0,0,0,0,0.485086117194645,8648.23772975067,9008.21151205798,9196.08612790076
371.5,28.4163381619894,27.4375327997469,26.9650383341229,0.154302647867766,1.54698973807786,1.71452703766821,1.79948315448831,0.517488009340695,0,26.9916641343146,2.98219577458677,0.00332784039898399,27,0,0,0,0,0.487040877729815,8648.26046937196,9008.18085788691,9196.05335729845
372,28.4163381619894,27.4375327997469,26.9650383341229,0.154707253269226,1.54700045609068,1.71451310021921,1.79946854271915,0.517554106222406,0,26.9916588349637,2.98346016646633,0.00333646601451534,27,0,0,0,0,0.488317974218985,8648.28305891819,9008.15033822202,9196.02072542433
372.5,28.4163381619894,27.4375327997469,26.9650383341229,0.15471803879978,1.54701110735257,1.714499223881,1.79945399279284,0.517554106222406,0,26.9916535963326,2.98349387124931,0.00333646601451534,27,0,0,0,5,0.488352017667627,8648.30550783275,9008.11995247243,9195.9882317716
373,28.4163381619894,27.4375327997469,26.9650383341229,0.154344130650314,1.54702169760866,1.71448540838559,1.79943950448312,0.517554106222406,0,26.9916484181597,2.98232540828223,0.00333646601451534,27,0,0,0,5,0.487171813984651,8648.32782822327,9008.08970005006,9195.95587583356
373.5,28.4163381619894,27.4375327997469,26.9650383341229,0.15379021223106,1.54703223110672,1.71447165346625,1.79942507756379,0.517554106222406,0,26.9916433001647,2.98059441322206,0.00333646601451534,27,0,0,0,5,0.485423425886117,8648.35002904159,9008.05958036951,9195.92365710363
374,28.4163381619894,27.4375327997469,26.9650383341229,0.153239151592833,1.54704270933499,1.71445795885743,1.79941071180867,0.517619922860376,0,26.99163824205,2.9788723487276,0.00334470317998807,27,0,0,0,5,0.48368405808762,8648.37211342355,9008.0295928481,9195.89157507536
374.5,28.4163381619894,27.4375327997469,26.9650383341229,0.152841973460487,1.54705313150656,1.71444432429477,1.79939640699171,0.517619922860376,0,26.9916332435018,2.97763116706402,0.00334470317998807,27,0,0,0,5,0.48243040503068,8648.39407970981,9007.99973690567,9195.85962924255
375,28.4163381619894,27.4375327997469,26.9650383341229,0.152721110794129,1.54706349488415,1.71443074951507,1.79938216288692,0.517619922860376,0,26.9916283041907,2.97725347123165,0.00334470317998807,27,0,0,0,5,0.482048914110588,8648.41592213027,9007.97001196465,9195.82781909914
375.5,28.4163381619894,27.4375327997469,26.9650383341229,0.152974989575175,1.5470737955744,1.71441723425617,1.79936797926841,0.517619922860376,0,26.9916234237726,2.97804684242242,0.00334470317998807,27,0,0,0,0,0.482850257095082,8648.43763247815,9007.94041744977,9195.79614413932
376,28.4163381619894,27.4375327997469,26.9650383341229,0.153552627206387,1.54708402999173,1.71440377825686,1.79935385591034,0.517685464883414,0,26.9916186018902,2.97985196001996,0.00335255924392612,27,0,0,0,0,0.484673512514241,8648.45920319537,9007.91095278782,9195.76460385743
376.5,28.4163381619894,27.4375327997469,26.9650383341229,0.154189430594297,1.54709419517529,1.71439038125729,1.79933979258708,0.517685464883414,0,26.991613838173,2.98184197060718,0.00335255924392612,27,0,0,0,0,0.486683518727838,8648.48062804044,9007.88161740862,9195.73319774828
377,28.4163381619894,27.4375327997469,26.9650383341229,0.154652817918586,1.54710429232446,1.71437704299859,1.79932578907315,0.517685464883414,0,26.9916091322387,2.98329005599558,0.00335255924392612,27,0,0,0,0,0.488146154478224,8648.50190954021,9007.85241074412,9195.70192530697
377.5,28.4163381619894,27.4375327997469,26.9650383341229,0.154752660844953,1.54711432545563,1.71436376322309,1.79931184514323,0.517685464883414,0,26.991604483694,2.98360206514048,0.00335255924392612,27,0,0,0,5,0.488461298691009,8648.52305615905,9007.82333222892,9195.67078602905
378,28.4163381619894,27.4375327997469,26.9650383341229,0.154439766862436,1.54712430018383,1.71435054167432,1.79929796057227,0.51775073917787,0,26.9915998921349,2.98262427144511,0.00336004314602008,27,0,0,0,5,0.487473680124594,8648.5440797307,9007.79438130025,9195.63977941063
378.5,28.4163381619894,27.4375327997469,26.9650383341229,0.153906137822385,1.54713422128407,1.71433737809697,1.79928413513538,0.51775073917787,0,26.9915953571479,2.98095668069495,0.00336004314602008,27,0,0,0,5,0.485789333422577,8648.56499031862,9007.76555739792,9195.60890494822
379,28.4163381619894,27.4375327997469,26.9650383341229,0.153341455429924,1.54714409072346,1.71432427223696,1.799270368608,0.51775073917787,0,26.9915908783104,2.97919204821851,0.00336004314602008,27,0,0,0,5,0.484006969919011,8648.58579206807,9007.73685996443,9195.57816213908
379.5,28.4163381619894,27.4375327997469,26.9650383341229,0.152902833025241,1.54715390811948,1.71431122384129,1.79925666076579,0.51775073917787,0,26.9915864551913,2.97782135320388,0.00336004314602008,27,0,0,0,5,0.482622502160871,8648.60648417212,9007.70828844461,9195.54755048092
380,28.4163381619894,27.4375327997469,26.9650383341229,0.152718191661179,1.54716367108081,1.71429823265807,1.79924301138462,0.51781575359081,0,26.991582087352,2.97724434894118,0.00336716505920407,27,0,0,0,5,0.482039700159344,8648.62706158984,9007.67984228581,9195.51706947204
380.5,28.4163381619894,27.4375327997469,26.9650383341229,0.15289031616024,1.54717337565728,1.71428529843649,1.7992294202407,0.51781575359081,0,26.9915777743467,2.97778223800075,0.00336716505920407,27,0,0,0,0,0.482582993928183,8648.64751599463,9007.65152093772,9195.48671861137
381,28.4163381619894,27.4375327997469,26.9650383341229,0.15342412176356,1.54718301856848,1.71427242092652,1.79921588711039,0.51781575359081,0,26.991573515723,2.97945038051113,0.00336716505920407,27,0,0,0,0,0.484267897934502,8648.66784047153,9007.62332385173,9195.4564973983
381.5,28.4163381619894,27.4375327997469,26.9650383341229,0.154069141473439,1.54719259600026,1.71425959987951,1.79920241177046,0.51781575359081,0,26.9915693110226,2.9814660671045,0.00336716505920407,27,0,0,0,0,0.486303838146764,8648.68802698058,9007.5952504823,9195.4264053331
382,28.4163381619894,27.4375327997469,26.9650383341229,0.154583716118893,1.54720210849404,1.71424683504773,1.79918899399792,0.517880516681657,0,26.9915651597816,2.98307411287154,0.00337393608734118,27,0,0,0,0,0.487928041557675,8648.70807666197,9007.56730028589,9195.39644191662
382.5,28.4163381619894,27.4375327997469,26.9650383341229,0.1547695350985,1.54721155956582,1.71423412618455,1.79917563357016,0.517880516681657,0,26.9915610615314,2.98365479718281,0.00337393608734118,27,0,0,0,5,0.488514560584905,8648.72799692565,9007.53947272139,9195.36660665048
383,28.4163381619894,27.4375327997469,26.9650383341229,0.154526690405641,1.54722095457005,1.71422147304454,1.79916233026487,0.517880516681657,0,26.9915570157987,2.98289590751763,0.00337393608734118,27,0,0,0,5,0.487748045596365,8648.7477990565,9007.51176725035,9195.33689903713
383.5,28.4163381619894,27.4375327997469,26.9650383341229,0.154020925232498,1.54723029875383,1.71420887538337,1.79914908386022,0.517880516681657,0,26.9915530221062,2.98131539135156,0.00337393608734118,27,0,0,0,5,0.486151648403857,8648.76749411328,9007.48418333668,9195.30731857994
384,28.4163381619894,27.4375327997469,26.9650383341229,0.153448894816315,1.54723959458119,1.71419633295785,1.79913589413464,0.517945037514949,0,26.9915490799732,2.97952779630098,0.00338036801071837,27,0,0,0,5,0.484346091598215,8648.78708728886,9007.45672044685,9195.27786478299
384.5,28.4163381619894,27.4375327997469,26.9650383341229,0.152973936169571,1.54724884208887,1.71418384552589,1.79912276086703,0.517945037514949,0,26.9915451889157,2.97804355052991,0.00338036801071837,27,0,0,0,5,0.482846932125634,8648.80657866003,9007.42937804975,9195.24853715138
385,28.4163381619894,27.4375327997469,26.9650383341229,0.152729568606322,1.54725803924321,1.71417141284644,1.79910968383666,0.517945037514949,0,26.9915413484471,2.97727990189476,0.00338036801071837,27,0,0,0,5,0.482075610348995,8648.82596393971,9007.4021556165,9195.21933519104
385.5,28.4163381619894,27.4375327997469,26.9650383341229,0.152822371959356,1.54726718221655,1.71415903467949,1.79909666282316,0.517945037514949,0,26.9915375580784,2.97756991237299,0.00338036801071837,27,0,0,0,5,0.482368534852512,8648.84523505945,9007.37505262061,9195.19025840873
386,28.4163381619894,27.4375327997469,26.9650383341229,0.153299909141898,1.54727626774959,1.71414671078579,1.79908369760654,0.51800932548656,0,26.9915338173185,2.97906221606843,0.00338647307259663,27,0,0,0,0,0.483875833215488,8648.86438514875,9007.34806853714,9195.16130631207
386.5,28.4163381619894,27.4375327997469,26.9650383341229,0.15394349619193,1.54728529161114,1.71413444092736,1.79907078796723,0.51800932548656,0,26.9915301256749,2.98107342559978,0.00338647307259663,27,0,0,0,0,0.485907251380209,8648.88340528851,9007.32120284403,9195.13247840959
387,28.4163381619894,27.4375327997469,26.9650383341229,0.154501340420143,1.54729425354637,1.71412222486713,1.79905793368609,0.51800932548656,0,26.9915264826535,2.98281668881295,0.00338647307259663,27,0,0,0,0,0.48766803090214,8648.9022949408,9007.29445502123,9195.10377421086
387.5,28.4163381619894,27.4375327997469,26.9650383341229,0.154766855653626,1.54730315649618,1.71411006236908,1.79904513454442,0.51800932548656,0,26.9915228877596,2.98364642391758,0.00338647307259663,27,0,0,0,0,0.488506103185107,8648.92106030359,9007.26782455091,9195.07519322638
388,28.4163381619894,27.4375327997469,26.9650383341229,0.154603216686659,1.54731200558445,1.71409795319829,1.799032390324,0.518073390181996,0,26.9915193404974,2.98313505214581,0.00339226380102673,27,0,0,0,5,0.48798959314977,8648.93971217612,9007.24131091776,9195.04673496778
388.5,28.4163381619894,27.4375327997469,26.9650383341229,0.154133168390088,1.54732080630079,1.71408589712095,1.79901970080706,0.518073390181996,0,26.9915158403712,2.98166615121902,0.00339226380102673,27,0,0,0,5,0.486505932706473,8648.95826212859,9007.21491360884,9195.01839894764
389,28.4163381619894,27.4375327997469,26.9650383341229,0.153560312228934,1.54732956166976,1.71407389390432,1.79900706577634,0.518073390181996,0,26.9915123868847,2.97987597571542,0.00339226380102673,27,0,0,0,5,0.484697769519406,8648.9767165355,9007.1886321136,9194.99018467979
389.5,28.4163381619894,27.4375327997469,26.9650383341229,0.153054348904411,1.54733827216284,1.71406194331672,1.79899448501505,0.518073390181996,0,26.9915089795421,2.97829484032628,0.00339226380102673,27,0,0,0,5,0.483100746881882,8648.99507639006,9007.1624659238,9194.96209167903
390,28.4163381619894,27.4375327997469,26.9650383341229,0.152754511106402,1.54734693611621,1.71405004512747,1.79898195830689,0.518137241257989,0,26.9915056178478,2.97735784720751,0.00339775286086024,27,0,0,0,5,0.482154338856248,8649.01333818475,9007.13641453342,9194.93411946131
390.5,28.4163381619894,27.4375327997469,26.9650383341229,0.152772566163387,1.54735555002339,1.71403819910689,1.79896948543607,0.518137241257989,0,26.9915023013071,2.97741426926058,0.00339775286086024,27,0,0,0,5,0.482211327838115,8649.03149452803,9007.11047743864,9194.90626754369
391,28.4163381619894,27.4375327997469,26.9650383341229,0.153182145415648,1.54736411025585,1.71402640502612,1.79895706618717,0.518137241257989,0,26.9914990294257,2.9786942044239,0.00339775286086024,27,0,0,0,0,0.483504123789951,8649.0495377711,9007.0846541374,9194.87853544413
391.5,28.4163381619894,27.4375327997469,26.9650383341229,0.153814279575764,1.54737261272169,1.71401466265731,1.79894470034537,0.518137241257989,0,26.9914958017109,2.98066962367426,0.00339775286086024,27,0,0,0,0,0.485499392052943,8649.06745928832,9007.0589441299,9194.85092268186
392,28.4163381619894,27.4375327997469,26.9650383341229,0.154407145168763,1.54738105620412,1.71400297177361,1.79893238769629,0.518200888347621,0,26.991492617671,2.98252232865238,0.00340295293161006,27,0,0,0,0,0.487370713010683,8649.08525651426,9007.03334691857,9194.82342877719
392.5,28.4163381619894,27.4375327997469,26.9650383341229,0.154745690120542,1.547389443051,1.71399133214916,1.79892012802611,0.518200888347621,0,26.9914894768157,2.98358028162669,0.00340295293161006,27,0,0,0,0,0.488439296296478,8649.10293439707,9007.00786200795,9194.79605325161
393,28.4163381619894,27.4375327997469,26.9650383341229,0.154667601331257,1.54739777805135,1.71397974355912,1.79890792112154,0.518200888347621,0,26.9914863786565,2.98333625416018,0.00340295293161006,27,0,0,0,5,0.48819281684198,8649.12050303042,9006.98248890485,9194.76879562786
393.5,28.4163381619894,27.4375327997469,26.9650383341229,0.154241408074282,1.54740606683667,1.71396820577974,1.79889576676986,0.518200888347621,0,26.9914833227066,2.98200440023213,0.00340295293161006,27,0,0,0,5,0.486847580445664,8649.13797428389,9006.95722711847,9194.74165542991
394,28.4163381619894,27.4375327997469,26.9650383341229,0.153674502588523,1.54741431299654,1.71395671858824,1.79888366475888,0.518264340981887,0,26.9914803084815,2.98023282058913,0.0034078766074046,27,0,0,0,5,0.485058199970415,8649.15535572315,9006.93207616018,9194.714632183
394.5,28.4163381619894,27.4375327997469,26.9650383341229,0.153143094287715,1.54742251745319,1.71394528176293,1.79887161487698,0.518264340981887,0,26.9914773354984,2.97857216964911,0.0034078766074046,27,0,0,0,5,0.483380862809743,8649.17264929157,9006.9070355437,9194.68772541356
395,28.4163381619894,27.4375327997469,26.9650383341229,0.152792249329769,1.54743067892553,1.71393389508307,1.79885961691311,0.518264340981887,0,26.991474403277,2.97747577915553,0.0034078766074046,27,0,0,0,5,0.482273455784482,8649.18985228839,9006.88210478485,9194.66093464939
395.5,28.4163381619894,27.4375327997469,26.9650383341229,0.152739017759287,1.54743879423777,1.71392255832886,1.79884767065676,0.518264340981887,0,26.9914715113395,2.97730943049777,0.0034078766074046,27,0,0,0,5,0.482105435655412,8649.206958019,9006.85728340156,9194.63425941944
396,28.4163381619894,27.4375327997469,26.9650383341229,0.153073066392369,1.54744685952889,1.71391127128132,1.79883577589793,0.518327608528239,0,26.9914686592105,2.97835333247615,0.00341253631578695,27,0,0,0,0,0.483159826760873,8649.22395834451,9006.83257091348,9194.60769925384
396.5,28.4163381619894,27.4375327997469,26.9650383341229,0.153683347229641,1.54745487088036,1.71390003372236,1.79882393242719,0.518327608528239,0,26.9914658464174,2.98026046009263,0.00341253631578695,27,0,0,0,0,0.485086117195638,8649.24084500466,9006.80796684226,9194.58125368399
397,28.4163381619894,27.4375327997469,26.9650383341229,0.154302647867766,1.54746282613801,1.71388884543493,1.79881214003568,0.518327608528239,0,26.9914630724902,2.98219577458677,0.00341253631578695,27,0,0,0,0,0.487040877729815,8649.25761345817,9006.78347071189,9194.55492224258
397.5,28.4163381619894,27.4375327997469,26.9650383341229,0.154707253269355,1.54747072703776,1.71387770620285,1.79880039851512,0.518327608528239,0,26.9914603369619,2.98346016646673,0.00341253631578695,27,0,0,0,0,0.488317974219391,8649.27426736351,9006.75908204819,9194.52870446359
398,28.4163381619894,27.4653839084336,26.9650383341229,0.154718038800246,1.54747857796039,1.71386661581093,1.79878870765782,0.518390700142277,0,26.9914576393686,2.98349387125077,0.00341694425255099,27,0,0,0,5,0.488352017669096,8649.29081595405,9006.73480037919,9194.50259988236
398.5,28.4163381619894,27.4653839084336,26.9650383341229,0.154344130650318,1.54748638455126,1.71385557404501,1.7987770672567,0.518390700142277,0,26.9922144789832,2.98232540828224,0.00341694425255099,27,0,0,0,5,0.487171813984663,8649.30727112888,9006.7106252352,9194.47660803555
399,28.4163381619894,27.4653839084336,26.9650383341229,0.15379021223106,1.54749415095896,1.71384458069194,1.79876547710529,0.518390700142277,0,26.9929451528733,2.98059441322206,0.00341694425255099,27,0,0,0,5,0.485423425886117,8649.32364163217,9006.68655614871,9194.45072846123
399.5,28.4163381619894,27.4653839084336,26.9650383341229,0.153239151592835,1.54750187857308,1.71383363553952,1.79875393699772,0.518390700142277,0,26.9936505645789,2.97887234872761,0.00341694425255099,27,0,0,0,5,0.483684058087624,8649.33993039253,9006.66259265433,9194.42496069882
400,28.4163381619894,27.4653839084336,26.9650383341229,0.152841973460552,1.54750956650861,1.71382273837653,1.79874244672875,0.517299877816299,0,26.9943315864555,2.97763116706423,0.00226736541778365,27,0,0,0,5,0.482430405030887,8649.35613554406,9006.63873428881,9194.39930428915
400.5,28.4163381619894,27.4653839084336,26.9650383341229,0.152721110794129,1.54751721193069,1.71381188899263,1.79873100609375,0.517299877816299,0,26.9949890607505,2.97725347123165,0.00226736541778365,27,0,0,0,5,0.482048914110588,8649.37225111078,9006.61498059086,9194.37375877438
401,28.4163381619894,27.4653839084336,26.9650383341229,0.152974989575197,1.54752481084891,1.7138010871783,1.7987196148886,0.517299877816299,0,26.9956238006412,2.97804684242249,0.00226736541778365,27,0,0,0,0,0.482850257095153,8649.38826868094,9006.59133110096,9194.34832369788
401.5,28.4163381619894,27.4653839084336,26.9650383341229,0.153552627207001,1.5475323595813,1.71379033272478,1.79870827290982,0.517299877816299,0,26.9962365912391,2.97985196002188,0.00226736541778365,27,0,0,0,0,0.484673512516177,8649.40418049287,9006.56778536127,9194.32299860442
402,28.4163381619894,27.4653839084336,26.9650383341229,0.154189430594297,1.54753985507112,1.7137796254244,1.79869697995453,0.516344486970411,0,26.9968281905573,2.98184197060718,0.0012687237770848,27,0,0,0,0,0.486683518727838,8649.41998010281,9006.54434291635,9194.29778304013
402.5,28.4163381619894,27.4653839084336,26.9650383341229,0.15465281791888,1.54754729842257,1.71376896507024,1.79868573582048,0.516344486970411,0,26.9973993304461,2.9832900559965,0.0012687237770848,27,0,0,0,0,0.488146154479153,8649.4356698377,9006.52100331241,9194.27267655257
403,28.4163381619894,27.4653839084336,26.9650383341229,0.15475266084317,1.54755469355752,1.71375835145636,1.79867454030604,0.516344486970411,0,26.9979507174958,2.9836020651349,0.0012687237770848,27,0,0,0,5,0.48846129868538,8649.45125796385,9006.49776609782,9194.24767869064
403.5,28.4163381619894,27.4653839084336,26.9650383341229,0.154439766862447,1.54756204599703,1.71374778437782,1.79866339321021,0.516344486970411,0,26.9984830339081,2.98262427144515,0.0012687237770848,27,0,0,0,5,0.487473680124628,8649.46675611856,9006.47463082312,9194.22278900471
404,28.4163381619894,27.4653839084336,26.9650383341229,0.153906137822385,1.54756936042269,1.71373726363059,1.79865229433265,0.515506395219688,0,26.9989969383379,2.98095668069495,0.000401224664842914,27,0,0,0,5,0.485789333422577,8649.48217416971,9006.4515970409,9194.19800704661
404.5,28.4163381619894,27.4653839084336,26.9650383341229,0.153341455429927,1.54757663870868,1.71372678901162,1.79864124347368,0.515506395219688,0,26.9994930667056,2.97919204821852,0.000401224664842914,27,0,0,0,5,0.484006969919022,8649.4975160675,9006.42866430585,9194.17333236968
405,28.4163381619894,27.4653839084336,26.9650383341229,0.152902833025402,1.54758388038006,1.71371636031876,1.79863024043425,0.515506395219688,0,26.9999720329817,2.97782135320438,0.000401224664842914,27,0,0,0,5,0.48262250216138,8649.5127808104,9006.40583217467,9194.14876452861
405.5,28.4163381619894,27.4653839084336,26.9650383341229,0.152718191661179,1.54759108295357,1.71370597735073,1.79861928501591,0.515506395219688,0,27.0004344299446,2.97724434894118,0.000401224664842914,27,0,0,0,5,0.482039700159344,8649.52796316357,9006.38310020595,9194.12430307949
406,28.4163381619894,27.4653839084336,26.9650383341229,0.1528903161603,1.5475982423877,1.71369563990709,1.79860837702088,0.514769879359051,0,27.000880829911,2.97778223800094,-0.000352331964415953,27,0,0,0,0,0.482582993928372,8649.54305460742,9006.36046796015,9194.09994757993
406.5,28.4163381619894,27.4653839084336,26.9650383341229,0.153424121764423,1.54760535531114,1.71368534778798,1.79859751625191,0.514769879359051,0,27.0013117854431,2.97945038051382,-0.000352331964415953,27,0,0,0,0,0.484267897937226,8649.55804803514,9006.33793499901,9194.07569758867
407,28.4163381619894,27.4653839084336,26.9650383341229,0.15406914147344,1.54761241781948,1.71367510079472,1.79858670251248,0.514769879359051,0,27.0017278300292,2.9814660671045,-0.000352331964415953,27,0,0,0,0,0.486303838146765,8649.572935216,9006.31550088682,9194.05155266611
407.5,28.4163381619894,27.4653839084336,26.9650383341229,0.154583716119478,1.54761943036441,1.71366489872927,1.79857593560664,0.514769879359051,0,27.0021294787428,2.98307411287337,-0.000352331964415953,27,0,0,0,0,0.48792804155952,8649.58771710169,9006.29316518932,9194.02751237399
408,28.4163381619894,27.4653839084336,26.9650383341229,0.1547695350985,1.54762639637289,1.71365474139453,1.79856521533912,0.514121306816833,0,27.0025172288774,2.98365479718281,-0.00100689155097058,27,0,0,0,5,0.488514560584907,8649.60240091543,9006.27092747429,9194.00357627549
408.5,28.4163381619894,27.4653839084336,26.9650383341229,0.15452669040567,1.54763332111081,1.71364462859435,1.79855454151531,0.514121306816833,0,27.0028915605605,2.98289590751772,-0.00100689155097058,27,0,0,0,5,0.487748045596458,8649.61699775692,9006.24878731164,9193.97974393534
409,28.4163381619894,27.4653839084336,26.9650383341229,0.154020925232498,1.54764020973731,1.71363456013348,1.79854391394129,0.514121306816833,0,27.0032529373457,2.98131539135156,-0.00100689155097058,27,0,0,0,5,0.486151648403856,8649.63151850083,9006.22674427318,9193.95601491974
409.5,28.4163381619894,27.4653839084336,26.9650383341229,0.153448894816324,1.54764706462888,1.71362453581758,1.79853333242377,0.514121306816833,0,27.0036018067847,2.97952779630101,-0.00100689155097058,27,0,0,0,5,0.484346091598246,8649.64596815631,9006.20479793281,9193.93238879639
410,28.4163381619894,27.4653839084336,26.9650383341229,0.15297393616993,1.54765388573521,1.71361455545322,1.79852279677015,0.513548859095067,0,27.0039386009797,2.97804355053103,-0.00157544039187485,27,0,0,0,5,0.482846932126766,8649.66034661699,9006.18294786632,9193.90886513448
410.5,28.4163381619894,27.4653839084336,26.9650383341229,0.152729568606322,1.54766067093604,1.71360461884775,1.79851230678845,0.513548859095067,0,27.0042637371162,2.97727990189476,-0.00157544039187485,27,0,0,0,5,0.482075610348995,8649.67464941315,9006.16119365136,9193.88544350465
411,28.4163381619894,27.4653839084336,26.9650383341229,0.152822371959506,1.54766741631763,1.71359472580941,1.79850186228739,0.513548859095067,0,27.004577617978,2.97756991237345,-0.00157544039187485,27,0,0,0,5,0.482368534852983,8649.68886829447,9006.13953486739,9193.86212347902
411.5,28.4163381619894,27.4653839084336,26.9650383341229,0.153299909142122,1.54767411853509,1.71358487614695,1.79849146307622,0.513548859095067,0,27.0048806324442,2.97906221606913,-0.00157544039187485,27,0,0,0,0,0.483875833216194,8649.70299620974,9006.11797109508,9193.83890463097
412,28.4163381619894,27.4653839084336,26.9650383341229,0.15394349619193,1.54768077327216,1.71357506967018,1.7984811089649,0.513042291674594,0,27.0051731559689,2.98107342559978,-0.00206926238754761,27,0,0,0,0,0.485907251380209,8649.71702406005,9006.09650191738,9193.81578653548
412.5,28.4163381619894,27.4653839084336,26.9650383341229,0.154501340421,1.54768738018949,1.71356530618963,1.79847079976403,0.513042291674594,0,27.0054555510446,2.98281668881563,-0.00206926238754761,27,0,0,0,0,0.487668030904845,8649.73095112964,9006.07512691888,9193.79276876891
413,28.4163381619894,27.4653839084336,26.9650383341229,0.154766855653628,1.54769394214406,1.71355558551664,1.79846053528488,0.513042291674594,0,27.0057281676495,2.98364642391759,-0.00206926238754761,27,0,0,0,0,0.488506103185111,8649.74478344047,9006.05384568591,9193.76985090917
413.5,28.4163381619894,27.4653839084336,26.9650383341229,0.154603216686736,1.54770046417637,1.71354590746346,1.79845031533937,0.513042291674594,0,27.0059913436794,2.98313505214605,-0.00206926238754761,27,0,0,0,5,0.487989593150013,8649.75853161724,9006.03265780681,9193.74703253563
414,28.4163381619894,27.4653839084336,26.9650383341229,0.154133168390088,1.54770695169311,1.71353627184326,1.79844013974014,0.512592725585989,0,27.0062454053643,2.98166615121902,-0.00249816214573997,27,0,0,0,5,0.486505932706473,8649.77220705673,9006.0115628719,9193.72431322921
414.5,28.4163381619894,27.4653839084336,26.9650383341229,0.153560312228961,1.54771340763643,1.71352667847002,1.79843000830047,0.512592725585989,0,27.0064906676718,2.9798759757155,-0.00249816214573997,27,0,0,0,5,0.484697769519492,8649.78581596055,9005.99056047335,9193.70169257237
415,28.4163381619894,27.4653839084336,26.9650383341229,0.153054348905083,1.54771983239577,1.71351712715866,1.79841992083434,0.512592725585989,0,27.0067274346948,2.97829484032839,-0.00249816214573997,27,0,0,0,5,0.483100746884005,8649.79935914935,9005.96965020535,9193.67917014904
415.5,28.4163381619894,27.4653839084336,26.9650383341229,0.152754511106402,1.54772622422579,1.71350761772482,1.79840987715637,0.512592725585989,0,27.0069560000275,2.97735784720751,-0.00249816214573997,27,0,0,0,5,0.482154338856248,8649.81283294369,9005.94883166367,9193.65674554464
416,28.4163381619894,27.4653839084336,26.9650383341229,0.152772566163723,1.54773257953888,1.71349814998499,1.79839987708188,0.512192466480712,0,27.0071766471275,2.97741426926164,-0.00287065885098201,27,0,0,0,5,0.482211327839176,8649.8262297807,9005.92810444596,9193.63441834615
416.5,28.4163381619894,27.4653839084336,26.9650383341229,0.153182145413434,1.54773889462591,1.71348872375619,1.7983899204267,0.512192466480712,0,27.0073896496654,2.97869420441698,-0.00287065885098201,27,0,0,0,0,0.483504123782962,8649.83954184127,9005.90746815108,9193.61218814171
417,28.4163381619894,27.4653839084336,26.9650383341229,0.153814279575765,1.54774516531481,1.71347933885637,1.79838000700743,0.512192466480712,0,27.0075952718632,2.98066962367426,-0.00287065885098201,27,0,0,0,0,0.485499392052944,8649.8527603304,9005.88692237982,9193.59005452118
417.5,28.4163381619894,27.4653839084336,26.9650383341229,0.154407145169116,1.54775139030916,1.71346999510421,1.79837013664129,0.512192466480712,0,27.0077937688195,2.98252232865349,-0.00287065885098201,27,0,0,0,0,0.487370713011799,8649.86588251484,9005.86646673469,9193.56801707574
418,28.4163381619894,27.4653839084336,26.9650383341229,0.154745690120546,1.54775757187777,1.71346069231916,1.79836030914613,0.511834847581554,0,27.0079853868251,2.98358028162671,-0.00319415473002636,27,0,0,0,0,0.488439296296492,8649.8789131768,9005.84610081984,9193.54607539811
418.5,28.4163381619894,27.4653839084336,26.9650383341229,0.154667601331444,1.54776371473106,1.71345143032154,1.79835052434052,0.511834847581554,0,27.0081703636666,2.98333625416076,-0.00319415473002636,27,0,0,0,5,0.48819281684257,8649.89186224547,9005.82582424131,9193.52422908254
419,28.4163381619894,27.4653839084336,26.9650383341229,0.154241408074282,1.54776982442248,1.71344220893253,1.79834078204371,0.511834847581554,0,27.0083489289201,2.98200440023213,-0.00319415473002636,27,0,0,0,5,0.486847580445664,8649.90474142709,9005.80563660705,9193.50247772481
419.5,28.4163381619894,27.4653839084336,26.9650383341229,0.153674502588594,1.54777590446395,1.71343302797412,1.7983310820756,0.511834847581554,0,27.0085213042345,2.98023282058936,-0.00319415473002636,27,0,0,0,5,0.485058199970639,8649.91755812451,9005.78553752683,9193.4808209222
420,28.4163381619894,27.4653839084336,26.9650383341229,0.153143094288569,1.54778195570045,1.71342388726917,1.79832142425681,0.51151409336984,0,27.0086877036048,2.97857216965178,-0.0034750814419354,27,0,0,0,5,0.483380862812439,8649.93031411869,9005.76552661224,9193.45925827355
420.5,28.4163381619894,27.4653839084336,26.9650383341229,0.152792249329769,1.54778797677407,1.71341478664125,1.79831180840859,0.51151409336984,0,27.008848333637,2.97747577915553,-0.0034750814419354,27,0,0,0,5,0.482273455784482,8649.9430065469,9005.74560347654,9193.43778937913
421,28.4163381619894,27.4653839084336,26.9650383341229,0.15273901775993,1.54779396443262,1.71340572591476,1.79830223435286,0.51151409336984,0,27.0090033938021,2.97730943049978,-0.0034750814419354,27,0,0,0,5,0.482105435657443,8649.95562855323,9005.72576773472,9193.41641384075
421.5,28.4163381619894,27.4653839084336,26.9650383341229,0.153073066392369,1.54779991473911,1.71339670491468,1.79829270191214,0.51151409336984,0,27.0091530766833,2.97835333247615,-0.0034750814419354,27,0,0,0,0,0.483159826760874,8649.96817183823,9005.70601900307,9193.39513126153
422,28.4163381619894,27.4653839084336,26.9650383341229,0.153683347229641,1.54780582369953,1.71338772346666,1.79828321090962,0.511225201276318,0,27.0092975682133,2.98026046009263,-0.0037190272853195,27,0,0,0,0,0.485086117195638,8649.98062798212,9005.6863568994,9193.37394124609
422.5,28.4163381619894,27.4653839084336,26.9650383341229,0.154302647865753,1.54781168908467,1.71337878139726,1.79827376116916,0.511225201276318,0,27.0094370479036,2.98219577458048,-0.0037190272853195,27,0,0,0,0,0.487040877723461,8649.99299228537,9005.66678104345,9193.35284340055
423,28.4163381619894,27.4653839084336,26.9650383341229,0.154707253269366,1.54781751255597,1.71336987853369,1.79826435251524,0.511225201276318,0,27.0095716890668,2.98346016646677,-0.0037190272853195,27,0,0,0,0,0.488317974219428,8650.00526824997,9005.64729105643,9193.33183733244
423.5,28.4163381619894,27.4653839084336,26.9650383341229,0.154718038800653,1.54782329842016,1.71336101470395,1.79825498477303,0.511225201276318,0,27.0097016590297,2.98349387125204,-0.0037190272853195,27,0,0,0,5,0.48835201767038,8650.0174649542,9005.62788656127,9193.31092265085
424,28.4163381619894,27.4653839084336,26.9650383341229,0.154344130650318,1.54782905224905,1.71335218973689,1.79824565776842,0.51096383900807,0,27.0098271193406,2.98232540828224,-0.00393084773623968,27,0,0,0,5,0.487171813984663,8650.0295941433,9005.60856718276,9193.29009896642
424.5,28.4163381619894,27.4653839084336,26.9650383341229,0.153790212231233,1.54783477811811,1.71334340346219,1.79823637132791,0.51096383900807,0,27.0099482259686,2.9805944132226,-0.00393084773623968,27,0,0,0,5,0.485423425886665,8650.04166440815,9005.58933254754,9193.26936589123
425,28.4163381619894,27.4653839084336,26.9650383341229,0.153239151592744,1.54784047734416,1.71333465571026,1.79822712527871,0.51096383900807,0,27.0100651294958,2.97887234872732,-0.00393084773623968,27,0,0,0,5,0.483684058087336,8650.05367852442,9005.57018228383,9193.24872303891
425.5,28.4163381619894,27.4653839084336,26.9650383341229,0.152841973460552,1.54784614896983,1.71332594631233,1.79821791944869,0.51096383900807,0,27.0101779753037,2.97763116706423,-0.00393084773623968,27,0,0,0,5,0.482430405030887,8650.06563447376,9005.55111602167,9193.22817002458
426,28.3882533597481,27.4653839084336,26.9650383341229,0.152721110794991,1.54785179008825,1.71331727510033,1.79820875366638,0.510726255446968,0,27.0102869037524,2.97725347123435,-0.00411476150095211,27,0,0,0,5,0.482048914113308,8650.07752612816,9005.53213339259,9193.20770646485
426.5,28.3882533597481,27.4653839084336,26.9650383341229,0.152974989575199,1.54785739663753,1.71330864190681,1.79819962776091,0.510726255446968,0,27.0103915048068,2.9780468424225,-0.00411476150095211,27,0,0,0,0,0.482850257095158,8650.08934492472,9005.51323402955,9193.18733197764
427,28.3882533597481,27.4653839084336,26.9650383341229,0.153552627207091,1.54786296486452,1.71330004656491,1.79819054156203,0.510726255446968,0,27.0104913989199,2.97985196002216,-0.00411476150095211,27,0,0,0,0,0.484673512516464,8650.10108295143,9005.49441756674,9193.16704618231
427.5,28.3882533597481,27.4653839084336,26.9650383341229,0.154189430594297,1.54786849164181,1.71329148890863,1.79818149490018,0.510726255446968,0,27.010586763678,2.98184197060718,-0.00411476150095211,27,0,0,0,0,0.48668351872784,8650.11273361528,9005.4756836403,9193.14684869972
428,28.3882533597481,27.4653839084336,26.9650383341229,0.154652817918912,1.54787397800341,1.71328296877263,1.79817248760645,0.51051252917415,0,27.010677770356,2.9832900559966,-0.00427110814241445,27,0,0,0,0,0.488146154479254,8650.12429909565,9005.45703188777,9193.12673915222
428.5,28.3882533597481,27.4653839084336,26.9650383341229,0.154752660843899,1.54787942780145,1.71327448599226,1.79816351951256,0.51051252917415,0,27.0107645841363,2.98360206513718,-0.00427110814241445,27,0,0,0,5,0.488461298687682,8650.13578751269,9005.43846194823,9193.10671716354
429,28.3882533597481,27.4653839084336,26.9650383341229,0.154439766862447,1.54788484648767,1.71326604040376,1.79815459045092,0.51051252917415,0,27.01084736432,2.98262427144515,-0.00427110814241445,27,0,0,0,5,0.487473680124628,8650.14721035868,9005.41997346272,9193.08678235899
429.5,28.3882533597481,27.4653839084336,26.9650383341229,0.153906137822768,1.5478902386748,1.71325763184407,1.79814570025461,0.51051252917415,0,27.0109262645317,2.98095668069615,-0.00427110814241445,27,0,0,0,5,0.485789333423784,8650.15857735723,9005.4015660738,9193.06693436538
430,28.3882533597481,27.4653839084336,26.9650383341229,0.153341455427471,1.54789560616847,1.71324926015093,1.79813684875737,0.510322393724664,0,27.0110014329165,2.97919204821085,-0.00440057316660329,27,0,0,0,5,0.484006969911269,8650.16989231449,9005.3832394258,9193.04717281095
430.5,28.3882533597481,27.4653839084336,26.9650383341229,0.152902833025402,1.54790094842558,1.71324092516284,1.7981280357936,0.510322393724664,0,27.0110730123305,2.97782135320438,-0.00440057316660329,27,0,0,0,5,0.48262250216138,8650.1811540854,9005.36499316468,9193.02749732549
431,28.3882533597481,27.4653839084336,26.9650383341229,0.152718191661254,1.54790626289511,1.71323262671892,1.79811926119834,0.510322393724664,0,27.0111411405247,2.97724434894142,-0.00440057316660329,27,0,0,0,5,0.482039700159583,8650.19235729205,9005.34682693783,9193.00790754018
431.5,28.3882533597481,27.4653839084336,26.9650383341229,0.152890316160305,1.54791154546807,1.71322436465902,1.79811052480727,0.510322393724664,0,27.0112059503227,2.97778223800095,-0.00440057316660329,27,0,0,0,0,0.482582993928388,8650.20349327225,9005.32874039421,9192.9884030876
432,28.3882533597481,27.4653839084336,26.9650383341229,0.15342412176464,1.54791679270623,1.71321613882338,1.79810182645661,0.510152392435941,0,27.011267569792,2.9794503805145,-0.00450702791678879,27,0,0,0,0,0.484267897937908,8650.21455477773,9005.31073318359,9192.96898360165
432.5,28.3882533597481,27.4653839084336,26.9650383341229,0.154069141473441,1.5479220006385,1.7132079490532,1.7980931659833,0.510152392435941,0,27.0113261224097,2.9814660671045,-0.00450702791678879,27,0,0,0,0,0.48630383814677,8650.22553343693,9005.29280495791,9192.94964871775
433,28.3882533597481,27.4653839084336,26.9650383341229,0.154583716119561,1.5479271696505,1.71319979519019,1.79808454322492,0.510152392435941,0,27.0113817272226,2.98307411287363,-0.00450702791678879,27,0,0,0,0,0.487928041559784,8650.23643006246,9005.27495537023,9192.93039807276
433.5,28.3882533597481,27.4653839084336,26.9650383341229,0.154769535099314,1.54793230310345,1.71319167707681,1.79807595801963,0.510152392435941,0,27.0114344990011,2.98365479718536,-0.00450702791678879,27,0,0,0,5,0.488514560587474,8650.2472517397,9005.25718407522,9192.91123130488
434,28.3882533597481,27.4653839084336,26.9650383341229,0.15452669040567,1.54793740619797,1.7131835945563,1.79806741020632,0.509999545008725,0,27.0114845483888,2.98289590751772,-0.00459381935551022,27,0,0,0,5,0.487748045596458,8650.25800943172,9005.23949072929,9192.89214805392
434.5,28.3882533597481,27.4653839084336,26.9650383341229,0.154020925233199,1.54794248402831,1.71317554747263,1.79805889962448,0.509999545008725,0,27.0115319820459,2.98131539135375,-0.00459381935551022,27,0,0,0,5,0.486151648406071,8650.26871387733,9005.22187499043,9192.87314796105
435,28.3882533597481,27.4653839084336,26.9650383341229,0.153448894816325,1.5479475389064,1.7131675356705,1.79805042611431,0.509999545008725,0,27.0115769027888,2.97952779630102,-0.00459381935551022,27,0,0,0,5,0.484346091598249,8650.27936995007,9005.20433651825,9192.85423066899
435.5,28.3882533597481,27.4653839084336,26.9650383341229,0.15297393616993,1.54795257071772,1.71315955899533,1.79804198951661,0.509999545008725,0,27.0116194097236,2.97804355053103,-0.00459381935551022,27,0,0,0,5,0.482846932126766,8650.2899774084,9005.18687497395,9192.83539582186
436,28.3882533597481,27.4653839084336,26.9650383341229,0.152729568603953,1.54795757727817,1.71315161729322,1.79803358967282,0.509861283670148,0,27.0116595983762,2.97727990188735,-0.00466383935048356,27,0,0,0,5,0.482075610341517,8650.30053164784,9005.16949002018,9192.8166430652
436.5,28.3882533597481,27.4653839084336,26.9650383341229,0.15282237195952,1.54796255461048,1.7131437104109,1.79802522642502,0.509861283670148,0,27.0116975608173,2.9775699123735,-0.00466383935048356,27,0,0,0,5,0.482368534853028,8650.31102428383,9005.15218132102,9192.79797204594
437,28.3882533597481,27.4653839084336,26.9650383341229,0.153299909142581,1.54796749930668,1.7131358381955,1.79801689961583,0.509861283670148,0,27.0117333857831,2.97906221607056,-0.00466383935048356,27,0,0,0,0,0.483875833217641,8650.32144813184,9005.13494854141,9192.77938241227
437.5,28.3882533597481,27.4653839084336,26.9650383341229,0.153943496191935,1.54797240698774,1.713128000495,1.79800860908856,0.509861283670148,0,27.0117671587917,2.9810734255998,-0.00466383935048356,27,0,0,0,0,0.485907251380224,8650.33179396023,9005.11779134818,9192.7608738139
438,28.3882533597481,27.4653839084336,26.9650383341229,0.154501340421202,1.547977277252,1.71312019715799,1.7980003546871,0.50973539777209,0,27.0117989622563,2.98281668881626,-0.00471958490251723,27,0,0,0,0,0.487668030905481,8650.34206092202,9005.10070940943,9192.74244590184
438.5,28.3882533597481,27.4653839084336,26.9650383341229,0.154766855653149,1.54798211289453,1.71311242803366,1.79799213625599,0.50973539777209,0,27.0118288755933,2.98364642391609,-0.00471958490251723,27,0,0,0,0,0.488506103183599,8650.35225490925,9005.08370239463,9192.72409832859
439,28.3882533597481,27.4653839084336,26.9650383341229,0.154603216686736,1.54798691889434,1.71310469297195,1.7979839536404,0.50973539777209,0,27.0118569753277,2.98313505214605,-0.00471958490251723,27,0,0,0,5,0.487989593150013,8650.36238641788,9005.06676997493,9192.705830748
439.5,28.3882533597481,27.4653839084336,26.9650383341229,0.154133168390926,1.547991700597,1.71309699182355,1.79797580668616,0.50973539777209,0,27.0118833351943,2.98166615122164,-0.00471958490251723,27,0,0,0,5,0.486505932709119,8650.37246671672,9005.04991182304,9192.68764281545
440,28.3882533597481,27.4653839084336,26.9650383341229,0.153560312228963,1.54799646088383,1.71308932443984,1.79796769523973,0.50961998572069,0,27.0119080262355,2.97987597571551,-0.00476321049420676,27,0,0,0,5,0.484697769519499,8650.3825018797,9005.03312761325,9192.66953418771
440.5,28.3882533597481,27.4653839084336,26.9650383341229,0.153054348905083,1.54800120008381,1.71308169067288,1.7979596191482,0.50961998572069,0,27.0119311168959,2.97829484032839,-0.00476321049420676,27,0,0,0,5,0.483100746884005,8650.39249260021,9005.01641702134,9192.65150452297
441,28.3882533597481,27.4653839084336,26.9650383341229,0.152754511106403,1.54800591639146,1.71307409037539,1.79795157825927,0.50961998572069,0,27.0119526731132,2.97735784720751,-0.00476321049420676,27,0,0,0,5,0.48215433885625,8650.40243507196,9004.99977972449,9192.63355348076
441.5,28.3882533597481,27.4653839084336,26.9650383341229,0.152772566163762,1.54801060615933,1.71306652340072,1.79794357242128,0.50961998572069,0,27.0119727584069,2.97741426926175,-0.00476321049420676,27,0,0,0,5,0.482211327839297,8650.41232160558,9004.9832154013,9192.61568072209
442,28.3882533597481,27.4653839084336,26.9650383341229,0.153182145414215,1.54801526561883,1.71305898960262,1.79793560148309,0.50951341326919,0,27.0119914339627,2.97869420441942,-0.00479657358508092,27,0,0,0,0,0.483504123785429,8650.42214425631,9004.96672373126,9192.59788590909
442.5,28.3882533597481,27.4653839084336,26.9650383341229,0.153814279575778,1.5480198905388,1.71305148883555,1.7979276652942,0.50951341326919,0,27.0120087587148,2.98066962367431,-0.00479657358508092,27,0,0,0,0,0.485499392052985,8650.43189410413,9004.95030439541,9192.58016870536
443,28.3882533597481,27.4653839084336,26.9650383341229,0.154407145169549,1.5480244795641,1.71304402095462,1.79791976370473,0.50951341326919,0,27.0120247894252,2.98252232865484,-0.00479657358508092,27,0,0,0,0,0.487370713013163,8650.44156829207,9004.93395707618,9192.56252877585
443.5,28.3882533597481,27.4653839084336,26.9650383341229,0.154745690118236,1.5480290349052,1.71303658581552,1.79791189656537,0.50951341326919,0,27.0120395807601,2.98358028161949,-0.00479657358508092,27,0,0,0,0,0.4884392962892,8650.45117147979,9004.91768145729,9192.54496578682
444,28.3882533597481,27.4653839084336,26.9650383341229,0.154667601331444,1.5480335612146,1.7130291832746,1.7979040637275,0.509414277345172,0,27.0120531853641,2.98333625416076,-0.00482127414562115,27,0,0,0,5,0.48819281684257,8650.46071347512,9004.90147722399,9192.52747940603
444.5,28.3882533597481,27.4653839084336,26.9650383341229,0.154241408074006,1.54803806398815,1.71302181318898,1.79789626504303,0.509414277345172,0,27.0120656539308,2.98200440023127,-0.00482127414562115,27,0,0,0,5,0.486847580444793,8650.4702058638,9004.88534406307,9192.51006930253
445,28.3882533597481,27.4653839084336,26.9650383341229,0.1536745025886,1.5480425466805,1.71301447541641,1.7978885003646,0.509414277345172,0,27.0120770352724,2.98023282058938,-0.00482127414562115,27,0,0,0,5,0.485058199970658,8650.47965592846,9004.86928166283,9192.49273514687
445.5,28.3882533597481,27.4653839084336,26.9650383341229,0.153143094288569,1.54804701007968,1.71300716981531,1.7978807695454,0.509414277345172,0,27.0120873763858,2.97857216965178,-0.00482127414562115,27,0,0,0,5,0.483380862812439,8650.48906533029,9004.85328971299,9192.4754766109
446,28.3882533597481,27.4653839084336,26.9650383341229,0.152792249329771,1.54805145277111,1.71299989624476,1.79787307243924,0.509321374679132,0,27.0120967225166,2.97747577915553,-0.00483868900665101,27,0,0,0,5,0.482273455784488,8650.49843108701,9004.83736790468,9192.45829336789
446.5,28.3882533597481,27.4653839084336,26.9650383341229,0.152739017760028,1.54805587144624,1.7129926545644,1.79786540890051,0.509321374679132,0,27.0121051172215,2.97730943050009,-0.00483868900665101,27,0,0,0,5,0.482105435657752,8650.50774622367,9004.82151593037,9192.44118509236
447,28.3882533597481,27.4653839084336,26.9650383341229,0.153073066393101,1.54806026211211,1.71298544463435,1.7978577787842,0.509321374679132,0,27.0121126024275,2.97835333247844,-0.00483868900665101,27,0,0,0,0,0.483159826763183,8650.51700232243,9004.80573348346,9192.42415146015
447.5,28.3882533597481,27.4653839084336,26.9650383341229,0.153683347229676,1.54806462071898,1.71297826631527,1.79785018194582,0.509321374679132,0,27.0121192184903,2.98026046009274,-0.00483868900665101,27,0,0,0,0,0.485086117195749,8650.52619084569,9004.79002025862,9192.40719214835
448,28.3882533597481,27.4653839084336,26.9650383341229,0.154302647866509,1.54806894498233,1.71297111946852,1.79784261824151,0.509233674608254,0,27.0121250042492,2.98219577458284,-0.00485000169969823,27,0,0,0,0,0.487040877725847,8650.53530697719,9004.77437595201,9192.3903068354
448.5,28.3882533597481,27.4653839084336,26.9650383341229,0.154707253269367,1.54807323650867,1.71296400395596,1.79783508752802,0.509233674608254,0,27.0121299970818,2.98346016646677,-0.00485000169969823,27,0,0,0,0,0.48831797421943,8650.54435410346,9004.75880026092,9192.37349520109
449,28.3882533597481,27.4653839084336,26.9650383341229,0.154718038800653,1.54807749955011,1.71295691964014,1.79782758966266,0.509233674608254,0,27.0121342329551,2.98349387125204,-0.00485000169969823,27,0,0,0,5,0.48835201767038,8650.55334118834,9004.74329288412,9192.3567569265
449.5,28.3882533597481,27.4653839084336,26.9650383341229,0.15434413064787,1.54808173962424,1.71294986638429,1.79782012450337,0.509233674608254,0,27.0121377464762,2.98232540827459,-0.00485000169969823,27,0,0,0,5,0.487171813976937,8650.56227986353,9004.7278535219,9192.34009169414
450,28.3882533597481,27.4653839084336,26.9650383341229,0.15379021223125,1.54808596075258,1.71294284405227,1.79781269190871,0.509150295501058,0,27.0121405709403,2.98059441322266,-0.0048562283761143,27,0,0,0,5,0.485423425886718,8650.57117860682,9004.71248187593,9192.32349918784
450.5,28.3882533597481,27.4653839084336,26.9650383341229,0.153239151592744,1.54809016419826,1.7129358525086,1.79780529173781,0.509150295501058,0,27.0121427383776,2.97887234872732,-0.0048562283761143,27,0,0,0,5,0.483684058087336,8650.58004008099,9004.69717764931,9192.30697909279
451,28.3882533597481,27.4653839084336,26.9650383341229,0.152841973460558,1.54809434895059,1.71292889161841,1.79779792385042,0.509150295501058,0,27.0121442795983,2.97763116706424,-0.0048562283761143,27,0,0,0,5,0.482430405030904,8650.5888621552,9004.6819405465,9192.29053109548
451.5,28.3882533597481,27.4653839084336,26.9650383341229,0.152721110795223,1.54809851204962,1.7129219612474,1.79779058810683,0.509150295501058,0,27.0121452242364,2.97725347123507,-0.0048562283761143,27,0,0,0,5,0.482048914114041,8650.59763858935,9004.66677027318,9192.27415488369
452,28.3882533597481,27.4653839084336,26.9650383341229,0.152974989574267,1.54810264938065,1.71291506126175,1.79778328436792,0.509070484328902,0,27.0121456007909,2.97804684241958,-0.00485824031636781,27,0,0,0,0,0.482850257092217,8650.6063607089,9004.65166653611,9192.25785014645
452.5,28.3882533597481,27.4653839084336,26.9650383341229,0.153552627207091,1.5481067571381,1.71290819152804,1.79777601249507,0.509070484328902,0,27.0121454366674,2.97985196002216,-0.00485824031636781,27,0,0,0,0,0.484673512516463,8650.61502049095,9004.63662904296,9192.24161657396
453,28.3882533597481,27.4653839084336,26.9650383341229,0.154189430595075,1.54811083214245,1.71290135191365,1.79776877235029,0.509070484328902,0,27.0121447582165,2.98184197060961,-0.00485824031636781,27,0,0,0,0,0.486683518730295,8650.62361123238,9004.62165750308,9192.22545385781
453.5,28.3882533597481,27.4653839084336,26.9650383341229,0.154652817918915,1.54811487537591,1.71289454228639,1.79776156379612,0.509070484328902,0,27.0121435907717,2.98329005599661,-0.00485824031636781,27,0,0,0,0,0.488146154479263,8650.63213500367,9004.6067516268,9192.2093616908
454,28.3882533597481,27.4653839084336,26.9650383341229,0.154752660843899,1.54811889063919,1.71288776251465,1.79775438669571,0.508993598968175,0,27.0121419586861,2.98360206513718,-0.00485678347443752,27,0,0,0,5,0.488461298687682,8650.64059981714,9004.59191112575,9192.19333976704
454.5,28.3882533597481,27.4653839084336,26.9650383341229,0.154439766862448,1.54812288333293,1.71288101246756,1.79774724091279,0.508993598968175,0,27.0121398853672,2.98262427144515,-0.00485678347443752,27,0,0,0,5,0.487473680124631,8650.64901705805,9004.57713571315,9192.17738778201
455,28.3882533597481,27.4653839084336,26.9650383341229,0.153906137822813,1.54812685801906,1.71287429201481,1.79774012631167,0.508993598968175,0,27.0121373933112,2.98095668069629,-0.00485678347443752,27,0,0,0,5,0.485789333423927,8650.65739634356,9004.56242510344,9192.16150543243
455.5,28.3882533597481,27.4653839084336,26.9650383341229,0.153341455427471,1.54813081645264,1.71286760102676,1.79773304275724,0.508993598968175,0,27.0121345041356,2.97919204821085,-0.00485678347443752,27,0,0,0,5,0.484006969911269,8650.66574137354,9004.54777901257,9192.14569241635
456,28.3882533597481,27.4653839084336,26.9650383341229,0.152902833025418,1.54813475804032,1.71286093937433,1.79772599011501,0.508919092874237,0,27.0121312386109,2.97782135320443,-0.00485249544435504,27,0,0,0,5,0.482622502161429,8650.67405089701,9004.53319715768,9192.12994843318
456.5,28.3882533597481,27.4653839084336,26.9650383341229,0.15271819166174,1.54813868018107,1.712854306929,1.79771896825096,0.508919092874237,0,27.012127616691,2.97724434894294,-0.00485249544435504,27,0,0,0,5,0.482039700161116,8650.68231943045,9004.51867925718,9192.11427318344
457,28.3882533597481,27.4653839084336,26.9650383341229,0.152890316158836,1.54814257871624,1.71284770356278,1.79771197703169,0.508919092874237,0,27.012123657543,2.97778223799636,-0.00485249544435504,27,0,0,0,0,0.482582993923751,8650.69053820662,9004.50422503057,9192.09866636898
457.5,28.3882533597481,27.4653839084336,26.9650383341229,0.15342412176464,1.54814645015811,1.71284112914794,1.79770501632427,0.508919092874237,0,27.0121193795749,2.9794503805145,-0.00485249544435504,27,0,0,0,0,0.484267897937908,8650.69869987266,9004.489834198,9192.08312769269
458,28.3882533597481,27.4653839084336,26.9650383341229,0.154069141472743,1.54815029048653,1.71283458355754,1.79769808599635,0.508846501810922,0,27.0121148004641,2.98146606710232,-0.00484592018565309,27,0,0,0,0,0.486303838144565,8650.70679595326,9004.47550648133,9192.06765685883
458.5,28.3882533597481,27.4653839084336,26.9650383341229,0.154583716119569,1.54815410003833,1.71282806666512,1.79769118591613,0.508846501810922,0,27.012109937183,2.98307411287365,-0.00484592018565309,27,0,0,0,0,0.487928041559806,8650.71482715832,9004.46124160345,9192.05225357285
459,28.3882533597481,27.4653839084336,26.9650383341229,0.154769535099314,1.54815788212626,1.7128215783447,1.79768431595238,0.508846501810922,0,27.0121048060247,2.98365479718536,-0.00484592018565309,27,0,0,0,5,0.488514560587474,8650.72280047157,9004.44703928832,9192.03691754145
459.5,28.3882533597481,27.4653839084336,26.9650383341229,0.154526690405673,1.54816164190282,1.71281511847102,1.79767747597442,0.508846501810922,0,27.0120994226282,2.98289590751773,-0.00484592018565309,27,0,0,0,5,0.487748045596465,8650.73072675525,9004.43289926149,9192.0216484726
460,28.3882533597481,27.4653839084336,26.9650383341229,0.154020925233314,1.54816538441438,1.71280868691937,1.79767066585214,0.508775432366633,0,27.0120938020016,2.98131539135411,-0.00483752080063624,27,0,0,0,5,0.486151648406433,8650.73861664789,9004.41882124969,9192.00644607554
460.5,28.3882533597481,27.4653839084336,26.9650383341229,0.153448894816325,1.54816911192528,1.71280228356567,1.79766388545601,0.508775432366633,0,27.0120879585452,2.97952779630102,-0.00483752080063624,27,0,0,0,5,0.484346091598249,8650.74647492305,9004.40480498103,9191.9913100608
461,28.3882533597481,27.4653839084336,26.9650383341229,0.152973936169971,1.54817282427364,1.7127959082864,1.79765713465705,0.508775432366633,0,27.0120819060739,2.97804355053116,-0.00483752080063624,27,0,0,0,5,0.482846932126897,8650.75430123939,9004.39085018491,9191.9762401401
461.5,28.3882533597481,27.4653839084336,26.9650383341229,0.152729568604757,1.54817651922825,1.71278956095857,1.79765041332681,0.508775432366633,0,27.0120756578384,2.97727990188986,-0.00483752080063624,27,0,0,0,5,0.482075610344054,8650.76209089303,9004.37695659183,9191.96123602647
462,28.3882533597481,27.4653839084336,26.9650383341229,0.152822371959521,1.54818019276507,1.71278324145971,1.79764372133738,0.508705552019308,0,27.0120692265457,2.9775699123735,-0.00482769061828776,27,0,0,0,5,0.482368534853031,8650.76983540039,9004.36312393345,9191.946297434
462.5,28.3882533597481,27.4653839084336,26.9650383341229,0.153299909142581,1.54818384142953,1.71277694966762,1.79763705856132,0.508705552019308,0,27.0120626243793,2.97906221607056,-0.00482769061828776,27,0,0,0,0,0.483875833217641,8650.77752747852,9004.349351942,9191.93142407792
463,28.3882533597481,27.4653839084336,26.9650383341229,0.153943496189934,1.54818746079633,1.71277068546081,1.79763042487177,0.508705552019308,0,27.0120558630182,2.98107342559354,-0.00482769061828776,27,0,0,0,0,0.485907251373908,8650.78515779789,9004.3356403513,9191.91661567475
463.5,28.3882533597481,27.4653839084336,26.9650383341229,0.154501340421222,1.54819105041786,1.71276444871822,1.79762382014235,0.508705552019308,0,27.0120489536555,2.98281668881632,-0.00482769061828776,27,0,0,0,0,0.487668030905544,8650.79272541467,9004.32198889613,9191.90187194206
464,28.3882533597481,27.4653839084336,26.9650383341229,0.154766855653149,1.54819461304356,1.71275823931932,1.79761724424729,0.508636580543737,0,27.0120419070162,2.98364642391609,-0.0048167628064661,27,0,0,0,0,0.488506103183599,8650.80023612509,9004.30839731238,9191.88719259876
464.5,28.3882533597481,27.4653839084336,26.9650383341229,0.154603216686742,1.54819815360706,1.71275205714418,1.79761069706127,0.508636580543737,0,27.0120347333746,2.98313505214607,-0.0048167628064661,27,0,0,0,5,0.487989593150033,8650.80770033009,9004.29486533727,9191.87257736489
465,28.3882533597481,27.4653839084336,26.9650383341229,0.154133168391193,1.54820167740883,1.71274590207347,1.79760417845962,0.508636580543737,0,27.0120274425709,2.98166615122248,-0.0048167628064661,27,0,0,0,5,0.486505932709962,8650.81512920401,9004.28139270939,9191.85802596178
465.5,28.3882533597481,27.4653839084336,26.9650383341229,0.153560312228963,1.5482051872854,1.71273977398842,1.79759768831813,0.508636580543737,0,27.0120200440272,2.97987597571551,-0.0048167628064661,27,0,0,0,5,0.484697769519499,8650.8225287267,9004.26797916848,9191.84353811191
466,28.3882533597481,27.4653839084336,26.9650383341229,0.153054348905189,1.54820868352111,1.71273367277083,1.79759122651321,0.508568282585372,0,27.012012546763,2.97829484032872,-0.00480501870518992,27,0,0,0,5,0.48310074688434,8650.82989949758,9004.25462445559,9191.82911353906
466.5,28.3882533597481,27.4653839084336,26.9650383341229,0.152754511107075,1.54821216426614,1.71272759830302,1.79758479292172,0.508568282585372,0,27.01200495941,2.97735784720961,-0.00480501870518992,27,0,0,0,5,0.482154338858371,8650.83723761676,9004.24132831287,9191.81475196812
467,28.3882533597481,27.4653839084336,26.9650383341229,0.152772566163765,1.54821562582892,1.71272155046779,1.79757838742108,0.508568282585372,0,27.0119972902269,2.97741426926176,-0.00480501870518992,27,0,0,0,5,0.482211327839307,8650.84453530157,9004.22809048356,9191.80045312515
467.5,28.3882533597481,27.4653839084336,26.9650383341229,0.153182145414215,1.54821906439702,1.71271552914825,1.79757200988916,0.508568282585372,0,27.011989547113,2.97869420441942,-0.00480501870518992,27,0,0,0,0,0.483504123785429,8650.85178451453,9004.21491071154,9191.78621673721
468,28.3882533597481,27.4653839084336,26.9650383341229,0.153814279575778,1.54822247569566,1.71270953422807,1.79756566020433,0.508500461242363,0,27.0119817376217,2.98066962367431,-0.00479269504866977,27,0,0,0,0,0.485499392052987,8650.85897624341,9004.20178874193,9191.77204253257
468.5,28.3882533597481,27.4653839084336,26.9650383341229,0.154407145169602,1.54822585832642,1.71270356559142,1.79755933824552,0.508500461242363,0,27.0119738689733,2.98252232865501,-0.00479269504866977,27,0,0,0,0,0.487370713013332,8650.86610753989,9004.188724321,9191.75793024066
469,28.3882533597481,27.4653839084336,26.9650383341229,0.154745690118236,1.54822921445677,1.71269762312295,1.79755304389215,0.508500461242363,0,27.0119659480679,2.98358028161949,-0.00479269504866977,27,0,0,0,0,0.4884392962892,8650.8731829733,9004.17571719602,9191.74387959204
469.5,28.3882533597481,27.4653839084336,26.9650383341229,0.154667601331463,1.54823254869646,1.71269170670786,1.79754677702415,0.508500461242363,0,27.0119579814969,2.98333625416082,-0.00479269504866977,27,0,0,0,5,0.488192816842628,8650.88021226193,9004.16276711543,9191.72989031842
470,28.3882533597481,27.4653839084336,26.9650383341229,0.154241408074548,1.54823586649888,1.71268581623193,1.79754053752201,0.50843295252588,0,27.0119499755549,2.98200440023296,-0.00477999022196656,27,0,0,0,5,0.486847580446504,8650.88720690251,9004.14987382905,9191.71596215274
470.5,28.3882533597481,27.4653839084336,26.9650383341229,0.1536745025886,1.54823917127645,1.71267995158153,1.79753432526672,0.50843295252588,0,27.011941936251,2.98023282058938,-0.00477999022196656,27,0,0,0,5,0.485058199970658,8650.89417408913,9004.13703708786,9191.7020948291
471,28.3882533597481,27.4653839084336,26.9650383341229,0.153143094288818,1.54824246377516,1.71267411264351,1.79752814013982,0.50843295252588,0,27.0119338693194,2.97857216965256,-0.00477999022196656,27,0,0,0,5,0.483380862813225,8650.90111539443,9004.12425664405,9191.68828808279
471.5,28.3882533597481,27.4653839084336,26.9650383341229,0.152792249328594,1.54824574253867,1.71266829930526,1.79752198202332,0.50843295252588,0,27.0119257802298,2.97747577915186,-0.00477999022196656,27,0,0,0,5,0.482273455780775,8650.90802774809,9004.11153225085,9191.67454165017
472,28.3882533597481,27.4653839084336,26.9650383341229,0.152739017760037,1.54824900421691,1.71266251145464,1.79751585079978,0.508365620576626,0,27.0119176741976,2.97730943050011,-0.00476706967905614,27,0,0,0,5,0.48210543565778,8650.9149040873,9004.09886366259,9191.66085526882
472.5,28.3882533597481,27.4653839084336,26.9650383341229,0.153073066393101,1.54825224477554,1.71265674897984,1.79750974635216,0.508365620576626,0,27.0119095561936,2.97835333247844,-0.00476706967905614,27,0,0,0,0,0.483159826763183,8650.92173590674,9004.08625063432,9191.64722867722
473,28.3882533597481,27.4653839084336,26.9650383341229,0.153683347229679,1.54825546012381,1.71265101176945,1.79750366856391,0.508365620576626,0,27.0119014309532,2.98026046009275,-0.00476706967905614,27,0,0,0,0,0.485086117195759,8650.92851458206,9004.07369292199,9191.63366161497
473.5,28.3882533597481,27.4653839084336,26.9650383341229,0.154302647866642,1.54825864793639,1.7126452997127,1.79749761731903,0.508365620576626,0,27.0118933029854,2.98219577458326,-0.00476706967905614,27,0,0,0,0,0.48704087772627,8650.93523521084,9004.06119028288,9191.62015382285
474,28.3882533597481,27.4653839084336,26.9650383341229,0.154707253269367,1.54826180977924,1.71263961269915,1.79749159250197,0.508298353539317,0,27.0118851765816,2.98346016646677,-0.00475407063262452,27,0,0,0,0,0.48831797421943,8650.94190109435,9004.04874247505,9191.60670504268
474.5,28.3882533597481,27.4653839084336,26.9650383341229,0.154718038800702,1.54826494986424,1.71263395061892,1.7974855939977,0.508298353539317,0,27.011877055824,2.98349387125219,-0.00475407063262452,27,0,0,0,5,0.488352017670535,8650.94852111208,9004.03634925781,9191.59331501747
475,28.3882533597481,27.4653839084336,26.9650383341229,0.15434413064871,1.54826807366896,1.71262831336272,1.79747962169168,0.508298353539317,0,27.0118689445936,2.98232540827722,-0.00475407063262452,27,0,0,0,5,0.487171813979589,8650.95510681192,9004.02401039171,9191.57998349124
475.5,28.3882533597481,27.4653839084336,26.9650383341229,0.15379021223125,1.54827118517514,1.71262270082174,1.7974736754699,0.508298353539317,0,27.0118608465779,2.98059441322266,-0.00475407063262452,27,0,0,0,5,0.485423425886718,8650.96166658824,9004.01172563837,9191.56671020931
476,28.3882533597481,27.4653839084336,26.9650383341229,0.153239151593258,1.54827428560637,1.71261711288776,1.79746775521885,0.508231060008939,0,27.0118527652787,2.97887234872893,-0.00474110611149712,27,0,0,0,5,0.483684058088958,8650.96820302057,9003.9994947607,9191.55349491802
476.5,28.3882533597481,27.4653839084336,26.9650383341229,0.15284197345973,1.54827737391256,1.71261154945297,1.79746186082552,0.508231060008939,0,27.0118447040191,2.97763116706166,-0.00474110611149712,27,0,0,0,5,0.482430405028291,8650.97471389505,9003.98731752255,9191.54033736489
477,28.3882533597481,27.4653839084336,26.9650383341229,0.152721110795247,1.54828044709464,1.71260601041009,1.79745599217735,0.508231060008939,0,27.0118366659503,2.97725347123515,-0.00474110611149712,27,0,0,0,5,0.482048914114116,8650.98119288886,9003.97519368887,9191.5272372984
477.5,28.3882533597481,27.4653839084336,26.9650383341229,0.152974989574267,1.54828350099898,1.71260049565215,1.79745014916225,0.508231060008939,0,27.0118286540588,2.97804684241958,-0.00474110611149712,27,0,0,0,0,0.482850257092217,8650.98763124511,9003.96312302534,9191.51419446813
478,28.3882533597481,27.4653839084336,26.9650383341229,0.153552627207099,1.54828653178136,1.71259500507252,1.79744433166855,0.508163665965299,0,27.0118206711726,2.97985196002219,-0.0047282684690515,27,0,0,0,0,0.484673512516488,8650.99402085916,9003.95110529835,9191.50120862456
478.5,28.3882533597481,27.4653839084336,26.9650383341229,0.154189430595381,1.54828953622375,1.71258953856516,1.79743853958512,0.508163665965299,0,27.0118127199675,2.98184197061057,-0.0047282684690515,27,0,0,0,0,0.48668351873126,8651.00035494654,9003.93914027561,9191.48827951942
479,28.3882533597481,27.4653839084336,26.9650383341229,0.154652817918915,1.54829251527023,1.71258409602441,1.79743277280127,0.508163665965299,0,27.011804802973,2.98329005599661,-0.0047282684690515,27,0,0,0,0,0.488146154479263,8651.00663549746,9003.92722772566,9191.47540690536
479.5,28.3882533597481,27.4653839084336,26.9650383341229,0.154752660844023,1.54829547268356,1.7125786773451,1.79742703120676,0.508163665965299,0,27.0117969225783,2.98360206513757,-0.0047282684690515,27,0,0,0,5,0.488461298688073,8651.01287044466,9003.9153674181,9191.46259053613
480,28.3882533597481,27.4653839084336,26.9650383341229,0.154439766862958,1.54829841382671,1.7125732824226,1.7974213146919,0.508096112138958,0,27.0117890810379,2.98262427144674,-0.00471563241515156,27,0,0,0,5,0.487473680126239,8651.0190710945,9003.90355912372,9191.4498301666
480.5,28.3882533597481,27.4653839084336,26.9650383341229,0.153906137822816,1.54830134322411,1.7125679111528,1.79741562314747,0.508096112138958,0,27.0117812804767,2.9809566806963,-0.00471563241515156,27,0,0,0,5,0.485789333423938,8651.02524698551,9003.89180261446,9191.43712555277
481,28.3882533597481,27.4653839084336,26.9650383341229,0.153341455428295,1.54830426259359,1.7125625634321,1.79740995646471,0.508096112138958,0,27.0117735228958,2.97919204821342,-0.00471563241515156,27,0,0,0,5,0.48400696991387,8651.03140173927,9003.88009766336,9191.42447645164
481.5,28.3882533597481,27.4653839084336,26.9650383341229,0.152902833025419,1.5483071713047,1.71255723915736,1.79740431453537,0.508096112138958,0,27.0117658101766,2.97782135320443,-0.00471563241515156,27,0,0,0,5,0.482622502161432,8651.03753402659,9003.86844404449,9191.41188262135
482,28.3882533597481,27.4653839084336,26.9650383341229,0.152718191661803,1.54831006671954,1.71255193822589,1.79739869725164,0.508028351742723,0,27.0117581440865,2.97724434894313,-0.00470325763460266,27,0,0,0,5,0.482039700161315,8651.04363828608,9003.85684153291,9191.39934382107
482.5,28.3882533597481,27.4653839084336,26.9650383341229,0.152890316158837,1.54831294464279,1.71254666053541,1.79739310450614,0.508028351742723,0,27.0117505262832,2.97778223799636,-0.00470325763460266,27,0,0,0,0,0.482582993923752,8651.04970567287,9003.84528990452,9191.38685981085
483,28.3882533597481,27.4653839084336,26.9650383341229,0.153424121764661,1.54831580155034,1.71254140598378,1.79738753619194,0.508028351742723,0,27.011742958319,2.97945038051457,-0.00470325763460266,27,0,0,0,0,0.484267897937977,8651.05572875717,9003.83378893564,9191.3744303518
483.5,28.3882533597481,27.4653839084336,26.9650383341229,0.154069141473343,1.54831863338578,1.71253617446961,1.79738199220254,0.508028351742723,0,27.0117354416454,2.9814660671042,-0.00470325763460266,27,0,0,0,0,0.486303838146461,8651.06169898694,9003.8223384041,9191.362055206
484,28.3882533597481,27.4653839084336,26.9650383341229,0.154583716119569,1.54832144044995,1.71253096589172,1.79737647243193,0.507960348524989,0,27.0117279776173,2.98307411287365,-0.00469119104690066,27,0,0,0,0,0.487928041559807,8651.06761699637,9003.81093808832,9191.34973413659
484.5,28.3882533597481,27.4653839084336,26.9650383341229,0.1547695350996,1.54832422601992,1.71252578014946,1.79737097677455,0.507960348524989,0,27.0117205674964,2.98365479718625,-0.00469119104690066,27,0,0,0,5,0.488514560588376,8651.07348969422,9003.79958776778,9191.33746690773
485,28.3882533597481,27.4653839084336,26.9650383341229,0.154526690403998,1.54832699521264,1.71252061714272,1.79736550512527,0.507960348524989,0,27.0117132124561,2.98289590751249,-0.00469119104690066,27,0,0,0,5,0.487748045591178,8651.0793278683,9003.78828722319,9191.32525328459
485.5,28.3882533597481,27.4653839084336,26.9650383341229,0.154020925233324,1.54832975303922,1.71251547677182,1.79736005737951,0.507960348524989,0,27.0117059135843,2.98131539135414,-0.00469119104690066,27,0,0,0,5,0.486151648406465,8651.08514208323,9003.77703623621,9191.31309303346
486,28.3882533597481,27.4653839084336,26.9650383341229,0.153448894816923,1.54833250172886,1.71251035893761,1.79735463343309,0.507892075097004,0,27.0116986718872,2.97952779630289,-0.00467946875489957,27,0,0,0,5,0.484346091600137,8651.09093703873,9003.76583458964,9191.30098592163
486.5,28.3882533597481,27.4653839084336,26.9650383341229,0.152973936169975,1.54833524108478,1.7125052635414,1.79734923318233,0.507892075097004,0,27.0116914882933,2.97804355053117,-0.00467946875489957,27,0,0,0,5,0.482846932126909,8651.09671231991,9003.75468206732,9191.28893171745
487,28.3882533597481,27.4653839084336,26.9650383341229,0.152729568604912,1.54833796884106,1.71250019048492,1.79734385652397,0.507892075097004,0,27.0116843636559,2.97727990189035,-0.00467946875489957,27,0,0,0,5,0.482075610344546,8651.10246314955,9003.74357845397,9191.27693019024
487.5,28.3882533597481,27.4653839084336,26.9650383341229,0.15282237195952,1.54834068093907,1.71249513967032,1.79733850335518,0.507892075097004,0,27.0116772987569,2.9775699123735,-0.00467946875489957,27,0,0,0,5,0.48236853485303,8651.10818097092,9003.73252353524,9191.2649811103
488,28.3882533597481,27.4653839084336,26.9650383341229,0.153299909142639,1.54834337388996,1.71249011099987,1.79733317357353,0.507823511500362,0,27.0116702943094,2.97906221607075,-0.00466811772376872,27,0,0,0,0,0.483875833217825,8651.11385842858,9003.72151709709,9191.25308424873
488.5,28.3882533597481,27.4653839084336,26.9650383341229,0.153943496190795,1.5483460432343,1.71248510437649,1.79732786707703,0.507823511500362,0,27.0116633509613,2.98107342559624,-0.00466811772376872,27,0,0,0,0,0.485907251376626,8651.11948612076,9003.71055892684,9191.24123937773
489,28.3882533597481,27.4653839084336,26.9650383341229,0.154501340421222,1.54834868849058,1.71248011970341,1.79732258376416,0.507823511500362,0,27.0116564692975,2.98281668881632,-0.00466811772376872,27,0,0,0,0,0.487668030905544,8651.12506303219,9003.69964881253,9191.22944627049
489.5,28.3882533597481,27.4653839084336,26.9650383341229,0.15476685565372,1.54835131237458,1.71247515688427,1.79731732353377,0.507823511500362,0,27.011649649843,2.98364642391788,-0.00466811772376872,27,0,0,0,0,0.488506103185403,8651.13059488842,9003.68878654306,9191.21770470103
490,28.3882533597481,27.4653839084336,26.9650383341229,0.154603216686709,1.54835391978645,1.71247021582321,1.79731208628525,0.507754643978444,0,27.0116428930655,2.98313505214597,-0.00465715722619251,27,0,0,0,5,0.487989593149928,8651.13609202021,9003.67797190852,9191.20601444458
490.5,28.3882533597481,27.4653839084336,26.9650383341229,0.154133168391222,1.54835651599347,1.71246529642487,1.79730687191836,0.507754643978444,0,27.0116361993779,2.98166615122257,-0.00465715722619251,27,0,0,0,5,0.486505932710052,8651.14156553234,9003.66720469996,9191.19437527722
491,28.3882533597481,27.4653839084336,26.9650383341229,0.153560312227537,1.54835910379906,1.71246039859436,1.79730168033336,0.507754643978444,0,27.0116295691408,2.97987597571105,-0.00465715722619251,27,0,0,0,5,0.484697769514996,8651.14702133518,9003.65648470957,9191.18278697613
491.5,28.3882533597481,27.4653839084336,26.9650383341229,0.153054348905199,1.54836168345469,1.71245552223721,1.79729651143096,0.507754643978444,0,27.0116230026647,2.97829484032875,-0.00465715722619251,27,0,0,0,5,0.483100746884369,8651.15245995882,9003.64581173043,9191.17124931948
492,28.3882533597481,27.4653839084336,26.9650383341229,0.152754511107423,1.54836425307781,1.71245066725942,1.79729136511226,0.507685463927885,0,27.0116165002126,2.9773578472107,-0.00464660008503586,27,0,0,0,5,0.482154338859471,8651.15787743434,9003.63518555661,9191.15976208636
492.5,28.3882533597481,27.4653839084336,26.9650383341229,0.152772566163765,1.54836680894432,1.71244583356731,1.7972862412788,0.507685463927885,0,27.0116100620018,2.97741426926176,-0.00464660008503586,27,0,0,0,5,0.482211327839307,8651.16326591025,9003.62460598294,9191.14832505677
493,28.3882533597481,27.4653839084336,26.9650383341229,0.153182145414359,1.54836934720948,1.71244102106745,1.79728113983249,0.507685463927885,0,27.0116036882062,2.97869420441987,-0.00464660008503586,27,0,0,0,0,0.483504123785883,8651.1686172807,9003.61407280477,9191.13693801163
493.5,28.3882533597481,27.4653839084336,26.9650383341229,0.153814279576062,1.54837186356635,1.71243622966686,1.79727606067565,0.507685463927885,0,27.0115973789585,2.98066962367519,-0.00464660008503586,27,0,0,0,0,0.485499392053881,8651.1739224654,9003.60358581843,9191.12560073271
494,28.3882533597481,27.4653839084336,26.9650383341229,0.154407145169602,1.54837435658455,1.71243145927295,1.79727100371105,0.507615967001868,0,27.0115911343516,2.98252232865501,-0.00463645374062907,27,0,0,0,0,0.487370713013333,8651.17917844863,9003.59314482111,9191.11431300279
494.5,28.3882533597481,27.4653839084336,26.9650383341229,0.154745690119089,1.54837682839985,1.7124267097935,1.79726596884185,0.507615967001868,0,27.011584954441,2.98358028162215,-0.00463645374062907,27,0,0,0,0,0.488439296291894,8651.18438973313,9003.58274961083,9191.10307460556
495,28.3882533597481,27.4653839084336,26.9650383341229,0.154667601331464,1.5483792835905,1.71242198113675,1.79726095597167,0.507615967001868,0,27.0115788392465,2.98333625416082,-0.00463645374062907,27,0,0,0,5,0.488192816842632,8651.18956597103,9003.57239998661,9191.09188532569
495.5,28.3882533597481,27.4653839084336,26.9650383341229,0.154241408074623,1.54838172757857,1.71241727321143,1.79725596500454,0.507615967001868,0,27.0115727887536,2.9820044002332,-0.00463645374062907,27,0,0,0,5,0.486847580446739,8651.19471859357,9003.56209574851,9191.08074494881
496,28.3882533597481,27.4653839084336,26.9650383341229,0.153674502588277,1.54838416374532,1.71241258592672,1.79725099584493,0.507546152345981,0,27.0115668029155,2.98023282058837,-0.00462672116621832,27,0,0,0,5,0.485058199969637,8651.1998547294,9003.55183669762,9191.06965326154
496.5,28.3882533597481,27.4653839084336,26.9650383341229,0.153143094288844,1.54838659280576,1.71240791919221,1.79724604839775,0.507546152345981,0,27.0115608816548,2.97857216965264,-0.00462672116621832,27,0,0,0,5,0.483380862813308,8651.20497588588,9003.54162263594,9191.05861005142
497,28.3882533597481,27.4653839084336,26.9650383341229,0.152792249329254,1.54838901327275,1.71240327291796,1.79724112256831,0.507546152345981,0,27.0115550248645,2.97747577915392,-0.00462672116621832,27,0,0,0,5,0.482273455782857,8651.21007892772,9003.53145336643,9191.04761510694
497.5,28.3882533597481,27.4653839084336,26.9650383341229,0.152739017760037,1.54839142176556,1.71239864701432,1.79723621826232,0.507546152345981,0,27.0115492324099,2.97730943050012,-0.00462672116621832,27,0,0,0,5,0.48210543565778,8651.21515672731,9003.52132869277,9191.03666821749
498,28.3882533597481,27.4653839084336,26.9650383341229,0.153073066393427,1.54839381421942,1.71239404139195,1.79723133538588,0.507476021947923,0,27.0115435041301,2.97835333247946,-0.0046174016520439,27,0,0,0,0,0.483159826764214,8651.22020071489,9003.51124841923,9191.02576917327
498.5,28.3882533597481,27.4653839084336,26.9650383341229,0.15368334722755,1.54839618651325,1.71238945596178,1.79722647384543,0.507476021947923,0,27.011537839839,2.98026046008609,-0.0046174016520439,27,0,0,0,0,0.485086117189037,8651.22520220196,9003.50121235079,9191.01491776531
499,28.3882533597481,27.4653839084336,26.9650383341229,0.154302647866642,1.54839853629165,1.71238489063526,1.79722163354789,0.507476021947923,0,27.0115322393269,2.98219577458326,-0.0046174016520439,27,0,0,0,0,0.487040877726269,8651.23015622258,9003.49122029344,9191.00411378567
499.5,28.3882533597481,27.4653839084336,26.9650383341229,0.154707253269772,1.54840086509071,1.7123803453241,1.79721681440051,0.507476021947923,0,27.0115267023615,2.98346016646804,-0.0046174016520439,27,0,0,0,0,0.48831797422071,8651.23506601522,9003.48127205384,9190.99335702721
500,28.3882533597481,27.4653839084336,26.9650383341229,0.154718038800706,1.54840317709261,1.71237581994049,1.79721201631098,0.507405580086072,0.2,27.0115212286896,2.98349387125221,-0.00460849147583247,27,0,0,0,5,0.488352017670547,8651.23994039706,9003.47136743965,9190.98264728367
500.5,28.4163381619894,27.4653839084336,26.9650383341229,0.154344130648892,1.54550602970734,1.70965773090724,1.7971821495929,0.507405580086072,0.2,27.0115158180375,2.98232540827779,-0.00460849147583247,27,0.0164243403199933,0.015251284530376,0.000140478436322638,5,0.487171813980161,8645.13389736151,8997.52420663501,9190.91598249983
501,28.4444302308929,27.4932415240474,26.9650383341229,0.153790212231251,1.54262068835744,1.70694940085927,1.79710296421772,0.507405580086072,0.2,27.0115110156602,2.98059441322266,-0.00460849147583247,27,0.0327841450048318,0.0304497050426095,0.000557213441615369,5,0.485423425886722,8639.05670908087,8991.6020995917,9190.73923696825
501.5,28.4444302308929,27.4932415240474,26.9650383341229,0.153239151593326,1.53974710513749,1.7042507941671,1.79697569893267,0.507405580086072,0.2,27.0122675544921,2.97887234872914,-0.00460849147583247,27,0.0490796676323229,0.0455954447740148,0.00124327140748841,5,0.483684058089175,8633.00822224139,8985.70492510107,9190.45518160695
502,28.4725295892301,27.5211056685516,26.9927821645862,0.152841973460588,1.5368852300754,1.70156187533143,1.79680156541775,0.506734814374965,0.2,27.0130000074026,2.97763116706434,-0.00520000296105536,27,0.0653111607838987,0.0606886863267687,0.0021918718187011,5,0.482430405031001,8626.98827974257,8979.83256265374,9190.06653025874
502.5,28.4725295892301,27.5489763639313,26.9927821645862,0.152721110795247,1.53403501145764,1.69888260898265,1.79658174885446,0.506734814374965,0.2,27.0144695786923,2.97725347123515,-0.00520000296105536,27,0.0814788760485312,0.0757296116701118,0.00339638393526691,5,0.482048914114116,8620.99672139013,8973.98489243449,9189.57594066996
503,28.5006362597983,27.5489763639313,26.9927821645862,0.152974989574897,1.53119639662358,1.6962129598803,1.79631740848331,0.506734814374965,0.2,27.0166515185108,2.97804684242155,-0.00520000296105536,27,0.097583064026632,0.0907184021425434,0.00485032354625378,0,0.482850257094206,8615.03338557139,8968.16179531732,9188.9860154608
503.5,28.5006362597983,27.5768536321941,26.9927821645862,0.1535526272071,1.52836933342803,1.69355289291258,1.79600967815016,0.506734814374965,0.2,27.0187617203467,2.97985196002219,-0.00520000296105536,27,0.113623974333936,0.105655238454006,0.00654734979373132,0,0.48467351251649,8609.09811232642,8962.36315286061,9188.29930308664
504,28.5287502654203,27.5768536321941,26.9927821645862,0.154189430595381,1.52555377055658,1.6909023730963,1.79565966684146,0.503222215893913,0.2,27.0215633604788,2.98184197061057,-0.00862534419150478,27,0.129601855605372,0.120540300688067,0.0084812620653499,0,0.486683518731261,8603.19074400141,8956.5888473031,9187.51829878972
504.5,28.5568716289448,27.6047374953695,26.9927821645862,0.154652817917002,1.52274966105564,1.68826136557612,1.79526845920884,0.503222215893913,0.2,27.0242728615421,2.98329005599063,-0.00862534419150478,27,0.145516955498914,0.135373768304086,0.0106459969540691,0,0.488146154473224,8597.31113263787,8950.83876155861,9186.64544554147
505,28.5568716289448,27.6047374953695,26.9927821645862,0.154752660844034,1.51995696098724,1.68562983562425,1.79483711608302,0.503222215893913,0.2,27.0276548162182,2.98360206513761,-0.00862534419150478,27,0.161369520699424,0.150155820139381,0.0130356252835851,5,0.488461298688109,8591.45913712146,8945.11277921169,9185.68313497454
505.5,28.5850003732468,27.6326279755097,26.9927821645862,0.154439766863354,1.51717562820952,1.68300774864018,1.79436667497738,0.503222215893913,0.2,27.0309260925385,2.98262427144798,-0.00862534419150478,27,0.177159796922469,0.164886634411385,0.0156443491980387,5,0.487473680127489,8585.63462060501,8939.41078451325,9184.63370830497
506,28.5850003732468,27.6326279755097,26.9927821645862,0.153906137822817,1.51440561994047,1.6803950701501,1.79385815058119,0.497773233933799,0.2,27.0348515454271,2.9809566806963,-0.0139406181708324,27,0.192888028918138,0.179566388719793,0.0184664993146145,5,0.485789333423938,8579.83744539563,8933.73266237578,9183.49945724348
506.5,28.613136521227,27.6605250946888,26.9927821645862,0.147054871194455,1.51184921317513,1.67779541448294,1.79331367595766,0.497773233933799,0.2,27.0386484801758,2.95954647248267,-0.0139406181708324,27,0.208554460474829,0.194195260048701,0.0214965319376735,5,0.464163995438177,8574.49051126335,8928.08622091241,9182.28516875963
507,28.613136521227,27.6605250946888,26.9927821645862,0.146617707807729,1.50930745969466,1.67521240834374,1.79273542765455,0.497773233933799,0.2,27.0430825355413,2.95818033689915,-0.0139406181708324,27,0.22415933442303,0.208773424768746,0.0247290263330906,5,0.462784132924317,8569.17727589189,8922.47927666086,9180.99572645578
507.5,28.6412800958125,27.6884288750039,26.9927821645862,0.146438995604257,1.50677560730557,1.67264554091421,1.79212429403392,0.497773233933799,0.2,27.0473714116724,2.9576218612633,-0.0139406181708324,27,0.239702892639084,0.223301058639229,0.0281586820614948,5,0.462220045725275,8563.88775868663,8916.91065456814,9179.63314122658
508,28.6412800958125,27.6884288750039,27.020532131871,0.14662237775606,1.50425361331481,1.67009432831638,1.79148114310534,0.490594485935333,0.2,27.0522814914198,2.95819493048769,-0.0209125965679064,27,0.255185376048936,0.237778336810233,0.0317803163691432,0,0.462798873149228,8558.6218325949,8911.37924109619,9178.19937917297
508.5,28.669431119957,27.7163393385747,27.020532131871,0.147163210128653,1.50174143571991,1.66755831430967,1.79080682370707,0.490594485935333,0.2,27.0570308302136,2.95988503165204,-0.0209125965679064,27,0.270607024631869,0.252205433824733,0.035588861635179,0,0.464505956450079,8553.37937240745,8905.88398551398,9176.69636411967
509,28.669431119957,27.7442565075434,27.020532131871,0.147808308288079,1.49923903241447,1.66503706861695,1.79010216591408,0.490594485935333,0.2,27.0623865179904,2.96190096340025,-0.0209125965679064,27,0.285968077424222,0.266582523620707,0.0395793628740613,0,0.466542144280494,8548.16025309456,8900.42389605654,9175.12597841642
509.5,28.6975896166404,27.7442565075434,27.020532131871,0.148318634053254,1.49674636571434,1.66253018535174,1.7893679814375,0.490594485935333,0.2,27.0683282297191,2.96349573141642,-0.0209125965679064,27,0.301268772523099,0.280909779533227,0.043746975291971,0,0.468152936525691,8542.96435923586,8894.99803631971,9173.49006372711
510,28.6975896166404,27.7721804040752,27.020532131871,0.148498111597051,1.49426340101814,1.66003728154151,1.78860506401589,0.481573324952024,0.2,27.0740748606736,2.96405659874078,-0.0296299442694249,27,0.316509347090052,0.295187374296552,0.0480869618960281,5,0.468719439444932,8537.79158220165,8889.60552187892,9171.79042180836
510.5,28.725755608869,27.7721804040752,27.020532131871,0.141970237835536,1.49199288298229,1.65756166473998,1.78781533772894,0.481573324952024,0.2,27.0803950253683,2.94365699323605,-0.0296299442694249,27,0.331690037354766,0.309415480046208,0.0525946911551801,5,0.448114858704085,8533.06392225721,8884.25344693317,9170.03137196126
511,28.725755608869,27.8001110503583,27.0482882575822,0.141453724810807,1.48973475821562,1.65510662644037,1.78700075972514,0.481573324952024,0.2,27.0865078550999,2.94204289003377,-0.0296299442694249,27,0.346811078618716,0.323594268321064,0.0572656347116459,5,0.446484536992833,8528.36445856814,8878.94885527625,9168.21730513203
511.5,28.7539291196762,27.8001110503583,27.0482882575822,0.140876038957148,1.48748496050691,1.65267136781669,1.78616201116573,0.481573324952024,0.2,27.0931825599371,2.94023762174109,-0.0296299442694249,27,0.36187270525881,0.337723910065403,0.0620953651418217,5,0.444661129364343,8523.68469415346,8873.68994487146,9166.34976915658
512,28.7539291196762,27.828048468604,27.0482882575822,0.140402538613695,1.48524346015949,1.65025513520745,1.78529975749219,0.470921443324869,0.2,27.0996384782039,2.9387579331678,-0.0398553912815629,27,0.37687515073103,0.35180457563098,0.0670795537655815,5,0.443166572880267,8519.02453924444,8868.47501569895,9164.43027660383
512.5,28.7821101721219,27.828048468604,27.0482882575822,0.140168327794322,1.48301022548229,1.64785721920364,1.78441464935086,0.470921443324869,0.2,27.1066453887359,2.93802602435726,-0.0398553912815629,27,0.391818647574048,0.365836434779075,0.0722139685029277,5,0.442427309849997,8514.38390019128,8863.30246743474,9162.46030678516
513,28.7821101721219,27.8559926810467,27.0482882575822,0.140281178306087,1.48078522307026,1.64547695196235,1.78350732290971,0.470921443324869,0.2,27.1134228098072,2.93837868220652,-0.0398553912815629,27,0.406703427412827,0.379819656682544,0.0774944717769672,5,0.442783511205332,8509.762680054,8858.17079332185,9160.44130641372
513.5,28.8102987892929,27.8559926810467,27.0482882575822,0.140776734436953,1.47856842035967,1.64311370468374,1.78257840016821,0.470921443324869,0.2,27.1207410640856,2.93992729511548,-0.0398553912815629,27,0.421529720962214,0.393754409927853,0.0829170184622136,0,0.444347684576798,8505.16078391258,8853.07857442148,9158.37469025235
514,28.8102987892929,27.8559926810467,27.0760505633444,0.141422570634559,1.47635978378328,1.64076688524231,1.78162848926111,0.459077081549822,0.2,27.127819824505,2.941945533233,-0.0511279298019971,27,0.436297758030515,0.407640862517116,0.0884776538772374,0,0.446386201950923,8500.57811503386,8848.02447422227,9156.26184175186
514.5,28.8384949943032,27.8839437099441,27.0760505633444,0.135708688537503,1.47436169645533,1.63843959525986,1.7806593303194,0.459077081549822,0.2,27.1346677098004,2.9240896516797,-0.0511279298019971,27,0.451007767523059,0.421479181870116,0.0941725118207037,0,0.428350904499774,8496.4342668659,8843.01510792771,9154.10666085463
515,28.8384949943032,27.8839437099441,27.0760505633444,0.135955780755975,1.47237465819352,1.63613494561352,1.77967270446706,0.459077081549822,0.2,27.1420552698053,2.92486181486242,-0.0511279298019971,27,0.465659977445741,0.435269534826325,0.0999978126498623,0,0.42913082637816,8492.31517397703,8838.05709706274,9151.91313573806
515.5,28.8384949943032,27.9119015775771,27.0760505633444,0.135771968522413,1.47039443912792,1.63385196543978,1.77866911908502,0.459077081549822,0.2,27.1492020072473,2.92428740163254,-0.0511279298019971,27,0.480254614908565,0.44901208764692,0.105949861400573,5,0.428550641444144,8488.21204193106,8833.14827567372,9149.68242056164
516,28.8666988102939,27.9119015775771,27.0760505633444,0.135284802644648,1.46842102367229,1.63158973957862,1.77764906957257,0.446719596849164,0.2,27.1568784437852,2.92276500826453,-0.0627513775140955,27,0.494791906129155,0.462707006016777,0.11202504594797,5,0.427012951067568,8484.12481842838,8828.28660267083,9147.41564224724
516.5,28.8666988102939,27.9398663062505,27.1038190708028,0.134701846000958,1.46645439377105,1.62934740714329,1.77661304023356,0.446719596849164,0.2,27.1643042463673,2.92094326875299,-0.0627513775140955,27,0.509272076436266,0.476354455046479,0.11821983520688,5,0.425172906717424,8480.05344620614,8823.47015833841,9145.11390243628
517,28.8949102604333,27.9398663062505,27.1038190708028,0.134195957558012,1.46449452881552,1.62712415822322,1.775561504515,0.446719596849164,0.2,27.1722509987216,2.91936236736879,-0.0627513775140955,27,0.523695350273279,0.489954599274304,0.124530777371153,5,0.423576120436109,8475.99786287524,8818.69713686129,9142.77827800844
517.5,28.8949102604333,27.9678379182923,27.1038190708028,0.133908860120964,1.4625414060763,1.62491923078766,1.7744949252406,0.446719596849164,0.2,27.1799384727749,2.91846518787801,-0.0627513775140955,27,0.538061951201673,0.503507602668202,0.130954498191042,5,0.422669926085812,8471.95800182507,8813.96583931563,9140.40982159101
518,28.8949102604333,27.9678379182923,27.1038190708028,0.133954211702314,1.4605950010019,1.62273190777785,1.77341375483933,0.433311698733633,0.2,27.188138728551,2.91860691156973,-0.0752554914204183,27,0.552372101904495,0.517013628627783,0.137487699287828,5,0.422813073817185,8467.93379284945,8809.274667095,9138.00956205885
518.5,28.9231293679169,27.9958164360544,27.1315938016232,0.128132545055206,1.45885735806158,1.62056516417155,1.77231957870915,0.433311698733633,0.2,27.1960710743981,2.90041420329752,-0.0752554914204183,27,0.566626024189811,0.530472839986276,0.14412715650488,0,0.404437565212251,8464.34268244944,8804.62993767521,9135.58104189821
519,28.9231293679169,27.9958164360544,27.1315938016232,0.128773198540583,1.45712950274809,1.61842200467046,1.77121403055179,0.433311698733633,0.2,27.2045080634911,2.90241624543932,-0.0752554914204183,27,0.580823938994144,0.5438853990125,0.15086971829436,0,0.406459723873496,8460.77318425366,8800.03802026313,9133.12790745865
519.5,28.9231293679169,27.9958164360544,27.1315938016232,0.129353892086079,1.4554070324367,1.61630135611758,1.77009747204722,0.433311698733633,0.2,27.2126696338789,2.904230912769,-0.0752554914204183,27,0.594966066385899,0.557251467412818,0.157712304138805,0,0.408292624980499,8457.21618408033,8795.49654150425,9130.65098014095
520,28.951356155968,28.0238018819126,27.1315938016232,0.129669012081992,1.45368993676384,1.61420220734117,1.76897025604018,0.419253076168161,0.2,27.2205650659973,2.90521566275622,-0.0882260263989224,27,0.609052625568771,0.570571206333084,0.164651903006834,0,0.409287269735599,8453.67164689074,8791.0032660071,9128.15106109939
520.5,28.951356155968,28.0238018819126,27.1315938016232,0.123287408953372,1.45218053676717,1.61212726770564,1.76783387407855,0.419253076168161,0.2,27.228967034391,2.88527315297929,-0.0882260263989224,27,0.623083834885145,0.58384477636059,0.171685571842246,5,0.389144377620424,8450.55697237038,8786.56392154015,9125.63147523449
521,28.951356155968,28.0517942782663,27.1593747774918,0.122831393927691,1.45067928523464,1.61007926893601,1.76668986060236,0.419253076168161,0.2,27.2370952165283,2.88384810602403,-0.0882260263989224,27,0.637059911819483,0.597072337526001,0.178810434085774,5,0.387705011793364,8447.46015509222,8782.18427362131,9123.09563915594
521.5,28.9795906478374,28.0517942782663,27.1593747774918,0.12224540606336,1.44918212704401,1.60805689478543,1.76553848408212,0.419253076168161,0.2,27.2457221827812,2.882016893948,-0.0882260263989224,27,0.650981073001689,0.61025404930528,0.186023678228814,5,0.385855399698391,8444.37281680078,8777.861427381,9120.54416091219
522,28.9795906478374,28.0797936475394,27.1593747774918,0.121711109672287,1.44768905769578,1.60605890619071,1.76438000629359,0.404570614753311,0.2,27.2540676959687,2.8803472177259,-0.101627078387483,27,0.664847534210473,0.623390070621618,0.193322556398408,5,0.384168946569608,8441.29493922643,8773.59265909994,9117.97763316202
522.5,28.9795906478374,28.0797936475394,27.1593747774918,0.121377892457768,1.44620007038292,1.6040841384201,1.76321468305539,0.404570614753311,0.2,27.2629053190443,2.87930591393053,-0.101627078387483,27,0.67865951037669,0.636480559847345,0.20070438297283,5,0.3831171797537,8438.22649938944,8769.37540957721,9115.39663481864
523,29.0078328668035,28.0797936475394,27.1871620201157,0.121366111462658,1.44471515631042,1.60213149655336,1.76204276435761,0.404570614753311,0.2,27.2714542974032,2.87926909832081,-0.101627078387483,27,0.692417215586677,0.649525674805837,0.208166533227111,5,0.383079994220735,8435.1674702659,8765.20727397699,9112.80173134348
523.5,29.0078328668035,28.1078000121794,27.1871620201157,0.121755320550179,1.44323430625439,1.60019995123704,1.76086449448785,0.404570614753311,0.2,27.2797249069389,2.88048537671931,-0.101627078387483,27,0.706120863085566,0.662525572773428,0.215706442007835,0,0.384308493784585,8432.11782400445,8761.0859923084,9110.19347503427
524,29.0078328668035,28.1078000121794,27.1871620201157,0.12238232170917,1.44175751055597,1.59828853469877,1.75968011215445,0.389318197421119,0.2,27.2884907891799,2.88244475534116,-0.115396315671946,27,0.719770665280592,0.675480410481301,0.223321602436608,0,0.386287560242823,8429.07753191503,8757.00944049889,9107.57240530743
524.5,29.0078328668035,28.1358133946584,27.1871620201157,0.116727091472666,1.44048678731989,1.59639998806852,1.75849099480553,0.389318197421119,0.2,27.296970883798,2.86477216085208,-0.115396315671946,27,0.733366833744387,0.68839034411737,0.231009564641546,0,0.368437391524324,8426.46228567181,8752.98340375165,9104.94158007129
525,29.0360828361725,28.1358133946584,27.2149555512227,0.11709841882036,1.4392230789604,1.59453708570207,1.75729856924347,0.389318197421119,0.2,27.305938738698,2.86593255881362,-0.115396315671946,27,0.746909579218251,0.701255529328177,0.238767934516206,0,0.369609449164584,8423.86221259814,8749.01372880373,9102.30416305886
525.5,29.0360828361725,28.1358133946584,27.2149555512227,0.117069013868644,1.43796216280128,1.59269854843992,1.75610299723802,0.389318197421119,0.2,27.3146139163723,2.86584066833951,-0.115396315671946,27,0.760399111615435,0.71407612122076,0.246594372505344,5,0.369516635374989,8421.26861569709,8745.09762111773,9099.66051768497
526,29.0360828361725,28.1638338174729,27.2149555512227,0.116657817338878,1.43670404644892,1.59088317209513,1.75490443618208,0.37381931799365,0.2,27.3230068159876,2.86455567918399,-0.129202726395049,27,0.773835640024377,0.726852274364526,0.254486592416941,5,0.368218734648434,8418.68150544789,8741.232451281,9097.01099730536
526.5,29.0360828361725,28.1638338174729,27.2149555512227,0.10979242404048,1.43565020181384,1.58909345648092,1.75370417805474,0.37381931799365,0.2,27.3318910506765,2.8431013251265,-0.129202726395049,27,0.787219372711952,0.739584142793111,0.262442360259907,5,0.34654880724137,8416.51500574345,8737.42347645464,9094.35846195305
527,29.0643405792788,28.1638338174729,27.2427553925614,0.109233259681017,1.43460265059431,1.58733198543642,1.75250357741589,0.37381931799365,0.2,27.3404853132578,2.84135393650318,-0.129202726395049,27,0.800550517126704,0.752271880006238,0.270459493106934,5,0.344783860857163,8414.36194913207,8733.67612484606,9091.70590673672
527.5,29.0643405792788,28.1918613031435,27.2427553925614,0.10885583136147,1.4335566628794,1.58559728501978,1.75130272016796,0.37381931799365,0.2,27.3487999206512,2.84017447300459,-0.129202726395049,27,0.813829279902047,0.764915638971573,0.278535857981928,5,0.343592546109344,8412.21260826675,8729.98718964461,9089.05352168999
528,29.0643405792788,28.1918613031435,27.2427553925614,0.108787422753703,1.43251224464199,1.58388796787957,1.75010168940455,0.358073687418482,0.2,27.3576091300621,2.83996069610532,-0.143043652024832,27,0.827055866859486,0.777515572126566,0.286669370771517,5,0.343376621179787,8410.06699299073,8726.35365417005,9086.40149043407
528.5,29.0643405792788,28.1918613031435,27.2427553925614,0.10285770013796,1.4316711561232,1.58220637262022,1.7489017079747,0.358073687418482,0.2,27.3661313234587,2.82143031293113,-0.143043652024832,27,0.840230483011788,0.790071831380282,0.294857995160086,0,0.324660044715457,8408.33945445592,8722.78042315372,9083.75251206515
529,29.0643405792788,28.2198958742158,27.2705615659016,0.103470210959768,1.43083480046025,1.58055490826142,1.74770405540153,0.358073687418482,0.2,27.3743761614126,2.82334440924928,-0.143043652024832,27,0.853353332566178,0.802584568115245,0.303099741587854,0,0.326593373873413,8406.62195833603,8719.27254441096,9081.10940774118
529.5,29.0926061194847,28.2198958742158,27.2705615659016,0.10409378832109,1.42999878978419,1.57893194960919,1.74650874808949,0.358073687418482,0.2,27.3831174771718,2.82529308850341,-0.143043652024832,27,0.866424618927496,0.815053933189254,0.311392666231486,0,0.328561633456689,8404.90549091939,8715.82649508764,9078.47220907465
530,29.0926061194847,28.2198958742158,27.2705615659016,0.104515716149604,1.42916314186391,1.57733596767642,1.74531580127516,0.342368105855655,0.2,27.3915739534669,2.82661161296751,-0.156629581386778,27,0.879444544701345,0.827480076937204,0.319734870006747,0,0.329893406454611,8403.19008819237,8712.43896287577,9075.8409450746
530.5,29.0926061194847,28.2479375532598,27.2705615659016,0.104562611839524,1.42832787685292,1.57576552592316,1.74412522972692,0.342368105855655,0.2,27.3997557179193,2.82675816199851,-0.156629581386778,27,0.892413311697238,0.839863149172902,0.328124497592741,5,0.330041428010274,8401.4757910083,8709.10683744708,9073.21564369281
531,29.0926061194847,28.2479375532598,27.2983740930341,0.10419853783705,1.42749301602162,1.5742192746317,1.74293704775465,0.342368105855655,0.2,27.4084367008984,2.82562043074078,-0.156629581386778,27,0.905331120931727,0.852203299190866,0.336559736477241,5,0.328892264828866,8399.7626424818,8705.82719797864,9070.59633184707
531.5,29.0926061194847,28.2479375532598,27.2983740930341,0.103627485987178,1.42665857962053,1.57269594562452,1.74175126921935,0.342368105855655,0.2,27.4168347422572,2.82383589370993,-0.156629581386778,27,0.918198172631513,0.864500675768132,0.345038816022681,5,0.327089796769927,8398.05068360326,8702.59730145745,9067.98303544369
532,29.0926061194847,28.2759863628702,27.2983740930341,0.103048534282963,1.42582458474216,1.57119434730425,1.74056790754246,0.326680722786193,0.2,27.4249593661817,2.82202666963426,-0.169983746472681,27,0.931014666236555,0.876755427166044,0.353560006552348,5,0.325262393610744,8396.33994885546,8699.41457171499,9065.37577939976
532.5,29.1208794801807,28.2759863628702,27.2983740930341,0.096342551237359,1.42519255280094,1.56971699366891,1.73938811497315,0.326680722786193,0.2,27.4335846624973,2.80107047261675,-0.169983746472681,27,0.943780800403157,0.888967701132041,0.36212161845634,5,0.3040956287256,8395.04370314252,8696.28428704578,9062.77709672146
533,29.1208794801807,28.2759863628702,27.3261929957707,0.0962182967737071,1.42456432500161,1.56826647121793,1.73821310595702,0.326680722786193,0.2,27.4419287852144,2.80068217741783,-0.169983746472681,27,0.95649677300705,0.901137644901445,0.370722001316872,5,0.303703431936529,8393.75544042676,8693.2118729959,9060.18965460982
533.5,29.1208794801807,28.304042325667,27.3261929957707,0.0964934646059007,1.42393534010433,1.56684131795098,1.73704283187705,0.326680722786193,0.2,27.4500017397263,2.80154207689344,-0.169983746472681,27,0.969162781146459,0.913265405199226,0.379359543052495,0,0.304571971682065,8392.46580593913,8690.19417780826,9057.61333718541
534,29.1208794801807,28.304042325667,27.3261929957707,0.0970789368553669,1.42330561606188,1.56544015815562,1.73587724436344,0.310687924547551,0.2,27.4585777277285,2.80337167767302,-0.183431091091408,27,0.981779021145154,0.925351128241773,0.388032669080836,0,0.30641995629028,8391.1748370962,8687.22823736293,9055.04802927007
534.5,29.1208794801807,28.304042325667,27.3261929957707,0.0914550338577166,1.42287698564208,1.56406534392406,1.73471743877881,0.310687924547551,0.2,27.4668740719733,2.78579698080536,-0.183431091091408,27,0.994345688555501,0.937394959738669,0.396739841499452,0,0.288668668868497,8390.29622486826,8684.31897935913,9052.49613203535
535,29.1208794801807,28.304042325667,27.3261929957707,0.0919219778153268,1.42245066442527,1.56271928628153,1.73356456651288,0.310687924547551,0.2,27.4749001868736,2.7872561806729,-0.183431091091408,27,1.00686297816149,0.949397044894428,0.405479558284404,0,0.290142530776298,8389.42242934248,8681.47145093779,9049.96016734959
535.5,29.1208794801807,28.3321054642948,27.3540182959448,0.0920428591557484,1.42202244030789,1.5614003711391,1.73241852117639,0.310687924547551,0.2,27.4826651651993,2.78763393486171,-0.183431091091408,27,1.01933108398174,0.961357528410263,0.414250352506175,5,0.290524080639204,8388.54481718571,8678.68218307252,9047.43988883176
536,29.1208794801807,28.3321054642948,27.3540182959448,0.0917345891394598,1.42159234721603,1.56010708034397,1.73127919801216,0.294981273340284,0.2,27.4909430709289,2.78667059106081,-0.196377228371563,27,1.03175019927253,0.97327655448582,0.423050791562549,5,0.289551057159791,8387.66345902154,8675.9479147625,9044.93505401763
536.5,29.1208794801807,28.3321054642948,27.3540182959448,0.084893415917725,1.42136170930136,1.5588416132954,1.73014763131914,0.294981273340284,0.2,27.4989507023358,2.76529192474289,-0.196377228371563,27,1.04412051653078,0.98515426682092,0.431879476428091,5,0.267957578002707,8387.19086449316,8673.27324601476,9042.44792402847
537,29.1208794801807,28.3601758014235,27.3540182959448,0.08429667546164,1.42113278598386,1.5576062736874,1.72902492411917,0.294981273340284,0.2,27.5066971629911,2.76342711081762,-0.196377228371563,27,1.05644222749705,0.996990808617296,0.440735040919868,5,0.26607402642712,8386.72180732618,8670.66299295077,9039.98090869525
537.5,29.1208794801807,28.3601758014235,27.3818500154112,0.0838378641066116,1.42090085801466,1.55639933041453,1.72791091751878,0.294981273340284,0.2,27.5149567234985,2.76199332533316,-0.196377228371563,27,1.06871552315847,1.00878632258031,0.449616150979065,5,0.264625834266109,8386.24661811984,8668.1134455799,9037.53364362141
538,29.1491606847854,28.3601758014235,27.3818500154112,0.0836588323686948,1.42066595770459,1.55521915517376,1.72680545531964,0.279209837440078,0.2,27.5229459889164,2.76143385115217,-0.209178395566549,27,1.08094059375176,1.02054095092068,0.458521503968132,5,0.264060738488548,8385.76536402216,8665.62111622614,9035.1057708159
538.5,29.1491606847854,28.3601758014235,27.3818500154112,0.0838727862080471,1.42042811565418,1.55406421857658,1.72570838472193,0.279209837440078,0.2,27.5306746218269,2.76210245690015,-0.209178395566549,27,1.09311762876614,1.03225483535619,0.467449827983155,0,0.26473606238708,8385.27810867574,8663.182730803,9032.69694022257
539,29.1491606847854,28.3601758014235,27.3818500154112,0.0844287743660587,1.42018736207223,1.55293308412935,1.72461955624932,0.279209837440078,0.2,27.5381519378995,2.76383991989393,-0.209178395566549,27,1.10524681694626,1.04392811711342,0.47639988118111,0,0.266490983409028,8384.78491491914,8660.79521563461,9030.30680953874
539.5,29.1491606847854,28.3882533597481,27.4096881760459,0.0850734981161884,1.41994372803323,1.5518244025813,1.72353882367572,0.279209837440078,0.2,27.5453863864371,2.76585468161309,-0.209178395566549,27,1.11732834629517,1.05556093692939,0.485370451121663,0,0.268525989453937,8384.28584736242,8658.45568510062,9027.93504403849
540,29.1491606847854,28.3882533597481,27.4096881760459,0.0855848365781206,1.41969724807774,1.55073690661642,1.72246604395338,0.263948274768097,0.2,27.5531518032773,2.76745261430663,-0.221260721310937,27,1.1293624040772,1.06715343505335,0.494360354123231,0,0.27013997817518,8383.78097771259,8656.16143005028,9025.58131639941
540.5,29.1491606847854,28.3882533597481,27.4096881760459,0.0795076668520468,1.41964989147853,1.54967305331244,1.72140222098043,0.263948274768097,0.2,27.5606639798748,2.74846145891265,-0.221260721310937,27,1.14134917682083,1.07870575124837,0.503368434632975,0,0.250957999651801,8383.68397945213,8653.91759903121,9023.24781523947
541,29.1491606847854,28.3882533597481,27.4096881760459,0.0792644866713566,1.41960262324414,1.54863534166149,1.72034841326548,0.263948274768097,0.2,27.5679314408443,2.74770152084799,-0.221260721310937,27,1.15328885032167,1.0902180247931,0.512393564610426,5,0.25019042572947,8383.58716320578,8651.7294247499,9020.93684688407
541.5,29.1491606847854,28.4163381619894,27.4096881760459,0.0787301076214233,1.41955140008236,1.54762224870148,1.71930442607594,0.263948274768097,0.2,27.5749624196158,2.74603158631695,-0.221260721310937,27,1.16518160964527,1.10169039448341,0.521434642924461,5,0.24850371169626,8383.48224750728,8649.59365793816,9018.64796823084
542,29.1491606847854,28.4163381619894,27.4375327997469,0.0781234500260658,1.41949626469505,1.54663234223979,1.71827006835812,0.248817177371961,0.2,27.5825307410033,2.74413578133146,-0.233012296401337,27,1.17702763913,1.11312299863409,0.530490594763325,5,0.246588857662274,8383.36932009465,8647.50724449062,9016.380744811
542.5,29.1491606847854,28.4163381619894,27.4375327997469,0.0713415168479662,1.41963868319037,1.5456679057932,1.71724629116333,0.248817177371961,0.2,27.5898517905959,2.72294224014989,-0.233012296401337,27,1.18882712238992,1.1245159750805,0.539560371057434,5,0.225182363778921,8383.66102220058,8645.474962796,9014.13724521569
543,29.1491606847854,28.4163381619894,27.4375327997469,0.071109073415595,1.41978063795386,1.54473131143886,1.71623411268073,0.248817177371961,0.2,27.596933898548,2.72221585442373,-0.233012296401337,27,1.20058024231762,1.13586946118021,0.548642947914665,5,0.224448679328984,8383.95178370146,8643.50177450098,9011.91968331408
543.5,29.1491606847854,28.4163381619894,27.4375327997469,0.0712601400779236,1.41991757332035,1.54382090053411,1.71523329351674,0.248817177371961,0.2,27.6037851104014,2.72268793774351,-0.233012296401337,27,1.21228718108707,1.14718359381472,0.557737326067878,0,0.224925506141958,8384.2322728441,8641.58414893634,9009.72751684155
544,29.1491606847854,28.4444302308929,27.4375327997469,0.0717809332626095,1.42004953100886,1.5429351132119,1.71424359885258,0.234088153814412,0.2,27.6104131968698,2.72431541644565,-0.2441652787479,27,1.22394812015641,1.15845850939104,0.566842530334399,0,0.226569337750101,8384.50257414595,8639.71876734275,9007.56021424473
544.5,29.1491606847854,28.4444302308929,27.4653839084336,0.0661653008641994,1.42037831930112,1.54207612442299,1.71326594051475,0.234088153814412,0.2,27.6175917340062,2.70676656520062,-0.2441652787479,27,1.23556324027079,1.16969434384338,0.575957609087202,0,0.208844155647759,8385.17609659854,8637.91017735885,9005.41975479297
545,29.1491606847854,28.4444302308929,27.4653839084336,0.066705639369474,1.42070525939058,1.5412461809055,1.7123012909299,0.234088153814412,0.2,27.6245354707286,2.70845512302961,-0.2441652787479,27,1.24713272146516,1.18089123263477,0.585081633737551,0,0.210549680105808,8385.84588194564,8636.16307516387,9003.30824880958
545.5,29.1208794801807,28.4444302308929,27.4653839084336,0.0669581907804999,1.42102614233968,1.54044351859192,1.71134936981147,0.234088153814412,0.2,27.6312523204799,2.70924434618906,-0.2441652787479,27,1.25865674306708,1.19204931075871,0.594213698228834,0,0.21134683337957,8386.50330579618,8634.47371378236,9001.22506384365
546,29.1208794801807,28.4444302308929,27.4653839084336,0.0667866372024699,1.42134102470166,1.53966647898291,1.71040990246425,0.219388672455466,0.2,27.6377493769376,2.70870824125772,-0.255099750775025,27,1.27013548369947,1.20316871274076,0.603352918541365,5,0.210805341665876,8387.14848137122,8632.83857218838,8999.1695804755
546.5,29.1208794801807,28.4444302308929,27.4653839084336,0.0662812950936456,1.42164996321991,1.53891350471234,1.7094826203019,0.219388672455466,0.2,27.6440335080869,2.70712904716764,-0.255099750775025,27,1.28156912128339,1.21424957264021,0.61249843220791,5,0.209210279833583,8387.78152236297,8631.25434556187,8997.14119341677
547,29.1208794801807,28.4444302308929,27.4932415240474,0.0656682733129078,1.42195301209954,1.53818313339286,1.70856726071206,0.219388672455466,0.2,27.6501118953633,2.70521335410284,-0.255099750775025,27,1.29295783304081,1.22529202405168,0.621649397839706,5,0.207275337884862,8388.40253734224,8629.71793196939,8995.13931118354
547.5,29.1208794801807,28.4725295892301,27.4932415240474,0.0651384686799693,1.42225022224731,1.53747399183662,1.70766356692437,0.219388672455466,0.2,27.6559914747756,2.7035577146249,-0.255099750775025,27,1.30430179549734,1.23629620010668,0.630804994662739,5,0.205603062541455,8389.01162819742,8628.22641987511,8993.16335577717
548,29.1208794801807,28.4725295892301,27.4932415240474,0.0648485356207343,1.42254164184398,1.53678479062827,1.70677128788137,0.205559020482042,0.2,27.662445214845,2.70265167381479,-0.264978085938003,27,1.31560118448499,1.24726223347532,0.639964422064079,5,0.204687917833286,8389.60889130391,8626.77707642899,8991.21276237268
548.5,29.1208794801807,28.4725295892301,27.4932415240474,0.0586563885914394,1.42302893493416,1.53611795139341,1.70589131717579,0.205559020482042,0.2,27.6686868799476,2.68330121434825,-0.264978085938003,27,1.32685617514485,1.25819025636781,0.649126899148029,0,0.185143024950019,8390.60768290486,8625.37497335263,8989.28946833822
549,29.1208794801807,28.4725295892301,27.4932415240474,0.0591363611050512,1.4235137529445,1.5354759653254,1.70502461339997,0.205559020482042,0.2,27.6747236313333,2.68480112845329,-0.264978085938003,27,1.33806694192985,1.26908040053609,0.658291664301896,0,0.186658010191984,8391.60150907594,8624.0253262161,8987.39555171015
549.5,29.1208794801807,28.4725295892301,27.4932415240474,0.0597772913277501,1.42399170503062,1.53485729318498,1.704170881266,0.205559020482042,0.2,27.6805623854018,2.68680403539922,-0.264978085938003,27,1.34923365860745,1.27993279727544,0.667457974771169,0,0.18868104234691,8392.5813659682,8622.72487700291,8985.53034995535
550,29.1208794801807,28.4725295892301,27.5211056685516,0.0603503192232191,1.4244628466818,1.53426048760413,1.70332983139741,0.191929618172708,0.2,27.6862098221212,2.68859474757256,-0.2744839288485,27,1.36035649826234,1.29074757742604,0.676625106243896,0,0.190489747596169,8393.54736287632,8621.47056339605,8983.69321422698
550.5,29.1208794801807,28.4725295892301,27.5211056685516,0.0543954903716528,1.42512920841065,1.5336878334097,1.70250232351804,0.191929618172708,0.2,27.6916723931559,2.66998590741141,-0.2744839288485,27,1.37143563329908,1.30152487137455,0.685792352444075,0,0.171693925809085,8394.91379906087,8620.26716789162,8981.88600572385
551,29.0926061194847,28.5006362597983,27.5211056685516,0.0542993351761855,1.42579177241837,1.53314166992285,1.70168927569509,0.191929618172708,0.2,27.6969563297139,2.66968542242558,-0.2744839288485,27,1.38247123544485,1.31226480905568,0.694959024733841,5,0.171390421550112,8396.27264897261,8619.11958578596,8980.11071187069
551.5,29.0926061194847,28.5006362597983,27.5211056685516,0.0538308360652478,1.42644649588796,1.53262032734305,1.700890356845,0.191929618172708,0.2,27.7028335698215,2.6682213627039,-0.2744839288485,27,1.39346347575203,1.32296751995375,0.704124451724288,5,0.169911650956348,8397.61561597957,8618.02428856367,8978.36659213367
552,29.0926061194847,28.5006362597983,27.5211056685516,0.0532170187992791,1.42709344388528,1.53212223604476,1.70010524269659,0.178716341139136,0.2,27.708516500357,2.66630318374775,-0.283406600142814,27,1.40441252460092,1.3336331331043,0.713287978894718,5,0.167974198138045,8398.94282657256,8616.97796070758,8976.65292169358
552.5,29.0926061194847,28.5006362597983,27.5211056685516,0.0526581469599114,1.42773267795008,1.5316459223599,1.69933361624539,0.178716341139136,0.2,27.7140116994978,2.66455670924972,-0.283406600142814,27,1.41531855170232,1.34426177709556,0.722448968220133,5,0.166210175064264,8400.25440016445,8615.97749053617,8974.96899240015
553,29.0926061194847,28.5006362597983,27.5489763639313,0.0523190340226448,1.42836425674085,1.53119000273922,1.69857516759306,0.178716341139136,0.2,27.7193255203082,2.66349698132076,-0.283406600142814,27,1.42618172610022,1.35485358007007,0.731606797806822,5,0.165139798989076,8401.55045040633,8615.01995766951,8973.31411238477
553.5,29.0926061194847,28.5006362597983,27.5489763639313,0.0523326814417231,1.42898823639546,1.53075317826941,1.69782959379011,0.178716341139136,0.2,27.7244640984801,2.66353962950538,-0.283406600142814,27,1.43700221617437,1.36540866972621,0.740760861535819,5,0.165182875702655,8402.83108592156,8614.10262127455,8971.68760568241
554,29.0926061194847,28.5006362597983,27.5489763639313,0.0527576063979961,1.42960467235771,1.53033422952416,1.69709659868238,0.165900092363472,0.2,27.7294333598069,2.66486751999374,-0.291773343922772,27,1.44778018964292,1.37592717331972,0.749910568714115,0,0.166524108834635,8404.09641404977,8613.2229090396,8970.08881186294
554.5,29.0926061194847,28.5006362597983,27.5489763639313,0.0471266767270059,1.43041547233746,1.52993564847549,1.69637703307273,0.165900092363472,0.2,27.7342390274,2.64727086477189,-0.291773343922772,27,1.45851581356501,1.38640921766523,0.759055343733412,0,0.148750642421121,8405.76096871528,8612.38604225419,8968.51957227492
555,29.0643405792788,28.5006362597983,27.5489763639313,0.0477223161392844,1.43122191842541,1.52955998179187,1.69567181031126,0.165900092363472,0.2,27.7388866286559,2.64913223793526,-0.291773343922772,27,1.46920925434335,1.39685492913785,0.768194625736288,0,0.150630718662037,8407.41688364242,8611.59735570007,8966.98186367695
555.5,29.0643405792788,28.5006362597983,27.5489763639313,0.0480913433769862,1.4320197886896,1.52920574919583,1.69498059315735,0.165900092363472,0.2,27.7433809529264,2.65028544805308,-0.291773343922772,27,1.47986067772683,1.4072644336746,0.777327868289588,0,0.151795516235119,8409.05548266035,8610.85372977539,8965.47493563358
556,29.0643405792788,28.5006362597983,27.5768536321941,0.0480781214514867,1.43280915231442,1.52887155903428,1.6943030513081,0.153982320297303,0.2,27.7477266424668,2.6502441295359,-0.299090656986721,27,1.49047024881306,1.41763785677601,0.786454539064901,5,0.151753782549473,8410.67689856326,8610.15223258235,8963.99805360498
556.5,29.0643405792788,28.5006362597983,27.5768536321941,0.0476604303960335,1.43359007898946,1.52855610489275,1.69363886189087,0.153982320297303,0.2,27.7519287285808,2.6489388449876,-0.299090656986721,27,1.50103813205091,1.42797532350759,0.795574119525974,5,0.15043538250204,8412.28126537857,8609.49011260892,8962.55049998484
557,29.0643405792788,28.5287502654203,27.5768536321941,0.0470550844736025,1.43436263717894,1.52825816040984,1.69298770929894,0.153982320297303,0.2,27.7559920704478,2.64704713898001,-0.299090656986721,27,1.51156449124314,1.43827695850134,0.804686104622888,5,0.148524668632479,8413.86871480907,8608.86478765764,8961.13157370721
557.5,29.0643405792788,28.5287502654203,27.5768536321941,0.0464709896182291,1.43512689169541,1.52797657440774,1.69234928503085,0.153982320297303,0.2,27.7606880299726,2.64522184255697,-0.299090656986721,27,1.52204948954883,1.44854288595726,0.813790002492881,5,0.146681031630978,8415.43937124146,8608.27383446086,8959.74058986291
558,29.0360828361725,28.5287502654203,27.5768536321941,0.0460805695124475,1.43588290436244,1.52771026631916,1.69172328753319,0.142245106224607,0.2,27.7652280206198,2.6440017797264,-0.306091208247912,27,1.53249328948599,1.45877322964487,0.822885334167651,5,0.145448709609089,8416.99335309983,8607.71497893843,8958.37687932517
558.5,29.0360828361725,28.5287502654203,27.5768536321941,0.0397512733879907,1.43683247995574,1.52746185183673,1.69111056008157,0.142245106224607,0.2,27.7696167835068,2.62422272933747,-0.306091208247912,27,1.54289605293407,1.46896811290465,0.83197163328701,5,0.125470919321854,8418.94557461733,8607.19370394548,8957.04226701969
559,29.0360828361725,28.5287502654203,27.5768536321941,0.0401228892286946,1.43777719075191,1.52723400659912,1.69051201266689,0.142245106224607,0.2,27.773858914,2.62538402883967,-0.306091208247912,27,1.55325794113642,1.47912765864958,0.841048445818753,0,0.126643887561452,8420.88820539799,8606.71561730293,8955.7387223821
559.5,29.0360828361725,28.5287502654203,27.5768536321941,0.0407361317683923,1.43871263155222,1.52702536599892,1.68992730317757,0.142245106224607,0.2,27.7779593976696,2.62730041177623,-0.306091208247912,27,1.56357911470283,1.48925198936659,0.850115329784601,0,0.128579526313753,8422.81217787637,8606.27784921333,8954.46548771834
560,29.0360828361725,28.5287502654203,27.6047374953695,0.0413522242286876,1.43963886918733,1.52683464698667,1.68935609653399,0.130699378205748,0.2,27.7819230492312,2.62922570071465,-0.3127692196925,27,1.57385973361203,1.49934122711804,0.859171854992081,0,0.13052416055543,8424.71761772792,8605.87770208124,8953.22182134143
560.5,29.0078328668035,28.5287502654203,27.6047374953695,0.0355045488221482,1.44075809300781,1.52666428691395,1.68879920688084,0.130699378205748,0.2,27.7857545184222,2.61095171506921,-0.3127692196925,27,1.58409995721413,1.50939549354321,0.868217602772241,0,0.112066557902229,8427.02059134171,8605.52028454755,8952.0094839078
561,29.0078328668035,28.5287502654203,27.6047374953695,0.0355655498514915,1.44187118498161,1.52651677053599,1.68825750832701,0.130699378205748,0.2,27.7894577469187,2.61114234328591,-0.3127692196925,27,1.59429994423313,1.51941490985975,0.877252165723045,5,0.112259101551248,8429.3115188091,8605.21080446043,8950.83036598402
561.5,29.0078328668035,28.5287502654203,27.6047374953695,0.0352021107251306,1.44297408752225,1.52639056569678,1.68773062744228,0.130699378205748,0.2,27.7930365579447,2.61000659601603,-0.3127692196925,27,1.60445985276934,1.52939959686513,0.886275147458335,5,0.111111942292802,8431.58203664439,8604.94604281371,8949.68364250019
562,29.0078328668035,28.5287502654203,27.6047374953695,0.0346088187334632,1.44406687895349,1.52628423233917,1.68721819862937,0.11987700624212,0.2,27.796495191142,2.60815255854207,-0.318598076456814,27,1.61457984030185,1.53934967493813,0.895286162362248,5,0.109239275450303,8433.83229085157,8604.72297484843,8948.56850616405
562.5,29.0078328668035,28.5287502654203,27.6047374953695,0.0340045692252349,1.44514963382988,1.52619641879575,1.68671986456046,0.11987700624212,0.2,27.799837740761,2.60626427882886,-0.318598076456814,27,1.624660063691,1.54926526404028,0.904284835348966,5,0.107332022302531,8436.06241995842,8604.53876210387,8947.48416837326
563,28.9795906478374,28.5287502654203,27.6047374953695,0.033570481973737,1.44622242355834,1.52612585641187,1.68623527599408,0.11987700624212,0.2,27.8030681606608,2.60490775616793,-0.318598076456814,27,1.63470067918077,1.55914648371726,0.913270801627665,5,0.105961869301903,8438.27255628468,8604.39074099265,8946.4298587805
563.5,28.9795906478374,28.5287502654203,27.6047374953695,0.0334538939810732,1.44728531680174,1.52607135449601,1.68576409159612,0.11987700624212,0.2,27.8061897205324,2.60454341869085,-0.318598076456814,27,1.64470184240119,1.56899345310043,0.92224370647258,5,0.105593870961859,8440.46282676311,8604.27641208333,8945.40482486931
564,28.9795906478374,28.5287502654203,27.6047374953695,0.0337573684889095,1.44833838061778,1.52603179557759,1.68530597776477,0.109685922113897,0.2,27.8092055945306,2.60549177652784,-0.323682237812233,27,1.65466370837082,1.57880629090819,0.931203204998071,0,0.106551757898394,8442.63335527756,8604.19343004574,8944.40833154031
564.5,28.9795906478374,28.5287502654203,27.6047374953695,0.0280856208298357,1.44958371933296,1.52600976614946,1.68486174790856,0.109685922113897,0.2,27.8121193952104,2.58776756509324,-0.323682237812233,27,1.66458643149909,1.58858511544743,0.940148961938547,0,0.0886494535872934,8445.20085181506,8604.14721962818,8943.44213886397
565,28.951356155968,28.5287502654203,27.6326279755097,0.0287130550019455,1.45082247610263,1.52600790383634,1.68443227942734,0.109685922113897,0.2,27.8149346111132,2.58972829688108,-0.323682237812233,27,1.6744701655887,1.59833004461499,0.949080651433184,0,0.0906298868081409,8447.75548776254,8604.14331312482,8942.50814562893
565.5,28.951356155968,28.5287502654203,27.6326279755097,0.0291765504307352,1.45205041215205,1.52602481421745,1.68401720044408,0.109685922113897,0.2,27.8176540625766,2.59117672009605,-0.323682237812233,27,1.68431506383805,1.60804119589903,0.95799795681533,0,0.0920928637795727,8450.28850707253,8604.17878544795,8941.60553369611
566,28.951356155968,28.5287502654203,27.6326279755097,0.029312935992818,1.45326760742682,1.52605918655985,1.68361614686702,0.100046810275956,0.2,27.8202804896645,2.59160292497756,-0.328112195865789,27,1.69412127884355,1.61771868638049,0.966900570406456,0,0.0925233511677308,8452.800056625,8604.25088754185,8940.7335024801
566.5,28.951356155968,28.5287502654203,27.6326279755097,0.0290195137556863,1.45447414273994,1.52610979075041,1.68322876286849,0.100046810275956,0.2,27.8228170854336,2.59068598048652,-0.328112195865789,27,1.70388896260204,1.62736263273448,0.975788193314616,5,0.0915971932184482,8455.29028541577,8604.35703983768,8939.8912699559
567,28.9231293679169,28.5287502654203,27.6326279755097,0.0284492569451234,1.45567009865974,1.52617547239199,1.68285470070187,0.100046810275956,0.2,27.8252669331685,2.58890392795351,-0.328112195865789,27,1.71361826651312,1.63697315123169,0.984660535237257,5,0.0897972346215875,8457.75934225918,8604.49482187486,8939.07807222783
567.5,28.9231293679169,28.5287502654203,27.6326279755097,0.0278305479095168,1.45685555246725,1.52625514819828,1.68249362052269,0.100046810275956,0.2,27.8276324618528,2.58697046221724,-0.328112195865789,27,1.72330934138149,1.64655035773979,0.993517314268326,5,0.0878443414215989,8460.20736950004,8604.66196256393,8938.29316310916
568,28.9231293679169,28.5287502654203,27.6326279755097,0.0273526124488797,1.4580305780759,1.52634780166889,1.68214519021371,0.0908913075593318,0.2,27.8299160334669,2.58547691390275,-0.331966413386749,27,1.73296233741931,1.65609436772483,1.00235825670956,5,0.0863357859336437,8462.6345028353,8604.85633104987,8937.53581371192
568.5,28.9231293679169,28.5287502654203,27.6326279755097,0.0208945287929221,1.45939721261877,1.52645610796345,1.6818102225015,0.0908913075593318,0.2,27.8321204756556,2.56529540247788,-0.331966413386749,27,1.74257740424852,1.66560529625262,1.01118309688591,5,0.0659514906819793,8465.45822661359,8605.08354118433,8936.80778377015
569,28.8949102604333,28.5287502654203,27.6326279755097,0.0211364736792336,1.46075685486307,1.52658280075687,1.68148959812501,0.0908913075593318,0.2,27.834248518677,2.56605148024761,-0.331966413386749,27,1.75215469090313,1.67508325799017,1.01999157696492,0,0.066715165521133,8468.26836023737,8605.34933043993,8936.11098054063
569.5,28.8949102604333,28.5287502654203,27.6326279755097,0.0216970184778751,1.46210508191029,1.52672656978853,1.68118294676232,0.0908913075593318,0.2,27.8363022505981,2.56780318274336,-0.331966413386749,27,1.76169434583157,1.68452836720699,1.02878344678007,0,0.0684844691235649,8471.05574541843,8605.65095319411,8935.44459241236
570,28.8949102604333,28.5287502654203,27.6326279755097,0.0223325611540319,1.46344197032464,1.52688618332369,1.6808899058264,0.0821599657226102,0.2,27.8382837040239,2.56978925360635,-0.335313481609563,27,1.77119651689899,1.69394073777651,1.03755846365797,0,0.0704904960265864,8473.82051953117,8605.98582865737,8934.80782510674
570.5,28.8949102604333,28.5287502654203,27.6326279755097,0.0228376928590731,1.46476759946428,1.52706048553378,1.68061012098785,0.0821599657226102,0.2,27.8401953882247,2.5713677901846,-0.335313481609563,27,1.78066135138953,1.70332048317747,1.04631639224928,0,0.0720848937403784,8476.56282608073,8606.35153530721,8934.19990278243
571,28.8666988102939,28.5287502654203,27.6326279755097,0.023044289186827,1.46608205074577,1.52724839187971,1.68034324599208,0.0821599657226102,0.2,27.8420397258568,2.57201340370883,-0.335313481609563,27,1.79008899600859,1.71266771649527,1.0550570043633,0,0.0727369943893008,8479.28281318582,8606.74580114623,8933.62006760801
571.5,28.8666988102939,28.5287502654203,27.6326279755097,0.0228279029059102,1.4673854067586,1.52744888477637,1.68008894248061,0.0821599657226102,0.2,27.8438185079376,2.57133719658097,-0.335313481609563,27,1.79947959688516,1.72198255042331,1.06378007880623,5,0.0720539927322151,8481.98063174819,8607.16649456144,8933.0675793455
572,28.8666988102939,28.5287502654203,27.6326279755097,0.0222888457990372,1.46867775004909,1.52766100952064,1.67984687981608,0.073801078457393,0.2,27.84553348006,2.56965264312199,-0.338213392023997,27,1.80883329957402,1.73126509726441,1.07248540122285,5,0.070352512880081,8484.65643293434,8607.61161574586,8932.54171494325
572.5,28.8384949943032,28.5287502654203,27.6605250946888,0.0216619293127752,1.46995916045514,1.52788387046703,1.67961673491139,0.073801078457393,0.2,27.8471868740318,2.56769352910242,-0.338213392023997,27,1.81815024905804,1.74051546893208,1.08117276394168,5,0.0683737136828437,8487.31036265087,8608.07928864811,8932.04176813932
573,28.8384949943032,28.5287502654203,27.6605250946888,0.0211447287819774,1.47122971423941,1.52811662743616,1.67939819206248,0.073801078457393,0.2,27.8487802965587,2.56607727744368,-0.338213392023997,27,1.82743058975043,1.74973377695196,1.08984196582357,5,0.0667412219274336,8489.94255973688,8608.56775341691,8931.56704907403
573.5,28.8384949943032,28.5006362597983,27.6605250946888,0.0208991122905692,1.47248948473042,1.52835849234134,1.67919094278492,0.073801078457393,0.2,27.8503153150823,2.56530972590803,-0.338213392023997,27,1.83667446549692,1.75892013246309,1.0984928121135,5,0.0659659580339527,8492.55315727861,8609.07535930932,8931.11688391228
574,28.8384949943032,28.5006362597983,27.6605250946888,0.0210543280222022,1.47373854301271,1.52860872602034,1.67899468565395,0.0660773775506982,0.2,27.8510273201328,2.56579477506938,-0.340410928053117,27,1.84588201957807,1.76807464621928,1.10712511429561,0,0.0664558809692791,8495.14228402857,8609.60055803403,8930.69061447443
574.5,28.8102987892929,28.5006362597983,27.6605250946888,0.0153111162789804,1.47517924534958,1.52887027004577,1.67881026498223,0.0660773775506982,0.2,27.8517114186982,2.54784723837181,-0.340410928053117,27,1.85505339471143,1.77719742859047,1.11573868995149,0,0.0483280074229738,8498.12956319509,8610.14952697424,8930.29007125712
575,28.8102987892929,28.5006362597983,27.6605250946888,0.0159481896611869,1.47661252394367,1.52914609781658,1.67863858906383,0.0660773775506982,0.2,27.8523680694947,2.54983809269121,-0.340410928053117,27,1.86418873305379,1.786288589564,1.1243333626214,0,0.0503388658465705,8501.10240701968,8610.72851193329,8929.91722359965
575.5,28.8102987892929,28.5006362597983,27.6605250946888,0.0164890555277908,1.47803411053044,1.52943512907629,1.67847931637251,0.0660773775506982,0.2,27.8529977313875,2.55152829852435,-0.340410928053117,27,1.87328817620336,1.79534823874602,1.13290896166863,0,0.052046054867919,8504.05194381822,8611.33525074624,8929.57132654139
576,28.8102987892929,28.5006362597983,27.6605250946888,0.0167606063379397,1.47944408797367,1.52973634829895,1.67833211254157,0.0594653729758647,0.2,27.8536013931754,2.55237689480606,-0.341440557270172,27,1.88235186520197,1.80437648536271,1.14146532214675,0,0.0529031778450728,8506.9783228468,8611.96761681646,8929.25165101249
576.5,28.7821101721219,28.5006362597983,27.6605250946888,0.0166254386213456,1.48084254055536,1.53004880279502,1.67819665086239,0.0594653729758647,0.2,27.8541800089252,2.5519544956917,-0.341440557270172,27,1.89137994053726,1.81337343826168,1.15000228466981,5,0.0524765344644151,8509.88169669147,8612.62361512183,8928.95748489314
577,28.7821101721219,28.5006362597983,27.6605250946888,0.0161261904427107,1.48222955266989,1.53037159888989,1.67807261211489,0.0594653729758647,0.2,27.8547339516064,2.55039434513347,-0.341440557270172,27,1.90037254214487,1.82233920591324,1.1585196952853,5,0.0509007075133721,8512.76221855653,8613.30137418249,8928.68813262332
577.5,28.7821101721219,28.5006362597983,27.6605250946888,0.0154977040194453,1.48360520669521,1.53070389833481,1.67795968440172,0.0594653729758647,0.2,27.8552635971124,2.54843032506077,-0.341440557270172,27,1.90932980941057,1.83127389641175,1.16701740534991,5,0.0489169529669771,8515.62003783807,8613.99913852202,8928.44291482155
578,28.7539291196762,28.5006362597983,27.6605250946888,0.0149461559825302,1.4849695812492,1.53104491493617,1.67785756298603,0.0529767636342058,0.2,27.8557698538091,2.54670673744541,-0.342307941523649,27,1.91825188117246,1.84017761747685,1.17549527140802,5,0.0471760467432583,8518.45529648969,8614.71526159158,8928.22116791294
578.5,28.7539291196762,28.5006362597983,27.6605250946888,0.014640997583685,1.48632275191395,1.53139391138953,1.67776595013296,0.0529767636342058,0.2,27.8562530505133,2.54575311744902,-0.342307941523649,27,1.92713889572311,1.84905047645482,1.18395315507278,5,0.0462128447731435,8521.26813051272,8615.44819912758,8928.02224376627
579,28.7539291196762,28.5006362597983,27.6605250946888,0.0147194591118904,1.48766479177621,1.53175019630613,1.67768455495456,0.0529767636342058,0.2,27.8567135203109,2.54599830972466,-0.342307941523649,27,1.9359909908117,1.85789258031986,1.19239092290985,0,0.0464605007407708,8524.0586710672,8616.19650291637,8927.8455093396
579.5,28.7539291196762,28.5006362597983,27.6605250946888,0.0151899986004695,1.48899577292918,1.53211312142001,1.67761309325808,0.0529767636342058,0.2,27.8571521299186,2.54746874562647,-0.342307941523649,27,1.94480830364616,1.86670403567539,1.20080844632362,0,0.0479457115825218,8526.82704758478,8616.95881494047,8927.6903463343
580,28.725755608869,28.5006362597983,27.6605250946888,0.0158222947801829,1.49031576764071,1.53248207896516,1.67755128739789,0.0466007700537716,0.2,27.8575697151884,2.54944467118807,-0.343027886075373,27,1.95359097089529,1.8754849487553,1.20920560144592,0,0.0499414912441694,8529.57339019346,8617.73386188355,8927.55615085787
580.5,28.725755608869,28.5006362597983,27.6605250946888,0.0101317258725068,1.49182746519709,1.5328601401441,1.67750000660047,0.0466007700537716,0.2,27.8579665349071,2.53166164335158,-0.343027886075373,27,1.96233912869087,1.88423542542524,1.21758226902721,0,0.0319797795439804,8532.71958450848,8618.52809922625,8927.44480928362
581,28.725755608869,28.4725295892301,27.6605250946888,0.0104628942470205,1.49333132818306,1.53325038957729,1.67746018018843,0.0466007700537716,0.2,27.8583428543796,2.53269654452194,-0.343027886075373,27,1.9710529126298,1.89295557118394,1.22593833433005,0,0.0330250794012956,8535.85053355186,8619.34801294046,8927.35833853255
581.5,28.6975896166404,28.4725295892301,27.6605250946888,0.0104101791437949,1.49482324206016,1.53365185600494,1.67743148895317,0.0466007700537716,0.2,27.8579330056675,2.53253180982436,-0.343027886075373,27,1.97973245777617,1.90164549116444,1.23427368702499,5,0.0328586894494744,8538.95765079088,8620.19156891078,8927.29604486771
582,28.6975896166404,28.4725295892301,27.6605250946888,0.00995980770614992,1.49630329293259,1.53406362644902,1.67741362041065,0.0409294518245815,0.2,27.8575301259436,2.53112439908172,-0.343012050377428,27,1.98837789866337,1.91030529013535,1.24258822108866,5,0.0314371370436916,8542.04109113594,8621.05685495143,8927.25724935948
582.5,28.6975896166404,28.4725295892301,27.6605250946888,0.00933678637058563,1.49777156568427,1.53448484460076,1.67740626927406,0.0409294518245815,0.2,27.8571335355223,2.52917745740808,-0.343012050377428,27,1.99698936929619,1.91893507250214,1.25088183470412,5,0.0294706325001165,8545.10100736667,8621.942077426,8927.24128889405
583,28.669431119957,28.4725295892301,27.6605250946888,0.0087561532159593,1.49922814129704,1.53491470737453,1.67740913729444,0.0409294518245815,0.2,27.8567431226783,2.52736297879987,-0.343012050377428,27,2.00556700315285,1.92753494230842,1.25915443016339,5,0.0276379220108539,8548.13754453206,8622.84555401907,8927.24751581094
583.5,28.669431119957,28.4725295892301,27.6605250946888,0.00839516483866149,1.50067309761075,1.53535246167088,1.67742193310479,0.0409294518245815,0.2,27.8563582312832,2.52623489012082,-0.343012050377428,27,2.01411093318712,1.93610500323712,1.26740591377204,5,0.0264984982967511,8551.15084151861,8623.76570695025,8927.27529754891
584,28.669431119957,28.4725295892301,27.6605250946888,0.00839746143260228,1.50210650974791,1.53579740133639,1.67744437206756,0.0358435054333768,0.2,27.8559782429653,2.52624206697688,-0.342391297186123,27,2.02262129183035,1.9446453586118,1.27563619575602,0,0.0265057472658658,8554.14103192219,8624.7010566041,8927.32401630036
584.5,28.669431119957,28.4725295892301,27.6605250946888,0.00881372063792398,1.50352845177123,1.53624886430818,1.6774761761257,0.0358435054333768,0.2,27.8556031048987,2.52754287699351,-0.342391297186123,27,2.03109821099352,1.95315611139789,1.2838451901703,0,0.0278196278215432,8557.10824749464,8625.65021554975,8927.39306867414
585,28.6412800958125,28.4725295892301,27.6605250946888,0.00943327654832174,1.504938997236,1.53670622993234,1.67751707365684,0.0358435054333768,0.2,27.8552327646491,2.52947898921351,-0.342391297186123,27,2.03954182206933,1.96163736420391,1.29203281480972,0,0.0297751940971228,8560.05261929024,8626.61188292694,8927.48186536624
585.5,28.6412800958125,28.4725295892301,27.6605250946888,0.0100315744033756,1.50633822275315,1.53716891644475,1.67756679933079,0.0358435054333768,0.2,27.8548666233375,2.53134867001055,-0.342391297186123,27,2.04795225593418,1.97008921928272,1.30019899112168,0,0.0316636614468147,8562.97428510173,8627.58483917423,8927.58983083845
586,28.6412800958125,28.4725295892301,27.6605250946888,0.0104231872246238,1.50772620721595,1.53763637860529,1.67762509397014,0.0307168009039174,0.2,27.8545041177231,2.53257246007695,-0.341801647089243,27,2.0563296429502,1.97851177853275,1.3083436441207,0,0.0328997481558027,8565.87338785156,8628.56794107981,8927.71640300436
586.5,28.613136521227,28.4444302308929,27.6605250946888,0.0104576815064145,1.50910303138829,1.5381081054757,1.67769170441403,0.0307168009039174,0.2,27.854145247927,2.53268025470755,-0.341801647089243,27,2.06467411296735,1.98690514349924,1.31646670230499,5,0.0330086259068467,8568.75007473542,8629.5601171343,8927.86103292322
587,28.613136521227,28.4444302308929,27.6605250946888,0.0100712903588364,1.51046877629849,1.53858361833238,1.6777663833848,0.0307168009039174,0.2,27.8530231963092,2.53147278237136,-0.341801647089243,27,2.07298579532532,1.99526941537544,1.32456809757469,5,0.0317890208886311,8571.60449386739,8630.56036316704,8928.02318450054
587.5,28.613136521227,28.4444302308929,27.6605250946888,0.00946430928131676,1.51182352262626,1.53906246870578,1.6778488893577,0.0307168009039174,0.2,27.8519301542699,2.52957596650411,-0.341801647089243,27,2.08126481885562,2.00360469500385,1.33264776515197,5,0.0298731458155482,8574.43679299517,8631.56773824788,8928.20233419614
588,28.613136521227,28.4444302308929,27.6605250946888,0.00885987039913857,1.51316734714466,1.53954423653905,1.67793898643338,0.026447686850986,0.2,27.8508652567475,2.52768709499731,-0.340346102698999,27,2.08951131188353,2.01191108287743,1.34070564350292,5,0.027965294927841,8577.24711205357,8632.58136083935,8928.39797073873
588.5,28.5850003732468,28.4444302308929,27.6605250946888,0.00216111475871784,1.51470281776945,1.5400321579014,1.67803758067292,0.026447686850986,0.2,27.8498276668177,2.50675348362099,-0.340346102698999,27,2.09772540223011,2.02018867914081,1.34874167426105,5,0.006821342624417,8580.45925874694,8633.60804265728,8928.6120626338
589,28.5850003732468,28.4444302308929,27.6605250946888,0.00209015222855868,1.51623087538077,1.54052949787837,1.67814564548193,0.026447686850986,0.2,27.8488160281929,2.50653172571425,-0.340346102698999,27,2.10590721721419,2.0284375835915,1.35675580215255,5,0.00659735649422262,8583.65700066293,8634.65465952641,8928.84672490577
589.5,28.5850003732468,28.4444302308929,27.6605250946888,0.00244405628436667,1.51774702854369,1.54103544105521,1.6782629008839,0.026447686850986,0.2,27.8478290460772,2.50763767588865,-0.340346102698999,27,2.11405688365431,2.03665789568109,1.36474797492313,0,0.00771441925597495,8586.83091836368,8635.71950187077,8929.10135109287
590,28.5568716289448,28.4444302308929,27.6605250946888,0.00304400678334943,1.51925135254607,1.54154922060285,1.67838907269277,0.0223277182813888,0.2,27.846866013721,2.50951252119797,-0.338746405488386,27,2.12217452787072,2.04484971451645,1.3727181432665,0,0.00960810301096414,8589.98114455747,8636.80096171894,8929.37534737166
590.5,28.5568716289448,28.4444302308929,27.6605250946888,0.00365931246815933,1.52074392533815,1.54207011752427,1.6785238930926,0.0223277182813888,0.2,27.8459257005291,2.511435351463,-0.338746405488386,27,2.13026027568733,2.05301313886092,1.38066626075439,0,0.0115502538744981,8593.10781791783,8637.89753114566,8929.66813380527
591,28.5568716289448,28.4444302308929,27.6605250946888,0.00409940982926656,1.52222482728989,1.5425974577454,1.67866710049646,0.0223277182813888,0.2,27.8450069329232,2.51281065571646,-0.338746405488386,27,2.13831425243363,2.06114826713554,1.38859228376813,0,0.012939377185097,8596.21108258086,8639.0077961792,8929.97914402719
591.5,28.5287502654203,28.4163381619894,27.6605250946888,0.00420914629620171,1.52369414068586,1.54313060938278,1.67881843940843,0.0223277182813888,0.2,27.844109120914,2.51315358217563,-0.338746405488386,27,2.14633658294667,2.06925519742015,1.39649617143168,0,0.0132857493693311,8599.29108709105,8640.13043108116,8930.30782493261
592,28.5287502654203,28.4163381619894,27.6605250946888,0.00389187679572729,1.52515194850143,1.5436689801773,1.67897766028862,0.0183771152979091,0.2,27.842465075932,2.51216211498665,-0.336986030372803,27,2.15432739157298,2.07733402745465,1.40437788554621,5,0.0122843199180336,8602.34798183753,8641.26419297616,8930.65363637695
592.5,28.5287502654203,28.4163381619894,27.6605250946888,0.00330613880538238,1.52659833347949,1.54421201508359,1.67914451942126,0.0183771152979091,0.2,27.8408662332795,2.51033168376682,-0.336986030372803,27,2.16228680217052,2.08538485464018,1.41223739052604,5,0.0104354965253089,8605.38191711576,8642.40791680859,8931.01605088154
593,28.5287502654203,28.4163381619894,27.6605250946888,0.00268483280529679,1.52803337499745,1.54475919400594,1.67931877878552,0.0183771152979091,0.2,27.8393111958521,2.50839010251655,-0.336986030372803,27,2.17021493811054,2.09340777604022,1.42007465333598,5,0.0084744062666388,8608.39303654789,8643.56051060774,8931.39455334602
593.5,28.5006362597983,28.4163381619894,27.6605250946888,0.00222067333836819,1.5294571489846,1.5453100296717,1.67950020592939,0.0183771152979091,0.2,27.8377986126616,2.5069396041824,-0.336986030372803,27,2.17811192227956,2.10140288838185,1.42788964343013,5,0.00700933332522534,8611.38147689423,8644.72095104128,8931.7886407678
594,28.5006362597983,28.4163381619894,27.6326279755097,0.00207085031330521,1.53086972848127,1.54586406563378,1.67968857384614,0.0151340156624542,0.2,27.8363266311494,2.50647140722908,-0.33453065245977,27,2.18597787708124,2.10937028805684,1.43568233269196,5,0.00653643192891658,8614.34736921232,8645.88827923992,8932.19782196766
594.5,28.5006362597983,28.4163381619894,27.6326279755097,0.00234541556234404,1.53227118469339,1.54642087439435,1.67988366085363,0.0151340156624542,0.2,27.8348934769895,2.50732942363233,-0.33453065245977,27,2.19381292443828,2.11731007112289,1.44345269537567,0,0.00740306968098274,8617.29084105928,8647.06159687604,8932.62161732214
595,28.4725295892301,28.4163381619894,27.6326279755097,0.00291602187111337,1.53366158803132,1.54698005564273,1.68008525047627,0.0151340156624542,0.2,27.8334979796548,2.50911256834723,-0.33453065245977,27,2.20161718579431,2.12522233330469,1.45120070804893,0,0.00920413143398225,8620.21201866534,8648.24006248166,8933.05955850197
595.5,28.4725295892301,28.4163381619894,27.6326279755097,0.00354470449033343,1.53504101096481,1.54754123460008,1.68029313132954,0.0151340156624542,0.2,27.8321384608441,2.51107720153229,-0.33453065245977,27,2.20939078211578,2.13310716999517,1.4589263495368,0,0.0111885052532884,8623.11103292904,8649.42288799035,8933.51118821659
596,28.4725295892301,28.3882533597481,27.6326279755097,0.00403333394347541,1.53640952862009,1.54810406046459,1.68050709700715,0.0116643009355641,0.2,27.8308133143528,2.51260416857336,-0.33232532574111,27,2.21713383389383,2.14096467625659,1.46662960086693,0,0.0127308152591858,8625.98802067637,8650.60933548912,8933.97605996483
596.5,28.4725295892301,28.3882533597481,27.6326279755097,0.00421997824775943,1.53776721814271,1.5486682049512,1.68072694597053,0.0116643009355641,0.2,27.8287556591583,2.51318743202425,-0.33232532574111,27,2.22484646114615,2.14879494682172,1.47431044521594,0,0.0133199393412279,8628.84312332603,8651.79871416859,8934.45373779103
597,28.4444302308929,28.3882533597481,27.6326279755097,0.00398505014144675,1.53911415777232,1.54923336091985,1.68095248144098,0.0116643009355641,0.2,27.8267568144458,2.51245328169202,-0.33232532574111,27,2.23252878341888,2.15659807609496,1.48196886785697,5,0.0125784122664625,8631.67648494603,8652.99037745789,8934.94379604724
597.5,28.4444302308929,28.3882533597481,27.6326279755097,0.00343296947115633,1.54045042569634,1.54979924108705,1.68118351129397,0.0116643009355641,0.2,27.8248143782217,2.51072802959736,-0.33232532574111,27,2.24018091978838,2.16437415815348,1.48960485610843,5,0.0108358248387578,8634.48824984143,8654.183720334,8935.44581916044
598,28.4444302308929,28.3882533597481,27.6326279755097,0.00280215275876657,1.54177609740447,1.55036557681542,1.68141984795588,0.00916587158488369,0.2,27.8229260454603,2.50875672737115,-0.329170418184133,27,2.24780298886317,2.17212328674835,1.49721839928383,5,0.00884471496777079,8637.27855698153,8655.37817679415,8935.95940140547
598.5,28.4163381619894,28.3882533597481,27.6326279755097,0.00229290745629612,1.54309124476589,1.55093211697696,1.68166130830296,0.00916587158488369,0.2,27.8210901327515,2.50716533580093,-0.329170418184133,27,2.2553951087857,2.17984555530572,1.50480948864271,5,0.00723733309505308,8640.04753804494,8656.57321748195,8936.48414668294
599,28.4163381619894,28.3882533597481,27.6326279755097,0.00206922269171287,1.54439593670469,1.55149862688515,1.68190771356255,0.00916587158488369,0.2,27.8193044666832,2.5064663209116,-0.329170418184133,27,2.26295739723422,2.18754105692786,1.51237811734272,5,0.00653129450412249,8642.79531882778,8657.76834745759,8937.0196683024
599.5,28.4163381619894,28.3882533597481,27.6326279755097,0.00225850014582036,1.54569023999892,1.55206488729182,1.68215888921644,0.00916587158488369,0.2,27.8175669628099,2.50705781295569,-0.329170418184133,27,2.27048997142459,2.19520988439435,1.51992428039265,0,0.0071287298602674,8645.5220209152,8658.96310410314,8937.56558877054
600,28.4163381619894,28.3882533597481,27.6326279755097,0.00279023048775599,1.54697422051598,1.55263069344496,1.68241466490633,0.00636843625895267,0.2,27.8158761504416,2.50871947027424,-0.326350460176644,27,2.27799294811209,2.20285213016319,1.52744797460659,0,0.00880708351155301,8648.22776427559,8660.15705515512,8938.12153958388
600.5,28.3882533597481,28.3601758014235,27.6326279755097,-0.00283775653690157,1.54845108850221,1.55319949675942,1.68267601441727,0.00636843625895267,0.2,27.814230607128,2.49113201082218,-0.326350460176644,27,2.28546644359325,2.21046788637187,1.53494919855906,0,-0.0089570947330761,8651.34095235157,8661.35748477094,8938.68963930223
601,28.3882533597481,28.3601758014235,27.6326279755097,-0.00231229214711462,1.54992083681152,1.55377474356733,1.68294397076466,0.00636843625895267,0.2,27.8118627364567,2.49277408704027,-0.326350460176644,27,2.29291057370762,2.21805724483854,1.54242795254112,0,-0.00729851893315258,8654.44016450393,8662.57167013699,8939.2721357971
601.5,28.3882533597481,28.3601758014235,27.6326279755097,-0.00206051786486498,1.55137927200311,1.55435579643888,1.68321831527167,0.00636843625895267,0.2,27.809562788021,2.4935608816723,-0.326350460176644,27,2.3003254538396,2.22562029706308,1.54988423851744,0,-0.00650381858865981,8657.51653931151,8663.79827089252,8939.86855630731
602,28.3601758014235,28.3601758014235,27.6326279755097,-0.00221469253255265,1.5528264744407,1.55494205594016,1.6834988337821,0.00420308436426353,0.2,27.8073286144094,2.49307908583577,-0.322931445763741,27,2.30771119892021,2.2331571342282,1.55731806008439,5,-0.00699045550974917,8660.57022326567,8665.03602624837,8940.47843784365
602.5,28.3601758014235,28.3601758014235,27.6326279755097,-0.00272812639473742,1.55426252454401,1.55553296029876,1.68378531719556,0.00420308436426353,0.2,27.8051575943116,2.49147460501645,-0.322931445763741,27,2.31506792342889,2.24066784720059,1.56472942242895,5,-0.00861105815234918,8663.60136335681,8666.28375431748,8941.10132834894
603,28.3601758014235,28.3601758014235,27.6326279755097,-0.00336217395206603,1.55568750076176,1.55612798311249,1.68407756135539,0.00420308436426353,0.2,27.8030472106447,2.48949320639979,-0.322931445763741,27,2.32239574139522,2.24815252653194,1.57211833228861,5,-0.0106123658623012,8666.61010279017,8667.54034731487,8941.73678645145
603.5,28.3601758014235,28.3601758014235,27.6326279755097,-0.00390782147879463,1.55710147772196,1.55672663119743,1.68437536693893,0.00420308436426353,0.2,27.8009955745449,2.48778805787877,-0.322931445763741,27,2.32969476640077,2.25561126246008,1.5794847979121,5,-0.0123346477156674,8669.59657706841,8668.80476705085,8942.38438122387
604,28.3321054642948,28.3601758014235,27.6047374953695,-0.00419340301424668,1.55850452700194,1.55732844256655,1.68467853935026,0.00199229083889918,0.2,27.7990008596367,2.48689561558048,-0.319600343854665,27,2.33696511158079,2.26304414491008,1.58682882902105,5,-0.0132360572741682,8672.56091560228,8670.0760406984,8943.04369194797
604.5,28.3321054642948,28.3321054642948,27.6047374953695,-0.00408097716328953,1.55989671776683,1.55793298453102,1.68498688861531,0.00199229083889918,0.2,27.7970607546385,2.48724694636472,-0.319600343854665,27,2.34420688962602,2.27045126349526,1.59415043677244,0,-0.0128811963182071,8675.50324304691,8671.3532568185,8943.71430788453
605,28.3321054642948,28.3321054642948,27.6047374953695,-0.00359226529172588,1.56127811813698,1.5585398519168,1.68530022927919,0.00199229083889918,0.2,27.7944075636312,2.48877417096336,-0.319600343854665,27,2.35142021278436,2.27783270751838,1.60144963372188,0,-0.0113386261668036,8678.42368218206,8672.63556162721,8944.3958280487
605.5,28.304042325667,28.3321054642948,27.6047374953695,-0.00296163681366778,1.5626487969889,1.55914866538975,1.68561838030597,0.00199229083889918,0.2,27.7918315735623,2.49074488495729,-0.319600343854665,27,2.3586051928627,2.28518856597263,1.60872643378777,0,-0.00934811043866098,8681.32235771475,8673.92215549064,8945.08786099059
606,28.304042325667,28.3321054642948,27.6047374953695,-0.00240033049240154,1.56400882614393,1.55975906988208,1.68594116498044,0.00036154466363314,0.2,27.7893297805134,2.49249896721125,-0.315731912205368,27,2.36576194122861,2.29251892754274,1.61598085221619,0,-0.00757640316621621,8684.19940090965,8675.21228963225,8945.7900245807
606.5,28.304042325667,28.3321054642948,27.6047374953695,-0.0020821055631157,1.56535827959968,1.56037073311462,1.68626841081226,0.00036154466363314,0.2,27.786899297819,2.49349342011526,-0.315731912205368,27,2.37289056881204,2.29982388060602,1.62321290554657,0,-0.00657195799941841,8687.05494796897,8676.50526304091,8946.50194580052
607,28.304042325667,28.3321054642948,27.6047374953695,-0.0021477671438501,1.56669723299181,1.56098334420859,1.68659994944204,0.00036154466363314,0.2,27.7845378793403,2.49328822767547,-0.315731912205368,27,2.37999118610709,2.30710351323346,1.63042261157816,5,-0.00677921221284847,8689.88913889691,8677.80041956671,8947.22326053775
607.5,28.2759863628702,28.3321054642948,27.6047374953695,-0.0026083956301963,1.56802576212142,1.56159661238189,1.68693561654961,0.00036154466363314,0.2,27.7822433535915,2.49184876365564,-0.315731912205368,27,2.38706390317369,2.3143579131908,1.63760998933721,5,-0.0082331399671516,8692.70211438331,8679.09714519351,8947.95361338637
608,28.2759863628702,28.3321054642948,27.6047374953695,-0.00323631266907498,1.56934394166101,1.56221026572397,1.68727525176412,-0.00135969965629101,0.2,27.7800130762074,2.48988652290914,-0.312005230482944,27,2.3941088296393,2.32158716793954,1.64477505904488,5,-0.0102150973086683,8695.49401305962,8680.39486547611,8948.69265745082
608.5,28.2759863628702,28.304042325667,27.6047374953695,-0.00381450856653416,1.57065184236934,1.56282405004563,1.68761869857639,-0.00135969965629101,0.2,27.7778445076051,2.48807966072958,-0.312005230482944,27,2.40112607470066,2.32879136463803,1.65191784208591,5,-0.0120401148394084,8698.26496559068,8681.69304313422,8949.44005415538
609,28.2759863628702,28.304042325667,27.6047374953695,-0.00416417899888742,1.57194953188932,1.5634377277982,1.6879658042529,-0.00135969965629101,0.2,27.7749704547644,2.48698694062848,-0.312005230482944,27,2.40811574712542,2.3359705901425,1.6590383609779,5,-0.0131438145920883,8701.01509635048,8682.99117579157,8950.19547305709
609.5,28.2479375532598,28.304042325667,27.6047374953695,-0.00414019480580521,1.57323707523542,1.56405107705851,1.68831641975179,-0.00135969965629101,0.2,27.7721807535067,2.48706189123186,-0.312005230482944,27,2.41507795525385,2.34312493100814,1.66613663934135,0,-0.0130681108850436,8703.74452444303,8684.28879385255,8950.95859166346
610,28.2479375532598,28.304042325667,27.6047374953695,-0.00370882978503886,1.57451453632627,1.56466389057526,1.68867039964074,-0.00254057763996229,0.2,27.7694721608123,2.48840990692175,-0.307788864324934,27,2.42201280700054,2.3502544734901,1.67321270187033,0,-0.0117065503334967,8706.45336694173,8685.58545850743,8951.72909525403
610.5,28.2479375532598,28.304042325667,27.6047374953695,-0.00308840959740436,1.57578197902663,1.56527597487364,1.68902760201666,-0.00254057763996229,0.2,27.7668415590359,2.49034872000811,-0.307788864324934,27,2.42892040985604,2.35735930354457,1.68026657430379,0,-0.00974825605324714,8709.14174109385,8686.88075985916,8952.5066767063
611,28.2479375532598,28.304042325667,27.6047374953695,-0.00249819930259477,1.57703947025491,1.56588714941395,1.68938788842703,-0.00254057763996229,0.2,27.7642864786332,2.49219312717939,-0.307788864324934,27,2.43580087088856,2.36443950682979,1.68729828339758,0,-0.00788531627871013,8711.80977091195,8688.17431516326,8953.29103632519
611.5,28.2198958742158,28.304042325667,27.5768536321941,-0.00211912006594204,1.5782870792194,1.56649724580149,1.68975112379314,-0.00254057763996229,0.2,27.7618045323061,2.49337774979393,-0.307788864324934,27,2.44265429674558,2.3714951687071,1.69430785689697,0,-0.00668879057613946,8714.45758555916,8689.46576717463,8954.08188167682
612,28.2198958742158,28.304042325667,27.5768536321941,-0.00209777658451017,1.57952487701653,1.56710610704429,1.69011717633485,-0.00384763111384245,0.2,27.7593928674871,2.49344444817341,-0.303757146994826,27,2.44948079365557,2.37852637424193,1.7012953235099,5,-0.00662142201134791,8717.08531850047,8690.75478259464,8954.87892742565
612.5,28.2198958742158,28.2759863628702,27.5768536321941,-0.00249521932405912,1.58075293495825,1.56771358685606,1.69048591749722,-0.00384763111384245,0.2,27.757048743455,2.49220243961232,-0.303757146994826,27,2.45628046742956,2.3855332082049,1.70826071288078,5,-0.00787591027446021,8719.69310395299,8692.04105061245,8955.68189517571
613,28.2198958742158,28.2759863628702,27.5768536321941,-0.00310834059419378,1.58197132411616,1.56831954900109,1.69085722187842,-0.00384763111384245,0.2,27.7540049682902,2.49028643564314,-0.303757146994826,27,2.46305342346285,2.39251575507278,1.71520405556485,5,-0.00981116625151324,8722.28107591542,8693.32428153408,8956.4905133149
613.5,28.1918613031435,28.2759863628702,27.5768536321941,-0.0037119454625217,1.58318011163517,1.56892386667923,1.69123096715955,-0.00384763111384245,0.2,27.7510509874,2.48840017042962,-0.303757146994826,27,2.4697997667366,2.39947409902951,1.72212538300314,5,-0.0117163846579035,8724.84936033098,8694.60420549527,8957.30451686317
614,28.1918613031435,28.2759863628702,27.5768536321941,-0.00411993157293637,1.58437936147451,1.56952642194787,1.69160703403575,-0.00464538764606459,0.2,27.7481833766762,2.48712521383457,-0.299273350670498,27,2.47651960181949,2.40640832396726,1.72902472749802,5,-0.0130041520168163,8727.3980766483,8695.88057125169,8958.12364732398
614.5,28.1918613031435,28.2759863628702,27.5768536321941,-0.00418114927450901,1.5855691348276,1.57012710517929,1.69198530614896,-0.00464538764606459,0.2,27.7453988435215,2.48693390851716,-0.299273350670498,27,2.48321303286929,2.41331851348739,1.73590212218923,5,-0.0131973795700602,8729.92733870226,8697.15314504281,8958.94765253905
615,28.1918613031435,28.2759863628702,27.5768536321941,-0.00381796969908976,1.58674949158713,1.57072581455062,1.69236567002208,-0.00464538764606459,0.2,27.742694749098,2.48806884469034,-0.299273350670498,27,2.48988016363452,2.42020475090149,1.74275760103046,0,-0.0120510395582069,8732.4372578194,8698.42170952412,8959.77628654639
615.5,28.1638338174729,28.2759863628702,27.5768536321941,-0.0032165131702979,1.58792049106991,1.57132245556508,1.69274801499462,-0.00464538764606459,0.2,27.7400685425552,2.48994839634282,-0.299273350670498,27,2.49652109745606,2.42706711923237,1.74959119876653,0,-0.0101526021707283,8734.92794435379,8699.68606276475,8960.60930944165
616,28.1638338174729,28.2759863628702,27.5768536321941,-0.00260462285636308,1.58908219544869,1.57191694060219,1.6931322331598,-0.00559608464121197,0.2,27.7375172135937,2.49186055357387,-0.295006885437486,27,2.50313593726872,2.43390570121508,1.75640295091097,0,-0.00822123158382442,8737.3995149853,8700.94601730537,8961.44648724241
616.5,28.1638338174729,28.2479375532598,27.5768536321941,-0.00217054296109254,1.59023466935508,1.57250918849518,1.69351821930293,-0.00559608464121197,0.2,27.7350378690977,2.49321705324659,-0.295006885437486,27,2.50972478560284,2.44072057929788,1.76319289372421,0,-0.00685110180239248,8739.85209188014,8702.20139927315,8962.28759175566
617,28.1638338174729,28.2479375532598,27.5768536321941,-0.00206745461877546,1.59137797940598,1.57309912413418,1.69390587084127,-0.00559608464121197,0.2,27.7318633647084,2.49353920431633,-0.295006885437486,27,2.51628774458593,2.44751183564325,1.76996106419216,0,-0.00652571375870285,8742.2858016872,8703.45204755049,8963.13240044826
617.5,28.1358133946584,28.2479375532598,27.5768536321941,-0.00239052975640263,1.59251219295365,1.57368667809364,1.69429508776513,-0.00559608464121197,0.2,27.7287828015256,2.49252959451124,-0.295006885437486,27,2.52282491594418,2.45427955212888,1.7767075000053,5,-0.00754546812310926,8744.70077287904,8704.69781299436,8963.98069632014
618,28.1358133946584,28.2479375532598,27.5489763639313,-0.00297986307877977,1.59363737721071,1.57427178628185,1.69468577258021,-0.00606082836878841,0.2,27.7257926182634,2.49068792787881,-0.290317047305373,27,2.52933640100407,2.46102381034866,1.78343223953835,5,-0.00940563982186047,8747.09713388777,8705.93855770196,8964.83226778043
618.5,28.1358133946584,28.2479375532598,27.5489763639313,-0.00360144607555128,1.59475359608423,1.57485438961222,1.69507783025135,-0.00606082836878841,0.2,27.7228893897812,2.4887454810139,-0.290317047305373,27,2.53582230069396,2.46774469161367,1.7901353218302,5,-0.0113676043928701,8749.4750063568,8707.17415432168,8965.68690852633
619,28.1358133946584,28.2479375532598,27.5489763639313,-0.00406171275141745,1.5958609100923,1.57543443369433,1.69547116814732,-0.00606082836878841,0.2,27.7200703489086,2.48730714765182,-0.290317047305373,27,2.54228271554562,2.47444227695311,1.79681678656443,5,-0.012820390128574,8751.83450495165,8708.4044854054,8966.54441742463
619.5,28.1078000121794,28.2479375532598,27.5489763639313,-0.00420281856729332,1.59695937693198,1.57601186854355,1.69586569598699,-0.00606082836878841,0.2,27.7173328208034,2.48686619197721,-0.290317047305373,27,2.54871774569581,2.48111664711535,1.80347667405029,5,-0.0132657765258046,8754.17573855913,8709.62944279985,8967.40459839591
620,28.1078000121794,28.2479375532598,27.5489763639313,-0.0039177339536235,1.59804905258076,1.57658664830851,1.69626132578652,-0.00669858207101015,0.2,27.714673675641,2.48775708139493,-0.285869470256407,27,2.55512749088783,2.48776788256886,1.81011502520394,0,-0.0123659354512172,8756.49881262621,8710.84892707494,8968.26726030127
620.5,28.1078000121794,28.2198958742158,27.5489763639313,-0.00334432464069508,1.59912999233078,1.57715873101513,1.69665797180787,-0.00669858207101015,0.2,27.7120899048124,2.48954898549783,-0.285869470256407,27,2.56151205047306,2.49439606350319,1.81673188153033,0,-0.0105560262958899,8758.80383135888,8712.06284698695,8969.13221683165
621,28.1078000121794,28.2198958742158,27.5489763639313,-0.00271827071431218,1.60020225374801,1.5777280783261,1.69705555050836,-0.00669858207101015,0.2,27.7088144465448,2.49150540401777,-0.285869470256407,27,2.5678715234125,2.50100126982995,1.82332728510532,0,-0.00857994968265498,8761.09090403094,8713.27111897393,8969.99928639963
621.5,28.1078000121794,28.2198958742158,27.5489763639313,-0.00223530641081126,1.60126589709047,1.57829465531509,1.69745398049132,-0.00669858207101015,0.2,27.7056360926935,2.49301466746621,-0.285869470256407,27,2.5742060082783,2.50758358118373,1.82990127855831,0,-0.00705552115508467,8763.36014588016,8714.47366668198,8970.86829203357
622,28.0797936475394,28.2198958742158,27.5489763639313,-0.00205532682290624,1.60232098470143,1.5788584302546,1.6978531824579,-0.006868140897069,0.2,27.7025517220645,2.49357710367842,-0.28102068882579,27,2.58051560325529,2.51414307692312,1.83645390505517,0,-0.00648743358382125,8765.61167681806,8715.67042051992,8971.73906127419
622.5,28.0797936475394,28.2198958742158,27.5489763639313,-0.00229632938409509,1.60336758006754,1.57941937441683,1.69825307915986,-0.006868140897069,0.2,27.6995577740144,2.4928239706747,-0.28102068882579,27,2.58680040614253,2.52067983613163,1.84298520828165,5,-0.00724813406795774,8767.84561942225,8716.86131724135,8972.61142607338
623,28.0797936475394,28.2198958742158,27.5489763639313,-0.00285254783498914,1.60440574669464,1.57997746188642,1.69865359535349,-0.006868140897069,0.2,27.6966508239725,2.49108578801566,-0.28102068882579,27,2.59306051435478,2.52719393761864,1.84949523242713,5,-0.00900378198635972,8770.06209653667,8718.04629955151,8973.48522269531
623.5,28.0797936475394,28.2198958742158,27.5489763639313,-0.00348438003956531,1.60543554546343,1.58053266938468,1.69905465775438,-0.006868140897069,0.2,27.6938281050051,2.48911131237636,-0.28102068882579,27,2.59929602492403,2.53368545992036,1.85598402216868,5,-0.0109980971568839,8772.26122562175,8719.22531573802,8974.36029161963
624,28.0517942782663,28.2198958742158,27.5211056685516,-0.00399062485051374,1.60645703368508,1.58108497610447,1.69945619499329,-0.00722731936502896,0.2,27.6910869424582,2.48752929734214,-0.276434776983263,27,2.60550703450102,2.5401544813008,1.86245162265557,5,-0.0125960082781616,8774.44311672807,8720.39831932417,8975.23647744682
624.5,28.0517942782663,28.2198958742158,27.5211056685516,-0.00420660094229419,1.60747026578973,1.58163436355509,1.69985813757299,-0.00722731936502896,0.2,27.6884242069221,2.48685437205533,-0.276434776983263,27,2.61169363935672,2.54660107975267,1.8688980794941,5,-0.0132777152142574,8776.60787395657,8721.56526874299,8976.11362880568
625,28.0517942782663,28.1918613031435,27.5211056685516,-0.00400610100907201,1.6084752941634,1.58218081541651,1.70026041782594,-0.00722731936502896,0.2,27.6858368901422,2.48748093434665,-0.276434776983263,27,2.6178559353838,2.55302533299834,1.87532343873274,0,-0.0126448572250349,8778.75559723811,8722.72612703086,8976.99159826278
625.5,28.0517942782663,28.1918613031435,27.5211056685516,-0.00347015852891005,1.60947217036887,1.58272431740269,1.70066296987304,-0.00722731936502896,0.2,27.6825581242141,2.48915575459716,-0.276434776983263,27,2.62399401809818,2.55942731849081,1.88172774684766,0,-0.0109532083806517,8780.88638493649,8723.88086154021,8977.87024223405
626,28.0517942782663,28.1918613031435,27.5211056685516,-0.00283775653589501,1.61046094758513,1.58326485713303,1.70106572958321,-0.00741763124565864,0.2,27.6793765004678,2.49113201082533,-0.271750600187133,27,2.63010798264046,2.56580711341457,1.88811105072855,0,-0.00895709472989901,8783.00033906066,8725.02944366936,8978.74942089824
626.5,28.0238018819126,28.1918613031435,27.5211056685516,-0.00231229214711377,1.61144168188986,1.58380242401181,1.70146863453389,-0.00741763124565864,0.2,27.6762888979019,2.49277408704027,-0.271750600187133,27,2.63619792377739,2.57216479468659,1.89447339766481,0,-0.00729851893314989,8785.09756800945,8726.17184860878,8979.62899811236
627,28.0238018819126,28.1918613031435,27.5211056685516,-0.00206051786486483,1.61241443154869,1.58433700911481,1.70187162397235,-0.00741763124565864,0.2,27.6732917562963,2.4935608816723,-0.271750600187133,27,2.64226393590337,2.57850043895725,1.90081483533201,0,-0.00650381858865936,8787.17818505644,8727.30805510275,8980.50884132891
627.5,28.0238018819126,28.1918613031435,27.5211056685516,-0.00221469253255279,1.61337925630122,1.58486860508301,1.70227463877799,-0.00741763124565864,0.2,27.6703816514473,2.49307908583577,-0.271750600187133,27,2.6483061130419,2.5848141226112,1.90713541177863,5,-0.00699045550974962,8789.24230682533,8728.43804522562,8981.38882151506
628,28.0238018819126,28.1918613031435,27.5211056685516,-0.00272812639473742,1.61433621605795,1.58539720602267,1.70267762142528,-0.00749118158842066,0.2,27.6675558164732,2.49147460501645,-0.26702232658926,27,2.65432454884703,2.59110592176837,1.91343517541325,5,-0.00861105815234918,8791.29005050274,8729.56180417147,8982.26881307353
628.5,28.0238018819126,28.1918613031435,27.5211056685516,-0.00336217395206617,1.61528536886676,1.58592280741128,1.70308051594767,-0.00749118158842066,0.2,27.6648115767382,2.48949320639979,-0.26702232658926,27,2.66031933660483,2.59737591228483,1.9197141749918,5,-0.0106123658623017,8793.32152948378,8730.67932005616,8983.14869376516
629,27.9958164360544,28.1918613031435,27.5211056685516,-0.00390782147878923,1.61622676905759,1.58644540600953,1.70348326790211,-0.00749118158842066,0.2,27.6621463467082,2.48778805787878,-0.26702232658926,27,2.66629056923481,2.60362416975371,1.92597245960536,5,-0.0123346477156503,8795.33684939338,8731.79058373202,8984.02834463319
629.5,27.9958164360544,28.1638338174729,27.5211056685516,-0.0041934030139852,1.61716046801467,1.58696499977843,1.70388582433453,-0.00749118158842066,0.2,27.6595570832953,2.4868956155813,-0.26702232658926,27,2.67223833929138,2.60985076950612,1.93221007866804,5,-0.0132360572733429,8797.33610972963,8732.89558861306,8984.90764992926
630,27.9958164360544,28.1638338174729,27.4932415240474,-0.00408097716305917,1.61808651481663,1.58748158780148,1.70428813374596,-0.00770733528503342,0.2,27.6562765520534,2.48724694636544,-0.262510620821374,27,2.67816273896528,2.61605578661205,1.93842708190523,0,-0.01288119631748,8799.31940522628,8733.99433051119,8985.786497041
630.5,27.9958164360544,28.1638338174729,27.4932415240474,-0.00359226529172588,1.61900495760762,1.58799517021161,1.70469014605941,-0.00770733528503342,0.2,27.6530931462498,2.48877417096336,-0.262510620821374,27,2.68406386008501,2.6222392958813,1.94462351934209,0,-0.0113386261668036,8801.28682878336,8735.08680748215,8986.66477642121
631,27.9958164360544,28.1638338174729,27.4932415240474,-0.00296163681366806,1.61991584540288,1.58850574812282,1.70509181258751,-0.00770733528503342,0.2,27.6500037468433,2.49074488495729,-0.262510620821374,27,2.68994179411824,2.62840137186435,1.95079944129236,0,-0.00934811043866188,8803.23847533238,8736.17301968134,8987.54238151859
631.5,27.9958164360544,28.1638338174729,27.4932415240474,-0.00240033049240139,1.62081923028294,1.58901332356561,1.70549308600091,-0.00770733528503342,0.2,27.647005339231,2.49249896721125,-0.262510620821374,27,2.69579663217327,2.63454208885329,1.95695489834734,0,-0.00757640316621576,8805.17444653933,8737.25296922771,8988.41920871015
632,27.9678379182923,28.1638338174729,27.4932415240474,-0.0020821055631157,1.62171516662196,1.58951789942662,1.70589392029725,-0.00749087948958049,0.2,27.6440950096821,2.49349342011526,-0.25763800387285,27,2.70162846500037,2.64066152088268,1.96308994136519,0,-0.00657195799941841,8807.09484915571,8738.32666007644,8989.29515723494
632.5,27.9678379182923,28.1638338174729,27.4932415240474,-0.00214776714385081,1.62260371054734,1.59001947939199,1.70629427077096,-0.00749087948958049,0.2,27.641269398412,2.49328822767547,-0.25763800387285,27,2.70743738299325,2.64675974173046,1.96920462146044,5,-0.00677921221285071,8808.99979386304,8739.3940978993,8990.17012912931
633,27.9678379182923,28.1638338174729,27.4932415240474,-0.00260839563014855,1.62348491846234,1.59051806789402,1.70669409398361,-0.00749087948958049,0.2,27.638525274776,2.49184876365579,-0.25763800387285,27,2.71322347619043,2.65283682491886,1.97529898999381,5,-0.00823313996700088,8810.88939210662,8740.45528997219,8991.04402916366
633.5,27.9678379182923,28.1638338174729,27.4932415240474,-0.00323631266907498,1.62435884574804,1.59101367006104,1.70709334773491,-0.00749087948958049,0.2,27.6358600585509,2.48988652290914,-0.25763800387285,27,2.71898683427666,2.65889284371526,1.98137309856215,5,-0.0102150973086683,8812.76375330997,8741.51024506918,8991.91676478034
634,27.9678379182923,28.1638338174729,27.4932415240474,-0.00381450856653416,1.62522554397041,1.59150629167046,1.70749199103444,-0.00774043849884265,0.2,27.6332712553671,2.48807966072958,-0.253308502146847,27,2.72472754658428,2.66492787113307,1.98742699898873,5,-0.0120401148394084,8814.62297887895,8742.55897336339,8992.78824603316
634.5,27.9398663062505,28.1358133946584,27.4932415240474,-0.00416417899888756,1.62608506168026,1.59199593910458,1.70788998407386,-0.00774043849884265,0.2,27.6307564537838,2.48698694062848,-0.253308502146847,27,2.73044570209462,2.67094197993263,1.99346074331369,5,-0.0131438145920887,8816.46716390848,8743.60148633359,8993.65838552802
635,27.9398663062505,28.1358133946584,27.4932415240474,-0.00414019480580521,1.62693744490174,1.59248261930916,1.70828728819982,-0.00774043849884265,0.2,27.6275486621865,2.48706189123186,-0.253308502146847,27,2.73614138943939,2.67693524262209,1.99947438378472,0,-0.0130681108850436,8818.29639822305,8744.63779667658,8994.52709836498
635.5,27.9398663062505,28.1358133946584,27.4932415240474,-0.00370882978479628,1.62778273866867,1.59296633975436,1.70868386588742,-0.00774043849884265,0.2,27.6244355972598,2.48840990692251,-0.253308502146847,27,2.74181469690201,2.68290773145823,2.00546797284797,0,-0.011706550332731,8820.11076966788,8745.66791822462,8995.39430208141
636,27.9398663062505,28.1358133946584,27.4653839084336,-0.00308840959693882,1.62862098806888,1.59344710839846,1.70907968071434,-0.00750631608309504,0.2,27.6214142213683,2.49034872000957,-0.248565688547311,27,2.74746571241907,2.68885951844742,2.01144156313919,0,-0.00974825605177768,8821.91036634778,8746.69186586873,8996.25991659681
636.5,27.9398663062505,28.1358133946584,27.4653839084336,-0.00249819930258724,1.62945224135908,1.59392493365343,1.70947469733544,-0.00750631608309504,0.2,27.618481598516,2.49219312717941,-0.248565688547311,27,2.75309452358157,2.69479067534642,2.01739520747501,0,-0.00788531627868636,8823.69528331484,8747.70965548569,8997.12386415835
637,27.9398663062505,28.1358133946584,27.4653839084336,-0.00211912006594204,1.63027654919828,1.59439982435283,1.709868881458,-0.00750631608309504,0.2,27.6156348908772,2.49337774979393,-0.248565688547311,27,2.75870121763639,2.70070127366327,2.02332895884452,0,-0.00668879057613946,8825.46562092694,8748.7213038702,8997.98606928792
637.5,27.9119015775771,28.1358133946584,27.4653839084336,-0.00209777658451017,1.63109396424431,1.59487178972166,1.71026219981744,-0.00750631608309504,0.2,27.6128713554469,2.49344444817341,-0.248565688547311,27,2.76428588148757,2.70659138465815,2.02924287040096,5,-0.00662142201134791,8827.2214839844,8749.72682867096,8998.84645873035
638,27.9119015775771,28.1358133946584,27.4653839084336,-0.00249521932405912,1.63190453947629,1.59534083934814,1.7106546201537,-0.00744811639265208,0.2,27.6101877975912,2.49220243961232,-0.244075119036475,27,2.76984860169769,2.71246107934424,2.03513699545366,5,-0.00787591027446021,8828.96297812772,8750.72624833087,8999.70496140267
638.5,27.9119015775771,28.1358133946584,27.4653839084336,-0.00310834059419392,1.63270832773712,1.59580698315688,1.71104611118794,-0.00744811639265208,0.2,27.6075811461576,2.49028643564314,-0.244075119036475,27,2.77538946448918,2.71831042848856,2.04101138746015,5,-0.00981116625151369,8830.6902088536,8751.71958203013,9000.56150834438
639,27.9119015775771,28.1358133946584,27.4653839084336,-0.00371194546247779,1.63350537803766,1.59627023138398,1.71143664259983,-0.00744811639265208,0.2,27.6050489746924,2.48840017042976,-0.244075119036475,27,2.78090855574571,2.72413950261285,2.04686610001845,5,-0.0117163846577649,8832.40327356892,8752.70684963352,9001.41603266894
639.5,27.9119015775771,28.1078000121794,27.4653839084336,-0.00411993157183119,1.63429573629941,1.59673059455359,1.71182618500547,-0.00744811639265208,0.2,27.6025889373377,2.48712521383803,-0.244075119036475,27,2.78640596101347,2.72994837199442,2.05270118685955,5,-0.013004152013328,8834.10226317841,8753.68807164051,9002.2684695163
640,27.9119015775771,28.1078000121794,27.4653839084336,-0.00418114927450802,1.63507944577527,1.59718808345583,1.71221470993557,-0.00750591330549355,0.2,27.5994348411473,2.48693390851716,-0.239773936458909,27,2.79188176550252,2.73573710666695,2.05851670184009,5,-0.0131973795700571,8835.78726298196,8754.66326913851,9003.11875600641
640.5,27.8839437099441,28.1078000121794,27.4653839084336,-0.00381796969908976,1.63585654851783,1.59764270912603,1.71260218981419,-0.00750591330549355,0.2,27.5963747736688,2.48806884469034,-0.239773936458909,27,2.79733605408811,2.7415057764214,2.06431269893517,0,-0.0120510395582069,8837.45835582584,8755.63246375869,9003.96683119371
641,27.8839437099441,28.1078000121794,27.4653839084336,-0.0032165131702979,1.63662708610561,1.59809448282552,1.71298859793811,-0.00750591330549355,0.2,27.5934051624016,2.48994839634282,-0.239773936458909,27,2.80276891131199,2.7472544508068,2.07008923223136,0,-0.0101526021707283,8839.11562366132,8756.59567763518,9004.81263602283
641.5,27.8839437099441,28.1078000121794,27.4653839084336,-0.00260462285636308,1.63739110308234,1.59854341602334,1.71337390845643,-0.00750591330549355,0.2,27.5905225713995,2.49186055357387,-0.239773936458909,27,2.80818042138374,2.75298319913113,2.07584635591986,0,-0.00822123158382442,8840.75915494166,8757.55293336622,9005.65611328504
642,27.8839437099441,28.1078000121794,27.4653839084336,-0.00217054296109254,1.63814864655825,1.59898952037931,1.71375809635072,-0.00710946059840012,0.2,27.5877242219081,2.49321705324659,-0.235089688763247,27,2.81357066818202,2.75869209046213,2.08158412428985,0,-0.00685110180239248,8842.38904376847,8758.50425397802,9006.4972075758
642.5,27.8839437099441,28.1078000121794,27.4375327997469,-0.00206745461876892,1.63889976573461,1.59943280772799,1.7141411374157,-0.00710946059840012,0.2,27.5850074279637,2.49353920431635,-0.235089688763247,27,2.81893973525594,2.7643811936281,2.08730259172196,0,-0.00652571375868222,8844.00538887196,8759.44966289075,9007.33586525324
643,27.8839437099441,28.1078000121794,27.4375327997469,-0.00239052975609894,1.63964451065028,1.59987329006385,1.7145230082402,-0.00710946059840012,0.2,27.5823695932284,2.49252959451219,-0.235089688763247,27,2.82428770582632,2.77005057721883,2.09300181268192,5,-0.0075454681221507,8845.60829091532,8760.3891838868,9008.17203439755
643.5,27.8839437099441,28.1078000121794,27.4375327997469,-0.00297986307877977,1.64038293130405,1.600310979527,1.71490368618859,-0.00710946059840012,0.2,27.5798082079345,2.49068792787881,-0.235089688763247,27,2.82961466278697,2.77570030958633,2.09868184171439,5,-0.00940563982186047,8847.19785060543,8761.32284108051,9009.00566477112
644,27.8559926810467,28.1078000121794,27.4375327997469,-0.00360144607555114,1.64111507448129,1.60074588839008,1.71528314938261,-0.00715929059433051,0.2,27.5773208459347,2.4887454810139,-0.230928338373897,27,2.83492068870599,2.78133045884566,2.10434273343688,5,-0.0113676043928696,8848.77416185853,8762.25065889008,9009.83670777966
644.5,27.8559926810467,28.1078000121794,27.4375327997469,-0.00406171275141745,1.64184098367013,1.6011780290458,1.71566137668363,-0.00715929059433051,0.2,27.5749046189044,2.48730714765182,-0.230928338373897,27,2.84020586582705,2.78694109287584,2.10998454253382,5,-0.012820390128574,8850.33731161247,8763.17266201105,9010.66511643414
645,27.8559926810467,28.0797936475394,27.4375327997469,-0.00420281856729332,1.64256069963046,1.60160741399533,1.71603834767524,-0.00715929059433051,0.2,27.5725567515406,2.48686619197721,-0.230928338373897,27,2.84547027607069,2.79253227932057,2.11560732375086,5,-0.0132657765258046,8851.88738104512,8764.08887539146,9011.4908453136
645.5,27.8559926810467,28.0797936475394,27.4375327997469,-0.00391773395362364,1.64327426149759,1.60203405583729,1.7164140426462,-0.00715929059433051,0.2,27.5695113693186,2.48775708139493,-0.230928338373897,27,2.85071400103551,2.79810408558909,2.12121113188919,0,-0.0123659354512177,8853.42444794604,8764.99932420831,9012.31385052852
646,27.8559926810467,28.0797936475394,27.4375327997469,-0.00334432464069437,1.6439817078183,1.6024579672576,1.71678844257394,-0.00699481001899471,0.2,27.5665564845096,2.48954898549783,-0.22662259380382,27,2.85593712199953,2.80365657885698,2.12679602180007,0,-0.0105560262958877,8854.94858894464,8765.90403384588,9013.13408968548
646.5,27.8559926810467,28.0797936475394,27.4375327997469,-0.0027182707142552,1.644683079516,1.60287916101995,1.7171615291082,-0.00699481001899471,0.2,27.5636891864314,2.49150540401795,-0.22662259380382,27,2.86113971992138,2.809189826067,2.1323620483795,0,-0.00857994968247511,8856.45988589788,8766.80302987523,9013.95152185213
647,27.8559926810467,28.0797936475394,27.4375327997469,-0.00223530641081126,1.64537842030906,1.60329764995682,1.71753328455528,-0.00699481001899471,0.2,27.5609066618901,2.49301466746621,-0.22662259380382,27,2.8663218754416,2.81470389392984,2.13790926656295,0,-0.00705552115508467,8857.95842679499,8767.6963380351,9014.76610752331
647.5,27.828048468604,28.0797936475394,27.4375327997469,-0.00205532682290624,1.64606777610198,1.6037134469611,1.71790369186237,-0.00699481001899471,0.2,27.5582061918525,2.49357710367842,-0.22662259380382,27,2.87148366888388,2.82019884892496,2.14343773132031,0,-0.00648743358382125,8859.44430444856,8768.58398421379,9015.57780858768
648,27.828048468604,28.0797936475394,27.4375327997469,-0.00229632938409509,1.64675119404086,1.60412656497834,1.71827273460247,-0.00667529736486472,0.2,27.5555846054168,2.4928239706747,-0.222233842166717,27,2.87662518025625,2.82567475730143,2.14894749765088,5,-0.00724813406795774,8860.91761446077,8769.4659944326,9016.3865882951
648.5,27.828048468604,28.0797936475394,27.4375327997469,-0.00285254783498914,1.64742872138636,1.60453701699931,1.71864039695955,-0.00667529736486472,0.2,27.5530388545188,2.49108578801566,-0.222233842166717,27,2.88174648925242,2.83113168507865,2.15443862057854,5,-0.00900378198635972,8862.37845279382,8770.34239482982,9017.192411225
649,27.828048468604,28.0797936475394,27.4096881760459,-0.00348438003928337,1.64810040286336,1.60494481605304,1.71900666371388,-0.00667529736486472,0.2,27.5505665347853,2.48911131237724,-0.222233842166717,27,2.88684767525293,2.83656969804718,2.15991115514703,5,-0.010998097155994,8863.82691005323,8771.21321164571,9017.99524325483
649.5,27.828048468604,28.0797936475394,27.4096881760459,-0.00399062485054955,1.64876627971449,1.60534997520039,1.71937152022797,-0.00667529736486472,0.2,27.5481653218609,2.48752929734203,-0.222233842166717,27,2.89192881732643,2.84198886176957,2.1653651564153,5,-0.0125960082782746,8865.26306944079,8772.07847120873,9018.79505152988
650,27.828048468604,28.0797936475394,27.4096881760459,-0.00420660094228523,1.64942639038982,1.60575250752788,1.71973495243255,-0.00677054360679108,0.2,27.5458329686837,2.48685437205536,-0.218333187473493,27,2.89698999423087,2.84738924158108,2.17080067945306,5,-0.0132777152142291,8866.68700823554,8772.93819992217,9019.59180443323
650.5,27.828048468604,28.0797936475394,27.4096881760459,-0.00400610100907201,1.65008077138523,1.60615242614199,1.720096946813,-0.00677054360679108,0.2,27.5435673028538,2.48748093434665,-0.218333187473493,27,2.90203128441477,2.85277090259053,2.17621777933635,0,-0.0126448572250349,8868.0987995971,8773.79242425189,9020.3854715566
651,27.8001110503583,28.0517942782663,27.4096881760459,-0.00347015852891005,1.65072945846533,1.60654974416387,1.72045749039609,-0.00677054360679108,0.2,27.5413662240925,2.48915575459716,-0.218333187473493,27,2.90705276601839,2.85813390968104,2.18161651114328,0,-0.0109532083806517,8869.49851520051,8774.64117071481,9021.17602367184
651.5,27.8001110503583,28.0517942782663,27.4096881760459,-0.00283775653589501,1.65137248910733,1.60694447472436,1.72081657073696,-0.00677054360679108,0.2,27.5384636163047,2.49113201082533,-0.218333187473493,27,2.91205451687492,2.86347832751086,2.18699692994986,0,-0.00895709472989901,8870.88623050851,8775.4844658682,9021.96343270302
652,27.8001110503583,28.0517942782663,27.4096881760459,-0.00231229214711377,1.65200990378529,1.60733663095938,1.72117417590642,-0.0066250630139848,0.2,27.5356468935052,2.49277408704027,-0.214258757402092,27,2.91703661451178,2.86880422051409,2.19235909082592,0,-0.00729851893314989,8872.26202754559,8776.3223362997,9022.74767169914
652.5,27.8001110503583,28.0517942782663,27.4096881760459,-0.00206051786481311,1.65264174525743,1.60772622600561,1.72153029447857,-0.0066250630139848,0.2,27.5329132995923,2.49356088167246,-0.214258757402092,27,2.92199913615172,2.87411165290151,2.19770304883117,0,-0.00650381858849609,8873.6259933629,8777.15480861781,9023.52871480751
653,27.8001110503583,28.0517942782663,27.4096881760459,-0.00221469253135155,1.65326805784988,1.60811327299649,1.72188491551862,-0.0066250630139848,0.2,27.5302601706825,2.49307908583953,-0.214258757402092,27,2.92694215871408,2.87940068866132,2.2030288590113,5,-0.00699045550595802,8874.97821849437,8777.98190944337,9024.30653724761
653.5,27.8001110503583,28.0517942782663,27.4096881760459,-0.00272812639473727,1.65388888615079,1.60849778505845,1.72223802857104,-0.0066250630139848,0.2,27.5276849319639,2.49147460501645,-0.214258757402092,27,2.93186575881597,2.88467139155995,2.20833657639423,5,-0.00861105815234873,8876.31879413795,8778.80366540118,9025.08111528558
654,27.8001110503583,28.0517942782663,27.4096881760459,-0.00336217395206617,1.65450427297232,1.60887977530725,1.72258962364797,-0.00629996932454446,0.2,27.5251850946583,2.48949320639979,-0.210074037863339,27,2.93677001277345,2.88992382514275,2.21362625598645,5,-0.0106123658623017,8877.64780775316,8779.62010311212,9025.85242620931
654.5,27.8001110503583,28.0517942782663,27.4096881760459,-0.00390782147878923,1.65511425749171,1.60925925684474,1.72293969121777,-0.00629996932454446,0.2,27.5227582530875,2.48778805787878,-0.210074037863339,27,2.94165499660269,2.89515805273486,2.21889795276942,5,-0.0123346477156503,8878.96533904184,8780.43124918603,9026.62044830383
655,27.7721804040752,28.0517942782663,27.4096881760459,-0.0041934030139852,1.65571887602469,1.60963624275564,1.72328822219395,-0.00629996932454446,0.2,27.5204020818403,2.4868956155813,-0.210074037863339,27,2.9465207860212,2.9003741374419,2.22415172169608,5,-0.0132360572733429,8880.27146161252,8781.23713021467,9027.38516082751
655.5,27.7721804040752,28.0517942782663,27.3818500154112,-0.00408097716305917,1.65631816266651,1.61001074610467,1.72363520792433,-0.00629996932454446,0.2,27.5181137904846,2.48724694636544,-0.210074037863339,27,2.95136745644895,2.90557214215076,2.22938761768749,0,-0.01288119631748,8881.56624436025,8782.03777276537,9028.1465439887
656,27.7721804040752,28.0517942782663,27.3818500154112,-0.00359226529171792,1.65691215066532,1.61038277993372,1.72398064018031,-0.00637094366575752,0.2,27.5158906984548,2.48877417096338,-0.20635627938192,27,2.9561950830096,2.91075212953035,2.23460569562945,0,-0.0113386261667784,8882.84975443032,8782.83320337493,9028.90457892267
656.5,27.7721804040752,28.0517942782663,27.3818500154112,-0.00296163681331649,1.6575008742305,1.61075235725954,1.72432451114661,-0.00637094366575752,0.2,27.5137307560953,2.49074488495839,-0.20635627938192,27,2.96100374053158,2.91591416203235,2.23980601036936,0,-0.00934811043755216,8884.12206112452,8783.62344854433,9029.65924766948
657,27.7721804040752,28.0517942782663,27.3818500154112,-0.00240033049240154,1.65808437073016,1.61111949107127,1.72466681341106,-0.00637094366575752,0.2,27.5116319816907,2.49249896721125,-0.20635627938192,27,2.96579350354936,2.92105830189197,2.24498861671299,0,-0.00757640316621621,8885.38324065163,8784.40853473348,9030.41053315206
657.5,27.7721804040752,28.0238018819126,27.3818500154112,-0.0020821055631157,1.65866267991758,1.6114841943283,1.7250075399547,-0.00637094366575752,0.2,27.5095924591556,2.49349342011526,-0.20635627938192,27,2.97056444630449,2.92618461112872,2.25015356942149,0,-0.00657195799941841,8886.63337445896,8785.18848835634,9031.15841915483
658,27.7721804040752,28.0238018819126,27.3818500154112,-0.00214776714385096,1.65923584338901,1.61184647995836,1.72534668414204,-0.0064774919304682,0.2,27.5068469831555,2.49328822767547,-0.202738793262209,27,2.97531664274683,2.93129315154711,2.25530092320837,5,-0.00677921221285116,8887.87254806238,8785.96333577666,9031.90289030276
658.5,27.7721804040752,28.0238018819126,27.3818500154112,-0.00260839563014855,1.65980390310331,1.61220636085569,1.7256842397117,-0.0064774919304682,0.2,27.5041834505657,2.49184876365579,-0.202738793262209,27,2.98005016653566,2.93638398473745,2.2604307327366,5,-0.00823313996700088,8889.10084784689,8786.73310330398,9032.64393204117
659,27.7442565075434,28.0238018819126,27.3818500154112,-0.00323631266792162,1.66036690008112,1.61256384987905,1.726020200767,-0.0064774919304682,0.2,27.5015992205322,2.48988652291274,-0.202738793262209,27,2.98476509104087,2.94145717207653,2.26554305261582,5,-0.0102150973050278,8890.31835825279,8787.49781718909,9033.38153061547
659.5,27.7442565075434,28.0238018819126,27.3818500154112,-0.00381450856653288,1.66092487160683,1.61291895985027,1.72635456176689,-0.0064774919304682,0.2,27.4990911982832,2.48807966072958,-0.202738793262209,27,2.989461489344,2.94651277472844,2.27063793739951,5,-0.0120401148394044,8891.52515572139,8788.2575036209,9034.1156730516
660,27.7442565075434,28.0238018819126,27.3818500154112,-0.0041641789988202,1.66147785202976,1.61327170355257,1.72668731751719,-0.0060620042167443,0.2,27.4966564094977,2.48698694062869,-0.198662563799066,27,2.99413943423947,2.95155085364524,2.27571544158242,5,-0.0131438145918761,8892.72131042201,8789.0121887225,9034.84634713709
660.5,27.7442565075434,28.0238018819126,27.3818500154112,-0.00414019480580521,1.66202587325315,1.61362209372925,1.72701846316176,-0.0060620042167443,0.2,27.494292520856,2.48706189123186,-0.198662563799066,27,2.99879899823566,2.9565714695677,2.28077561959784,0,-0.0130681108850436,8893.90688730516,8789.76189854831,9035.57354140211
661,27.7442565075434,28.0238018819126,27.3818500154112,-0.00370882978479628,1.66256896627286,1.61397014308208,1.72734799417403,-0.0060620042167443,0.2,27.4919972768514,2.48840990692251,-0.198662563799066,27,3.00344025355608,2.96157468302608,2.28581852581518,0,-0.011706550332731,8895.08194942771,8790.5066590804,9036.29724510111
661.5,27.7442565075434,28.0238018819126,27.3818500154112,-0.00308840959693882,1.66310716222295,1.61431586427047,1.72767590634885,-0.0060620042167443,0.2,27.4897684971389,2.49034872000957,-0.198662563799066,27,3.00806327214038,2.96656055434082,2.2908442145374,0,-0.00974825605177768,8896.24656021378,8791.24649622659,9037.01744819525
662,27.7442565075434,28.0238018819126,27.3818500154112,-0.00249819930258724,1.66364049549516,1.61465926991008,1.72800219579422,-0.00603240631693325,0.2,27.4876040739747,2.49219312717941,-0.195041629589873,27,3.01266812564561,2.97152914362328,2.29585273999869,0,-0.00788531627868636,8897.40079020573,8791.98143581726,9037.73414133455
662.5,27.7442565075434,28.0238018819126,27.3818500154112,-0.00211912006561533,1.66416900297037,1.61500037257198,1.72832685892348,-0.00603240631693325,0.2,27.4855019697441,2.49337774979495,-0.195041629589873,27,3.01725488544723,2.97648051077645,2.30084415636207,0,-0.00668879057510824,8898.54471540403,8792.71150360339,9038.44731584106
663,27.7442565075434,28.0238018819126,27.3540182959448,-0.00209777658517126,1.66469272361393,1.61533918478168,1.72864989244755,-0.00603240631693325,0.2,27.4834602145749,2.49344444817134,-0.195041629589873,27,3.02182362264025,2.9814147154957,2.30581851771714,5,-0.00662142201343457,8899.67841639386,8793.43672525429,9039.15696369198
663.5,27.7163393385747,28.0238018819126,27.3540182959448,-0.00249521932405912,1.6652116967948,1.61567571901838,1.72897129336737,-0.00603240631693325,0.2,27.4814769040315,2.49220243961232,-0.195041629589873,27,3.02637440804033,2.98633181726946,2.31077587807788,5,-0.00787591027446021,8900.80197470759,8794.1571263559,9039.86307750349
664,27.7163393385747,28.0238018819126,27.3540182959448,-0.00310834059419392,1.66572596182692,1.61600998771398,1.72929105896649,-0.00633863985106586,0.2,27.4795496545992,2.49028643564314,-0.191819861839683,27,3.03090731218487,2.99123187538,2.31571629138047,5,-0.00981116625151369,8901.91547183141,8794.87273240837,9040.56565051461
664.5,27.7163393385747,27.9958164360544,27.3540182959448,-0.00371194546247779,1.66623555426722,1.61634200325244,1.7296091868038,-0.00633863985106586,0.2,27.4776761787836,2.48840017042976,-0.191819861839683,27,3.03542240533413,2.99611494890407,2.32063981148124,5,-0.0117163846577649,8903.01898118736,8795.58356882469,9041.2646765715
665,27.7163393385747,27.9958164360544,27.3540182959448,-0.00411993157183119,1.6667405066593,1.61667177796904,1.7299256747065,-0.00633863985106586,0.2,27.4750916432691,2.48712521383803,-0.191819861839683,27,3.03991975747227,3.00098109671366,2.32554649215459,5,-0.013004152013328,8904.11256973835,8796.28966092879,9041.96015011229
665.5,27.7163393385747,27.9958164360544,27.3540182959448,-0.00418114927450802,1.66724084895453,1.61699932414972,1.73024052076311,-0.00633863985106586,0.2,27.4725839251299,2.48693390851716,-0.191819861839683,27,3.04439943830848,3.0058303774767,2.33043638709105,5,-0.0131973795700571,8905.19629889595,8796.99103395401,9042.65206615195
666,27.7163393385747,27.9958164360544,27.3540182959448,-0.0038179696990278,1.66773660998239,1.6173246540304,1.73055372331671,-0.00604913337508606,0.2,27.4701505540284,2.48806884469054,-0.188060221611372,27,3.04886151727805,3.01066284965777,2.33530954989534,0,-0.0120510395580113,8906.27022770161,8797.68771304149,9043.3404202676
666.5,27.7163393385747,27.9958164360544,27.3540182959448,-0.00321651316900812,1.66822781817735,1.61764777979662,1.73086528095839,-0.00604913337508606,0.2,27.4677891423407,2.48994839634685,-0.188060221611372,27,3.05330606354341,3.01547857151879,2.34016603408451,0,-0.0101526021666572,8907.33441439954,8798.37972323923,9044.02520858442
667,27.7163393385747,27.9958164360544,27.3540182959448,-0.00260462285636308,1.66871450502286,1.61796871358299,1.7311751925207,-0.00604913337508606,0.2,27.4654973823347,2.49186055357387,-0.188060221611372,27,3.05773314599528,3.02027760111974,2.34500589308612,0,-0.00822123158382442,8908.38892389828,8799.06708950071,9044.70642776143
667.5,27.7163393385747,27.9958164360544,27.3540182959448,-0.00217054296109254,1.66919670465138,1.61828746747283,1.73148345707141,-0.00604913337508606,0.2,27.4632730434448,2.49321705324659,-0.188060221611372,27,3.06214283325366,3.02505999631934,2.3498291802365,0,-0.00685110180239248,8909.4338269068,8799.749836684,9045.38407497793
668,27.7163393385747,27.9958164360544,27.3540182959448,-0.00206745461876892,1.66967445336767,1.61860405349778,1.73179007390732,-0.0058397063855864,0.2,27.4611139696406,2.49353920431635,-0.184445587856246,27,3.06653519366891,3.02982581477578,2.35463594877903,0,-0.00652571375868222,8910.4691989039,8800.42798955075,9046.05814792014
668.5,27.6884288750039,27.9958164360544,27.3540182959448,-0.00239052975609894,1.6701477883929,1.6189184836377,1.73209504254831,-0.0058397063855864,0.2,27.4590180768864,2.49252959451219,-0.184445587856246,27,3.07091029532287,3.03457511394738,2.35942625186244,5,-0.0075454681221507,8911.49511741785,8801.10157276578,9046.72864476826
669,27.6884288750039,27.9958164360544,27.3540182959448,-0.00297986307911287,1.67061674698534,1.61923076982007,1.7323983627313,-0.0058397063855864,0.2,27.4569828085264,2.49068792787777,-0.184445587856246,27,3.07526820602981,3.03930795109329,2.36420014253928,5,-0.00940563982291188,8912.51166012052,8801.77061089572,9047.39556418343
669.5,27.6884288750039,27.9958164360544,27.3540182959448,-0.00360144607554147,1.67108136326205,1.61954092391987,1.73270003440456,-0.0058397063855864,0.2,27.4550057100273,2.48874548101393,-0.184445587856246,27,3.07960899333757,3.04402438327423,2.36895767376427,5,-0.0113676043928391,8913.51889793608,8802.43512840847,9048.05890529537
670,27.6884288750039,27.9958164360544,27.3540182959448,-0.00406171275101258,1.67154166811475,1.61984895775934,1.7330000577221,-0.00597034504546912,0.2,27.4530849499062,2.48730714765309,-0.181233979962462,27,3.0839327245286,3.04872446735308,2.37369889839285,5,-0.0128203901272961,8914.51689485417,8803.09514967261,9048.71866769015
670.5,27.6884288750039,27.9958164360544,27.3540182959448,-0.00420281856729332,1.67199768977935,1.62015488310763,1.73329843303805,-0.00597034504546912,0.2,27.4512187574189,2.48686619197721,-0.181233979962462,27,3.08823946662093,3.05340825999566,2.37842386917966,5,-0.0132657765258046,8915.50570916063,8803.75069895651,9049.37485139805
671,27.6884288750039,27.9958164360544,27.3261929957707,-0.00391773395362364,1.67244945494102,1.62045871168062,1.73359516090134,-0.00597034504546912,0.2,27.4494054204955,2.48775708139493,-0.181233979962462,27,3.09252928636929,3.05807581767136,2.38313263877714,0,-0.0123659354512177,8916.48539583033,8804.40180042768,9050.027456882
671.5,27.6884288750039,27.9958164360544,27.3261929957707,-0.00334432464069437,1.67289698977116,1.62076045514077,1.73389024205043,-0.00597034504546912,0.2,27.4476432837457,2.48954898549783,-0.181233979962462,27,3.09680225026611,3.06272719665383,2.38782525973412,0,-0.0105560262958877,8917.45600877407,8805.04847815245,9050.6764850261
672,27.6884288750039,27.9958164360544,27.3261929957707,-0.0027182707142552,1.67334032289621,1.6210601250971,1.73418367740808,-0.00639344647528617,0.2,27.4459307465338,2.49150540401795,-0.17837229861351,27,3.10105842454254,3.06736245302168,2.39250178449452,0,-0.00857994968247511,8918.4176072772,8805.69075609559,9051.32193712433
672.5,27.6884288750039,27.9678379182923,27.3261929957707,-0.0022353064095644,1.673779485816,1.62135773310494,1.73447546807648,-0.00639344647528617,0.2,27.4442662611193,2.49301466747011,-0.17837229861351,27,3.10529787516951,3.07198164265915,2.39716226539599,0,-0.00705552115114908,8919.37025690931,8806.32865811982,9051.9638148699
673,27.6884288750039,27.9678379182923,27.3261929957707,-0.00205532682290524,1.6742145122935,1.62165329066606,1.73476561533223,-0.00639344647528617,0.2,27.4418853566821,2.49357710367842,-0.17837229861351,27,3.10952066785871,3.07658482125673,2.40180675466871,0,-0.00648743358381811,8920.31402820272,8806.9622079858,9052.60212034433
673.5,27.6884288750039,27.9678379182923,27.3261929957707,-0.00229632938401565,1.67464543740853,1.62194680922861,1.73505412062162,-0.00639344647528617,0.2,27.4395758827363,2.49282397067495,-0.17837229861351,27,3.11372686806364,3.08117204431191,2.4064353044341,5,-0.007248134067707,8921.24899460121,8807.59142935186,9053.23685600721
674,27.6605250946888,27.9678379182923,27.3261929957707,-0.002852547834989,1.67507229642867,1.62223830018708,1.73534098555589,-0.00618758543809861,0.2,27.4373355315691,2.49108578801566,-0.174934212627646,27,3.11791654098063,3.08574336712983,2.41104796670373,5,-0.00900378198635927,8922.17523001053,8808.21634577384,9053.86802468595
674.5,27.6605250946888,27.9678379182923,27.3261929957707,-0.00348438003928337,1.67549512215528,1.62252777488218,1.73562621190669,-0.00618758543809861,0.2,27.4351615308428,2.48911131237724,-0.174934212627646,27,3.1220897515498,3.09029884482388,2.41564479337807,5,-0.010998097155994,8923.09280303821,8808.83698070459,9054.49562956573
675,27.6605250946888,27.9678379182923,27.3261929957707,-0.00399062485054955,1.6759139439754,1.62281524460093,1.73590980160148,-0.00618758543809861,0.2,27.433051217925,2.48752929734203,-0.174934212627646,27,3.12624656445616,3.09483853231646,2.42022583624547,5,-0.0125960082782746,8924.00177493264,8809.45335749414,9055.11967417967
675.5,27.6605250946888,27.9678379182923,27.3261929957707,-0.00420660094228523,1.67632878855221,1.62310072057656,1.73619175671929,-0.00618758543809861,0.2,27.4310025604286,2.48685437205536,-0.174934212627646,27,3.1303870441305,3.09936248433958,2.42479114698104,5,-0.0132777152142291,8924.90220107757,8810.06549938922,9055.74016239948
676,27.6605250946888,27.9678379182923,27.3261929957707,-0.004006101008695,1.67673968066415,1.62338421398849,1.7364720794863,-0.00603097598759916,0.2,27.4290135937797,2.48748093434783,-0.171605437511865,27,3.13451125475047,3.10387075543553,2.42934077714561,0,-0.0126448572238449,8925.79413281039,8810.67342953313,9056.35709842589
676.5,27.6605250946888,27.9678379182923,27.3261929957707,-0.00347015853031024,1.67714664442913,1.62366573596237,1.73675077227172,-0.00603097598759916,0.2,27.4270824189064,2.48915575459278,-0.171605437511865,27,3.13861926024156,3.10836339995757,2.43387477818477,0,-0.0109532083850713,8926.67762007742,8811.27717096566,9056.97048677958
677,27.6605250946888,27.9678379182923,27.3261929957707,-0.00283775653589501,1.67754970575097,1.62394529757016,1.73702783758364,-0.00603097598759916,0.2,27.4252072000084,2.49113201082533,-0.171605437511865,27,3.14271112427804,3.11284047207054,2.43839320142786,0,-0.00895709472989901,8927.5527167447,8811.87674662321,9057.58033229228
677.5,27.6605250946888,27.9678379182923,27.3261929957707,-0.00231229214711377,1.67794889360469,1.62422290983028,1.73730327806518,-0.00603097598759916,0.2,27.4233861624019,2.49277408704027,-0.171605437511865,27,3.14678691028402,3.11730202575156,2.44289609808705,0,-0.00729851893314989,8928.41948339008,8812.47217933881,9058.18664009819
678,27.6605250946888,27.9678379182923,27.3261929957707,-0.00206051786481311,1.67834423932243,1.62449858370759,1.73757709649043,-0.00618622475889197,0.2,27.4216175904396,2.49356088167246,-0.168647036175845,27,3.15084668143439,3.1217481147906,2.44738351925644,0,-0.00650381858849609,8929.27798575519,8813.06349184208,9058.78941562527
678.5,27.6605250946888,27.9678379182923,27.3261929957707,-0.00221469253135155,1.67873577587582,1.62477233011368,1.73784929576075,-0.00618622475889197,0.2,27.4198998255016,2.49307908583953,-0.168647036175845,27,3.15489050065581,3.12617879279124,2.45185551591118,5,-0.00699045550595802,8930.12829318853,8813.65070675966,9059.38866458713
679,27.6605250946888,27.9678379182923,27.3261929957707,-0.00272812639473614,1.67912353656801,1.62504415990689,1.73811987890106,-0.00618622475889197,0.2,27.4182312640558,2.49147460501645,-0.168647036175845,27,3.1589184306277,3.13059411317124,2.45631213890664,5,-0.00861105815234514,8930.97047580561,8814.23384661515,9059.98439297484
679.5,27.6605250946888,27.9678379182923,27.2983740930341,-0.00336217395199284,1.67950755299299,1.62531408389238,1.73838884905611,-0.00618622475889197,0.2,27.4166103557843,2.48949320640002,-0.168647036175845,27,3.16293053378316,3.13499412916319,2.46075343897758,5,-0.0106123658620702,8931.80460005592,8814.81293382903,9060.57660704893
680,27.6326279755097,27.9678379182923,27.2983740930341,-0.00390782147742399,1.67988785317407,1.62558211282228,1.73865620948702,-0.00661366157939369,0.2,27.4150356017755,2.48778805788305,-0.16601424071018,27,3.16692687231,3.13937889381517,2.46517946673738,5,-0.0123346477113411,8932.63072467674,8815.38799071899,9061.16531333166
680.5,27.6326279755097,27.9678379182923,27.2983740930341,-0.00419340301398535,1.68026446233809,1.62584825739574,1.73892196356766,-0.00661366157939369,0.2,27.4135050108748,2.4868956155813,-0.16601424071018,27,3.17090750815169,3.14374845999141,2.4695902726773,5,-0.0132360572733433,8933.44890237118,8815.9590394998,9061.75051859927
681,27.6326279755097,27.9398663062505,27.2983740930341,-0.00408097716305932,1.68063740355694,1.626112528259,1.73918611478138,-0.00661366157939369,0.2,27.4120166748342,2.48724694636544,-0.16601424071018,27,3.17487250300827,3.14810288037286,2.47398590716573,0,-0.0128811963174804,8934.25918119909,8816.52610228336,9062.33222987471
681.5,27.6326279755097,27.9398663062505,27.2983740930341,-0.00359226529171806,1.68100669912218,1.62637493600548,1.73944866671757,-0.00661366157939369,0.2,27.409806503788,2.48877417096338,-0.16601424071018,27,3.17882191833735,3.1524422074579,2.47836642044749,0,-0.0113386261667789,8935.06160756153,8817.08920107878,9062.91045442016
682,27.6326279755097,27.9398663062505,27.2983740930341,-0.00296163681331649,1.68137237235503,1.62663549117609,1.7397096230685,-0.00667577617775805,0.2,27.4076623385393,2.49074488495839,-0.16306493541574,27,3.18275581535509,3.15676649356294,2.4827318626432,0,-0.00934811043755216,8935.85623013299,8817.64835779291,9063.48519973011
682.5,27.6326279755097,27.9398663062505,27.2983740930341,-0.00240033049341946,1.68173444980593,1.62689420425922,1.73996898762615,-0.00667577617775805,0.2,27.4055820513975,2.49249896720806,-0.16306493541574,27,3.18667425503708,3.16107579082303,2.48708228374857,0,-0.00757640316942918,8936.64310464233,8818.20359423023,9064.05647352439
683,27.6326279755097,27.9398663062505,27.2983740930341,-0.00208210556310391,1.68209296047947,1.62715108569105,1.74022676427907,-0.00667577617775805,0.2,27.4035635859782,2.4934934201153,-0.16306493541574,27,3.19057729811935,3.16537015119252,2.49141773363385,0,-0.00657195799938118,8937.42229219054,8818.75493209326,9064.62428374135
683.5,27.6326279755097,27.9398663062505,27.2983740930341,-0.00214776714338583,1.68244793529119,1.6274061458557,1.74048295700943,-0.00667577617775805,0.2,27.4016049547706,2.49328822767692,-0.16306493541574,27,3.19446500509926,3.16964962644566,2.49573826204317,5,-0.00677921221138305,8938.1938580719,8819.3023929829,9065.18863853139
684,27.6326279755097,27.9398663062505,27.2983740930341,-0.00260839563014855,1.68279940558509,1.62765939508552,1.7407375698901,-0.00645116757850417,0.2,27.3997042367871,2.49184876365579,-0.159881694714822,27,3.19833743623646,3.17391426817728,2.50004391859403,5,-0.00823313996700088,8938.95786855228,8819.8459983989,9065.74954625044
684.5,27.6326279755097,27.9398663062505,27.2983740930341,-0.00323631266792162,1.68314740183114,1.62791084366105,1.74099060708168,-0.00645116757850417,0.2,27.3978595752943,2.48988652291274,-0.159881694714822,27,3.20219465155384,3.17816412780335,2.50433475277668,5,-0.0102150973050278,8939.71438803742,8820.3857697396,9066.30701545362
685,27.6326279755097,27.9398663062505,27.2983740930341,-0.00381450856653288,1.68349195082383,1.62816050181133,1.74124207282972,-0.00645116757850417,0.2,27.3960691756228,2.48807966072958,-0.159881694714822,27,3.20603671083842,3.18239925656159,2.50861081395368,5,-0.0120401148394044,8940.46347298085,8820.92172830254,9066.861054889
685.5,27.6326279755097,27.9398663062505,27.2983740930341,-0.0041641789988202,1.6838330764841,1.62840837971402,1.74149197146196,-0.00645116757850417,0.2,27.394331303051,2.48698694062869,-0.159881694714822,27,3.20986367364234,3.18661970551218,2.51287215135935,5,-0.0131438145918761,8941.20517362382,8821.45389528449,9067.41167349166
686,27.6326279755097,27.9398663062505,27.2983740930341,-0.00414019480447564,1.68417080034868,1.62865448749547,1.74174030738562,-0.00653003993123491,0.2,27.3926442807627,2.48706189123601,-0.157057712305067,27,3.2136755992837,3.19082552553827,2.51711881409926,0,-0.0130681108808469,8941.9395350565,8821.98229178167,9067.95888037761
686.5,27.6326279755097,27.9398663062505,27.2983740930341,-0.00370882978479443,1.68450514310989,1.62889883523083,1.74198708508475,-0.00653003993123491,0.2,27.3910064878741,2.48840990692252,-0.157057712305067,27,3.21747254684754,3.19501676734665,2.52135085114987,0,-0.0117065503327251,8942.66660056437,8822.50693878969,9068.50268483807
687,27.6047374953695,27.9398663062505,27.2983740930341,-0.00308840959693882,1.68483612566222,1.62914143294448,1.74223230911774,-0.00653003993123491,0.2,27.3894163575298,2.49034872000957,-0.157057712305067,27,3.22125457518675,3.19919348146837,2.52556831135799,0,-0.00974825605177768,8943.38641390311,8823.02785720441,9069.04309633397
687.5,27.6047374953695,27.9398663062505,27.2983740930341,-0.00249819930258724,1.68516377222433,1.62938229060998,1.74247598411469,-0.00653003993123491,0.2,27.3878718332902,2.49219312717941,-0.157057712305067,27,3.22502174292296,3.20335571825929,2.52977124344042,0,-0.00788531627868636,8944.09902608902,8823.54506782182,9069.58012449014
688,27.6047374953695,27.9398663062505,27.2983740930341,-0.00211912006561533,1.68548810956933,1.62962141815048,1.74271811477516,-0.00687271042531279,0.2,27.3863709440535,2.49337774979495,-0.15454837762141,27,3.22877410844747,3.20750352790076,2.53395969598355,0,-0.00668879057510824,8944.80449372703,8824.05859133862,9070.11377909035
688.5,27.6047374953695,27.9398663062505,27.2983740930341,-0.00209777658517126,1.68580916661925,1.62985882543881,1.74295870586562,-0.00687271042531279,0.2,27.3849123251822,2.49344444817134,-0.15454837762141,27,3.23251172992212,3.21163696040018,2.53813371744297,5,-0.00662142201343457,8945.50287813019,8824.56844835251,9070.64407007177
689,27.6047374953695,27.9398663062505,27.2705615659016,-0.00249521932404846,1.68612697276199,1.63009452229795,1.74319776221723,-0.00687271042531279,0.2,27.3834946571451,2.49220243961235,-0.15454837762141,27,3.23623466528024,3.21575606559162,2.54229335614312,5,-0.00787591027442657,8946.19424165945,8825.0746593629,9071.17100752006
689.5,27.6047374953695,27.9398663062505,27.2705615659016,-0.00310834059375978,1.68644155739198,1.63032851850087,1.74343528872355,-0.00687271042531279,0.2,27.382116663986,2.4902864356445,-0.15454837762141,27,3.23994297222752,3.2198608931364,2.54643866027696,5,-0.00981116625014336,8946.87864672423,8825.57724477062,9071.69460166425
690,27.6047374953695,27.9398663062505,27.2705615659016,-0.00371194546469837,1.68675294620422,1.630560823771,1.74367129033824,-0.00744076881944977,0.2,27.3807771118453,2.48840017042282,-0.152310844738112,27,3.24363670824291,3.22395149252372,2.55056967790563,5,-0.0117163846647739,8947.55614771853,8826.07622487869,9072.21486287175
690.5,27.6047374953695,27.9398663062505,27.2705615659016,-0.00411993157183119,1.68706116193856,1.63079144778226,1.74390577207302,-0.00744076881944977,0.2,27.3794748075321,2.48712521383803,-0.152310844738112,27,3.2473159305795,3.22802791307123,2.55468645695817,5,-0.013004152013328,8948.22679263699,8826.57161989231,9072.73180164379
691,27.6047374953695,27.9119015775771,27.2705615659016,-0.00418114927450802,1.68736622480092,1.63102040015925,1.74413873899536,-0.00744076881944977,0.2,27.3782085971453,2.48693390851716,-0.152310844738112,27,3.25098069626543,3.23209020392563,2.55878904523122,5,-0.0131973795700571,8948.89062398902,8827.06344991929,9073.24542861044
691.5,27.6047374953695,27.9119015775771,27.2705615659016,-0.0038179696990278,1.68766815393482,1.63124769047733,1.7443701962265,-0.00744076881944977,0.2,27.3762147665915,2.48806884469054,-0.152310844738112,27,3.25463106210476,3.2361384140633,2.56287749038876,0,-0.0120510395580113,8949.54768199895,8827.5517349699,9073.75575452612
692,27.6047374953695,27.9119015775771,27.2705615659016,-0.00321651316900812,1.68796696814855,1.63147332826304,1.74460014893947,-0.00760550254533143,0.2,27.3742811443879,2.48994839634685,-0.149712457755165,27,3.25826708467834,3.24017259229083,2.56695183996185,0,-0.0101526021666572,8950.1980061875,8828.03649495786,9074.26279026525
692.5,27.6047374953695,27.9119015775771,27.2705615659016,-0.00260462285636166,1.688262689362,1.63169732299413,1.74482860235704,-0.00760550254533143,0.2,27.3724057790133,2.49186055357387,-0.149712457755165,27,3.2618888203447,3.24419278724562,2.57101214134842,0,-0.00822123158381994,8950.84164287361,8828.51774970017,9074.76654681779
693,27.6047374953695,27.9119015775771,27.2705615659016,-0.00217054296100599,1.68855534220583,1.6319196840999,1.74505556174982,-0.00760550254533143,0.2,27.3705867844936,2.49321705324686,-0.149712457755165,27,3.26549632524094,3.24819904739653,2.57505844181301,0,-0.00685110180211931,8951.47864430389,8828.99551891783,9075.26703528494
693.5,27.6047374953695,27.9119015775771,27.2705615659016,-0.00206745461734926,1.68884495354384,1.6321404209614,1.74528103243444,-0.00760550254533143,0.2,27.3688223381638,2.49353920432078,-0.149712457755165,27,3.26908965528355,3.25219142104437,2.5790907884866,0,-0.00652571375420119,8952.10906761456,8829.46982223612,9075.76426687523
694,27.6047374953695,27.9119015775771,27.2705615659016,-0.00239052975609894,1.68913155121559,1.63235954291175,1.7455050197717,-0.00745343344280514,0.2,27.3671106785065,2.49252959451219,-0.14684427140261,27,3.27266886616934,3.25616995632257,2.58310922836642,5,-0.0075454681221507,8952.73297209525,8829.94067918519,9076.25825290032
694.5,27.6047374953695,27.9119015775771,27.2705615659016,-0.00297986307911287,1.68941516315588,1.63257705923628,1.74572752916478,-0.00745343344280514,0.2,27.3654501030652,2.49068792787777,-0.14684427140261,27,3.27623401337627,3.26013470119769,2.58711380831577,5,-0.00940563982291188,8953.35041727243,8830.40810920031,9076.74900477112
695,27.5768536321941,27.9119015775771,27.2705615659016,-0.00360144607554147,1.68969581421343,1.63279297917269,1.74594856605746,-0.00745343344280514,0.2,27.3638389664291,2.48874548101393,-0.14684427140261,27,3.27978515216429,3.26408570347004,2.59110457506383,5,-0.0113676043928391,8953.9614559823,8830.87213162204,9077.23653399378
695.5,27.5768536321941,27.9119015775771,27.2705615659016,-0.00406171275101258,1.68997352606643,1.63300731191134,1.74616813593243,-0.00745343344280514,0.2,27.362275136643,2.48730714765309,-0.14684427140261,27,3.28332233757625,3.26802301077425,2.59508157520557,5,-0.0128203901272961,8954.56613418442,8831.33276569683,9077.72085216604
696,27.5768536321941,27.9119015775771,27.2705615659016,-0.00420281856909725,1.69024831779242,1.6332200665953,1.74638624430961,-0.00757745321629955,0.2,27.3607565698898,2.48686619197157,-0.144302627955939,27,3.28684562443869,3.27194667057982,2.59904485520158,5,-0.0132657765314985,8955.16449220007,8831.79003057697,9078.2019709734
696.5,27.5768536321941,27.9119015775771,27.2705615659016,-0.00391773395360957,1.69052020697391,1.63343125232054,1.74660289674452,-0.00757745321629955,0.2,27.3592818313933,2.48775708139497,-0.144302627955939,27,3.29035506736273,3.27585673019174,2.60299446137798,0,-0.0123659354511732,8955.75656711797,8832.24394532097,9078.67990218554
697,27.5768536321941,27.9119015775771,27.2705615659016,-0.00334432464069437,1.6907892107361,1.63364087813619,1.74681809882666,-0.00757745321629955,0.2,27.357849534097,2.48954898549783,-0.144302627955939,27,3.29385072074493,3.27975323675099,2.60693043992627,0,-0.0105560262958877,8956.34239505288,8832.69452889398,9079.15465765279
697.5,27.5768536321941,27.9119015775771,27.2705615659016,-0.0027182707142552,1.69105534871776,1.63384895304474,1.74703185617799,-0.00757745321629955,0.2,27.3564583370407,2.49150540401795,-0.144302627955939,27,3.29733263876809,3.28363623723521,2.61085283690329,0,-0.00857994968247511,8956.92201761563,8833.14180016815,9079.62624930271
698,27.5768536321941,27.9119015775771,27.2705615659016,-0.0022353064095644,1.69131864348945,1.63405548600233,1.74724417445146,-0.00793730751789212,0.2,27.3551069437926,2.49301466747011,-0.142042777517031,27,3.30080087540212,3.28750577845915,2.6147616982311,0,-0.00705552115114908,8957.49548282536,8833.58577792312,9080.09468913675
698.5,27.5768536321941,27.9119015775771,27.2705615659016,-0.00205532682290524,1.69157911994234,1.63426048591888,1.74745505932951,-0.00793730751789212,0.2,27.3537941009348,2.49357710367842,-0.142042777517031,27,3.30425548440486,3.29136190707531,2.61865706969694,0,-0.00648743358381811,8958.06284377999,8834.02648084626,9080.55998922704
699,27.5768536321941,27.9119015775771,27.2705615659016,-0.00229632938401565,1.69183680434075,1.63446396165851,1.74766451652264,-0.00793730751789212,0.2,27.3525185966019,2.49282397067495,-0.142042777517031,27,3.30769651932292,3.29520466957449,2.62253899695314,5,-0.007248134067707,8958.6241565934,8834.4639275335,9081.02216171315
699.5,27.5768536321941,27.9119015775771,27.2705615659016,-0.00285254783359377,1.69209172319186,1.63466592203963,1.74787255176804,-0.00793730751789212,0.2,27.3512792590686,2.49108578802002,-0.142042777517031,27,3.31112403349253,3.29903411228635,2.62640752551712,5,-0.00900378198195539,8959.17947793367,8834.89813648936,9081.48121879907
700,27.5768536321941,27.9119015775771,27.2427553925614,-0.00348438003928152,1.6923439005892,1.63486637583516,1.7480791708282,-0.00850224854471548,0.2,27.3500749553868,2.48911131237725,-0.140029982154724,27,3.31453808004031,3.30285028137992,2.63026270077132,5,-0.0109980971559882,8959.7288592354,8835.32912612741,9081.93717275004
700.5,27.5768536321941,27.9119015775771,27.2427553925614,-0.00399062485054955,1.69259335726371,1.6350653317727,1.74828437948954,-0.00850224854471548,0.2,27.3489045900689,2.48752929734203,-0.140029982154724,27,3.3179387118842,3.30665322286426,2.63410456796319,5,-0.0125960082782746,8960.27234463031,8835.75691477049,9082.39003588962
701,27.5768536321941,27.9119015775771,27.2427553925614,-0.00420660094228523,1.69284011127457,1.63526279853475,1.74848818356117,-0.00850224854471548,0.2,27.3477671038168,2.48685437205536,-0.140029982154724,27,3.32132598173414,3.31044298258891,2.63793317220517,5,-0.0132777152142291,8960.80997245005,8836.18152065113,9082.83982059684
701.5,27.5768536321941,27.9119015775771,27.2427553925614,-0.004006101008695,1.69308417884857,1.63545878475879,1.74869058887351,-0.00850224854471548,0.2,27.3466614722941,2.48748093434783,-0.140029982154724,27,3.32469994209297,3.31421960624451,2.64174855847473,0,-0.0126448572238449,8961.34177705334,8836.60296191169,9083.28653930312
702,27.5768536321941,27.9119015775771,27.2427553925614,-0.0034701585303101,1.69332557560523,1.63565329903753,1.74889160127711,-0.00924631311836777,0.2,27.3455867049405,2.48915575459278,-0.138234681976212,27,3.32806064525728,3.31798313936329,2.64555077161429,0,-0.0109532083850708,8961.8677914942,8837.02125660467,9083.73020448969
702.5,27.5768536321941,27.8839437099441,27.2427553925614,-0.00283775653588222,1.69356431900451,1.63584634991915,1.74909122664145,-0.00924631311836777,0.2,27.3445418438276,2.49113201082537,-0.138234681976212,27,3.33140814331811,3.32173362731971,2.64933985633135,0,-0.00895709472985864,8962.38805285555,8837.4364226933,9084.1708286849
703,27.5768536321941,27.8839437099441,27.2427553925614,-0.00231229214661582,1.69380042963283,1.6360379459075,1.74928947085373,-0.00924631311836777,0.2,27.3427635515024,2.49277408704183,-0.138234681976212,27,3.33474248816187,3.32547111533091,2.65311585719842,0,-0.00729851893157817,8962.9026050528,8837.84847805181,9084.60842446146
703.5,27.5768536321941,27.8839437099441,27.2427553925614,-0.00206051786786347,1.69403393048794,1.6362280954624,1.74948633981777,-0.00924631311836777,0.2,27.3410396462524,2.49356088166293,-0.138234681976212,27,3.33806373147107,3.32919564845731,2.65687881865311,0,-0.00650381859812425,8963.41149727676,8838.25744046599,9085.04300443407
704,27.5768536321941,27.8839437099441,27.2427553925614,-0.00221469253135169,1.69426484626049,1.63641680699981,1.7496818394529,-0.00926322122228385,0.2,27.3393683541014,2.49307908583953,-0.135747341640541,27,3.34137192472515,3.33290727160317,2.66062878499818,5,-0.00699045550595847,8963.91478242896,8838.66332763352,9085.47458125686
704.5,27.5489763639313,27.8839437099441,27.2427553925614,-0.00272812639473628,1.69449320202461,1.6366040888922,1.74987597569288,-0.00926322122228385,0.2,27.3377479608123,2.49147460501645,-0.135747341640541,27,3.34466711920128,3.33660602951705,2.66436580040156,5,-0.00861105815234559,8964.41251426819,8839.06615716462,9085.90316762103
705,27.5489763639313,27.8839437099441,27.2427553925614,-0.00336217395199299,1.6947190211956,1.63678994946851,1.75006875448476,-0.00926322122228385,0.2,27.3361762683301,2.48949320640002,-0.135747341640541,27,3.34794936597513,3.34029196679245,2.66808990889644,5,-0.0106123658620707,8964.90474295859,8839.46594658197,9086.32877625228
705.5,27.5489763639313,27.8839437099441,27.2427553925614,-0.00390782147742399,1.69494232366685,1.63697439701451,1.75026018178793,-0.00926322122228385,0.2,27.3346511692349,2.48778805788305,-0.135747341640541,27,3.35121871592171,3.34396512786826,2.67180115438136,5,-0.0123346477113411,8965.39151100699,8839.86271332134,9086.75141990865
706,27.5489763639313,27.8839437099441,27.2427553925614,-0.0041934030139835,1.69516312658437,1.63715743977291,1.75045026357306,-0.00924449830833396,0.2,27.3331711674322,2.4868956155813,-0.133268466972869,27,3.35447521971611,3.34762555702937,2.67549958062023,5,-0.0132360572733375,8965.87285494924,8840.25647473179,9087.17111137818
706.5,27.5489763639313,27.8839437099441,27.2427553925614,-0.00408097716295671,1.6953814449886,1.63733908594353,1.75063900582108,-0.00924449830833396,0.2,27.331734816878,2.48724694636576,-0.133268466972869,27,3.35771892783428,3.35127329840715,2.67918523124248,0,-0.0128811963171566,8966.34880674764,8840.64724807592,9087.58786347659
707,27.5489763639313,27.8839437099441,27.2427553925614,-0.00359226529171792,1.69559729318971,1.63751934368334,1.75082641452218,-0.00924449830833396,0.2,27.3303407198723,2.48877417096338,-0.133268466972869,27,3.36094989055388,3.35490839598001,2.68285814974315,0,-0.0113386261667784,8966.81939678806,8841.03505052993,9088.00168904514
707.5,27.5489763639313,27.8839437099441,27.2427553925614,-0.00296163681331663,1.69581068657848,1.63769822110697,1.75101249567499,-0.00924449830833396,0.2,27.328987525411,2.49074488495839,-0.133268466972869,27,3.364168157955,3.35853089357393,2.68651837948294,0,-0.00934811043755261,8967.28465782786,8841.41989918463,9088.41260094863
708,27.5489763639313,27.8839437099441,27.2427553925614,-0.00240033049341946,1.69602164382703,1.63787572628669,1.7511972552856,-0.00946187712868607,0.2,27.327673927594,2.49249896720806,-0.131069571037582,27,3.36737377992094,3.36214083486295,2.69016596368839,0,-0.00757640316942918,8967.74462979468,8841.80181104527,9088.82061207329
708.5,27.5489763639313,27.8839437099441,27.2427553925614,-0.00208210556310405,1.69623018611278,1.63805186725275,1.75138069936665,-0.00946187712868607,0.2,27.3263986640886,2.4934934201153,-0.131069571037582,27,3.370566806139,3.36573826336976,2.69380094545197,0,-0.00657195799938163,8968.19935809596,8842.18080303234,9089.22573532477
709,27.5489763639313,27.8839437099441,27.2427553925614,-0.00214776714338583,1.69643633657457,1.63822665199363,1.75156283393656,-0.00946187712868607,0.2,27.3251605146459,2.49328822767692,-0.131069571037582,27,3.37374728610127,3.36932322246617,2.69742336773219,5,-0.00677921221138305,8968.64889243383,8842.5568919818,9089.62798362627
709.5,27.5489763639313,27.8839437099441,27.2427553925614,-0.00260839563278935,1.69664011882883,1.63840008845625,1.75174366501865,-0.00946187712868607,0.2,27.3239582996675,2.49184876364753,-0.131069571037582,27,3.37691526910534,3.37289575537368,2.70103327335376,5,-0.00823313997533632,8969.09328357015,8842.93009464575,9090.02736991672
710,27.5489763639313,27.8839437099441,27.2427553925614,-0.003236312667905,1.69684155566592,1.63857218454614,1.75192319864032,-0.00988493407712099,0.2,27.3227908788221,2.4898865229128,-0.12911635152883,27,3.3800708042551,3.37645590516394,2.70463070500771,5,-0.0102150973049753,8969.53258048315,8843.30042769248,9090.42390714879
710.5,27.5489763639313,27.8839437099441,27.2427553925614,-0.00381450856653316,1.69704066624685,1.63874294812761,1.75210144083219,-0.00988493407712099,0.2,27.321657149709,2.48807966072958,-0.12911635152883,27,3.38321394046152,3.38000371475934,2.70821570525157,5,-0.0120401148394053,8969.96682425312,8843.6679077069,9090.8176082871
711,27.5489763639313,27.8839437099441,27.2427553925614,-0.00416417899882006,1.69723746690535,1.63891238702392,1.75227839762743,-0.00988493407712099,0.2,27.3205560465686,2.48698694062869,-0.12911635152883,27,3.38634472644336,3.38353922693346,2.71178831650946,5,-0.0131438145918756,8970.39604980952,8844.03255119082,9091.20848630653
711.5,27.5489763639313,27.8839437099441,27.2427553925614,-0.00414019480447564,1.69743197163735,1.63908050901747,1.75245407506085,-0.00988493407712099,0.2,27.3194865390358,2.48706189123601,-0.12911635152883,27,3.38946321072796,3.38706248431164,2.71534858107233,0,-0.0130681108808469,8970.82028699715,8844.39437456326,9091.59655419034
712,27.5489763639313,27.8839437099441,27.2427553925614,-0.00370882978479443,1.69762419364167,1.63924732184983,1.75262847916823,-0.0104874112219591,0.2,27.3184476309375,2.48840990692252,-0.127379052375019,27,3.392569441652,3.39057352937146,2.71889654109803,0,-0.0117065503327251,8971.23956393544,8844.75339416046,9091.98182492852
712.5,27.5489763639313,27.8839437099441,27.2427553925614,-0.0030884095968446,1.69781414636669,1.63941283322215,1.75280161598558,-0.0104874112219591,0.2,27.3174383591306,2.49034872000986,-0.127379052375019,27,3.3956634673622,3.3940724044433,2.72243223861159,0,-0.00974825605148029,8971.65390930103,8845.10962623673,9092.36431151621
713,27.5489763639313,27.8839437099441,27.2149555512227,-0.00249819930115123,1.69800184663417,1.63957705079525,1.75297349154848,-0.0104874112219591,0.2,27.3164577923799,2.4921931271839,-0.127379052375019,27,3.39874533581615,3.39755915171075,2.72595571550528,0,-0.00788531627415375,8972.06335914228,8845.4630869645,9092.74402695215
713.5,27.5489763639313,27.8839437099441,27.2149555512227,-0.00211912006561292,1.6981873138685,1.63973998218986,1.75314411189134,-0.0104874112219591,0.2,27.3155050302754,2.49337774979496,-0.127379052375019,27,3.40181509478293,3.40103381321124,2.72946701353891,0,-0.00668879057510062,8972.46795519923,8845.81379243488,9093.12098423706
714,27.5489763639313,27.8839437099441,27.2149555512227,-0.00209777658517126,1.69837056969063,1.63990163498686,1.75331348304683,-0.0112464764705322,0.2,27.3145792021856,2.49344444817134,-0.125831680874251,27,3.40487279184397,3.40449643083645,2.7329661743399,5,-0.00662142201343457,8972.86774401865,8846.16175865803,9093.49519637222
714.5,27.5489763639313,27.8839437099441,27.2149555512227,-0.00249521932404846,1.69855163623377,1.64006201672767,1.75348161104519,-0.0112464764705322,0.2,27.3136794662476,2.49220243961235,-0.125831680874251,27,3.40791847439375,3.40794704633289,2.73645323940357,5,-0.00787591027442657,8973.26277328027,8846.50700156394,9093.86667635811
715,27.5489763639313,27.8839437099441,27.2149555512227,-0.00310834059375978,1.69873053568342,1.6402211349141,1.7536485019136,-0.0112464764705322,0.2,27.3128050083912,2.4902864356445,-0.125831680874251,27,3.41095218964048,3.41138570130234,2.73992825009329,5,-0.00981116625014336,8973.65309079311,8846.84953700211,9094.23543719276
715.5,27.5489763639313,27.8839437099441,27.2149555512227,-0.00371194546469837,1.69890728656916,1.64037899700879,1.75381416167559,-0.0112464764705322,0.2,27.3119550413972,2.48840017042282,-0.125831680874251,27,3.41397398460691,3.4148124372024,2.74339124764067,5,-0.0117163846647739,8974.0387364043,8847.18938074237,9094.60149187056
716,27.5489763639313,27.8839437099441,27.2149555512227,-0.0041199315718157,1.69908190450902,1.64053561043525,1.7539785963504,-0.0121422730066172,0.2,27.3111288039873,2.48712521383808,-0.124451521594918,27,3.41698390613102,3.41822729534694,2.7468422731458,5,-0.0130041520132791,8974.41974362156,8847.52654847492,9094.96485338077
716.5,27.5211056685516,27.8559926810467,27.2149555512227,-0.0104519478299704,1.69945881077606,1.64069463317038,1.75414295332912,-0.0121422730066172,0.2,27.3103255599457,2.46733766303134,-0.124451521594918,27,3.41998200086674,3.42163031690668,2.75028136757747,5,-0.0329905281305187,8975.24218555579,8847.86891546998,9095.32805702077
717,27.5211056685516,27.8559926810467,27.2149555512227,-0.0100798115452001,1.6998368884236,1.64085972036314,1.75430844017645,-0.0121422730066172,0.2,27.3087818313244,2.46850058892125,-0.124451521594918,27,3.42296831528471,3.42502154290957,2.75370857177332,0,-0.0318159171612696,8976.0672551761,8848.22435205991,9095.69377145658
717.5,27.5211056685516,27.8559926810467,27.2149555512227,-0.00947709495435021,1.70021163839737,1.64103040593227,1.75447500246149,-0.0121422730066172,0.2,27.3072849443337,2.47038407826766,-0.124451521594918,27,3.42594289567293,3.4284010142414,2.75712392644014,0,-0.029913502513911,8976.88513370405,8848.59185618087,9096.06187668049
718,27.5211056685516,27.8559926810467,27.2149555512227,-0.0088687659422007,1.70058308302624,1.64120625047463,1.75464258641363,-0.0122721650883619,0.2,27.3058333766153,2.47228510643062,-0.122333350646105,27,3.42890578813757,3.43176877164622,2.76052747215406,0,-0.0279933728199623,8977.69586800895,8848.97048310583,9096.43225412745
718.5,27.5211056685516,27.8559926810467,27.2149555512227,-0.00844076446722397,1.70095124729508,1.64138684178719,1.75481113959596,-0.0122721650883619,0.2,27.3044256570158,2.47362261103993,-0.122333350646105,27,3.4318570386036,3.43512485572687,2.76391924936075,0,-0.0266424289643457,8978.4995107906,8849.35934656809,9096.80478816342
719,27.5211056685516,27.8559926810467,27.2149555512227,-0.00834431338146516,1.70131615839997,1.6415717932138,1.75498061087551,-0.0122721650883619,0.2,27.3030603638376,2.47392402068292,-0.122333350646105,27,3.43479669281556,3.43846930694541,2.76729929837573,0,-0.0263379907572566,8979.29611961051,8849.75761520289,9097.1793660199
719.5,27.5211056685516,27.8559926810467,27.2149555512227,-0.00867312747620929,1.70167784446797,1.64176074209245,1.75515095039414,-0.0122721650883619,0.2,27.3017361231486,2.47289647663685,-0.122333350646105,27,3.43772479633823,3.4418021656237,2.77066765938451,5,-0.027375859565907,8980.08575409823,8850.16450920627,9097.55587772997
720,27.5211056685516,27.8559926810467,27.2149555512227,-0.00926594274873708,1.70203633372943,1.64195334829661,1.75532210953997,-0.0123300208241943,0.2,27.3004516071511,2.4710439289102,-0.120180642860421,27,3.44064139455738,3.44512347194381,2.77402437244294,5,-0.0292470216921137,8980.86847414466,8850.57929719707,9097.93421606537
720.5,27.5211056685516,27.8559926810467,27.2149555512227,-0.00988765115257493,1.70239165131184,1.64214929286518,1.75549404091955,-0.0123300208241943,0.2,27.299205532606,2.4691010901482,-0.120180642860421,27,3.44354653268041,3.44843326594853,2.77736947747733,5,-0.0312093820979875,8981.64433290048,8851.00129327025,9098.31427647534
721,27.5211056685516,27.8559926810467,27.2149555512227,-0.0103438434396278,1.70274381915476,1.64234827671567,1.75566669833055,-0.0123300208241943,0.2,27.2979966593123,2.46767548925116,-0.120180642860421,27,3.44644025573713,3.45173158754186,2.78070301428482,5,-0.0326493074328413,8982.41337658726,8851.42985423001,9098.69595702665
721.5,27.5211056685516,27.8559926810467,27.2149555512227,-0.0104760275823349,1.70309285658703,1.64255001943544,1.75584003673512,-0.0123300208241943,0.2,27.2968237886378,2.4672624138052,-0.120180642860421,27,3.44932260858038,3.45501847648948,2.78402502253355,5,-0.033066533460882,8983.17564575488,8851.86437699094,9099.07915834491
722,27.5211056685516,27.8559926810467,27.2149555512227,-0.0101806366597019,1.70343878147811,1.64275425814625,1.75601401223371,-0.012596365770051,0.2,27.2956857621008,2.46818551043843,-0.118274304840327,27,3.45219363588679,3.45829397241926,2.78733554176294,0,-0.032134161552683,8983.93117779367,8852.30429613742,9099.46378355716
722.5,27.5211056685516,27.8559926810467,27.2149555512227,-0.00960469231158243,1.70378161127278,1.64296074643789,1.75618858203963,-0.012596365770051,0.2,27.2945814600008,2.4699853365263,-0.118274304840327,27,3.45505338215742,3.46155811482166,2.79063461138396,0,-0.0303162508122788,8984.68000919298,8852.74908163198,9099.84973823593
723,27.4932415240474,27.8559926810467,27.2149555512227,-0.00898143174845075,1.70412136604521,1.64316925336655,1.75636370445404,-0.012596365770051,0.2,27.2935098000959,2.47193302578609,-0.118274304840327,27,3.45790189171849,3.46481094305032,2.79392227067938,0,-0.0283489911708099,8985.42218221228,8853.19823666268,9100.23693034434
723.5,27.4932415240474,27.8559926810467,27.2149555512227,-0.00850420942941554,1.70445806874597,1.64337956251389,1.75653933884159,-0.012596365770051,0.2,27.2924691950648,2.47342434553308,-0.118274304840327,27,3.46073920872204,3.46805249632242,2.79719855880402,0,-0.0268426866430072,8986.15774542275,8853.65129562177,9100.62527018254
724,27.4932415240474,27.8559926810467,27.2149555512227,-0.00833089708743856,1.70479174462294,1.64359147110335,1.75671544560653,-0.0130435068494847,0.2,27.291458127427,2.47396594660175,-0.116583250970787,27,3.46356537714663,3.47128281371923,2.80046351478506,0,-0.0262956435667911,8986.8867524442,8854.10782220707,9101.01467033524
724.5,27.4932415240474,27.8559926810467,27.2149555512227,-0.00857791736308286,1.70512242025967,1.64380478917009,1.75689198616935,-0.0130435068494847,0.2,27.2904756706999,2.47319400824037,-0.116583250970787,27,3.46638044079801,3.47450193418655,2.80371717752226,5,-0.0270753383648347,8987.60925984536,8854.56740763898,9101.40504562054
725,27.4932415240474,27.8559926810467,27.2149555512227,-0.00913816894054222,1.70545012247157,1.64401933878116,1.75706892294399,-0.0130435068494847,0.2,27.2895209290757,2.47144322206081,-0.116583250970787,27,3.46918444330982,3.47770989653519,2.80695958578826,5,-0.0288437164439274,8988.32532473258,8855.02966898554,9101.79631303976
725.5,27.4932415240474,27.8559926810467,27.2149555512227,-0.00977087199868535,1.70577487565763,1.64423495330308,1.75724621931543,-0.0130435068494847,0.2,27.2885930363792,2.46946602500411,-0.116583250970787,27,3.47197742814423,3.48090673944143,2.81019077822886,5,-0.0308407803766504,8989.03499896233,8855.49424758938,9102.1883917283
726,27.4932415240474,27.8559926810467,27.2149555512227,-0.0102739401200402,1.70609670083171,1.64445147671389,1.75742383961783,-0.0136434721216432,0.2,27.2876911550613,2.46789393712487,-0.115076462024504,27,3.47475943859265,3.48409250144751,2.81341079336329,5,-0.032428664594895,8989.73832702154,8855.96080759028,9102.5812029077
726.5,27.4932415240474,27.8559926810467,27.2149555512227,-0.0104820071215946,1.70641561632489,1.64466876295678,1.7576017491132,-0.0136434721216432,0.2,27.2868144752269,2.46724372774502,-0.115076462024504,27,3.47753051777638,3.48726722096204,2.81661966958449,5,-0.0330854072786011,8990.43534755981,8856.42903453725,9102.97466983874
727,27.4932415240474,27.8559926810467,27.2149555512227,-0.0102703878471829,1.70673163866144,1.64488667533315,1.75777991397038,-0.0136434721216432,0.2,27.2859622136969,2.46790503797755,-0.115076462024504,27,3.4802907086473,3.49043093626052,2.81981744515939,0,-0.032417452200848,8991.12609530161,8856.89863408509,9103.36871777545
727.5,27.4932415240474,27.8559926810467,27.1871620201157,-0.00973052390945128,1.70704478377324,1.64510508593236,1.75795830124466,-0.0136434721216432,0.2,27.2851336131014,2.46959211278296,-0.115076462024504,27,3.48304005398851,3.49358368548577,2.8230041582292,0,-0.030713425667792,8991.81060369929,8857.36933077005,9103.76327392025
728,27.4932415240474,27.8559926810467,27.1871620201157,-0.00910005231824769,1.7073550695774,1.64532387509624,1.75813687885776,-0.0143761863261886,0.2,27.284327941005,2.47156233650548,-0.11373117640199,27,3.48577859641499,3.49672550664842,2.82617984680971,0,-0.028723405137317,8992.4889105676,8857.84086686008,9104.15826738012
728.5,27.4932415240474,27.828048468604,27.1871620201157,-0.00857991271291269,1.70766251706362,1.64554293091609,1.75831561557828,-0.0143761863261886,0.2,27.2835444890615,2.47318777277215,-0.11373117640199,27,3.4885063783743,3.49985643762732,2.82934454879157,0,-0.0270816364870376,8993.16106046208,8858.3130012747,9104.5536291237
729,27.4932415240474,27.828048468604,27.1871620201157,-0.00833476711908247,1.70796714960822,1.64576214876005,1.75849448100252,-0.0143761863261886,0.2,27.2820205335248,2.47395385275287,-0.11373117640199,27,3.49122344214719,3.50297651617003,2.83249830194057,0,-0.0263078589346719,8993.82710318157,8858.78550857044,9104.9492919392
729.5,27.4932415240474,27.828048468604,27.1871620201157,-0.00849518792230356,1.70826899224919,1.6459814308295,1.75867344553586,-0.0143761863261886,0.2,27.2805437408147,2.4734525377428,-0.11373117640199,27,3.49392982984829,3.50608577989329,2.83564114389794,5,-0.0268142111579589,8994.48709218432,8859.25817798828,9105.34519039361
730,27.4932415240474,27.828048468604,27.1871620201157,-0.00901316172481415,1.70856807038043,1.64620068574205,1.75885248037444,-0.0143417023240602,0.2,27.2791125630515,2.47183386960996,-0.111645025220591,27,3.49662558342675,3.50918426628342,2.83877311218066,5,-0.0284491436682034,8995.14108173371,8859.73081255836,9105.74126079239
730.5,27.4932415240474,27.828048468604,27.1871620201157,-0.00964879025269937,1.70886440774631,1.64641982813983,1.75903155748716,-0.0143417023240602,0.2,27.2777255046366,2.46984753046031,-0.111645025220591,27,3.49931074466689,3.51227201269684,2.84189424418174,5,-0.0304554415536203,8995.78912251234,8860.20322825902,9106.13744114023
731,27.4653839084336,27.828048468604,27.1871620201157,-0.0101921314612405,1.70915802454204,1.64663877832175,1.75921064959827,-0.0143417023240602,0.2,27.2763811204641,2.46814958918362,-0.111645025220591,27,3.50198535518884,3.51534905636046,2.84500457717056,5,-0.0321704437442594,8996.43125746603,8860.67525322726,9106.53367110261
731.5,27.4653839084336,27.828048468604,27.1871620201157,-0.0104707963142249,1.70944893820386,1.6468574618979,1.75938973017014,-0.0143417023240602,0.2,27.2750774730582,2.46727876151805,-0.111645025220591,27,3.5046494564492,3.51841543437217,2.8481041482931,5,-0.0330500214862195,8997.06752352897,8861.14672701671,9106.92989196823
732,27.4653839084336,27.828048468604,27.1871620201157,-0.0103469958747542,1.70973716408216,1.64707580946492,1.75956877338655,-0.0142373657314039,0.2,27.2738127069239,2.46766563789139,-0.109525082769572,27,3.50730308974168,3.52147118370126,2.85119299457233,0,-0.032659257779074,8997.69795309402,8861.61749990058,9107.32604661225
732.5,27.4653839084336,27.828048468604,27.1871620201157,-0.00985286110068088,1.71002271678788,1.64729375630113,1.75974775413623,-0.0142373657314039,0.2,27.2725855691613,2.46920980906037,-0.109525082769572,27,3.50994629619772,3.52451634118887,2.85427115290842,0,-0.0310995707781891,8998.32257695614,8862.08743221715,9107.72207946026
733,27.4653839084336,27.828048468604,27.1871620201157,-0.00922320194998761,1.71030561218442,1.64751124208028,1.75992664799692,-0.0142373657314039,0.2,27.2713948488678,2.47117749390629,-0.109525082769572,27,3.51257911678718,3.52755094354847,2.85733866007913,0,-0.0291121146349409,8998.94142866916,8862.55639375516,9108.11793645329
733.5,27.4653839084336,27.828048468604,27.1871620201157,-0.00866671975353697,1.71058586936801,1.64772821060252,1.76010543121962,-0.0142373657314039,0.2,27.2702393757047,2.4729165007702,-0.109525082769572,27,3.5152015923189,3.53057502736624,2.86039555274008,0,-0.0273556342300641,8999.55454887923,8863.02426317605,9108.51356501336
734,27.4653839084336,27.828048468604,27.1871620201157,-0.00835501411318759,1.71086350991428,1.64794460954186,1.76028408071335,-0.0143385868302914,0.2,27.2691180185127,2.47389058089629,-0.107647207405086,27,3.51781376344137,3.53358862910157,2.86344186742506,0,-0.0263717665468653,9000.16198367828,8863.49092747176,9108.90891400991
734.5,27.4653839084336,27.828048468604,27.1871620201157,-0.00842709716090425,1.71113855733421,1.64816039020884,1.76046257403007,-0.0143385868302914,0.2,27.2680296839745,2.47366532137217,-0.107647207405086,27,3.52041567064339,3.53659178508746,2.86647764054634,5,-0.0265992894786782,9000.76378341523,8863.95628145507,9109.30393372697
735,27.4653839084336,27.828048468604,27.1871620201157,-0.00889272608777773,1.71141103557444,1.64837550732778,1.76064088935012,-0.0143385868302914,0.2,27.2669733153242,2.47221023097569,-0.107647207405086,27,3.52300735425466,3.53958453153099,2.86950290839499,5,-0.0280690006234616,9001.3599994153,8864.42022728131,9109.69857583107
735.5,27.4653839084336,27.828048468604,27.1871620201157,-0.00952289716354343,1.71168096777518,1.6485899188272,1.76081900546777,-0.0143385868302914,0.2,27.2659478911012,2.47024094636393,-0.107647207405086,27,3.5255888544464,3.54256690451371,2.87251770714119,5,-0.0300580726070085,9001.95068126203,8864.88267399822,9110.0927933396
736,27.4653839084336,27.828048468604,27.1871620201157,-0.0100996282658906,1.71194837341602,1.6488035856433,1.76099690177728,-0.0146182003814772,0.2,27.2649524239461,2.46843866166909,-0.105980969578444,27,3.52816021123198,3.54553893999212,2.87552207283457,5,-0.0318784666584571,9002.53587055005,8865.34353712387,9110.48654059026
736.5,27.4653839084336,27.828048468604,27.1871620201157,-0.0104433528742432,1.71221326913674,1.64901647153512,1.76117455825905,-0.0146182003814772,0.2,27.2639859594388,2.46736452226799,-0.105980969578444,27,3.53072146446759,3.5485006737981,2.87851604140446,5,-0.0329633990122612,9003.1156026788,8865.80273824975,9110.87977321081
737,27.4653839084336,27.828048468604,27.1871620201157,-0.0104083183705504,1.71247566925662,1.649228542911,1.76135195546627,-0.0146182003814772,0.2,27.2630475749763,2.46747400509203,-0.105980969578444,27,3.53327265385277,3.55145214163931,2.88149964866027,0,-0.0328528161048052,9003.68990798705,8866.26020466806,9111.27244808959
737.5,27.4653839084336,27.828048468604,27.1871620201157,-0.00996991032712728,1.71273558726282,1.64943976866553,1.76152907451176,-0.0146182003814772,0.2,27.262136378689,2.46884403022773,-0.105980969578444,27,3.53581381893109,3.55439337909965,2.88447293029179,0,-0.0314690249565446,9004.25881500906,8866.71586902133,9111.66452334683
738,27.4653839084336,27.828048468604,27.1871620201157,-0.00934939707271013,1.71299303708378,1.64965012002663,1.76170589705512,-0.0150533730691507,0.2,27.2612515083944,2.47078313414778,-0.104500603357747,27,3.53834499909074,3.55732442163968,2.88743592186949,0,-0.0295104369203023,9004.82235326124,8867.16966897413,9112.05595830649
738.5,27.4653839084336,27.828048468604,27.1871620201157,-0.00876342402171758,1.71324803598424,1.6498595704117,1.76188240529019,-0.0150533730691507,0.2,27.2603921305867,2.47261429993213,-0.104500603357747,27,3.54086623356513,3.56024530459703,2.89038865884487,0,-0.0276608715821494,9005.38055957992,8867.62154690382,9112.44671346867
739,27.4653839084336,27.828048468604,27.1871620201157,-0.00839068146469757,1.71350060380422,1.65006809529254,1.76205858193281,-0.0150533730691507,0.2,27.2595574394614,2.47377912042282,-0.104500603357747,27,3.54337756143354,3.56315606318687,2.89333117655077,0,-0.0264843469751714,9005.93347645715,8868.07144961065,9112.83675048283
739.5,27.4653839084336,27.828048468604,27.1871620201157,-0.0083758789283857,1.71375076255875,1.65027567206865,1.76223441020873,-0.0150533730691507,0.2,27.2587466559728,2.47382537834879,-0.104500603357747,27,3.54587902162166,3.56605673250229,2.89626351020167,5,-0.0264376242495566,9006.48115116585,8868.51932804524,9113.22603212137
740,27.4375327997469,27.8001110503583,27.1871620201157,-0.00877873428648144,1.71399853472053,1.65048227994821,1.76240987384201,-0.0156242540149947,0.2,27.2579590269245,2.47256645535475,-0.103183610769818,27,3.54837065290226,3.56894734751475,2.89918569489403,5,-0.02770919690185,9007.02363200074,8868.96513705307,9113.61452225403
740.5,27.4375327997469,27.8001110503583,27.1871620201157,-0.00939474385999461,1.71424394284319,1.65068789983585,1.76258495704339,-0.0156242540149947,0.2,27.2564314296876,2.47064142543752,-0.103183610769818,27,3.55085249389577,3.57182794307447,2.90209776560665,5,-0.029653569519687,9007.56096745359,8869.40883513325,9114.00218582253
741,27.4375327997469,27.8001110503583,27.1593747774918,-0.00999769504297163,1.71448700578957,1.65089251422782,1.7627596444991,-0.0156242540149947,0.2,27.2549507913646,2.46875720299071,-0.103183610769818,27,3.55332458307083,3.5746985539109,2.90499975720092,5,-0.0315567246336357,9008.0931979537,8869.85038421325,9114.38898881605
741.5,27.4375327997469,27.8001110503583,27.1593747774918,-0.0104006832291532,1.71472773949759,1.65109610711306,1.76293392135987,-0.0156242540149947,0.2,27.2535155752072,2.4674978649089,-0.103183610769818,27,3.55578695874495,3.57755921463309,2.90789170442118,5,-0.0328287165444991,9008.62035754278,8870.28974943625,9114.77489824704
742,27.4375327997469,27.8001110503583,27.1593747774918,-0.0104519478299704,1.71496615740427,1.65129866388056,1.7631077732302,-0.0151529618190338,0.2,27.2521242963311,2.46733766303134,-0.100849718532453,27,3.55823965908508,3.58040995973014,2.91077364189508,5,-0.0329905281305187,9009.1424748014,8870.7268989621,9115.15988212771
742.5,27.4375327997469,27.8001110503583,27.1593747774918,-0.0100798115489292,1.71520227197909,1.65150017123199,1.76328118615772,-0.0151529618190338,0.2,27.2507755199415,2.4685005889096,-0.100849718532453,27,3.56068272210819,3.5832508235716,2.91364560413385,0,-0.03181591717304,9009.65957620557,8871.16180377957,9115.54390944678
743,27.4375327997469,27.8001110503583,27.1593747774918,-0.00947709495432861,1.71543609543835,1.65170061710025,1.76345414662303,-0.0151529618190338,0.2,27.2494678596183,2.47038407826772,-0.100849718532453,27,3.56311618568191,3.58608184040789,2.91650762553267,0,-0.0299135025138428,9010.17168769069,8871.59443753109,9115.92695014718
743.5,27.4375327997469,27.8001110503583,27.1593747774918,-0.00886876594147736,1.71566764324567,1.65189999057238,1.76362664152958,-0.0151529618190338,0.2,27.2481999756613,2.47228510643288,-0.100849718532453,27,3.56554008752504,3.5889030443707,2.91935974037094,0,-0.0279933728176792,9010.67884231852,8872.02477634726,9116.30897510381
744,27.4375327997469,27.8001110503583,27.1593747774918,-0.00844076446722383,1.71589693356535,1.65209828181762,1.76379865819391,-0.0149152943922175,0.2,27.2469705734922,2.47362261103993,-0.0987882293968951,27,3.56795446520817,3.59171446947343,2.92220198281269,0,-0.0266424289643453,9011.18107908143,8872.45279869199,9116.68995610217
744.5,27.4375327997469,27.8001110503583,27.1593747774918,-0.0083443133814653,1.71612398681691,1.65229548201955,1.76397018433597,-0.0149152943922175,0.2,27.2457784021113,2.47392402068292,-0.0987882293968951,27,3.57035935615428,3.59451614961158,2.92503438690684,0,-0.0263379907572571,9011.67844192812,8872.87848521669,9117.06986581713
745,27.4375327997469,27.8001110503583,27.1593747774918,-0.00867312747620915,1.71634882439365,1.65249158331261,1.76414120806981,-0.0149152943922175,0.2,27.2446222526077,2.47289647663685,-0.0987882293968951,27,3.57275479763932,3.59730811856315,2.92785698658755,5,-0.0273758595659065,9012.17097695736,8873.30181862381,9117.44867779255
745.5,27.4375327997469,27.8001110503583,27.1593747774918,-0.00926594274873708,1.71657146783423,1.65268657872221,1.7643117178943,-0.0149152943922175,0.2,27.2435009567205,2.4710439289102,-0.0987882293968951,27,3.57514082679273,3.60009040998906,2.93066981567457,5,-0.0292470216921137,9012.65873060349,8873.72278353792,9117.82636642086
746,27.4375327997469,27.8001110503583,27.1593747774918,-0.00988765115116024,1.71679193561415,1.65288046210854,1.76448170268418,-0.01488101286985,0.2,27.2424133854498,2.46910109015262,-0.0969653541799346,27,3.57751748059809,3.60286305743358,2.93347290787351,5,-0.0312093820935222,9013.14174260662,8874.14136638504,9118.20290692353
746.5,27.4375327997469,27.8001110503583,27.1593747774918,-0.0103438434396249,1.71701024306037,1.65307322811395,1.76465115168123,-0.01488101286985,0.2,27.2413584477155,2.46767548925117,-0.0969653541799346,27,3.57988479589367,3.60562609432466,2.93626629677625,5,-0.0326493074328319,9013.62004582368,8874.55755527928,9118.57827533156
747,27.4375327997469,27.8001110503583,27.1593747774918,-0.0104760275821705,1.71722640292889,1.65326487211326,1.76482005448565,-0.01488101286985,0.2,27.2403350890618,2.46726241380572,-0.0969653541799346,27,3.58224280937296,3.60837955397443,2.93905001586122,5,-0.0330665334603631,9014.0936674921,8874.9713399161,9118.95244846673
747.5,27.4375327997469,27.8001110503583,27.1593747774918,-0.0101806366597019,1.71744042655656,1.65345539016721,1.76498840104766,-0.01488101286985,0.2,27.2393422904067,2.46818551043843,-0.0969653541799346,27,3.5845915575853,3.61112346957951,2.94182409849371,0,-0.032134161552683,9014.56263175205,8875.38271147211,9119.32540392305
748,27.4375327997469,27.8001110503583,27.1593747774918,-0.00960469231158243,1.71765232489623,1.65364477897885,1.76515618165924,-0.0150238449956248,0.2,27.2383790668348,2.4699853365263,-0.0953516267339225,27,3.5869310769364,3.6138578742215,2.94458857792628,0,-0.0303162508122788,9015.026961914,8875.79166251123,9119.69712004872
748.5,27.4375327997469,27.8001110503583,27.1593747774918,-0.00898143174845075,1.71786211157253,1.65383303585256,1.7653233869461,-0.0150238449956248,0.2,27.2374444664307,2.47193302578609,-0.0953516267339225,27,3.58926140368894,3.61658280086731,2.94734348729899,0,-0.0283489911708099,9015.4866871549,8876.19818689655,9120.06757592847
749,27.4375327997469,27.8001110503583,27.1593747774918,-0.00850420942941554,1.71806980312871,1.65402015865543,1.76549000785985,-0.0150238449956248,0.2,27.2365375691536,2.47342434553308,-0.0953516267339225,27,3.59158257396309,3.61929828236957,2.95008885963982,0,-0.0268426866430072,9015.94184306051,8876.60227970725,9120.43675136638
749.5,27.4375327997469,27.8001110503583,27.1593747774918,-0.00833089708675772,1.71827541844682,1.65420614578128,1.76565603567025,-0.0150238449956248,0.2,27.2356574857497,2.47396594660388,-0.0953516267339225,27,3.59389462373712,3.62200435146706,2.95282472786492,0,-0.0262956435646421,9016.39247035592,8877.00393716106,9120.80462686895
750,27.4375327997469,27.8001110503583,27.1593747774918,-0.00857791736715484,1.71847897778525,1.65439099611668,1.76582146195778,-0.0153209625426527,0.2,27.2348033567028,2.47319400822764,-0.0939213426811222,27,3.59619758884791,3.62470104078506,2.955551124779,5,-0.0270753383776875,9016.83861279719,8877.40315654127,9121.17118362868
750.5,27.4375327997469,27.8001110503583,27.1593747774918,-0.00913816894054222,1.71868050167388,1.65457470900906,1.76598627860624,-0.0153209625426527,0.2,27.2339743512202,2.47144322206081,-0.0939213426811222,27,3.59849150499154,3.62738838283575,2.95826808307567,5,-0.0288437164439274,9017.28031475012,8877.79993612796,9121.53640350791
751,27.4096881760459,27.8001110503583,27.1593747774918,-0.00977087199868535,1.7188800082641,1.6547572842366,1.76615047779552,-0.0153209625426527,0.2,27.2331696662542,2.46946602500411,-0.0939213426811222,27,3.60077640772383,3.63006641001867,2.96097563533771,5,-0.0308407803766504,9017.71761538157,8878.19427513329,9121.9002690229
751.5,27.4096881760459,27.8001110503583,27.1593747774918,-0.0102739401200402,1.71907751235927,1.65493872198029,1.76631405199461,-0.0153209625426527,0.2,27.2323879846748,2.46789393712487,-0.0939213426811222,27,3.60305233246089,3.63273515462101,2.96367381403742,5,-0.032428664594895,9018.15054653272,8878.58617364122,9122.26276332858
752,27.4096881760459,27.8001110503583,27.1593747774918,-0.0104820071215946,1.71927302611745,1.65511902279732,1.76647699395466,-0.0157516761703107,0.2,27.2316280501069,2.46724372774502,-0.0926512200427482,27,3.60531931447968,3.63539464881806,2.966362651537,5,-0.0330854072786011,9018.57913425777,8878.97563255037,9122.62387020318
752.5,27.4096881760459,27.7721804040752,27.1593747774918,-0.0102703878471829,1.7194665599276,1.65529818759629,1.76663929670226,-0.0157516761703107,0.2,27.2308891880303,2.46790503797755,-0.0926512200427482,27,3.6075773889185,3.6380449246736,2.96904218008885,0,-0.032417452200848,9019.00340074339,8879.36265352049,9122.98357403363
753,27.4096881760459,27.7721804040752,27.1593747774918,-0.00973052390929951,1.71965812362458,1.65547621761385,1.76680095353282,-0.0157516761703107,0.2,27.2294090774235,2.46959211278344,-0.0926512200427482,27,3.60982659077765,3.64068601414023,2.97171243183586,0,-0.030713425667313,9019.42336697138,8879.74723892223,9123.3418598009
753.5,27.4096881760459,27.7721804040752,27.1593747774918,-0.00910005231696587,1.71984772906802,1.65565311439301,1.76696195800422,-0.0157516761703107,0.2,27.2279750337528,2.47156233650948,-0.0926512200427482,27,3.61206695491987,3.64331794905983,2.9743734388118,0,-0.0287234051332711,9019.83905837238,8880.12939179036,9123.69871306609
754,27.4096881760459,27.7721804040752,27.1593747774918,-0.00857991271291269,1.7200353912299,1.65582887976244,1.76712230393044,-0.0154112711384755,0.2,27.2265855403541,2.47318777277215,-0.0906342161416561,27,3.61429851607091,3.6459407611639,2.97702523294164,0,-0.0270816364870376,9020.25050721136,8880.50911577925,9124.05411995652
754.5,27.4096881760459,27.7721804040752,27.1593747774918,-0.00833476711908247,1.72022112750806,1.65600351581736,1.76728198537549,-0.0154112711384755,0.2,27.2252391318777,2.47395385275287,-0.0906342161416561,27,3.6165213088201,3.64855448207396,2.97966784604184,0,-0.0263078589346719,9020.65775108359,8880.88641512167,9124.40806715227
755,27.4096881760459,27.7721804040752,27.1593747774918,-0.00849518792230327,1.72040495700041,1.65617702490145,1.76744099664731,-0.0154112711384755,0.2,27.2239343925307,2.4734525377428,-0.0906342161416561,27,3.61873536762081,3.6511591433019,2.98230130982072,5,-0.0268142111579581,9021.06083132436,8881.26129458977,9124.76054187292
755.5,27.4096881760459,27.7721804040752,27.1315938016232,-0.00901316172481415,1.72058689919824,1.65634940958996,1.76759933229203,-0.0154112711384755,0.2,27.2226699543796,2.47183386960996,-0.0906342161416561,27,3.62094072679109,3.65375477625041,2.98492565587878,5,-0.0284491436682034,9021.45979014412,8881.63375945872,9125.11153186483
756,27.4096881760459,27.7721804040752,27.1315938016232,-0.00964879025680588,1.72076697197949,1.65652067267354,1.76775698708809,-0.0149973353263704,0.2,27.2214444957113,2.46984753044748,-0.0885777982845099,27,3.62313742051411,3.65634141221332,2.98754091570904,5,-0.0304554415665821,9021.8546662279,8882.00381547184,9125.46102538826
756.5,27.4096881760459,27.7721804040752,27.1315938016232,-0.0101921314612143,1.72094518970793,1.6566908171434,1.76791395604064,-0.0149973353263704,0.2,27.220256739451,2.46814958918371,-0.0885777982845099,27,3.62532548283874,3.658919082376,2.99014712069736,5,-0.0321704437441768,9022.24549056592,8882.37146880863,9125.80901120514
757,27.4096881760459,27.7721804040752,27.1315938016232,-0.0104707963134129,1.72112156402354,1.65685984617715,1.76807023437608,-0.0149973353263704,0.2,27.2191054516339,2.46727876152058,-0.0885777982845099,27,3.62750494768005,3.66148781781571,2.99274430212274,5,-0.0330500214836565,9022.6322881853,8882.73672605424,9126.15547856692
757.5,27.4096881760459,27.7721804040752,27.1315938016232,-0.0103469958747542,1.721296104516,1.65702776312561,1.76822581753658,-0.0149973353263704,0.2,27.2179894399301,2.46766563789139,-0.0885777982845099,27,3.62967584881987,3.66404764950199,2.9953324911577,0,-0.032659257779074,9023.01507962567,8883.09959417098,9126.50041720268
758,27.4096881760459,27.7721804040752,27.1315938016232,-0.00985286110068088,1.72146882007154,1.65719457150028,1.76838070117485,-0.0147903337201214,0.2,27.21690755222,2.46920980906037,-0.086763020888003,27,3.63183821990726,3.66659860829705,2.9979117188686,0,-0.0310995707781891,9023.39388389227,8883.46008047132,9126.84381730756
758.5,27.4096881760459,27.7721804040752,27.1315938016232,-0.00922320194998761,1.72163972086556,1.65736027496193,1.76853488114906,-0.0147903337201214,0.2,27.2158586752188,2.47117749390629,-0.086763020888003,27,3.63399209445909,3.6691407249561,3.00048201621593,0,-0.0291121146349409,9023.7687228261,8883.81819259332,9127.18566953161
759,27.4096881760459,27.7721804040752,27.1315938016232,-0.00866671975353697,1.72180882034398,1.65752487730954,1.76868835351772,-0.0147903337201214,0.2,27.2148417331484,2.4729165007702,-0.086763020888003,27,3.63613750586052,3.67167403012777,3.00304341405468,0,-0.0273556342300641,9024.1396254503,8884.17393847675,9127.52596496851
759.5,27.4096881760459,27.7721804040752,27.1315938016232,-0.00835501411184495,1.72197613446892,1.65768838247019,1.76884111453487,-0.0147903337201214,0.2,27.2138556864548,2.47389058090048,-0.086763020888003,27,3.63827448736555,3.67419855435445,3.00559594313463,0,-0.0263717665426274,9024.50662631683,8884.52732634119,9127.86469514503
760,27.4096881760459,27.7721804040752,27.1315938016232,-0.00842709716090042,1.72214168117423,1.65785079448944,1.76899316064521,-0.0147633915593133,0.2,27.2128995305702,2.47366532137219,-0.0851598122280933,27,3.6404030720975,3.67671432807265,3.00813963410073,5,-0.0265992894786661,9024.86976431313,8884.87836466542,9128.20185201033
760.5,27.4096881760459,27.7721804040752,27.1315938016232,-0.00889272608777773,1.72230547886473,1.65801211752247,1.76914448847948,-0.0147633915593133,0.2,27.2119722947169,2.47221023097569,-0.0851598122280933,27,3.64252329304953,3.6792213816134,3.01067451749338,5,-0.0280690006234616,9025.2290793705,8885.22706216817,9128.53742792577
761,27.4096881760459,27.7721804040752,27.1315938016232,-0.00952289716354343,1.72246754517337,1.65817235582537,1.76929509484979,-0.0147633915593133,0.2,27.2110730407529,2.47024094636393,-0.0851598122280933,27,3.64463518308517,3.68171974520259,3.01320062374879,5,-0.0300580726070085,9025.58460973768,8885.57342778936,9128.87141565466
761.5,27.4096881760459,27.7721804040752,27.1315938016232,-0.0100996282658906,1.72262789410541,1.65833151374734,1.76944497674514,-0.0147633915593133,0.2,27.2102008620573,2.46843866166909,-0.0851598122280933,27,3.64673877493885,3.68420944896133,3.01571798319929,5,-0.0318784666584571,9025.93638571502,8885.91747067331,9129.20380835239
762,27.4096881760459,27.7721804040752,27.1315938016232,-0.0104433528742432,1.72278653685949,1.65848959572317,1.76959413132705,-0.0148931648407427,0.2,27.2093548824536,2.46736452226799,-0.0837419529814269,27,3.64883410121633,3.68669052290634,3.01822662607364,5,-0.0329633990122612,9026.28443145446,8886.25920015235,9129.53459955686
762.5,27.4096881760459,27.7721804040752,27.1315938016232,-0.0104083183705504,1.72294348234712,1.6586466062662,1.76974255592523,-0.0148931648407427,0.2,27.2085342551702,2.46747400509203,-0.0837419529814269,27,3.65092119439528,3.68916299695028,3.0207265824974,0,-0.0328528161048052,9026.62876609778,8886.59862573179,9129.86378317888
763,27.4096881760459,27.7721804040752,27.1315938016232,-0.00996991032636004,1.72309873868154,1.65880254996163,1.76989024803332,-0.0148931648407427,0.2,27.2077381618371,2.46884403023012,-0.0837419529814269,27,3.65300008682574,3.69162690090215,3.02321788249319,0,-0.0314690249541228,9026.96940704254,8886.93575707533,9130.19135349287
763.5,27.4096881760459,27.7721804040752,27.1315938016232,-0.00934939707597138,1.72325231445153,1.65895743146062,1.77003720530489,-0.0148931648407427,0.2,27.2069658115163,2.47078313413759,-0.0837419529814269,27,3.65507081073066,3.69408226446761,3.02570055598109,0,-0.0295104369305961,9027.30637273657,8887.2706039924,9130.51730512801
764,27.4096881760459,27.7721804040752,27.1315938016232,-0.00876342402171758,1.72340422161757,1.65911125547432,1.77018342554938,-0.0151593748824581,0.2,27.2062164397662,2.47261429993213,-0.0824865759064892,27,3.65713339820637,3.69652911724935,3.02817463277895,0,-0.0276608715821494,9027.63968903293,8887.60317642515,9130.84163305932
764.5,27.4096881760459,27.7721804040752,27.1315938016232,-0.00839068146469757,1.72355447475016,1.6592640267686,1.77032890672814,-0.0151593748824581,0.2,27.2054893077381,2.47377912042282,-0.0824865759064892,27,3.65918788122307,3.69896748874746,3.03064014260264,0,-0.0264843469751714,9027.96938751985,8887.9334844372,9131.16433259897
765,27.3818500154112,27.7721804040752,27.1315938016232,-0.00837587892838556,1.7237030906291,1.65941575015898,1.77047364695069,-0.0151593748824581,0.2,27.204783701303,2.4738253783488,-0.0824865759064892,27,3.66123429162536,3.70139740835976,3.03309711506646,5,-0.0264376242495562,9028.29550464219,8888.26153820255,9131.485399388
765.5,27.3818500154112,27.7721804040752,27.1315938016232,-0.00877873428648158,1.72385008652516,1.65956643050605,1.77061764447097,-0.0151593748824581,0.2,27.2040983894536,2.47256645535475,-0.0824865759064892,27,3.66327266113271,3.70381890538221,3.03554557968342,5,-0.0277091969018505,9028.61807793133,8888.58734799566,9131.80482938812
766,27.3818500154112,27.7721804040752,27.1315938016232,-0.0093947438599912,1.72399547982301,1.65971607271073,1.7707608976836,-0.0155435529947425,0.2,27.2034321991058,2.47064142543753,-0.0813728796423064,27,3.66530302133993,3.70623200900918,3.03798556586557,5,-0.0296535695196762,9028.93714517773,8888.91092418135,9132.12261887339
766.5,27.3818500154112,27.7721804040752,27.1315938016232,-0.00999769504279385,1.7241392842475,1.65986468171026,1.77090340512037,-0.0155435529947425,0.2,27.2027845361741,2.46875720299127,-0.0813728796423064,27,3.66732540371773,3.70863674833387,3.04041710292435,5,-0.0315567246330745,9029.25273614898,8889.23227720593,9132.4387644226
767,27.3818500154112,27.7721804040752,27.1315938016232,-0.0104006832280534,1.72428151062994,1.66001226247421,1.77104516544666,-0.0155435529947425,0.2,27.202154826161,2.46749786491233,-0.0813728796423064,27,3.66933983961313,3.71103315234865,3.04284022007087,5,-0.0328287165410277,9029.56487427002,8889.55141758868,9132.75326291128
767.5,27.3818500154112,27.7442565075434,27.1315938016232,-0.0104519478299704,1.72442216733204,1.66015882000074,1.77118617745803,-0.0155435529947425,0.2,27.2015425134924,2.46733766303134,-0.0813728796423064,27,3.67134636024998,3.71342124994536,3.04525494641623,5,-0.0329905281305187,9029.87357755245,8889.8683559137,9133.06611150428
768,27.3818500154112,27.7442565075434,27.1315938016232,-0.0100798115489292,1.72456126177981,1.66030435931305,1.77132644007688,-0.0157211581093293,0.2,27.2001855762172,2.4685005889096,-0.0800742304868933,27,3.67334499672947,3.71580106991573,3.04766131097191,0,-0.03181591717304,9030.17886196036,8890.18310282228,9133.37730764834
768.5,27.3818500154112,27.7442565075434,27.1315938016232,-0.00947709495432861,1.72469880117808,1.66044888545633,1.77146595234913,-0.0157211581093293,0.2,27.1988712505834,2.47038407826772,-0.0800742304868933,27,3.67533578003056,3.71817264095165,3.05005934264999,0,-0.0299135025138428,9030.48074297805,8890.49566900614,9133.68684906481
769,27.3818500154112,27.7442565075434,27.1315938016232,-0.00886876594147736,1.72483479601221,1.66059240349463,1.77160471344109,-0.0157211581093293,0.2,27.1975981276656,2.47228510643288,-0.0800742304868933,27,3.67731874101049,3.72053599164562,3.05244907026354,0,-0.0279933728176792,9030.77924329622,8890.80606520086,9133.99473374273
769.5,27.3818500154112,27.7442565075434,27.1315938016232,-0.00844076447103674,1.72496925950094,1.66073491850814,1.77174272263629,-0.0157211581093293,0.2,27.1963648462934,2.47362261102801,-0.0800742304868933,27,3.67929391040526,3.72289115049098,3.05483052252692,0,-0.0266424289763804,9031.07439161194,8891.11430217975,9134.30095993188
770,27.3818500154112,27.7442565075434,27.1315938016232,-0.00834431338143432,1.72510220715055,1.66087643559048,1.77187997933242,-0.0151673118921707,0.2,27.1951700914133,2.47392402068302,-0.0780680365653396,27,3.6812613188301,3.72523814588232,3.0572037280561,0,-0.0263379907571593,9031.36622165083,8891.42039074817,9134.60552613602
770.5,27.3818500154112,27.7442565075434,27.1315938016232,-0.00867312747620915,1.72523365547269,1.66101695984646,1.77201648303846,-0.0151673118921707,0.2,27.1940125925094,2.47289647663685,-0.0780680365653396,27,3.68322099677993,3.72757700611582,3.05956871536895,5,-0.0273758595659065,9031.65476935309,8891.72434173851,9134.90843110652
771,27.3818500154112,27.7442565075434,27.1315938016232,-0.00926594274873722,1.72536362115537,1.66115649638949,1.77215223337163,-0.0151673118921707,0.2,27.1928911220765,2.4710439289102,-0.0780680365653396,27,3.68517297462985,3.72990775938957,3.06192551288561,5,-0.0292470216921142,9031.94007105393,8892.02616600471,9135.20967383574
771.5,27.3818500154112,27.7442565075434,27.1315938016232,-0.0098876511511601,1.72549211785294,1.66129505033957,1.77228723005459,-0.0151673118921707,0.2,27.1918044941468,2.46910109015262,-0.0780680365653396,27,3.68711728263565,3.73223043380393,3.06427414892875,5,-0.0312093820935217,9032.22215643649,8892.32587441773,9135.50925355067
772,27.3818500154112,27.7442565075434,27.1315938016232,-0.010343843439625,1.72561915610071,1.66143262682111,1.77242147291264,-0.0148189216556744,0.2,27.1907515628673,2.46767548925117,-0.0763006251469349,27,3.68905395093417,3.73454505736183,3.06661465172397,5,-0.0326493074328324,9032.50104834325,8892.62347786097,9135.807169707
772.5,27.3818500154112,27.7442565075434,27.1038190708028,-0.0104760275821705,1.7257447438925,1.66156923096116,1.77255496187097,-0.0148189216556744,0.2,27.1897312211261,2.46726241380572,-0.0763006251469349,27,3.69098300954389,3.73685165796917,3.06894704939998,5,-0.0330665334603631,9032.77676404296,8892.91898722628,9136.10342198285
773,27.3818500154112,27.7442565075434,27.1038190708028,-0.0101806366585005,1.7258688878328,1.66170486788729,1.77268769695194,-0.0148189216556744,0.2,27.1887423992254,2.46818551044219,-0.0763006251469349,27,3.69290448836531,3.73915026343512,3.07127136998903,0,-0.032134161548891,9033.04931775932,8893.21241340943,9136.39801027285
773.5,27.3818500154112,27.7442565075434,27.1038190708028,-0.00960469231157788,1.72599159417217,1.66183954272622,1.77281967827254,-0.0148189216556744,0.2,27.1877840636015,2.46998533652632,-0.0763006251469349,27,3.69481841718143,3.74144090147243,3.07358764142721,0,-0.0303162508122644,9033.31872294379,8893.50376730716,9136.69093468253
774,27.3818500154112,27.7442565075434,27.1038190708028,-0.00898143174845075,1.7261128718639,1.66197326060218,1.77295090604183,-0.0146491910834214,0.2,27.1868552155873,2.47193302578609,-0.0747420862349145,27,3.69672482565828,3.74372359969781,3.07589589155472,0,-0.0283489911708099,9033.58499898669,8893.79305981348,9136.98219552267
774.5,27.3818500154112,27.7442565075434,27.1038190708028,-0.00850420942941554,1.72623273281081,1.66210602663543,1.77308138055842,-0.0146491910834214,0.2,27.1859548902188,2.47342434553308,-0.0747420862349145,27,3.69862374334527,3.74599838563226,3.0781961481162,0,-0.0268426866430072,9033.84817175978,8894.08030181655,9137.27179330379
775,27.3818500154112,27.7442565075434,27.1038190708028,-0.00833089708675772,1.72635119128491,1.662237845941,1.77321110220812,-0.0146491910834214,0.2,27.1850821550817,2.47396594660388,-0.0747420862349145,27,3.70051519967572,3.74826528670136,3.08048843876104,0,-0.0262956435646421,9034.10827234297,8894.36550419592,9137.55972873077
775.5,27.3818500154112,27.7442565075434,27.1038190708028,-0.00857791736715484,1.72646826296437,1.6623687236275,1.77334007146149,-0.0146491910834214,0.2,27.1842361091984,2.47319400822764,-0.0747420862349145,27,3.70239922396729,3.75052433023564,3.08277279104374,5,-0.0270753383776875,9034.36533491022,8894.64867781987,9137.84600269774
776,27.3818500154112,27.7442565075434,27.1038190708028,-0.00913816894051379,1.72658396382812,1.66249866479595,1.7734682888716,-0.0146348503061091,0.2,27.1834158819525,2.47144322206089,-0.0733663527809824,27,3.70427584542247,3.75277554347089,3.08504923242412,5,-0.0288437164438377,9034.61939430249,8894.92983354287,9138.13061628286
776.5,27.3818500154112,27.7442565075434,27.1038190708028,-0.00977087199782659,1.72669830750468,1.6626276745385,1.77359575507169,-0.0146348503061091,0.2,27.1826206320511,2.46946602500679,-0.0733663527809824,27,3.70614509312898,3.75501895354852,3.08731779026772,5,-0.0308407803739398,9034.87048020614,8895.20898220288,9138.41357074331
777,27.3818500154112,27.7442565075434,27.1038190708028,-0.0102739401212044,1.72681130430223,1.66275575793755,1.77372247077296,-0.0146348503061091,0.2,27.1818495465227,2.46789393712124,-0.0733663527809824,27,3.70800699606026,3.75725458751582,3.08957849184607,5,-0.0324286645985695,9035.11861502202,8895.48613461928,9138.69486751037
777.5,27.3818500154112,27.7442565075434,27.1038190708028,-0.0104820071215946,1.72692296191144,1.66288292006469,1.77384843676242,-0.0146348503061091,0.2,27.1811018397487,2.46724372774502,-0.0733663527809824,27,3.7098615830759,3.75948247232636,3.091831364337,5,-0.0330854072786011,9035.36381540801,8895.7613015906,9138.97450818462
778,27.3818500154112,27.7442565075434,27.1038190708028,-0.0102703878471829,1.72703328628182,1.66300916597969,1.7739736539007,-0.0147556907784221,0.2,27.1803767525296,2.46790503797755,-0.0721507010118401,27,3.71170888292209,3.76170263484028,3.09407643482497,0,-0.032417452200848,9035.6060942027,8896.0344938924,9139.25249453117
778.5,27.3818500154112,27.7442565075434,27.1038190708028,-0.00973052390929951,1.72714228283697,1.66313450072976,1.77409812311997,-0.0147556907784221,0.2,27.1796735511822,2.46959211278344,-0.0721507010118401,27,3.71354892423207,3.76391510182461,3.09631373030136,0,-0.030713425667313,9035.84546309374,8896.30572227546,9139.52882847506
779,27.3818500154112,27.7442565075434,27.1038190708028,-0.00910005231696587,1.72724995905423,1.66325892934878,1.77422184542203,-0.0147556907784221,0.2,27.1789915266682,2.47156233650948,-0.0721507010118401,27,3.71538173552658,3.76611989995359,3.09854327766475,0,-0.0287234051332711,9036.08193828306,8896.5749974643,9139.80351209695
779.5,27.3818500154112,27.7442565075434,27.1038190708028,-0.00857991271290871,1.72735632555238,1.6633824568566,1.77434482187621,-0.0147556907784221,0.2,27.1783299937531,2.47318777277216,-0.0721507010118401,27,3.71720734521429,3.76831705580904,3.10076510372128,0,-0.027081636487025,9036.31554287621,8896.84233015544,9140.07654762858
780,27.3818500154112,27.7442565075434,27.1038190708028,-0.00833476711887485,1.72746139540457,1.66350508825837,1.77446705361752,-0.0149941614908045,0.2,27.1776882901936,2.47395385275352,-0.0710753160774502,27,3.71902578159223,3.77050659588058,3.10297923518493,0,-0.0263078589340166,9036.54630537428,8897.10773101604,9140.34793744864
780.5,27.3818500154112,27.7442565075434,27.1038190708028,-0.00849518792230327,1.72756518341228,1.66362682854403,1.77458854184476,-0.0149941614908045,0.2,27.1770657759531,2.4734525377428,-0.0710753160774502,27,3.72083707284627,3.77268854656609,3.1051856986778,5,-0.0268142111579581,9036.7742580796,8897.37121068278,9140.61768407861
781,27.3818500154112,27.7442565075434,27.1038190708028,-0.00901316172481401,1.72766770479788,1.66374768268778,1.77470928781868,-0.0149941614908045,0.2,27.1764618324441,2.47183386960996,-0.0710753160774502,27,3.72264124705151,3.77486293417188,3.10738452073046,5,-0.0284491436682029,9036.99943422466,8897.63277976059,9140.8857901786
781.5,27.3818500154112,27.7442565075434,27.1038190708028,-0.00964879025680602,1.72776897319711,1.66386765564736,1.77482929286016,-0.0149941614908045,0.2,27.1758758617968,2.46984753044748,-0.0710753160774502,27,3.72443833217275,3.77702978491312,3.10957572778221,5,-0.0304554415665825,9037.2218635626,8897.89244882117,9141.15225854347
782,27.3818500154112,27.7442565075434,27.1038190708028,-0.0101921314612144,1.72786899875764,1.66398675236372,1.77494855834844,-0.0153350184347971,0.2,27.1753072861526,2.4681495891837,-0.0701229144610466,27,3.72622835606489,3.77918912491408,3.11175934618142,5,-0.0321704437441773,9037.44156819006,8898.15022840217,9141.41709209879
782.5,27.3818500154112,27.7442565075434,27.1038190708028,-0.0104707963134129,1.72796778892943,1.6641049777604,1.77506708571943,-0.0153350184347971,0.2,27.1747555469822,2.46727876152058,-0.0701229144610466,27,3.72801134647338,3.78134098020851,3.11393540218579,5,-0.0330500214836565,9037.65856428251,8898.40612900591,9141.68029389716
783,27.3818500154112,27.7442565075434,27.1038190708028,-0.0103469958770829,1.72806534913838,1.66422233674314,1.77518487646392,-0.0153350184347971,0.2,27.1742201044268,2.46766563788412,-0.0701229144610466,27,3.72978733103471,3.7834853767399,3.1161039219627,0,-0.0326592577864244,9037.87286357312,8898.66016109839,9141.94186711426
783.5,27.3818500154112,27.7442565075434,27.1038190708028,-0.00985286110064422,1.72816168413348,1.66433883419938,1.77530193212601,-0.0153350184347971,0.2,27.1737004366622,2.46920980906049,-0.0701229144610466,27,3.73155633727668,3.78562234036183,3.11826493158945,0,-0.0310995707780734,9038.08447631149,8898.91233510826,9142.20181504531
784,27.3818500154112,27.7442565075434,27.1038190708028,-0.00922320194998761,1.72825679997985,1.66445447499803,1.7754182543015,-0.01576502030548,0.2,27.1731960392845,2.47117749390629,-0.0692784157138135,27,3.73331839261901,3.78775189683826,3.12041845705363,0,-0.0291121146349409,9038.29341564158,8899.16266142634,9142.46014110154
784.5,27.3818500154112,27.7442565075434,27.1038190708028,-0.00866671975353711,1.72835070604049,1.66456926398912,1.77553384463631,-0.01576502030548,0.2,27.1727064247172,2.4729165007702,-0.0692784157138135,27,3.73507352437363,3.78987407184383,3.12256452425336,0,-0.0273556342300645,9038.49970195538,8899.41115040471,9142.71684880674
785,27.3818500154112,27.7442565075434,27.1038190708028,-0.00835501411184481,1.72844341422147,1.66468320600353,1.77564870482495,-0.01576502030548,0.2,27.1722311216383,2.47389058090048,-0.0692784157138135,27,3.73682175974518,3.79198889096421,3.12470315899759,0,-0.026371766542627,9038.70336123557,8899.6578123562,9142.97194179381
785.5,27.3540182959448,27.7442565075434,27.1038190708028,-0.00842709716090042,1.72853493842719,1.66479630585274,1.77576283660908,-0.01576502030548,0.2,27.1717696744274,2.47366532137219,-0.0692784157138135,27,3.73856312583139,3.79409637969638,3.12683438700646,5,-0.0265992894786661,9038.90442385924,8899.90265755382,9143.22542380153
786,27.3540182959448,27.7442565075434,27.1038190708028,-0.00889272608758532,1.72862529305895,1.66490856832874,1.77587624177603,-0.0162724480946537,0.2,27.1713211020006,2.4722102309763,-0.0685284408002275,27,3.74029764962352,3.79619656344894,3.12895823391151,5,-0.0280690006228543,9039.1029212998,8900.14569623046,9143.47729867142
786.5,27.3540182959448,27.7442565075434,27.1038190708028,-0.00952289716256885,1.72871449177159,1.66501999820354,1.77598892215734,-0.0162724480946537,0.2,27.1708844727772,2.47024094636697,-0.0685284408002275,27,3.7420253580068,3.7982894675424,3.13107472525604,5,-0.0300580726039323,9039.29888339553,8900.38693857788,9143.72757034435
787,27.3540182959448,27.7163393385747,27.1038190708028,-0.0100996282658849,1.72880254461674,1.66513060022911,1.77610087962739,-0.0162724480946537,0.2,27.170459425922,2.46843866166911,-0.0685284408002275,27,3.74374627776078,3.80037511720955,3.13318388649537,5,-0.0318784666584392,9039.49233207298,8900.62639474655,9143.97624285765
787.5,27.3540182959448,27.7163393385747,27.1038190708028,-0.0104433528742432,1.72888945886407,1.66524037913713,1.77621211610201,-0.0162724480946537,0.2,27.1692843111439,2.46736452226799,-0.0685284408002275,27,3.7454604355598,3.80245353759567,3.13528574299715,5,-0.0329633990122612,9039.68328315049,8900.86407484505,9144.22332034188
788,27.3540182959448,27.7163393385747,27.1038190708028,-0.0104083183705502,1.72897523952071,1.66534933963876,1.77632263353718,-0.0162443516378303,0.2,27.1681463567838,2.46747400509203,-0.0672585427135147,27,3.74716785797339,3.80452475375891,3.13738032004164,0,-0.0328528161048048,9039.87174747863,8901.09998893954,9144.46880701806
788.5,27.3540182959448,27.7163393385747,27.1038190708028,-0.00996991032636004,1.72905989082044,1.66545748642434,1.77643243392761,-0.0162443516378303,0.2,27.1670443299173,2.46884403023012,-0.0672585427135147,27,3.74886857146671,3.80658879067054,3.13946764282203,0,-0.0314690249541228,9040.05773421175,8901.33414705317,9144.71270719445
789,27.3540182959448,27.7163393385747,27.1038190708028,-0.00934939707597124,1.72914341749779,1.66556482416352,1.77654151930562,-0.0162443516378303,0.2,27.1659770394743,2.47078313413759,-0.0672585427135147,27,3.7505626024009,3.80864567321531,3.14154773644468,0,-0.0295104369305956,9040.24125360697,8901.56655916621,9144.95502526412
789.5,27.3540182959448,27.7163393385747,27.1038190708028,-0.00876342402168362,1.72922582768461,1.66567135750495,1.7766498917398,-0.0162443516378303,0.2,27.1649433348037,2.47261429993224,-0.0672585427135147,27,3.7522499770335,3.81069542619169,3.14362062592946,0,-0.0276608715820422,9040.42232338879,8901.79723521546,9145.19576570194
790,27.3540182959448,27.7163393385747,27.1038190708028,-0.00839068146374274,1.72930713214809,1.66577709107628,1.77675755333383,-0.0157820645641351,0.2,27.1639421042868,2.4737791204258,-0.0655768417147144,27,3.75393072151893,3.81273807431219,3.14568633621002,0,-0.0264843469721576,9040.60096707547,8902.02618509417,9145.43493306199
790.5,27.3540182959448,27.7163393385747,27.1038190708028,-0.00837587892838499,1.72938734388979,1.6658820294841,1.77686450622536,-0.0157820645641351,0.2,27.1629722739992,2.4738253783488,-0.0655768417147144,27,3.7556048619088,3.81477364220367,3.14774489213408,5,-0.0264376242495544,9040.77721309835,8902.25341865191,9145.672531975
791,27.3540182959448,27.7163393385747,27.1038190708028,-0.00877873428648144,1.72946647642657,1.66598617731401,1.77697075258482,-0.0157820645641351,0.2,27.1620328064185,2.47256645535475,-0.0655768417147144,27,3.75727242415238,3.81680215440763,3.14979631846372,5,-0.02770919690185,9040.9510910251,8902.4789456947,9145.90856714588
791.5,27.3540182959448,27.7163393385747,27.1038190708028,-0.0093947438599912,1.72954454341339,1.66608953913026,1.7770762946143,-0.0157820645641351,0.2,27.1611226991766,2.47064142543753,-0.0655768417147144,27,3.75893343409696,3.8188236353805,3.15184063987566,5,-0.0296535695196762,9041.12263073068,8902.70277598422,9146.14304335098
792,27.3540182959448,27.7163393385747,27.1038190708028,-0.00999769504279385,1.72962155486843,1.66619211947594,1.77718113454639,-0.0154931261554125,0.2,27.1602409838545,2.46875720299127,-0.0640963935417943,27,3.76058791748829,3.82083810949394,3.15387788096157,5,-0.0315567246330745,9041.29185410259,8902.92491923809,9146.37596543578
792.5,27.3540182959448,27.7163393385747,27.1038190708028,-0.0104006832280534,1.72969751793952,1.66629392287276,1.77728527464323,-0.0154931261554125,0.2,27.1593867248196,2.46749786491233,-0.0640963935417943,27,3.76223589997095,3.82284560103514,3.15590806622831,5,-0.0328287165410277,9041.45877672414,8903.14538512953,9146.60733831255
793,27.3540182959448,27.7163393385747,27.0760505633444,-0.0104519478299653,1.729772437328,1.66639495382098,1.7773887171953,-0.0154931261554125,0.2,27.1585590181022,2.46733766303136,-0.0640963935417943,27,3.76387740708873,3.82484613420709,3.15793122009828,5,-0.0329905281305025,9041.62340880529,8903.36418328715,9146.8371669578
793.5,27.3540182959448,27.7163393385747,27.0760505633444,-0.010079811548687,1.729846316823,1.6664952167993,1.77749146452044,-0.0154931261554125,0.2,27.1577569903109,2.46850058891035,-0.0640963935417943,27,3.7655124642851,3.8268397331289,3.15994736690963,0,-0.0318159171722757,9041.78575855382,8903.58132329457,9147.06545641011
794,27.3540182959448,27.7163393385747,27.0760505633444,-0.00947709495432861,1.72991916001585,1.66659471626503,1.77759351896286,-0.0153548792746676,0.2,27.1569797975852,2.47038407826772,-0.0627919190340919,27,3.76714109690351,3.82882642183607,3.1619565309166,0,-0.0299135025138428,9041.94583374503,8903.79681469086,9147.29221176783
794.5,27.3540182959448,27.7163393385747,27.0760505633444,-0.00886876594147736,1.72999097380257,1.66669345665387,1.77769488289219,-0.0153548792746676,0.2,27.1562266245851,2.47228510643288,-0.0627919190340919,27,3.76876333018785,3.8308062242808,3.16395873628979,0,-0.0279933728176792,9042.1036494187,8904.01066697007,9147.51743818702
795,27.3540182959448,27.7163393385747,27.0760505633444,-0.00844076447103674,1.73006176783633,1.66679144238004,1.77779555870249,-0.0153548792746676,0.2,27.1554966835141,2.47362261102801,-0.0627919190340919,27,3.77037918928283,3.83277916433226,3.16595400711643,0,-0.0266424289763804,9042.25922667643,8904.22288958147,9147.74114087927
795.5,27.3540182959448,27.7163393385747,27.0760505633444,-0.00834431338143432,1.73013155408139,1.66688867783638,1.77789554881132,-0.0153548792746676,0.2,27.1547892131765,2.47392402068302,-0.0627919190340919,27,3.77198869923436,3.83474526577688,3.16794236740066,0,-0.0263379907571593,9042.41259170177,8904.43349192962,9147.96332510965
796,27.3540182959448,27.7163393385747,27.0760505633444,-0.00867312747530292,1.7302003455304,1.66698516739432,1.77799485565894,-0.0153476514754658,0.2,27.1541034780676,2.47289647663968,-0.0616413912270275,27,3.7735918849899,3.83670455231865,3.16992384106382,5,-0.0273758595630461,9042.56377294162,8904.64248337449,9148.18399619482
796.5,27.3540182959448,27.7163393385747,27.0760505633444,-0.00926594274906051,1.73026815537507,1.6670809154039,1.77809348170729,-0.0153476514754658,0.2,27.1534387674944,2.47104392890919,-0.0616413912270275,27,3.77518877139893,3.83865704757939,3.17189845194472,5,-0.0292470216931346,9042.71279928368,8904.84987323135,9148.4031595009
797,27.3540182959448,27.7163393385747,27.0760505633444,-0.00988765115111647,1.73033499379544,1.66717592619373,1.77819142943925,-0.0153476514754658,0.2,27.152794394727,2.46910109015276,-0.0616413912270275,27,3.77677938321326,3.84060277509905,3.17386622379996,5,-0.031209382093384,9042.85969299996,8905.05567077066,9148.62082044169
797.5,27.3540182959448,27.7163393385747,27.0760505633444,-0.0103438434396249,1.73040086787413,1.66727020407105,1.77828870135762,-0.0153476514754658,0.2,27.1521696961793,2.46767548925117,-0.0616413912270275,27,3.77836374508746,3.84254175833597,3.17582718030414,5,-0.0326493074328319,9043.00446955786,8905.2598852183,9148.83698447653
798,27.3540182959448,27.7163393385747,27.0760505633444,-0.0104760275821705,1.73046578217418,1.66736375332171,1.77838529998448,-0.0154543611557614,0.2,27.1515640306175,2.46726241380572,-0.0606256122469844,27,3.77994188157922,3.84447402066721,3.17778134505017,5,-0.0330665334603631,9043.14713888951,8905.46252575531,9149.05165710877
798.5,27.3540182959448,27.7163393385747,27.0760505633444,-0.0101806366585005,1.73052973989114,1.66745657821005,1.77848122786017,-0.0154543611557614,0.2,27.150976778396,2.46818551044219,-0.0606256122469844,27,3.78151381714973,3.84639958538876,3.17972874154955,0,-0.032134161548891,9043.28770792352,8905.66360151776,9149.26484388356
799,27.3540182959448,27.7163393385747,27.0760505633444,-0.00960469231157788,1.7305927438887,1.66754868297906,1.77857648754267,-0.0154543611557614,0.2,27.15040734072,2.46998533652632,-0.0606256122469844,27,3.78307957616407,3.84831847571589,3.18166939323265,0,-0.0303162508122644,9043.4261828609,8905.86312159707,9149.47655038643
799.5,27.3540182959448,27.7163393385747,27.0760505633444,-0.0089814317482265,1.73065479975579,1.66764007185043,1.77867108160674,-0.0154543611557614,0.2,27.1498551389328,2.47193302578679,-0.0606256122469844,27,3.78463918289159,3.85023071478339,3.18360332344895,0,-0.0283489911701021,9043.5625758943,8906.06109504003,9149.68678224142
800,27.3540182959448,27.7163393385747,27.0760505633444,-0.00850420942876895,1.73071591605326,1.66773074902458,1.77876501264321,-0.0156601756575583,0.2,27.1493196138282,2.4734243455351,-0.0597278455312733,27,3.78619266150627,3.85213632564586,3.18553055546739,0,-0.0268426866409663,9043.69690575051,8906.25753084889,9149.89554510945
800.5,27.3540182959448,27.7163393385747,27.0760505633444,-0.00833089708675118,1.73077610373322,1.66782071868074,1.77885828325827,-0.0156601756575583,0.2,27.1488002249858,2.4739659466039,-0.0597278455312733,27,3.78774003608712,3.85403533127801,3.18745111247654,0,-0.0262956435646214,9043.82919641479,8906.45243798148,9150.10284468676
801,27.3540182959448,27.7163393385747,27.0760505633444,-0.00857791736715484,1.73083537517573,1.66790998497714,1.77895089607278,-0.0156601756575583,0.2,27.1482964501302,2.47319400822764,-0.0597278455312733,27,3.78928133061851,3.85592775457488,3.18936501758496,5,-0.0270753383776875,9043.95947501362,8906.64582535164,9150.30868670335
801.5,27.3540182959448,27.7163393385747,27.0760505633444,-0.00913816894051379,1.73089374308293,1.66799855205099,1.77904285372155,-0.0156601756575583,0.2,27.1478077845113,2.47144322206089,-0.0597278455312733,27,3.79081656899059,3.85781361835216,3.19127229382141,5,-0.0288437164438377,9044.08776938426,8906.83770182917,9150.51307692143
802,27.3540182959448,27.7163393385747,27.0760505633444,-0.00977087199782659,1.73095121782737,1.66808642401849,1.77913415885267,-0.0159522144681929,0.2,27.1473337403065,2.46946602500679,-0.0589334961226086,27,3.79234577499964,3.85969294534648,3.19317296413517,5,-0.0308407803739398,9044.21410224609,8907.02807623973,9150.71602113384
802.5,27.3540182959448,27.7163393385747,27.0760505633444,-0.0102739401212044,1.73100780648167,1.66817360497491,1.77922481412679,-0.0159522144681929,0.2,27.1468738460431,2.46789393712124,-0.0589334961226086,27,3.79386897234842,3.86156575821563,3.19506705139628,5,-0.0324286645985695,9044.33848906733,8907.21695736512,9150.91752516257
803,27.3540182959448,27.7163393385747,27.0760505633444,-0.0104820071215541,1.73106351352143,1.6682600989946,1.77931482221657,-0.0159522144681929,0.2,27.1464276460407,2.46724372774514,-0.0589334961226086,27,3.79538618464656,3.86343207953889,3.19695457839579,5,-0.0330854072784732,9044.46093960965,8907.40435394328,9151.11759485736
803.5,27.3540182959448,27.7163393385747,27.0760505633444,-0.0102703878461303,1.73111834170166,1.66834591013099,1.77940418580593,-0.0159522144681929,0.2,27.1459946998727,2.46790503798084,-0.0589334961226086,27,3.79689743541096,3.86529193181726,3.19883556784609,0,-0.0324174521975256,9044.58145985426,8907.59027466812,9151.31623609418
804,27.3540182959448,27.7163393385747,27.0760505633444,-0.00973052390929951,1.73117229327218,1.66843104241668,1.77949290758947,-0.0163192915797232,0.2,27.1455745818466,2.46959211278344,-0.0582298327386425,27,3.79840274806605,3.86714533747375,3.20071004238111,0,-0.030713425667313,9044.70005467338,8907.77472818985,9151.51345477387
804.5,27.3540182959448,27.7163393385747,27.0760505633444,-0.00910005231696587,1.73122537255751,1.66851549986349,1.77958099027191,-0.0163192915797232,0.2,27.1451668805016,2.47156233650948,-0.0582298327386425,27,3.79990214594426,3.86899231885365,3.20257802455664,0,-0.0287234051332711,9044.81673350123,8907.95772311507,9151.70925682087
805,27.3540182959448,27.7163393385747,27.0760505633444,-0.00857991271290871,1.73127758704465,1.66859928646261,1.77966843656745,-0.0163192915797232,0.2,27.1447711981241,2.47318777277216,-0.0582298327386425,27,3.80139565228634,3.87083289822478,3.20443953685056,0,-0.027081636487025,9044.93151272555,8908.13926800692,9151.90364818185
805.5,27.3540182959448,27.7163393385747,27.0760505633444,-0.00833476711887485,1.7313289466958,1.66868240618465,1.77975524919928,-0.0163192915797232,0.2,27.1443871502791,2.47395385275352,-0.0582298327386425,27,3.80288329024171,3.8726670977778,3.20629460166313,0,-0.0263078589340166,9045.04441417723,8908.3193713854,9152.09663482451
806,27.3540182959448,27.7163393385747,27.0760505633444,-0.00849518792147933,1.73137946322187,1.66876486297983,1.77984143089898,-0.016751691845414,0.2,27.1440143653587,2.47345253774538,-0.0576057461434615,27,3.80436508286885,3.87449493962644,3.20814324131721,5,-0.0268142111553574,9045.15546353338,8908.49804172756,9152.2882227364
806.5,27.3540182959448,27.7163393385747,27.0760505633444,-0.00901316172480804,1.73142914877486,1.66884666077807,1.77992698440604,-0.016751691845414,0.2,27.1436524841447,2.47183386960997,-0.0576057461434615,27,3.8058410531356,3.87631644580779,3.20998547805859,5,-0.0284491436681841,9045.26468744316,8908.67528746776,9152.47841792368
807,27.3540182959448,27.7163393385747,27.0760505633444,-0.00964879025652394,1.73147801393978,1.66892780348889,1.78001191246727,-0.016751691845414,0.2,27.1433011593882,2.46984753044836,-0.0576057461434615,27,3.80731122391959,3.87813163828252,3.2118213340562,5,-0.0304554415656922,9045.37210911315,8908.8511169975,9152.66722640993
807.5,27.3540182959448,27.7163393385747,27.0760505633444,-0.0101921314612143,1.73152606583274,1.66900829500167,1.7800962178363,-0.016751691845414,0.2,27.1429600554012,2.46814958918371,-0.0576057461434615,27,3.80877561800853,3.87994053893524,3.21365083140239,5,-0.0321704437441768,9045.4777441262,8909.02553866587,9152.85465423491
808,27.3540182959448,27.7163393385747,27.0760505633444,-0.0104707963134129,1.7315733088915,1.66908813918554,1.78017990327306,-0.0172409768518058,0.2,27.1426288476645,2.46727876152058,-0.0570515390657874,27,3.81023425810062,3.88174316957465,3.21547399211319,5,-0.0330500214836565,9045.58160217871,8909.19856077932,9153.04070745356
808.5,27.3540182959448,27.7163393385747,27.0760505633444,-0.010346995877083,1.73161974554907,1.6691673398895,1.7802629715433,-0.0172409768518058,0.2,27.1423072224475,2.46766563788412,-0.0570515390657874,27,3.81168716680484,3.88353955193389,3.21729083812856,0,-0.0326592577864249,9045.68368856128,8909.37019160193,9153.22539213472
809,27.3540182959448,27.7163393385747,27.0760505633444,-0.00985286110064422,1.73166537758089,1.66924590094237,1.78034542541807,-0.0172409768518058,0.2,27.141994876442,2.46920980906049,-0.0570515390657874,27,3.81313436664135,3.88532970767074,3.21910139131269,0,-0.0310995707780734,9045.78400712012,8909.54043935524,9153.40871436014
809.5,27.3540182959448,27.7163393385747,27.0760505633444,-0.00922320194898433,1.73171020809817,1.66932382615306,1.78042726767328,-0.0172409768518058,0.2,27.1416915164077,2.47117749390942,-0.0570515390657874,27,3.81457588004182,3.88711365836794,3.22090567345418,0,-0.0291121146317741,9045.88256463921,8909.70931221889,9153.59068022343
810,27.3540182959448,27.7163393385747,27.0760505633444,-0.00866671975353654,1.73175424352977,1.66940111931054,1.78050850108927,-0.0177798164147447,0.2,27.1413968588308,2.4729165007702,-0.0565587435323238,27,3.81601172934979,3.88889142553338,3.22270370626638,0,-0.0273556342300627,9045.97937519757,8909.87681833049,9153.77129582908
810.5,27.3540182959448,27.7163393385747,27.0760505633444,-0.0083550141117928,1.73179749286712,1.669477784184,1.78058912845034,-0.0177798164147447,0.2,27.1411106295936,2.47389058090065,-0.0565587435323238,27,3.817441936821,3.89066303060045,3.2244955113876,0,-0.0263717665424628,9046.07445850961,8910.0429657859,9153.95056729141
811,27.3540182959448,27.7163393385747,27.0760505633444,-0.00842709716090056,1.73183996711927,1.66955382452296,1.78066915254436,-0.0177798164147447,0.2,27.1408325636557,2.47366532137219,-0.0565587435323238,27,3.81886652462372,3.89242849492822,3.22628111038137,5,-0.0265992894786665,9046.16783872722,8910.20776263962,9154.12850073375
811.5,27.3540182959448,27.7163393385747,27.0760505633444,-0.00889272608758532,1.73188167781103,1.66962924405753,1.7807485761624,-0.0177798164147447,0.2,27.1405624047462,2.4722102309763,-0.0565587435323238,27,3.82028551483915,3.89418783980171,3.22806052473673,5,-0.0280690006228543,9046.25954113809,8910.37121690511,9154.30510228752
812,27.3540182959448,27.7163393385747,27.0760505633444,-0.00952289716256885,1.73192263573939,1.6697040464982,1.78082740209823,-0.0183618423208607,0.2,27.1402999050663,2.47024094636697,-0.0561199620265242,27,3.82169892946171,3.89594108643218,3.22983377586841,5,-0.0300580726039323,9046.34958943168,8910.53333655452,9154.48037809116
812.5,27.3540182959448,27.7163393385747,27.0760505633444,-0.0100996282658849,1.73196284811626,1.66977823553608,1.78090563314795,-0.0183618423208607,0.2,27.1400448250022,2.46843866166911,-0.0561199620265242,27,3.8231067903994,3.89768825595739,3.23160088511716,5,-0.0318784666584392,9046.43799941703,8910.6941295191,9154.65433428934
813,27.3540182959448,27.7163393385747,27.0760505633444,-0.010443352873982,1.73200231938968,1.66985181484297,1.78098327210962,-0.0183618423208607,0.2,27.1397969328478,2.46736452226881,-0.0561199620265242,27,3.82450911947414,3.89942936944178,3.23336187374999,5,-0.0329633990114367,9046.52478082802,8910.85360368931,9154.82697703204
813.5,27.3540182959448,27.6884288750039,27.0760505633444,-0.0104083183703463,1.73204105176332,1.66992478807128,1.78106032178283,-0.0183618423208607,0.2,27.1395560045369,2.46747400509267,-0.0561199620265242,27,3.82590593842209,3.90116444787683,3.23511676296035,0,-0.0328528161041611,9046.6099384651,8911.01176691473,9154.99831247368
814,27.3540182959448,27.6884288750039,27.0760505633444,-0.00996991032636004,1.73207904668571,1.66999715885409,1.78113678496832,-0.0186770740435414,0.2,27.1385607050429,2.46884403023012,-0.055424282017151,27,3.82729726889401,3.90289351218121,3.23686557386848,0,-0.0314690249541228,9046.69347546958,8911.16862700409,9155.16834677217
814.5,27.3540182959448,27.6884288750039,27.0760505633444,-0.00934939707597138,1.73211630612438,1.67006893080543,1.78121266446768,-0.0186770740435414,0.2,27.1375982017368,2.47078313413759,-0.055424282017151,27,3.8286831324556,3.90461658320112,3.23860832752162,0,-0.0295104369305961,9046.7753961247,8911.32419172588,9155.33708608832
815,27.3540182959448,27.6884288750039,27.0760505633444,-0.0087634240216839,1.7321528354628,1.67014010752021,1.78128796308296,-0.0186770740435414,0.2,27.1366673860345,2.47261429993224,-0.055424282017151,27,3.83006355058783,3.90633368171049,3.24034504489422,0,-0.0276608715820431,9046.85571222529,8911.47846880823,9155.50453658486
815.5,27.3540182959448,27.6884288750039,27.0760505633444,-0.00839068146374274,1.73218864273807,1.67021069257439,1.78136268361634,-0.0186770740435414,0.2,27.1357671872635,2.4737791204258,-0.055424282017151,27,3.83143854468723,3.90804482841124,3.24207574688825,0,-0.0264843469721576,9046.93444140193,8911.63146593919,9155.67070442587
816,27.3540182959448,27.6884288750039,27.0760505633444,-0.00837587892838499,1.73222373823974,1.67028068952509,1.78143682886983,-0.0182091712444929,0.2,27.1348965713595,2.4738253783488,-0.053958628543819,27,3.8328081360663,3.90975004393354,3.24380045433343,5,-0.0264376242495544,9047.01160623907,8911.78319076704,9155.83559577593
816.5,27.3540182959448,27.6884288750039,27.0760505633444,-0.00877873428643355,1.73225813279051,1.67035010191089,1.781510401645,-0.0182091712444929,0.2,27.1340545396088,2.4725664553549,-0.053958628543819,27,3.83417234595375,3.91144934883603,3.24551918798745,5,-0.0277091969016988,9047.08723049498,8911.93365090083,9155.99921679962
817,27.3540182959448,27.6884288750039,27.0760505633444,-0.00939474385884182,1.73229183736867,1.67041893325158,1.78158340474257,-0.0182091712444929,0.2,27.1332401274323,2.47064142544112,-0.053958628543819,27,3.83553119549493,3.91314276360612,3.24723196853624,5,-0.0296535695160483,9047.16133827145,8912.08285390994,9156.1615736605
817.5,27.3540182959448,27.6884288750039,27.0760505633444,-0.00999769504279399,1.73232485933288,1.67048718704847,1.78165584096216,-0.0182091712444929,0.2,27.1324524032131,2.46875720299127,-0.053958628543819,27,3.83688470575207,3.9148303086602,3.24893881659422,5,-0.031556724633075,9047.23394571312,8912.23080732459,9156.32267252066
818,27.3540182959448,27.6884288750039,27.0760505633444,-0.0104006832280534,1.73235720318845,1.67055486678435,1.78172771310198,-0.0179010260328809,0.2,27.1316904671636,2.46749786491233,-0.0526761868654575,27,3.83823289770464,3.91651200434387,3.25063975270453,5,-0.0328287165410277,9047.30506269188,8912.37751863591,9156.48251953998
818.5,27.3540182959448,27.6884288750039,27.0760505633444,-0.0104519478299653,1.73238887101127,1.67062197592358,1.78179902395851,-0.0179010260328809,0.2,27.1309534502318,2.46733766303136,-0.0526761868654575,27,3.83957579224968,3.91818787093223,3.25233479733928,5,-0.0329905281305025,9047.37469373879,8912.52299529596,9156.64112087535
819,27.3540182959448,27.6884288750039,27.0760505633444,-0.010079811548687,1.73241986398207,1.67068851791199,1.78186977632621,-0.0179010260328809,0.2,27.130240513045,2.46850058891035,-0.0526761868654575,27,3.84091341020213,3.9198579286301,3.25402397089981,0,-0.0318159171722757,9047.44284141748,8912.66724471764,9156.79848268008
819.5,27.3540182959448,27.6884288750039,27.0760505633444,-0.00947709495388835,1.73245018310094,1.67075449617719,1.78193997299727,-0.0179010260328809,0.2,27.1295508448906,2.4703840782691,-0.0526761868654575,27,3.84224577229514,3.92152219757225,3.25570729371689,0,-0.0299135025124532,9047.50950789513,8912.81027427529,9156.95461110337
820,27.3540182959448,27.6884288750039,27.0760505633444,-0.00886876594146983,1.73247983269003,1.67081991412858,1.78200961676131,-0.0177314619143196,0.2,27.1288836627315,2.47228510643291,-0.0515534650925972,27,3.84357289918038,3.92318069782368,3.25738478605099,0,-0.0279933728176554,9047.57470264436,8912.95209130463,9157.10951228952
820.5,27.3540182959448,27.6884288750039,27.0760505633444,-0.00844076447071046,1.73250881984581,1.67088477515745,1.78207871040521,-0.0177314619143196,0.2,27.1282382102552,2.47362261102903,-0.0515534650925972,27,3.84489481142841,3.92483344937983,3.25905646809256,0,-0.0266424289753505,9047.63844123914,8913.09270310306,9157.26319237763
821,27.3540182959448,27.6884288750039,27.0760505633444,-0.00834431338143418,1.73253715399287,1.67094908263707,1.78214725671275,-0.0177314619143196,0.2,27.1276137569561,2.47392402068302,-0.0515534650925972,27,3.84621152952891,3.92648047216684,3.26072235996218,0,-0.0263379907571588,9047.70074437375,8913.23211692986,9157.4156575008
821.5,27.3540182959448,27.6884288750039,27.0760505633444,-0.00867312747530292,1.73256484560091,1.67101283992299,1.78221525846454,-0.0177314619143196,0.2,27.1270095972493,2.47289647663968,-0.0515534650925972,27,3.8475230738911,3.92812178604177,3.26238248171086,5,-0.0273758595630461,9047.76163504175,8913.37034000672,9157.56691378592
822,27.3540182959448,27.6884288750039,27.0482882575822,-0.00926594274906051,1.73259190535526,1.67107605035294,1.78228271843762,-0.0176821071424804,0.2,27.126425049615,2.47104392890919,-0.050570019846009,27,3.84882946484396,3.92975741079286,3.2640368533203,5,-0.0292470216931346,9047.8211367121,8913.50737951761,9157.71696735277
822.5,27.3540182959448,27.6884288750039,27.0482882575822,-0.00988765115111647,1.73261834094567,1.67113871724695,1.78234963940533,-0.0176821071424804,0.2,27.1258594557718,2.46910109015276,-0.050570019846009,27,3.85013072263662,3.93138736613975,3.26568549470305,5,-0.031209382093384,9047.87926626786,8913.64324260893,9157.86582431374
823,27.3540182959448,27.6884288750039,27.0482882575822,-0.0103438434385237,1.73264415698053,1.67120084390738,1.78241602413704,-0.0176821071424804,0.2,27.1253121798791,2.46767548925461,-0.050570019846009,27,3.85142686743866,3.93301167173373,3.26732842570282,5,-0.0326493074293561,9047.93603381749,8913.77793638974,9158.01349077324
823.5,27.3540182959448,27.6884288750039,27.0482882575822,-0.0104760275821694,1.7326693555646,1.67126243361908,1.7824818753979,-0.0176821071424804,0.2,27.1247826077671,2.46726241380572,-0.050570019846009,27,3.85271791934038,3.934630347158,3.26896566609468,5,-0.0330665334603595,9047.99144396484,8913.91146793186,9158.15997282712
824,27.3540182959448,27.6884288750039,27.0482882575822,-0.0101806366585005,1.73269393745127,1.67132348964922,1.78254719594864,-0.0177370240636527,0.2,27.1242701461923,2.46818551044219,-0.0497080584769336,27,3.85400389835316,3.93624341192783,3.2705972355853,0,-0.032134161548891,9048.04549834292,8914.04384426967,9158.30527656219
824.5,27.3540182959448,27.6884288750039,27.0482882575822,-0.00960469231157788,1.73271790307807,1.67138401524755,1.78261198854537,-0.0177370240636527,0.2,27.12377422212,2.46998533652632,-0.0497080584769336,27,3.85528482440972,3.9378508854909,3.27222315381319,0,-0.0303162508122644,9048.09819789077,8914.17507240058,9158.44940805583
825,27.3540182959448,27.6884288750039,27.0482882575822,-0.00898143174822636,1.73274125562404,1.67144401364646,1.78267625593938,-0.0177370240636527,0.2,27.1232942820303,2.47193302578679,-0.0497080584769336,27,3.85656071736449,3.93945278722746,3.27384344034894,0,-0.0283489911701017,9048.14954957649,8914.30515928519,9158.59237337545
825.5,27.3540182959448,27.6884288750039,27.0482882575822,-0.00850420942876909,1.73276400125622,1.67150348806109,1.78274000087694,-0.0177370240636527,0.2,27.1228297912488,2.4734243455351,-0.0497080584769336,27,3.85783159699388,3.94104913645057,3.27545811469544,0,-0.0268426866409667,9048.19956693961,8914.43411184749,9158.73417857809
826,27.3540182959448,27.6884288750039,27.0482882575822,-0.00833089708675104,1.73278614854893,1.6715624416894,1.78280322609915,-0.0178823873368898,0.2,27.1223802332997,2.4739659466039,-0.0489520933198804,27,3.85909748299659,3.94263995240635,3.27706719628812,0,-0.026295643564621,9048.24826881406,8914.56193697503,9158.87482971015
826.5,27.3540182959448,27.6884288750039,27.0482882575822,-0.00857791736685172,1.73280770752016,1.67162087771247,1.78286593434175,-0.0178823873368898,0.2,27.1219451092821,2.47319400822859,-0.0489520933198804,27,3.86035839499392,3.94422525427423,3.27867070449517,5,-0.0270753383767308,9048.29567720937,8914.68864151945,9159.01433280678
827,27.3540182959448,27.6884288750039,27.0482882575822,-0.00913816894087546,1.73282868852557,1.67167879929436,1.782928128335,-0.0178823873368898,0.2,27.1215239372665,2.47144322205976,-0.0489520933198804,27,3.86161435253005,3.94580506116715,3.2802686586178,5,-0.0288437164449793,9048.34181487857,8914.81423229641,9159.15269389176
827.5,27.3540182959448,27.6884288750039,27.0482882575822,-0.00977087199782659,1.7328490996064,1.67173620958231,1.78298981080341,-0.0178823873368898,0.2,27.1211162517133,2.46946602500679,-0.0489520933198804,27,3.86286537507241,3.94737939213178,3.28186107789044,5,-0.0308407803739398,9048.38669948621,8914.9387160857,9159.28991897682
828,27.3540182959448,27.6884288750039,27.0482882575822,-0.0102739401212042,1.73286894551903,1.67179311170676,1.78305098446563,-0.0181062045961227,0.2,27.1207216029105,2.46789393712124,-0.04828864116418,27,3.8641114820119,3.94894826614881,3.28344798148096,5,-0.0324286645985691,9048.43034147406,8915.06209963151,9159.42601406143
828.5,27.3540182959448,27.6884288750039,27.0482882575822,-0.0104820071215541,1.73288822843793,1.67184950878141,1.78311165203425,-0.0181062045961227,0.2,27.1203395564309,2.46724372774514,-0.04828864116418,27,3.86535269266325,3.9505117021331,3.28502938849096,5,-0.0330854072784732,9048.4727456068,8915.18438964248,9159.5609851323
829,27.3540182959448,27.6884288750039,27.0482882575822,-0.0102703878461303,1.73290694883198,1.67190540390319,1.78317181621565,-0.0181062045961227,0.2,27.1199696926087,2.46790503798084,-0.04828864116418,27,3.86658902626528,3.95206971893398,3.28660531795592,0,-0.0324174521975256,9048.51391289901,8915.30559279158,9159.69483816304
829.5,27.3540182959448,27.6884288750039,27.0482882575822,-0.00973052390929851,1.73292510667997,1.67196080015237,1.7832314797098,-0.0181062045961227,0.2,27.1196116060326,2.46959211278344,-0.04828864116418,27,3.86782050198122,3.95362233533541,3.28817578884548,0,-0.0307134256673098,9048.55384328802,8915.42571571639,9159.82757911377
830,27.3540182959448,27.6884288750039,27.0482882575822,-0.00910005231690917,1.73294270405051,1.67201570059273,1.7832906452102,-0.0183980739668748,0.2,27.119264905058,2.47156233650966,-0.0477059620231927,27,3.86904713889901,3.95516957005628,3.28974082006367,0,-0.0287234051330921,9048.59254130731,8915.54476501944,9159.95921393094
830.5,27.3540182959448,27.6884288750039,27.0482882575822,-0.00857991271166725,1.73295974618987,1.67207010827159,1.7833493154037,-0.0183980739668748,0.2,27.118929211335,2.47318777277604,-0.0477059620231927,27,3.8702689560316,3.95671144175055,3.29130043044907,0,-0.0270816364831065,9048.63001847888,8915.66274726828,9160.08974854684
831,27.3540182959448,27.6884288750039,27.0482882575822,-0.00833476711887471,1.73297624083447,1.67212402621992,1.78340749297031,-0.0183980739668748,0.2,27.1186041593528,2.47395385275352,-0.0477059620231927,27,3.8714859723172,3.95824796900758,3.29285463877512,0,-0.0263078589340161,9048.66629180149,8915.77966899567,9160.21918887937
831.5,27.3540182959448,27.6884288750039,27.0482882575822,-0.00849518792147933,1.73299219748428,1.67217745745255,1.78346518058322,-0.0183980739668748,0.2,27.118289396,2.47345253774538,-0.0477059620231927,27,3.87269820661963,3.95977917035225,3.29440346375028,5,-0.0268142111553574,9048.70138215286,8915.89553670007,9160.34754083183
832,27.3540182959448,27.6884288750039,27.0482882575822,-0.00901316172480804,1.73300762609492,1.67223040496824,1.7835223809086,-0.0187489735840707,0.2,27.1179845801396,2.47183386960997,-0.0471938320558564,27,3.87390567772859,3.96130506424524,3.2959469240183,5,-0.0284491436681841,9048.73531141348,8916.01035684575,9160.47481029268
832.5,27.3540182959448,27.6884288750039,27.0482882575822,-0.00964879025652394,1.73302253506942,1.67228287174962,1.7835790966054,-0.0187489735840707,0.2,27.1176893821995,2.46984753044836,-0.0471938320558564,27,3.87510840435993,3.96282566908325,3.29748503815841,5,-0.0304554415656922,9048.76809805028,8916.12413586271,9160.60100313498
833,27.3540182959448,27.6884288750039,27.0482882575822,-0.0101921314612778,1.73303692935608,1.67233486076341,1.78363533032537,-0.0187489735840707,0.2,27.1174034837757,2.46814958918351,-0.0471938320558564,27,3.87630640515598,3.9643410031992,3.29901782468556,5,-0.0321704437443773,9048.79975293339,8916.23688014703,9160.72612521639
833.5,27.3540182959448,27.6884288750039,27.0482882575822,-0.010470796313404,1.733050811239,1.67238637496035,1.78369108471283,-0.0187489735840707,0.2,27.1171265772506,2.46727876152061,-0.0471938320558564,27,3.87749969868582,3.96585108486248,3.30054530205061,5,-0.0330500214836282,9048.8302810746,8916.34859606086,9160.85018237877
834,27.3540182959448,27.6884288750039,27.0482882575822,-0.010346995877083,1.73306418101165,1.67243741727527,1.78374636240454,-0.0191510788966802,0.2,27.1168583654233,2.46766563788412,-0.046743346169302,27,3.87868830344556,3.96735593227914,3.3020674886406,0,-0.0326592577864249,9048.85968310843,8916.45928993239,9160.97318044779
834.5,27.3540182959448,27.6884288750039,27.0482882575822,-0.00985286110064394,1.73307703832407,1.67248799062709,1.78380116602962,-0.0191510788966802,0.2,27.1165985611534,2.46920980906049,-0.046743346169302,27,3.87987223785862,3.96885556359214,3.30358440277895,0,-0.0310995707780725,9048.88795825487,8916.56896805608,9161.09512523278
835,27.3540182959448,27.6884288750039,27.0482882575822,-0.00922320194898433,1.73308938417629,1.67253809791907,1.78385549820946,-0.0191510788966802,0.2,27.1163468870166,2.47117749390942,-0.046743346169302,27,3.88105152027606,3.97034999688154,3.30509606272565,0,-0.0291121146317741,9048.91510870309,8916.67763669289,9161.21602252651
835.5,27.3540182959448,27.6884288750039,27.0482882575822,-0.00866671975353668,1.7331012229001,1.67258774203878,1.7839093615576,-0.0191510788966802,0.2,27.1161030749723,2.4729165007702,-0.046743346169302,27,3.88222616897681,3.97183925016473,3.3066024866775,0,-0.0273556342300632,9048.94114396981,8916.78530207046,9161.33587810495
836,27.3540182959448,27.6884288750039,27.0482882575822,-0.00835501411179294,1.73311256140397,1.67263692585822,1.78396275867965,-0.0195976040978501,0.2,27.1158668660425,2.47389058090065,-0.0463467464170094,27,3.88339620216799,3.97332334139666,3.30810369276836,0,-0.0263717665424632,9048.96607923876,8916.89197038326,9161.45469772701
836.5,27.3540182959448,27.6884288750039,27.0482882575822,-0.008427097159704,1.73312340862786,1.67268565223401,1.78401569217323,-0.0195976040978501,0.2,27.115638010002,2.47366532137592,-0.0463467464170094,27,3.88456163798517,3.97480228847003,3.30959969906932,5,-0.0265992894748897,9048.98993416185,8916.99764779296,9161.57248713446
837,27.3540182959448,27.6884288750039,27.0482882575822,-0.00889272608758418,1.73313377404123,1.67273392400752,1.78406816462785,-0.0195976040978501,0.2,27.1154162650788,2.4722102309763,-0.0463467464170094,27,3.88572249449266,3.97627610921552,3.31109052358891,5,-0.0280690006228507,9049.01272955602,8917.1023404288,9161.68925205165
837.5,27.3540182959448,27.6884288750039,27.0482882575822,-0.009522897162569,1.73314366639925,1.67278174400476,1.78412017862485,-0.0195976040978501,0.2,27.1152013976656,2.47024094636697,-0.0463467464170094,27,3.8868787896838,3.97774482140204,3.31257618427338,5,-0.0300580726039328,9049.03448466793,8917.20605438724,9161.80499818538
838,27.3540182959448,27.6884288750039,27.0482882575822,-0.0100996282658848,1.73315309088534,1.67282911503658,1.78417173673727,-0.0200826645019525,0.2,27.11499318204,2.46843866166911,-0.0459972728160182,27,3.88803054148123,3.97920844273687,3.31405669900684,5,-0.0318784666584387,9049.05521088977,8917.30879573244,9161.91973122454
838.5,27.3540182959448,27.6884288750039,27.0482882575822,-0.010443352873982,1.73316204993241,1.67287603989867,1.78422284152982,-0.0200826645019525,0.2,27.1147914000959,2.46736452226881,-0.0459972728160182,27,3.88917776773716,3.98066699086591,3.31553208561151,5,-0.0329633990114367,9049.07491356526,8917.4105704963,9162.0334568401
839,27.3540182959448,27.6884288750039,27.0482882575822,-0.0104083183703463,1.73317054374219,1.67292252137161,1.78427349555873,-0.0200826645019525,0.2,27.1145958410823,2.46747400509267,-0.0459972728160182,27,3.89032048623364,3.98212048337393,3.31700236184795,0,-0.0328528161041611,9049.0935931317,8917.51138467843,9162.14618068473
839.5,27.3540182959448,27.6884288750039,27.0482882575822,-0.00996991032635208,1.7331785717746,1.67296856222078,1.78432370137163,-0.0200826645019525,0.2,27.1144063013528,2.46884403023015,-0.0459972728160182,27,3.89145871468288,3.98356893778471,3.31846754541523,0,-0.0314690249540977,9049.11124839531,8917.61124424609,9162.25790839258
840,27.3540182959448,27.6884288750039,27.0482882575822,-0.00934939707562037,1.7331861340218,1.67301416519669,1.78437346150764,-0.0206011571075706,0.2,27.1142225841224,2.47078313413869,-0.0456890336489536,27,3.89259247072747,3.98501237156133,3.31992765395117,0,-0.0295104369294881,9049.12787933317,8917.71015513475,9162.36864557941
840.5,27.3540182959448,27.6884288750039,27.0482882575822,-0.00876342402273039,1.73319323390517,1.67305933303488,1.78442277849713,-0.0206011571075706,0.2,27.1140444992335,2.47261429992897,-0.0456890336489536,27,3.8937217719407,3.98645080210632,3.32138270503255,0,-0.0276608715853462,9049.14349346427,8917.80812324802,9162.47839784209
841,27.3540182959448,27.6884288750039,27.0482882575822,-0.00839068146374288,1.73319987751291,1.67310406845614,1.78447165486175,-0.0206011571075706,0.2,27.1138718629297,2.4737791204258,-0.0456890336489536,27,3.89484663582679,3.98788424676186,3.32283271617531,0,-0.026484346972158,9049.15810417282,8917.90515445802,9162.58717075866
841.5,27.3540182959448,27.6884288750039,27.0482882575822,-0.00837587892838499,1.73320607319871,1.67314837416653,1.78452009311439,-0.0206011571075706,0.2,27.1137044976368,2.4738253783488,-0.0456890336489536,27,3.89596707982119,3.98931272281007,3.32427770483476,5,-0.0264376242495544,9049.17172982581,8918.00125460543,9162.69496988815
842,27.3540182959448,27.6884288750039,27.0482882575822,-0.00877873428643369,1.73321182986226,1.6731922528577,1.78456809575911,-0.0211486569485153,0.2,27.1135422317525,2.47256645535489,-0.045416892700986,27,3.89708312129083,3.99073624747312,3.32571768840582,5,-0.0277091969016993,9049.18438999139,8918.0964295002,9162.80180077061
842.5,27.3540182959448,27.6884288750039,27.0482882575822,-0.00939474385884168,1.73321715657164,1.67323570720662,1.78461566529108,-0.0211486569485153,0.2,27.113384899442,2.47064142544112,-0.045416892700986,27,3.89819477753441,3.99215483791351,3.32715268422315,5,-0.0296535695160479,9049.19610460848,8918.19068492096,9162.90766892671
843,27.3540182959448,27.6884288750039,27.0482882575822,-0.00999769504279257,1.73322205878784,1.67327873987589,1.78466280419647,-0.0211486569485153,0.2,27.1132323404418,2.46875720299127,-0.045416892700986,27,3.89930206578267,3.99356851123427,3.32858270956148,5,-0.0315567246330705,9049.20688568349,8918.28402661565,9163.01257985773
843.5,27.3540182959448,27.6884288750039,27.0482882575822,-0.0104006832279863,1.73322653913099,1.67332135351371,1.78470951495249,-0.0211486569485153,0.2,27.1130843998693,2.46749786491254,-0.045416892700986,27,3.90040500319863,3.99497728447911,3.33000778163568,5,-0.032828716540816,9049.21673897553,8918.37646030144,9163.11653904549
844,27.3540182959448,27.6884288750039,27.0482882575822,-0.0104519478299655,1.73323059780428,1.67336355075385,1.7847558000272,-0.0217213271513224,0.2,27.1129409280396,2.46733766303136,-0.0451763712158467,27,3.90150360687788,3.99638117463267,3.33142791760108,5,-0.032990528130503,9049.22566492861,8918.46799166477,9163.21955195198
844.5,27.3540182959448,27.6884288750039,27.0482882575822,-0.010079811548687,1.73323423412824,1.6734053342157,1.78480166187954,-0.0217213271513224,0.2,27.1128017802882,2.46850058891035,-0.0451763712158467,27,3.90259789384881,3.99778019862073,3.33284313455359,0,-0.0318159171722757,9049.23366204576,8918.55862636126,9163.32162401944
845,27.3540182959448,27.6884288750039,27.0482882575822,-0.0094770949538885,1.73323744725509,1.67344670650443,1.78484710295929,-0.0217213271513224,0.2,27.1126668167999,2.4703840782691,-0.0451763712158467,27,3.90368788107296,3.99917437331042,3.33425344952999,0,-0.0299135025124537,9049.24072846022,8918.64837001627,9163.42276067016
845.5,27.3540182959448,27.6884288750039,27.0482882575822,-0.00886876594146983,1.7332402396716,1.67348767021102,1.78489212570695,-0.0217213271513224,0.2,27.1125359024437,2.47228510643291,-0.0451763712158467,27,3.90477358544515,4.00056371551035,3.33565887950804,0,-0.0279933728176554,9049.24686963891,8918.73722822476,9163.52296730635
846,27.3540182959448,27.6884288750039,27.0482882575822,-0.00844076447071046,1.73324261665124,1.67352822791237,1.7849367325538,-0.0223158408907729,0.2,27.112408906613,2.47362261102903,-0.0449635626451894,27,3.90585502379388,4.00194824197092,3.33705944140676,0,-0.0266424289753505,9049.25209717761,8918.82520655164,9163.62224931016
846.5,27.3540182959448,27.6884288750039,27.0482882575822,-0.00834431338212411,1.73324458580774,1.67356838217141,1.7849809259218,-0.0223158408907729,0.2,27.1122857030718,2.47392402068086,-0.0449635626451894,27,3.9069322128815,4.00332796938445,3.3384551520866,0,-0.0263379907593366,9049.25642781923,8918.91231053196,9163.7206120435
847,27.3540182959448,27.6884288750039,27.0482882575822,-0.00867312747529226,1.7332461558121,1.67360813553727,1.78502470822365,-0.0223158408907729,0.2,27.112166169806,2.47289647663971,-0.0449635626451894,27,3.90800516940448,4.00470291438539,3.33984602834963,5,-0.0273758595630125,9049.25988063217,8918.99854567132,9163.81806084815
847.5,27.3540182959448,27.6884288750039,27.0482882575822,-0.00926594274906066,1.73324733556292,1.67364749054529,1.78506808186265,-0.0223158408907729,0.2,27.1120501888792,2.47104392890919,-0.0449635626451894,27,3.90907390999371,4.00607309355057,3.34123208693979,5,-0.0292470216931351,9049.26247518558,8919.08391744577,9163.91460104549
848,27.3540182959448,27.6884288750039,27.0482882575822,-0.00988765115111661,1.73324813097502,1.67368644971701,1.78511104923273,-0.0229293136736644,0.2,27.1119376462946,2.46910109015276,-0.044775058517827,27,3.91013845121473,4.00743852339931,3.342613344543,5,-0.0312093820933845,9049.26422448689,8919.16843130197,9164.01023793647
848.5,27.3540182959448,27.6884288750039,27.0482882575822,-0.0103438434385237,1.73324854489368,1.67372501556031,1.7851536127184,-0.0229293136736644,0.2,27.1118284318603,2.46767548925461,-0.044775058517827,27,3.91119880956796,4.0087992203937,3.34398981778748,5,-0.0326493074293561,9049.26513479307,8919.25209265726,9164.10497680154
849,27.3540182959448,27.6884288750039,27.0482882575822,-0.0104760275821693,1.73324857767221,1.67376319056943,1.78519577469469,-0.0229293136736644,0.2,27.1117224390607,2.46726241380572,-0.044775058517827,27,3.91225500148902,4.01015520093877,3.34536152324383,5,-0.033066533460359,9049.26520688091,8919.33490689988,9164.19882290053
849.5,27.3540182959448,27.6884288750039,27.0482882575822,-0.0101806366584387,1.73324822832426,1.67380097722486,1.78523753752709,-0.0229293136736644,0.2,27.1116195649309,2.46818551044238,-0.044775058517827,27,3.91330704334895,4.01150648138267,3.34672847742534,0,-0.0321341615486959,9049.26443858115,8919.41687938867,9164.2917814725
850,27.3540182959448,27.6884288750039,27.0482882575822,-0.00960469231029407,1.73324749555926,1.67383837799357,1.78527890357156,-0.023559244587652,0.2,27.1115197099363,2.46998533653033,-0.0446078839745127,27,3.91435495145445,4.0128530780169,3.34809069678811,0,-0.0303162508082122,9049.26282705576,8919.49801545351,9164.38385773574
850.5,27.3540182959448,27.6884288750039,27.0482882575822,-0.00898143174822493,1.73324638083982,1.67387539532906,1.78531987517452,-0.023559244587652,0.2,27.111422777856,2.4719330257868,-0.0446078839745127,27,3.91539874204814,4.0141950070765,3.34944819773124,0,-0.0283489911700972,9049.26037552174,8919.5783203955,9164.47505688775
851,27.3540182959448,27.6884288750039,27.0482882575822,-0.00850420942876895,1.73324488862806,1.67391203167141,1.78536045467279,-0.023559244587652,0.2,27.1113286756702,2.4734243455351,-0.0446078839745127,27,3.91643843130883,4.01553228474021,3.35080099659711,0,-0.0268426866409663,9049.25709379304,8919.65779948697,9164.56538410509
851.5,27.3540182959448,27.6884288750039,27.0482882575822,-0.00833089708675104,1.73324302580489,1.67394828944742,1.78540064439362,-0.023559244587652,0.2,27.1112373134517,2.4739659466039,-0.0446078839745127,27,3.91747403535176,4.01686492713069,3.3521491096715,0,-0.026295643564621,9049.25299700325,8919.73645797191,9164.65484454346
852,27.3540182959448,27.6884288750039,27.0482882575822,-0.00857791736685172,1.73324080070618,1.67398417107075,1.78544044665467,-0.0242034653314462,0.2,27.1111486042609,2.47319400822859,-0.0444594417043447,27,3.91850557022885,4.01819295031477,3.35349255318379,5,-0.0270753383767308,9049.24810348597,8919.81430106616,9164.74344333767
852.5,27.3540182959448,27.6884288750039,27.0482882575822,-0.00913816894087546,1.73323822201675,1.67401967894197,1.78547986376403,-0.0242034653314462,0.2,27.111062464044,2.47144322205976,-0.0444594417043447,27,3.91953305192894,4.0195163703035,3.35483134330721,5,-0.0288437164449793,9049.24243234239,8919.89133395753,9164.83118560159
853,27.3540182959448,27.6884288750039,27.0482882575822,-0.00977087199781692,1.73323529611814,1.67405481544855,1.78551889802011,-0.0242034653314462,0.2,27.1109788115357,2.46946602500682,-0.0444594417043447,27,3.92055649637804,4.02083520305251,3.35616549615896,5,-0.0308407803739093,9049.23599760837,8919.9675618058,9164.91807642804
853.5,27.3540182959448,27.6884288750039,27.0482882575822,-0.0102739401207999,1.73323202611812,1.67408958296495,1.78555755171168,-0.0242034653314462,0.2,27.1108975681645,2.4678939371225,-0.0444594417043447,27,3.9215759194396,4.02214946446209,3.35749502780047,5,-0.032428664597293,9049.22880612018,8920.04298974291,9165.00412088873
854,27.3540182959448,27.6884288750039,27.0482882575822,-0.0104820071215539,1.73322841255349,1.67412398385267,1.78559582711787,-0.0248600959985446,0.2,27.110818657961,2.46724372774514,-0.0443274631843906,27,3.92259133691472,4.02345917037742,3.35881995423756,5,-0.0330854072784728,9049.22085906008,8920.11762287305,9165.08932403435
854.5,27.3540182959448,27.6884288750039,27.0482882575822,-0.0102703878461303,1.73322445426651,1.67415802046018,1.78563372650805,-0.0248600959985446,0.2,27.1107420074702,2.46790503798084,-0.0443274631843906,27,3.92360276454243,4.02476433658876,3.36014029142062,0,-0.0324174521975256,9049.21215388381,8920.19146627247,9165.17369089423
855,27.3540182959448,27.6884288750039,27.0482882575822,-0.00973052390929851,1.73322014962021,1.67419169512305,1.7856712521419,-0.0248600959985446,0.2,27.1106675456663,2.46959211278344,-0.0443274631843906,27,3.92461021799991,4.02606497883163,3.36145605524482,0,-0.0307134256673098,9049.2026869934,8920.26452498983,9165.25722647658
855.5,27.3540182959448,27.6884288750039,27.0482882575822,-0.00910005231690917,1.73321549907837,1.67422501016406,1.7857084062694,-0.0248600959985446,0.2,27.1105952038701,2.47156233650966,-0.0443274631843906,27,3.92561371290274,4.02736111278702,3.36276726155031,0,-0.0287234051330921,9049.19245941108,8920.33680404636,9165.33993576837
856,27.3540182959448,27.6884288750039,27.0482882575822,-0.00857991271166725,1.73321050629326,1.67425796789318,1.78574519113075,-0.0255275067224137,0.2,27.1105249156698,2.47318777277604,-0.0442099662679311,27,3.92661326480513,4.02865275408156,3.3640739261224,0,-0.0270816364831065,9049.18147917142,8920.4083084359,9165.42182373522
856.5,27.3540182959448,27.6884288750039,27.0482882575822,-0.00833476711887329,1.73320517741799,1.6742905706078,1.7857816089565,-0.0255275067224137,0.2,27.1104566168445,2.47395385275352,-0.0442099662679311,27,3.92760888920021,4.02993991828772,3.36537606469172,0,-0.0263078589340116,9049.16975980907,8920.47904312527,9165.50289532158
857,27.3540182959448,27.6884288750039,27.0482882575822,-0.00849518792139961,1.73319952037989,1.67432282059278,1.78581766196747,-0.0255275067224137,0.2,27.1103902452895,2.47345253774563,-0.0442099662679311,27,3.9286006015202,4.03122262092397,3.36667369293445,5,-0.0268142111551057,9049.15731876065,8920.54901305448,9165.58315545071
857.5,27.3540182959448,27.6884288750039,27.0482882575822,-0.00901316172480804,1.7331935435725,1.67435472012057,1.78585335237478,-0.0255275067224137,0.2,27.1103257409456,2.47183386960997,-0.0442099662679311,27,3.92958841713667,4.03250087745504,3.36796682647251,5,-0.0284491436681841,9049.14417448818,8920.61822313694,9165.66260902459
858,27.3540182959448,27.6884288750039,27.0482882575822,-0.00964879025652394,1.73318725384723,1.67438627145115,1.78588868237984,-0.0262042844081787,0.2,27.1102630457292,2.46984753044836,-0.0441052182916764,27,3.93057235136084,4.03377470329199,3.3692554808737,5,-0.0304554415656922,9049.13034206222,8920.68667825938,9165.74126092394
858.5,27.3540182959448,27.6884288750039,27.0482882575822,-0.0101921314612778,1.73318065461116,1.67441747683216,1.78592365417431,-0.0262042844081787,0.2,27.110202103466,2.46814958918351,-0.0441052182916764,27,3.93155241944373,4.03504411379252,3.37053967165196,5,-0.0321704437443773,9049.11582897865,8920.75438328196,9165.81911600819
859,27.3540182959448,27.6884288750039,27.0482882575822,-0.010470796313404,1.73317374661756,1.67444833849888,1.78595826994013,-0.0262042844081787,0.2,27.1101428598265,2.46727876152061,-0.0441052182916764,27,3.93252863657645,4.03630912426106,3.37181941426749,5,-0.0330500214836282,9049.10063689716,8920.82134303848,9165.89617911545
859.5,27.3540182959448,27.6884288750039,27.0482882575822,-0.0103469958767062,1.73316652863932,1.67447885867432,1.78599253184951,-0.0262042844081787,0.2,27.1100852622635,2.46766563788529,-0.0441052182916764,27,3.93350101789039,4.03756974994901,3.37309472412694,0,-0.0326592577852353,9049.08476312236,8920.88756233632,9165.97245506253
860,27.3540182959448,27.6884288750039,27.0482882575822,-0.00985286110207269,1.7331589988162,1.67450903956906,1.78602644206483,-0.0268892038785662,0.2,27.1100292599523,2.46920980905602,-0.0440117039809124,27,3.93446957845755,4.03882600605491,3.37436561658365,0,-0.0310995707825823,9049.06820356661,8920.95304595627,9166.04794864471
860.5,27.3540182959448,27.6884288750039,27.0482882575822,-0.00922320194897125,1.73315115664811,1.67453888338163,1.7860600027388,-0.0268892038785662,0.2,27.1099748037324,2.47117749390946,-0.0440117039809124,27,3.93543433329065,4.0400779077246,3.37563210693778,0,-0.0291121146317329,9049.05095713373,8921.01779865327,9166.12266463609
861,27.3540182959448,27.6884288750039,27.0482882575822,-0.00866671975353654,1.73314300497688,1.67456839229838,1.78609321601437,-0.0268892038785662,0.2,27.1099218460514,2.4729165007702,-0.0440117039809124,27,3.93639529734343,4.04132547005143,3.37689421043652,0,-0.0273556342300627,9049.03303007712,8921.08182515611,9166.19660778935
861.5,27.3540182959448,27.6884288750039,27.0482882575822,-0.00835501411179294,1.73313454923104,1.67459756849363,1.78612608402477,-0.0268892038785662,0.2,27.1098703409111,2.47389058090065,-0.0440117039809124,27,3.93735248551089,4.04256870807644,3.37815194227427,0,-0.0263717665424632,9049.01443433898,8921.14513016779,9166.26978283587
862,27.3540182959448,27.6884288750039,27.0482882575822,-0.00842709715970415,1.7331257968806,1.67462641412979,1.7861586088935,-0.0275812028499836,0.2,27.1098202438148,2.47366532137592,-0.0439280975259067,27,3.93830591262949,4.04380763678853,3.3794053175928,5,-0.0265992894748902,9048.99518635107,8921.20771836573,9166.34219448576
862.5,27.3540182959448,27.6884288750039,27.0482882575822,-0.00889272608758418,1.73311675593495,1.67465493135756,1.78619079273442,-0.0275812028499836,0.2,27.1097715117169,2.4722102309763,-0.0439280975259067,27,3.9392555934774,4.04504227112464,3.38065435148147,5,-0.0280690006228507,9048.97530373139,8921.26959440227,9166.41384742792
863,27.3540182959448,27.6884288750039,27.0482882575822,-0.00952289716249581,1.73310743369906,1.67468312231569,1.78622263765169,-0.0275812028499836,0.2,27.1097241029743,2.4702409463672,-0.0439280975259067,27,3.94020154277473,4.04627262596994,3.38189905897739,5,-0.0300580726037018,9048.95480254879,8921.33076290409,9166.48474633001
863.5,27.3540182959448,27.6884288750039,27.0482882575822,-0.0100996282645272,1.73309783391593,1.67471098913126,1.78625414573977,-0.0275812028499836,0.2,27.1096779772989,2.46843866167335,-0.0439280975259067,27,3.94114377518374,4.04749871615801,3.38313945506559,5,-0.0318784666541537,9048.9336910387,8921.39122847286,9166.55489583841
864,27.3540182959448,27.6884288750039,27.0482882575822,-0.0104433528739803,1.73308795758772,1.67473853391965,1.78628531908345,-0.0282793602321654,0.2,27.1096330957123,2.46736452226881,-0.0438532382849303,27,3.94208230530908,4.04872055647101,3.38437555467922,5,-0.0329633990114313,9048.91197140911,8921.45099568506,9166.62430057825
864.5,27.3540182959448,27.6884288750039,27.0482882575822,-0.0104083183703462,1.73307780349518,1.6747657587845,1.78631615975782,-0.0282793602321654,0.2,27.1095894205018,2.46747400509267,-0.0438532382849303,27,3.94301714769802,4.04993816163986,3.38560737269973,0,-0.0328528161041606,9048.88964098283,8921.51006909201,9166.69296515344
865,27.3540182959448,27.6884288750039,27.0482882575822,-0.00996991032635208,1.73306736968684,1.67479266581769,1.78634666982826,-0.0282793602321654,0.2,27.1095469151777,2.46884403023015,-0.0438532382849303,27,3.94394831684066,4.05115154634442,3.386834923957,0,-0.0314690249540977,9048.86669547262,8921.5684532198,9166.76089414653
865.5,27.3540182959448,27.6605250946888,27.0482882575822,-0.00934939707562037,1.733056654753,1.67481925709961,1.78637685135051,-0.0282793602321654,0.2,27.1095055444325,2.47078313413869,-0.0438532382849303,27,3.94487582717016,4.05236072521366,3.38805822322963,0,-0.0295104369294881,9048.84313178279,8921.62615256986,9166.82809211889
866,27.3540182959448,27.6605250946888,27.0482882575822,-0.00876342402273025,1.73304566072269,1.67484553469908,1.78640670637065,-0.0286785028754988,0.2,27.108704338012,2.47261429992897,-0.0434817352047872,27,3.94579969306299,4.05356571282587,3.38927728524499,0,-0.0276608715853458,9048.81895438003,8921.68317161869,9166.89456361072
866.5,27.3540182959448,27.6605250946888,27.0482882575822,-0.00839068146373137,1.73303439230116,1.67487150067349,1.78643623692512,-0.0286785028754988,0.2,27.1079304512396,2.47377912042584,-0.0434817352047872,27,3.9467199288391,4.05476652370877,3.39049212467946,0,-0.0264843469721217,9048.79417361648,8921.73951481834,9166.96031314101
867,27.3540182959448,27.6605250946888,27.0482882575822,-0.00837587892792044,1.73302285646845,1.67489715706887,1.78646544504074,-0.0286785028754988,0.2,27.1071829464175,2.47382537835025,-0.0434817352047872,27,3.94763654876221,4.05596317233976,3.3917027561586,5,-0.0264376242480881,9048.76880484682,8921.79518659641,9167.02534520766
867.5,27.3540182959448,27.6605250946888,27.0482882575822,-0.00877873428643355,1.73301106075993,1.67492250592014,1.78649433273482,-0.0286785028754988,0.2,27.1064609181263,2.4725664553549,-0.0434817352047872,27,3.94854956703998,4.05715567314602,3.39290919425735,5,-0.0277091969016988,9048.74286464693,8921.85019135667,9167.08966428765
868,27.3540182959448,27.6605250946888,27.0482882575822,-0.00939474385884182,1.73299901288855,1.67494754925089,1.78652290201503,-0.0282665286268671,0.2,27.1057634921119,2.47064142544112,-0.0423053968447718,27,3.94945899782422,4.05834404050477,3.39411145350015,5,-0.0296535695160483,9048.71636998313,8921.90453347852,9167.15327483677
868.5,27.3540182959448,27.6605250946888,27.0482882575822,-0.00999769504279257,1.73298671696938,1.67497228907363,1.78655115487951,-0.0282665286268671,0.2,27.1050898242123,2.46875720299127,-0.0423053968447718,27,3.95036485521117,4.05952828874335,3.39530954836116,5,-0.0315567246330705,9048.68932990952,8921.95821731756,9167.21618128993
869,27.3540182959448,27.6605250946888,27.0482882575822,-0.0104006832279863,1.73297417428582,1.67499672738971,1.78657909331687,-0.0282665286268671,0.2,27.1044390993198,2.46749786491254,-0.0423053968447718,27,3.95126715324166,4.06070843213946,3.39650349326442,5,-0.032828716540816,9048.66174725308,8922.01124720543,9167.27838806099
869.5,27.3540182959448,27.6605250946888,27.0482882575822,-0.0104519478286426,1.73296138371338,1.67502086618937,1.78660671930614,-0.0282665286268671,0.2,27.1038105303796,2.46733766303549,-0.0423053968447718,27,3.95216590590135,4.06188448492133,3.397693302584,5,-0.0329905281263274,9048.63361954564,8922.06362744988,9167.33989954284
870,27.3540182959448,27.6605250946888,27.0482882575822,-0.0100798115486852,1.73294834325395,1.67504470745168,1.78663403481678,-0.0279896812201734,0.2,27.1032033574236,2.46850058891036,-0.0412813429694381,27,3.95306112712096,4.06305646126782,3.39887899064422,0,-0.0318159171722699,9048.60494239805,8922.11536233467,9167.40072010731
870.5,27.3540182959448,27.6605250946888,27.0482882575822,-0.00947709495379442,1.73293505075014,1.67506825314474,1.7866610418088,-0.0279896812201734,0.2,27.1026168466362,2.47038407826939,-0.0412813429694381,27,3.95395283077646,4.06422437530871,3.40006057171977,0,-0.0299135025121567,9048.57571107095,8922.16645611995,9167.46085410536
871,27.3540182959448,27.6605250946888,27.0482882575822,-0.00886876594146997,1.73292150738787,1.67509150522569,1.78668774223266,-0.0279896812201734,0.2,27.1020502894535,2.47228510643291,-0.0412813429694381,27,3.9548410306893,4.06538824112473,3.40123806003596,0,-0.0279933728176558,9048.54592817742,8922.21691304234,9167.52030586709
871.5,27.3540182959448,27.6605250946888,27.0482882575822,-0.00844076447071046,1.73290771714861,1.67511446564077,1.78671413802938,-0.0279896812201734,0.2,27.101503001693,2.47362261102903,-0.0412813429694381,27,3.95572574062664,4.06654807274788,3.40241146976878,0,-0.0266424289753505,9048.51560247812,8922.26673731502,9167.5790797017
872,27.3540182959448,27.6605250946888,27.0482882575822,-0.00834431338212411,1.73289368636282,1.67513713632546,1.78674023113052,-0.0278299002098183,0.2,27.1009743227132,2.47392402068086,-0.040389729085264,27,3.95660697430151,4.06770388416145,3.40358081504515,0,-0.0263379907593366,9048.48474789931,8922.31593312801,9167.63717989767
872.5,27.3540182959448,27.6605250946888,27.0482882575822,-0.00867312747529226,1.73287942242696,1.67515951920462,1.78676602345828,-0.0278299002098183,0.2,27.1004636146025,2.47289647663971,-0.040389729085264,27,3.95748474537308,4.06885568930031,3.40474610994306,5,-0.0273758595630125,9048.4533807113,8922.36450464855,9167.69461072284
873,27.3540182959448,27.6605250946888,27.0482882575822,-0.00926594274862708,1.7328649329737,1.67518161619241,1.78679151692545,-0.0278299002098183,0.2,27.0999702613961,2.47104392891054,-0.040389729085264,27,3.95835906744685,4.07000350205101,3.4059073684918,5,-0.0292470216917665,9048.42151770375,8922.4124560208,9167.75137642436
873.5,27.3540182959448,27.6605250946888,27.0482882575822,-0.00988765115336122,1.73285022266056,1.67520342919244,1.78681671343547,-0.0278299002098183,0.2,27.0994936683195,2.46910109014575,-0.040389729085264,27,3.95922995407486,4.07114733625198,3.407064604672,5,-0.0312093821004694,9048.38916912372,8922.45979136633,9167.80748122876
874,27.3540182959448,27.6605250946888,27.0482882575822,-0.0103438434385082,1.73283529308416,1.67522496009773,1.78684161488241,-0.0277715241887631,0.2,27.0990332610585,2.46767548925466,-0.0396133044233949,27,3.9600974187559,4.07228720569366,3.40821783241592,5,-0.0326493074293072,9048.35633848714,8922.50651478381,9167.862929342
874.5,27.3540182959448,27.6605250946888,27.0482882575822,-0.0104760275821694,1.73282014335771,1.67524621079073,1.78686622315099,-0.0277715241887631,0.2,27.0985884850541,2.46726241380572,-0.0396133044233949,27,3.96096147493571,4.07342312411871,3.40936706560757,5,-0.0330665334603595,9048.32302384897,8922.55263034929,9167.91772494942
875,27.3540182959448,27.6605250946888,27.0482882575822,-0.0101806366584387,1.73280477126323,1.67526718314335,1.78689054011661,-0.0277715241887631,0.2,27.0981588048219,2.46818551044238,-0.0396133044233949,27,3.9618221360072,4.07455510522215,3.41051231808287,0,-0.0321341615486959,9048.28922033685,8922.59814211605,9167.97187221586
875.5,27.3540182959448,27.6605250946888,27.0482882575822,-0.00960469231029407,1.73278917428693,1.67528787901697,1.78691456764534,-0.0277715241887631,0.2,27.097743703295,2.46998533653033,-0.0396133044233949,27,3.96267941531067,4.07568316265151,3.41165360362982,0,-0.0303162508082122,9048.25492242822,8922.64305411478,9168.02537528555
876,27.3540182959448,27.6605250946888,27.0482882575822,-0.00898143174822493,1.73277335267647,1.67530830026261,1.78693830759399,-0.027800973510697,0.2,27.0973426811889,2.4719330257868,-0.038937072475575,27,3.963533326134,4.07680731000705,3.4127909359887,0,-0.0283489911700972,9048.22013067298,8922.68737035384,9168.07823828239
876.5,27.3540182959448,27.6605250946888,27.0482882575822,-0.0085042094286824,1.7327573096873,1.67532844872091,1.78696176181009,-0.027800973510697,0.2,27.0969552563898,2.47342434553537,-0.038937072475575,27,3.96438388171283,4.07792756084188,3.41392432885216,0,-0.0268426866406931,9048.18485223527,8922.73109481929,9168.13046530985
877,27.3540182959448,27.6605250946888,27.0482882575822,-0.00833089708534047,1.73274105100179,1.67534832622228,1.786984932132,-0.027800973510697,0.2,27.096580963362,2.47396594660831,-0.038937072475575,27,3.96523109523082,4.0790439286621,3.41505379586549,0,-0.0262956435601687,9048.14909961589,8922.77423147512,9168.18206045108
877.5,27.3540182959448,27.6605250946888,27.0482882575822,-0.00857791736685172,1.73272458376541,1.67536793458699,1.78700782038887,-0.027800973510697,0.2,27.0962193525775,2.47319400822859,-0.038937072475575,27,3.96607497981984,4.08015642692704,3.41617935062666,5,-0.0270753383767308,9048.11288853292,8922.81678426356,9168.23302776909
878,27.3540182959448,27.6605250946888,27.0482882575822,-0.00913816894087532,1.73270791548071,1.67538727562529,1.78703042840075,-0.0279064748454889,0.2,27.0958699899644,2.47144322205976,-0.0383479959857425,27,3.96691554856012,4.08126506904935,3.41730100668659,5,-0.0288437164449789,9048.07623548942,8922.85875710522,9168.2833713067
878.5,27.3540182959448,27.6605250946888,27.0482882575822,-0.00977087199781692,1.73269105135508,1.67540635113726,1.7870527579785,-0.0279064748454889,0.2,27.0955324563739,2.46946602500682,-0.0383479959857425,27,3.96775281448054,4.08236986839519,3.41841877754927,5,-0.0308407803739093,9048.03915194132,8922.90015389883,9168.33309508659
879,27.3540182959448,27.6605250946888,27.0482882575822,-0.0102739401207999,1.73267399333019,1.675425162913,1.78707481092392,-0.0279064748454889,0.2,27.0952063470672,2.4678939371225,-0.0383479959857425,27,3.96858679055875,4.0834708382844,3.4195326766719,5,-0.032428664597293,9048.00164216325,8922.94097852166,9168.38220311137
879.5,27.3540182959448,27.6605250946888,27.0482882575822,-0.0104820071233846,1.73265674078482,1.67544371273259,1.78709658902969,-0.0279064748454889,0.2,27.0948912712181,2.46724372773942,-0.0383479959857425,27,3.96941748972142,4.08456799199064,3.4206427174651,5,-0.033085407284251,9047.96370479426,8922.98123482941,9168.4306993636
880,27.3540182959448,27.6605250946888,27.020532131871,-0.0102703878461165,1.73263929141117,1.67546200236604,1.7871180940794,-0.0280778220636222,0.2,27.0945868514347,2.46790503798089,-0.0378347405738907,27,3.97024492484445,4.08566134274158,3.42174891329305,0,-0.0324174521974821,9047.92533476475,8923.02092665605,9168.47858780579
880.5,27.3540182959448,27.6605250946888,27.020532131871,-0.00973052390876717,1.73262164243009,1.67548003357339,1.78713932784758,-0.0280778220636222,0.2,27.0942927232959,2.4695921127851,-0.0378347405738907,27,3.97106910875311,4.08675090371903,3.42285127747361,0,-0.0307134256656327,9047.88652596885,8923.06005781411,9168.52587238048
881,27.3540182959448,27.6605250946888,27.020532131871,-0.00910005231690903,1.732603793171,1.67549780810484,1.78716029209976,-0.0280778220636222,0.2,27.0940085349051,2.47156233650966,-0.0378347405738907,27,3.97189005422229,4.08783668805909,3.42394982327856,0,-0.0287234051330917,9047.84727693733,8923.09863209493,9168.57255701029
881.5,27.3540182959448,27.6605250946888,27.020532131871,-0.00857991271166739,1.7325857461594,1.6755153277007,1.78718098859244,-0.0280778220636222,0.2,27.0937339464585,2.47318777277604,-0.0378347405738907,27,3.9727077739767,4.08891870885235,3.42504456393371,0,-0.027081636483107,9047.807593229,8923.13665326852,9168.61864559802
882,27.3540182959448,27.6605250946888,27.020532131871,-0.00833476711887329,1.73256750642939,1.67553259409153,1.78720141907319,-0.0283061686684736,0.2,27.0934686298291,2.47395385275352,-0.0373874519316459,27,3.97352228069103,4.08999697914403,3.42613551261903,0,-0.0263078589340116,9047.7674859187,8923.17412508394,9168.6641420267
882.5,27.3540182959448,27.6605250946888,27.020532131871,-0.00849518792139961,1.7325490807968,1.67554960899831,1.78722158528067,-0.0283061686684736,0.2,27.093212268164,2.47345253774563,-0.0373874519316459,27,3.97433358699017,4.09107151193411,3.42722268246889,5,-0.0268142111551057,9047.72696999907,8923.21105126958,9168.70905015973
883,27.3540182959448,27.6605250946888,27.020532131871,-0.00901316172342064,1.73253047655132,1.67556637413247,1.78724148894467,-0.0283061686684736,0.2,27.0929645554963,2.47183386961431,-0.0373874519316459,27,3.97514170544942,4.09214232017753,3.42830608657214,5,-0.0284491436638049,9047.68606150439,8923.24743553324,9168.75337384094
883.5,27.3540182959448,27.6605250946888,27.020532131871,-0.00964879025652209,1.73251169944811,1.6755828911958,1.78726113178612,-0.0283061686684736,0.2,27.0927251963705,2.46984753044837,-0.0373874519316459,27,3.97594664859465,4.09320941678432,3.42938573797234,5,-0.0304554415656863,9047.64477309456,8923.28328156198,9168.79711689462
884,27.3540182959448,27.6605250946888,27.020532131871,-0.010192131461167,1.73249275180562,1.6755991618806,1.7872805155171,-0.0285838476236915,0.2,27.0924939054802,2.46814958918385,-0.0369975621920801,27,3.97674842890252,4.09427281461974,3.43046164966781,5,-0.0321704437440275,9047.60310987246,8923.31859302241,9168.84028312548
884.5,27.3540182959448,27.6605250946888,27.020532131871,-0.010470796313404,1.73247363329598,1.67561518786968,1.78729964184091,-0.0285838476236915,0.2,27.0922704073187,2.46727876152061,-0.0369975621920801,27,3.97754705880067,4.09533252650448,3.43153383461193,5,-0.0330500214836282,9047.56107112208,8923.35337356068,9168.88287631891
885,27.3540182959448,27.6605250946888,27.020532131871,-0.0103469958767062,1.73245434161853,1.6756309708363,1.787318512452,-0.0285838476236915,0.2,27.0920544358416,2.46766563788529,-0.0369975621920801,27,3.9783425506679,4.09638856521481,3.43260230571316,0,-0.0326592577852353,9047.5186517896,8923.38762680235,9168.92490024073
885.5,27.3540182959448,27.6605250946888,27.020532131871,-0.00985286110207269,1.73243487384685,1.6756465124442,1.78733712903606,-0.0285838476236915,0.2,27.091845734141,2.46920980905602,-0.0369975621920801,27,3.97913491683439,4.09744094348268,3.43366707583529,0,-0.0310995707825823,9047.47584544542,8923.42135635249,9168.96635863741
886,27.3540182959448,27.6605250946888,27.020532131871,-0.00922320194897125,1.73241522842193,1.67566181434779,1.78735549327007,-0.0289042149686782,0.2,27.0916440541308,2.47117749390946,-0.0366576216523143,27,3.97992416958183,4.0984896739959,3.43472815779754,0,-0.0291121146317329,9047.43264866679,8923.45456579603,9169.00725523618
886.5,27.3540182959448,27.6605250946888,27.020532131871,-0.0086667197530393,1.73239540713388,1.67567687819208,1.78737360682224,-0.0289042149686782,0.2,27.0914491562431,2.47291650077175,-0.0366576216523143,27,3.9807103211437,4.09953476939835,3.43578556437474,0,-0.0273556342284933,9047.38906539516,8923.48725869765,9169.04759374499
887,27.3540182959448,27.6605250946888,27.020532131871,-0.00835501411485907,1.73237541436668,1.67569170561285,1.78739147135216,-0.0289042149686782,0.2,27.0912608091349,2.47389058089107,-0.0366576216523143,27,3.98149338370538,4.10057624229002,3.43683930829747,0,-0.0263717665521412,9047.34510527526,8923.51943860212,9169.08737785263
887.5,27.3540182959448,27.6605250946888,27.020532131871,-0.008427097159704,1.73235525655285,1.67570629823667,1.7874090885108,-0.0289042149686782,0.2,27.091078789405,2.47366532137592,-0.0366576216523143,27,3.98227336940437,4.10161410522729,3.43788940225224,5,-0.0265992894748897,9047.3007824561,8923.55110903439,9169.12661122894
888,27.3540182959448,27.6605250946888,27.020532131871,-0.00889272608758418,1.73233494067146,1.67572065768113,1.78742645994054,-0.0292615140892618,0.2,27.0909028813203,2.4722102309763,-0.0363611525281129,27,3.9830502903305,4.10264837072298,3.43893585888159,5,-0.0280690006228507,9047.2561122881,8923.58227349999,9169.16529752474
888.5,27.3540182959448,27.6605250946888,27.020532131871,-0.00952289716249581,1.73231447300424,1.67573478555467,1.78744358727519,-0.0292615140892618,0.2,27.0907328765523,2.4702409463672,-0.0363611525281129,27,3.98382415852609,4.10367905124654,3.43997869078431,5,-0.0300580726037018,9047.21110858821,8923.61293548476,9169.20344037194
889,27.3540182959448,27.6605250946888,27.020532131871,-0.0100996282645272,1.7322938562781,1.67574868345669,1.78746047214005,-0.0292615140892618,0.2,27.0905685739219,2.46843866167335,-0.0363611525281129,27,3.98459498598611,4.10470615922421,3.44101791051552,5,-0.0318784666541537,9047.165777357,8923.64309845507,9169.24104338363
889.5,27.3540182959448,27.6605250946888,27.020532131871,-0.0104433528739803,1.73227309048625,1.67576235297759,1.78747711615189,-0.0292615140892618,0.2,27.0904097791534,2.46736452226881,-0.0363611525281129,27,3.98536278465845,4.10572970703915,3.4420535305869,5,-0.0329633990114313,9047.12011858419,8923.67276585779,9169.2781101541
890,27.3540182959448,27.6605250946888,27.020532131871,-0.0104083183702441,1.73225217340752,1.67577579569874,1.78749352091898,-0.0296507579226892,0.2,27.0902563046369,2.46747400509299,-0.0361025218547553,27,3.98612756644403,4.1067497070316,3.44308556346675,0,-0.0328528161038386,9047.07412739074,8923.70194112042,9169.31464425876
890.5,27.3540182959448,27.6605250946888,27.020532131871,-0.00996991032491948,1.73223110209543,1.67578901319241,1.7875096880411,-0.0296507579226892,0.2,27.0901079691988,2.46884403023463,-0.0361025218547553,27,3.986889343197,4.10776617149902,3.44411402158023,0,-0.0314690249495759,9047.02779730298,8923.73062765079,9169.35064925437
891,27.3540182959448,27.6605250946888,27.020532131871,-0.00934939707562052,1.73220987415221,1.67580200702203,1.78752561910963,-0.0296507579226892,0.2,27.0899645978803,2.47078313413869,-0.0361025218547553,27,3.98764812672493,4.10877911269626,3.44513891730944,0,-0.0295104369294886,9046.98112305383,8923.75882883761,9169.38612867904
891.5,27.3540182959448,27.6605250946888,27.020532131871,-0.00876342402273053,1.73218849062542,1.67581477874212,1.7875413157075,-0.0296507579226892,0.2,27.0898260217239,2.47261429992897,-0.0361025218547553,27,3.98840392878901,4.10978854283569,3.44616026299359,0,-0.0276608715853467,9046.93410695165,8923.78654805043,9169.42108605221
892,27.3540182959448,27.6605250946888,27.020532131871,-0.00839068146373123,1.7321669552456,1.67582732989837,1.7875567794093,-0.0300676267337785,0.2,27.0896920775661,2.47377912042584,-0.0358768310264438,27,3.98915676110422,4.11079447408731,3.44717807092918,0,-0.0264843469721212,9046.88675720379,8923.81378863975,9169.45552487498
892.5,27.3540182959448,27.6605250946888,27.020532131871,-0.00837587892792044,1.73214527402469,1.67583966202775,1.78757201178133,-0.0300676267337785,0.2,27.0895626078389,2.47382537835025,-0.0358768310264438,27,3.98990663533949,4.111796918579,3.4481923533701,5,-0.0264376242480881,9046.83908703356,8923.84055393719,9169.48944862997
893,27.3540182959448,27.6605250946888,27.020532131871,-0.0087787342890951,1.7321234535366,1.67585177665873,1.7875870143816,-0.0300676267337785,0.2,27.0894374603765,2.47256645534658,-0.0358768310264438,27,3.9906535631179,4.11279588839656,3.44920312252783,5,-0.0277091969100998,9046.79111089963,8923.86684725613,9169.52286078155
893.5,27.3540182959448,27.6605250946888,27.020532131871,-0.00939474385882519,1.73210150053948,1.67586367531103,1.78760178875986,-0.0300676267337785,0.2,27.08931648823,2.47064142544117,-0.0358768310264438,27,3.99139755601687,4.11379139558392,3.45021039057151,5,-0.0296535695159958,9046.74284366548,8923.89267189098,9169.55576477588
894,27.3540182959448,27.6605250946888,27.020532131871,-0.00999769504218776,1.73207941820038,1.67587535949586,1.78761633645765,-0.0305083794097829,0.2,27.0891995494877,2.46875720299316,-0.0356798197950781,27,3.99213862556835,4.11478345214323,3.45121416962818,5,-0.0315567246311614,9046.69429229872,8923.91803111782,9169.58816404084
894.5,27.3540182959448,27.6605250946888,27.020532131871,-0.0104006832279863,1.73205720686126,1.67588683071584,1.78763065900831,-0.0305083794097829,0.2,27.0890865071016,2.46749786491254,-0.0356798197950781,27,3.99287678325892,4.11577207003508,3.45221447178284,5,-0.032828716540816,9046.6454575556,8923.9429281942,9169.62006198629
895,27.3540182959448,27.6605250946888,27.020532131871,-0.0104519478286426,1.73203486446289,1.67589809046507,1.78764475793703,-0.0305083794097829,0.2,27.0889772287204,2.46733766303549,-0.0356798197950781,27,3.9936120405301,4.11675726117858,3.45321130907867,5,-0.0329905281263274,9046.59633491298,8923.96736635928,9169.65146200398
895.5,27.3540182959448,27.6605250946888,27.020532131871,-0.0100798115486852,1.73201238807893,1.67590914022895,1.78765863476076,-0.0305083794097829,0.2,27.0888715865279,2.46850058891036,-0.0356798197950781,27,3.9943444087784,4.11773903745151,3.45420469351712,0,-0.0318159171722699,9046.54691794142,8923.99134883343,9169.68236746747
896,27.3540182959448,27.6605250946888,27.020532131871,-0.00947709495379442,1.73198977463015,1.67591998148454,1.7876722909884,-0.0309697764917285,0.2,27.0887694570867,2.47038407826939,-0.0355077828346779,27,3.99507389935556,4.11871741069053,3.45519463705806,0,-0.0299135025121567,9046.49719987554,8924.014878819,9169.71278173251
896.5,27.3540182959448,27.6605250946888,27.020532131871,-0.00886876594004391,1.731967024387,1.67593061570039,1.78768572812075,-0.0309697764917285,0.2,27.0886707211879,2.47228510643736,-0.0355077828346779,27,3.99580052356873,4.11969239269121,3.45618115161997,0,-0.0279933728131546,9046.44718131463,8924.03795949998,9169.74270813691
897,27.3540182959448,27.6605250946888,27.020532131871,-0.00844076447070805,1.73194414042162,1.67594104433665,1.78769894765052,-0.0309697764917285,0.2,27.0885752637057,2.47362261102904,-0.0355077828346779,27,3.99652429268061,4.12066399520827,3.45716424908001,0,-0.0266424289753429,9046.39686901781,8924.06059404225,9169.77215000061
897.5,27.3540182959448,27.6605250946888,27.020532131871,-0.00834431338212411,1.73192112816139,1.67595126884523,1.78771195106246,-0.0309697764917285,0.2,27.0884829734567,2.47392402068086,-0.0355077828346779,27,3.99724521790967,4.12163222995569,3.45814394127424,0,-0.0263379907593366,9046.34627492215,8924.08278559386,9169.80111062592
898,27.3540182959448,27.6605250946888,27.020532131871,-0.00867312747529226,1.73189799410589,1.67596129066989,1.78772473983338,-0.0314490133942451,0.2,27.0883937430645,2.47289647663971,-0.0353574972258045,27,3.99796331043028,4.12259710860684,3.45912023999773,5,-0.0273758595630125,9046.29541332182,8924.10453728529,9169.82959329755
898.5,27.3540182959448,27.6605250946888,27.020532131871,-0.00926594274862708,1.73187474499711,1.67597111124619,1.78773731543215,-0.0314490133942451,0.2,27.0883074688288,2.47104392891054,-0.0353574972258045,27,3.99867858137291,4.12355864279461,3.46009315700464,5,-0.0292470216917665,9046.24429904366,8924.12585222928,9169.85760128271
899,27.3540182959448,27.6605250946888,27.020532131871,-0.00988765115336122,1.73185138460824,1.67598073200153,1.78774967931972,-0.0314490133942451,0.2,27.088224050599,2.46910109014575,-0.0353574972258045,27,3.99939104182431,4.12451684411159,3.46106270400849,5,-0.0312093821004694,9046.19294038724,8924.14673352101,9169.885137831
899.5,27.3540182959448,27.6605250946888,27.020532131871,-0.0103438434385082,1.73182791365783,1.67599015435521,1.78776183294919,-0.0314490133942451,0.2,27.0881433916521,2.46767548925466,-0.0353574972258045,27,4.00010070282764,4.12547172411018,3.46202889268219,5,-0.0326493074293072,9046.14133893622,8924.16718423809,9169.9122061747
900,27.3540182959448,27.6605250946888,27.020532131871,-0.010476027581602,1.73180433038727,1.67599937971843,1.78777377776581,-0.0319436624697929,0.2,27.0880653985748,2.46726241380749,-0.0352261594299222,27,4.00080757538268,4.12642329430274,3.46299173465823,5,-0.0330665334585684,9046.08949082827,8924.1872074407,9169.93880952866
900.5,27.3540182959448,27.6605250946888,27.020532131871,-0.0101806366621999,1.73178063171282,1.67600840949418,1.78778551520695,-0.0319436624697929,0.2,27.08798998115,2.46818551043063,-0.0352261594299222,27,4.001511670446,4.1273715661617,3.46395124152881,0,-0.0321341615605677,9046.03738928782,8924.20680617125,9169.96495109037
901,27.3540182959448,27.6605250946888,27.020532131871,-0.00960469231029407,1.73175681426111,1.67601724507743,1.78779704670222,-0.0319436624697929,0.2,27.0879170522465,2.46998533653033,-0.0352261594299222,27,4.0022129989311,4.12831655111978,3.46490742484599,0,-0.0303162508082122,9045.98502690272,8924.22598345479,9169.99063404002
901.5,27.3540182959448,27.6605250946888,27.020532131871,-0.00898143174822493,1.73173287742595,1.67602588785508,1.78780837367343,-0.0319436624697929,0.2,27.0878465277134,2.4719330257868,-0.0352261594299222,27,4.00291157170862,4.12925826057003,3.46586029612181,0,-0.0283489911700972,9045.93240234462,8924.24474229905,9170.01586154063
902,27.3540182959448,27.6605250946888,27.020532131871,-0.00850420942868254,1.73170882361485,1.67603433920615,1.78781949753469,-0.0324516227500355,0.2,27.0877783262774,2.47342434553537,-0.0351113305109521,27,4.00360739960646,4.13019670586601,3.46680986682843,0,-0.0268426866406936,9045.87952091066,8924.26308569461,9170.04063673812
902.5,27.3540182959448,27.6605250946888,27.020532131871,-0.00833089708534061,1.73168465766798,1.67604260050171,1.78783041969242,-0.0324516227500355,0.2,27.0877123694437,2.47396594660831,-0.0351113305109521,27,4.00430049341,4.13113189832193,3.4677561483983,0,-0.0262956435601691,9045.82639324598,8924.28101661495,9170.06496276139
903,27.3540182959448,27.6605250946888,27.020532131871,-0.00857791736684931,1.73166038589445,1.67605067310513,1.78784114154543,-0.0324516227500355,0.2,27.0876485814012,2.4731940082286,-0.0351113305109521,27,4.00499086386222,4.1320638492128,3.46869915222423,5,-0.0270753383767231,9045.77303322484,8924.2985380169,9170.08884272249
903.5,27.3540182959448,27.6605250946888,27.020532131871,-0.00913816894075495,1.73163601496625,1.67605855837204,1.78785166448491,-0.0324516227500355,0.2,27.0875868889294,2.47144322206014,-0.0351113305109521,27,4.0056785216639,4.13299256977454,3.46963888965962,5,-0.0288437164445989,9045.71945551901,8924.31565284054,9170.11227971658
904,27.3540182959448,27.6605250946888,27.020532131871,-0.00977087199640451,1.73161154926609,1.6760662576503,1.78786198989445,-0.0329710763507771,0.2,27.0875272213102,2.46946602501124,-0.0350108885240772,27,4.00636347747377,4.1339180712041,3.47057537201852,5,-0.0308407803694512,9045.66566976715,8924.33236400916,9170.13527682201
904.5,27.3540182959448,27.6605250946888,27.020532131871,-0.0165570305072262,1.73179158340632,1.67607742492048,1.78787326093748,-0.0329710763507771,0.2,27.0874695102413,2.44825927966492,-0.0350108885240772,27,4.00704574190869,4.13484036465966,3.47150861057579,5,-0.0522606110930088,9046.06146655271,8924.35660245499,9170.16038013768
905,27.3540182959448,27.6605250946888,27.020532131871,-0.0167569871996059,1.73197491701144,1.67609571947543,1.78788668354151,-0.0329710763507771,0.2,27.0874136897537,2.44763441500123,-0.0350108885240772,27,4.00772532554379,4.13575946126069,3.47243861656725,5,-0.0528917543968362,9046.46453396606,8924.39631073376,9170.19027558144
905.5,27.3540182959448,27.6605250946888,27.020532131871,-0.0165343739146617,1.73215691515172,1.67612066839599,1.78790219852692,-0.0329710763507771,0.2,27.0873596961313,2.44833008151668,-0.0350108885240772,27,4.00840223891263,4.13667537208814,3.47336540118981,0,-0.0521890978242382,9046.86468217261,8924.4504625625,9170.22483138983
906,27.3540182959448,27.6605250946888,27.020532131871,-0.0159908746294964,1.73233758157565,1.67615182543905,1.78791974734803,-0.0335004506604415,0.2,27.0873074678333,2.45002851678282,-0.0349229871333023,27,4.00907649250742,4.13758810818453,3.47428897560158,0,-0.0504735966805425,9047.26191904541,8924.51808960521,9170.26391721642
906.5,27.3540182959448,27.6605250946888,27.020532131871,-0.0153625135761932,1.73251692223549,1.67618877165178,1.78793927279656,-0.0335004506604415,0.2,27.08725694542,2.4519921450744,-0.0349229871333023,27,4.00974809677913,4.13849768055413,3.47520935092204,0,-0.0484902378518962,9047.65625730732,8924.59828279356,9170.30740569795
907,27.3540182959448,27.6605250946888,27.020532131871,-0.014847788722554,1.73269494618481,1.67623111371443,1.78796071897231,-0.0335004506604415,0.2,27.0872080714803,2.45360066024202,-0.0349229871333023,27,4.01041706213765,4.13940410016304,3.47612653823214,0,-0.0468655603238696,9048.04771650568,8924.69018871935,9170.35517238848
907.5,27.3540182959448,27.6605250946888,27.020532131871,-0.0146092854453238,1.7328716649207,1.67627848238367,1.78798403125438,-0.0335004506604415,0.2,27.0871607905623,2.45434598298336,-0.0349229871333023,27,4.01108339895199,4.14030737793938,3.47704054857447,0,-0.04611274857962,9048.4363215671,8924.79300624691,9170.40709569487
908,27.3540182959448,27.6605250946888,27.020532131871,-0.0147759038339969,1.73304709165091,1.67633053103052,1.78800915627311,-0.0340383855478672,0.2,27.0871150491055,2.45382530051876,-0.0348460196422181,27,4.01174711755039,4.14120752477335,3.47795139295336,5,-0.0466386628616277,9048.82210118687,8924.90598333262,9170.46305681369
908.5,27.3540182959448,27.6605250946888,27.020532131871,-0.0152983202134337,1.73322123999069,1.67638693426709,1.78803604188263,-0.0340383855478672,0.2,27.0870707953767,2.45219274933302,-0.0348460196422181,27,4.01240822822052,4.14210455151744,3.47885908233502,5,-0.048287617921682,9049.20508496371,8925.0284140382,9170.52293966978
909,27.3540182959448,27.6605250946888,27.020532131871,-0.0159353909066991,1.73339412199373,1.67644738665647,1.78806463713388,-0.0340383855478672,0.2,27.0870279794063,2.45020190341657,-0.0348460196422181,27,4.01306674120964,4.14299846898651,3.4797636276477,5,-0.0502984678579049,9049.58529906924,8925.15963572572,9170.58663085565
909.5,27.3261929957707,27.6605250946888,27.020532131871,-0.0164762541513711,1.73356574621362,1.67651160150114,1.78809489224833,-0.0340383855478672,0.2,27.0869865529287,2.44851170577697,-0.0348460196422181,27,4.01372266672474,4.14388928795792,3.48066503978178,5,-0.0520056486033879,9049.96276198364,8925.29902642406,9170.65401957266
910,27.3261929957707,27.6605250946888,27.020532131871,-0.0167478053511179,1.73373611850989,1.67657930970486,1.78812675859228,-0.0345834887234502,0.2,27.0869459288166,2.44766310827776,-0.0347783715266502,27,4.01437601493269,4.1447770191717,3.48156332958991,5,-0.0528627728102686,9050.33748626684,8925.44600235554,9170.72499757333
910.5,27.3261929957707,27.6605250946888,27.020532131871,-0.0166126423311863,1.73390524275239,1.67665025870357,1.7881601886516,-0.0345834887234502,0.2,27.0869055563753,2.44808549271504,-0.0347783715266502,27,4.01502679596041,4.14566167333063,3.48245850788719,0,-0.0524361442541564,9050.70948010677,8925.60001561308,9170.79945910485
911,27.3261929957707,27.6605250946888,27.020532131871,-0.0161133940543256,1.73407312214684,1.67672421146125,1.78819513600713,-0.0345834887234502,0.2,27.086865442907,2.44964564358023,-0.0347783715266502,27,4.01567501989506,4.1465432611004,3.48335058545121,0,-0.0508603169930733,9051.07875023412,8925.76055197897,9170.87730085391
911.5,27.3261929957707,27.6605250946888,27.020532131871,-0.0154849042214417,1.73423976139251,1.67680094552691,1.78823155531064,-0.0345834887234502,0.2,27.086825595265,2.45160967430799,-0.0347783715266502,27,4.01632069678413,4.14742179310974,3.48423957302227,0,-0.0488765516845586,9051.44530666852,8925.92712887676,9170.95842189295
912,27.3261929957707,27.6605250946888,27.020532131871,-0.0149333529864741,1.7344051684499,1.67688025214857,1.78826940226122,-0.0351303228536755,0.2,27.0867860198704,2.45333327191727,-0.0347144079481509,27,4.01696383663564,4.14829727995053,3.48512548130346,0,-0.0471356353665068,9051.80916660754,8926.09929344732,9171.04272362724
912.5,27.3261929957707,27.6605250946888,27.020532131871,-0.0146281945143087,1.73456935380943,1.67696193544127,1.78830863358228,-0.0351303228536755,0.2,27.0867467227289,2.45428689214279,-0.0347144079481509,27,4.01760444941832,4.14916973217793,3.48600832096078,0,-0.0461724331649641,9052.17035281933,8926.27662074238,9171.13010974347
913,27.3261929957707,27.6605250946888,27.020532131871,-0.0147066613561317,1.73473232994657,1.67704581160535,1.78834920699898,-0.0351303228536755,0.2,27.0867077094463,2.45404168326209,-0.0347144079481509,27,4.01824254506167,4.15003916031051,3.48688810262333,5,-0.0464201059044942,9052.52889244496,8926.45871202768,9171.22048615925
913.5,27.3261929957707,27.6605250946888,27.020532131871,-0.0151772027858419,1.73489410980458,1.67713170819253,1.78839108121626,-0.0351303228536755,0.2,27.0866689852445,2.45257124129424,-0.0347144079481509,27,4.01887813345622,4.15090557483041,3.48776483688334,5,-0.0479053228732315,9052.88481366094,8926.64519318985,9171.31376097396
914,27.3261929957707,27.6605250946888,27.020532131871,-0.0158094966593885,1.73505470561476,1.67721946341595,1.78843421589718,-0.0356770992527422,0.2,27.0866305549754,2.45059532293941,-0.0346522219901729,27,4.01951122445361,4.15176898618341,3.48863853429638,5,-0.0499010952556937,9053.23814308382,8926.83571323913,9171.40984442033
914.5,27.3261929957707,27.6605250946888,27.020532131871,-0.0163845972506947,1.7352141259882,1.67730892550255,1.78847857164184,-0.0356770992527422,0.2,27.0865924231365,2.44879813359158,-0.0346522219901729,27,4.02014182786679,4.15262940477908,3.48950920538147,5,-0.0517163427620927,9053.58889937089,8927.02994290398,9171.50864881731
915,27.3261929957707,27.6605250946888,27.020532131871,-0.0167221835777976,1.73537237675591,1.67739995208453,1.78852410996675,-0.0356770992527422,0.2,27.0865545938836,2.44774317631938,-0.0346522219901729,27,4.02076995347015,4.15348684099093,3.49037686062117,5,-0.0527819002449602,9053.9370950673,8927.22757331065,9171.610088524
915.5,27.3261929957707,27.6605250946888,27.020532131871,-0.0166759930818613,1.7355294615169,1.6774924096278,1.7885707932846,-0.0356770992527422,0.2,27.0865170710452,2.44788752161918,-0.0346522219901729,27,4.02139561099967,4.15434130515651,3.49124151046175,0,-0.0526361045635869,9054.28273781084,8927.42831474326,9171.71407989439
916,27.3261929957707,27.6605250946888,27.020532131871,-0.0162308754405463,1.73568538308293,1.67758617289494,1.78861858488447,-0.0362240352499703,0.2,27.0864798581348,2.44927851424829,-0.034591943253929,27,4.02201881015306,4.15519280757752,3.4921031653133,0,-0.0512311352405403,9054.62583351016,8927.63189547861,9171.82054123324
916.5,27.3261929957707,27.6605250946888,27.020532131871,-0.0156104896298505,1.73584014496507,1.67768112444116,1.78866744891259,-0.0362240352499703,0.2,27.086442958364,2.45121721990672,-0.034591943253929,27,4.02263956058995,4.15604135851996,3.49296183554986,0,-0.0492729494676603,9054.96638961567,8927.83806069299,9171.92939275304
917,27.3261929957707,27.6605250946888,27.020532131871,-0.0150288780923333,1.7359937540442,1.67777715414052,1.78871735035339,-0.0362240352499703,0.2,27.0864063746542,2.45303475596146,-0.034591943253929,27,4.02325787193201,4.15688696821424,3.4938175315095,0,-0.0474371508106408,9055.30442099674,8928.04657143439,9172.04055653171
917.5,27.3261929957707,27.6605250946888,27.020532131871,-0.0146625148374993,1.73614621982117,1.67787415874103,1.78876825501104,-0.0362240352499703,0.2,27.0863701096483,2.45417964113281,-0.034591943253929,27,4.02387375376308,4.15772964685534,3.49467026349451,0,-0.0462807618330828,9055.63994829258,8928.25720365761,9172.15395647143
918,27.3261929957707,27.6605250946888,27.020532131871,-0.0146542269744008,1.73629755402144,1.67797204144676,1.78882012949137,-0.0367713099067619,0.2,27.0863341657225,2.454205540705,-0.0345336662890148,27,4.02448721562937,4.15856940460285,3.49552004177151,5,-0.0462546020219986,9055.97299704328,8928.46974731799,9172.2695182582
918.5,27.3261929957707,27.6605250946888,27.020532131871,-0.0150624168529056,1.73644776884305,1.67807071152545,1.78887294118424,-0.0367713099067619,0.2,27.0862985449967,2.45292994733467,-0.0345336662890148,27,4.02509826703956,4.1594062515812,3.49636687657154,5,-0.0475430125545113,9056.3035938345,8928.68400552035,9172.38716932268
919,27.3261929957707,27.6605250946888,27.020532131871,-0.0156811913949353,1.73659687666444,1.67817008393951,1.78892665824614,-0.0367713099067619,0.2,27.0862632493454,2.45099627689083,-0.0345336662890148,27,4.02570691746499,4.16024019787969,3.49721077809019,5,-0.0494961125189739,9056.63176565465,8928.89979371888,9172.50683880112
919.5,27.3261929957707,27.6605250946888,27.020532131871,-0.0162833294200193,1.73674488620595,1.67827007899973,1.78898124958331,-0.0367713099067619,0.2,27.0862282804075,2.44911459556244,-0.0345336662890148,27,4.02631317633977,4.16107125355267,3.49805175648777,5,-0.051396700981349,9056.95753144619,8929.11693896624,9172.62845749795
920,27.3261929957707,27.6605250946888,27.020532131871,-0.0166811320163984,1.73689180331766,1.67837062203993,1.78903668483521,-0.0373190692628893,0.2,27.0861936395967,2.44787146244875,-0.0344774558386703,27,4.02691705306094,4.16189942861961,3.49888982188938,5,-0.0526523250965599,9057.28090383828,8929.33527920796,9172.75195784871
920.5,27.3261929957707,27.6605250946888,27.020532131871,-0.0167222345321359,1.73703763140562,1.67847164311128,1.78909293435823,-0.0373190692628893,0.2,27.0861593281106,2.44774301708708,-0.0344774558386703,27,4.02751855698862,4.16272473306529,3.49972498438504,5,-0.0527820610772338,9057.60189008396,8929.55466261974,9172.8772738839
921,27.3261929957707,27.6605250946888,27.020532131871,-0.0163414808901061,1.73718237302979,1.67857307669505,1.78914996920986,-0.0373190692628893,0.2,27.0861253469401,2.44893287221842,-0.0344774558386703,27,4.02811769744615,4.16354717683984,3.50055725402983,0,-0.0515802502815308,9057.92049557661,8929.77494698458,9173.00434119356
921.5,27.3261929957707,27.6605250946888,27.020532131871,-0.015737745917464,1.73732603060444,1.67867486143322,1.78920776113322,-0.0373190692628893,0.2,27.0860916968781,2.45081954400793,-0.0344774558386703,27,4.02871448372026,4.16436676985893,3.50138664084401,0,-0.0496746212138834,9058.23672539145,8929.99599910872,9173.13309689283
922,27.3261929957707,27.6605250946888,27.020532131871,-0.0151331204911959,1.73746860994174,1.67877693987505,1.78926628254191,-0.0378674309271365,0.2,27.0860583785281,2.45270899846501,-0.0344233514112545,27,4.02930892506114,4.16518352200387,3.50221315481314,0,-0.0477661815184108,9058.55059208624,8930.21769427211,9173.26347958821
922.5,27.3261929957707,27.6605250946888,27.020532131871,-0.0147112553218879,1.73761011956738,1.67887925823924,1.78932550650514,-0.0378674309271365,0.2,27.0860253923127,2.4540273271191,-0.0344233514112545,27,4.02990103068267,4.16599744312167,3.50303680588816,0,-0.0464346062980071,9058.86211419587,8930.43991571279,9173.3954293444
923,27.3261929957707,27.6605250946888,27.020532131871,-0.0146214280575026,1.73775057030637,1.67898176619047,1.7893854067333,-0.0378674309271365,0.2,27.0859927384811,2.4543080373203,-0.0344233514112545,27,4.03049080976251,4.16680854302525,3.50385760398558,0,-0.0461510755207012,9059.17131532148,8930.66255414234,9173.52888765216
923.5,27.3261929957707,27.6605250946888,27.020532131871,-0.0149559123457875,1.73788997397716,1.6790844166296,1.78944595756374,-0.0378674309271365,0.2,27.0859604171173,2.45326277391941,-0.0344233514112545,27,4.03107827144228,4.16761683149352,3.50467555898754,5,-0.0472068417282438,9059.47822125609,8930.88550729118,9173.66379739659
924,27.3261929957707,27.6605250946888,27.020532131871,-0.0155520945190005,1.73802834261661,1.67918716549638,1.7895071339469,-0.0384164880904105,0.2,27.0859284281471,2.45139970462812,-0.0343713712588524,27,4.03166342482766,4.16842231827146,3.50549068074195,5,-0.0490886311397733,9059.78285827865,8931.10867948062,9173.80010282632
924.5,27.3261929957707,27.6605250946888,27.020532131871,-0.0161737754185388,1.73816568524426,1.67928997158426,1.78956891143273,-0.0384164880904105,0.2,27.0858967713458,2.44945695181707,-0.0343713712588524,27,4.03224627898855,4.16922501307032,3.50630297906263,5,-0.051050904731076,9060.08524602976,8931.33198122152,9173.93774952313
925,27.2983740930341,27.6605250946888,27.020532131871,-0.016625710699692,1.73830200777588,1.67939279636637,1.78963126615736,-0.0384164880904105,0.2,27.0858654463444,2.44804465406346,-0.0343713712588524,27,4.03282684295923,4.17002492556763,3.50711246372938,5,-0.0524773932525079,9060.38539732024,8931.55532883695,9174.07668437247
925.5,27.2983740930341,27.6605250946888,27.020532131871,-0.0167487679445281,1.7384373136085,1.67949560383208,1.78969417483019,-0.0384164880904105,0.2,27.0858339122548,2.44766010017335,-0.0343713712588524,27,4.03340512573847,4.17082206540741,3.50791914448816,5,-0.0528658111401086,9060.68331941815,8931.77864410786,9174.21685553447
926,27.2983740930341,27.6605250946888,27.020532131871,-0.016443305131841,1.7385716048195,1.67959836033338,1.78975761472103,-0.0389654623531808,0.2,27.0858016628934,2.448614671463,-0.034320665157351,27,4.03398113628967,4.17161644220027,3.50872303105114,0,-0.051901648318143,9060.97901668826,8932.00185393998,9174.35821241554
926.5,27.2983740930341,27.6326279755097,27.020532131871,-0.0158650892910146,1.73870488320247,1.6797010344408,1.78982156364782,-0.0389654623531808,0.2,27.0857687482873,2.45042159596558,-0.034320665157351,27,4.03455488354105,4.17240806552347,3.50952413309687,0,-0.0500765678381583,9061.27249287259,8932.22489005151,9174.50070564081
927,27.2983740930341,27.6326279755097,27.020532131871,-0.0152447829894491,1.7388371533933,1.67980359680798,1.78988599996433,-0.0389654623531808,0.2,27.0849744619748,2.45236005315797,-0.034320665157351,27,4.03512637638569,4.17319694492109,3.51032246027036,0,-0.0481186330278973,9061.56375797407,8932.44768867942,9174.644287027
927.5,27.2983740930341,27.6326279755097,27.020532131871,-0.0147733763202665,1.73896842295447,1.67990602004441,1.7899509025484,-0.0389654623531808,0.2,27.0842058504273,2.45383319899917,-0.034320665157351,27,4.03569562368177,4.17398308990412,3.51111802218323,0,-0.0466306850172891,9061.85282844332,8932.67019030366,9174.78890955602
928,27.2983740930341,27.6326279755097,27.020532131871,-0.0146067310814065,1.73909870182602,1.68000827859603,1.79001625079024,-0.0386279987952708,0.2,27.0834620522559,2.4543539653706,-0.0333848209023429,27,4.03626263425266,4.17476650995062,3.51191082841381,0,-0.0461046859853516,9062.13972597029,8932.89233938811,9174.93452734909
928.5,27.2983740930341,27.6326279755097,27.020532131871,-0.0148597101643497,1.7392280013477,1.68011034863308,1.79008202458111,-0.0386279987952708,0.2,27.0827422354755,2.45356340573641,-0.0333848209023429,27,4.03682741688704,4.17554721450574,3.51270088850723,5,-0.0469031891627535,9062.42447533165,8933.1140841376,9175.08109564146
929,27.2983740930341,27.6326279755097,27.020532131871,-0.0154238884683558,1.73935633318042,1.68021220794461,1.79014820430215,-0.0386279987952708,0.2,27.0820455964938,2.45180034853639,-0.0333848209023429,27,4.03738998033909,4.17632521298192,3.51348821197557,5,-0.0486839615615182,9062.70710201585,8933.33537626906,9175.22857075757
929.5,27.2983740930341,27.6326279755097,27.020532131871,-0.0160573163478558,1.7394837066636,1.68031383583937,1.79021477081347,-0.0386279987952708,0.2,27.0813713591341,2.44982088641295,-0.0333848209023429,27,4.03795033332856,4.17710051475899,3.51427280829797,5,-0.0506833133203722,9062.98762640285,8933.55617079669,9175.37691008688
930,27.2983740930341,27.6326279755097,27.020532131871,-0.0165570305072229,1.73961012782428,1.68041521305288,1.79028170544356,-0.0381158560467808,0.2,27.0807187736928,2.44825927966493,-0.0322875094771092,27,4.03850848454094,4.17787312918424,3.51505468692074,5,-0.0522606110929985,9063.26606158109,8933.77642583045,9175.52607206017
930.5,27.2983740930341,27.6326279755097,27.020532131871,-0.0167569871994417,1.73973560009204,1.68051632165996,1.79034898997881,-0.0381158560467808,0.2,27.080087116029,2.44763441500174,-0.0322875094771092,27,4.03906444262761,4.17864306557257,3.51583385725745,5,-0.0528917543963176,9063.54241492088,8933.99610238637,9175.67601612627
931,27.2983740930341,27.6326279755097,27.020532131871,-0.0165343739146617,1.73986012521177,1.68061714499256,1.79041660665326,-0.0381158560467808,0.2,27.0794756866856,2.44833008151668,-0.0322875094771092,27,4.03961821620596,4.1794103332066,3.51661032868909,0,-0.0521890978242382,9063.81669008407,8934.21516420846,9175.82670272935
931.5,27.2983740930341,27.6326279755097,27.020532131871,-0.0159908746294965,1.73998370445489,1.68071766756275,1.79048453813867,-0.0381158560467808,0.2,27.078883810041,2.45002851678282,-0.0322875094771092,27,4.04016981385949,4.18017494133676,3.51738411056414,0,-0.0504735966805429,9064.08888969145,8934.43357760157,9175.97809328676
932,27.2983740930341,27.6326279755097,27.020532131871,-0.0153625135761931,1.74010634131265,1.68081787499032,1.79055276753487,-0.0377222024943393,0.2,27.0783108334892,2.4519921450744,-0.0313243333956876,27,4.040719244138,4.18093689918144,3.5181552121987,0,-0.0484902378518958,9064.35902125514,8934.65131127459,9176.1301501675
932.5,27.2983740930341,27.6326279755097,27.020532131871,-0.014847788722554,1.74022804239391,1.68091775393476,1.79062127836001,-0.0377222024943393,0.2,27.0777561266494,2.45360066024202,-0.0313243333956876,27,4.04126651555769,4.18169621592705,3.5189236428766,0,-0.0468655603238696,9064.62709915686,8934.86833619273,9176.28283667077
933,27.2983740930341,27.6326279755097,27.020532131871,-0.0146092854446442,1.74034881676688,1.68101729203142,1.79069005454147,-0.0377222024943393,0.2,27.0772190806019,2.45434598298549,-0.0313243333956876,27,4.04181163660129,4.18245290072818,3.51968941184952,0,-0.046112748577475,9064.89314319898,8935.08462543934,9176.43611700543
933.5,27.2983740930341,27.6326279755097,27.020532131871,-0.0147759038380234,1.74046867522603,1.68111647783161,1.79075908040658,-0.0377222024943393,0.2,27.0766991071507,2.45382530050618,-0.0313243333956876,27,4.04235461571821,4.18320696270766,3.5204525283371,5,-0.046638662874337,9065.15717699009,8935.3001540857,9176.5899562697
934,27.2983740930341,27.6326279755097,27.020532131871,-0.0152983202134052,1.74058762898835,1.68121530074621,1.7908283406738,-0.0374315267994803,0.2,27.0761956381119,2.45219274933311,-0.0304782552447534,27,4.04289546132465,4.18395841095675,3.52121300152703,5,-0.0482876179215923,9065.41922507357,8935.51489906904,9176.74432043134
934.5,27.2983740930341,27.6326279755097,27.020532131871,-0.0159353909066991,1.74070568772347,1.68131375099269,1.79089782044392,-0.0374315267994803,0.2,27.0757081246258,2.45020190341657,-0.0304782552447534,27,4.04343418180375,4.18470725453514,3.52197084057519,5,-0.0502984678579049,9065.67930858783,8935.72883907742,9176.89917630814
935,27.2983740930341,27.6326279755097,27.020532131871,-0.0164762541513711,1.74082285761455,1.68141181954535,1.79096750519153,-0.0374315267994803,0.2,27.0752360364936,2.44851170577697,-0.0304782552447534,27,4.04397078550569,4.18545350247114,3.52272605460573,5,-0.0520056486033879,9065.93744099385,8935.94195444188,9177.05449154896
935.5,27.2983740930341,27.6326279755097,27.020532131871,-0.0167478053511179,1.74093914216446,1.68150949808868,1.79103738075663,-0.0374315267994803,0.2,27.0747788615366,2.44766310827776,-0.0304782552447534,27,4.04450528074786,4.18619716376178,3.52347865271123,5,-0.0528627728102686,9066.1936298502,8936.1542270353,9177.21023461514
936,27.2983740930341,27.6326279755097,27.020532131871,-0.0166126423311863,1.74105454290033,1.6816067789733,1.7911074333365,-0.0372303604330693,0.2,27.0743361049772,2.44808549271504,-0.0297344419908896,27,4.04503767581498,4.18693824737289,3.52422864395274,0,-0.0524361442541564,9066.44787836448,8936.36564017686,9177.36637476231
936.5,27.2983740930341,27.6326279755097,27.020532131871,-0.0161133940541737,1.74116906069945,1.68170365517479,1.79117764947761,-0.0372303604330693,0.2,27.0739072888419,2.44964564358071,-0.0297344419908896,27,4.04556797895918,4.18767676223923,3.52497603735994,0,-0.0508603169925938,9066.70018831409,8936.57617854267,9177.52288202254
937,27.2983740930341,27.6326279755097,27.020532131871,-0.0154849042201769,1.74128269794766,1.68180012025512,1.79124801606792,-0.0372303604330693,0.2,27.0734919513842,2.45160967431195,-0.0297344419908896,27,4.04609619840021,4.18841271726457,3.52572084193123,0,-0.0488765516805665,9066.95056480156,8936.78582808215,9177.67972718709
937.5,27.2983740930341,27.6326279755097,27.020532131871,-0.0149333529864698,1.74139546030725,1.68189616832619,1.79131852032911,-0.0372303604330693,0.2,27.0730896465282,2.45333327191728,-0.0297344419908896,27,4.04662234232548,4.18914612132184,3.52646306663385,0,-0.0471356353664934,9067.19902015056,8936.99457593898,9177.83688178931
938,27.2983740930341,27.6326279755097,27.020532131871,-0.0146281945143086,1.74150735598551,1.68199179401576,1.79138914980922,-0.0371070082864833,0.2,27.0726999433303,2.45428689214279,-0.0290799773321197,27,4.04714641889024,4.18987698325321,3.52720272040395,0,-0.0461724331649637,9067.44557229484,8937.20241037708,9177.99431808811
938.5,27.2983740930341,27.6326279755097,27.020532131871,-0.0147066613561317,1.74161839518949,1.68208699243548,1.79145989237528,-0.0371070082864833,0.2,27.0723224254607,2.45404168326209,-0.0290799773321197,27,4.04766843621772,4.1906053118702,3.52793981214678,5,-0.0464201059044942,9067.69024357768,8937.40932071141,9178.15200905172
939,27.2983740930341,27.6326279755097,27.020532131871,-0.0151772027858419,1.74172858860811,1.68218175915082,1.7915307362062,-0.0371070082864833,0.2,27.0719566907017,2.45257124129424,-0.0290799773321197,27,4.04818840239922,4.1913311159538,3.52867435073669,5,-0.0479053228732315,9067.93305740765,8937.61529724263,9178.30992834178
939.5,27.2983740930341,27.6326279755097,27.020532131871,-0.0158094966593885,1.74183794623211,1.6822760901526,1.79160166978571,-0.0371070082864833,0.2,27.0716023504639,2.45059532293941,-0.0290799773321197,27,4.04870632549421,4.19205440425453,3.52940634501734,5,-0.0499010952556937,9068.17403565824,8937.82033119537,9178.46805029779
940,27.2983740930341,27.6326279755097,27.020532131871,-0.0163845972506689,1.74194647444473,1.68236998183058,1.79167268189555,-0.0370513147957603,0.2,27.0712590293192,2.44879813359166,-0.0285036117276789,27,4.04922221353056,4.19277518549261,3.53013580380172,5,-0.0517163427620115,9068.41319225654,8938.02441466091,9178.62634992179
940.5,27.2983740930341,27.6326279755097,27.020532131871,-0.0167221835769871,1.74205417686211,1.68246343094836,1.79174376160874,-0.0370513147957603,0.2,27.070926364549,2.44774317632192,-0.0285036117276789,27,4.04973607450455,4.19349346835801,3.53086273587231,5,-0.0527819002424021,9068.65053503418,8938.2275405428,9178.78480286362
941,27.2983740930341,27.6326279755097,27.020532131871,-0.0166759930818611,1.74216105488144,1.68255643461995,1.791814898283,-0.0370513147957603,0.2,27.0706040057092,2.44788752161918,-0.0285036117276789,27,4.05024791638105,4.19420926151062,3.53158714998117,0,-0.0526361045635864,9068.88606693454,8938.42970250591,9178.94338540615
941.5,27.2983740930341,27.6326279755097,27.020532131871,-0.0162308754405463,1.74226710912611,1.68264899028768,1.79188608155435,-0.0370513147957603,0.2,27.0702916142093,2.44927851424829,-0.0285036117276789,27,4.05075774709362,4.19492257358026,3.53230905485004,0,-0.0512311352405403,9069.11978919711,8938.63089492859,9179.1020744511
942,27.2983740930341,27.6326279755097,27.020532131871,-0.0156104896298505,1.7423723409326,1.68274109570164,1.79195730133087,-0.0370544609007051,0.2,27.0699888629062,2.45121721990672,-0.0279955451624616,27,4.05126557454469,4.19563341316686,3.53302845917047,0,-0.0492729494676603,9069.35170463397,8938.831112858,9179.26084750516
942.5,27.2983740930341,27.6326279755097,26.9927821645862,-0.0150288780923333,1.7424767550217,1.68283274890018,1.79202854778649,-0.0370544609007051,0.2,27.0696954357122,2.45303475596146,-0.0279955451624616,27,4.05177140660559,4.19634178884056,3.53374537160387,0,-0.0474371508106408,9069.58182351739,8939.03035196788,9179.41968266629
943,27.2983740930341,27.6326279755097,26.9927821645862,-0.0146625148361721,1.74258035874825,1.68292394819182,1.79209981135511,-0.0370544609007051,0.2,27.0694110272164,2.45417964113696,-0.0279955451624616,27,4.05227525111675,4.19704770914178,3.53445980078166,0,-0.0462807618288937,9069.81016192708,8939.22860851914,9179.57855861054
943.5,27.2983740930341,27.6326279755097,26.9927821645862,-0.0146542269743968,1.74268316170571,1.68301469213804,1.79217108272467,-0.0370544609007051,0.2,27.0691353423193,2.45420554070501,-0.0279955451624616,27,4.0527771158878,4.19775118258132,3.53517175530539,5,-0.046254602021986,9070.03674087921,8939.4258793227,9179.73745457888
944,27.2983740930341,27.6326279755097,26.9927821645862,-0.0150624168527133,1.74278517397334,1.68310497953744,1.79224235283145,-0.0371087877767451,0.2,27.0688680958792,2.45292994733527,-0.0275472383516828,27,4.05327700869764,4.1984522176405,3.53588124374678,5,-0.0475430125539044,9070.26158246381,8939.62216170498,9179.8963503647
944.5,27.2983740930341,27.6326279755097,26.9927821645862,-0.0156811913949353,1.742886405824,1.68319480941038,1.79231361285447,-0.0371087877767451,0.2,27.0686090123722,2.45099627689083,-0.0275472383516828,27,4.05377493729465,4.19915082277124,3.53658827464788,5,-0.0494961125189739,9070.48470920061,8939.81745347461,9180.05522630111
945,27.2983740930341,27.6326279755097,26.9927821645862,-0.0162833294200193,1.74298686388447,1.68328418098491,1.79238485420994,-0.0371087877767451,0.2,27.0683578255625,2.44911459556244,-0.0275472383516828,27,4.05427090939675,4.19984700639615,3.53729285652115,5,-0.051396700981349,9070.70613557571,8940.01175289188,9180.21406324885
945.5,27.2983740930341,27.6326279755097,26.9927821645862,-0.0166811320163984,1.74308655192343,1.68337309368339,1.79245606854591,-0.0371087877767451,0.2,27.0681142781848,2.44787146244875,-0.0275472383516828,27,4.05476493269153,4.20054077690866,3.53799499784957,5,-0.0526523250965599,9070.92586977758,8940.20505863976,9180.37284258425
946,27.2705615659016,27.6326279755097,26.9927821645862,-0.0167222345321359,1.74318547127778,1.68346154710999,1.79252724773705,-0.0372076438119846,0.2,27.0678781216376,2.44774301708708,-0.0271512486550591,27,4.05525701483637,4.20123214267312,3.53869470708672,5,-0.0527820610772338,9071.14391463599,8940.39736979661,9180.53154618774
946.5,27.2705615659016,27.6326279755097,26.9927821645862,-0.0163414808893408,1.74328362245097,1.68354954103871,1.79259838387937,-0.0372076438119846,0.2,27.0676485754288,2.44893287222081,-0.0271512486550591,27,4.05574716345858,4.20192111202483,3.5393919926569,0,-0.0515802502791154,9071.36027114465,8940.58868581041,9180.69015643203
947,27.2705615659016,27.6326279755097,26.9927821645862,-0.0157377459206273,1.7433810058135,1.68363707540266,1.79266946928537,-0.0372076438119846,0.2,27.0674249019749,2.45081954399804,-0.0271512486550591,27,4.05623538615549,4.20260769327028,3.54008686295525,0,-0.0496746212238681,9071.57494000516,8940.77900647523,9180.84865617141
947.5,27.2705615659016,27.6326279755097,26.9927821645862,-0.0151331204911619,1.74347762514741,1.6837241502835,1.79274049647899,-0.0372076438119846,0.2,27.0672069277056,2.45270899846512,-0.0271512486550591,27,4.05672169049457,4.2032918946871,3.54077932634782,0,-0.0477661815183036,9071.78792944074,8940.96833190855,9181.00702873048
948,27.2705615659016,27.6326279755097,26.9927821645862,-0.0147112553218879,1.74357348696159,1.68381076590181,1.7928114581909,-0.0373419581704666,0.2,27.0669944846593,2.4540273271191,-0.0267977938637259,27,4.05720608401356,4.20397372452428,3.54146939117168,0,-0.0464346062980071,9071.9992536874,8941.15666253016,9181.1652578937
948.5,27.2705615659016,27.6326279755097,26.9927821645862,-0.0146214280575026,1.74366860007732,1.68389692260803,1.79288234735374,-0.0373419581704666,0.2,27.0667874102937,2.4543080373203,-0.0267977938637259,27,4.0576885742206,4.20465319100217,3.54215706573503,0,-0.0461510755207012,9072.20893208122,8941.3439990426,9181.32332789489
949,27.2705615659016,27.6326279755097,26.9927821645862,-0.0149559123457875,1.74376297432205,1.68398262087393,1.79295315709765,-0.0373419581704666,0.2,27.0665855473024,2.45326277391941,-0.0267977938637259,27,4.05816916859428,4.20533030231266,3.54284235831728,5,-0.0472068417282438,9072.4169861789,8941.53034241262,9181.48122340713
949.5,27.2705615659016,27.6326279755097,26.9927821645862,-0.0155520945190005,1.743856619754,1.68406786128453,1.7930238807456,-0.0373419581704666,0.2,27.0663887434381,2.45139970462812,-0.0267977938637259,27,4.05864787458387,4.20600506661922,3.54352527716917,5,-0.0490886311397733,9072.62343804872,8941.71569385355,9181.63892953261
950,27.2705615659016,27.6326279755097,26.9927821645862,-0.0161737754183612,1.74394954342554,1.68415264453045,1.79309451180915,-0.0375041933106499,0.2,27.0661968513421,2.44945695181762,-0.0264787405368296,27,4.05912469960932,4.20667749205705,3.54420583051286,5,-0.0510509047305153,9072.82830313474,8941.90005480882,9181.796431793
950.5,27.2705615659016,27.6326279755097,26.9927821645862,-0.0166257106986124,1.74404174929672,1.68423697140087,1.79316504398401,-0.0375041933106499,0.2,27.0660097283792,2.44804465406684,-0.0264787405368296,27,4.05959965106145,4.20734758673313,3.54488402654203,5,-0.0524773932491003,9073.03159006534,8942.08342693664,9181.9537161198
951,27.2705615659016,27.6326279755097,26.9927821645862,-0.0167487679445281,1.74413323882032,1.68432084277682,1.79323547114591,-0.0375041933106499,0.2,27.0658272364787,2.44766010017335,-0.0264787405368296,27,4.06007273630202,4.20801535872636,3.54555987342197,5,-0.0528658111401086,9073.23330194253,8942.26581209534,9182.11076884488
951.5,27.2705615659016,27.6326279755097,26.9927821645862,-0.016443305131841,1.74422401214131,1.6844042596248,1.79330578734641,-0.0375041933106499,0.2,27.0656492419807,2.448614671463,-0.0264787405368296,27,4.0605439626639,4.20868081608762,3.54623337928971,0,-0.051901648318143,9073.43343898587,8942.44721232957,9182.26757669151
952,27.2705615659016,27.6326279755097,26.9927821645862,-0.0158650892910146,1.74431406913277,1.68448722299097,1.79337598680888,-0.0376910048101662,0.2,27.0654756154875,2.45042159596558,-0.0261902461950172,27,4.0610133374511,4.20934396683987,3.54690455225408,0,-0.0500765678381583,9073.63200081624,8942.62762985774,9182.42412676518
952.5,27.2705615659016,27.6326279755097,26.9927821645862,-0.0152447829894491,1.74440341252277,1.68456973399569,1.79344606392464,-0.0376910048101662,0.2,27.065306231721,2.45236005315797,-0.0261902461950172,27,4.06148086793896,4.21000481897831,3.54757340039582,0,-0.0481186330278973,9073.82899335027,8942.80706706003,9182.58040654508
953,27.2705615659016,27.6047374953695,26.9927821645862,-0.0147733763202665,1.74449204797858,1.6846517938283,1.79351601324899,-0.0376910048101662,0.2,27.0651409693834,2.45383319899917,-0.0261902461950172,27,4.06194656137422,4.21066338047039,3.54823993176767,0,-0.0466306850172891,9074.02442898668,8942.98552646721,9182.73640387541
953.5,27.2705615659016,27.6047374953695,26.9927821645862,-0.0146067310813756,1.74457998355739,1.68473340374233,1.79358582949758,-0.0376910048101662,0.2,27.0642191376312,2.4543539653707,-0.0261902461950172,27,4.06241042497517,4.21131965925596,3.54890415439452,0,-0.0461046859852538,9074.21832539576,8943.16301075005,9182.89210695713
954,27.2705615659016,27.6047374953695,26.9927821645862,-0.0148597101634458,1.74466722872804,1.68481456505104,1.79365550754269,-0.0373015106485814,0.2,27.0633274359078,2.45356340573923,-0.0253309743631121,27,4.0628724659317,4.21197366324732,3.54956607627342,5,-0.0469031891599003,9074.41070336283,8943.33952270982,9183.0475043398
954.5,27.2705615659016,27.6047374953695,26.9927821645862,-0.0154238884683556,1.74475379329239,1.68489527912306,1.79372504240963,-0.0373015106485814,0.2,27.0624648488025,2.45180034853639,-0.0253309743631121,27,4.06333269140548,4.21262540032937,3.55022570537374,5,-0.0486839615615178,9074.60158440983,8943.51506526866,9183.20258491358
955,27.2705615659016,27.6047374953695,26.9927821645862,-0.0160573163478558,1.7448396847416,1.68497554737836,1.79379442927317,-0.0373015106485814,0.2,27.06163039561,2.44982088641295,-0.0253309743631121,27,4.06379110853002,4.21327487835967,3.55088304963723,5,-0.0506833133203722,9074.79098496583,8943.68964146093,9183.35733790128
955.5,27.2705615659016,27.6047374953695,26.9927821645862,-0.0165570305072229,1.74492490726527,1.68505537128447,1.79386366345414,-0.0373015106485814,0.2,27.0608231291368,2.44825927966493,-0.0253309743631121,27,4.06424772441081,4.21392210516857,3.55153811697816,5,-0.0522606110929985,9074.97891418133,8943.86325442493,9183.51175285084
956,27.2705615659016,27.6047374953695,26.9927821645862,-0.0167569871994417,1.74500946246633,1.6851347523529,1.79393274041605,-0.0364439823175662,0.2,27.0600421345488,2.44763441500174,-0.0240168538195292,27,4.06470254612542,4.21456708855922,3.55219091528335,5,-0.0528917543963176,9075.16537550407,8944.03590739518,9183.66581962775
956.5,27.2705615659016,27.6047374953695,26.9927821645862,-0.0165343739134788,1.74509335027403,1.68521369213579,1.79400165576169,-0.0364439823175662,0.2,27.0592865282585,2.44833008152038,-0.0240168538195292,27,4.06515558072361,4.21520983630778,3.55284145241232,0,-0.0521890978205044,9075.35036869181,8944.20760369502,9183.81952840756
957,27.2705615659016,27.6047374953695,26.9927821645862,-0.0159908746294919,1.74517657015535,1.68529219222265,1.79407040523003,-0.0364439823175662,0.2,27.0585554568507,2.45002851678284,-0.0240168538195292,27,4.06560683522745,4.21585035616344,3.55348973619739,0,-0.0504735966805281,9075.53389248355,8944.37834672973,9183.97286966897
957.5,27.2705615659016,27.6047374953695,26.9927821645862,-0.0153625135759688,1.7452591238089,1.68537025423769,1.794138984693,-0.0364439823175662,0.2,27.0578480960451,2.4519921450751,-0.0240168538195292,27,4.06605631663139,4.21648865584851,3.55413577444371,0,-0.048490237851188,9075.71595054041,8944.54813998049,9184.12583418666
958,27.2705615659016,27.6047374953695,26.9927821645862,-0.014847788722554,1.74534101606272,1.68544787983695,1.79420739015239,-0.0357297129003422,0.2,27.0571636496951,2.45360066024202,-0.0228654598780253,27,4.06650403190244,4.21712474305855,3.55477957492941,0,-0.0468655603238696,9075.89655342607,8944.7169869983,9184.27841302449
958.5,27.2705615659016,27.6047374953695,26.9927821645862,-0.0146092854446442,1.74542225421596,1.68552507070572,1.79427561773692,-0.0357297129003422,0.2,27.0565013488202,2.45434598298549,-0.0228654598780253,27,4.06694998798019,4.21775862546246,3.5554211454057,0,-0.046112748577475,9076.07571715556,8944.88489139837,9184.43059752881
959,27.2705615659016,27.6047374953695,26.9927821645862,-0.0147759038380234,1.74550284730529,1.68560182855635,1.79434366369926,-0.0357297129003422,0.2,27.0558604506731,2.45382530050618,-0.0228654598780253,27,4.06739419177697,4.21839031070252,3.5560604935969,5,-0.046638662874337,9076.25346157782,8945.05185685522,9184.58237932207
959.5,27.2705615659016,27.6047374953695,26.9927821645862,-0.0152983202134052,1.74558280480097,1.68567815512586,1.79441152441315,-0.0357297129003422,0.2,27.0552402378377,2.45219274933311,-0.0228654598780253,27,4.06783665017799,4.21901980639456,3.55669762720061,5,-0.0482876179215923,9076.42980750025,8945.21788709768,9184.73375029626
960,27.2705615659016,27.6047374953695,26.9927821645862,-0.0159353909058426,1.74566213463645,1.6857540521738,1.79447919637058,-0.0351398361189759,0.2,27.0546400173587,2.45020190341924,-0.0218560069434744,27,4.06827737004138,4.21964712012798,3.55733255388774,5,-0.0502984678552015,9076.60477234286,8945.38298590401,9184.88470260661
960.5,27.2705615659016,27.6047374953695,26.9927821645862,-0.0164762541524222,1.74574084126873,1.68582952148024,1.79454667617903,-0.0351398361189759,0.2,27.0540591199015,2.44851170577368,-0.0218560069434744,27,4.06871635819829,4.22027225946589,3.55796528130266,5,-0.0520056486067053,9076.77836585988,8945.54715709778,9185.03522866567
961,27.2705615659016,27.6047374953695,26.9927821645862,-0.0167478053511179,1.74581892648466,1.68590456484391,1.79461396055873,-0.0351398361189759,0.2,27.0534968989407,2.44766310827776,-0.0218560069434744,27,4.06915362145308,4.22089523194519,3.55859581706323,5,-0.0528627728102686,9076.95059191749,8945.71040454362,9185.18532113697
961.5,27.2705615659016,27.6047374953695,26.9927821645862,-0.0166126423311862,1.74589639010567,1.68597918408033,1.79468104634001,-0.0351398361189759,0.2,27.0529527299763,2.44808549271504,-0.0218560069434744,27,4.06958916658334,4.22151604507664,3.55922416876096,0,-0.052436144254156,9077.12145004769,8945.8727321432,9185.33497292934
962,27.2705615659016,27.6047374953695,26.9927821645862,-0.0161133940541737,1.7459732313139,1.68605338102016,1.79474793046078,-0.0346579766897568,0.2,27.052426009778,2.44964564358071,-0.0209704039111955,27,4.07002300034005,4.22213470634497,3.55985034396103,0,-0.0508603169925938,9077.29093837289,8946.03414383174,9185.48417719115
962.5,27.2705615659016,27.6047374953695,26.9927821645862,-0.0154849042201771,1.74604945081085,1.68612715750773,1.79481460996391,-0.0346579766897568,0.2,27.0519161556539,2.45160967431195,-0.0209704039111955,27,4.07045512944765,4.22275122320896,3.56047435020244,0,-0.0488765516805669,9077.45905836738,8946.19464357467,9185.63292730455
963,27.2705615659016,27.6047374953695,26.9927821645862,-0.0149333529864698,1.74612505258583,1.68620051539959,1.79488108199484,-0.0346579766897568,0.2,27.051422604746,2.45333327191728,-0.0209704039111955,27,4.07088556060417,4.22336560310157,3.56109619499804,0,-0.0471356353664934,9077.62581875825,8946.35423536459,9185.78121688027
963.5,27.2705615659016,27.6047374953695,26.9927821645862,-0.0146281945141008,1.74620004318399,1.68627345656315,1.79494734379917,-0.0346579766897568,0.2,27.050944813349,2.45428689214343,-0.0209704039111955,27,4.07131430048132,4.22397785342997,3.56171588583469,0,-0.0461724331643079,9077.79123391165,8946.51292321825,9185.92903975201
964,27.2705615659016,27.6047374953695,26.9927821645862,-0.0147066613553307,1.74627443116108,1.68634598287553,1.79501339272028,-0.0342699215588169,0.2,27.050482256253,2.45404168326459,-0.0201929025011836,27,4.07174135572458,4.22458798157565,3.56233343017333,5,-0.0464201059019657,9077.95532263038,8946.670711174,9186.07638997144
964.5,27.2705615659016,27.6047374953695,26.9927821645862,-0.0151772027858418,1.74634822556509,1.68641809622243,1.7950792261971,-0.0342699215588169,0.2,27.0500344261083,2.45257124129424,-0.0201929025011836,27,4.07216673295333,4.22519599489452,3.56294883544901,5,-0.047905322873231,9078.11810480493,8946.82760328948,9186.22326180299
965,27.2705615659016,27.6047374953695,26.9927821645862,-0.0158094966593885,1.74642143475585,1.68648979849683,1.79514484176171,-0.0342699215588169,0.2,27.0496008328133,2.45059532293941,-0.0201929025011836,27,4.07259043876093,4.225801900717,3.56356210907106,5,-0.0499010952556937,9078.27959880968,8946.98360363859,9186.36964971871
965.5,27.2705615659016,27.6047374953695,26.9927821645862,-0.0163845972506689,1.74649406349524,1.68656109159802,1.7952102370373,-0.0342699215588169,0.2,27.0491810029218,2.44879813359166,-0.0201929025011836,27,4.07301247971485,4.22640570634809,3.56417325842314,5,-0.0517163427620115,9078.43981508368,8947.1387163096,9186.5155483936
966,27.2705615659016,27.6047374953695,26.9927821645862,-0.0167221835769874,1.74656611378745,1.68663197743063,1.79527540973585,-0.0339633344761454,0.2,27.0487744790722,2.44774317632191,-0.0195097916288859,27,4.07343286235675,4.22700741906748,3.56478229086334,5,-0.052781900242403,9078.59875798382,8947.29294540282,9186.66095270055
966.5,27.2705615659016,27.6047374953695,26.9927821645862,-0.0166759930840568,1.74663758542748,1.68670245790362,1.7953403576561,-0.0339633344761454,0.2,27.0483808194356,2.44788752161232,-0.0195097916288859,27,4.07385159320259,4.22760704612963,3.56538921372425,0,-0.052636104570517,9078.75642699415,8947.44629502852,9186.80585770579
967,27.2705615659016,27.6047374953695,26.9927821645862,-0.0162308754405092,1.74670847744636,1.68677253492931,1.79540507868141,-0.0339633344761454,0.2,27.0479995971828,2.44927851424841,-0.0195097916288859,27,4.07426867874269,4.22820459476383,3.56599403431307,0,-0.0512311352404232,9078.91281991374,8947.59876930484,9186.95025866408
967.5,27.2705615659016,27.6047374953695,26.9927821645862,-0.0156104896288498,1.74677878959831,1.68684221042278,1.7954695707778,-0.0339633344761454,0.2,27.0476303999706,2.45121721990984,-0.0195097916288859,27,4.07468412544193,4.22880007217435,3.56659675991169,0,-0.0492729494645016,9079.0679361376,8947.7503723564,9187.09415101444
968,27.2705615659016,27.6047374953695,26.9927821645862,-0.0150288780923333,1.74684852503243,1.68691148630098,1.79553383199196,-0.0337275082019461,0.2,27.0472728294445,2.45303475596146,-0.0189091317777823,27,4.07509793973974,4.22939348554045,3.56719739777676,0,-0.0474371508106408,9079.22178255079,8947.90110831239,9187.23753037571
968.5,27.2705615659016,27.6047374953695,26.9927821645862,-0.0146625148361721,1.74691768954222,1.68698036448216,1.79559786044933,-0.0337275082019461,0.2,27.0469265007592,2.45417964113696,-0.0189091317777823,27,4.07551012805026,4.22998484201652,3.56779595513982,0,-0.0462807618288937,9079.37437187342,8948.05098130535,9187.38039254221
969,27.2705615659016,27.6047374953695,26.9927821645862,-0.0146542269743968,1.74698629116993,1.68704884688518,1.79566165435222,-0.0337275082019461,0.2,27.0465910421163,2.45420554070501,-0.0189091317777823,27,4.07592069676244,4.23057414873218,3.56839243920735,5,-0.046254602021986,9079.52572178817,8948.19999546964,9187.52273347963
969.5,27.2705615659016,27.6047374953695,26.9927821645862,-0.0150624168527133,1.74705433845342,1.68711693542911,1.79572521197798,-0.0337275082019461,0.2,27.046266094316,2.45292994733527,-0.0189091317777823,27,4.07632965224011,4.23116141279229,3.56898685716086,5,-0.0475430125539044,9079.67585107278,8948.34815494056,9187.66454932101
970,27.2705615659016,27.6047374953695,26.9927821645862,-0.0156811913939821,1.7471218401338,1.68718463203231,1.79578853167724,-0.0335531493899852,0.2,27.0459513103266,2.45099627689381,-0.0183805241306558,27,4.0767370008221,4.23174664127711,3.56957921615701,5,-0.049496112515965,9079.82477895512,8948.4954638524,9187.80583636264
970.5,27.2705615659016,27.6047374953695,26.9927821645862,-0.0162833294200136,1.74718880131491,1.68725193861219,1.79585161187201,-0.0335531493899852,0.2,27.0456463548669,2.44911459556246,-0.0183805241306558,27,4.07714274882233,4.23232984124235,3.57016952332763,5,-0.0513967009813311,9079.97251663964,8948.64192633782,9187.94659106004
971,27.2705615659016,27.6047374953695,26.9927821645862,-0.0166811320163984,1.74725522425155,1.68731885708449,1.79591445105406,-0.0335531493899852,0.2,27.045350904004,2.44787146244875,-0.0183805241306558,27,4.07754690252992,4.23291101971927,3.57075778577988,5,-0.0526523250965599,9080.1190690459,8948.78754652638,9188.08681002429
971.5,27.2705615659016,27.6047374953695,26.9927821645862,-0.0167222345321359,1.74732110877577,1.68738538936287,1.79597704778322,-0.0335531493899852,0.2,27.0450646447646,2.44774301708708,-0.0183805241306558,27,4.07794946820927,4.23349018371476,3.57134401059629,5,-0.0527820610772338,9080.26443574864,8948.93232854353,9188.22649001813
972,27.2705615659016,27.6047374953695,26.9927821645862,-0.0163414808893408,1.74738645389541,1.68745153735826,1.79603940068559,-0.0334321918442191,0.2,27.0447872747599,2.44893287222081,-0.017914909903952,27,4.07835045210017,4.23406734021141,3.57192820483487,0,-0.0515802502791154,9080.40861450451,8949.07627650934,9188.36562795221
972.5,27.2705615659016,27.6047374953695,26.9927821645862,-0.0157377459206273,1.74745125849473,1.68751730297873,1.79610150845209,-0.0334321918442191,0.2,27.0445185018229,2.45081954399804,-0.017914909903952,27,4.07874986041789,4.23464249616762,3.57251037552915,0,-0.0496746212238681,9080.55160279774,8949.21939453806,9188.50422088166
973,27.2705615659016,27.6047374953695,26.9927821645862,-0.0151331204911619,1.74751552487947,1.68758268812896,1.7961633698368,-0.0334321918442191,0.2,27.0442580436591,2.45270899846512,-0.017914909903952,27,4.07914769935328,4.23521565851766,3.57309052968834,0,-0.0477661815183036,9080.69340566237,8949.36168673704,9188.64226600249
973.5,27.2705615659016,27.6047374953695,26.9927821645862,-0.0147112553209361,1.74757925809194,1.68764769470988,1.79622498365542,-0.0334321918442191,0.2,27.0440056275082,2.45402732712207,-0.017914909903952,27,4.07954397507288,4.23578683417178,3.57366867429735,0,-0.0464346062950027,9080.83403417152,8949.50315720599,9188.77976064817
974,27.2705615659016,27.6047374953695,26.9927821645862,-0.0146214280575015,1.74764246549646,1.68771232461852,1.79628634878384,-0.0333576344113338,0.2,27.0437609898181,2.45430803732031,-0.0175043959272372,27,4.07993869371895,4.23635603001624,3.57424481631689,0,-0.0461510755206977,9080.97350452307,8949.64381003653,9188.91670228642
974.5,27.2705615659016,27.6047374953695,26.9927821645862,-0.0149559123457874,1.7477051554727,1.68777657974769,1.79634746415661,-0.0333576344113338,0.2,27.0435238759299,2.45326277391941,-0.0175043959272372,27,4.08033186140967,4.23692325291349,3.57481896268357,5,-0.0472068417282433,9081.11183515677,8949.78364931158,9189.05308851582
975,27.2705615659016,27.6047374953695,26.9927821645862,-0.0155520945190005,1.7477673366403,1.68784046198566,1.79640832876555,-0.0333576344113338,0.2,27.0432940397738,2.45139970462812,-0.0175043959272372,27,4.08072348423916,4.23748850970216,3.57539112030996,5,-0.0490886311397733,9081.24904504336,8949.92267910461,9189.18891706274
975.5,27.2705615659016,27.6047374953695,26.9927821645862,-0.0161737754183612,1.74782901462146,1.68790397321582,1.79646894165828,-0.0333576344113338,0.2,27.0430712435753,2.44945695181762,-0.0175043959272372,27,4.08111356827759,4.23805180719716,3.57596129608471,5,-0.0510509047305153,9081.38514654073,8950.06090347897,9189.32418577799
976,27.2705615659016,27.6047374953695,26.9927821645862,-0.0166257106986124,1.74789019195448,1.68796711531653,1.79652930193686,-0.0333234002635239,0.2,27.0428552575718,2.44804465406684,-0.0171421030287377,27,4.08150211957128,4.2386131521898,3.57652949687258,5,-0.0524773932491003,9081.52014520264,8950.19832648746,9189.45889263393
976.5,27.2705615659016,27.6047374953695,26.9927821645862,-0.0167487679445233,1.74795086867889,1.68802989016076,1.79658940875644,-0.0333234002635239,0.2,27.0426458597388,2.44766010017336,-0.0171421030287377,27,4.0818891441428,4.23917255144785,3.57709572951458,5,-0.0528658111400934,9081.65404106952,8950.33495217162,9189.59303572133
977,27.2705615659016,27.6047374953695,26.9927821645862,-0.0164433051315989,1.74801104353508,1.6880922996158,1.79664926132388,-0.0333234002635239,0.2,27.0424428355253,2.44861467146375,-0.0171421030287377,27,4.08227464799106,4.23973001171561,3.57766000082801,0,-0.0519016483173787,9081.78683131516,8950.47078456101,9189.7266132464
977.5,27.2427553925614,27.6047374953695,26.9927821645862,-0.0158650892905999,1.74807071500029,1.68815434554317,1.79670885889652,-0.0333234002635239,0.2,27.0422459775984,2.45042159596688,-0.0171421030287377,27,4.08265863709137,4.24028553971402,3.57822231760654,0,-0.0500765678368495,9081.91851253303,8950.60582767312,9189.85962352798
978,27.2427553925614,27.6047374953695,26.9927821645862,-0.0152447829894493,1.74812988441601,1.68821602979837,1.79676820078091,-0.0333239986989184,0.2,27.0420545454625,2.45236005315797,-0.016821818184998,27,4.08304111739559,4.2408391421407,3.57878268662034,0,-0.0481186330278977,9082.04908763756,8950.74008551277,9189.99206499477
978.5,27.2427553925614,27.6047374953695,26.9927821645862,-0.0147733763202663,1.74818855607212,1.68827735423079,1.79682728633159,-0.0333239986989184,0.2,27.041867840175,2.45383319899917,-0.016821818184998,27,4.08342209483218,4.24139082567009,3.57934111461611,0,-0.0466306850172886,9082.1785660504,8950.87356207186,9190.12393618257
979,27.2427553925614,27.6047374953695,26.9650383341229,-0.0146067310813756,1.74824673665742,1.68833832068358,1.79688611494984,-0.0333239986989184,0.2,27.0416857253778,2.4543539653707,-0.016821818184998,27,4.08380157530632,4.24194059695346,3.57989760831718,0,-0.0461046859852538,9082.30696248824,8951.00626132916,9190.25523573155
979.5,27.2427553925614,27.6047374953695,26.9650383341229,-0.0148597101634458,1.74830443428119,1.68839893099359,1.79694468608263,-0.0333239986989184,0.2,27.0415080690656,2.45356340573923,-0.016821818184998,27,4.08417956469996,4.24248846261904,3.5804521744236,5,-0.0469031891599003,9082.43429480373,8951.1381872501,9190.38596238388
980,27.2427553925614,27.6047374953695,26.9650383341229,-0.0154238884686137,1.74836165739424,1.68845918699114,1.79700299922136,-0.033350433632533,0.2,27.041334743439,2.45180034853558,-0.0165338973756008,27,4.08455606887196,4.24303442927209,3.58100481961222,5,-0.0486839615623323,9082.56058160465,8951.26934378642,9190.5161149809
980.5,27.2427553925614,27.6047374953695,26.9650383341229,-0.0160573163478121,1.74841841214479,1.68851909049996,1.7970610539008,-0.033350433632533,0.2,27.0411656247634,2.44982088641309,-0.0165338973756008,27,4.08493109365816,4.24357850349497,3.58155555053673,5,-0.050683313320234,9082.68583641833,8951.39973487576,9190.64569246084
981,27.2427553925614,27.6047374953695,26.9650383341229,-0.0165570305072229,1.74847470138743,1.68857864333699,1.79711884969793,-0.033350433632533,0.2,27.0410005932321,2.44825927966493,-0.0165338973756008,27,4.08530464487147,4.24412069184721,3.58210437382781,5,-0.0522606110929985,9082.81006550412,8951.52936444153,9190.77469385618
981.5,27.2427553925614,27.6047374953695,26.9650383341229,-0.0167569871994417,1.748530525398,1.6886378473123,1.7971763862309,-0.033350433632533,0.2,27.0408395328346,2.44763441500174,-0.0165338973756008,27,4.08567672830194,4.24466100086563,3.58265129609316,5,-0.0528917543963176,9082.93326943075,8951.65823639253,9190.9031182913
982,27.2427553925614,27.6047374953695,26.9650383341229,-0.0165343739134788,1.74858588278677,1.68869670422889,1.79723366315792,-0.0333978213382835,0.2,27.0406823312291,2.44833008152038,-0.0162729324916356,27,4.08604734971688,4.24519943706437,3.58319632391756,0,-0.0521890978205044,9083.05544509128,8951.78635462252,9191.03096498012
982.5,27.2427553925614,27.6047374953695,26.9650383341229,-0.0159908746294919,1.74864077170996,1.68875521588258,1.79729068017626,-0.0333978213382835,0.2,27.0405288796197,2.45002851678284,-0.0162729324916356,27,4.08641651486095,4.245736006935,3.58373946386304,0,-0.0504735966805281,9083.17658837679,8951.9137230101,9191.15823322376
983,27.2427553925614,27.6047374953695,26.9650383341229,-0.0153625135759688,1.74869519256404,1.68881338406205,1.79734743702123,-0.0333978213382835,0.2,27.0403790726376,2.4519921450751,-0.0162729324916356,27,4.08678422945622,4.2462707169466,3.58428072246887,0,-0.048490237851188,9083.29670012296,8952.04034541866,9191.28492240836
983.5,27.2427553925614,27.6047374953695,26.9650383341229,-0.0148477887219317,1.74874914888353,1.68887121054871,1.79740393346524,-0.0333978213382835,0.2,27.0402328082265,2.45360066024396,-0.0162729324916356,27,4.0871504992023,4.2468035735458,3.58482010625166,0,-0.0468655603219054,9083.41578809202,8952.16622569618,9191.4110320029
984,27.2427553925614,27.6047374953695,26.9650383341229,-0.0146092854446376,1.74880264668254,1.6889286971167,1.79746016931679,-0.0334636875938727,0.2,27.0400899875317,2.45434598298551,-0.0160359950126832,27,4.08751532977638,4.2473345831569,3.58535762170547,0,-0.046112748577454,9083.53386551964,8952.2913676752,9191.53656155706
984.5,27.2427553925614,27.6047374953695,26.9650383341229,-0.0147759038380234,1.74885569372108,1.68898584553287,1.79751614441963,-0.0334636875938727,0.2,27.0399505147936,2.45382530050618,-0.0160359950126832,27,4.08787872683335,4.24786375218196,3.58589327530183,5,-0.046638662874337,9083.6509494961,8952.41577517273,9191.66151069925
985,27.2427553925614,27.6047374953695,26.9650383341229,-0.0152983202134052,1.74890829820078,1.68904265755683,1.7975718586518,-0.0334636875938727,0.2,27.039814297244,2.45219274933311,-0.0160359950126832,27,4.08824069600588,4.24839108700079,3.58642707348992,5,-0.0482876179215923,9083.76705808754,8952.53945199044,9191.7858791345
985.5,27.2427553925614,27.6047374953695,26.9650383341229,-0.0159353909058426,1.74896046679417,1.68909913494071,1.7976273119247,-0.0334636875938727,0.2,27.039681245007,2.45020190341924,-0.0160359950126832,27,4.08860124290453,4.24891659397113,3.58695902269649,5,-0.0502984678552015,9083.8822059862,8952.66240191403,9191.90966664243
986,27.2427553925614,27.6047374953695,26.9650383341229,-0.0164762541524222,1.74901220270474,1.68915527942921,1.79768250418224,-0.0335458715345229,0.2,27.0395512710023,2.44851170577368,-0.0158205084009325,27,4.08896037311778,4.24944027942867,3.58748912932612,5,-0.0520056486067053,9083.99640022824,8952.78462871344,9192.03287307532
986.5,27.2427553925614,27.6047374953695,26.9650383341229,-0.0167478053510777,1.74906350647337,1.6892110927595,1.7977374354,-0.0335458715345229,0.2,27.0394242908525,2.44766310827788,-0.0158205084009325,27,4.08931809221216,4.24996214968714,3.58801739976114,5,-0.0528627728101417,9084.10964197325,8952.90613614254,9192.15549835623
987,27.2427553925614,27.6047374953695,26.9650383341229,-0.0166126423301372,1.74911437668303,1.68926657666113,1.7977921055843,-0.0335458715345229,0.2,27.0393002227931,2.44808549271832,-0.0158205084009325,27,4.08967440573235,4.25048221103838,3.58854384036181,0,-0.0524361442508452,9084.22192805949,8953.02692793898,9192.27754247695
987.5,27.2427553925614,27.6047374953695,26.9650383341229,-0.016113394054173,1.74916481128514,1.68932173285593,1.7978465147714,-0.0335458715345229,0.2,27.0391789875863,2.44964564358071,-0.0158205084009325,27,4.09002931920122,4.25100046975242,3.58906845746633,0,-0.0508603169925916,9084.33325393126,8953.147007824,9192.39900549625
988,27.2427553925614,27.6047374953695,26.9650383341229,-0.0154849042201771,1.74921480975848,1.68937656305816,1.79790066302679,-0.0336424846458883,0.2,27.0390605084367,2.45160967431195,-0.015624203374685,27,4.09038283811994,4.25151693207758,3.58959125739096,0,-0.0488765516805669,9084.44361840439,8953.26637950265,9192.51988753822
988.5,27.2427553925614,27.6047374953695,26.9650383341229,-0.0149333529864698,1.74926437487773,1.68943106897438,1.79795455044428,-0.0336424846458883,0.2,27.038944710911,2.45333327191728,-0.015624203374685,27,4.09073496796808,4.25203160424049,3.59011224643011,0,-0.0471356353664934,9084.55302757035,8953.38504666357,9192.64018879032
989,27.2427553925614,27.5768536321941,26.9650383341229,-0.0146281945141008,1.74931351198145,1.68948525230348,1.79800817714538,-0.0336424846458883,0.2,27.0388315228595,2.45428689214343,-0.015624203374685,27,4.09108571420367,4.25254449244623,3.59063143085634,0,-0.0461724331643079,9084.66149318067,8953.5030129791,9192.75990950193
989.5,27.2427553925614,27.5768536321941,26.9650383341229,-0.0147066613553307,1.74936222842664,1.68953911473676,1.79806154327845,-0.0336424846458883,0.2,27.0379604813924,2.45404168326459,-0.015624203374685,27,4.0914350822633,4.25305560287834,3.59114881692052,5,-0.0464201059019657,9084.76903144334,8953.62028210534,9192.8790499825
990,27.2427553925614,27.5768536321941,26.9650383341229,-0.0151772027858358,1.74941053207017,1.68959265795807,1.79811464901808,-0.033154054259386,0.2,27.0371181452095,2.45257124129426,-0.0148472580838003,27,4.09178307756218,4.25356494169894,3.59166441085183,5,-0.0479053228732122,9084.87565967077,8953.7368576825,9192.99761060021
990.5,27.2427553925614,27.5768536321941,26.9650383341229,-0.0158094966591071,1.74945843008811,1.68964588364342,1.79816749456427,-0.033154054259386,0.2,27.0363035435129,2.45059532294029,-0.0148472580838003,27,4.09212970549427,4.2540725150488,3.59217821885791,5,-0.0499010952548056,9084.98139367358,8953.85274333411,9193.11559178006
991,27.2427553925614,27.5768536321941,26.9650383341229,-0.0163845972507598,1.74950592606548,1.68969879346129,1.79822008014183,-0.033154054259386,0.2,27.0355157387264,2.44879813359138,-0.0148472580838003,27,4.0924749714323,4.25457832904739,3.59269024712487,5,-0.0517163427622981,9085.08624133605,8953.96794266757,9193.23299400251
991.5,27.2427553925614,27.5768536321941,26.9650383341229,-0.0167221835769872,1.74955302083677,1.68975138907248,1.79827240599958,-0.033154054259386,0.2,27.0347538253529,2.44774317632191,-0.0148472580838003,27,4.09281888072792,4.25508238979298,3.59320050181741,5,-0.0527819002424025,9085.19020447106,8954.08245927393,9193.34981780184
992,27.2427553925614,27.5768536321941,26.9650383341229,-0.0166759930840568,1.74959971303428,1.68980367213002,1.79832447240976,-0.0321899293752441,0.2,27.0340169288708,2.44788752161232,-0.0136067715483193,27,4.09316143871175,4.25558470336269,3.59370898907889,0,-0.052636104570517,9085.29328003042,8954.19629672761,9193.46606376473
992.5,27.2427553925614,27.5768536321941,26.9650383341229,-0.00996991032488253,1.74944102767045,1.68985198162038,1.79837513494609,-0.0321899293752441,0.2,27.0333042046686,2.46884403023474,-0.0136067715483193,27,4.09350265069344,4.25608527581258,3.59421571503136,0,-0.0314690249494592,9084.94297801785,8954.30148363096,9193.57917672324
993,27.2427553925614,27.5768536321941,26.9650383341229,-0.00934939707460899,1.74927876008446,1.68989266689909,1.79842319124788,-0.0321899293752441,0.2,27.0326148370164,2.47078313414185,-0.0136067715483193,27,4.09384252196181,4.25658411317774,3.59472068577568,0,-0.0295104369262958,9084.58478145566,8954.39007082571,9193.6864720402
993.5,27.2427553925614,27.5768536321941,26.9650383341229,-0.00876342402258814,1.74911732901458,1.68992620426444,1.79846870226401,-0.0321899293752441,0.2,27.0319480380726,2.47261429992941,-0.0136067715483193,27,4.09418105778488,4.25708122147231,3.59522390739157,0,-0.0276608715848972,9084.2284447973,8954.46309494012,9193.7880856032
994,27.2427553925614,27.5768536321941,26.9650383341229,-0.00839068146234169,1.74895673167957,1.68995304314725,1.79851172827015,-0.0313622191033929,0.2,27.0313030469248,2.47377912043018,-0.0125212187699049,27,4.09451826340997,4.25757660668959,3.59572538593769,0,-0.0264843469677353,9083.87396169632,8954.52153421291,9193.88415181278
994.5,27.2427553925614,27.5768536321941,26.9650383341229,-0.0083758789279166,1.7487969676225,1.68997360566888,1.79855232821844,-0.0313622191033929,0.2,27.030679128664,2.47382537835026,-0.0125212187699049,27,4.09485414406377,4.25807027480213,3.59622512745175,5,-0.026437624248076,9083.52133093837,8954.566307513,9193.97480212949
995,27.2427553925614,27.5768536321941,26.9650383341229,-0.00877873428890098,1.74863803698973,1.68998828829732,1.79859055976621,-0.0313622191033929,0.2,27.0300755734908,2.47256645534718,-0.0125212187699049,27,4.09518870495246,4.25856223176175,3.59672313795048,5,-0.027709196909487,9083.17055264184,8954.59827793,9194.06016513712
995.5,27.2427553925614,27.5768536321941,26.9650383341229,-0.00939474385786625,1.74847994015261,1.68999746340241,1.79862647930407,-0.0313622191033929,0.2,27.0294916958519,2.47064142544417,-0.0125212187699049,27,4.09552195126175,4.25905248349966,3.59721942342982,5,-0.029653569512969,9082.82162742271,8954.61825614716,9194.14036660453
996,27.2427553925614,27.5768536321941,26.9650383341229,-0.00999769504218207,1.74832267392911,1.69000148071733,1.79866014198338,-0.0306528991795503,0.2,27.0289268336069,2.46875720299318,-0.0115707334427483,27,4.09585388815698,4.25954103592648,3.59771398986493,5,-0.0315567246311435,9082.47454805593,8954.62700361225,9194.21552954625
996.5,27.2427553925614,27.5768536321941,26.9650383341229,-0.0104006832317206,1.7481662323504,1.69000066871125,1.79869160174315,-0.0306528991795503,0.2,27.0283803472234,2.46749786490087,-0.0115707334427483,27,4.09618452078318,4.26002789493237,3.59820684321027,5,-0.0328287165526031,9082.12930116853,8954.62523551651,9194.28577428173
997,27.2705615659016,27.5768536321941,26.9650383341229,-0.0104519478284429,1.74801060708464,1.68999533587886,1.79872091133637,-0.0306528991795503,0.2,27.0278516190004,2.46733766303612,-0.0115707334427483,27,4.09651385426518,4.26051306638708,3.59869798939967,5,-0.0329905281256972,9081.785868176,8954.61362359402,9194.35121849339
997.5,27.2705615659016,27.5768536321941,26.9650383341229,-0.0100798115479051,1.74785578897221,1.68998577195151,1.79874812235566,-0.0306528991795503,0.2,27.0273405924526,2.4685005889128,-0.0115707334427483,27,4.09684189370765,4.26099655613999,3.59918743434641,0,-0.0318159171698078,9081.44422867076,8954.59279875181,9194.41197728322
998,27.2705615659016,27.5768536321941,26.9650383341229,-0.00947709495697239,1.74770176874005,1.68997224903548,1.79877328525854,-0.030047178678922,0.2,27.0268471966317,2.47038407825946,-0.0107388786526613,27,4.09716864419523,4.26147837002022,3.5996751839433,0,-0.0299135025221877,9081.10436199895,8954.56335354221,9194.46816322858
998.5,27.2705615659016,27.5768536321941,26.9650383341229,-0.00886876594000995,1.74754854050641,1.68995502268078,1.79879644939207,-0.030047178678922,0.2,27.0263708241661,2.47228510643747,-0.0107388786526613,27,4.09749411079257,4.26195851383668,3.60016124406271,0,-0.0279933728130474,9080.76625499355,8954.52584448484,9194.5198864365
999,27.2705615659016,27.5768536321941,26.9650383341229,-0.00844076446974782,1.74739610123226,1.6899343328854,1.79881766301693,-0.030047178678922,0.2,27.0259108885957,2.47362261103204,-0.0107388786526613,27,4.09781829854442,4.26243699337815,3.60064562055669,0,-0.026642428972312,9080.4299007627,8954.48079424899,9194.56725459695
999.5,27.2705615659016,27.5768536321941,26.9650383341229,-0.00834431338199295,1.7472444502741,1.68991040503863,1.79883697333105,-0.030047178678922,0.2,27.0254668236516,2.47392402068127,-0.0107388786526613,27,4.09814121247571,4.26291381441334,3.60112831925704,0,-0.0263379907589225,9080.09529770182,8954.42869370401,9194.61037303502
1000,27.2705615659016,27.5768536321941,26.9650383341229,-0.00867312747386166,1.74709358809976,1.68988345080737,1.79885442649272,-0.0295361197175232,0.2,27.0250380825612,2.47289647664418,-0.0100152330244882,27,4.09846285759161,4.26338898269096,3.60160934597531,5,-0.0273758595584969,9079.76244665949,8954.37000384598,9194.64934476197
1000.5,27.2705615659016,27.5768536321941,26.9650383341229,-0.0092659427474689,1.74694351545788,1.6898536689683,1.79887006764313,-0.0295361197175232,0.2,27.0246241373776,2.47104392891416,-0.0100152330244882,27,4.09878323887764,4.26386250393982,3.60208870650296,5,-0.0292470216881108,9079.43134910457,8954.30515760724,9194.68427052506
1001,27.2705615659016,27.5768536321941,26.9650383341229,-0.0098876511531806,1.74679423016421,1.68982124618986,1.79888394092849,-0.0295361197175232,0.2,27.0242244783308,2.46910109014631,-0.0100152330244882,27,4.09910236129973,4.26433438386883,3.60256640661135,5,-0.0312093820998992,9079.10200003637,8954.23456155702,9194.71524885648
1001.5,27.2705615659016,27.5768536321941,26.9650383341229,-0.0103438434374215,1.74664572701561,1.68978635776683,1.79889608952155,-0.0295361197175232,0.2,27.0238386132027,2.46767548925806,-0.0100152330244882,27,4.09942022980431,4.26480462816715,3.6030424520519,5,-0.0326493074258771,9078.77438779591,8954.15859749907,9194.74237612098
1002,27.2705615659016,27.5768536321941,26.9650383341229,-0.010476027581597,1.74649799836772,1.68974916831013,1.79890655564286,-0.029107744110803,0.2,27.0234660667225,2.46726241380751,-0.00938642668900513,27,4.09973684931833,4.2652732425042,3.60351684855608,5,-0.0330665334585527,9078.44849534157,8954.07762397239,9194.76574656287
1002.5,27.2705615659016,27.5768536321941,26.9650383341229,-0.0101806366619557,1.74635103528767,1.68970983239493,1.79891538058133,-0.029107744110803,0.2,27.0231063799836,2.46818551043139,-0.00938642668900513,27,4.10005222474942,4.26574023252975,3.60398960183549,0,-0.0321341615597971,9078.12430279257,8953.99197766127,9194.78545235151
1003,27.2705615659016,27.5768536321941,26.9650383341229,-0.00960469230985652,1.74620482858991,1.68966849516963,1.79892260471452,-0.029107744110803,0.2,27.0227591098801,2.4699853365317,-0.00938642668900513,27,4.10036636098591,4.266205603874,3.60446071758199,0,-0.0303162508068311,9077.80178971432,8953.90197472041,9194.80158362631
1003.5,27.2705615659016,27.5768536321941,26.9650383341229,-0.00898143174748981,1.74605937189488,1.68962529292767,1.79892826752845,-0.029107744110803,0.2,27.022423828563,2.47193302578909,-0.00938642668900513,27,4.10067926289693,4.26666936214761,3.60493020146768,0,-0.0283489911677768,9077.48094186532,8953.80791201928,9194.81422854055
1004,27.2705615659016,27.5768536321941,26.9650383341229,-0.00850420943212072,1.74591466187526,1.68958035364484,1.79893240763697,-0.0287508938071994,0.2,27.0221001229151,2.47342434552462,-0.00884004916603089,27,4.10099093533248,4.26713151294182,3.60539805914505,0,-0.0268426866515458,9077.16175173902,8953.71006831168,9194.82347330428
1004.5,27.2705615659016,27.5768536321941,26.9650383341229,-0.00833089708530934,1.74577069767432,1.68953379748397,1.79893506280073,-0.0287508938071994,0.2,27.0217875940436,2.47396594660841,-0.00884004916603089,27,4.1013013831235,4.26759206182847,3.60586429624699,0,-0.0262956435600704,9076.84421727997,8953.60870533415,9194.82940222641
1005,27.2705615659016,27.5768536321941,26.9650383341229,-0.00857791736593782,1.74562747994134,1.68948573726912,1.79893626994574,-0.0287508938071994,0.2,27.0214858567909,2.47319400823144,-0.00884004916603089,27,4.10161061108194,4.26805101436009,3.60632891838689,5,-0.0270753383738461,9076.52833975533,8953.50406883835,9194.83209775581
1005.5,27.2705615659016,27.6047374953695,26.9650383341229,-0.00913816894101316,1.7454850097245,1.68943627893076,1.79893606518151,-0.0287508938071994,0.2,27.0211945392615,2.47144322205933,-0.00884004916603089,27,4.10191862400085,4.26850837606997,3.60679193115865,5,-0.028843716445414,9076.21412131278,8953.3963895602,9194.83164052153
1006,27.2705615659016,27.6047374953695,26.9650383341229,-0.00977087199636017,1.74534328581699,1.68938552192406,1.79893448381875,-0.0287600566616568,0.2,27.0216736753143,2.46946602501137,-0.00866947012573291,27,4.10222542665446,4.26896415247223,3.60725334013687,5,-0.0308407803693112,9075.90155912736,8953.28588413065,9194.82810937209
1006.5,27.2705615659016,27.6047374953695,26.9650383341229,-0.0102739401196898,1.7452023037857,1.68933355962192,1.79893156038681,-0.0287600566616568,0.2,27.0221362917187,2.46789393712597,-0.00866947012573291,27,4.1025310237982,4.26941834906184,3.60771315087679,5,-0.0324286645937889,9075.5906432603,8953.17275593139,9194.82158141411
1007,27.2705615659016,27.6047374953695,26.9650383341229,-0.0104820071232179,1.74506205667422,1.68928047968387,1.79892732865058,-0.0287600566616568,0.2,27.0225829587467,2.46724372773994,-0.00866947012573291,27,4.10283542016887,4.26987097131478,3.60817136891442,5,-0.0330854072837249,9075.28135821052,8953.05719589832,9194.81213204985
1007.5,27.2705615659016,27.6047374953695,26.9650383341229,-0.0102703878448631,1.74492253587948,1.68922636440283,1.79892182162713,-0.0287600566616568,0.2,27.0230142269737,2.4679050379848,-0.00866947012573291,27,4.10313862048462,4.27032202468799,3.60862799976661,0,-0.0324174521935258,9074.9736848485,8952.93938327651,9194.79983501411
1008,27.2705615659016,27.6047374953695,26.9650383341229,-0.00973052390876262,1.74478373236742,1.68917129103073,1.79891507160193,-0.0296378993264064,0.2,27.0234306279597,2.46959211278512,-0.00937225118386067,27,4.10344062944505,4.27077151461954,3.60908304893107,0,-0.0307134256656183,9074.66760309772,8952.81948632955,9194.78476241029
1008.5,27.2705615659016,27.6047374953695,26.9650383341229,-0.00910005232012338,1.74464563925404,1.68911533208456,1.79890711014483,-0.0296378993264064,0.2,27.0238326749052,2.47156233649961,-0.00937225118386067,27,4.10374145173134,4.27121944652863,3.60953652188648,0,-0.0287234051432374,9074.36309762589,8952.69766300591,9194.76698474579
1009,27.2705615659016,27.6047374953695,26.9650383341229,-0.00857991271102222,1.74450825289318,1.68905855563367,1.79889796812558,-0.0296378993264064,0.2,27.0242208632865,2.47318777277806,-0.00937225118386067,27,4.10404109200623,4.27166582581567,3.60998842409257,0,-0.0270816364810705,9074.06016024287,8952.57406156488,9194.74657096653
1009.5,27.2705615659016,27.6047374953695,26.9650383341229,-0.00833476711818136,1.74437157218833,1.68900102556981,1.79888767572908,-0.0296378993264064,0.2,27.0245956714671,2.47395385275568,-0.00937225118386067,27,4.10433955491418,4.27211065786236,3.6104387609901,0,-0.0263078589318276,9073.758788382,8952.44882116464,9194.72358849086
1010,27.2705615659016,27.6047374953695,26.9650383341229,-0.00849518792514957,1.74423559786515,1.68894280186075,1.79887626247028,-0.0304309956545463,0.2,27.0249575612892,2.47345253773391,-0.00998302451568662,27,4.10463684508137,4.27255394803176,3.61088753800103,5,-0.0268142111669421,9073.45898349526,8952.32207241476,9194.69810324256
1010.5,27.2705615659016,27.6047374953695,26.9650383341229,-0.00901316172378827,1.74410033116248,1.68888394078851,1.79886375720881,-0.0304309956545463,0.2,27.0253069786445,2.47183386961316,-0.00998302451568662,27,4.10493296711581,4.27299570166831,3.61133476052854,5,-0.0284491436649653,9073.16074816668,8952.1939378952,9194.67017968343
1011,27.2705615659016,27.6047374953695,26.9650383341229,-0.00964879025564841,1.74396577182279,1.68882449517297,1.79885018816316,-0.0304309956545463,0.2,27.0256443540252,2.4698475304511,-0.00998302451568662,27,4.10522792560741,4.27343592409796,3.61178043395707,5,-0.0304554415629286,9072.8640816817,8952.06453264328,9194.6398808448
1011.5,27.2705615659016,27.6047374953695,26.9650383341229,-0.0101921314622182,1.74383191618883,1.68876451458213,1.79883558292463,-0.0304309956545463,0.2,27.0259701030556,2.46814958918057,-0.00998302451568662,27,4.10552172512804,4.27387462062816,3.61222456365243,5,-0.0321704437473454,9072.56897583144,8951.93396461187,9194.60726835855
1012,27.2705615659016,27.6047374953695,26.9650383341229,-0.0104707963119348,1.7436987579942,1.68870404552945,1.79881996847103,-0.0311505866537392,0.2,27.0262846270062,2.4672787615252,-0.0105138508024851,27,4.10581437023161,4.274311796548,3.61266715496183,5,-0.0330500214789911,9072.27541665684,8951.80233509924,9194.57240248748
1012.5,27.2705615659016,27.6047374953695,26.9650383341229,-0.0103469958756452,1.74356628903707,1.68864313165926,1.79880337117992,-0.0311505866537392,0.2,27.0265883132893,2.46766563788861,-0.0105138508024851,27,4.10610586545414,4.27474745712822,3.61310821321395,0,-0.0326592577818864,9071.98338593466,8951.66973915299,9194.53534215493
1013,27.2705615659016,27.6047374953695,26.9650383341229,-0.00985286110191851,1.74343450052765,1.68858181392086,1.79878581684175,-0.0311505866537392,0.2,27.0268815359378,2.4692098090565,-0.0105138508024851,27,4.10639621531382,4.27518160762128,3.61354774371905,0,-0.0310995707820956,9071.69286414849,8951.53626594938,9194.49614497379
1013.5,27.2705615659016,27.6047374953695,26.9650383341229,-0.00922320194764026,1.74330338508222,1.68852013073237,1.7987673306726,-0.0311505866537392,0.2,27.0271646560671,2.47117749391362,-0.0105138508024851,27,4.10668542431107,4.27561425326146,3.61398575176896,0,-0.0291121146275317,9071.40383488448,8951.40199915024,9194.45486727504
1014,27.2705615659016,27.6047374953695,26.9650383341229,-0.00866671975178889,1.74317293870533,1.68845811813425,1.79874793732669,-0.0318064276539971,0.2,27.0274380223217,2.47291650077566,-0.0109752089286857,27,4.10697349692866,4.27604539926488,3.6144222426372,0,-0.0273556342245465,9071.11628920022,8951.26701723759,9194.41156413548
1014.5,27.2983740930341,27.6047374953695,26.9650383341229,-0.00835501411464918,1.743043160034,1.68839580993384,1.79872766090863,-0.0318064276539971,0.2,27.0277019713059,2.47389058089172,-0.0109752089286857,27,4.10726043763173,4.27647505082958,3.614857221579,0,-0.0263717665514787,9070.83022395758,8951.13139382831,9194.36628940499
1015,27.2983740930341,27.6047374953695,26.9650383341229,-0.0084270971588802,1.74291404979185,1.68833323784097,1.79870652498541,-0.0318064276539971,0.2,27.0279573682579,2.4736653213785,-0.0109752089286857,27,4.10754625086786,4.27690321313558,3.61529069383141,5,-0.0265992894722895,9070.54564061866,8950.99519796992,9194.3190957333
1015.5,27.2983740930341,27.6047374953695,26.9650383341229,-0.00889272608693346,1.74278560928599,1.68827043159553,1.79868455259811,-0.0318064276539971,0.2,27.0282050323655,2.47221023097833,-0.0109752089286857,27,4.10783094106719,4.27732989134495,3.61572266461333,5,-0.0280690006207968,9070.26254193219,8950.85849441821,9194.27003459591
1016,27.2983740930341,27.6047374953695,26.9650383341229,-0.00952289716632364,1.74265783916249,1.68820741908686,1.79866176627331,-0.032408867009698,0.2,27.0284452157736,2.47024094635524,-0.011378086309459,27,4.10811451264242,4.27775509060188,3.61615313912559,5,-0.030058072615784,9069.98092919024,8950.72134389762,9194.21915631966
1016.5,27.2983740930341,27.6047374953695,26.9650383341229,-0.0100996282645961,1.74253073654729,1.68814422646631,1.79863818803433,-0.032408867009698,0.2,27.0286781620964,2.46843866167314,-0.011378086309459,27,4.10839696998893,4.27817881603271,3.61658212255099,5,-0.0318784666543712,9069.70079592723,8950.58380334632,9194.16651010767
1017,27.2983740930341,27.6047374953695,26.9650383341229,-0.0104433528731538,1.74240429586753,1.68808087825277,1.79861383941215,-0.032408867009698,0.2,27.0289041067098,2.46736452227139,-0.011378086309459,27,4.10867831748482,4.27860107274601,3.61700962005441,5,-0.0329633990088226,9069.4221297311,8950.44592614629,9194.11214406366
1017.5,27.2983740930341,27.6047374953695,26.9650383341229,-0.0104083183720617,1.74227850937098,1.68801739743181,1.79858874145618,-0.032408867009698,0.2,27.0291232770361,2.46747400508731,-0.011378086309459,27,4.10895855949099,4.27902186583265,3.6174356367828,0,-0.0328528161095755,9069.14491338899,8950.30776233917,9194.05610521593
1018,27.2983740930341,27.6047374953695,26.9650383341229,-0.00996991032488253,1.74215336861563,1.6879538055487,1.7985629147446,-0.0329692395679526,0.2,27.0293358928164,2.46884403023474,-0.0117343571265764,27,4.10923770035122,4.27944120036586,3.6178601778653,0,-0.0314690249494592,9068.86912817057,8950.16935882905,9193.99843954047
1018.5,27.2983740930341,27.6047374953695,26.9650383341229,-0.0156104896288498,1.74223385466507,1.68789378808506,1.79853752505545,-0.0329692395679526,0.2,27.0295421663755,2.45121721990984,-0.0117343571265764,27,4.10951574439219,4.27985908140128,3.61828324841328,0,-0.0492729494645016,9069.04650242494,8950.03873665989,9193.94174998296
1019,27.2983740930341,27.6047374953695,26.9650383341229,-0.0150288780923323,1.74231806625121,1.68784101275285,1.79851379379012,-0.0329692395679526,0.2,27.0297423028762,2.45303475596146,-0.0117343571265764,27,4.10979269592361,4.28027551397703,3.61870485352041,0,-0.0474371508106376,9069.23209050786,8949.92387777294,9193.88876362161
1019.5,27.2983740930341,27.6047374953695,26.9650383341229,-0.0146625148361203,1.74240167023803,1.68779502251196,1.79849167952245,-0.0329692395679526,0.2,27.0299365005658,2.45417964113712,-0.0117343571265764,27,4.11006855923823,4.28069050311375,3.61912499826273,0,-0.04628076182873,9069.41634311819,8949.82378692102,9193.83938790093
1020,27.2983740930341,27.6047374953695,26.9650383341229,-0.0146542269732053,1.74248467469022,1.68775538614424,1.79847114111091,-0.0334930845219255,0.2,27.0301249510135,2.45420554070873,-0.0120499804053949,27,4.11034333861195,4.2811040538147,3.61954368769867,5,-0.0462546020182253,9069.59927795246,8949.73752516806,9193.79353090691
1020.5,27.2983740930341,27.6047374953695,26.9650383341229,-0.0150624168527121,1.74256708816859,1.68772169869539,1.79845213833759,-0.0334930845219255,0.2,27.0303078393398,2.45292994733527,-0.0120499804053949,27,4.11061703830386,4.28151617106579,3.61996092686915,5,-0.0475430125539004,9069.78091380259,8949.66421083361,9193.75110279351
1021,27.2983740930341,27.6047374953695,26.9650383341229,-0.015681191393909,1.74264891943781,1.68769357988016,1.79843463188801,-0.0334930845219255,0.2,27.0304853444377,2.45099627689403,-0.0120499804053949,27,4.11088966255632,4.28192685983564,3.62037672079763,5,-0.0494961125157344,9069.96126991174,8949.60301600699,9193.71201573703
1021.5,27.2983740930341,27.6047374953695,26.9650383341229,-0.0162833294200136,1.74273017362664,1.68767067258485,1.79841858333126,-0.0334930845219255,0.2,27.0306576391868,2.44911459556246,-0.0120499804053949,27,4.11116121559504,4.28233612507564,3.62079107449017,5,-0.0513967009813311,9070.1403575113,8949.55316327536,9193.6761838916
1022,27.2983740930341,27.6047374953695,26.9650383341229,-0.0166811320161371,1.74281085301594,1.6876526414606,1.79840395510074,-0.0339850292196378,0.2,27.0308248906593,2.44787146244957,-0.0123299562637357,27,4.11143170162908,4.28274397172006,3.6212039929355,5,-0.0526523250957351,9070.31818155696,8949.5139226509,9193.64352334571
1022.5,27.2983740930341,27.6047374953695,26.9650383341229,-0.0167222345319585,1.74289095746489,1.68763917160191,1.79839071047528,-0.0339850292196378,0.2,27.0309872603193,2.44774301708763,-0.0123299562637357,27,4.111701124851,4.28315040468602,3.62161548110504,5,-0.052782061076674,9070.49474166754,8949.48460868543,9193.61395207973
1023,27.2983740930341,27.6047374953695,26.9650383341229,-0.0163414808893327,1.74297048600923,1.68762996730552,1.79837881356042,-0.0339850292196378,0.2,27.0311449042151,2.44893287222084,-0.0123299562637357,27,4.11196948943686,4.28355542887361,3.62202554395303,0,-0.0515802502790898,9070.67003564732,8949.4645777608,9193.58738992398
1023.5,27.2983740930341,27.6047374953695,26.9650383341229,-0.0157377459202766,1.74304943756172,1.68762475090489,1.7983682292706,-0.0339850292196378,0.2,27.0312979731647,2.45081954399914,-0.0123299562637357,27,4.11223679954634,4.28395904916594,3.6224341864165,0,-0.0496746212227611,9070.84406102987,8949.45322554545,9193.56375851843
1024,27.2983740930341,27.6047374953695,26.9650383341229,-0.0151331204922371,1.74312781445649,1.68762326167503,1.7983589233112,-0.0344491003251086,0.2,27.0314466129354,2.45270899846176,-0.0125786451741646,27,4.11250305932275,4.2843612704292,3.62284141341544,0,-0.0477661815216973,9071.01682289066,8949.44998460476,9193.54298127261
1024.5,27.2705615659016,27.6047374953695,26.9650383341229,-0.014711255410255,1.74320562176718,1.68762525480426,1.79835086216147,-0.0344491003251086,0.2,27.0315909644164,2.45402732684295,-0.0125786451741646,27,4.11276827289314,4.28476209751271,3.62324722985274,0,-0.0464346065769289,9071.1883323448,8949.45432215813,9193.52498332697
1025,27.2705615659016,27.6047374953695,26.9650383341229,-0.0146214281412797,1.74328286688379,1.68763050042802,1.79834401305739,-0.0344491003251086,0.2,27.0317306235276,2.4543080370585,-0.0125786451741646,27,4.11303244436834,4.28516153524897,3.62365164061436,0,-0.0461510757851353,9071.35860561471,8949.46573797181,9193.5096915146
1025.5,27.2705615659016,27.6047374953695,26.9650383341229,-0.0149559124360191,1.7433595582149,1.68763878272162,1.79833834397525,-0.0344491003251086,0.2,27.031865216467,2.45326277363744,-0.0125786451741646,27,4.113295577843,4.28555958845373,3.62405465056928,5,-0.0472068420130506,9071.52766116982,8949.48376238069,9193.49703432425
1026,27.2705615659016,27.6047374953695,26.9650383341229,-0.0155520946114451,1.74343570440957,1.68764989904773,1.79833382361537,-0.034886919828109,0.2,27.031994921246,2.45139970433923,-0.0127979684984098,27,4.1135576773957,4.28595626192606,3.62445626456965,5,-0.0490886314315654,9071.69551801147,8949.50795442979,9193.48694186372
1026.5,27.2705615659016,27.6047374953695,26.9650383341229,-0.0161737755032004,1.7435113111206,1.68766365915591,1.79833042138623,-0.034886919828109,0.2,27.032119909703,2.4494569515525,-0.0127979684984098,27,4.11381874708904,4.2863515604484,3.62485648745083,5,-0.0510509049983018,9071.86218853763,8949.53790012949,9193.47934582436
1027,27.2705615659016,27.6047374953695,26.9650383341229,-0.0166257107900158,1.74358638091802,1.68767988443051,1.79832810738899,-0.034886919828109,0.2,27.0322403477156,2.4480446537812,-0.0127979684984098,27,4.11407879096957,4.28674548878659,3.62525532403139,5,-0.0524773935376059,9072.02767835166,8949.57321081659,9193.47417944616
1027.5,27.2705615659016,27.6047374953695,26.9650383341229,-0.0167487680347399,1.74366091387409,1.68769840718427,1.79832685240228,-0.034886919828109,0.2,27.0323563954067,2.44766009989144,-0.0127979684984098,27,4.11433781306799,4.28713805168997,3.62565277911324,5,-0.0528658114248531,9072.19198755131,8949.61352161492,9193.47137748375
1028,27.2705615659016,27.6047374953695,26.9650383341229,-0.0164433052165926,1.74373490876267,1.68771906999477,1.79832662786733,-0.0352975501106325,0.2,27.0324682073427,2.44861467119815,-0.0129872829370854,27,4.11459581739917,4.28752925389141,3.62604885748162,0,-0.0519016485856528,9072.35511337235,8949.65848998982,9193.47087617296
1028.5,27.2705615659016,27.6047374953695,26.9650383341229,-0.0158650893828283,1.74380836409512,1.6877417250812,1.79832740587345,-0.0352975501106325,0.2,27.0325759327255,2.45042159567866,-0.0129872829370854,27,4.11485280796219,4.28791910010738,3.62644356390524,0,-0.0500765681279593,9072.51705247211,8949.70779439052,9193.47261319827
1029,27.2705615659016,27.6047374953695,26.9650383341229,-0.0152447830772769,1.74388128124691,1.68776623371902,1.79832915914387,-0.0352975501106325,0.2,27.0326797155772,2.45236005288351,-0.0129872829370854,27,4.1151087887404,4.28830759503799,3.62683690313626,0,-0.0481186333051168,9072.67780782252,8949.76113297513,9193.47652766101
1029.5,27.2705615659016,27.6047374953695,26.9650383341229,-0.0147733764061678,1.74395366454194,1.68779246569005,1.7983318610218,-0.0352975501106325,0.2,27.0327796949191,2.45383319873073,-0.0129872829370854,27,4.11536376370152,4.28869474336708,3.6272288799104,0,-0.0466306852884281,9072.83738889645,8949.81822241319,9193.48256004819
1030,27.2705615659016,27.6047374953695,26.9650383341229,-0.0146067311742881,1.74402552070304,1.687820298766,1.79833548545687,-0.0356844832143466,0.2,27.0328760049442,2.45435396508035,-0.0131504019776997,27,4.11561773679768,4.28908054976222,3.62761949894696,0,-0.046104686278523,9072.99581045685,8949.87879676078,9193.49065220197
1030.5,27.2705615659016,27.6047374953695,26.9650383341229,-0.0148597102523365,1.74409685787381,1.68784961822344,1.79834000699186,-0.0356844832143466,0.2,27.0329687751839,2.45356340546145,-0.0131504019776997,27,4.11587071196548,4.28946501887483,3.62800876494891,5,-0.046903189440475,9073.15309040055,8949.94260640463,9193.50074729002
1031,27.2705615659016,27.6047374953695,26.9650383341229,-0.015423888552947,1.74416768453975,1.68788031638795,1.79834540074969,-0.0356844832143466,0.2,27.0330581306684,2.45180034827204,-0.0131504019776997,27,4.11612269312604,4.28984815534022,3.6283966826029,5,-0.048683961828522,9073.30924737981,8950.00941706954,9193.51278977628
1031.5,27.2705615659016,27.6047374953695,26.9650383341229,-0.0160573164384479,1.7442380068848,1.68791229220605,1.79835164242065,-0.0356844832143466,0.2,27.033144192083,2.44982088612985,-0.0131504019776997,27,4.11637368418508,4.2902299637776,3.62878325657938,5,-0.050683313606317,9073.4642949739,8950.07900888652,9193.52672539241
1032,27.2705615659016,27.6047374953695,26.9650383341229,-0.0165570305988591,1.74430782780026,1.68794545084313,1.79835870824998,-0.0360509368745117,0.2,27.033227075917,2.44825927937857,-0.0132908303668017,27,4.11662368903299,4.29061044879018,3.62916849153261,5,-0.0522606113822388,9073.6182395036,8950.15117551751,9193.54250110986
1032.5,27.2705615659016,27.6047374953695,26.9650383341229,-0.0167569872822094,1.74437714759971,1.68797970330568,1.79836657502566,-0.0360509368745117,0.2,27.0333068946095,2.4476344147431,-0.0132908303668017,27,4.11687271154484,4.29098961496522,3.62955239210072,5,-0.0528917546575656,9073.77108160684,8950.22572333309,9193.56006511265
1033,27.2705615659016,27.6047374953695,26.9650383341229,-0.0165343740043015,1.7444459649319,1.68801496608638,1.79837522006653,-0.0360509368745117,0.2,27.0333837566887,2.44833008123656,-0.0132908303668017,27,4.1171207555805,4.29136746687407,3.6299349629058,0,-0.0521890981071772,9073.92281825115,8950.30247064015,9193.57936677061
1033.5,27.2705615659016,27.6047374953695,26.9650383341229,-0.01599087472074,1.74451427799209,1.68805116083099,1.79838462121052,-0.0360509368745117,0.2,27.033457766907,2.45002851649769,-0.0132908303668017,27,4.11736782498466,4.29174400907224,3.63031620855388,0,-0.0504735969685439,9074.07344540429,8950.38124695673,9193.60035661316
1034,27.2705615659016,27.6047374953695,26.9650383341229,-0.0153625136604258,1.74458208721577,1.68808821402521,1.7983947568034,-0.0363996995150977,0.2,27.0335290263717,2.45199214481117,-0.0134116105486854,27,4.11761392358691,4.29211924609946,3.63069613363509,0,-0.0484902381177679,9074.22296397389,8950.46189233068,9193.62298630403
1034.5,27.2705615659016,27.6047374953695,26.9650383341229,-0.0148477888140449,1.74464939617646,1.68812605670077,1.79840560568755,-0.0363996995150977,0.2,27.0335976326705,2.45360065995611,-0.0134116105486854,27,4.1178590552018,4.29249318247971,3.63107474272363,0,-0.0468655606126515,9074.3713817875,8950.5442567,9193.6472086161
1035,27.2705615659016,27.6047374953695,26.9650383341229,-0.0146092855326583,1.74471621092718,1.6881646241592,1.79841714719108,-0.0363996995150977,0.2,27.0336636799932,2.45434598271044,-0.0134116105486854,27,4.11810322362887,4.2928658227213,3.63145204037787,0,-0.0461127488552827,9074.51871214107,8950.62819929179,9193.67297740712
1035.5,27.2705615659016,27.6047374953695,26.9650383341229,-0.0147759039244913,1.74478253926704,1.68820385571246,1.79842936111718,-0.0363996995150977,0.2,27.0337272592493,2.45382530023596,-0.0134116105486854,27,4.11834643265276,4.29323717131689,3.63182803114038,5,-0.0466386631472644,9074.66497218199,8950.71358805789,9193.70024759581
1036,27.2705615659016,27.6047374953695,26.9650383341229,-0.015298320306439,1.74484838943712,1.68824369443933,1.79844222773372,-0.0367331870016905,0.2,27.0337884581812,2.45219274904238,-0.0135153832724768,27,4.1185886860432,4.29360723274359,3.632202719538,5,-0.0482876182152441,9074.81018003374,8950.8002991448,9193.72897513857
1036.5,27.2705615659016,27.6047374953695,26.9650383341229,-0.0159353909944069,1.74491376815013,1.68828408695631,1.79845572776292,-0.0367331870016905,0.2,27.0338473614734,2.45020190314248,-0.0135153832724768,27,4.11882998755515,4.29397601146299,3.63257611008188,5,-0.0502984681347459,9074.95435045089,8950.88821639518,9193.75911700645
1037,27.2705615659016,27.6047374953695,26.9650383341229,-0.0164762542371844,1.74497867865081,1.68832498320271,1.79846984237151,-0.0367331870016905,0.2,27.0339040508587,2.4485117055088,-0.0135153832724768,27,4.11907034092878,4.29434351192123,3.63294820726756,5,-0.0520056488742488,9075.09749054169,8950.97723088032,9193.79063116301
1037.5,27.2705615659016,27.6047374953695,26.9650383341229,-0.0167478054423351,1.74504312152215,1.6883663362386,1.79848455316081,-0.0367331870016905,0.2,27.0339586052196,2.4476631079927,-0.0135153832724768,27,4.11930974988958,4.294709738549,3.63331901557501,5,-0.0528627730981866,9075.23960154532,8951.0672404606,9193.82347654223
1038,27.2705615659016,27.6047374953695,26.9650383341229,-0.0166126424213482,1.74510709539002,1.68840810205503,1.79849984215724,-0.0370534919301395,0.2,27.0340111006872,2.44808549243329,-0.0136044402748965,27,4.11954821814841,4.29507469576165,3.63368853946866,0,-0.0524361445387435,9075.38068038541,8951.15814937245,9193.85761302721
1038.5,27.2705615659016,27.6047374953695,26.9650383341229,-0.0161133941369819,1.74517059824925,1.68845023939574,1.7985156918029,-0.0370534919301395,0.2,27.0340616107365,2.44964564332193,-0.0136044402748965,27,4.11978574940155,4.29543838795924,3.63405678339749,0,-0.0508603172539697,9075.52072259409,8951.24986784071,9193.89300142916
1039,27.2705615659016,27.6047374953695,26.9650383341229,-0.0154849043106405,1.74523362962216,1.68849270958997,1.79853208494651,-0.0370534919301395,0.2,27.0341102062778,2.45160967402925,-0.0136044402748965,27,4.12002234733072,4.29580081952656,3.63442375179509,0,-0.0488765519661058,9075.65972707219,8951.34231171469,9193.92960346706
1039.5,27.2705615659016,27.6047374953695,26.9650383341229,-0.0149333530786109,1.74529619232676,1.68853547639507,1.79854900483438,-0.0370534919301395,0.2,27.0341569557455,2.45333327162934,-0.0136044402748965,27,4.12025801560322,4.2961619948332,3.63478944907964,0,-0.0471356356573274,9075.79769998909,8951.43540212595,9193.96738174754
1040,27.2705615659016,27.6047374953695,26.9650383341229,-0.0146281945985022,1.74535829174494,1.68857850584891,1.79856643510176,-0.037362426429782,0.2,27.0342019251841,2.45428689187968,-0.0136807700736313,27,4.12049275787191,4.29652191823363,3.63515387965408,0,-0.0461724334307125,9075.93465316916,8951.5290651671,9194.00629974544
1040.5,27.2705615659016,27.6047374953695,26.9650383341229,-0.0147066614473344,1.74541993527705,1.68862176613116,1.7985843597642,-0.037362426429782,0.2,27.0342451783303,2.45404168297708,-0.0136807700736313,27,4.12072657777532,4.29688059406719,3.63551704790604,5,-0.0464201061923664,9076.07060288943,8951.6232315902,9194.04632178466
1041,27.2705615659016,27.6047374953695,26.9650383341229,-0.0151772028742184,1.7454811308236,1.68866522743311,1.79860276320928,-0.037362426429782,0.2,27.0342867766933,2.45257124101807,-0.0136807700736313,27,4.12095947893764,4.29723802665821,3.63587895820801,5,-0.0479053231521829,9076.20556653125,8951.71783652342,9194.08741301947
1041.5,27.2705615659016,27.6047374953695,26.9650383341229,-0.0158094967458727,1.74554188560483,1.68870886183507,1.79862163018832,-0.037362426429782,0.2,27.0343267796317,2.45059532266915,-0.0136807700736313,27,4.12119146496888,4.29759422031602,3.63623961491728,5,-0.0499010955286727,9076.33955997692,8951.81281920442,9194.1295394161
1042,27.2705615659016,27.6047374953695,26.9650383341229,-0.0163845973435156,1.74560220325098,1.68875264319144,1.7986409458084,-0.0376615593319318,0.2,27.0343652444279,2.44879813330151,-0.0137460977711569,27,4.12142253946483,4.29794917933501,3.63659902237607,5,-0.0517163430550725,9076.47259119209,8951.90812273037,9194.17266773492
1042.5,27.2705615659016,27.6047374953695,26.9650383341229,-0.0167221836651962,1.74566208464253,1.68879654702268,1.7986606955245,-0.0376615593319318,0.2,27.03440222636,2.44774317604626,-0.0137460977711569,27,4.12165270600715,4.29830290799468,3.63695718491158,5,-0.0527819005208252,9076.60466207843,8952.00369382293,9194.21676551277
1043,27.2705615659016,27.6047374953695,26.9650383341229,-0.0166759931690419,1.74572152845858,1.68884055041384,1.79868086513184,-0.0376615593319318,0.2,27.0344377787711,2.44788752134674,-0.0137460977711569,27,4.12188196816344,4.2986554105597,3.63731410683598,0,-0.0526361048387638,9076.73576968263,8952.09948260746,9194.26180104591
1043.5,27.2705615659016,27.6047374953695,26.9650383341229,-0.0162308755324459,1.74578053262197,1.68888463191904,1.79870144075831,-0.0376615593319318,0.2,27.0344719531366,2.44927851396111,-0.0137460977711569,27,4.12211032948727,4.29900669127996,3.63766979244655,0,-0.0512311355306122,9076.86590938351,8952.19544240545,9194.30774337312
1044,27.2705615659016,27.6047374953695,26.9650383341229,-0.0156104897188648,1.74583909578636,1.68892877147231,1.79872240885722,-0.0379522484429611,0.2,27.0345047991283,2.45121721962855,-0.0138019196513397,27,4.12233779351825,4.29935675439063,3.63802424602563,0,-0.0492729497486248,9076.99507817185,8952.29152954033,9194.35456225943
1044.5,27.2705615659016,27.6047374953695,26.9650383341229,-0.0150288781755479,1.74589722000774,1.68897295030325,1.79874375620001,-0.0379522484429611,0.2,27.0345363646776,2.45303475570141,-0.0138019196513397,27,4.1225643637821,4.29970560411219,3.63837747184078,0,-0.0474371510732995,9077.12328054305,8952.38770315413,9194.40222817992
1045,27.2705615659016,27.6047374953695,26.9650383341229,-0.0146625149264732,1.74595490999391,1.68901715085819,1.79876546986941,-0.0379522484429611,0.2,27.0345666960352,2.45417964085477,-0.0138019196513397,27,4.12279004379064,4.30005324465048,3.63872947414474,0,-0.0462807621139199,9077.25052684213,8952.48392503608,9194.45071230432
1045.5,27.2705615659016,27.6047374953695,26.9650383341229,-0.0146542270667891,1.74601217270882,1.68906135672604,1.79878753725239,-0.0379522484429611,0.2,27.0345958378294,2.45420554041628,-0.0138019196513397,27,4.12301483704195,4.30039968019678,3.63908025717554,5,-0.046254602313613,9077.3768323914,8952.58015946112,9194.49998648139
1046,27.2705615659016,27.6047374953695,26.9650383341229,-0.0150624169355565,1.7460690156194,1.68910555256873,1.79880994603364,-0.0382356685644911,0.2,27.0346238331227,2.45292994707639,-0.0138495332490635,27,4.12323874702033,4.30074491492784,3.63942982515653,5,-0.0475430128153906,9077.50221362375,8952.67637303877,9194.55002322424
1046.5,27.2705615659016,27.6047374953695,26.9650383341229,-0.0156811914857757,1.74612544640324,1.68914972405556,1.7988326841888,-0.0382356685644911,0.2,27.0346507234657,2.45099627660695,-0.0138495332490635,27,4.12346177719639,4.30108895300591,3.63977818229643,5,-0.0494961128057023,9077.62668743789,8952.77253457017,9194.60079569535
1047,27.2705615659016,27.6047374953695,26.9650383341229,-0.0162833295092082,1.74618146910819,1.68919385780179,1.79885573997816,-0.0382356685644911,0.2,27.0346765489497,2.44911459528372,-0.0138495332490635,27,4.12368393102711,4.30143179857885,3.64012533278936,5,-0.0513967012628648,9077.75026272706,8952.86861491468,9194.65227769233
1047.5,27.2705615659016,27.6047374953695,26.9650383341229,-0.0166811321022301,1.7462370849404,1.68923794131087,1.79887910194033,-0.0382356685644911,0.2,27.0347013482572,2.44787146218053,-0.0138495332490635,27,4.12390521195589,4.3017734557801,3.64047128081495,5,-0.0526523253674792,9077.87294211695,8952.96458686409,9194.70444363388
1048,27.2705615659016,27.6047374953695,26.9650383341229,-0.0167222346244688,1.74629229269068,1.68928196292015,1.79890275888604,-0.0385128358189846,0.2,27.0347251587107,2.44774301679854,-0.0138900634842798,27,4.12412562341259,4.30211392872881,3.64081603053831,5,-0.0527820613686733,9077.99472290557,8953.06042502449,9194.75726854595
1048.5,27.2705615659016,27.6047374953695,26.9650383341229,-0.0163414809771807,1.74634709033283,1.68932591174974,1.79892669989211,-0.0385128358189846,0.2,27.0347480163202,2.44893287194631,-0.0138900634842798,27,4.1243451688136,4.30245322152984,3.64115958611016,0,-0.0515802505563731,9078.11560058892,8953.1561057052,9194.81072804825
1049,27.2705615659016,27.6047374953695,26.9650383341229,-0.0157377460059683,1.74640147572431,1.68936977765491,1.79895091429564,-0.0385128358189846,0.2,27.0347699558282,2.45081954373135,-0.0138900634842798,27,4.12456385156189,4.30279133827381,3.64150195166682,0,-0.0496746214932385,9078.23557040632,8953.25160681508,9194.86479834122
1049.5,27.2705615659016,27.6047374953695,26.9650383341229,-0.0151331205836856,1.74645545015099,1.68941355118099,1.79897539168813,-0.0385128358189846,0.2,27.0347910107541,2.45270899817598,-0.0138900634842798,27,4.12478167504705,4.30312828303717,3.64184313133029,0,-0.0477661818103451,9078.35463516003,8953.34690776446,9194.91945619307
1050,27.2705615659016,27.5768536321941,26.9650383341229,-0.0147112554102549,1.74650901764219,1.68945722352119,1.79900012190998,-0.0387846287660523,0.2,27.0348112134367,2.45402732684295,-0.0139244853746931,27,4.12499864264536,4.30346405988224,3.64218312920829,0,-0.0464346065769285,9078.47280370484,8953.44198937342,9194.97467892728
1050.5,27.2705615659016,27.5768536321941,26.9650383341229,-0.0146214281412796,1.74656218455621,1.689500786477,1.7990250950449,-0.0387846287660523,0.2,27.034070202126,2.4543080370585,-0.0139244853746931,27,4.12521475771983,4.30379867285727,3.64252194939433,0,-0.0461510757851349,9078.59009003385,8953.53683378563,9195.0304444103
1051,27.2705615659016,27.5768536321941,26.9650383341229,-0.0149559124360191,1.74661495827359,1.68954423242107,1.79905030141462,-0.0387846287660523,0.2,27.0333546334261,2.45326277363744,-0.0139244853746931,27,4.12543002362024,4.30413212599646,3.64285959596771,5,-0.0472068420130506,9078.70651039635,8953.63142438757,9195.0867310396
1051.5,27.2705615659016,27.5768536321941,26.9650383341229,-0.0155520946114453,1.74666734642175,1.68958755426201,1.79907573157355,-0.0387846287660523,0.2,27.0326636313161,2.45139970433923,-0.0139244853746931,27,4.12564444368323,4.30446442332004,3.64319607299362,5,-0.0490886314315659,9078.82208158716,8953.72574573202,9195.14351773186
1052,27.2705615659016,27.5768536321941,26.9650383341229,-0.0161737755011758,1.74671935363768,1.68963074541163,1.79910137630357,-0.0378967029465169,0.2,27.0319963499742,2.44945695155883,-0.0127985399896929,27,4.12585802123233,4.3047955688343,3.64353138452315,5,-0.0510509049919113,9078.93681380507,8953.81978346673,9195.20078391133
1052.5,27.2705615659016,27.5768536321941,26.9650383341229,-0.0166257107900051,1.74677098148146,1.689673799754,1.7991272266091,-0.0378967029465169,0.2,27.0313519727366,2.44804465378123,-0.0127985399896929,27,4.12607075957799,4.30512556653163,3.64386553459339,5,-0.0524773935375722,9079.05071046152,8953.91352426717,9195.25850949871
1053,27.2705615659016,27.5768536321941,26.9650383341229,-0.0167487680347401,1.74682222902133,1.68971671161641,1.79915327371205,-0.0378967029465169,0.2,27.0307297110914,2.44766009989144,-0.0127985399896929,27,4.12628266201767,4.3054544203906,3.64419852722742,5,-0.0528658114248535,9079.16376947091,8954.00695577334,9195.31667490004
1053.5,27.2705615659016,27.5768536321941,26.9650383341229,-0.0164433052165924,1.74687309403317,1.68975947574204,1.79917950904702,-0.0378967029465169,0.2,27.030128803708,2.44861467119815,-0.0127985399896929,27,4.12649373183587,4.30578213437599,3.64453036643439,0,-0.0519016485856523,9079.27598589669,8954.1000665303,9195.37526099586
1054,27.2705615659016,27.5768536321941,26.9650383341229,-0.0158650893828283,1.7469235740365,1.68980208726447,1.79920592425655,-0.0371405674850589,0.2,27.029548515499,2.45042159567866,-0.0118194061995951,27,4.1267039723042,4.30610871243883,3.64486105620956,0,-0.0500765681279593,9079.38735423664,8954.1928459327,9195.43424913064
1054.5,27.2705615659016,27.5768536321941,26.9650383341229,-0.0152447830772769,1.74697366942157,1.68984454168362,1.79923251118654,-0.0371405674850589,0.2,27.0289881367158,2.45236005288351,-0.0118194061995951,27,4.12691338668137,4.30643415851644,3.64519060053437,0,-0.0481186333051168,9079.49787532201,8954.28528417249,9195.4936211026
1055,27.2705615659016,27.5768536321941,26.9650383341229,-0.0147733764061678,1.74702338353347,1.68988683484317,1.79925926188171,-0.0371405674850589,0.2,27.0284469820741,2.45383319873073,-0.0118194061995951,27,4.12712197821333,4.30675847653253,3.64551900337645,0,-0.0466306852884281,9079.60755650345,8954.37737218978,9195.55335915361
1055.5,27.2705615659016,27.5768536321941,26.9650383341229,-0.0146067311742881,1.74707272212271,1.68992896290946,1.79928616858123,-0.0371405674850589,0.2,27.0279243899105,2.45435396508035,-0.0118194061995951,27,4.12732975013325,4.30708167039718,3.6458462686897,0,-0.046104686278523,9079.71641043919,8954.46910162692,9195.61344595925
1056,27.2705615659016,27.5768536321941,26.9650383341229,-0.0148597102523365,1.74712169236669,1.68997092235163,1.79931322371437,-0.0364986268102729,0.2,27.0274197213674,2.45356340546145,-0.0109678885469421,27,4.12753670566162,4.30740374400691,3.6461724004143,5,-0.046903189440475,9079.82445293638,8954.56046478528,9195.67386461932
1056.5,27.2705615659016,27.5768536321941,26.9650383341229,-0.015423888552947,1.74717030179084,1.69001270992289,1.79934041989629,-0.0364986268102729,0.2,27.0269323596068,2.45180034827204,-0.0109678885469421,27,4.12774284800624,4.30772470124477,3.64649740247681,5,-0.048683961828522,9079.93170057096,8954.65145458453,9195.73459864837
1057,27.2705615659016,27.5768536321941,26.9650383341229,-0.0160573164384479,1.74721855562452,1.69005432264287,1.79936774992389,-0.0364986268102729,0.2,27.0264617090509,2.44982088612985,-0.0109678885469421,27,4.12794818036234,4.30804454598032,3.64682127879017,5,-0.050683313606317,9080.03816485394,8954.74206452428,9195.79563196633
1057.5,27.2705615659016,27.5768536321941,26.9650383341229,-0.0165570305988591,1.74726645581006,1.69009575778118,1.79939520677174,-0.0364986268102729,0.2,27.0260071946486,2.44825927937857,-0.0109678885469421,27,4.12815270591258,4.30836328206973,3.64714403325378,5,-0.0522606113822388,9080.14385004459,8954.8322886482,9195.85694888967
1058,27.2705615659016,27.5768536321941,26.9650383341229,-0.0167569872822094,1.74731400171754,1.69013701284183,1.79942278358814,-0.0359556201321762,0.2,27.0255682611677,2.4476344147431,-0.0102273044670724,27,4.12835642782711,4.30868091335577,3.64746566975353,5,-0.0528917546575656,9080.24875472712,8954.92212151022,9195.91853412233
1058.5,27.2705615659016,27.5768536321941,26.9650383341229,-0.0165343740042917,1.74736119105792,1.69017808554862,1.79945047369119,-0.0359556201321762,0.2,27.0251443725114,2.44833008123659,-0.0102273044670724,27,4.12855934926365,4.30899744366792,3.64778619216183,0,-0.0521890981071463,9080.35287382516,8955.01155814272,9195.98037274716
1059,27.2705615659016,27.5768536321941,26.9650383341229,-0.0159908747202717,1.74740802109436,1.69021897383146,1.79947827056505,-0.0359556201321762,0.2,27.0247350110584,2.45002851649915,-0.0102273044670724,27,4.12876147336747,4.30931287682237,3.64810560433773,0,-0.0504735969670654,9080.45620127429,8955.10059402673,9196.04245021747
1059.5,27.2705615659016,27.5768536321941,26.9650383341229,-0.0153625136594047,1.74745449133642,1.69025967581361,1.79950616785619,-0.0359556201321762,0.2,27.0243396770256,2.45199214481436,-0.0102273044670724,27,4.12896280327151,4.30962721662211,3.64842391012684,0,-0.0484902381145451,9080.55873596665,8955.18922506423,9196.10475234874
1060,27.2705615659016,27.5768536321941,26.9650383341229,-0.0148477888140449,1.74750060443779,1.69030018979954,1.79953415936983,-0.0354983129219519,0.2,27.0239578878532,2.45360065995611,-0.00958315514127719,27,4.1291633420964,4.30994046685691,3.6487411133615,0,-0.0468655606126515,9080.66048373197,8955.27744755167,9196.16726531056
1060.5,27.2705615659016,27.5768536321941,26.9650383341229,-0.0146092855326583,1.74754636553769,1.69034051426376,1.79956223906634,-0.0354983129219519,0.2,27.0235891776103,2.45434598271044,-0.00958315514127719,27,4.1293630929505,4.31025263130342,3.64905721786078,0,-0.0461127488552827,9080.76145588487,8955.36525815568,9196.22997561875
1061,27.2705615659016,27.5768536321941,26.9650383341229,-0.0147759039244913,1.74759178152731,1.69038064784014,1.79959040105783,-0.0354983129219519,0.2,27.0232330964219,2.45382530023596,-0.00958315514127719,27,4.12956205892995,4.3105637137252,3.64937222743047,5,-0.0466386631472644,9080.86166760638,8955.45265388989,9196.29287012761
1061.5,27.2705615659016,27.5768536321941,26.9650383341229,-0.015298320306439,1.74763685974548,1.69042058931203,1.79961863960479,-0.0354983129219519,0.2,27.0228892099147,2.45219274904238,-0.00958315514127719,27,4.12976024311874,4.31087371787277,3.64968614586322,5,-0.0482876182152441,9080.96113506614,8955.53963209339,9196.35593602253
1062,27.2705615659016,27.5768536321941,26.9650383341229,-0.0159353909944069,1.74768160600808,1.69046033760267,1.79964694911268,-0.0351152290462657,0.2,27.0225570986832,2.45020190314248,-0.00902283947327476,27,4.12995764858875,4.31118264748364,3.64999897693855,5,-0.0502984681347459,9081.05987107407,8955.62619040983,9196.41916081233
1062.5,27.2705615659016,27.5768536321941,26.9650383341229,-0.0164762542371844,1.74772602266813,1.69049989176655,1.79967532412875,-0.0351152290462657,0.2,27.0222363577727,2.4485117055088,-0.00902283947327476,27,4.13015427839975,4.31149050628238,3.65031072442286,5,-0.0520056488742488,9081.15788079968,8955.71232676868,9196.48253232214
1063,27.2705615659016,27.5768536321941,26.9650383341229,-0.0167478054423351,1.74777010942212,1.690539250981,1.79970375933881,-0.0351152290462657,0.2,27.0219265961818,2.4476631079927,-0.00902283947327476,27,4.13035013559952,4.31179729798063,3.65062139206951,5,-0.0528627730981866,9081.2551635508,8955.79803936683,9196.54603868633
1063.5,27.2705615659016,27.5768536321941,26.9650383341229,-0.0166126424213482,1.74781386401474,1.69057841453832,1.79973224956414,-0.0351152290462657,0.2,27.0216274363805,2.44808549243329,-0.00902283947327476,27,4.13054522322387,4.31210302627719,3.65093098361887,0,-0.0524361445387435,9081.35171432851,8955.88332665168,9196.60966834139
1064,27.2705615659016,27.5768536321941,26.9650383341229,-0.0161133941369819,1.74785728356501,1.69061738183855,1.7997607897584,-0.0347964182091136,0.2,27.0213385138464,2.44964564332193,-0.00853540553854657,27,4.13073954429665,4.312407694858,3.65123950279836,0,-0.0508603172539697,9081.44752675315,8955.96818730512,9196.67341001928
1064.5,27.2705615659016,27.5768536321941,26.9650383341229,-0.0154849043106405,1.74790036672504,1.69065615238261,1.79978937500474,-0.0347964182091136,0.2,27.0210594766153,2.45160967402925,-0.00853540553854657,27,4.13093310182986,4.31271130739627,3.65154695332247,0,-0.0488765519661058,9081.54259782811,8956.0526202288,9196.73725274079
1065,27.2705615659016,27.5768536321941,26.9650383341229,-0.0149333530781772,1.74794311544853,1.6906947257659,1.79981800051281,-0.0347964182091136,0.2,27.020789984849,2.4533332716307,-0.00853540553854657,27,4.13112589882363,4.31301386755244,3.65185333889283,0,-0.0471356356559584,9081.63693184247,8956.13662453014,9196.80118580902
1065.5,27.2705615659016,27.5768536321941,26.9650383341229,-0.0146281945970917,1.74798553425866,1.69073310167219,1.79984666161604,-0.0347964182091136,0.2,27.0205297104167,2.45428689188409,-0.00853540553854657,27,4.13131793826635,4.3133153789743,3.65215866319824,0,-0.0461724334262601,9081.73053875583,8956.2201995091,9196.86519880318
1066,27.2705615659016,27.5768536321941,26.9650383341229,-0.0147066614473215,1.74802762970263,1.69077127986817,1.79987535376875,-0.034533254056285,0.2,27.0202783364913,2.45404168297712,-0.00811133459653775,27,4.13150922313464,4.31361584529696,3.65246292991475,5,-0.0464201061923256,9081.82343299492,8956.30334464613,9196.92928157225
1066.5,27.2427553925614,27.5768536321941,26.9650383341229,-0.0151772028742184,1.74806940883317,1.69080926019802,1.79990407254355,-0.034533254056285,0.2,27.0200355571599,2.45257124101807,-0.00811133459653775,27,4.13169975639339,4.31391527014293,3.65276614270565,5,-0.0479053231521829,9081.91563010275,8956.38605959062,9196.99342422913
1067,27.2427553925614,27.5768536321941,26.9650383341229,-0.0158094967458727,1.74811087802792,1.69084704257837,1.79993281362858,-0.034533254056285,0.2,27.0198005369122,2.45059532266915,-0.00811133459653775,27,4.13188954099591,4.3142136571222,3.65306830522155,5,-0.0499010955286727,9082.00714413332,8956.4683441497,9197.05761714447
1067.5,27.2427553925614,27.5768536321941,26.9650383341229,-0.0163845973435156,1.74815204007933,1.69088462699362,1.79996157282494,-0.034533254056285,0.2,27.0195724852322,2.44879813330151,-0.00811133459653775,27,4.13207857988387,4.31451100983221,3.65336942110042,5,-0.0517163430550725,9082.09798122943,8956.55019827815,9197.12185094102
1068,27.2427553925614,27.5768536321941,26.9650383341229,-0.0167221836651962,1.74819289503503,1.69092201349145,1.79999034604419,-0.0343163765119492,0.2,27.0193511775077,2.44774317604626,-0.0077404710030919,27,4.13226687598736,4.31480733185795,3.65366949396762,5,-0.0527819005208252,9082.1881414768,8956.6316220687,9197.18611648791
1068.5,27.2427553925614,27.5768536321941,26.9650383341229,-0.0166759931690419,1.74823344074613,1.69095920217871,1.80001912930573,-0.0343163765119492,0.2,27.0191363966825,2.44788752134674,-0.0077404710030919,27,4.13245443222499,4.31510262677198,3.65396852743595,0,-0.0526361048387638,9082.27762011397,8956.71261574294,9197.25040489495
1069,27.2427553925614,27.5768536321941,26.9650383341229,-0.0162308755324459,1.74827367431261,1.69099619321732,1.80004791873439,-0.0343163765119492,0.2,27.0189279329964,2.44927851396111,-0.0077404710030919,27,4.13264125150391,4.31539689813448,3.65426652510572,0,-0.0512311355306122,9082.3664107217,8956.79317964247,9197.31470750721
1069.5,27.2427553925614,27.5768536321941,26.9650383341229,-0.0156104897188648,1.74831359357048,1.69103298682086,1.80007671055818,-0.0343163765119492,0.2,27.0187255837356,2.45121721962855,-0.0077404710030919,27,4.1328273367198,4.31569014949328,3.65456349056472,0,-0.0492729497486248,9082.45450850502,8956.87331422151,9197.37901589992
1070,27.2427553925614,27.5768536321941,26.9650383341229,-0.0150288781755479,1.74835319976356,1.69106958325101,1.80010550110577,-0.034135316311394,0.2,27.0185291529908,2.45303475570141,-0.00741166119631771,27,4.133012690757,4.31598238438392,3.65485942738838,0,-0.0474371510732995,9082.54191618977,8956.95302003911,9197.443321873
1070.5,27.2427553925614,27.5768536321941,26.9650383341229,-0.0146625149264732,1.74839249679277,1.69110598281439,1.80013428680436,-0.034135316311394,0.2,27.018338451424,2.45417964085477,-0.00741166119631771,27,4.13319731648852,4.31627360632967,3.65515433913969,0,-0.0462807621139199,9082.62864236612,8957.03229775222,9197.50761744614
1071,27.2427553925614,27.5768536321941,26.9650383341229,-0.0146542270667891,1.74843149082049,1.69114218585958,1.80016306417742,-0.034135316311394,0.2,27.0181532960432,2.45420554041628,-0.00741166119631771,27,4.13338121677605,4.31656381884162,3.65544822936932,5,-0.046254602313613,9082.71470061562,8957.11114810934,9197.57189485392
1071.5,27.2427553925614,27.5768536321941,26.9650383341229,-0.0150624169355565,1.74847018851708,1.69117819277447,1.80019182984254,-0.034135316311394,0.2,27.0179735099855,2.45292994707639,-0.00741166119631771,27,4.13356439447007,4.31685302541866,3.65574110161564,5,-0.0475430128153906,9082.80010564165,8957.18957194463,9197.63614654092
1072,27.2427553925614,27.5768536321941,26.9650383341229,-0.0156811914857636,1.74850859676854,1.69121400398324,1.80022058050924,-0.0339852912022334,0.2,27.0177989223064,2.45099627660699,-0.0071195689225604,27,4.13374685240982,4.31714122954756,3.65603295940476,5,-0.0494961128056642,9082.88487262411,8957.26757017135,9197.70036515682
1072.5,27.2427553925614,27.5768536321941,26.9650383341229,-0.0162833295086639,1.74854671883565,1.69124961994412,1.80024931297694,-0.0339852912022334,0.2,27.0176293677781,2.44911459528543,-0.0071195689225604,27,4.13392859342343,4.31742843470301,3.65632380625057,5,-0.0513967012611469,9082.9690087426,8957.34514377705,9197.76454355195
1073,27.2427553925614,27.5768536321941,26.9650383341229,-0.0166811321022301,1.74858455514213,1.69128504114691,1.80027802413287,-0.0339852912022334,0.2,27.0174646866933,2.44787146218053,-0.0071195689225604,27,4.13410962032789,4.31771464434767,3.65661364565482,5,-0.0526523253674792,9083.05251491559,8957.42229381814,9197.82867477257
1073.5,27.2427553925614,27.5768536321941,26.9650383341229,-0.0167222346244688,1.74862210370093,1.69132026811072,1.80030671095007,-0.0339852912022334,0.2,27.0173047246764,2.44774301679854,-0.0071195689225604,27,4.13428993592913,4.31799986193215,3.65690248110708,5,-0.0527820613686733,9083.135386741,8957.49902141492,9197.89275205647
1074,27.2427553925614,27.5768536321941,26.9650383341229,-0.0163414809771807,1.74865936171281,1.69135530138177,1.80033537048542,-0.0338623368477275,0.2,27.0171493325017,2.44893287194631,-0.00685973300068099,27,4.13446954302203,4.31828409089515,3.65719031608489,0,-0.0515802505563731,9083.21761802412,8957.5753277469,9197.95676882846
1074.5,27.2427553925614,27.5768536321941,26.9650383341229,-0.0157377460059683,1.74869632626699,1.69139014153172,1.80036399987775,-0.0338623368477275,0.2,27.0169983659166,2.45081954373135,-0.00685973300068099,27,4.13464844439054,4.31856733466342,3.6574771540537,0,-0.0496746214932385,9083.29920232396,8957.651214049,9198.02071869629
1075,27.2427553925614,27.5768536321941,26.9650383341229,-0.0151331205836856,1.74873299788621,1.69142478915561,1.80039259634599,-0.0338623368477275,0.2,27.0168516854724,2.45270899817598,-0.00685973300068099,27,4.13482664280762,4.31884959665186,3.65776299846697,0,-0.0477661818103451,9083.38014077773,8957.72668160724,9198.08459544645
1075.5,27.2427553925614,27.5768536321941,26.9650383341229,-0.0147112554102549,1.74876937984176,1.69145924487027,1.80042115718732,-0.0338623368477275,0.2,27.0167091563595,2.45402732684295,-0.00685973300068099,27,4.13500414103535,4.3191308802635,3.6580478527662,0,-0.0464346065769285,9083.46044058911,8957.80173175516,9198.14839304003
1076,27.2427553925614,27.5768536321941,26.9650383341229,-0.0146214281412796,1.74880547773876,1.69149350931279,1.80044967977541,-0.0337630075864617,0.2,27.0165706482499,2.4543080370585,-0.00662825929997126,27,4.13518094182498,4.3194111888896,3.65833172038096,0,-0.0461510757851349,9083.54011411341,8957.87636587055,9198.21210560884
1076.5,27.2427553925614,27.5768536321941,26.9650383341229,-0.0149559124360191,1.7488412982095,1.69152758313905,1.80047816155872,-0.0337630075864617,0.2,27.0164360351434,2.45326277363744,-0.00662825929997126,27,4.13535704791691,4.31969052590964,3.65861460472897,5,-0.0472068420130506,9083.61917597358,8957.95058537223,9198.2757274516
1077,27.2427553925614,27.5768536321941,26.9650383341229,-0.0155520946114453,1.74887684813765,1.69156146702223,1.80050660005873,-0.0337630075864617,0.2,27.0163051952205,2.45139970433923,-0.00662825929997126,27,4.13553246204082,4.31996889469143,3.65889650921607,5,-0.0490886314315659,9083.69764134802,8958.02439171674,9198.33925303004
1077.5,27.2427553925614,27.5768536321941,26.9650383341229,-0.0161737755011758,1.74891213142093,1.69159516165149,1.80053499286829,-0.0337630075864617,0.2,27.0161780106997,2.44945695155883,-0.00662825929997126,27,4.13570718691561,4.32024629859105,3.65917743723633,5,-0.0510509049919113,9083.7755188251,8958.09778639563,9198.40267696507
1078,27.2427553925614,27.5768536321941,26.9650383341229,-0.0166257107900051,1.74894714888436,1.6916286677307,1.80056333765,-0.033684307944128,0.2,27.0160543676997,2.44804465378123,-0.00642174707986953,27,4.13588122524954,4.32052274095299,3.65945739217206,5,-0.0524773935375722,9083.85281021146,8958.17077093254,9198.46599403335
1078.5,27.2427553925614,27.5768536321941,26.9650383341229,-0.016748768034235,1.74898189886554,1.69166198597727,1.80059163213456,-0.033684307944128,0.2,27.0159341561068,2.44766009989302,-0.00642174707986953,27,4.13605457974022,4.32079822511013,3.65973637739384,5,-0.0528658114232594,9083.92951182349,8958.24334688068,9198.52919916352
1079,27.2427553925614,27.5768536321941,26.9650383341229,-0.0164433052160194,1.74901637841411,1.69169511712087,1.80061987411918,-0.033684307944128,0.2,27.0158172694464,2.44861467119994,-0.00642174707986953,27,4.13622725307463,4.3210727543838,3.66001439626061,0,-0.0519016485838438,9084.00561713474,8958.31551582007,9198.59228743265
1079.5,27.2427553925614,27.5768536321941,26.9650383341229,-0.0158650893828126,1.74905058432787,1.69172806190257,1.80064806146611,-0.033684307944128,0.2,27.0157036047594,2.45042159567871,-0.00642174707986953,27,4.13639924792923,4.32134633208383,3.66029145211963,0,-0.0500765681279096,9084.08111906274,8958.38727935573,9198.65525406298
1080,27.2427553925614,27.5768536321941,26.9650383341229,-0.0152447830772769,1.74908451628013,1.69176082107381,1.80067619210112,-0.0336236332145798,0.2,27.0155930624821,2.45236005288351,-0.00623722499285151,27,4.13657056696995,4.32161896150854,3.66056754830659,0,-0.0481186333051168,9084.15601687207,8958.45863911529,9198.71809441851
1080.5,27.2427553925614,27.5768536321941,26.9650383341229,-0.0147733764061678,1.74911817690381,1.69179339539549,1.80070426401204,-0.0336236332145798,0.2,27.0154855463313,2.45383319873073,-0.00623722499285151,27,4.13674121285225,4.32189064594486,3.66084268814563,0,-0.0466306852884281,9084.2303163602,8958.52959674717,9198.78080400178
1081,27.2427553925614,27.5768536321941,26.9650383341229,-0.0146067311742881,1.74915157124187,1.69182578563728,1.80073227524733,-0.0336236332145798,0.2,27.0153809631924,2.45435396508035,-0.00623722499285151,27,4.13691118822114,4.32216138866831,3.66111687494937,0,-0.046104686278523,9084.30402864467,8958.6001539189,9198.84337845066
1081.5,27.2427553925614,27.5768536321941,26.9650383341229,-0.0148597102523365,1.74918470576875,1.6918579925768,1.80076022391475,-0.0336236332145798,0.2,27.015279223012,2.45356340546145,-0.00623722499285151,27,4.13708049571124,4.32243119294305,3.66139011201895,5,-0.046903189440475,9084.37716800324,8958.67031231548,9198.90581353537
1082,27.2427553925614,27.5768536321941,26.9650383341229,-0.015423888552947,1.74921758731128,1.69189001699885,1.80078810817996,-0.0335787179089948,0.2,27.0151802386936,2.45180034827204,-0.00607209547745242,27,4.13724913794684,4.32270006202194,3.66166240264407,5,-0.048683961828522,9084.44974949205,8958.74007363768,9198.96810515538
1082.5,27.2427553925614,27.5768536321941,26.9650383341229,-0.0160573164384479,1.7492502204044,1.69192185969469,1.80081592626511,-0.0335787179089948,0.2,27.0150839259979,2.44982088612985,-0.00607209547745242,27,4.1374171175419,4.32296799914655,3.66193375010306,5,-0.050683313606317,9084.52178310876,8958.80943960038,9199.03024933624
1083,27.2427553925614,27.5768536321941,26.9650383341229,-0.0165570305988591,1.74928260630002,1.69195352146141,1.80084367644763,-0.0335787179089948,0.2,27.014990203445,2.44825927937857,-0.00607209547745242,27,4.13758443710011,4.32323500754722,3.66220415766286,5,-0.0522606113822388,9084.59327160444,8958.87841193131,9199.09224222696
1083.5,27.2427553925614,27.5768536321941,26.9650383341229,-0.0167569872822094,1.74931474368193,1.69198500310121,1.8008713570589,-0.0335787179089948,0.2,27.0148989922218,2.4476344147431,-0.00607209547745242,27,4.13775109921493,4.3235010904431,3.66247362857914,5,-0.0528917546575656,9084.66421206137,8958.94699236938,9199.15408009686
1084,27.2427553925614,27.5768536321941,26.9650383341229,-0.0165343740042917,1.74934662957888,1.6920163054208,1.80089896648291,-0.0335475910304908,0.2,27.0148102160909,2.44833008123659,-0.00592408643634883,27,4.13791710646963,4.32376625104218,3.66274216609625,0,-0.0521890981071463,9084.73459790847,8959.0151826635,9199.21575933285
1084.5,27.2427553925614,27.5768536321941,26.9650383341229,-0.0159908747202717,1.74937826057612,1.69204742923084,1.80092650315517,-0.0335475910304908,0.2,27.0147238013036,2.45002851649915,-0.00592408643634883,27,4.13808246143733,4.32403049254131,3.66300977344731,0,-0.0504735969670654,9084.80442159561,8959.08298457123,9199.27727643671
1085,27.2427553925614,27.5768536321941,26.9650383341229,-0.0153625136594047,1.74940963550968,1.69207837534552,1.80095396556137,-0.0335475910304908,0.2,27.014639676516,2.45199214481436,-0.00592408643634883,27,4.13824716668105,4.32429381812629,3.66327645385426,0,-0.0484902381145451,9084.87368054099,8959.15039985791,9199.33862802237
1085.5,27.2427553925614,27.5768536321941,26.9650383341229,-0.0148477888140307,1.74944075636424,1.69210914458201,1.80098135223636,-0.0335475910304908,0.2,27.0145577727071,2.45360065995615,-0.00592408643634883,27,4.13841122475371,4.32455623097184,3.66354221052788,0,-0.0468655606126066,9084.94237911344,8959.21743029549,9199.39981081338
1086,27.2427553925614,27.5768536321941,26.9650383341229,-0.0146092855320269,1.74947162761441,1.69213973776015,1.80100866176291,-0.033528537270028,0.2,27.0144780231007,2.45434598271242,-0.00579120924028018,27,4.13857463819824,4.32481773424172,3.66380704666779,0,-0.0461127488532898,9085.01052717858,8959.28407766186,9199.4608216404
1086.5,27.2427553925614,27.5768536321941,26.9650383341229,-0.0147759039244912,1.74950225549099,1.69217015570203,1.80103589277064,-0.033528537270028,0.2,27.0144003630893,2.45382530023597,-0.00579120924028018,27,4.13873740954755,4.32507833108871,3.66407096546258,5,-0.0466386631472639,9085.0781384792,8959.35034373984,9199.5216574386
1087,27.2427553925614,27.5768536321941,26.9650383341229,-0.0152983203064392,1.74953264667668,1.69220039923167,1.80106304393501,-0.033528537270028,0.2,27.0143247301611,2.45219274904238,-0.00579120924028018,27,4.13889954132459,4.32533802465462,3.66433397008975,5,-0.0482876182152446,9085.14522775613,8959.4162303166,9199.58231524548
1087.5,27.2427553925614,27.5768536321941,26.9650383341229,-0.0159353909944068,1.7495628063351,1.69223046917449,1.80109011397604,-0.033528537270028,0.2,27.0142510638291,2.45020190314248,-0.00579120924028018,27,4.13906103604244,4.32559681807044,3.66459606371584,5,-0.0502984681347455,9085.21180639734,8959.48173918249,9199.6427921981
1088,27.2427553925614,27.5768536321941,26.9650383341229,-0.0164762542371844,1.74959273617087,1.69226036635709,1.80111710165745,-0.0335200633390951,0.2,27.0141793055628,2.4485117055088,-0.00567172222512369,27,4.13922189620426,4.32585471445625,3.66485724949636,5,-0.0520056488742488,9085.27787815516,8959.54687213043,9199.70308553105
1088.5,27.2427553925614,27.5768536321941,26.9650383341229,-0.0167478054423351,1.74962243523585,1.69229009160684,1.80114400578556,-0.0335200633390951,0.2,27.0141093987226,2.4476631079927,-0.00567172222512369,27,4.13938212430339,4.32611171692135,3.66511753057595,5,-0.0528627730981866,9085.34344092596,8959.61163095519,9199.76319257402
1089,27.2427553925614,27.5768536321941,26.9650383341229,-0.0166126424213482,1.74965190063399,1.69231964575152,1.80117082520824,-0.0335200633390951,0.2,27.0140412884956,2.44808549243329,-0.00567172222512369,27,4.13954172282337,4.32636782856424,3.66537691008832,0,-0.0524361445387435,9085.40848830598,8959.6760174525,9199.82311074948
1089.5,27.2427553925614,27.5768536321941,26.9650383341229,-0.0161133941369819,1.74968112884756,1.69234902961899,1.80119755881392,-0.0335200633390951,0.2,27.0139749218345,2.44964564332193,-0.00567172222512369,27,4.13970069423799,4.32662305247268,3.66563539115635,0,-0.0508603172539697,9085.47301251888,8959.74003341836,9199.88283757049
1090,27.2427553925614,27.5768536321941,26.9650383341229,-0.0154849043106405,1.74971011789606,1.69237824403706,1.80122420553072,-0.0335208687583268,0.2,27.0139102473983,2.45160967402925,-0.00556409895930869,27,4.13985904101131,4.32687739172375,3.66589297689207,0,-0.0488765519661058,9085.53700918183,8959.80368064875,9199.94237063871
1090.5,27.2427553925614,27.5768536321941,26.9650383341229,-0.0149333530781772,1.74973886910473,1.69240728983317,1.80125076432545,-0.0335208687583268,0.2,27.0138472154944,2.4533332716307,-0.00556409895930869,27,4.14001676559772,4.32713084938385,3.66614967039678,0,-0.0471356356559584,9085.6004812099,8959.86696093892,9200.00170764217
1091,27.2427553925614,27.5768536321941,26.9650383341229,-0.0146281945970917,1.74976738637245,1.69243616783422,1.80127723420271,-0.0335208687583268,0.2,27.0137857780239,2.45428689188409,-0.00556409895930869,27,4.14017387044196,4.32738342850875,3.66640547476099,0,-0.0461724334262601,9085.66343719996,8959.92987608309,9200.06084635334
1091.5,27.2427553925614,27.5768536321941,26.9650383341229,-0.0147066614473215,1.74979567562622,1.69246487886644,1.80130361420402,-0.0335208687583268,0.2,27.0137258884278,2.45404168297712,-0.00556409895930869,27,4.14033035797916,4.32763513214362,3.66666039306453,5,-0.0464201061923256,9085.72589022664,8959.99242787401,9200.11978462712
1092,27.2427553925614,27.5768536321941,26.9650383341229,-0.0151772028736318,1.74982374330245,1.69249342375524,1.801329903407,-0.0335298205118022,0.2,27.0136675016352,2.4525712410199,-0.00546700065408601,27,4.14048623063488,4.32788596332309,3.66691442837655,5,-0.0479053231503313,9085.78785448961,8960.05461810286,9200.17852039898
1092.5,27.2427553925614,27.5768536321941,26.9650383341229,-0.0158094967463788,1.74985159516624,1.69252180332487,1.80135610092438,-0.0335298205118022,0.2,27.0136105740139,2.45059532266757,-0.00546700065408601,27,4.14064149082516,4.32813592507127,3.66716758375559,5,-0.04990109553027,9085.8493427069,8960.11644855828,9200.23705168285
1093,27.2427553925614,27.5768536321941,26.9650383341229,-0.0163845973435156,1.74987923340108,1.69255001839833,1.80138220590331,-0.0335298205118022,0.2,27.0135550633216,2.44879813330151,-0.00546700065408601,27,4.14079614095654,4.32838502040179,3.66741986224956,5,-0.0517163430550725,9085.91035968983,8960.17792102634,9200.2953765695
1093.5,27.2427553925614,27.5768536321941,26.9650383341229,-0.0167221836651962,1.74990665744921,1.69257806979716,1.80140821752441,-0.0335298205118022,0.2,27.0135009286601,2.44774317604626,-0.00546700065408601,27,4.1409501834261,4.3286332523178,3.66767126689585,5,-0.0527819005208252,9085.97090419797,8960.23903728994,9200.35349322443
1094,27.2427553925614,27.5768536321941,26.9650383341229,-0.0166759931690419,1.74993386456002,1.69260595834125,1.80143413500099,-0.0335459310545794,0.2,27.0134481304299,2.44788752134674,-0.00537925217195436,27,4.14110362062152,4.3288806238121,3.6679218007213,0,-0.0526361048387638,9086.03097014973,8960.29979912856,9200.41139988621
1094.5,27.2427553925614,27.5768536321941,26.9650383341229,-0.0162308755324459,1.74996085123547,1.69263368484854,1.80145995757828,-0.0335459310545794,0.2,27.0133966302868,2.44927851396111,-0.00537925217195436,27,4.14125645492108,4.32912713786707,3.66817146674229,0,-0.0512311355306122,9086.09054981322,8960.36020831746,9200.46909486464
1095,27.2427553925614,27.5768536321941,26.9650383341229,-0.0156104897188648,1.74998761471734,1.69266125013514,1.80148568453264,-0.0335459310545794,0.2,27.0133463911002,2.45121721962855,-0.00537925217195436,27,4.14140868869371,4.32937279745477,3.66842026796473,0,-0.0492729497486248,9086.14963708986,8960.42026662801,9200.52657653907
1095.5,27.2427553925614,27.5768536321941,26.9650383341229,-0.0150288781755479,1.7500141556592,1.69268865501505,1.80151131517085,-0.0335459310545794,0.2,27.0132973769128,2.45303475570141,-0.00537925217195436,27,4.14156032429903,4.32961760553696,3.66866820738414,0,-0.0474371510732995,9086.20823341344,8960.47997582708,9200.5838433568
1096,27.2427553925614,27.5768536321941,26.9650383341229,-0.0146625149264732,1.75004047737567,1.69271590030016,1.80153684882935,-0.0335683392291841,0.2,27.0132495529009,2.45417964085477,-0.00529982116034518,27,4.14171136408743,4.32986156506512,3.66891528798564,0,-0.0462807621139199,9086.26634609288,8960.53933767701,9200.64089383136
1096.5,27.2427553925614,27.5768536321941,26.9650383341229,-0.0146542270667891,1.75006658544656,1.69274298680013,1.80156228487357,-0.0335683392291841,0.2,27.0132028853373,2.45420554041628,-0.00529982116034518,27,4.14186181040002,4.33010467898051,3.66916151274402,5,-0.046254602313613,9086.3239874385,8960.59835393537,9200.69772654104
1097,27.2427553925614,27.5768536321941,26.9650383341229,-0.0150624169355565,1.75009248596346,1.69276991532249,1.80158762269724,-0.0335683392291841,0.2,27.0131573415545,2.45292994707639,-0.00529982116034518,27,4.14201166556872,4.3303469502142,3.66940688462377,5,-0.0475430128153906,9086.38117089087,8960.65702635517,9200.75434012734
1097.5,27.2427553925614,27.5768536321941,26.9650383341229,-0.0156811914857636,1.75011818523713,1.69279668667228,1.80161286172166,-0.0335683392291841,0.2,27.0131128899096,2.45099627660699,-0.00529982116034518,27,4.1421609319163,4.33058838168708,3.66965140657912,5,-0.0494961128056642,9086.43791037484,8960.71535668409,9200.81073329338
1098,27.2427553925614,27.5768536321941,26.9650383341229,-0.0162833295086639,1.75014368595649,1.69282330165211,1.80163800139505,-0.0335962937055072,0.2,27.0130694997501,2.44911459528543,-0.00522779990005802,27,4.14230961175641,4.33082897630995,3.66989508155405,5,-0.0513967012611469,9086.4942118192,8960.77334666454,9200.86690480235
1098.5,27.2427553925614,27.5768536321941,26.9650383341229,-0.0166811321021659,1.75016898797681,1.69284976106204,1.80166304119191,-0.0335962937055072,0.2,27.0130271413815,2.44787146218073,-0.00522779990005802,27,4.14245770739356,4.33106873698349,3.67013791248235,5,-0.0526523253672764,9086.55007489664,8960.83099803355,9200.92285347621
1099,27.2427553925614,27.5768536321941,26.9650383341229,-0.0167222346244515,1.75019408874593,1.69287606569941,1.80168798061232,-0.0335962937055072,0.2,27.0129857860349,2.44774301679859,-0.00522779990005802,27,4.14260522112326,4.33130766659833,3.67037990228764,5,-0.0527820613686186,9086.60549396464,8960.88831252224,9200.97857819403
1099.5,27.2427553925614,27.5768536321941,26.9650383341229,-0.0163414809764511,1.75021898490306,1.69290221635872,1.80171281918131,-0.0335962937055072,0.2,27.012945405837,2.44893287194859,-0.00522779990005802,27,4.14275215523199,4.3315457680351,3.67062105388343,0,-0.0515802505540702,9086.66046159526,8960.94529185557,9201.03407789059
1100,27.2427553925614,27.5768536321941,26.9650383341229,-0.0157377460059683,1.75024367297932,1.69292821383166,1.80173755644827,-0.0336291386097187,0.2,27.01290597378,2.45081954373135,-0.00516238951200592,27,4.14289851199722,4.33178304416442,3.67086137017312,0,-0.0496746214932385,9086.71497012171,8961.00193775258,9201.08935155516
1100.5,27.2427553925614,27.5768536321941,26.9373006188969,-0.0151331205836856,1.75026815294316,1.69295405890703,1.80176219198638,-0.0336291386097187,0.2,27.0128674636933,2.45270899817598,-0.00516238951200592,27,4.14304429368749,4.33201949784697,3.67110085405007,0,-0.0477661818103451,9086.76901946652,8961.05825192601,9201.14439823013
1101,27.2427553925614,27.5768536321941,26.9373006188969,-0.014711255410255,1.75029242751519,1.69297975237074,1.80178672539198,-0.0336291386097187,0.2,27.0128298502159,2.45402732684295,-0.00516238951200592,27,4.14318950256243,4.33225513193353,3.6713395083976,0,-0.0464346065769289,9086.82261562874,8961.11423608235,9201.19921700959
1101.5,27.2427553925614,27.5768536321941,26.9373006188969,-0.0146214281412796,1.75031650175351,1.69300529500575,1.80181115628403,-0.0336291386097187,0.2,27.0127931087692,2.4543080370585,-0.00516238951200592,27,4.14333414087278,4.33248994926497,3.67157733608906,0,-0.0461510757851349,9086.87576976866,8961.16989192181,9201.25380703826
1102,27.2427553925614,27.5768536321941,26.9373006188969,-0.0149559124360191,1.75034038174678,1.69303068759219,1.80183548430359,-0.0336663010520155,0.2,27.0127572155321,2.45326277363744,-0.00510288621285895,27,4.14347821086045,4.33272395267234,3.67181433998783,5,-0.0472068420130506,9086.92849532237,8961.22522113848,9201.30816751016
1102.5,27.2427553925614,27.5768536321941,26.9373006188969,-0.0155520946114453,1.75036407383861,1.69305593090719,1.80185970911326,-0.0336663010520155,0.2,27.0127221474154,2.45139970433923,-0.00510288621285895,27,4.14362171475852,4.33295714497686,3.67205052294738,5,-0.0490886314315659,9086.98080628914,8961.28022541995,9201.36229766747
1103,27.2427553925614,27.5768536321941,26.9373006188969,-0.0161737755011758,1.75038758138972,1.69308102572482,1.8018838303966,-0.0336663010520155,0.2,27.0126878820378,2.44945695155883,-0.00510288621285895,27,4.14376465479131,4.33318952898998,3.67228588781131,5,-0.0510509049919113,9087.03271008253,8961.33490644728,9201.41619679923
1103.5,27.2427553925614,27.5768536321941,26.9373006188969,-0.0166257107900051,1.75041090469139,1.69310597281612,1.80190784785765,-0.0336663010520155,0.2,27.0126543977031,2.44804465378123,-0.00510288621285895,27,4.1439070331744,4.33342110751339,3.67252043741334,5,-0.0524773935375722,9087.08420733902,8961.38926589498,9201.46986424016
1104,27.2427553925614,27.5768536321941,26.9373006188969,-0.016748768034235,1.75043404155059,1.69313077294895,1.80193176122037,-0.0337072803017406,0.2,27.0126216733773,2.44766009989302,-0.00504866935091286,27,4.14404885211466,4.33365188333908,3.67275417457741,5,-0.0528658114232594,9087.13529320983,8961.44330543065,9201.52329936962
1104.5,27.2427553925614,27.5768536321941,26.9373006188969,-0.0164433052160194,1.75045698848962,1.69315542688794,1.80195557022814,-0.0337072803017406,0.2,27.0125896886671,2.44861467119994,-0.00504866935091286,27,4.1441901138103,4.33388185924937,3.67298710211764,0,-0.0519016485838438,9087.1859600096,8961.49702671495,9201.57650161023
1105,27.2427553925614,27.5768536321941,26.9373006188969,-0.0158650893828126,1.75047974178226,1.69317993539443,1.80197927464325,-0.0337072803017406,0.2,27.0125584237989,2.45042159567871,-0.00504866935091286,27,4.14433082045088,4.33411103801691,3.67321922283845,0,-0.0500765681279096,9087.23619950409,8961.55043140151,9201.62947042697
1105.5,27.2427553925614,27.5768536321941,26.9373006188969,-0.0152447830765981,1.75050230058126,1.6932042992266,1.80200287424649,-0.0337072803017406,0.2,27.0125278595987,2.45236005288563,-0.00504866935091286,27,4.14447097421734,4.33433942240478,3.67345053953449,0,-0.0481186333029741,9087.28600981578,8961.60352113704,9201.68220532616
1106,27.2427553925614,27.5768536321941,26.9373006188969,-0.0147733764079942,1.75052466700244,1.69322851913931,1.80202636883663,-0.033751638391351,0.2,27.0124979774722,2.45383319872502,-0.00499919098889876,27,4.14461057728209,4.33456701516645,3.67368105499077,0,-0.0466306852941929,9087.33539560979,8961.65629756113,9201.73470585423
1106.5,27.2427553925614,27.5768536321941,26.9373006188969,-0.0146067311742881,1.75054684557507,1.69325259588423,1.80204975822998,-0.033751638391351,0.2,27.0124687593865,2.45435396508035,-0.00499919098889876,27,4.14474963180899,4.33479381904585,3.67391077198265,0,-0.046104686278523,9087.38436688036,8961.70876230652,9201.78697159691
1107,27.2427553925614,27.5768536321941,26.9373006188969,-0.0148597102523364,1.75056884226318,1.6932765302099,1.80207304226003,-0.033751638391351,0.2,27.012440187851,2.45356340546145,-0.00499919098889876,27,4.14488813995338,4.33501983677741,3.67413969327586,5,-0.0469031894404746,9087.43293679007,8961.76091699913,9201.83900217821
1107.5,27.2427553925614,27.5768536321941,26.9373006188969,-0.015423888552947,1.75059066338642,1.69330032286163,1.8020962207769,-0.033751638391351,0.2,27.0124122459006,2.45180034827204,-0.00499919098889876,27,4.14502610386215,4.33524507108608,3.67436782162655,5,-0.048683961828522,9087.481119287,8961.81276325797,9201.89079725945
1108,27.2427553925614,27.5768536321941,26.9373006188969,-0.0160573164384479,1.7506123129756,1.69332397458146,1.80211929364701,-0.0337989919601434,0.2,27.012384917078,2.44982088612985,-0.00495396683120788,27,4.14516352567375,4.33546952468735,3.67459515978134,5,-0.050683313606317,9087.52892326569,8961.86430269493,9201.94235653828
1108.5,27.2427553925614,27.5768536321941,26.9373006188969,-0.0165570305988591,1.75063379178148,1.69334748610822,1.8021422607526,-0.0337989919601434,0.2,27.0123581854178,2.44825927937857,-0.00495396683120788,27,4.14530040751823,4.33569320028733,3.67482171047734,5,-0.0522606113822388,9087.57635037817,8961.91553691501,9201.99367974775
1109,27.2427553925614,27.5768536321941,26.9373006188969,-0.0167569872822094,1.75065509798967,1.69337085817737,1.8021651219913,-0.0337989919601434,0.2,27.01233203543,2.4476344147431,-0.00495396683120788,27,4.14543675151724,4.33591610058271,3.67504747644215,5,-0.0528917546575656,9087.62339661247,8961.96646751592,9202.04476665529
1109.5,27.2427553925614,27.5768536321941,26.9373006188969,-0.0165343740042917,1.75067622813379,1.69339409152102,1.80218787727574,-0.0337989919601434,0.2,27.0123064520851,2.44833008123659,-0.00495396683120788,27,4.14557255978414,4.33613822826085,3.67527246039393,0,-0.0521890981071463,9087.67005430877,8962.01709608814,9202.09561706192
1110,27.2427553925614,27.5768536321941,26.9373006188969,-0.0159908747202717,1.75069717830705,1.69341718686787,1.80221052653318,-0.0338490051731988,0.2,27.0122814207991,2.45002851649915,-0.00491256831962943,27,4.14570783442396,4.3363595859998,3.67549666504146,0,-0.0504735969670654,9087.71631483469,8962.06742421478,9202.14623080131
1110.5,27.2427553925614,27.5768536321941,26.9373006188969,-0.0153625136594047,1.75071794685673,1.69344014494327,1.80223306970509,-0.0338490051731988,0.2,27.0122569274189,2.45199214481436,-0.00491256831962943,27,4.14584257753347,4.33658017646834,3.67572009308409,0,-0.0484902381145451,9087.76217453501,8962.11745347172,9202.1966077389
1111,27.2427553925614,27.5768536321941,26.9373006188969,-0.0148477888140307,1.7507385352819,1.69346296646924,1.8022555067468,-0.0338490051731988,0.2,27.0122329582088,2.45360065995615,-0.00491256831962943,27,4.14597679120118,4.33680000232596,3.67594274721186,0,-0.0468655606126066,9087.80763671416,8962.16718542759,9202.24674777118
1111.5,27.2427553925614,27.5768536321941,26.9373006188969,-0.0146092855320269,1.75075894757484,1.69348565216447,1.80227783762717,-0.0338490051731988,0.2,27.012209499837,2.45434598271242,-0.00491256831962943,27,4.14611047750742,4.33701906622297,3.67616463010545,0,-0.0461127488532898,9087.852710182,8962.21662164393,9202.29665082482
1112,27.2427553925614,27.5768536321941,26.9373006188969,-0.0147759039256286,1.75077918948717,1.69350820274441,1.80230006232822,-0.0339013835733653,0.2,27.0121865393622,2.45382530023241,-0.004874615744869,27,4.14624363852433,4.33723737080048,3.67638574443629,5,-0.0466386631508541,9087.89740763358,8962.26576367517,9202.34631685595
1112.5,27.2427553925614,27.5768536321941,26.9373006188969,-0.0152983203064186,1.75079926722537,1.69353061892133,1.80232218084486,-0.0339013835733653,0.2,27.0121640642218,2.45219274904244,-0.004874615744869,27,4.14637627631592,4.33745491869043,3.67660609286655,5,-0.0482876182151795,9087.94174276864,8962.31461306894,9202.39574584949
1113,27.2427553925614,27.5768536321941,26.9373006188969,-0.0159353909935668,1.75081918547979,1.69355290140411,1.80234419318439,-0.0339013835733653,0.2,27.0121420622192,2.4502019031451,-0.004874615744869,27,4.14650839293807,4.33767171251566,3.67682567804916,5,-0.0502984681320941,9087.98572593929,8962.36317136551,9202.44493781814
1113.5,27.2427553925614,27.5768536321941,26.9373006188969,-0.0164762542371844,1.75083894548454,1.69357505089842,1.80236609936633,-0.0339013835733653,0.2,27.0121205215125,2.4485117055088,-0.004874615744869,27,4.14663999043862,4.33788775488992,3.67704450262789,5,-0.0520056488742488,9088.02935986584,8962.41144009823,9202.49389280182
1114,27.2427553925614,27.5768536321941,26.9373006188969,-0.0167478054423351,1.7508585458238,1.6935970681066,1.80238789942196,-0.0339558687425452,0.2,27.012099430603,2.4476631079927,-0.00483977224121617,27,4.14677107085731,4.33810304841787,3.67726256923732,5,-0.0528627730981866,9088.07264141708,8962.45942079326,9202.54261086686
1114.5,27.2427553925614,27.5768536321941,26.9373006188969,-0.0166126424213482,1.75087798313673,1.69361895372758,1.80240959339405,-0.0339558687425452,0.2,27.0120787783242,2.44808549243329,-0.00483977224121617,27,4.14690163622589,4.33831759569518,3.67747988050293,0,-0.0524361445387435,9088.11556316674,8962.50711496932,9202.59109210521
1115,27.2427553925614,27.5768536321941,26.9373006188969,-0.0161133941369819,1.7508972534436,1.69364070845691,1.80243118133653,-0.0339558687425452,0.2,27.0120585538314,2.44964564332193,-0.00483977224121617,27,4.14703168856816,4.33853139930849,3.67769643904108,0,-0.0508603172539697,9088.1581163218,8962.55452413793,9202.63933663378
1115.5,27.2427553925614,27.5768536321941,26.9373006188969,-0.0154849043106405,1.750916354305,1.69366233298681,1.80245266331418,-0.0339558687425452,0.2,27.0120387465915,2.45160967402925,-0.00483977224121617,27,4.14716122989991,4.3387444618355,3.67791224745911,0,-0.0488765519661058,9088.20029549052,8962.60164980332,9202.68734459381
1116,27.2427553925614,27.5768536321941,26.9373006188969,-0.0149333530781772,1.7509352865903,1.69368382800618,1.80247403940239,-0.0340122336650879,0.2,27.0120193463729,2.4533332716307,-0.00480773854914673,27,4.14729026222906,4.33895678584496,3.67812730835528,0,-0.0471356356559584,9088.24210258774,8962.64849346255,9202.73511615021
1116.5,27.2427553925614,27.5768536321941,26.9373006188969,-0.0146281945970917,1.75095405374553,1.69370519420059,1.80249530968679,-0.0340122336650879,0.2,27.0120003432362,2.45428689188409,-0.00480773854914673,27,4.1474187875556,4.33916837389672,3.67834162431889,0,-0.0461724334262601,9088.28354521829,8962.69505660554,9202.78265149083
1117,27.2427553925614,27.5768536321941,26.9373006188969,-0.0147066614473215,1.75097266124774,1.69372643225243,1.80251647426308,-0.0340122336650879,0.2,27.011981727525,2.45404168297712,-0.00480773854914673,27,4.14754680787168,4.33937922854175,3.67855519793024,5,-0.0464201061923256,9088.3246354722,8962.74134071527,9202.82995082601
1117.5,27.2427553925614,27.5768536321941,26.9373006188969,-0.0151772028736318,1.75099111508632,1.69374754284092,1.80253753323672,-0.0340122336650879,0.2,27.0119634898569,2.4525712410199,-0.00480773854914673,27,4.14767432516162,4.33958935232219,3.67876803176071,5,-0.0479053231503313,9088.36538657118,8962.78734726792,9202.87701438798
1118,27.2427553925614,27.5768536321941,26.9373006188969,-0.0158094967463788,1.7510094205821,1.69376852664202,1.80255848672263,-0.0340702787004261,0.2,27.0119456211146,2.45059532266757,-0.00477824844582955,27,4.14780134140196,4.33979874777137,3.67898012837277,5,-0.04990109553027,9088.40581026077,8962.83307773253,9202.92384243008
1118.5,27.2427553925614,27.5768536321941,26.9373006188969,-0.016384597343497,1.75102757947688,1.69378938432848,1.80257933484494,-0.0340702787004261,0.2,27.0119281124381,2.44879813330157,-0.00477824844582955,27,4.14792785856144,4.34000741741384,3.67919149032,5,-0.0517163430550138,9088.44591038323,8962.87853357129,9202.97043522629
1119,27.2427553925614,27.5768536321941,26.9373006188969,-0.0167221836644129,1.75104559077389,1.69381011656979,1.80260007773675,-0.0340702787004261,0.2,27.0119109552164,2.44774317604871,-0.00477824844582955,27,4.1480538786011,4.34021536376537,3.67940212014716,5,-0.0527819005183527,9088.48568473331,8962.92371623927,9203.01679307063
1119.5,27.2427553925614,27.5768536321941,26.9373006188969,-0.0166759931723955,1.75106345128617,1.69383072403217,1.80262071553979,-0.0340702787004261,0.2,27.0118941410796,2.44788752133626,-0.00477824844582955,27,4.14817940347425,4.34042258933304,3.6796120203902,0,-0.0526361048493491,9088.52512626913,8962.96862718455,9203.06291627646
1120,27.2427553925614,27.5768536321941,26.9373006188969,-0.0162308755324459,1.75108115708202,1.69385120737847,1.80264124840421,-0.0341298280842324,0.2,27.0118776618915,2.44927851396111,-0.00475106475660141,27,4.14830443512653,4.34062909661524,3.67982119357623,0,-0.0512311355306122,9088.5642263041,8963.01326784781,9203.10880517598
1120.5,27.2427553925614,27.5768536321941,26.9373006188969,-0.0156104897188648,1.75109870497239,1.69387156726832,1.80266167648839,-0.0341298280842324,0.2,27.0118615097423,2.45121721962855,-0.00475106475660141,27,4.14842897549594,4.34083488810167,3.68002964222368,0,-0.0492729497486248,9088.60297779152,8963.05763966283,9203.15446011978
1121,27.2427553925614,27.5768536321941,26.9373006188969,-0.0150288781755479,1.75111609518287,1.69389180435809,1.80268199995864,-0.0341298280842324,0.2,27.0118456769415,2.45303475570141,-0.00475106475660141,27,4.14855302651286,4.34103996627345,3.6802373688422,0,-0.0474371510732995,9088.64138122536,8963.10174405634,9203.1998814762
1121.5,27.2427553925614,27.5768536321941,26.9373006188969,-0.0146625149264732,1.75113333060294,1.69391191930091,1.80270221898896,-0.0341298280842324,0.2,27.0118301560113,2.45417964085477,-0.00475106475660141,27,4.14867659010008,4.34124433360306,3.6804443759328,0,-0.0462807621139199,9088.67944298235,8963.14558244802,9203.24506963082
1122,27.2427553925614,27.5768536321941,26.9373006188969,-0.0146542270667891,1.75115041639006,1.6939319127468,1.80272233376096,-0.0341907268880846,0.2,27.0118149396798,2.45420554041628,-0.00472597587192354,27,4.14879966817285,4.34144799255442,3.68065066598777,5,-0.046254602313613,9088.71717444797,8963.18915625082,9203.29002498622
1122.5,27.2427553925614,27.5768536321941,26.9373006188969,-0.0150624169355565,1.75116735821612,1.69395178534276,1.80274234446352,-0.0341907268880846,0.2,27.0118000208746,2.45292994707639,-0.00472597587192354,27,4.14892226263888,4.34165094558292,3.68085624149079,5,-0.0475430128153906,9088.7545881439,8963.23246687121,9203.33474796127
1123,27.2427553925614,27.5768536321941,26.9373006188969,-0.0156811914857636,1.75118416197491,1.69397153773253,1.80276225129259,-0.0341907268880846,0.2,27.011785392717,2.45099627660699,-0.00472597587192354,27,4.1490443753984,4.34185319513542,3.68106110491696,5,-0.0494961128056642,9088.79169708209,8963.27551570856,9203.3792389907
1123.5,27.2427553925614,27.5768536321941,26.9373006188969,-0.0162833295086639,1.75120082994076,1.69399117055682,1.80278205445107,-0.0341907268880846,0.2,27.0117710485155,2.44911459528543,-0.00472597587192354,27,4.14916600834416,4.34205474365031,3.68126525873278,5,-0.0513967012611469,9088.8285062816,8963.31830415568,9203.4234985247
1124,27.2427553925614,27.5768536321941,26.9373006188969,-0.0166811321021659,1.75121736155686,1.6940106844532,1.80280175414846,-0.0342528383772311,0.2,27.0117569817606,2.44787146218073,-0.00470279270424641,27,4.14928716336148,4.34225559355754,3.6814687053962,5,-0.0526523253672764,9088.86501450929,8963.3608335986,9203.46752702835
1124.5,27.2427553925614,27.5768536321941,26.9373006188969,-0.0167222346244515,1.75123375386149,1.69403008005607,1.80282135060075,-0.0342528383772311,0.2,27.0117431861189,2.44774301679859,-0.00470279270424641,27,4.14940784232826,4.34245574727861,3.68167144735668,5,-0.0527820613686186,9088.90121522104,8963.40310541647,9203.51132498117
1125,27.2427553925614,27.5768536321941,26.9373006188969,-0.0163414809764511,1.75125000308681,1.69404935799652,1.80284084403012,-0.0342528383772311,0.2,27.0117296554277,2.44893287194859,-0.00470279270424641,27,4.14952804711503,4.34265520722664,3.68187348705519,0,-0.0515802505540702,9088.93710009243,8963.4451209813,9203.55489287662
1125.5,27.2427553925614,27.5768536321941,26.9373006188969,-0.0157377460085364,1.75126610535952,1.69406851890261,1.80286023466488,-0.0342528383772311,0.2,27.01171638369,2.45081954372332,-0.00470279270424641,27,4.14964777958498,4.3428539758064,3.68207482692422,0,-0.0496746215013443,9088.97266056601,8963.48688165851,9203.59823122181
1126,27.2427553925614,27.5768536321941,26.9373006188969,-0.0151331205836611,1.75128206024629,1.69408756339918,1.80287952273915,-0.034316041713474,0.2,27.0117033650694,2.45270899817606,-0.00468134602776615,27,4.14976704159397,4.34305205541429,3.68227546938789,0,-0.0477661818102679,9089.00789568122,8963.52838880659,9203.64134053689
1126.5,27.2427553925614,27.5768536321941,26.9373006188969,-0.0147112554102547,1.75129787006866,1.694106492108,1.80289870849281,-0.034316041713474,0.2,27.0116905938851,2.45402732684295,-0.00468134602776615,27,4.14988583499056,4.34324944843845,3.68247541686186,0,-0.046434606576928,9089.04281056138,8963.56964377734,9203.68422135493
1127,27.2427553925614,27.5768536321941,26.9373006188969,-0.0146214281412797,1.75131353948828,1.69412530564777,1.80291779217123,-0.034316041713474,0.2,27.0116780646071,2.4543080370585,-0.00468134602776615,27,4.15000416161606,4.34344615725871,3.68267467175345,0,-0.0461510757851353,9089.07741549799,8963.61064791591,9203.7268742213
1127.5,27.2427553925614,27.5768536321941,26.9373006188969,-0.0149559124360191,1.75132907419991,1.69414400463431,1.8029367740252,-0.034316041713474,0.2,27.0116657718523,2.45326277363744,-0.00468134602776615,27,4.15012202330453,4.34364218424664,3.68287323646166,5,-0.0472068420130506,9089.11172306424,8963.65140256126,9203.76929969345
1128,27.2427553925614,27.5768536321941,26.9373006188969,-0.0155520946114451,1.75134448015574,1.69416258968036,1.80295565431069,-0.0343802299578364,0.2,27.0116537103789,2.45139970433923,-0.00466148415157903,27,4.15023942188284,4.34383753176564,3.68307111337714,5,-0.0490886314315654,9089.14574640209,8963.69190904561,9203.81149834052
1128.5,27.2427553925614,27.5768536321941,26.9373006188969,-0.0161737755011757,1.75135976032741,1.69418106139566,1.80297443328871,-0.0343802299578364,0.2,27.0116418750835,2.44945695155883,-0.00466148415157903,27,4.15035635917067,4.34403220217086,3.68326830488231,5,-0.0510509049919109,9089.17949207126,8963.7321686948,9203.85347074287
1129,27.2427553925614,27.5768536321941,26.9373006188969,-0.0166257107900051,1.75137491461943,1.694199420387,1.80299311122515,-0.0343802299578364,0.2,27.011630260996,2.44804465378123,-0.00466148415157903,27,4.15047283698055,4.34422619780932,3.68346481335128,5,-0.0524773935375722,9089.21295985794,8963.77218282816,9203.8952174918
1129.5,27.2427553925614,27.5768536321941,26.9373006188969,-0.016748768034235,1.75138994045439,1.69421766725813,1.80301168839055,-0.0343802299578364,0.2,27.0116188632757,2.44766009989302,-0.00466148415157903,27,4.15058885711789,4.34441952101989,3.68366064114997,5,-0.0528658114232594,9089.24614406703,8963.81195275846,9203.9367391891
1130,27.2427553925614,27.5768536321941,26.9373006188969,-0.0164433052160194,1.75140483397256,1.69423580260961,1.80303016506001,-0.0344453083332041,0.2,27.011607677208,2.44861467119994,-0.00464307088318492,27,4.15070442138103,4.34461217413336,3.68385579063613,0,-0.0519016485838438,9089.2790361714,8963.85147979166,9203.97803644669
1130.5,27.2427553925614,27.5768536321941,26.9373006188969,-0.0158650893828126,1.75141959106813,1.69425382703907,1.80304854151297,-0.0344453083332041,0.2,27.0115966982001,2.45042159567871,-0.00464307088318492,27,4.1508195315612,4.34480415947241,3.68405026415928,0,-0.0500765681279096,9089.31162710035,8963.89076522724,9204.01910988625
1131,27.2427553925614,27.5768536321941,26.9373006188969,-0.0152447830765981,1.75143421051671,1.69427174114108,1.80306681803312,-0.0344453083332041,0.2,27.0115859217776,2.45236005288563,-0.00464307088318492,27,4.15093418944262,4.34499547935168,3.68424406406085,0,-0.0481186333029741,9089.34391414677,8963.92981035811,9204.05996013902
1131.5,27.2427553925614,27.5768536321941,26.9373006188969,-0.0147733764079942,1.7514486940596,1.69428954550722,1.80308499490825,-0.0344453083332041,0.2,27.011575343581,2.45383319872502,-0.00464307088318492,27,4.15104839680248,4.34518613607779,3.68443719267414,0,-0.0466306852941929,9089.3759011532,8963.96861647074,9204.10058784538
1132,27.2427553925614,27.5768536321941,26.9373006188969,-0.0146067311742661,1.75146304585391,1.69430724072616,1.80310307243009,-0.034511192712845,0.2,27.0115649593624,2.45435396508042,-0.00462598374494974,27,4.15116215541103,4.34537613194936,3.68462965232438,0,-0.0461046862784535,9089.40759729772,8964.00718484523,9204.14099365457
1132.5,27.2427553925614,27.5768536321941,26.9373006188969,-0.0148597102514361,1.75147727149399,1.69432482738374,1.80312105089426,-0.034511192712845,0.2,27.0115547649818,2.45356340546426,-0.00462598374494974,27,4.15127546703152,4.34556546925703,3.68482144532873,5,-0.046903189437633,9089.43901493267,8964.04551675559,9204.18117822453
1133,27.2427553925614,27.5489763639313,26.9373006188969,-0.0154238885579441,1.75149137693213,1.69434230606292,1.80313893060007,-0.034511192712845,0.2,27.0115447564045,2.45180034825642,-0.00462598374494974,27,4.15138833342028,4.34575415028355,3.68501257399633,5,-0.0486839618442949,9089.47016720114,8964.08361346956,9204.2211422215
1133.5,27.2427553925614,27.5489763639313,26.9373006188969,-0.0160573164384479,1.75150536583404,1.69435967734382,1.80315671185039,-0.034511192712845,0.2,27.0107747165922,2.44982088612985,-0.00462598374494974,27,4.15150075632675,4.34594217730369,3.68520304062835,5,-0.050683313606317,9089.50106219641,8964.12147624876,9204.2608863197
1134,27.2427553925614,27.5489763639313,26.9373006188969,-0.0165570305988592,1.7515192385875,1.69437694180364,1.80317439495156,-0.0339801287611046,0.2,27.0100310821686,2.44825927937856,-0.00401243286744659,27,4.15161273749348,4.34612955258439,3.68539284751792,5,-0.0522606113822393,9089.53170077238,8964.15910634847,9204.3004112011
1134.5,27.2427553925614,27.5489763639313,26.9373006188969,-0.0167569872822094,1.75153299301741,1.69439410001673,1.80319198021318,-0.0339801287611046,0.2,27.0093129445523,2.4476344147431,-0.00401243286744659,27,4.15172427865619,4.34631627838468,3.6855819969503,5,-0.0528917546575656,9089.56207812276,8964.19650501781,9204.33971755505
1135,27.2427553925614,27.5489763639313,26.9373006188969,-0.0165343740042918,1.75154662529885,1.69441115255446,1.80320946794804,-0.0339801287611046,0.2,27.0086194264724,2.44833008123659,-0.00401243286744659,27,4.15183538154378,4.34650235695583,3.68577049120279,0,-0.0521890981071468,9089.59218579749,8964.2336734994,9204.37880607797
1135.5,27.2427553925614,27.5489763639313,26.9373006188969,-0.0159908747202715,1.75156013116879,1.69442809998527,1.80322685847195,-0.0339801287611046,0.2,27.0079496808885,2.45002851649915,-0.00401243286744659,27,4.15194604787835,4.34668779054122,3.68595833254484,0,-0.050473596967065,9089.62201437885,8964.27061302956,9204.41767747311
1136,27.2427553925614,27.5489763639313,26.9373006188969,-0.0153625136594047,1.75157350862059,1.69444494287474,1.80324415210368,-0.032962818475113,0.2,27.0073028899486,2.45199214481436,-0.00292115597945752,27,4.15205627937523,4.34687258137654,3.68614552323799,0,-0.0484902381145451,9089.65155943237,8964.30732483835,9204.45633245038
1136.5,27.2427553925614,27.5489763639313,26.9373006188969,-0.0148477888140307,1.75158675880177,1.69446168178556,1.80326134916481,-0.032962818475113,0.2,27.0066782639826,2.45360065995615,-0.00292115597945752,27,4.15216607774301,4.34705673168968,3.68633206553598,0,-0.0468655606126066,9089.68082348985,8964.34381014966,9204.49477172592
1137,27.2427553925614,27.5489763639313,26.9373006188969,-0.0146092855320269,1.7515998853554,1.69447831727763,1.80327844997963,-0.032962818475113,0.2,27.0060750405302,2.45434598271242,-0.00292115597945752,27,4.15227544468358,4.34724024370081,3.68651796168474,0,-0.0461127488532898,9089.7098145947,8964.38007018127,9204.53299602208
1137.5,27.2427553925614,27.5489763639313,26.9373006188969,-0.0147759039256287,1.75161289368612,1.69449484990814,1.80329545487512,-0.032962818475113,0.2,27.0054924834031,2.45382530023241,-0.00292115597945752,27,4.15238438189214,4.34742311962242,3.68670321392241,5,-0.0466386631508546,9089.73854468114,8964.41610614505,9204.57100606707
1138,27.2427553925614,27.5489763639313,26.9373006188969,-0.0152983203064186,1.75162578965569,1.69451128023156,1.80331236418074,-0.0320724331259861,0.2,27.0049298817785,2.45219274904244,-0.00197195271139066,27,4.1524928910572,4.34760536165932,3.68688782447939,5,-0.0482876182151795,9089.76702669305,8964.45191924706,9204.60880259488
1138.5,27.2427553925614,27.5489763639313,26.9373006188969,-0.0096487902540359,1.75143390417882,1.6945239565987,1.80332803680298,-0.0320724331259861,0.2,27.0043865493251,2.46984753045614,-0.00197195271139066,27,4.15260097386065,4.34778697200868,3.68707179557834,5,-0.0304554415578389,9089.34323759853,8964.47954995991,9204.6438349588
1139,27.2427553925614,27.5489763639313,26.9373006188969,-0.0101921314618501,1.75123841609439,1.69452921478479,1.80334126659998,-0.0320724331259861,0.2,27.0038618233585,2.46814958918172,-0.00197195271139066,27,4.15270863197782,4.34796795286006,3.68725512943423,5,-0.0321704437461836,9088.91151130595,8964.49101126643,9204.67340707605
1139.5,27.2427553925614,27.5489763639313,26.9373006188969,-0.0104707963139705,1.75104406055066,1.69452752992639,1.80335211446369,-0.0320724331259861,0.2,27.0033550640252,2.46727876151884,-0.00197195271139066,27,4.15281586707739,4.34814830639543,3.68743782825435,5,-0.0330500214854166,9088.48230553466,8964.48733876679,9204.69765500642
1140,27.2427553925614,27.5489763639313,26.9373006188969,-0.0103469958778531,1.750850826478,1.69451935054503,1.8033606406734,-0.0312920100709491,0.2,27.0028656535163,2.46766563788171,-0.00114626140651239,27,4.15292268082151,4.34832803478919,3.68761989423835,0,-0.0326592577888556,9088.05559550194,8964.46951012255,9204.71671345066
1140.5,27.2427553925614,27.5489763639313,26.9373006188969,-0.00985286109570922,1.75065870223695,1.69450509784601,1.80336690416578,-0.0312920100709491,0.2,27.0023929953068,2.46920980907591,-0.00114626140651239,27,4.15302907486581,4.34850714020821,3.68780132957828,0,-0.0310995707624966,9087.63135517313,8964.43844351323,9204.73071411799
1141,27.2427553925614,27.5489763639313,26.9373006188969,-0.00922320194919209,1.75046767761266,1.69448516737523,1.80337096256411,-0.0312920100709491,0.2,27.001936513422,2.47117749390877,-0.00114626140651239,27,4.15313505085938,4.34868562481183,3.68798213645857,0,-0.0291121146324299,9087.20956166572,8964.39500123497,9204.73978579073
1141.5,27.2427553925614,27.5489763639313,26.9373006188969,-0.00866671975569915,1.75027774579774,1.69445993057528,1.80337287220691,-0.0312920100709491,0.2,27.0014956517289,2.47291650076344,-0.00114626140651239,27,4.15324061044487,4.34886349075194,3.68816231705609,0,-0.0273556342368888,9086.79019962641,8964.33999308159,9204.74405438764
1142,27.2427553925614,27.5489763639313,26.9373006188969,-0.00835501410844856,1.75008890263595,1.69442973624761,1.8033726881759,-0.0306068389737959,0.2,27.001069873252,2.4738905809111,-0.000427949300805608,27,4.15334575525846,4.34904074017295,3.68834187354017,0,-0.026371766531907,9086.37325955969,8964.27417952243,9204.74364302572
1142.5,27.2427553925614,27.5489763639313,26.9373006188969,-0.00842709716165729,1.74990114607602,1.69439491192578,1.80337046432342,-0.0306068389737959,0.2,27.000658659513,2.47366532136982,-0.000427949300805608,27,4.1534504869299,4.34921737521183,3.68852080807262,5,-0.0265992894810551,9085.95873662071,8964.19827468813,9204.73867208084
1143,27.2427553925614,27.5489763639313,26.9373006188969,-0.00889272608540722,1.74971447466808,1.69435576516575,1.80336625329918,-0.0306068389737959,0.2,27.0002615098929,2.4722102309831,-0.000427949300805608,27,4.15355480708253,4.34939339799816,3.68869912280778,5,-0.0280690006159793,9085.54662729491,8964.11294917672,9204.72925924709
1143.5,27.2427553925614,27.5768536321941,26.9373006188969,-0.00952289716424829,1.74952888631844,1.69431258475761,1.80336010657648,-0.0306068389737959,0.2,26.9998779410163,2.47024094636172,-0.000427949300805608,27,4.15365871733332,4.34956881065412,3.68887681989251,5,-0.0300580726092333,9085.13692664886,8964.01883268937,9204.71551959474
1144,27.2427553925614,27.5768536321941,26.9373006188969,-0.0100996282680464,1.74934437542964,1.69426564186415,1.80335207447782,-0.0303082492974234,0.2,27.0002676992624,2.46843866166236,-0.000107079704942237,27,4.15376221929289,4.34974361529456,3.68905390146625,5,-0.0318784666652616,9084.72962201747,8963.91651650788,9204.69756562698
1144.5,27.2427553925614,27.5768536321941,26.9373006188969,-0.0104433528713515,1.74916093372198,1.69421519109017,1.80334220619997,-0.0303082492974234,0.2,27.0006438935223,2.46736452227703,-0.000107079704942237,27,4.15386531456551,4.34991781402697,3.68923036966102,5,-0.032963399003134,9084.32469481895,8963.80655582193,9204.67550733555
1145,27.2427553925614,27.5768536321941,26.9373006188969,-0.0104083183717133,1.74897855075299,1.69416147148715,1.80333054983851,-0.0303082492974234,0.2,27.0010069935096,2.4674740050884,-0.000107079704942237,27,4.15396800474918,4.35009140895155,3.68940622660146,0,-0.0328528161084757,9083.92212170258,8963.68947191598,9204.64945225502
1145.5,27.2427553925614,27.5768536321941,26.9373006188969,-0.00996991032783299,1.74879721540737,1.69410470749673,1.80331715241177,-0.0303082492974234,0.2,27.0013574527064,2.46884403022552,-0.000107079704942237,27,4.15407029143559,4.35026440216122,3.68958147440482,0,-0.0314690249587721,9083.52187783832,8963.56575422357,9204.61950551599
1146,27.2427553925614,27.5768536321941,26.9373006188969,-0.00934939707462917,1.74861691717151,1.6940451098375,1.80330205988441,-0.0308961049129373,0.2,27.0016957089239,2.47078313414178,-0.000678283569544647,27,4.15417217621019,4.35043679574166,3.68975611518107,0,-0.0295104369263595,9083.1239397299,8963.43586225839,9204.58576989732
1146.5,27.2427553925614,27.5768536321941,26.9373006188969,-0.00876342401671508,1.74843764903205,1.69398287633753,1.8032853171903,-0.0308961049129373,0.2,27.0020221848435,2.47261429994777,-0.000678283569544647,27,4.15427366065222,4.3506085917713,3.68993015103282,0,-0.0276608715663595,9082.72829161163,8963.30022742761,9204.54834587698
1147,27.2427553925614,27.5768536321941,26.9373006188969,-0.00839068146357874,1.74825940671232,1.69391819271676,1.80326696825508,-0.0308961049129373,0.2,27.0023372885391,2.47377912042632,-0.000678283569544647,27,4.15437474633467,4.35077979232136,3.69010358405544,0,-0.0264843469716399,9082.33492376153,8963.15925473621,9204.50733168203
1147.5,27.2427553925614,27.5768536321941,26.9373006188969,-0.0083758789311068,1.74808218827023,1.69385123332185,1.80324705601813,-0.0308961049129373,0.2,27.0026414139814,2.47382537834029,-0.000678283569544647,27,4.15447543482438,4.35095039945589,3.69027641633702,5,-0.0264376242581455,9081.94383161284,8963.013324388,9204.46282333746
1148,27.2705615659016,27.5768536321941,26.9373006188969,-0.0087787342823988,1.74790599237714,1.69378216181655,1.80322562245415,-0.031414872873615,0.2,27.0029349415248,2.4725664553675,-0.00117397660991827,27,4.15457572768203,4.3511204152318,3.69044864995841,5,-0.0277091968889636,9081.55501195476,8962.86279328998,9204.41491471411
1148.5,27.2705615659016,27.5768536321941,26.9373006188969,-0.00939474386033538,1.74773081793955,1.69371113182991,1.80320270859409,-0.031414872873615,0.2,27.0032187785125,2.47064142543645,-0.00117397660991827,27,4.15467562646216,4.35128984169885,3.69062028699327,5,-0.0296535695207626,9081.16846209757,8962.70799646489,9204.36369757514
1149,27.2705615659016,27.5768536321941,26.9373006188969,-0.00999769504149555,1.74755666032082,1.69363828756544,1.80317835454586,-0.031414872873615,0.2,27.0034937847758,2.46875720299533,-0.00117397660991827,27,4.1547751327132,4.35145868089971,3.69079132950806,5,-0.0315567246289765,9080.78417153543,8962.54924837904,9204.30926162207
1149.5,27.2705615659016,27.5768536321941,26.9373006188969,-0.0104006832284892,1.74738351210758,1.69356376437329,1.80315259951435,-0.031414872873615,0.2,27.0037602518114,2.46749786491097,-0.00117397660991827,27,4.15487424797752,4.35162693486995,3.69096177956211,5,-0.0328287165424034,9080.40212363922,8962.3868441893,9204.25169453936
1150,27.2705615659016,27.5768536321941,26.9373006188969,-0.0104519478318619,1.74721136353359,1.69348768928757,1.80312548182124,-0.03187705743305,0.2,27.0040184612143,2.46733766302543,-0.00160738448571323,27,4.1549729737914,4.35179460563812,3.69113163920758,5,-0.0329905281364889,9080.02229659269,8962.22106091473,9204.19108203823
1150.5,27.2705615659016,27.5768536321941,26.9373006188969,-0.0100798115460273,1.74704020401466,1.69341018153107,1.80309703892416,-0.03187705743305,0.2,27.0042686850185,2.46850058891866,-0.00160738448571323,27,4.15507131168509,4.35196169522569,3.69130091048954,0,-0.0318159171638806,9079.64466678004,8962.05215853673,9204.12750789953
1151,27.2705615659016,27.5768536321941,26.9373006188969,-0.00947709495590814,1.74687002286312,1.69333135298976,1.80306730743563,-0.03187705743305,0.2,27.0045111860261,2.47038407826279,-0.00160738448571323,27,4.15516926318284,4.35212820564716,3.691469595446,0,-0.0299135025188285,9079.26921036242,8961.88038103376,9204.06105401573
1151.5,27.2705615659016,27.5768536321941,26.9373006188969,-0.00886876594350852,1.74670081279222,1.69325130865806,1.80303632314151,-0.03187705743305,0.2,27.0047462181245,2.47228510642654,-0.00160738448571323,27,4.15526682980292,4.35229413891003,3.69163769610787,0,-0.0279933728240903,9078.89591100889,8961.70595735218,9203.99180043199
1152,27.2705615659016,27.5768536321941,26.9373006188969,-0.00844076446899507,1.74653256936753,1.69317014705745,1.80300412101902,-0.0322931686680583,0.2,27.0049740265933,2.47362261103439,-0.00198961063732384,27,4.15536401305758,4.35245949701486,3.69180521449904,0,-0.026642428969936,9078.52475868473,8961.52910231918,9203.91982538627
1152.5,27.2705615659016,27.5768536321941,26.9373006188969,-0.00834431338238559,1.74636529055973,1.69308796062949,1.80297073525449,-0.0322931686680583,0.2,27.0051948483999,2.47392402068005,-0.00198961063732384,27,4.15546081445319,4.35262428195526,3.6919721526364,0,-0.0263379907601619,9078.15574866366,8961.35001749983,9203.84520534883
1153,27.2705615659016,27.5768536321941,26.9373006188969,-0.00867312747483183,1.74619897546034,1.69300483610526,1.8029361992606,-0.0322931686680583,0.2,27.0054089124856,2.47289647664115,-0.00198961063732384,27,4.15555723549018,4.35278849571793,3.69213851252983,5,-0.0273758595615592,9077.788878694,8961.16889200283,9203.76801506068
1153.5,27.2705615659016,27.5768536321941,26.9373006188969,-0.00926594275176129,1.74603362345118,1.69292085485198,1.80290054569329,-0.0322931686680583,0.2,27.005616440041,2.47104392890075,-0.00198961063732384,27,4.15565327766307,4.35295214028268,3.69230429618229,5,-0.0292470217016593,9077.42414716608,8960.98590323651,9203.68832757112
1154,27.2705615659016,27.5768536321941,26.9373006188969,-0.00988765114661476,1.74586923099074,1.6928360931989,1.80286380646829,-0.0326691241507788,0.2,27.0058176447728,2.46910109016683,-0.00232705790912462,27,4.15574894246052,4.35311521762247,3.69246950558975,5,-0.0312093820791748,9077.06154602406,8960.80121761965,9203.6062142747
1154.5,27.2705615659016,27.5768536321941,26.9373006188969,-0.0166257107900051,1.7459105302651,1.69275427878725,1.80282715548095,-0.0326691241507788,0.2,27.0060127331604,2.44804465378123,-0.00232705790912462,27,4.15584423136534,4.35327772970342,3.69263414274131,5,-0.0524773935375722,9077.15263871092,8960.62295710554,9203.52429889181
1155,27.2705615659016,27.5768536321941,26.9373006188969,-0.016748768034235,1.74595615086019,1.69267913886617,1.80279182834763,-0.0326691241507788,0.2,27.0062019047042,2.44766009989302,-0.00232705790912462,27,4.15593914585451,4.35343967848483,3.69279820961914,5,-0.0528658114232594,9077.25326382871,8960.45924219141,9203.4453429995
1155.5,27.2705615659016,27.5768536321941,26.9373006188969,-0.0164433052160194,1.74600146465201,1.6926102617026,1.80275779426082,-0.0326691241507788,0.2,27.0063853521657,2.44861467119994,-0.00232705790912462,27,4.15603368739922,4.35360106591921,3.69296170819858,0,-0.0519016485838438,9077.35321328288,8960.30917506135,9203.369277671
1156,27.2705615659016,27.5768536321941,26.9373006188969,-0.0158650893828126,1.74604646854395,1.69254725836762,1.80272502238154,-0.0330100689115902,0.2,27.0065632617981,2.45042159567871,-0.00262530471923839,27,4.15612785746487,4.3537618939523,3.69312464044811,0,-0.0500765681279096,9077.45248022187,8960.17190770171,9203.2960339141
1156.5,27.2705615659016,27.5768536321941,26.9373006188969,-0.0152447830765981,1.74609116231431,1.69248976357534,1.80269348255385,-0.0330100689115902,0.2,27.0067358135701,2.45236005288563,-0.00262530471923839,27,4.15622165751108,4.35392216452309,3.69328700832941,0,-0.0481186333029741,9077.55106413531,8960.04664371285,9203.22554426773
1157,27.2705615659016,27.5768536321941,26.9373006188969,-0.0147733764079942,1.74613554870044,1.6924374342478,1.80266314528994,-0.0330100689115902,0.2,27.0069031813814,2.45383319872502,-0.00262530471923839,27,4.15631508899177,4.35408187956386,3.69344881379734,0,-0.0466306852941929,9077.64897104007,8959.9326351684,9203.15774276844
1157.5,27.2705615659016,27.5768536321941,26.9373006188969,-0.0146067311742661,1.74617963284925,1.69238994816695,1.80263398175563,-0.0330100689115902,0.2,27.0070655332709,2.45435396508042,-0.00262530471923839,27,4.15640815335513,4.35424104100019,3.6936100588,0,-0.0461046862784535,9077.7462122684,8959.82917966613,9203.0925649177
1158,27.2705615659016,27.5768536321941,26.9373006188969,-0.0148597102514361,1.74622342133869,1.69234700270866,1.80260596375604,-0.0333204769871251,0.2,27.0072230316175,2.45356340546426,-0.00288921264699127,27,4.15650085204366,4.35439965075099,3.69377074527874,5,-0.046903189437633,9077.84280230989,8959.73561755885,9203.02994764977
1158.5,27.2705615659016,27.5768536321941,26.9373006188969,-0.0154238885579441,1.74626692109894,1.69230831365339,1.80257906372174,-0.0333204769871251,0.2,27.0073758333344,2.45180034825642,-0.00288921264699127,27,4.15659318649421,4.35455771072852,3.69393087516819,5,-0.0486839618442949,9077.93875643177,8959.65132935405,9202.96982930035
1159,27.2705615659016,27.5768536321941,26.9373006188969,-0.0160573164384158,1.7463101367684,1.69227361406909,1.80255325469503,-0.0333204769871251,0.2,27.0075240900564,2.44982088612995,-0.00288921264699127,27,4.15668515813794,4.35471522283838,3.69409045039628,5,-0.0506833136062156,9078.03408484664,8959.57573327181,9202.91214957582
1159.5,27.2705615659016,27.5768536321941,26.9373006188969,-0.0165570305976847,1.74635306970265,1.6922426532619,1.80252851031662,-0.0333204769871251,0.2,27.0076679483203,2.44825927938224,-0.00288921264699127,27,4.15677676840044,4.35487218897961,3.69424947288425,5,-0.052260611378532,9078.12879052598,8959.50828295172,9202.85684952328
1160,27.2705615659016,27.5768536321941,26.9373006188969,-0.0167569872822094,1.74639571868932,1.69221519579064,1.80250480481258,-0.0336042395852267,0.2,27.0078075497402,2.4476344147431,-0.00312301989606851,27,4.15686801870167,4.35502861104464,3.6944079445467,5,-0.0528917546575656,9078.22287077685,8959.44846529963,9202.80387150114
1160.5,27.2705615659016,27.5768536321941,26.9373006188969,-0.0165343740042917,1.74643808086099,1.69219102054095,1.80248211298148,-0.0336042395852267,0.2,27.0079430311755,2.44833008123659,-0.00312301989606851,27,4.156958910456,4.35518449091933,3.69456586729158,0,-0.0521890981071463,9078.31631925533,8959.39579846507,9202.75315915026
1161,27.2705615659016,27.5768536321941,26.9373006188969,-0.0159908747202717,1.74648015290663,1.69216991985572,1.80246041018201,-0.0336042395852267,0.2,27.0080745248941,2.45002851649915,-0.00312301989606851,27,4.15704944507227,4.35533983048305,3.69472324302026,0,-0.0504735969670654,9078.40912863879,8959.34982994229,9202.70465736604
1161.5,27.2705615659016,27.5768536321941,26.9373006188969,-0.0153625136594047,1.74652193376549,1.69215169871848,1.80243967232066,-0.0336042395852267,0.2,27.0082021587291,2.45199214481436,-0.00312301989606851,27,4.15713962395378,4.35549463160862,3.6948800736275,0,-0.0484902381145451,9078.50129656857,8959.31013478695,9202.65831227081
1162,27.2705615659016,27.5768536321941,26.9373006188969,-0.0148477888140307,1.74656342552483,1.69213617398612,1.80241987583986,-0.0338647416320192,0.2,27.0083260562309,2.45360065995615,-0.00333042249236257,27,4.15722944849829,4.35564889616236,3.69503636100149,0,-0.0468655606126066,9078.59282763059,8959.27631394114,9202.61407118709
1162.5,27.2705615659016,27.5768536321941,26.9373006188969,-0.0146092855320269,1.74660463276141,1.69212317366837,1.80240099770622,-0.0338647416320192,0.2,27.0084463368135,2.45434598271242,-0.00333042249236257,27,4.15731892009808,4.35580262600415,3.69519210702391,0,-0.0461127488532898,9078.68373190298,8959.24799266055,9202.57188261124
1163,27.2705615659016,27.5768536321941,26.9373006188969,-0.0147759039256286,1.74664556180773,1.69211253625091,1.80238301539915,-0.0338647416320192,0.2,27.008563115896,2.45382530023241,-0.00333042249236257,27,4.15740804013998,4.3559558229874,3.6953473135699,5,-0.0466386631508541,9078.7740233377,8959.22481903726,9202.53169618787
1163.5,27.2705615659016,27.5768536321941,26.9373006188969,-0.0152983203064186,1.74668621944793,1.69210411005969,1.80236590689972,-0.0338647416320192,0.2,27.008676505039,2.45219274904244,-0.00333042249236257,27,4.15749681000535,4.35610848895911,3.69550198250811,5,-0.0482876182151795,9078.86371688368,8959.2064626125,9202.49346268473
1164,27.2705615659016,27.5768536321941,26.9373006188969,-0.0159353909935668,1.74672661094711,1.69209775266349,1.80234965067955,-0.0341049282334147,0.2,27.0087866120764,2.4502019031451,-0.00351464483054968,27,4.15758523107013,4.35626062575987,3.69565611570071,5,-0.0502984681320941,9078.95282413937,8959.19261307314,9202.45713396787
1164.5,27.2705615659016,27.5768536321941,26.9373006188969,-0.0164762542413538,1.74676673811157,1.6920933303131,1.80233422569026,-0.0341049282334147,0.2,27.008893541243,2.44851170549577,-0.00351464483054968,27,4.15767330470484,4.35641223522389,3.69580971500344,5,-0.0520056488874093,9079.04134907325,8959.18297902833,9202.42266297791
1165,27.2705615659016,27.5768536321941,26.9373006188969,-0.0167478054423056,1.74680660009505,1.69209071741422,1.80231961135289,-0.0341049282334147,0.2,27.0089973932972,2.4476631079928,-0.00351464483054968,27,4.15776103227464,4.35656331917904,3.69596278226558,5,-0.0528627730980933,9079.12928980213,8959.17728685962,9202.39000370624
1165.5,27.2705615659016,27.5768536321941,26.9373006188969,-0.0166126424202476,1.74684619410338,1.69208979603253,1.80230578754764,-0.0341049282334147,0.2,27.0090982656394,2.44808549243673,-0.00351464483054968,27,4.1578484151393,4.35671387944682,3.69611531933005,0,-0.0524361445352694,9079.21664014545,8959.17527964151,9202.35911117207
1166,27.2705615659016,27.5768536321941,26.9373006188969,-0.0161133941442417,1.74688551672056,1.69209045542864,1.80229273460388,-0.0343273623813403,0.2,27.0091962524272,2.44964564329924,-0.00367850097087228,27,4.15793545465327,4.35686391784246,3.69626732803333,0,-0.0508603172768844,9079.30339255067,8959.17671612738,9202.32994139986
1166.5,27.2705615659016,27.5768536321941,26.9373006188969,-0.0154849043105988,1.74692456606747,1.69209259162162,1.80228043329029,-0.0343273623813403,0.2,27.0092914446852,2.45160967402938,-0.00367850097087228,27,4.15802215216566,4.35701343617484,3.69641881020559,0,-0.0488765519659739,9079.38954285575,8959.1813697975,9202.30245139736
1167,27.2705615659016,27.5768536321941,26.9373006188969,-0.0149333530781772,1.74696334357011,1.69209610697856,1.80226886480533,-0.0343273623813403,0.2,27.0093839304125,2.4533332716307,-0.00367850097087228,27,4.15810850902028,4.35716243624663,3.69656976767065,0,-0.0471356356559584,9079.47509419044,8959.18902796431,9202.27659913414
1167.5,27.2705615659016,27.5768536321941,26.9373006188969,-0.0146281945970917,1.74700185322761,1.69210090982943,1.8022580107678,-0.0343273623813403,0.2,27.0094737946854,2.45428689188409,-0.00367850097087228,27,4.15819452655568,4.35731091985422,3.69672020224598,0,-0.0461724334262601,9079.56005536165,8959.19949093264,9202.25234352039
1168,27.2705615659016,27.5768536321941,26.9373006188969,-0.0147066614473215,1.74704010106675,1.69210691410514,1.80224785320777,-0.0345342750594533,0.2,27.0095611197572,2.45404168297712,-0.00382444790289753,27,4.15828020610513,4.35745888878778,3.69687011574279,5,-0.0464201061923256,9079.64443965023,8959.21257121064,9202.22964438655
1168.5,27.2705615659016,27.5768536321941,26.9373006188969,-0.0151772028736318,1.74707809362349,1.69211403899771,1.80223837455752,-0.0345342750594533,0.2,27.0096459851543,2.4525712410199,-0.00382444790289753,27,4.15836554899666,4.35760634483127,3.69701950996599,5,-0.0479053231503313,9079.72826146106,8959.22809276905,9202.20846246312
1169,27.2705615659016,27.5768536321941,26.9373006188969,-0.0158094967463788,1.7471158367624,1.69212220864065,1.80222955764274,-0.0345342750594533,0.2,27.0097284677686,2.45059532266757,-0.00382444790289753,27,4.15845055655309,4.35775328976246,3.69716838671426,5,-0.04990109553027,9079.81153371824,8959.24589034448,9202.18875936077
1169.5,27.2705615659016,27.5768536321941,26.9373006188969,-0.016384597343497,1.74715333276663,1.69213135180914,1.80222138567399,-0.0345342750594533,0.2,27.009808641948,2.44879813330157,-0.00382444790289753,27,4.15853523009206,4.35789972535298,3.69731674778004,5,-0.0517163430550138,9079.89426144474,8959.26580878593,9202.17049755123
1170,27.2705615659016,27.5768536321941,26.9373006188969,-0.0167221836644129,1.74719058117822,1.69214140163822,1.80221384223825,-0.0347276087505719,0.2,27.009886579582,2.44774317604871,-0.0039546318328064,27,4.158619570926,4.35804565336832,3.69746459494955,5,-0.0527819005183527,9079.97644361599,8959.28770244061,9202.15364034838
1170.5,27.2705615659016,27.5768536321941,26.9373006188969,-0.0166759931723955,1.74722757934647,1.69215229535799,1.80220691129064,-0.0347276087505719,0.2,27.009962350186,2.44788752133626,-0.0039546318328064,27,4.15870358036219,4.35819107556782,3.69761193000285,0,-0.0526361048493491,9080.05807436947,8959.31143457684,9202.13815188968
1171,27.2705615659016,27.5768536321941,26.9373006188969,-0.0162308755324189,1.74726432387305,1.69216397404497,1.80220057714641,-0.0347276087505719,0.2,27.0100360209814,2.44927851396119,-0.0039546318328064,27,4.1587872597028,4.35833599370474,3.69775875471382,0,-0.051231135530527,9080.13914619305,8959.3368768422,9202.12399711816
1171.5,27.2705615659016,27.5768536321941,26.9373006188969,-0.0156104897178341,1.7473008120992,1.69217638238867,1.80219482447308,-0.0347276087505719,0.2,27.010107656974,2.45121721963177,-0.0039546318328064,27,4.15887061024485,4.35848040952626,3.69790507085019,0,-0.0492729497453715,9080.21965320619,8959.36390875491,9202.11114176483
1172,27.2705615659016,27.5768536321941,26.9373006188969,-0.0150288781821286,1.74733704477739,1.69218946847218,1.80218963828269,-0.034909055216243,0.2,27.010177321029,2.45303475568085,-0.00407092841158203,27,4.15895363328028,4.35862432477351,3.69805088017357,0,-0.0474371510940706,9080.29959705483,8959.39241722564,9202.09955233134
1172.5,27.2705615659016,27.5768536321941,26.9373006188969,-0.0146625149264348,1.74737302532049,1.69220318356615,1.80218500392435,-0.034909055216243,0.2,27.0102450739433,2.45417964085489,-0.00407092841158203,27,4.15903633009595,4.35876774118159,3.69819618443947,0,-0.0462807621137988,9080.3789852551,8959.42229610872,9202.08919607319
1173,27.2705615659016,27.5768536321941,26.9373006188969,-0.0146542270654575,1.74740875940624,1.69221748193528,1.80218090707681,-0.034909055216243,0.2,27.0103109745165,2.45420554042045,-0.00407092841158203,27,4.15911870197366,4.35891066047956,3.69834098539732,5,-0.0462546023094101,9080.45783032072,8959.45344578046,9202.08004098324
1173.5,27.2705615659016,27.5768536321941,26.9373006188969,-0.0150624169355565,1.74744425322379,1.69223232065673,1.80217733374136,-0.034909055216243,0.2,27.0103750796177,2.45292994707639,-0.00407092841158203,27,4.1592007501902,4.35905308439051,3.69848528479049,5,-0.0475430128153906,9080.53614589438,8959.48577274341,9202.07205577558
1174,27.2705615659016,27.5768536321941,26.9373006188969,-0.0156811914857636,1.74747951318134,1.69224765944893,1.80217427023462,-0.0350800883035838,0.2,27.0104374442516,2.45099627660699,-0.00417497770062738,27,4.1592824760173,4.35919501463155,3.69862908435631,5,-0.0494961128056642,9080.6139461026,8959.51918925363,9202.06520986958
1174.5,27.2705615659016,27.5768536321941,26.9373006188969,-0.0162833295086639,1.74751454206539,1.69226346051148,1.80217170318178,-0.0350800883035838,0.2,27.010498121621,2.44911459528543,-0.00417497770062738,27,4.15936388072172,4.35933645291385,3.6987723858261,5,-0.0513967012611469,9080.6912370812,8959.55361297166,9202.05947337465
1175,27.2705615659016,27.5768536321941,26.9373006188969,-0.0166811321021659,1.74754933982895,1.69227968837433,1.80216961950979,-0.0350800883035838,0.2,27.0105571631886,2.44787146218073,-0.00417497770062738,27,4.15944496556524,4.35947740094263,3.69891519092517,5,-0.0526523253672764,9080.76801871411,8959.58896663405,9202.05481707494
1175.5,27.2705615659016,27.5768536321941,26.9373006188969,-0.0167222346244515,1.74758390401769,1.69229630975617,1.80216800644067,-0.0350800883035838,0.2,27.010614618735,2.44774301679859,-0.00417497770062738,27,4.15952573180468,4.35961786041721,3.69905750137285,5,-0.0527820613686186,9080.84428557346,8959.62517774487,9202.05121241449
1176,27.2705615659016,27.5768536321941,26.9373006188969,-0.0163414809764511,1.74761823136853,1.69231329343136,1.80216685148515,-0.0352419924352887,0.2,27.0106705364162,2.44893287194859,-0.00426821456646849,27,4.15960618069192,4.35975783303101,3.69919931888255,0,-0.0515802505540702,9080.92003044671,8959.66217828579,9202.04863148284
1176.5,27.2705615659016,27.5768536321941,26.9373006188969,-0.0157377460085364,1.74765231851007,1.69233061010525,1.8021661424363,-0.0352419924352887,0.2,27.0107249628183,2.45081954372332,-0.00426821456646849,27,4.15968631347391,4.35989732047159,3.69934064516169,0,-0.0496746215013443,9080.99524588223,8959.69990444454,9202.04704700085
1177,27.2705615659016,27.5768536321941,26.9373006188969,-0.0151331205836611,1.74768616550767,1.69234823229675,1.80216586736335,-0.0352419924352887,0.2,27.0107779430104,2.45270899817606,-0.00426821456646849,27,4.15976613139273,4.36003632442066,3.69948148191182,0,-0.0477661818102679,9081.06993201164,8959.73829635903,9202.04643230685
1177.5,27.2705615659016,27.5768536321941,26.9373006188969,-0.0147112554092909,1.74771977517829,1.69236613422817,1.80216601460569,-0.0352419924352887,0.2,27.0108295205962,2.45402732684597,-0.00426821456646849,27,4.15984563568555,4.3601748465541,3.69962183082857,0,-0.0464346065738859,9081.14409503851,8959.77729787742,9202.04676134312
1178,27.2705615659016,27.5768536321941,26.9373006188969,-0.0146214281470915,1.74775315267597,1.69238429172181,1.8021665727669,-0.0353958873518891,0.2,27.0108797377627,2.45430803704034,-0.00435189510509844,27,4.15992482758469,4.36031288854198,3.69976169360172,0,-0.0461510758034797,9081.2177463236,8959.81685633288,9202.04800864273
1178.5,27.2705615659016,27.5768536321941,26.9373006188969,-0.0149559124359837,1.74778630418498,1.69240268210282,1.80216753070909,-0.0353958873518891,0.2,27.010928635329,2.45326277363755,-0.00435189510509844,27,4.16000370831764,4.36045045204858,3.69990107191517,5,-0.0472068420129389,9081.29089950152,8959.85692233191,9202.05014931659
1179,27.2705615659016,27.5768536321941,26.9373006188969,-0.015552094610194,1.74781923614425,1.69242128410771,1.80216887754707,-0.0353958873518891,0.2,27.0109762527913,2.45139970434314,-0.00435189510509844,27,4.16008227910705,4.36058753873241,3.70003996744703,5,-0.0490886314276164,9081.36356876933,8959.89744955525,9202.05315904064
1179.5,27.2705615659016,27.5768536321941,26.9373006188969,-0.0161737755092904,1.74785195201005,1.69244007779864,1.802170602643,-0.0353958873518891,0.2,27.0110226283683,2.44945695153347,-0.00435189510509844,27,4.16016054117077,4.36072415024624,3.70017838186955,5,-0.0510509050175241,9081.43576174282,8959.93839457097,9202.05701404371
1180,27.2705615659016,27.5768536321941,26.9373006188969,-0.016625710790005,1.74788445216927,1.6924590444828,1.80217269560078,-0.0355427496004879,0.2,27.0110677990437,2.44804465378123,-0.00442711961747193,27,4.16023849572186,4.36086028823709,3.7003163168492,5,-0.0524773935375718,9081.50747926492,8959.97971665895,9202.06169109508
1180.5,27.2705615659016,27.5768536321941,26.9373006188969,-0.016748768034235,1.74791673452462,1.69247816663666,1.80217514626087,-0.0355427496004879,0.2,27.011111800608,2.44766009989302,-0.00442711961747193,27,4.16031614396863,4.36099595434631,3.70045377404669,5,-0.0528658114232594,9081.5787166968,8960.02137764599,9202.06716749278
1181,27.2705615659016,27.5768536321941,26.9373006188969,-0.0164433052160194,1.74794879569405,1.69249742783476,1.80217794469502,-0.0355427496004879,0.2,27.0111546676985,2.44861467119994,-0.00442711961747193,27,4.16039348711463,4.36113115020951,3.70059075511698,0,-0.0519016485838438,9081.64946656443,8960.06334175055,9202.07342105185
1181.5,27.2705615659016,27.5768536321941,26.9373006188969,-0.0158650893828126,1.74798063204679,1.69251681268305,1.80218108120121,-0.0355427496004879,0.2,27.0111964338381,2.45042159567871,-0.00442711961747193,27,4.16047052635867,4.36126587745668,3.70072726170928,0,-0.0500765681279096,9081.71972084485,8960.1055754376,9202.08043009309
1182,27.2705615659016,27.5768536321941,26.9373006188969,-0.0152447830765981,1.74801224283053,1.69253630675612,1.80218454629871,-0.0356834311987164,0.2,27.0112371314724,2.45236005288563,-0.004494852588968,27,4.16054726289489,4.36140013771211,3.70086329546711,0,-0.0481186333029741,9081.78947786687,8960.14804728195,9202.08817343186
1182.5,27.2705615659016,27.5768536321941,26.9373006188969,-0.0147733764079942,1.74804363025548,1.69255589653829,1.80218833072327,-0.0356834311987164,0.2,27.0112767920064,2.45383319872502,-0.004494852588968,27,4.16062369791268,4.36153393259452,3.70099885802827,0,-0.0466306852941929,9081.85874249705,8960.19072783993,9202.09663036736
1183,27.2427553925614,27.5768536321941,26.9373006188969,-0.0146067311742661,1.74807479894483,1.69257556936826,1.80219242542231,-0.0356834311987164,0.2,27.0113154458388,2.45435396508042,-0.004494852588968,27,4.1606998325968,4.36166726371697,3.7011339510249,0,-0.0461046862784535,9081.92752492705,8960.23358952881,9202.10578067195
1183.5,27.2427553925614,27.5768536321941,26.9373006188969,-0.0148597102514361,1.7481057549562,1.69259531338733,1.80219682155033,-0.0356834311987164,0.2,27.0113525822612,2.45356340546426,-0.004494852588968,27,4.16077566812734,4.36180013268694,3.7012685760835,5,-0.046903189437633,9081.99583851441,8960.276606514,9202.11560458082
1184,27.2427553925614,27.5768536321941,26.9373006188969,-0.0154238885579441,1.74813650470255,1.69261511749034,1.80220151046439,-0.0358178255585528,0.2,27.0113877244451,2.45180034825642,-0.00455508977805295,27,4.16085120567976,4.36193254110636,3.70140273482492,5,-0.0486839618442949,9082.06369740131,8960.31975460227,9202.12608278182
1184.5,27.2427553925614,27.5768536321941,26.9373006188969,-0.0160573164384158,1.74816705230808,1.6926349712799,1.80220648371959,-0.0358178255585528,0.2,27.0114209507341,2.44982088612995,-0.00455508977805295,27,4.16092644642488,4.36206449057156,3.70153642886439,5,-0.0506833136062156,9082.13111067945,8960.36301114197,9202.1371964055
1185,27.2427553925614,27.5768536321941,26.9373006188969,-0.0165570305976847,1.74819739861708,1.69265486502324,1.80221173306479,-0.0358178255585528,0.2,27.0114523366646,2.44825927938224,-0.00455508977805295,27,4.16100139152895,4.3621959826734,3.70166965981156,5,-0.052260611378532,9082.19808020261,8960.40635492914,9202.14892701534
1185.5,27.2427553925614,27.5768536321941,26.9373006188969,-0.0167569872900039,1.74822754190875,1.69267478961169,1.8022172504383,-0.0358178255585528,0.2,27.011481955063,2.44763441471874,-0.00455508977805295,27,4.16107604215363,4.36232701899718,3.70180242927051,5,-0.0528917546821682,9082.26460216385,8960.44976611917,9202.16125659831
1186,27.2427553925614,27.5768536321941,26.9373006188969,-0.0165343740042455,1.74825747881028,1.69269473652259,1.80222302796367,-0.0359419472139528,0.2,27.0115098761391,2.44833008123673,-0.00460395045562763,27,4.16115039945598,4.36245760112272,3.70193473883975,0,-0.0521890981070005,9082.33066911044,8960.49322614392,9202.17416755529
1186.5,27.2427553925614,27.5768536321941,26.9373006188969,-0.0159908747187707,1.74828720550827,1.69271469778358,1.80222905794573,-0.0359419472139528,0.2,27.0115361675772,2.45002851650384,-0.00460395045562763,27,4.16122446458857,4.36258773062436,3.70206659011225,0,-0.0504735969623278,9082.39627261716,8960.53671763388,9202.18764269231
1187,27.2427553925614,27.5768536321941,26.9373006188969,-0.0153625136594046,1.74831672044292,1.69273466593914,1.80223533286651,-0.0359419472139528,0.2,27.0115608946236,2.45199214481436,-0.00460395045562763,27,4.1612982386994,4.36271740907099,3.70219798467547,0,-0.0484902381145446,9082.46140923206,8960.5802243453,9202.20166521137
1187.5,27.2427553925614,27.5768536321941,26.9373006188969,-0.0148477888140307,1.74834602520572,1.692754634019,1.80224184538137,-0.0359419472139528,0.2,27.0115841201706,2.45360065995615,-0.00460395045562763,27,4.16137172293198,4.36284663802606,3.70232892411136,0,-0.0468655606126066,9082.52608245789,8960.62373109145,9202.2162187018
1188,27.2427553925614,27.5768536321941,26.9373006188969,-0.0146092855320269,1.74837512388086,1.69277459550865,1.80224858831527,-0.036056564220349,0.2,27.0116059048386,2.45434598271242,-0.00464236193544281,27,4.16144491842532,4.36297541904758,3.70245940999642,0,-0.0461127488532898,9082.5903012988,8960.66722367833,9202.23128713198
1188.5,27.2427553925614,27.5768536321941,26.9373006188969,-0.0147759039256286,1.7484040223115,1.69279454432158,1.80225555465896,-0.036056564220349,0.2,27.011626307055,2.45382530023241,-0.00464236193544281,27,4.16151782631394,4.3631037536882,3.70258944390165,5,-0.0466386631508541,9082.6540786412,8960.71068884419,9202.24685484071
1189,27.2427553925614,27.5768536321941,26.9373006188969,-0.0152983203064186,1.74843272679539,1.6928144747732,1.80226273756542,-0.036056564220349,0.2,27.0116453831301,2.45219274904244,-0.00464236193544281,27,4.16159044772794,4.36323164349516,3.70271902739263,5,-0.0482876182151795,9082.71742837516,8960.7541142028,9202.26290652934
1189.5,27.2427553925614,27.5768536321941,26.9373006188969,-0.0159353909935668,1.74846124211414,1.69283438155617,1.80227013034625,-0.036056564220349,0.2,27.0116631873309,2.4502019031451,-0.00464236193544281,27,4.16166278379293,4.36335909001033,3.70284816202953,5,-0.0502984681320941,9082.78036104515,8960.79748818964,9202.27942725364
1190,27.2427553925614,27.5768536321941,26.9373006188969,-0.0164762542413538,1.74848956959323,1.69285425971745,1.80227772646813,-0.036163111192085,0.2,27.0116797719519,2.44851170549577,-0.00467190878074888,27,4.16173483563013,4.36348609477027,3.70297684936709,5,-0.0520056488874093,9082.84287956821,8960.840800012,9202.2964024159
1190.5,27.2427553925614,27.5768536321941,26.9373006188969,-0.0167478054423056,1.74851770790836,1.6928741046366,1.80228551954953,-0.036163111192085,0.2,27.0116951873839,2.4476631079928,-0.00467190878074888,27,4.16180660435635,4.36361265930617,3.70310509095467,5,-0.0528627730980933,9082.90498101343,8960.88403960163,9202.31381775761
1191,27.2427553925614,27.5768536321941,26.9373006188969,-0.0166126424202476,1.74854565379009,1.69289391200534,1.80229350335714,-0.036163111192085,0.2,27.0117094821804,2.44808549243673,-0.00467190878074888,27,4.16187809108402,4.36373878514394,3.70323288833627,0,-0.0524361445352694,9082.96665815694,8960.9271975703,9202.33165935144
1191.5,27.2427553925614,27.5768536321941,26.9373006188969,-0.0161133941442417,1.74857340335,1.69291367780845,1.8023016718028,-0.036163111192085,0.2,27.0117227031213,2.44964564329924,-0.00467190878074888,27,4.16194929692116,4.36386447380422,3.70336024305055,0,-0.0508603172768844,9083.02790240862,8960.9702651681,9202.34991359438
1192,27.2427553925614,27.5768536321941,26.9373006188969,-0.0154849043105988,1.74860095423961,1.69293339830596,1.80231001894025,-0.0362628240620353,0.2,27.0117348952749,2.45160967402938,-0.00469395810996218,27,4.16202022297149,4.36398972680233,3.70348715663082,0,-0.0488765519659739,9083.08870857687,8961.01323424475,9202.36856720045
1192.5,27.2427553925614,27.5768536321941,26.9373006188969,-0.0149333530767623,1.74862830741866,1.6929530700162,1.80231853896195,-0.0362628240620353,0.2,27.0117461020578,2.45333327163512,-0.00469395810996218,27,4.16209087033436,4.36411454564837,3.7036136306051,0,-0.0471356356514926,9083.14907877154,8961.05609721267,9202.38760719368
1193,27.2427553925614,27.5768536321941,26.9373006188969,-0.0146281946048259,1.74865546642308,1.69297268970009,1.80232722619607,-0.0362628240620353,0.2,27.0117563652921,2.45428689185992,-0.00469395810996218,27,4.16216124010481,4.36423893184719,3.7037396664961,0,-0.0461724334506725,9083.20902078845,8961.09884701262,9202.40702090129
1193.5,27.2427553925614,27.5768536321941,26.9373006188969,-0.0147066614473215,1.74868243681943,1.69299225434624,1.80233607510357,-0.0362628240620353,0.2,27.0117657252616,2.45404168297712,-0.00469395810996218,27,4.16223133337357,4.36436288689845,3.70386526582125,5,-0.0464201061923256,9083.26854690546,8961.14147708151,9202.42679594719
1194,27.2427553925614,27.5768536321941,26.9373006188969,-0.0151772028736318,1.74870922468631,1.69301176115719,1.80234508027524,-0.036356766599944,0.2,27.0117742207651,2.4525712410199,-0.00470968830605756,27,4.16230115122709,4.36448641229658,3.70399043009277,5,-0.0479053231503313,9083.32767053093,8961.18398132215,9202.44692024538
1194.5,27.2427553925614,27.5768536321941,26.9373006188969,-0.0158094967463788,1.74873583543368,1.69303120753601,1.80235423642878,-0.036356766599944,0.2,27.0117818891689,2.45059532266757,-0.00470968830605756,27,4.16237069474755,4.36460950953085,3.70411516081757,5,-0.04990109553027,9083.38640359783,8961.22635407428,9202.46738199338
1195,27.2427553925614,27.5768536321941,26.9373006188969,-0.016384597343497,1.74876227089259,1.69305059107419,1.80236353840604,-0.036356766599944,0.2,27.0117887664564,2.44879813330157,-0.00470968830605756,27,4.16243996501288,4.36473218008535,3.7042394594974,5,-0.0517163430550138,9083.44475014032,8961.26859008802,9202.48816966614
1195.5,27.2427553925614,27.5768536321941,26.9373006188969,-0.0167221836644129,1.74878853015558,1.6930699095399,1.8023729811703,-0.036356766599944,0.2,27.0117948872769,2.44774317604871,-0.00470968830605756,27,4.16250896309677,4.36485442543906,3.70436332762879,5,-0.0527819005183527,9083.50270814843,8961.3106844985,9202.50927200989
1196,27.2427553925614,27.5768536321941,26.9373006188969,-0.0166759931723955,1.74881461012504,1.69308916086713,1.80238255980354,-0.0364458534536887,0.2,27.0118002849923,2.44788752133626,-0.00472011399691468,27,4.1625776900687,4.36497624706579,3.70448676670307,0,-0.0526361048493491,9083.56027077811,8961.35263280196,9202.53067803603
1196.5,27.2427553925614,27.5768536321941,26.9373006188969,-0.0162308755324189,1.74884050695844,1.69310834314536,1.80239226950377,-0.0364458534536887,0.2,27.0118049917223,2.44927851396119,-0.00472011399691468,27,4.16264614699393,4.36509764643428,3.70460977820642,0,-0.051231135530527,9083.61742954107,8961.3944308335,9202.55237701526
1197,27.2427553925614,27.5768536321941,26.9373006188969,-0.0156104897178341,1.74886621755562,1.6931274546102,1.80240210558256,-0.0364458534536887,0.2,27.0118090383879,2.45121721963177,-0.00472011399691468,27,4.16271433493356,4.36521862500815,3.70473236361988,0,-0.0492729497453715,9083.67417758742,8961.43607474647,9202.5743584719
1197.5,27.2427553925614,27.5768536321941,26.9373006188969,-0.0150288781821286,1.74889174223054,1.69314649363419,1.80241206346248,-0.0364458534536887,0.2,27.0118124547538,2.45303475568085,-0.00472011399691468,27,4.1627822549445,4.36533918424595,3.70485452441933,0,-0.0474371510940706,9083.73051560276,8961.47756099258,9202.59661217836
1198,27.2427553925614,27.5768536321941,26.9373006188969,-0.0146625149264348,1.74891708396052,1.69316545871848,1.80242213867466,-0.0365308701652793,0.2,27.0118152694688,2.45417964085489,-0.00472610778750209,27,4.16284990807951,4.36545932560121,3.70497626207558,0,-0.0462807621137988,9083.78645015144,8961.51888630377,9202.61912814951
1198.5,27.2427553925614,27.5768536321941,26.9373006188969,-0.0146542270654575,1.7489422479905,1.69318434848491,1.80243232685643,-0.0365308701652793,0.2,27.0118175101052,2.45420554042045,-0.00472610778750209,27,4.16291729538722,4.36557905052237,3.70509757805431,5,-0.0462546023094101,9083.84199280313,8961.56004767482,9202.64189663752
1199,27.2427553925614,27.5768536321941,26.9373006188969,-0.015062416943689,1.74896724007955,1.69320316166868,1.80244262374897,-0.0365308701652793,0.2,27.011819203197,2.45292994705097,-0.00472610778750209,27,4.16298441791213,4.36569836045289,3.70521847381612,5,-0.0475430128410598,9083.89715626271,8961.60104234757,9202.6649081266
1199.5,27.2427553925614,27.5768536321941,26.9373006188969,-0.0156811914857086,1.74899206620843,1.69322189711111,1.80245302519501,-0.0365308701652793,0.2,27.011820374276,2.45099627660716,-0.00472610778750209,27,4.16305127669465,4.36581725683121,3.70533895081659,5,-0.0494961128054906,9083.9519537246,8961.64186779504,9202.68815332775
1200,27.2427553925614,27.5768536321941,26.9373006188969,-0.0162833295086638,1.74901672873859,1.6932405537532,1.80246352713656,-0.0366124905548482,0.2,27.0118210479076,2.44911459528543,-0.00472841916303821,27,4.16311787277111,4.36593574109079,3.70545901050624,5,-0.0513967012611464,9084.00639039488,8961.68252170738,9202.71162317384
1200.5,27.2427553925614,27.5768536321941,26.9373006188969,-0.0166811321021659,1.74904122720039,1.69325913062937,1.80247412561273,-0.0366124905548482,0.2,27.0118212477249,2.44787146218073,-0.00472841916303821,27,4.16318420717372,4.3660538146601,3.70557865433053,5,-0.0526523253672764,9084.06046523075,8961.72300197834,9202.73530881466
1201,27.2427553925614,27.5768536321941,26.9373006188969,-0.0167222346244515,1.74906555871931,1.69327762686163,1.80248481675751,-0.0366124905548482,0.2,27.0118209964616,2.44774301679859,-0.00472841916303821,27,4.16325028093069,4.36617147896267,3.70569788372997,5,-0.0527820613686186,9084.11417188113,8961.76330669247,9202.75920161195
1201.5,27.2427553925614,27.5768536321941,26.9373006188969,-0.0163414809764511,1.74908971961459,1.69329604165395,1.80249559679775,-0.0366124905548482,0.2,27.0118203159837,2.44893287194859,-0.00472841916303821,27,4.16331609506616,4.36628873541712,3.70581670014005,0,-0.0515802505540702,9084.16750221526,8961.8034341129,9202.78329313487
1202,27.2427553925614,27.5768536321941,26.9373006188969,-0.0157377460085364,1.74911370609976,1.69331437428738,1.80250646205101,-0.036691291815206,0.2,27.0118192273208,2.45081954372332,-0.00472769092831698,27,4.16338165060026,4.36640558543713,3.70593510499128,0,-0.0496746215013443,9084.22044786885,8961.84338267075,9202.80757515532
1202.5,27.2427553925614,27.5768536321941,26.9373006188969,-0.0151331205836611,1.74913751782782,1.69333262411512,1.80251740892362,-0.036691291815206,0.2,27.0118177506951,2.45270899817606,-0.00472769092831698,27,4.16344694854909,4.36652203043148,3.70605309970924,0,-0.0477661818102679,9084.27300806958,8961.88315095427,9202.83203964344
1203,27.2427553925614,27.5768536321941,26.9373006188969,-0.0147112554092909,1.74916115720615,1.69335079055802,1.8025284339087,-0.036691291815206,0.2,27.0118159055505,2.45402732684597,-0.00472769092831698,27,4.16351198992477,4.36663807180406,3.70617068571455,0,-0.0464346065738859,9084.32518812499,8961.92273769918,9202.8566787633
1203.5,27.2427553925614,27.5768536321941,26.9373006188969,-0.0146214281470915,1.74918462898181,1.69336887310042,1.80253953358423,-0.036691291815206,0.2,27.0118137105802,2.45430803704034,-0.00472769092831698,27,4.16357677573546,4.36675371095393,3.70628786442292,0,-0.0461510758034797,9084.37699850726,8961.96214177951,9202.8814848685
1204,27.2427553925614,27.5768536321941,26.9373006188969,-0.0149559124359837,1.74920793893469,1.69338687128627,1.80255070461123,-0.0367677676148794,0.2,27.0118111837536,2.45326277363755,-0.00472447350142886,27,4.16364130698533,4.36686894927525,3.70640463724514,5,-0.0472068420129389,9084.42845196871,8962.00136219919,9202.90645049824
1204.5,27.2427553925614,27.5768536321941,26.9373006188969,-0.015552094610194,1.74923109310184,1.69340478471529,1.80256194373187,-0.0367677676148794,0.2,27.0118083423415,2.45139970434314,-0.00472447350142886,27,4.16370558467464,4.36698378815739,3.70652100558715,5,-0.0490886314276164,9084.47956182963,8962.04039808364,9202.9315683729
1205,27.2427553925614,27.5768536321941,26.9373006188969,-0.0161737755092904,1.74925409453988,1.69342261303937,1.80257324776763,-0.0367677676148794,0.2,27.0118052029418,2.44945695153347,-0.00472447350142886,27,4.16376960979967,4.36709822898487,3.70663697084999,5,-0.0510509050175241,9084.53033483163,8962.07924867204,9202.95683139013
1205.5,27.2427553925614,27.5768536321941,26.9373006188969,-0.0166257107899547,1.74927694323838,1.6934403559594,1.80258461361763,-0.0367677676148794,0.2,27.0118017815031,2.44804465378139,-0.00472447350142886,27,4.16383338335282,4.36721227313744,3.70675253442985,5,-0.052477393537413,9084.58077094631,8962.11791331028,9202.98223262101
1206,27.2427553925614,27.5768536321941,26.9373006188969,-0.0167487680326444,1.74929963670495,1.69345801322204,1.8025960382568,-0.0368423394696293,0.2,27.0117980933479,2.44766009989799,-0.00471923733917237,27,4.16389690632258,4.36732592199005,3.70686769771808,5,-0.0528658114182388,9084.63086466661,8962.15639144399,9203.00776530592
1206.5,27.2427553925614,27.5768536321941,26.9373006188969,-0.0164433052211545,1.74932217116488,1.69347558461668,1.8026075187342,-0.0368423394696293,0.2,27.0117941531954,2.44861467118389,-0.00471923733917237,27,4.16396017969358,4.36743917691288,3.70698246210124,0,-0.0519016486000522,9084.68060765472,8962.19468261198,9203.03342285091
1207,27.2427553925614,27.5768536321941,26.9373006188969,-0.0158650893828126,1.74934454259705,1.69349306997287,1.8026190521714,-0.0368423394696293,0.2,27.0117899751825,2.45042159567871,-0.00471923733917237,27,4.16402320444654,4.3675520392714,3.70709682896105,0,-0.0500765681279096,9084.72999102882,8962.23278644053,9203.059198824
1207.5,27.2427553925614,27.5768536321941,26.9373006188969,-0.0152447830765981,1.74936674986145,1.6935104691577,1.80263063576086,-0.0368423394696293,0.2,27.0117855728854,2.45236005288563,-0.00471923733917237,27,4.16408598155836,4.36766451042628,3.70721079967447,0,-0.0481186333029741,9084.77901226678,8962.27070263774,9203.08508695156
1208,27.2427553925614,27.5768536321941,26.9373006188969,-0.0147733764079942,1.74938879478313,1.69352778207338,1.80264226676434,-0.0369153666077828,0.2,27.0117809593394,2.45383319872502,-0.00471238373575886,27,4.16414851200207,4.36777659173354,3.70732437561367,0,-0.0466306852941929,9084.82767539176,8962.30843098825,9203.11108111479
1208.5,27.2427553925614,27.5768536321941,26.9373006188969,-0.0146067311742661,1.74941068160262,1.69354500865507,1.80265394251137,-0.0369153666077828,0.2,27.0117761470583,2.45435396508042,-0.00471238373575886,27,4.16421079674692,4.36788828454445,3.70743755814608,0,-0.0461046862784535,9084.87598975912,8962.34597134852,9203.13717534629
1209,27.2427553925614,27.5768536321941,26.9373006188969,-0.0148597102514361,1.74943241599731,1.69356214886883,1.80266566039783,-0.0369153666077828,0.2,27.0117711480535,2.45356340546426,-0.00471238373575886,27,4.16427283675831,4.36799959020562,3.7075503486344,5,-0.046903189437633,9084.92396789627,8962.38332364236,9203.16336382688
1209.5,27.2427553925614,27.5768536321941,26.9373006188969,-0.0154238885579441,1.74945400400231,1.69357920270956,1.80267741788434,-0.0369153666077828,0.2,27.0117659738518,2.45180034825642,-0.00471238373575886,27,4.16433463299787,4.368110510059,3.70766274843659,5,-0.0486839618442949,9084.97162312062,8962.4204878564,9203.18964088201
1210,27.2427553925614,27.5768536321941,26.9373006188969,-0.0160573164384158,1.74947544936616,1.69359617019907,1.80268921249491,-0.0369871545267699,0.2,27.0117606355133,2.44982088612995,-0.00470425420532194,27,4.16439618642344,4.36822104544187,3.70777475890592,5,-0.0506833136062156,9085.01896370223,8962.45746403599,9203.21600097875
1210.5,27.2427553925614,27.5768536321941,26.9373006188969,-0.0165570305976847,1.74949675255953,1.69361305138437,1.80270104181548,-0.0369871545267699,0.2,27.0117551436479,2.44825927938224,-0.00470425420532194,27,4.16445749798911,4.36833119768688,3.70788638139098,5,-0.052260611378532,9085.06599067543,8962.49425228138,9203.24243872248
1211,27.2427553925614,27.5768536321941,26.9373006188969,-0.0167569872900039,1.74951791149027,1.69362984633597,1.80271290349252,-0.0369871545267699,0.2,27.0117495084319,2.44763441471874,-0.00470425420532194,27,4.1645185686452,4.36844096812206,3.70799761723566,5,-0.0528917546821682,9085.11269941709,8962.53085274401,9203.26894885388
1211.5,27.2427553925614,27.5768536321941,26.9373006188969,-0.0165343740042455,1.74953892241632,1.69364655514619,1.80272479523167,-0.0369871545267699,0.2,27.0117437396237,2.44833008123673,-0.00470425420532194,27,4.16457939933831,4.36855035807085,3.70810846777923,0,-0.0521890981070005,9085.15908166182,8962.56726562292,9203.29552624576
1212,27.2427553925614,27.5768536321941,26.9373006188969,-0.0159908747187707,1.74955978115734,1.69366317792778,1.80273671479644,-0.0370579624113461,0.2,27.0117378465791,2.45002851650384,-0.00469513863162803,27,4.16463999101133,4.36865936885209,3.70821893435629,0,-0.0504735969623278,9085.20512817659,8962.60349116164,9203.3221659002
1212.5,27.2427553925614,27.5768536321941,26.9373006188969,-0.0153625136661945,1.74958048578893,1.69367971481258,1.80274866000684,-0.0370579624113461,0.2,27.0117318382656,2.45199214479314,-0.00469513863162803,27,4.16470034460342,4.36876800178004,3.70832901829683,0,-0.0484902381359764,9085.25083470828,8962.63952964535,9203.34886294555
1213,27.2427553925614,27.5768536321941,26.9373006188969,-0.0148477888139651,1.74960103754045,1.69369616595021,1.80276062873825,-0.0370579624113461,0.2,27.011725723277,2.45360065995636,-0.00469513863162803,27,4.16476046105007,4.36887625816443,3.70843872092626,0,-0.0468655606123994,9085.2962039659,8962.675381398,9203.37561263381
1213.5,27.2427553925614,27.5768536321941,26.9373006188969,-0.0146092855320271,1.7496214401363,1.69371253150692,1.80277261892006,-0.0370579624113461,0.2,27.0117195098469,2.45434598271242,-0.00469513863162803,27,4.1648203412831,4.36898413931042,3.70854804356534,0,-0.0461127488532902,9085.34124416656,8962.71104677976,9203.40241033769
1214,27.2427553925614,27.5768536321941,26.9373006188969,-0.0147759039256286,1.74964169906215,1.69372881166455,1.80278462853457,-0.0371280095629523,0.2,27.011713205862,2.45382530023241,-0.00468528234478214,27,4.16487998623064,4.36909164651868,3.70865698753032,5,-0.0466386631508541,9085.38596741569,8962.74652618481,9203.42925154805
1214.5,27.2427553925614,27.5768536321941,26.9373006188969,-0.0152983203064186,1.7496618202605,1.69374500661945,1.80279665561582,-0.0371280095629523,0.2,27.0117068188744,2.45219274904244,-0.00468528234478214,27,4.1649393968172,4.36919878108535,3.70876555413283,5,-0.0482876182151795,9085.43038682749,8962.78182003896,9203.45613187135
1215,27.2427553925614,27.5768536321941,26.9373006188969,-0.0159353909935668,1.74968180815981,1.6937611165814,1.80280869824827,-0.0371280095629523,0.2,27.0117003561145,2.4502019031451,-0.00468528234478214,27,4.16499857396363,4.36930554430207,3.70887374468001,5,-0.0502984681320941,9085.47451217399,8962.81692879736,9203.48304702675
1215.5,27.2427553925614,27.5768536321941,26.9373006188969,-0.0164762542413538,1.74970166373439,1.69377714177272,1.80282075456586,-0.0371280095629523,0.2,27.0116938245027,2.44851170549577,-0.00468528234478214,27,4.16505751858719,4.36941193745602,3.70898156047444,5,-0.0520056488874093,9085.51834560203,8962.8518529424,9203.50999284385
1216,27.2427553925614,27.5768536321941,26.9373006188969,-0.0167478054423056,1.74972138531075,1.69379308242733,1.80283282275075,-0.0371974809696738,0.2,27.0116872306603,2.4476631079928,-0.00467489226411004,27,4.16511623160153,4.3695179618299,3.7090890028142,5,-0.0528627730980933,9085.56188341315,8962.88659298188,9203.53696526005
1216.5,27.2427553925614,27.5768536321941,26.9373006188969,-0.0166126424202476,1.74974096927237,1.69380893878986,1.80284490103229,-0.0371974809696738,0.2,27.0116805809213,2.44808549243673,-0.00467489226411004,27,4.1651747139167,4.36962361870199,3.70919607299286,0,-0.0524361445352694,9085.60511761933,8962.92114944689,9203.56396031814
1217,27.2427553925614,27.5768536321941,26.9373006188969,-0.0161133941442417,1.74976041138585,1.69382471111483,1.80285698768591,-0.0371974809696738,0.2,27.0116738813428,2.44964564329924,-0.00467489226411004,27,4.16523296643918,4.36972890934613,3.70930277229952,0,-0.0508603172768844,9085.64803887059,8962.95552289012,9203.59097416386
1217.5,27.2427553925614,27.5768536321941,26.9373006188969,-0.0154849043105988,1.74977970895989,1.69384039966606,1.8028690810321,-0.0371974809696738,0.2,27.0116671377149,2.45160967402938,-0.00467489226411004,27,4.16529099007189,4.36983383503172,3.70940910201882,0,-0.0488765519659739,9085.69064122122,8962.98971388452,9203.61800304366
1218,27.2427553925614,27.5768536321941,26.9373006188969,-0.0149333530767623,1.74979886261375,1.69385600471591,1.80288117943543,-0.0372665321294683,0.2,27.0116603555712,2.45333327163512,-0.00466414222848641,27,4.16534878571419,4.3699383970238,3.70951506343096,0,-0.0471356356514926,9085.73292603407,8963.0237230217,9203.64504330239
1218.5,27.2427553925614,27.5768536321941,26.9373006188969,-0.0146281946048259,1.74981787554511,1.69387152654467,1.80289328130357,-0.0372665321294683,0.2,27.0116535401981,2.45428689185992,-0.00466414222848641,27,4.16540635426193,4.37004259658298,3.70962065781166,0,-0.0461724334506725,9085.77490036439,8963.05755091056,9203.67209138124
1219,27.2427553925614,27.5768536321941,26.9373006188969,-0.0147066614472612,1.74983675298444,1.69388696544005,1.80290538508623,-0.0372665321294683,0.2,27.0116466966439,2.45404168297731,-0.00466414222848641,27,4.16546369660741,4.37014643496555,3.70972588643228,5,-0.0464201061921354,9085.81657575528,8963.09119817621,9203.69914381535
1219.5,27.2427553925614,27.5768536321941,26.9373006188969,-0.0151772028718561,1.74985550067633,1.69390232169672,1.80291748927442,-0.0372665321294683,0.2,27.011639829728,2.45257124102545,-0.00466414222848641,27,4.16552081363944,4.37024991342341,3.70983075055973,5,-0.0479053231447266,9085.85796488519,8963.12466545888,9203.72619723204
1220,27.2427553925614,27.5768536321941,26.9373006188969,-0.0158094967463788,1.74987412369877,1.69391759561554,1.8029295923993,-0.0373352932250235,0.2,27.0116329440493,2.45059532266757,-0.00465317761971988,27,4.16557770624336,4.37035303320414,3.70993525145655,5,-0.04990109553027,9085.89907896105,8963.15795341241,9203.75324834839
1220.5,27.2427553925614,27.5768536321941,26.9373006188969,-0.016384597343497,1.74989262355269,1.69393278750321,1.80294169303139,-0.0373352932250235,0.2,27.0116260439947,2.44879813330157,-0.00465317761971988,27,4.16563437530098,4.37045579555098,3.71003939038092,5,-0.0517163430550138,9085.93992129297,8963.19106270332,9203.78029396942
1221,27.2427553925614,27.5768536321941,26.9373006188969,-0.0167221836644129,1.74991099900245,1.69394789767177,1.80295378977965,-0.0373352932250235,0.2,27.0116191337468,2.44774317604871,-0.00465317761971988,27,4.16569082169068,4.37055820170286,3.71014316858663,5,-0.0527819005183527,9085.98048914948,8963.22399400978,9203.807330986
1221.5,27.2427553925614,27.5768536321941,26.9373006188969,-0.0166759931723955,1.74992924662412,1.693962926438,1.80296588129054,-0.0373352932250235,0.2,27.011612217292,2.44788752133626,-0.00465317761971988,27,4.1657470462874,4.37066025289443,3.71024658732316,0,-0.0526361048493491,9086.02077496796,8963.25674802036,9203.83435637281
1222,27.2427553925614,27.5768536321941,26.9373006188969,-0.0162308755324189,1.74994736225085,1.69397787412303,1.80297796624726,-0.037403872735478,0.2,27.0116052984275,2.44927851396119,-0.00464211937098895,27,4.1658030499626,4.37076195035606,3.71034964783564,0,-0.051231135530527,9086.06076954552,8963.28932543312,9203.86136718656
1222.5,27.2427553925614,27.5768536321941,26.9373006188969,-0.0156104897178341,1.74996534246022,1.69399274105208,1.80299004336878,-0.037403872735478,0.2,27.0115983807689,2.45121721963177,-0.00464211937098895,27,4.16585883358436,4.37086329531384,3.71045235136489,0,-0.0492729497453715,9086.10046532261,8963.32172695497,9203.88836056397
1223,27.2427553925614,27.5768536321941,26.9373006188969,-0.0150288781821286,1.74998318724605,1.69400752755398,1.80300211140924,-0.037403872735478,0.2,27.0115914677568,2.45303475568085,-0.00464211937098895,27,4.16591439801731,4.37096428898963,3.71055469914744,0,-0.0474371510940706,9086.13986228186,8963.35395330082,9203.91533372023
1223.5,27.2427553925614,27.5768536321941,26.9373006188969,-0.0146625149264348,1.75000089926765,1.69402223396091,1.80301416915695,-0.037403872735478,0.2,27.011584562664,2.45417964085489,-0.00464211937098895,27,4.16596974412271,4.37106493260103,3.71065669241554,0,-0.0462807621137988,9086.17896629072,8963.38600519288,9203.94228394696
1224,27.2427553925614,27.5768536321941,26.9373006188969,-0.0146542270654575,1.75001848345399,1.69403686060816,1.80302621543373,-0.0374723605591392,0.2,27.0115776686011,2.45420554042045,-0.00463106744045945,27,4.16602487275844,4.37116522736144,3.71075833239715,5,-0.0462546023094101,9086.21778822769,8963.41788336007,9203.96920861059
1224.5,27.2427553925614,27.5768536321941,26.9373006188969,-0.015062416943689,1.75003594525018,1.69405140783393,1.80303824909422,-0.0374723605591392,0.2,27.0115707885237,2.45292994705097,-0.00463106744045945,27,4.16607978477897,4.37126517448006,3.710859620316,5,-0.0475430128410598,9086.25634011094,8963.44958853776,9203.9961051509
1225,27.2427553925614,27.5768536321941,26.9373006188969,-0.0156811914857086,1.7500532903249,1.6940658759788,1.803050269025,-0.0374723605591392,0.2,27.0115639252375,2.45099627660716,-0.00463106744045945,27,4.16613448103546,4.37136477516186,3.71096055739158,5,-0.0494961128054906,9086.29463445255,8963.48112146654,9204.02297107901
1225.5,27.2427553925614,27.5768536321941,26.9373006188969,-0.0162833295069815,1.75007052072934,1.6940802653857,1.80306227414392,-0.0374723605591392,0.2,27.0115570814048,2.44911459529068,-0.00463106744045945,27,4.1661889623757,4.37146403060768,3.71106114483913,5,-0.0513967012558365,9086.332675778,8963.51248289205,9204.04980397594
1226,27.2427553925614,27.5768536321941,26.9373006188969,-0.0166811321049695,1.75008763568534,1.6940945763995,1.80307426339939,-0.037540830712107,0.2,27.0115502595496,2.44787146217197,-0.00462010381985465,27,4.16624322964414,4.37156294201417,3.71116138386971,5,-0.0526523253761259,9086.37046236625,8963.54367356423,9204.07660149098
1226.5,27.2427553925614,27.5768536321941,26.9373006188969,-0.0167222346243734,1.75010463201166,1.69410880936676,1.80308623576963,-0.037540830712107,0.2,27.0115434620633,2.44774301679883,-0.00462010381985465,27,4.16629728368194,4.37166151057385,3.71126127569019,5,-0.0527820613683723,9086.40798719064,8963.57469423676,9204.10336134002
1227,27.2427553925614,27.5768536321941,26.9373006188969,-0.0163414809764511,1.75012150572267,1.69412296463543,1.80309819026199,-0.037540830712107,0.2,27.0115366912095,2.44893287194859,-0.00462010381985465,27,4.16635112532695,4.37175973747508,3.71136082150322,0,-0.0515802505540702,9086.4452414485,8963.60554566628,9204.130081304
1227.5,27.2427553925614,27.5768536321941,26.9373006188969,-0.0157377460085364,1.75013825272894,1.69413704255478,1.80311012591234,-0.037540830712107,0.2,27.0115299491295,2.45081954372332,-0.00462010381985465,27,4.1664047554137,4.37185762390211,3.71146002250731,0,-0.0496746215013443,9086.48221610783,8963.63622861242,9204.15675922764
1228,27.2427553925614,27.5768536321941,26.9373006188969,-0.0151331205836611,1.7501548723825,1.69415104347513,1.80312204178434,-0.0376093436585521,0.2,27.0115232378468,2.45270899817606,-0.00460929513873225,27,4.16645817477347,4.37195517103512,3.71155887989682,0,-0.0477661818102679,9086.51890973479,8963.66674383706,9204.18339301769
1228.5,27.2427553925614,27.5768536321941,26.9373006188969,-0.0147112554092909,1.75017136679178,1.69416496774773,1.80313393696885,-0.0376093436585521,0.2,27.0115165592718,2.45402732684597,-0.00460929513873225,27,4.16651138423425,4.37205238005015,3.71165739486198,0,-0.0464346065738859,9086.55532698121,8963.69709210411,9204.20998064176
1229,27.2427553925614,27.5768536321941,26.9373006188969,-0.0146214281470915,1.7501877404068,1.69417881572466,1.80314581058335,-0.0376093436585521,0.2,27.0115099152062,2.45430803704034,-0.00460929513873225,27,4.1665643846208,4.37214925211919,3.71175556858887,0,-0.0461510758034797,9086.591477669,8963.72727417938,9204.23652012683
1229.5,27.2427553925614,27.5768536321941,26.9373006188969,-0.0149559124359838,1.75020399871232,1.69419258775875,1.8031576617713,-0.0376093436585521,0.2,27.0115033073477,2.45326277363755,-0.00460929513873225,27,4.16661717675462,4.37224578841017,3.7118534022595,5,-0.0472068420129394,9086.62737390478,8963.75729083027,9204.26300955803
1230,27.2427553925614,27.5768536321941,26.9373006188969,-0.0155520946101939,1.75022014745206,1.69420628420333,1.80316948970155,-0.0376779483217007,0.2,27.0114967372935,2.45139970434314,-0.004598694917388,27,4.16666976145401,4.37234199008696,3.71195089705175,5,-0.049088631427616,9086.66302836716,8963.7871428253,9204.28944707714
1230.5,27.2427553925614,27.5768536321941,26.9373006188969,-0.0161737755092905,1.75023618939101,1.69421990541212,1.80318129356776,-0.0376779483217007,0.2,27.011490206545,2.44945695153347,-0.004598694917388,27,4.16672213953402,4.3724378583094,3.71204805413944,5,-0.0510509050175245,9086.6984471582,8963.81683093388,9204.31583088145
1231,27.2427553925614,27.5768536321941,26.9373006188969,-0.0166257107899547,1.75025212422873,1.6942334517391,1.80319307258782,-0.0376779483217007,0.2,27.0114837165114,2.44804465378139,-0.004598694917388,27,4.16677431180651,4.3725333942333,3.71214487469231,5,-0.052477393537413,9086.73362961196,8963.84635592596,9204.34215922231
1231.5,27.2427553925614,27.5768536321941,26.9373006188969,-0.0167487680326445,1.7502679491846,1.69424692353828,1.80320482600328,-0.0376779483217007,0.2,27.0114772685132,2.44766009989799,-0.004598694917388,27,4.16682627908016,4.37262859901049,3.71224135987606,5,-0.0528658114182392,9086.76856958645,8963.87571857166,9204.36843040401
1232,27.2427553925614,27.5768536321941,26.9373006188969,-0.0164433052211545,1.75028366019728,1.69426032116359,1.80321655307874,-0.037746683818014,0.2,27.0114708637861,2.44861467118389,-0.00458834551443203,27,4.16687804216046,4.37272347378878,3.71233751085235,0,-0.0519016486000522,9086.80325811193,8963.90491964083,9204.39464278226
1232.5,27.2427553925614,27.5768536321941,26.9373006188969,-0.0158650893827411,1.75029925296089,1.69427364496878,1.8032282531014,-0.037746683818014,0.2,27.0114645034844,2.45042159567893,-0.00458834551443203,27,4.16692960184975,4.37281801971202,3.71243332877881,0,-0.0500765681276839,9086.83768567861,8963.93395990304,9204.42079476339
1233,27.2427553925614,27.5768536321941,26.9373006188969,-0.0152447830746297,1.7503147260525,1.69428689530735,1.80323992538049,-0.037746683818014,0.2,27.0114581886844,2.45236005289178,-0.00458834551443203,27,4.16698095894719,4.37291223792008,3.71252881480908,0,-0.0481186332967612,9086.87184914189,8963.9628401273,9204.44688480284
1233.5,27.2427553925614,27.5768536321941,26.9373006188969,-0.0147733764079943,1.75033008101611,1.69430007253248,1.8032515692468,-0.037746683818014,0.2,27.0114519203874,2.45383319872502,-0.00458834551443203,27,4.16703211424884,4.3730061295489,3.71262397009276,0,-0.0466306852941933,9086.90575190804,8963.9915610819,9204.47291140427
1234,27.2427553925614,27.5768536321941,26.9373006188969,-0.0146067311742659,1.75034532181304,1.69431317699696,1.80326318405214,-0.0378155809511895,0.2,27.0114456995229,2.45435396508042,-0.00457827980914374,27,4.16708306854761,4.37309969573045,3.71271879577553,0,-0.046104686278453,9086.93940272064,8964.02012353438,9204.49887311834
1234.5,27.2427553925614,27.5768536321941,26.9373006188969,-0.0148597102514363,1.75036045384326,1.69432620905323,1.80327476916896,-0.0378155809511895,0.2,27.0114395269517,2.45356340546426,-0.00457827980914374,27,4.16713382263327,4.3731929375928,3.71281329299906,5,-0.0469031894376334,9086.97281349992,8964.04852825145,9204.52476854176
1235,27.2427553925614,27.5489763639313,26.9373006188969,-0.0154238885579441,1.75037548286617,1.69433916905326,1.80328632398977,-0.0378155809511895,0.2,27.0114334034686,2.45180034825642,-0.00457827980914374,27,4.16718437729252,4.37328585626012,3.71290746290106,5,-0.0486839618442949,9087.00599695992,8964.07677599887,9204.55059631617
1235.5,27.2427553925614,27.5489763639313,26.9373006188969,-0.0160573164384158,1.75039041235621,1.69435205734843,1.80329784792673,-0.0378155809511895,0.2,27.0106671167,2.44982088612995,-0.00457827980914374,27,4.16723473330897,4.37337845285265,3.71300130661532,5,-0.0506833136062156,9087.03896076966,8964.1048675411,9204.576355127
1236,27.2427553925614,27.5489763639313,26.9373006188969,-0.0165570305976848,1.75040524251153,1.69436487428946,1.80330934041117,-0.0372869839547505,0.2,27.0099271077749,2.44825927938223,-0.00397084310994273,27,4.16728489146314,4.37347072848678,3.7130948252717,5,-0.0522606113785324,9087.07170536445,8964.13280364118,9204.60204370258
1236.5,27.2427553925614,27.5489763639313,26.9373006188969,-0.016756987290004,1.75041997096898,1.69437762022633,1.80332080089311,-0.0372869839547505,0.2,27.0092124724628,2.44763441471874,-0.00397084310994273,27,4.16733485253248,4.37356268427502,3.71318801999614,5,-0.0528917546821687,9087.10422552419,8964.1605850606,9204.62766081301
1237,27.2427553925614,27.5489763639313,26.9373006188969,-0.0165343740042454,1.75043459371719,1.69439029550815,1.80333222884083,-0.0372869839547505,0.2,27.0085223376955,2.44833008123673,-0.00397084310994273,27,4.16738461729138,4.37365432132601,3.71328089191069,0,-0.0521890981070001,9087.13651238953,8964.18821255891,9204.65320526919
1237.5,27.2427553925614,27.5489763639313,26.9373006188969,-0.0159908747187706,1.75044910630812,1.69440290048309,1.80334362374042,-0.0372869839547505,0.2,27.0078558604913,2.45002851650384,-0.00397084310994273,27,4.16743418651121,4.37374564074455,3.71337344213349,0,-0.0504735969623274,9087.16855613682,8964.21568689365,9204.67867592182
1238,27.2427553925614,27.5489763639313,26.9373006188969,-0.0153625136661944,1.75046350655144,1.69441543549843,1.80335498509542,-0.0362716792851216,0.2,27.0072122269185,2.45199214479314,-0.00288489076740603,27,4.16748356096028,4.37383664363163,3.71346567177884,0,-0.048490238135976,9087.20035192733,8964.24300882045,9204.70407166054
1238.5,27.2427553925614,27.5489763639313,26.9373006188969,-0.0148477888139651,1.7504777954123,1.69442790090046,1.80336631242634,-0.0362716792851216,0.2,27.0065906510931,2.45360065995636,-0.00288489076740603,27,4.16753274140392,4.37392733108442,3.71355758195715,0,-0.0468655606123994,9087.23190188967,8964.27017909277,9204.72939141301
1239,27.2427553925614,27.5489763639313,26.9373006188969,-0.0146092855301553,1.75049197635268,1.69444029703449,1.80337760527034,-0.0362716792851216,0.2,27.0059903742115,2.45434598271826,-0.00288489076740603,27,4.16758172860441,4.37401770419626,3.71364917377502,0,-0.0461127488473823,9087.26321366553,8964.29719846197,9204.75463414402
1239.5,27.2427553925614,27.5489763639313,26.9373006188969,-0.0147759039256565,1.75050605459746,1.69445262424491,1.80338886318084,-0.0362716792851216,0.2,27.0054106636173,2.45382530023232,-0.00288489076740603,27,4.16763052332104,4.37410776405672,3.71374044833517,5,-0.046638663150942,9087.29429878925,8964.32406767744,9204.77979885474
1240,27.2427553925614,27.5489763639313,26.9373006188969,-0.0152983203063255,1.75052003583003,1.69446488287519,1.80340008572714,-0.0353829105107053,0.2,27.004850811899,2.45219274904273,-0.00194032475958466,27,4.16767912631017,4.37419751175161,3.71383140673652,5,-0.0482876182148857,9087.32516980772,8964.35078748652,9204.8048845818
1240.5,27.2427553925614,27.5489763639313,26.9373006188969,-0.0159353909935668,1.75053392422123,1.69447707326765,1.80341127249398,-0.0353829105107053,0.2,27.0043101360198,2.4502019031451,-0.00194032475958466,27,4.16772753832513,4.37428694836294,3.7139220500742,5,-0.0502984681320941,9087.3558359283,8964.37735863412,9204.82989039635
1241,27.2427553925614,27.5489763639313,26.9373006188969,-0.0164762542413538,1.75054772048926,1.69448919576361,1.80342242308124,-0.0353829105107053,0.2,27.0037879764771,2.44851170549577,-0.00194032475958466,27,4.16777576011631,4.374376074969,3.71401237943953,5,-0.0520056488874093,9087.38629873478,8964.40378186294,9204.85481540339
1241.5,27.2427553925614,27.5489763639313,26.9373006188969,-0.0167478054423056,1.75056142270596,1.69450125070317,1.80343353710358,-0.0353829105107053,0.2,27.0032836964911,2.4476631079928,-0.00194032475958466,27,4.16782379243114,4.37446489264432,3.71410239592007,5,-0.0528627730980933,9087.4165539678,8964.43005791309,9204.87965874091
1242,27.2427553925614,27.5489763639313,26.9373006188969,-0.0166126424202476,1.75057502700167,1.69451323842525,1.80344461419001,-0.0346037768086482,0.2,27.002796681221,2.44808549243673,-0.00111867248839701,27,4.16787163601413,4.37455340245973,3.71419210059957,0,-0.0524361445352694,9087.44659308086,8964.45618752207,9204.904419579
1242.5,27.2427553925614,27.5489763639313,26.9373006188969,-0.0161133941442417,1.75058852889143,1.69452515926743,1.80345565398355,-0.0346037768086482,0.2,27.0023263370087,2.44964564329924,-0.00111867248839701,27,4.16791929160687,4.37464160548232,3.71428149455807,0,-0.0508603172768844,9087.47640616882,8964.48217142448,9204.92909711906
1243,27.2427553925614,27.5489763639313,26.9373006188969,-0.0154849043105986,1.7506019254339,1.69453701356609,1.80346665614098,-0.0346037768086482,0.2,27.0018720906486,2.45160967402938,-0.00111867248839701,27,4.16796675994801,4.3747295027755,3.71437057887185,0,-0.0488765519659735,9087.5059867349,8964.50801035236,9204.95369059322
1243.5,27.2427553925614,27.5489763639313,26.9373006188969,-0.0149333530767623,1.75061521700008,1.6945488016563,1.80347762033244,-0.0346037768086482,0.2,27.0014333886819,2.45333327163512,-0.00111867248839701,27,4.16801404177332,4.37481709539899,3.71445935461347,0,-0.0471356356514926,9087.53533559609,8964.53370503486,9204.97819926351
1244,27.2427553925614,27.5489763639313,26.9373006188969,-0.0146281946048259,1.75062840654095,1.69456052387188,1.80348854624114,-0.0339196206418784,0.2,27.0010096967163,2.45428689185992,-0.000403878686519477,27,4.16806113781566,4.37490438440885,3.71454782285176,0,-0.0461724334506725,9087.56445926628,8964.55925619846,9205.00262242112
1244.5,27.2427553925614,27.5489763639313,26.9373006188969,-0.0147066614472612,1.75064149904187,1.69457218054543,1.8034994335631,-0.0339196206418784,0.2,27.0006004987681,2.45404168297731,-0.000403878686519477,27,4.16810804880502,4.37499137085745,3.71463598465185,5,-0.0464201061921354,9087.5933687516,8964.58466456698,9205.02695938592
1245,27.2427553925614,27.5489763639313,26.9373006188969,-0.0151772028718561,1.75065450000392,1.69458377200843,1.80351028200682,-0.0339196206418784,0.2,27.000205296628,2.45257124102545,-0.000403878686519477,27,4.16815477546854,4.37507805579353,3.7147238410752,5,-0.0479053231447266,9087.62207619708,8964.60993086179,9205.05120950561
1245.5,27.2427553925614,27.5489763639313,26.9373006188969,-0.0158094967473244,1.75066741426298,1.694595298591,1.80352109129296,-0.0339196206418784,0.2,26.9998236092478,2.45059532266461,-0.000403878686519477,27,4.16820131853047,4.37516444026221,3.71481139317958,5,-0.0499010955332547,9087.65059227902,8964.63505580134,9205.07537215514
1246,27.2427553925614,27.5489763639313,26.9373006188969,-0.0163845973434115,1.75068024307932,1.694606760622,1.80353186115405,-0.0333177312682302,0.2,26.999454972149,2.44879813330184,0.000218011140388796,27,4.16824767871223,4.37525052530493,3.71489864201909,5,-0.0517163430547442,9087.67891977854,8964.66004010136,9205.09944673596
1246.5,27.2427553925614,27.5489763639313,26.9373006188969,-0.0167221836622502,1.75069298497795,1.69461815842898,1.80354259133424,-0.0333177312682302,0.2,26.9990989368515,2.44774317605547,0.000218011140388796,27,4.16829385673242,4.3753363119596,3.71498558864418,5,-0.0527819005115267,9087.70705543701,8964.68488447468,9205.12343267546
1247,27.2427553925614,27.5489763639313,26.9373006188969,-0.0166759931723956,1.75070563629704,1.69462949233812,1.80355328158894,-0.0333177312682302,0.2,26.9987550703219,2.44788752133626,0.000218011140388796,27,4.1683398533068,4.37542180126048,3.71507223410168,0,-0.0526361048493496,9087.73499116693,8964.70958963122,9205.14732942624
1247.5,27.2427553925614,27.5489763639313,26.9373006188969,-0.0162308755324189,1.75071819263334,1.69464076267406,1.80356393168454,-0.0333177312682302,0.2,26.9984229544412,2.44927851396119,0.000218011140388796,27,4.16838566914829,4.37550699423826,3.71515857943477,0,-0.051231135530527,9087.76271724354,8964.73415627754,9205.17113646543
1248,27.2427553925614,27.5489763639313,26.9373006188969,-0.0156104897178341,1.75073065032943,1.69465196976015,1.80357454139822,-0.0327870873238894,0.2,26.9981021854902,2.45121721963177,0.000759125803919858,27,4.16843130496706,4.37559189192005,3.71524462568304,0,-0.0492729497453715,9087.79022558893,8964.75858511735,9205.19485329425
1248.5,27.2427553925614,27.5489763639313,26.9373006188969,-0.0150288781821286,1.75074300914573,1.69466311391829,1.80358511051765,-0.0327870873238894,0.2,26.9977923736535,2.45303475568085,0.000759125803919858,27,4.16847676147047,4.37567649532941,3.71533037388246,0,-0.0474371510940706,9087.8175156722,8964.78287685127,9205.21847943739
1249,27.2427553925614,27.5489763639313,26.9373006188969,-0.0146625149264349,1.75075527150975,1.69467419546898,1.80359563884067,-0.0327870873238894,0.2,26.9974931425401,2.45417964085489,0.000759125803919858,27,4.16852203936311,4.37576080548634,3.71541582506542,0,-0.0462807621137992,9087.84459285176,8964.80703217689,9205.24201444231
1249.5,27.2427553925614,27.5489763639313,26.9373006188969,-0.0146542270654575,1.7507674421201,1.6946852147314,1.8036061261752,-0.0327870873238894,0.2,26.9972041287202,2.45420554042045,0.000759125803919858,27,4.16856713934676,4.37584482340733,3.71550098026074,5,-0.0462546023094101,9087.87146750112,8964.83105178891,9205.26545787891
1250,27.2427553925614,27.5489763639313,26.9373006188969,-0.0150624169436888,1.75077952619298,1.69469617202355,1.80361657233895,-0.0323181333412954,0.2,26.9969249812788,2.45292994705097,0.00123000748846067,27,4.1686120621205,4.3759285501053,3.71558584049365,5,-0.0475430128410594,9087.89815113682,8964.85493637943,9205.28880933909
1250.5,27.2427553925614,27.5489763639313,26.9373006188969,-0.00939474386027996,1.75058689685197,1.69470341661353,1.80362583609122,-0.0323181333412954,0.2,26.9966553613844,2.47064142543663,0.00123000748846067,27,4.16865680838062,4.37601198658971,3.71567040678585,5,-0.0296535695205877,9087.47280251011,8964.87072809373,9205.30951767216
1251,27.2427553925614,27.5489763639313,26.9373006188969,-0.00999769503979906,1.7503906592194,1.69470328278332,1.80363271040525,-0.0323181333412954,0.2,26.996394941872,2.46875720300063,0.00123000748846067,27,4.16870137882068,4.37609513386649,3.71575468015551,5,-0.0315567246236217,9087.03950583621,8964.8704363712,9205.32488464743
1251.5,27.2427553925614,27.5489763639313,26.9373006188969,-0.0104006832312929,1.75019558267171,1.69469624542258,1.80363725567618,-0.0323181333412954,0.2,26.996143406841,2.46749786490221,0.00123000748846067,27,4.16874577413154,4.37617799293811,3.71583866161725,5,-0.0328287165512529,9086.60879235876,8964.85509637406,9205.33504524798
1252,27.2427553925614,27.5489763639313,26.9373006188969,-0.0104519478317829,1.7500016564564,1.6946827528346,1.80363953170189,-0.0319025857371784,0.2,26.9959004512675,2.46733766302568,0.00163981949301615,27,4.16878999500132,4.37626056480351,3.7159223521822,5,-0.0329905281362395,9086.18063799029,8964.82568538035,9205.3401331309
1252.5,27.2427553925614,27.5489763639313,26.9373006188969,-0.0100798115439443,1.74980886900916,1.6946632260068,1.80363959694405,-0.0319025857371784,0.2,26.9956657806284,2.46850058892517,0.00163981949301615,27,4.16883404211546,4.37634285045823,3.71600575285796,0,-0.0318159171573058,9085.75501685745,8964.78312117909,9205.34027897485
1253,27.2427553925614,27.5489763639313,26.9373006188969,-0.00947709495590615,1.74961720866836,1.69463806026758,1.80363750855736,-0.0319025857371784,0.2,26.9954391105404,2.47038407826279,0.00163981949301615,27,4.16887791615668,4.37642485089433,3.71608886464866,0,-0.0299135025188222,9085.33190287866,8964.72826566967,9205.33561054453
1253.5,27.2427553925614,27.5489763639313,26.9373006188969,-0.00886876594350866,1.74942666717992,1.69460762684254,1.80363332241797,-0.0319025857371784,0.2,26.9952201664099,2.47228510642654,0.00163981949301615,27,4.16892161780503,4.37650656710043,3.71617168855495,0,-0.0279933728240907,9084.91127750101,8964.66192824356,9205.32625275375
1254,27.2427553925614,27.5489763639313,26.9373006188969,-0.00844076446899507,1.74923723914852,1.69457227431652,1.80362709315135,-0.0315332643927277,0.2,26.9950086830956,2.47362261103439,0.00199652676176214,27,4.16896514773789,4.37658800006174,3.716254225574,0,-0.026642428969936,9084.49312848714,8964.58486896264,9205.312327727
1254.5,27.2427553925614,27.5489763639313,26.9373006188969,-0.00834431338238559,1.74904892159029,1.69453233000708,1.80361887415959,-0.0315332643927277,0.2,26.9948044045831,2.47392402068005,0.00199652676176214,27,4.16900850662998,4.37666915076003,3.71633647669954,0,-0.0263379907601619,9084.07744892644,8964.49780154568,9205.29395485988
1255,27.2427553925614,27.5489763639313,26.9373006188969,-0.00867312747483197,1.74886171264837,1.69448810125475,1.80360871764809,-0.0315332643927277,0.2,26.9946070836698,2.47289647664115,0.00199652676176214,27,4.16905169515336,4.37675002017368,3.71641844292186,5,-0.0273758595615596,9083.66423439898,8964.40139617481,9205.27125087834
1255.5,27.2427553925614,27.5489763639313,26.9373006188969,-0.00926594275049908,1.74867561076219,1.69443987663482,1.80359667465159,-0.0315332643927277,0.2,26.9944164816616,2.47104392890469,0.00199652676176214,27,4.16909471397746,4.3768306092777,3.71650012522781,5,-0.0292470216976753,9083.25348114139,8964.29628213198,9205.24432989633
1256,27.2427553925614,27.5489763639313,26.9373006188969,-0.00988765115479495,1.74849061145351,1.69438792709596,1.80358279505979,-0.0312039464577332,0.2,26.9942323680793,2.46910109014127,0.00230705276827905,27,4.16913756376906,4.37691091904367,3.71658152460083,5,-0.0312093821049948,9082.84517895344,8964.18305027674,9205.21330347246
1256.5,27.2427553925614,27.5768536321941,26.9373006188969,-0.0103438434395159,1.74830670724024,1.69433250702953,1.80356712764219,-0.0312039464577332,0.2,26.9940545203759,2.46767548925151,0.00230705276827905,27,4.16918024519236,4.37699095043986,3.71666264202095,5,-0.0326493074324879,9082.4393110094,8964.0622553739,9205.17828066529
1257,27.2427553925614,27.5768536321941,26.9373006188969,-0.010476027580555,1.74812388821419,1.69427385527432,1.80354972007266,-0.0312039464577332,0.2,26.9946429367683,2.46726241381077,0.00230705276827905,27,4.1692227589089,4.37707070443114,3.7167434784648,5,-0.0330665334552639,9082.03585513417,8963.93441828092,9205.13936808762
1257.5,27.2705615659016,27.5768536321941,26.9373006188969,-0.0101806366625082,1.74794214319364,1.69421219606007,1.80353061895319,-0.0312039464577332,0.2,26.995210969305,2.46818551042966,0.00230705276827905,27,4.16926510557765,4.37715018197904,3.71682403490563,0,-0.032134161561541,9081.63478634799,8963.80002800252,9205.09666995937
1258,27.2705615659016,27.5768536321941,26.9373006188969,-0.00960469231305993,1.74776146075921,1.69414773989414,1.80350986983736,-0.0317906003482697,0.2,26.9957598626105,2.46998533652169,0.00169605495581493,27,4.16930728585498,4.37722938404179,3.71690431231332,0,-0.0303162508169424,9081.23607915259,8963.65954362181,9205.05028815955
1258.5,27.2705615659016,27.5768536321941,26.9373006188969,-0.00898143174363739,1.74758183231279,1.69408068439424,1.80348751725324,-0.0317906003482697,0.2,26.9962908021661,2.47193302580113,0.00169605495581493,27,4.1693493003947,4.37730831157427,3.7169843116544,0,-0.0283489911556171,9080.83971428087,8963.51339611436,9205.00032227719
1259,27.2705615659016,27.5768536321941,26.9373006188969,-0.00850420943107693,1.7474032523234,1.6940112150707,1.8034636047257,-0.0317906003482697,0.2,26.9968043938889,2.47342434552788,0.00169605495581493,27,4.16939114984804,4.37738696552806,3.71706403389203,0,-0.0268426866482512,9080.44567923817,8963.36199005234,9204.94686966079
1259.5,27.2705615659016,27.5768536321941,26.9373006188969,-0.00833089708893837,1.74722571774567,1.69393950606138,1.80343817479842,-0.0317906003482697,0.2,26.9973012229516,2.47396594659707,0.00169605495581493,27,4.16943283486367,4.37746534685143,3.71714347998606,0,-0.0262956435715251,9080.05396701766,8963.20570520607,9204.89002546736
1260,27.2705615659016,27.5768536321941,26.9373006188969,-0.00857791736228151,1.74704922705487,1.69386572082202,1.80341126905526,-0.0325819589936351,0.2,26.9977818544974,2.47319400824287,0.000887258201044006,27,4.16947435608769,4.37754345648938,3.717222650893,5,-0.0270753383623054,9079.66457397027,8963.04489804839,9204.82988270976
1260.5,27.2705615659016,27.5768536321941,26.9373006188969,-0.0091381689410224,1.74687377913975,1.69379001277462,1.80338292814127,-0.0325819589936351,0.2,26.99824683433,2.47144322205931,0.000887258201044006,27,4.16951571416369,4.37762129538362,3.71730154756605,5,-0.0288437164454431,9079.2774973614,8962.8799031679,9204.7665323035
1261,27.2705615659016,27.5768536321941,26.9373006188969,-0.00977087199763744,1.74669937064838,1.69371252591647,1.80335319178312,-0.0325819589936351,0.2,26.9986966895796,2.46946602500738,0.000887258201044006,27,4.16955690973273,4.3776988644726,3.71738017095509,5,-0.0308407803733428,9078.89272951538,8962.7110345965,9204.70006311215
1261.5,27.2705615659016,27.5768536321941,26.9373006188969,-0.0102739401219898,1.74652599501663,1.69363339539241,1.80332209880926,-0.0325819589936351,0.2,26.9991319293465,2.46789393711878,0.000887258201044006,27,4.16959794343333,4.37777616469153,3.71745852200673,5,-0.0324286646010487,9078.51025567339,8962.53858705693,9204.63056199211
1262,27.2705615659016,27.5768536321941,26.9373006188969,-0.0104820071246257,1.74635364317126,1.6935527480321,1.80328968716942,-0.0332828890031571,0.2,26.9995530453215,2.46724372773554,0.000178781871383649,27,4.16963881590153,4.37785319697237,3.71753660166433,5,-0.0330854072881687,9078.13005554568,8962.36283713425,9204.55811383613
1262.5,27.2705615659016,27.5768536321941,26.9373006188969,-0.0165343740042455,1.74638719775215,1.6934743643461,1.80325713835418,-0.0332828890031571,0.2,26.9999605123858,2.44833008123673,0.000178781871383649,27,4.16967952777085,4.37792996224383,3.71761441086792,0,-0.0521890981070005,9078.20407419732,8962.19202342219,9204.48535960873
1263,27.2705615659016,27.5768536321941,26.9373006188969,-0.0159908747187706,1.7464249801245,1.69340201067809,1.80322569208594,-0.0332828890031571,0.2,27.0003547891893,2.45002851650384,0.000178781871383649,27,4.16972007967232,4.37800646143142,3.71769195055431,0,-0.0504735969623274,9078.2874196974,8962.03435305541,9204.41507035574
1263.5,27.2705615659016,27.5768536321941,26.9373006188969,-0.0153625136661945,1.7464625148866,1.69333531699539,1.80319532315705,-0.0332828890031571,0.2,27.0007363187103,2.45199214479314,0.000178781871383649,27,4.1697604722345,4.37808269545745,3.71776922165706,0,-0.0484902381359764,9078.37021970618,8961.88901903618,9204.34718967903
1264,27.2705615659016,27.5768536321941,26.9373006188969,-0.0148477888139651,1.74649980379559,1.69327393363865,1.80316600623908,-0.0339052261449773,0.2,27.0011055287939,2.45360065995636,-0.000442211517562896,27,4.16980070608348,4.37815866524103,3.7178462251065,0,-0.0468655606123994,9078.45247808562,8961.75525886156,9204.28166091397
1264.5,27.2705615659016,27.5768536321941,26.9373006188969,-0.0146092855301553,1.74653685110031,1.69321753219381,1.80313771656254,-0.0339052261449773,0.2,27.0014628326737,2.45434598271826,-0.000442211517562896,27,4.16984078184288,4.37823437169806,3.71792296182973,0,-0.0461127488473823,9078.53420419468,8961.63235641056,9204.21842864854
1265,27.2705615659016,27.5768536321941,26.9373006188969,-0.0147759039256565,1.74657366280763,1.69316580420281,1.80311042990469,-0.0339052261449773,0.2,27.0018086294744,2.45382530023232,-0.000442211517562896,27,4.16988070013388,4.37830981574129,3.71799943275064,5,-0.046638663150942,9078.61541127096,8961.51963912294,9204.15743869596
1265.5,27.2705615659016,27.5768536321941,26.9373006188969,-0.0152983203063255,1.74661024537817,1.69311845995232,1.80308412257771,-0.0339052261449773,0.2,27.0021433046971,2.45219274904273,-0.000442211517562896,27,4.16992046157522,4.37838499828031,3.71807563878993,5,-0.0482876182148857,9078.69611355358,8961.41647534952,9204.09863806796
1266,27.2705615659016,27.5768536321941,26.9373006188969,-0.0159353909913084,1.74664660375583,1.69307522733603,1.8030587714169,-0.0344592489871367,0.2,27.0024672306885,2.45020190315216,-0.000986892275413709,27,4.16996006678319,4.37845992022153,3.71815158086509,5,-0.0502984681249657,9078.77632193622,8961.32227186418,9204.04197494844
1266.5,27.2705615659016,27.5768536321941,26.9373006188969,-0.0164762542413513,1.74668273942778,1.69303585078612,1.80303435376941,-0.0344592489871367,0.2,27.0027807670931,2.44851170549578,-0.000986892275413709,27,4.16999951637169,4.37853458246823,3.71822725989046,5,-0.0520056488874012,9078.85603968728,8961.23647152761,9203.98739866793
1267,27.2705615659016,27.5768536321941,26.9373006188969,-0.0167478054423056,1.74671865123089,1.69300009026943,1.80301084748301,-0.0344592489871367,0.2,27.0030842612904,2.4476631079928,-0.000986892275413709,27,4.17003881095219,4.37860898592059,3.71830267677719,5,-0.0528627730980933,9078.93526422844,8961.1585510932,9203.93485967844
1267.5,27.2705615659016,27.5768536321941,26.9373006188969,-0.0166126424202476,1.74675433605627,1.69296772034469,1.80298823089517,-0.0344592489871367,0.2,27.0033780488164,2.44808549243673,-0.000986892275413709,27,4.17007795113374,4.37868313147562,3.71837783243329,0,-0.0524361445352694,9079.01398868883,8961.08801914667,9203.88430952891
1268,27.2705615659016,27.5768536321941,26.9373006188969,-0.0161133941442417,1.74678979017533,1.69293852927683,1.80296648282239,-0.0349538840507932,0.2,27.0036624537715,2.44964564329924,-0.00146498150858747,27,4.17011693752304,4.37875702002724,3.71845272776359,0,-0.0508603172768844,9079.09220483035,8961.02441417112,9203.83570084126
1268.5,27.2705615659016,27.5768536321941,26.9373006188969,-0.0154849043105986,1.7468250113985,1.69291231820534,1.80294558254978,-0.0349538840507932,0.2,27.003937789213,2.45160967402938,-0.00146498150858747,27,4.17015577072436,4.37883065246629,3.71852736366984,0,-0.0488765519659735,9079.1699078099,8960.96730273021,9203.78898728686
1269,27.2705615659016,27.5768536321941,26.9373006188969,-0.0149333530767623,1.7468600008434,1.69288890036288,1.80292550982082,-0.0349538840507932,0.2,27.0042043575354,2.45333327163512,-0.00146498150858747,27,4.17019445133963,4.37890402968051,3.71860174105062,0,-0.0471356356514926,9079.24710008065,8960.91627776167,9203.7441235637
1269.5,27.2705615659016,27.5768536321941,26.9373006188969,-0.0146281946048259,1.74689476220293,1.69286810034143,1.80290624482743,-0.0349538840507932,0.2,27.0044624508366,2.45428689185992,-0.00146498150858747,27,4.17023297996839,4.37897715255456,3.71867586080144,0,-0.0461724334506725,9079.32378977737,8960.87095697478,9203.70106537392
1270,27.2705615659016,27.5768536321941,26.9373006188969,-0.0147066614472612,1.74692930119964,1.69284975340297,1.80288776820018,-0.0353968839372598,0.2,27.0047123512719,2.45404168297731,-0.00188494050875647,27,4.17027135720785,4.37905002197001,3.71874972381465,5,-0.0464201061921354,9079.39998951309,8960.83098134547,9203.65976940188
1270.5,27.2705615659016,27.5768536321941,26.9373006188969,-0.0151772028718561,1.74696362406742,1.69283370483211,1.80287006099876,-0.0353968839372598,0.2,27.0049543313958,2.45257124102545,-0.00188494050875647,27,4.17030958365284,4.37912263880543,3.71882333097957,5,-0.0479053231447266,9079.47571302934,8960.796013703,9203.62019329281
1271,27.2705615659016,27.5768536321941,26.9373006188969,-0.0158094967473244,1.74699773637071,1.69281980932758,1.80285310470254,-0.0353968839372598,0.2,27.0051886544916,2.45059532266461,-0.00188494050875647,27,4.17034765989588,4.37919500393629,3.71889668318241,5,-0.0499010955332547,9079.55097259131,8960.765737402,9203.58229563157
1271.5,27.2705615659016,27.5768536321941,26.9373006188969,-0.0163845973434115,1.7470316400947,1.69280793043115,1.80283688120155,-0.0353968839372598,0.2,27.0054155748903,2.44879813330184,-0.00188494050875647,27,4.17038558652717,4.37926711823507,3.71896978130631,5,-0.0517163430547442,9079.62577256779,8960.73985507596,9203.54603592234
1272,27.2705615659016,27.5768536321941,26.9373006188969,-0.0167221836622502,1.7470653344855,1.69279793999083,1.80282137278739,-0.035794981987582,0.2,27.0056353382778,2.44774317605547,-0.00225413531113077,27,4.17042336413455,4.37933898257119,3.71904262623135,5,-0.0527819005115267,9079.70011128472,8960.71808746603,9203.51137456831
1272.5,27.2705615659016,27.5768536321941,26.9373006188969,-0.0166759931723935,1.74709881659843,1.69278971765673,1.80280656214455,-0.035794981987582,0.2,27.0058481819922,2.44788752133627,-0.00225413531113077,27,4.17046099330359,4.37941059781108,3.71911521883457,0,-0.0526361048493429,9079.77398223449,8960.70017232104,9203.47827285216
1273,27.2705615659016,27.5768536321941,26.9373006188969,-0.0162308755322989,1.74713208274332,1.69278315040756,1.80279243234175,-0.035794981987582,0.2,27.0060543353099,2.44927851396157,-0.00225413531113077,27,4.17049847461753,4.37948196481814,3.71918755998996,0,-0.0512311355301484,9079.84737726454,8960.68586336453,9203.44669291662
1273.5,27.2705615659016,27.5768536321941,26.9373006188969,-0.0156104897178341,1.74716512997149,1.69277813210597,1.80277896682364,-0.035794981987582,0.2,27.0062540197231,2.45121721963177,-0.00225413531113077,27,4.17053580865735,4.37955308445282,3.71925965056849,0,-0.0492729497453715,9079.92028985818,8960.67492932476,9203.41659774587
1274,27.2705615659016,27.5768536321941,26.9373006188969,-0.0150288781821286,1.74719795874743,1.69277456308072,1.80276614940257,-0.0361540265648834,0.2,27.0064474492062,2.45303475568085,-0.00257897968246397,27,4.17057299600172,4.37962395757254,3.71933149143813,0,-0.0474371510940706,9079.99272102913,8960.66715302339,9203.38795114699
1274.5,27.2705615659016,27.5768536321941,26.9373006188969,-0.0146625149264349,1.74723057219805,1.69277234973431,1.8027539642506,-0.0361540265648834,0.2,27.0066348304746,2.45417964085489,-0.00257897968246397,27,4.17061003722705,4.37969458503179,3.71940308346382,0,-0.0462807621137992,9080.06467766554,8960.66233051973,9203.36071773218
1275,27.2705615659016,27.5768536321941,26.9373006188969,-0.0146542270654575,1.74726297571702,1.69277140417438,1.80274239589165,-0.0361540265648834,0.2,27.0068163632334,2.45420554042045,-0.00257897968246397,27,4.17064693290747,4.37976496768205,3.7194744275075,5,-0.0462546023094101,9080.1361716571,8960.66027030697,9203.334862901
1275.5,27.2705615659016,27.5768536321941,26.9373006188969,-0.015062416943689,1.7472951752114,1.69277164386774,1.8027314291939,-0.0361540265648834,0.2,27.006992240418,2.45292994705097,-0.00257897968246397,27,4.17068368361488,4.37983510637191,3.71954552442815,5,-0.0475430128410598,9080.20721602665,8960.6607925576,9203.31035282342
1276,27.2705615659016,27.5768536321941,26.9373006188969,-0.0156811914857087,1.74732717680916,1.69277299131471,1.80272104936216,-0.0364790976429674,0.2,27.0071626484263,2.45099627660716,-0.00286505937051658,27,4.1707202899189,4.37990500194696,3.71961637508174,5,-0.049496112805491,9080.27782428497,8960.66372841355,9203.28715442267
1276.5,27.2705615659016,27.5768536321941,26.9373006188969,-0.0162833295069814,1.74735898301859,1.69277537374393,1.80271124193056,-0.0364790976429674,0.2,27.007327767343,2.44911459529068,-0.00286505937051658,27,4.17075675238695,4.37997465524991,3.71968698032132,5,-0.051396701255836,9080.34800195671,8960.66891932062,9203.2652353589
1277,27.2705615659016,27.5768536321941,26.9373006188969,-0.0166811321049695,1.74739059351638,1.69277872282523,1.80270199275547,-0.0364790976429674,0.2,27.0074877711562,2.44787146217197,-0.00286505937051658,27,4.17079307158419,4.3800440671205,3.71975734099694,5,-0.0526523253761259,9080.41774831895,8960.67621640256,9203.2445640132
1277.5,27.2705615659016,27.5768536321941,26.9373006188969,-0.0167222346243736,1.74742200557378,1.69278297440004,1.80269328800828,-0.0364790976429674,0.2,27.007642827966,2.44774301679883,-0.00286505937051658,27,4.17082924807356,4.3801132383956,3.71982745795574,5,-0.0527820613683728,9080.48705734143,8960.68547987337,9203.22510947152
1278,27.2705615659016,27.5768536321941,26.9373006188969,-0.0163414809743854,1.74745321565519,1.69278806822813,1.80268511416862,-0.0367746080315534,0.2,27.0077931001867,2.44893287195505,-0.00311724007468825,27,4.17086528241582,4.38018216990915,3.7198973320419,0,-0.0515802505475501,9080.55592121336,8960.69657848521,9203.20684150937
1278.5,27.2705615659016,27.5768536321941,26.9373006188969,-0.0157377460085347,1.74748422011858,1.69279394774989,1.80267745801761,-0.0367746080315534,0.2,27.0079387447418,2.45081954372333,-0.00311724007468825,27,4.17090117516949,4.38025086249222,3.7199669640967,0,-0.0496746215013389,9080.62433188905,8960.7093890102,9203.18973057682
1279,27.2705615659016,27.5768536321941,26.9373006188969,-0.0151331205835505,1.74751501876047,1.69280055986286,1.8026703066313,-0.0367746080315534,0.2,27.0080799132515,2.4527089981764,-0.00311724007468825,27,4.17093692689092,4.38031931697298,3.72003635495849,0,-0.047766181809919,9080.69228890974,8960.72379575337,9203.17374778367
1279.5,27.2705615659016,27.5768536321941,26.9373006188969,-0.0147112554068488,1.74754561413087,1.6928078547119,1.80266364737421,-0.0367746080315534,0.2,27.0082167522152,2.4540273268536,-0.00311724007468825,27,4.17097253813424,4.38038753417675,3.72010550546271,0,-0.0464346065661776,9080.7597978924,8960.73969009534,9203.15886488505
1280,27.2705615659016,27.5768536321941,26.9373006188969,-0.0146214281470891,1.74757601111862,1.69281578549215,1.80265746789307,-0.0370443912617482,0.2,27.0083494031861,2.45430803704035,-0.00333976127445226,27,4.17100800945144,4.38045551492598,3.72017441644193,0,-0.0461510758034721,9080.82686961486,8960.75697006279,9203.14505426734
1280.5,27.2705615659016,27.5768536321941,26.9373006188969,-0.0149559124359838,1.74760621564464,1.69282430826401,1.80265175611069,-0.0370443912617482,0.2,27.0084780029413,2.45326277363755,-0.00333976127445226,27,4.17104334139232,4.38052326004026,3.7202430887258,5,-0.0472068420129394,9080.89351713273,8960.77553992526,9203.13228893445
1281,27.2705615659016,27.5768536321941,26.9373006188969,-0.0155520946101939,1.74763623388632,1.69283338177898,1.8026465002199,-0.0370443912617482,0.2,27.0086026836446,2.45139970434314,-0.00333976127445226,27,4.17107853450455,4.38059077033636,3.72031152314113,5,-0.049088631427616,9080.95975406788,8960.7953098157,9203.12054249429
1281.5,27.2705615659016,27.5768536321941,26.9373006188969,-0.0161737755092905,1.74766606904016,1.69284296731644,1.80264168867762,-0.0370443912617482,0.2,27.0087235730051,2.44945695153347,-0.00333976127445226,27,4.17111358933361,4.38065804662821,3.72037972051186,5,-0.0510509050175245,9081.02558746512,8960.81619537467,9203.10978914545
1282,27.2705615659016,27.5768536321941,26.9373006188969,-0.0166257107899547,1.74769572123518,1.69285302853009,1.80263731019917,-0.0372917778889743,0.2,27.008840794429,2.44804465378139,-0.00353631777158654,27,4.17114850642285,4.3807250897269,3.72044768165908,5,-0.052477393537413,9081.09101760077,8960.83811741568,9203.10000366438
1282.5,27.2705615659016,27.5768536321941,26.9373006188969,-0.0167487680326445,1.74772518811793,1.6928635313038,1.80263335375253,-0.0372917778889743,0.2,27.0089544671672,2.44766009989799,-0.00353631777158654,27,4.17118328631349,4.38079190044073,3.72051540740101,5,-0.0528658114182392,9081.15603927336,8960.86100161117,9203.09116139267
1283,27.2705615659016,27.5768536321941,26.9373006188969,-0.0164433052211545,1.74775446605199,1.69287444361603,1.80262980855283,-0.0372917778889743,0.2,27.0090647064573,2.44861467118389,-0.00353631777158654,27,4.17121792954462,4.38085847957521,3.72058289855304,0,-0.0519016486000522,9081.22064445038,8960.884778197,9203.08323822461
1283.5,27.2705615659016,27.5768536321941,26.9373006188969,-0.0158650893827411,1.74778355115407,1.69288573541282,1.80262666405697,-0.0372917778889743,0.2,27.0091716236609,2.45042159567893,-0.00353631777158654,27,4.17125243665321,4.38092482793302,3.72065015592778,0,-0.0500765681276839,9081.28482455428,8960.90938169581,9203.0762105952
1284,27.2705615659016,27.5768536321941,26.9373006188969,-0.0152447830746297,1.7478124424209,1.69289737848824,1.80262390995834,-0.0375196617392177,0.2,27.0092753263961,2.45236005289178,-0.00371013055842582,27,4.17128680817411,4.38099094631408,3.72071718033496,0,-0.0481186332967612,9081.34857736266,8960.93475065635,9203.07005546821
1284.5,27.2705615659016,27.5768536321941,26.9373006188969,-0.0147733764079925,1.74784114181358,1.69290934637223,1.80262153618167,-0.0375196617392177,0.2,27.0093759186652,2.45383319872502,-0.00371013055842582,27,4.17132104464009,4.38105683551553,3.72078397258155,0,-0.0466306852941875,9081.41190719441,8960.96082740922,9203.06475032484
1285,27.2705615659016,27.5768536321941,26.9373006188969,-0.0146067311741645,1.7478696537078,1.69292161422516,1.80261953287793,-0.0375196617392177,0.2,27.0094735009787,2.45435396508074,-0.00371013055842582,27,4.17135514658182,4.38112249633177,3.72085053347172,0,-0.0461046862781328,9081.47482369689,8960.9875578371,9203.06027315212
1285.5,27.2705615659016,27.5768536321941,26.9373006188969,-0.0148597102490839,1.7478979839154,1.69293415873896,1.80261789041949,-0.0375196617392177,0.2,27.0095681704741,2.45356340547161,-0.00371013055842582,27,4.17138911452789,4.38118792955442,3.72091686380686,5,-0.0469031894302086,9081.53733968688,8961.0148911594,9203.05660243216
1286,27.2705615659016,27.5768536321941,26.9373006188969,-0.0154238885579419,1.74792613860525,1.69294695804405,1.80261659939521,-0.0377305574235223,0.2,27.0096600210314,2.45180034825643,-0.00386400841257881,27,4.1714229490048,4.38125313597237,3.72098296438554,5,-0.0486839618442877,9081.59946876942,8961.04277972927,9203.05371713118
1286.5,27.2705615659016,27.5768536321941,26.9373006188969,-0.0160573164382733,1.74795412165918,1.69295999162188,1.80261565060573,-0.0377305574235223,0.2,27.0097491433844,2.4498208861304,-0.00386400841257881,27,4.17145665053697,4.38131811637176,3.72104883600362,5,-0.0506833136057657,9081.66121950308,8961.07117884334,9203.05159668887
1287,27.2705615659016,27.5768536321941,26.9373006188969,-0.016557030597685,1.74798193368077,1.69297324022295,1.80261503505883,-0.0377305574235223,0.2,27.0098356252275,2.44825927938223,-0.00386400841257881,27,4.17149021964679,4.38138287153603,3.72111447945415,5,-0.0522606113785329,9081.72259321247,8961.10004656288,9203.05022100808
1287.5,27.2705615659016,27.5768536321941,26.9373006188969,-0.0167569872900039,1.74800957271024,1.69298668578959,1.80261474396488,-0.0377305574235223,0.2,27.0099195513202,2.44763441471874,-0.00386400841257881,27,4.17152365685459,4.38144740224588,3.72117989552749,5,-0.0528917546821682,9081.78358556554,8961.12934354567,9203.04957044462
1288,27.2705615659016,27.5768536321941,26.9373006188969,-0.0165343740042455,1.74803703513746,1.69300031138355,1.80261476873236,-0.0379266502714444,0.2,27.0100010035867,2.44833008123673,-0.0040004014346863,27,4.17155696267863,4.38151170927932,3.72124508501123,0,-0.0521890981070005,9081.84418858824,8961.15903288818,9203.04962579727
1288.5,27.2427553925614,27.5768536321941,26.9373006188969,-0.0159908747187706,1.74806431691336,1.69301410111789,1.80261510096364,-0.0379266502714444,0.2,27.0100800612126,2.45002851650384,-0.0040004014346863,27,4.17159013763516,4.38157579341166,3.72131004869023,0,-0.0504735969623274,9081.90439333776,8961.18907997732,9203.05036829819
1289,27.2427553925614,27.5768536321941,26.9373006188969,-0.0153625136661945,1.74809141624406,1.69302804009328,1.8026157324506,-0.0379266502714444,0.2,27.0101562606037,2.45199214479314,-0.0040004014346863,27,4.1716231822384,4.3816396554155,3.72137478734663,0,-0.0484902381359764,9081.96419584782,8961.21945235143,9203.05177960331
1289.5,27.2427553925614,27.5768536321941,26.9373006188969,-0.0148477888139651,1.74811833448859,1.69304211433781,1.80261665517058,-0.0379266502714444,0.2,27.0102291704301,2.45360065995636,-0.0040004014346863,27,4.17165609700053,4.38170329606081,3.72143930175987,0,-0.0468655606123994,9082.02359910996,8961.25011956939,9203.05384178315
1290,27.2427553925614,27.5768536321941,26.9373006188969,-0.0146092855301553,1.74814507550024,1.69305631075077,1.80261786128236,-0.0381079572861331,0.2,27.010298912975,2.45434598271826,-0.00411956518999261,27,4.17168888243174,4.38176671611484,3.72150359270671,0,-0.0461127488473823,9082.08261162029,8961.28105308798,9203.05653731378
1290.5,27.2427553925614,27.5768536321941,26.9373006188969,-0.0147759039256565,1.74817164489286,1.69307061704973,1.80261934312208,-0.0381079572861331,0.2,27.0103656062081,2.45382530023232,-0.00411956518999261,27,4.17172153904021,4.38182991634222,3.72156766096117,5,-0.046638663150942,9082.14124576034,8961.31222614669,9203.05984906789
1291,27.2427553925614,27.5768536321941,26.9373006188969,-0.0152983203063255,1.74819804873648,1.69308502172088,1.80262109319949,-0.0381079572861331,0.2,27.0104293639351,2.45219274904273,-0.00411956518999261,27,4.17175406733211,4.3818928975049,3.72163150729464,5,-0.0482876182148857,9082.19951491884,8961.34361365942,9203.06376030616
1291.5,27.2427553925614,27.5768536321941,26.9373006188969,-0.0159353909913084,1.74822429158659,1.69309951397204,1.80262310419409,-0.0381079572861331,0.2,27.0104902959415,2.45020190315216,-0.00411956518999261,27,4.17178646781163,4.38195566036222,3.7216951324758,5,-0.0502984681249657,9082.25742914241,8961.37519211225,9203.06825466879
1292,27.2427553925614,27.5768536321941,26.9373006188969,-0.0164762542413513,1.74825037454412,1.69311408368902,1.80262536895139,-0.038272141457302,0.2,27.0105485081313,2.44851170549578,-0.00421940325250318,27,4.17181874098098,4.38201820567086,3.72175853727069,5,-0.0520056488874012,9082.31499085424,8961.40693946824,9203.07331616702
1292.5,27.2427553925614,27.5768536321941,26.9373006188969,-0.0167478054421748,1.74827629606184,1.69312872139417,1.8026278804793,-0.038272141457302,0.2,27.0106041026612,2.4476631079932,-0.00421940325250318,27,4.17185088734039,4.38208053418488,3.72182172244268,5,-0.0528627730976807,9082.37219663333,8961.43883507726,9203.07892917515
1293,27.2427553925614,27.5768536321941,26.9373006188969,-0.01661264241764,1.74830205264891,1.69314341820771,1.80263063194453,-0.038272141457302,0.2,27.0106571780707,2.44808549244487,-0.00421940325250318,27,4.17188290738815,4.38214264665574,3.72188468875251,0,-0.052436144527039,9082.42903876939,8961.47085959162,9203.08507842243
1293.5,27.2427553925614,27.5768536321941,26.9373006188969,-0.0161133941442385,1.74832764019714,1.69315816581125,1.8026336166691,-0.038272141457302,0.2,27.0107078294065,2.44964564329925,-0.00421940325250318,27,4.17191480162056,4.38220454383229,3.72194743695827,0,-0.0508603172768745,9082.48550818941,8961.50299488666,9203.09174898527
1294,27.2427553925614,27.5768536321941,26.9373006188969,-0.0154849043105986,1.74835305613968,1.69317295641375,1.80263682812697,-0.0384214727012164,0.2,27.010756148344,2.45160967402938,-0.00430245933758044,27,4.17194657053198,4.38226622646079,3.72200996781544,0,-0.0488765519659735,9082.54159922197,8961.53522398662,9203.09892627967
1294.5,27.2427553925614,27.5768536321941,26.9373006188969,-0.0149333530767623,1.74837830121949,1.69318778271938,1.80264025994073,-0.0384214727012164,0.2,27.0108022233033,2.45333327163512,-0.00430245933758044,27,4.17197821461483,4.38232769528489,3.72207228207689,0,-0.0471356356514926,9082.59731350002,8961.56753099455,9203.10659605388
1295,27.2427553925614,27.5768536321941,26.9373006188969,-0.0146281946048259,1.74840337875711,1.69320263789738,1.80264390587828,-0.0384214727012164,0.2,27.0108461395628,2.45428689185992,-0.00430245933758044,27,4.17200973435959,4.38238895104569,3.72213438049285,0,-0.0461724334506725,9082.65265834529,8961.59990102676,9203.11474438091
1295.5,27.2427553925614,27.5768536321941,26.9373006188969,-0.0147066614472612,1.74842829410526,1.69321751555384,1.80264775984976,-0.0384214727012164,0.2,27.0108879793675,2.45404168297731,-0.00430245933758044,27,4.17204113025484,4.38244999448171,3.72219626381097,5,-0.0464201061921354,9082.7076455646,8961.6323201512,9203.12335765171
1296,27.2427553925614,27.5768536321941,26.9373006188969,-0.0151772028718561,1.74845305313014,1.69323240970522,1.80265181590437,-0.0385581017592642,0.2,27.010927822034,2.45257124102545,-0.0043711288135853,27,4.17207240278719,4.38251082632891,3.72225793277632,5,-0.0479053231447266,9082.76228809833,8961.66477532991,9203.13242256799
1296.5,27.2427553925614,27.5768536321941,26.9373006188969,-0.0158094967473244,1.74847766103078,1.6932473147531,1.80265606822733,-0.0385581017592642,0.2,27.0109657440524,2.45059532266461,-0.0043711288135853,27,4.17210355244139,4.3825714473207,3.72231938813139,5,-0.0499010955332547,9082.81659741484,8961.69725436392,9203.14192613554
1297,27.2427553925614,27.5768536321941,26.9373006188969,-0.0163845973434115,1.74850211942884,1.69326222546088,1.8026605111369,-0.0385581017592642,0.2,27.0110018191843,2.44879813330184,-0.0043711288135853,27,4.17213457970025,4.38263185818794,3.72238063061607,5,-0.0517163430547442,9082.87057708741,8961.72974584254,9203.15185565743
1297.5,27.2427553925614,27.5768536321941,26.9373006188969,-0.0167221836622502,1.74852642720898,1.69327713693163,1.80266513908145,-0.0385581017592642,0.2,27.0110361185571,2.44774317605547,-0.0043711288135853,27,4.17216548504469,4.38269205965896,3.72244166096772,5,-0.0527819005115267,9082.92422464886,8961.76223909507,9203.16219872754
1298,27.2427553925614,27.5768536321941,26.9373006188969,-0.0166759931723935,1.74855058106713,1.69329204458736,1.80266994663656,-0.0386838850734001,0.2,27.011068710756,2.44788752133627,-0.0044274843023814,27,4.17219626895375,4.38275205245959,3.72250247992111,0,-0.0526361048493429,9082.97753280145,8961.79472414569,9203.17294322409
1298.5,27.2427553925614,27.5768536321941,26.9373006188969,-0.0162308755322989,1.74857457695582,1.69330694414943,1.80267492850225,-0.0386838850734001,0.2,27.0110996619116,2.44927851396157,-0.0044274843023814,27,4.17222693190458,4.38281183731312,3.7225630882085,0,-0.0512311355301484,9083.03049260647,8961.82719167077,9203.18407730335
1299,27.2427553925614,27.5768536321941,26.9373006188969,-0.015610489715306,1.7485984115713,1.6933218316205,1.80268007950027,-0.0386838850734001,0.2,27.0111290357859,2.45121721963967,-0.0044274843023814,27,4.17225747437246,4.38287141494032,3.72262348655959,0,-0.0492729497373917,9083.08309676664,8961.85963295948,9203.19558939369
1299.5,27.2427553925614,27.5768536321941,26.9373006188969,-0.0150288781821257,1.74862208502537,1.69333670326723,1.80268539457138,-0.0386838850734001,0.2,27.0111568938541,2.45303475568086,-0.0044274843023814,27,4.1722878968308,4.38293078605949,3.72268367570159,0,-0.0474371510940616,9083.13534552278,8961.8920398762,9203.20746818943
1300,27.2427553925614,27.5768536321941,26.9373006188969,-0.0146625149262664,1.74864560009455,1.69335155560425,1.80269086877282,-0.0388004240215878,0.2,27.0111832953843,2.45417964085542,-0.00447331815371257,27,4.17231819975115,4.38298995138643,3.72274365635913,0,-0.0462807621132673,9083.18724499708,8961.92440482554,9203.21970264519
1300.5,27.2427553925614,27.5768536321941,26.9373006188969,-0.0146542270654577,1.74866896182441,1.69336638537903,1.80269649727567,-0.0388004240215878,0.2,27.0112082975142,2.45420554042044,-0.00447331815371257,27,4.17234838360319,4.38304891163445,3.72280342925436,5,-0.0462546023094106,9083.23880631982,8961.9567207194,9203.23228197003
1301,27.2427553925614,27.5768536321941,26.9373006188969,-0.0150624169436888,1.74869217577594,1.69338118955786,1.80270227536251,-0.0388004240215878,0.2,27.0112319553256,2.45292994705097,-0.00447331815371257,27,4.17237844885479,4.3831076675144,3.72286299510696,5,-0.0475430128410594,9083.29004175925,8961.98898094642,9203.24519562215
1301.5,27.2427553925614,27.5768536321941,26.9373006188969,-0.0156811914857086,1.74871524773329,1.69339596531215,1.80270819842475,-0.0388004240215878,0.2,27.0112543219153,2.45099627660716,-0.00447331815371257,27,4.17240839597196,4.38316621973465,3.72292235463407,5,-0.0494961128054906,9083.34096407634,8962.02117934213,9203.25843330299
1302,27.2427553925614,27.5768536321941,26.9373006188969,-0.0162833295069814,1.74873817986268,1.69341071000613,1.80271426196047,-0.0389090989907004,0.2,27.0112754484649,2.44911459529068,-0.00451017938595157,27,4.17243822541888,4.38322456900114,3.72298150855037,5,-0.051396701255836,9083.39157804724,8962.05331016218,9203.27198495232
1302.5,27.2427553925614,27.5768536321941,26.9373006188969,-0.0166811321049695,1.74876097150063,1.69342542118494,1.80272046157184,-0.0389090989907004,0.2,27.0112953843073,2.44787146217197,-0.00451017938595157,27,4.1724679376579,4.38328271601734,3.72304045756807,5,-0.0526523253761259,9083.44188220264,8962.08536805634,9203.28584074262
1303,27.2427553925614,27.5768536321941,26.9373006188969,-0.0167222346243736,1.7487836195802,1.69344009656352,1.80272679296301,-0.0389090989907004,0.2,27.011314176991,2.44774301679883,-0.00451017938595157,27,4.17249753314958,4.3833406614843,3.72309920239689,5,-0.0527820613683728,9083.49186976844,8962.11734804434,9203.29999107413
1303.5,27.2427553925614,27.5768536321941,26.9373006188969,-0.0163414809743854,1.74880612022955,1.69345473401603,1.80273325193771,-0.0389090989907004,0.2,27.0113318723429,2.44893287195505,-0.00451017938595157,27,4.17252701235263,4.38339840610061,3.72315774374409,0,-0.0515802505475501,9083.5415321939,8962.14924549286,9203.31442656974
1304,27.2427553925614,27.5768536321941,26.9373006188969,-0.0157377460085347,1.7488284694725,1.6934693315664,1.80273983439716,-0.0390110989614243,0.2,27.0113485145276,2.45081954372333,-0.00453940581104462,27,4.17255637572401,4.38345595056247,3.72321608231452,0,-0.0496746215013389,9083.59086069779,8962.18105609486,9203.32913807009
1304.5,27.2427553925614,27.5768536321941,26.9373006188969,-0.0151331205835505,1.74885066677359,1.69348388737893,1.80274653633788,-0.0390110989614243,0.2,27.0113641461062,2.4527089981764,-0.00453940581104462,27,4.17258562371882,4.38351329556366,3.72327421881055,0,-0.047766181809919,9083.63985409311,8962.21277584909,9203.34411662886
1305,27.2427553925614,27.5768536321941,26.9373006188969,-0.0147112554068488,1.74887271435306,1.69349839974977,1.8027533538496,-0.0390110989614243,0.2,27.0113788080918,2.4540273268536,-0.00453940581104462,27,4.17261475679043,4.38357044179556,3.72333215393213,0,-0.0464346065661776,9083.68851727516,8962.24440104165,9203.359353508
1305.5,27.2427553925614,27.5768536321941,26.9373006188969,-0.0146214281470891,1.7488946167721,1.69351286709886,1.80276028311328,-0.0390110989614243,0.2,27.0113925400041,2.45430803704035,-0.00453940581104462,27,4.17264377539039,4.38362738994713,3.7233898883768,0,-0.0461510758034721,9083.73686030641,8962.27592822835,9203.37484017327
1306,27.2427553925614,27.5768536321941,26.9373006188969,-0.0149559124358287,1.74891637962602,1.69352728796249,1.80276732039905,-0.0391074471918564,0.2,27.0114053799212,2.45326277363804,-0.00456215196849996,27,4.17267267996848,4.38368414070494,3.72344742283965,5,-0.0472068420124496,9083.78489553206,8962.30735421845,9203.39056828976
1306.5,27.2427553925614,27.5768536321941,26.9373006188969,-0.015552094607454,1.7489380087686,1.69354166098594,1.80277446206426,-0.0391074471918564,0.2,27.0114173645305,2.45139970435171,-0.00456215196849996,27,4.17270147097275,4.38374069475323,3.72350475801338,5,-0.0490886314189679,9083.83263586804,8962.33867605871,9203.40652971743
1307,27.2427553925614,27.5768536321941,26.9373006188969,-0.0161737755092905,1.74895950707451,1.69355598491688,1.80278170455158,-0.0391074471918564,0.2,27.0114285291769,2.44945695153347,-0.00456215196849996,27,4.17273014884943,4.38379705277382,3.7235618945883,5,-0.0510509050175245,9083.88008765505,8962.36989101904,9203.42271650685
1307.5,27.2427553925614,27.5768536321941,26.9373006188969,-0.0166257107899547,1.74898087435265,1.69357025859901,1.80278904438706,-0.0391074471918564,0.2,27.0114389079103,2.44804465378139,-0.00456215196849996,27,4.17275871404306,4.38385321544618,3.72361883325232,5,-0.052477393537413,9083.92725046697,8962.40099657851,9203.43912089499
1308,27.2427553925614,27.5768536321941,26.9373006188969,-0.0167487680326445,1.74900210793135,1.69358448096612,1.80279647817833,-0.0391990235101858,0.2,27.0114485335309,2.44766009989799,-0.00457941341235113,27,4.17278716699639,4.38390918344743,3.72367557469097,5,-0.0528658114182392,9083.97411840242,8962.43199041252,9203.45573530102
1308.5,27.2427553925614,27.5768536321941,26.9373006188969,-0.0164433052211545,1.74902320385781,1.69359865103639,1.80280400261275,-0.0391990235101858,0.2,27.0114574376329,2.44861467118389,-0.00457941341235113,27,4.17281550815044,4.38396495745233,3.7237321195874,0,-0.0519016486000522,9084.02068273216,8962.46287038036,9203.47255232234
1309,27.2427553925614,27.5768536321941,26.9373006188969,-0.0158650893827411,1.74904415793417,1.69361276790732,1.80281161445566,-0.0391990235101858,0.2,27.0114656506472,2.45042159567893,-0.00457941341235113,27,4.1728437379445,4.38402053813331,3.72378846862239,0,-0.0500765681276839,9084.0669341859,8962.49363451413,9203.48956473058
1309.5,27.2427553925614,27.5768536321941,26.9373006188969,-0.0152447830746297,1.74906496884479,1.69362683075075,1.80281931054869,-0.0391990235101858,0.2,27.0114732018818,2.45236005289178,-0.00457941341235113,27,4.17287185681613,4.38407592616049,3.72384462247439,0,-0.0481186332967612,9084.11286985507,8962.52428100796,9203.50676546781
1310,27.2427553925614,27.5768536321941,26.9373006188969,-0.0147733764079925,1.74908563824037,1.6936408388083,1.80282708780808,-0.0392865836602851,0.2,27.0114801195615,2.45383319872502,-0.00459204782461455,27,4.17289986520118,4.38413112220163,3.72390058181946,0,-0.0466306852941875,9084.15849337871,8962.55480820794,9203.52414764281
1310.5,27.2427553925614,27.5768536321941,26.9373006188969,-0.0146067311741645,1.74910617018827,1.6936547913871,1.802834943223,-0.0392865836602851,0.2,27.0114864308664,2.45435396508074,-0.00459204782461455,27,4.17292776353378,4.38418612692219,3.72395634733134,0,-0.0461046862781328,9084.20381373026,8962.58521460304,9203.54170452738
1311,27.2427553925614,27.5768536321941,26.9373006188969,-0.0148597102490839,1.74912657019389,1.6936686878558,1.802842873854,-0.0392865836602851,0.2,27.011492161968,2.45356340547161,-0.00459204782461455,27,4.17295555224635,4.38424094098534,3.72401191968145,5,-0.0469031894302086,9084.24884305763,8962.61549881617,9203.55942955276
1311.5,27.2427553925614,27.5768536321941,26.9373006188969,-0.0154238885579419,1.74914684412158,1.69368252764073,1.80285087683145,-0.0392865836602851,0.2,27.0114973380651,2.45180034825643,-0.00459204782461455,27,4.17298323176963,4.38429556505192,3.72406729953883,5,-0.0486839618442877,9084.29359430128,8962.64565959595,9203.57731630622
1312,27.2427553925614,27.5768536321941,26.9373006188969,-0.0160573164382733,1.74916699555034,1.69369631022222,1.80285894935393,-0.0393707760863649,0.2,27.0115019834184,2.4498208861304,-0.00460079336736783,27,4.17301080253264,4.3843499997805,3.72412248757029,5,-0.0506833136057657,9084.33807535736,8962.67569580873,9203.59535852745
1312.5,27.2427553925614,27.5768536321941,26.9373006188969,-0.0165570305950062,1.74918702478258,1.6937100351313,1.80286708868676,-0.0393707760863649,0.2,27.011506121383,2.44825927939061,-0.00460079336736783,27,4.17303826496273,4.38440424582738,3.72417748444025,5,-0.0522606113700777,9084.38228688965,8962.7056064313,9203.61355010522
1313,27.2427553925614,27.5768536321941,26.9373006188969,-0.0167569872900003,1.74920692955904,1.6937237019465,1.80287529216049,-0.0393707760863649,0.2,27.0115097744407,2.44763441471875,-0.00460079336736783,27,4.17306561948557,4.38445830384655,3.72423229081086,5,-0.052891754682157,9084.42622390737,8962.73539054391,9203.63188507413
1313.5,27.2427553925614,27.5768536321941,26.9373006188969,-0.016534374004047,1.74922670597186,1.69373731029072,1.80288355716947,-0.0393707760863649,0.2,27.011512964231,2.44833008123735,-0.00460079336736783,27,4.17309286652517,4.38451217448976,3.72428690734199,0,-0.0521890981063739,9084.4698777806,8962.7650473236,9203.65035761125
1314,27.2427553925614,27.5768536321941,26.9373006188969,-0.0159908747187706,1.749246349676,1.69375085982857,1.80289188117038,-0.039452156492306,0.2,27.0115157115807,2.45002851650384,-0.0046062846322684,27,4.17312000650384,4.38456585840649,3.7243413346912,0,-0.0504735969623274,9084.5132389143,8962.79457603821,9203.66896203299
1314.5,27.2427553925614,27.5768536321941,26.9373006188969,-0.0153625136661944,1.74926585858354,1.69376435026369,1.80290026168092,-0.039452156492306,0.2,27.0115180365326,2.45199214479314,-0.0046062846322684,27,4.17314703984225,4.38461935624398,3.7243955735138,0,-0.048490238135976,9084.5563026956,8962.82397604072,9203.68769279206
1315,27.2427553925614,27.5768536321941,26.9373006188969,-0.0148477888139651,1.74928523376141,1.69377778133635,1.80290869627842,-0.039452156492306,0.2,27.0115199583736,2.45360065995636,-0.0046062846322684,27,4.17317396695943,4.3846726686472,3.72444962446277,0,-0.0468655606123994,9084.59907147562,8962.85324676387,9203.70654447445
1315.5,27.2427553925614,27.5768536321941,26.9373006188969,-0.0146092855301553,1.74930447877275,1.69379115282117,1.80291718259861,-0.039452156492306,0.2,27.0115214956611,2.45434598271826,-0.0046062846322684,27,4.17320078827275,4.38472579625892,3.72450348818891,0,-0.0461127488473823,9084.64155311571,8962.88238771529,9203.72551179657
1316,27.2427553925614,27.5768536321941,26.9373006188969,-0.0147759039256565,1.74932359894301,1.693804464525,1.80292571833419,-0.0395312004677102,0.2,27.0115226662494,2.45382530023232,-0.00460906649976494,27,4.17322750419795,4.38477873971965,3.72455716534071,5,-0.046638663150942,9084.68375936759,8962.91139847286,9203.74458960219
1316.5,27.2427553925614,27.5768536321941,26.9373006188969,-0.0152983203063255,1.74934260005565,1.69381771628497,1.80293430123376,-0.0395312004677102,0.2,27.0115234873142,2.45219274904273,-0.00460906649976494,27,4.17325411514911,4.38483149966771,3.72461065656443,5,-0.0482876182148857,9084.7257029942,8962.94027868039,9203.76377285998
1317,27.2427553925614,27.5768536321941,26.9373006188969,-0.0159353909913084,1.74936148638124,1.69383090796634,1.80294292910041,-0.0395312004677102,0.2,27.0115239753769,2.45020190315216,-0.00460906649976494,27,4.17328062153872,4.38488407673918,3.7246639625041,5,-0.0502984681249657,9084.76739341913,8962.96902804309,9203.78305666031
1317.5,27.2427553925614,27.5768536321941,26.9373006188969,-0.0164762542413513,1.74938025873735,1.69384403946091,1.80295159979058,-0.0395312004677102,0.2,27.011524146328,2.44851170549578,-0.00460906649976494,27,4.17330702377761,4.38493647156795,3.72471708380151,5,-0.0520056488874012,9084.80883244382,8962.99764632391,9203.80243621281
1318,27.2427553925614,27.5768536321941,26.9373006188969,-0.0167478054421748,1.74939891529494,1.69385711068514,1.80296031121291,-0.0396083144344495,0.2,27.0115240154496,2.4476631079932,-0.00460960617983659,27,4.17333332227504,4.38498868478571,3.72477002109623,5,-0.0528627730976807,9084.85001602741,8963.02613333964,9203.82190684369
1318.5,27.2427553925614,27.5768536321941,26.9373006188969,-0.01661264241764,1.74941745228303,1.69387012157862,1.80296906132694,-0.0396083144344495,0.2,27.0115235974368,2.44808549244487,-0.00460960617983659,27,4.17335951743862,4.38504071702197,3.7248227750256,0,-0.052436144527039,9084.89093584231,8963.05448895741,9203.84146399294
1319,27.2427553925614,27.5768536321941,26.9373006188969,-0.0161133941442385,1.74943586531491,1.69388307210243,1.80297784814208,-0.0396083144344495,0.2,27.011522906419,2.44964564329925,-0.00460960617983659,27,4.17338560967437,4.38509256890403,3.72487534622477,0,-0.0508603172768745,9084.93158220149,8963.08271309125,9203.86110321198
1319.5,27.2427553925614,27.5768536321941,26.9373006188969,-0.0154849043104156,1.74945415154701,1.69389596223795,1.80298666971646,-0.0396083144344495,0.2,27.0115219559799,2.45160967402995,-0.00460960617983659,27,4.17341159938675,4.38514424105705,3.72492773532669,0,-0.0488765519653957,9084.97194882434,8963.11080569937,9203.88082016104
1320,27.2427553925614,27.5768536321941,26.9373006188969,-0.0149333530739386,1.7494723114474,1.69390879198541,1.80299552415589,-0.0396838451346433,0.2,27.0115207591772,2.45333327164394,-0.00460830367086373,27,4.17343748697858,4.385195734104,3.72497994296211,0,-0.0471356356425799,9085.01203674053,8963.13876678115,9203.9006106069
1320.5,27.2427553925614,27.5768536321941,26.9373006188969,-0.0146281946048259,1.74949034806354,1.69392156136276,1.80300440961278,-0.0396838451346433,0.2,27.0115193285612,2.45428689185992,-0.00460830367086373,27,4.17346327285112,4.38524704866569,3.72503196975959,0,-0.0461724334506725,9085.05185267391,8963.16659637449,9203.92047042052
1321,27.2427553925614,27.5768536321941,26.9373006188969,-0.0147066614472614,1.74950826647679,1.69393427040457,1.8030133242851,-0.0396838451346433,0.2,27.0115176761933,2.45404168297731,-0.00460830367086373,27,4.17348895740405,4.38529818536079,3.72508381634555,5,-0.0464201061921358,9085.0914078382,8963.19429455361,9203.94039557459
1321.5,27.2427553925614,27.5768536321941,26.9373006188969,-0.0151772028718561,1.74952607228367,1.69394691916101,1.80302226641545,-0.0396838451346433,0.2,27.0115158136632,2.45257124102545,-0.00460830367086373,27,4.1735145410355,4.38534914480584,3.72513548334417,5,-0.0479053231447266,9085.13071458469,8963.2218614267,9203.96038214156
1322,27.2427553925614,27.5768536321941,26.9373006188969,-0.0158094967473244,1.74954377041516,1.69395950769666,1.80303123428999,-0.0397580878516735,0.2,27.0115137521063,2.45059532266461,-0.00460550084252134,27,4.17354002414199,4.3853999276152,3.72518697137752,5,-0.0499010955332547,9085.1697837956,8963.24929713335,9203.98042629116
1322.5,27.2427553925614,27.5768536321941,26.9373006188969,-0.0163845973434118,1.74956136222628,1.69397203608967,1.80304022623745,-0.0397580878516735,0.2,27.0115115022195,2.44879813330184,-0.00460550084252134,27,4.17356540711854,4.38545053440113,3.72523828106552,5,-0.0517163430547451,9085.20861845929,8963.27660184273,9204.0005242883
1323,27.2427553925614,27.5768536321941,26.9373006188969,-0.0167221836622502,1.74957884633655,1.69398450443075,1.80304924062826,-0.0397580878516735,0.2,27.0115090742775,2.44774317605547,-0.00460550084252134,27,4.17359069035857,4.38550096577377,3.72528941302591,5,-0.0527819005115267,9085.24721552544,8963.30377575141,9204.02067249105
1323.5,27.2427553925614,27.5768536321941,26.9373006188969,-0.0166759931723935,1.74959621917829,1.6939969128223,1.80305827587351,-0.0397580878516735,0.2,27.0115064781476,2.44788752133627,-0.00460550084252134,27,4.17361587425397,4.38555122234113,3.72534036787431,0,-0.0526361048493429,9085.28556711523,8963.33081908149,9204.04086734829
1324,27.2427553925614,27.5768536321941,26.9373006188969,-0.0162308755322989,1.74961347644196,1.69400926137756,1.80306733042408,-0.0398312935313463,0.2,27.0115037233049,2.44927851396157,-0.00460148932195636,27,4.17364095919509,4.38560130470913,3.7253911462242,0,-0.0512311355301484,9085.32366371212,8963.35773207859,9204.06110539785
1324.5,27.2427553925614,27.5768536321941,26.9373006188969,-0.015610489715306,1.74963061456343,1.69402155021997,1.80307640276974,-0.0398312935313463,0.2,27.0115008188459,2.45121721963967,-0.00460148932195636,27,4.17366594557076,4.38565121348157,3.72544174868696,0,-0.0492729497373917,9085.3614974449,8963.38451501066,9204.08138326444
1325,27.2427553925614,27.5768536321941,26.9373006188969,-0.0150288781821257,1.74964763339576,1.6940337794824,1.80308549143831,-0.0398312935313463,0.2,27.0114977735027,2.45303475568086,-0.00460148932195636,27,4.17369083376826,4.38570094926018,3.72549217587182,0,-0.0474371510940616,9085.39906798611,8963.41116816617,9204.10169765778
1325.5,27.2427553925614,27.5768536321941,26.9373006188969,-0.0146625149262664,1.74966453545852,1.69404594930656,1.80309459499482,-0.0398312935313463,0.2,27.0114945956561,2.45417964085542,-0.00460148932195636,27,4.17371562417336,4.38575051264458,3.7255424283859,0,-0.0462807621132673,9085.4363808948,8963.43769185288,9204.12204537074
1326,27.2427553925614,27.5768536321941,26.9373006188969,-0.0146542270626684,1.7496813255419,1.69405805984241,1.80310371204064,-0.0399036749481425,0.2,27.011491293348,2.45420554042916,-0.00459651733919202,27,4.17374031717031,4.38579990423233,3.72559250683424,5,-0.0462546023006064,9085.47344674284,8963.46408639656,9204.14242327742
1326.5,27.2427553925614,27.5768536321941,26.9373006188969,-0.0150624169436847,1.74969800895316,1.69407011124781,1.80311284121279,-0.0399036749481425,0.2,27.0114878742942,2.45292994705099,-0.00459651733919202,27,4.17376491314186,4.3858491246189,3.72564241181977,5,-0.0475430128410464,9085.51027724372,8963.49035214015,9204.16282833148
1327,27.2427553925614,27.5768536321941,26.9373006188969,-0.0156811914857087,1.74971459122422,1.69408210368756,1.80312198118299,-0.0399036749481425,0.2,27.0114843458962,2.45099627660716,-0.00459651733919202,27,4.17378941246925,4.38589817439772,3.72569214394334,5,-0.049496112805491,9085.54688460712,8963.51648944178,9204.18325756426
1327.5,27.2427553925614,27.5768536321941,26.9373006188969,-0.0162833295069815,1.74973107427043,1.69409403733321,1.80313113065699,-0.0399036749481425,0.2,27.0114807152522,2.44911459529068,-0.00459651733919202,27,4.17381381553222,4.38594705416014,3.72574170380371,5,-0.0513967012558365,9085.58327305889,8963.54249867428,9204.20370808301
1328,27.2427553925614,27.5768536321941,26.9373006188969,-0.0166811321049695,1.74974745717889,1.69410591236246,1.80314028837375,-0.0399754120424873,0.2,27.0114769891688,2.44787146217197,-0.00459079566752365,27,4.17383812270901,4.38599576449548,3.72579109199756,5,-0.0526523253761259,9085.61944058114,8963.56838022385,9204.22417706923
1328.5,27.2427553925614,27.5768536321941,26.9373006188969,-0.0167222346243736,1.74976373663461,1.69411772895859,1.80314945310471,-0.0399754120424873,0.2,27.0114731741713,2.44774301679883,-0.00459079566752365,27,4.17386233437639,4.386044305991,3.72584030911952,5,-0.0527820613683728,9085.65537985301,8963.59413448898,9204.24466177703
1329,27.2427553925614,27.5768536321941,26.9373006188969,-0.0163414809743854,1.74977990851917,1.69412948730999,1.80315862365296,-0.0399754120424873,0.2,27.011469276514,2.44893287195505,-0.00459079566752365,27,4.17388645090963,4.38609267923194,3.72588935576216,0,-0.0515802505475501,9085.69108177988,8963.61976187917,9204.2651595312
1329.5,27.2427553925614,27.5768536321941,26.9373006188969,-0.0157377460085347,1.7497959686113,1.69414118760996,1.80316779885271,-0.0399754120424873,0.2,27.0114653021904,2.45081954372333,-0.00459079566752365,27,4.17391047268257,4.38614088480151,3.72593823251597,0,-0.0496746215013389,9085.72653703995,8963.6452628147,9204.28566772604
1330,27.2427553925614,27.5768536321941,26.9373006188969,-0.0151331205835505,1.74981191613213,1.69415283005619,1.8031769775684,-0.040046656538788,0.2,27.0114612569426,2.4527089981764,-0.00458450277702269,27,4.17393440006751,4.38618892328088,3.72598693996943,0,-0.047766181809919,9085.76174391093,8963.67063772545,9204.30618382347
1330.5,27.2427553925614,27.5768536321941,26.9373006188969,-0.0147112554068488,1.74982775306008,1.69416441485046,1.80318615869417,-0.040046656538788,0.2,27.0114571462703,2.4540273268536,-0.00458450277702269,27,4.17395823343534,4.38623679524922,3.72603547870896,0,-0.0464346065661776,9085.79670675781,8963.69588705017,9204.32670535171
1331,27.2427553925614,27.5768536321941,26.9373006188969,-0.0146214281470891,1.74984348371603,1.69417594219844,1.80319534115313,-0.040046656538788,0.2,27.0114529754404,2.45430803704035,-0.00458450277702269,27,4.17398197315548,4.3862845012837,3.72608384931896,0,-0.0461510758034721,9085.8314351171,8963.72101123611,9204.34722990375
1331.5,27.2427553925614,27.5768536321941,26.9373006188969,-0.0149559124358287,1.74985911345655,1.6941874123094,1.80320452389677,-0.040046656538788,0.2,27.0114487494949,2.45326277363804,-0.00458450277702269,27,4.17400561959589,4.38633204195948,3.7261320523818,5,-0.0472068420124496,9085.86594081189,8963.74601073838,9204.36775513597
1332,27.2427553925614,27.5768536321941,26.9373006188969,-0.015552094607454,1.74987464789808,1.69419882539585,1.80321370590429,-0.040117535939352,0.2,27.0114444732599,2.45139970435171,-0.00457778930394994,27,4.17402917312311,4.38637941784972,3.72618008847783,5,-0.0490886314189679,9085.90023623926,8963.77088601921,9204.3882787667
1332.5,27.2427553925614,27.5768536321941,26.9373006188969,-0.0161737755092865,1.7498900896793,1.69421018167326,1.80322288618196,-0.040117535939352,0.2,27.0114401513529,2.44945695153348,-0.00457778930394994,27,4.17405263410221,4.38642662952559,3.72622795818539,5,-0.051050905017512,9085.93432722234,8963.79563754724,9204.40879857472
1333,27.2427553925614,27.5768536321941,26.9373006188969,-0.016625710789739,1.74990543837441,1.69422148135986,1.80323206376255,-0.040117535939352,0.2,27.0114357881911,2.44804465378207,-0.00457778930394994,27,4.17407600289683,4.3864736775563,3.72627566208083,5,-0.0524773935367321,9085.96821281896,8963.82026579711,9204.42931239803
1333.5,27.2427553925614,27.5768536321941,26.9373006188969,-0.0167487680298061,1.7499206910784,1.6942327246763,1.80324123770465,-0.040117535939352,0.2,27.0114313879986,2.44766009990686,-0.00457778930394994,27,4.17409927986919,4.38652056250909,3.72632320073849,5,-0.0528658114092798,9086.00188661338,8963.84477124879,9204.44981813235
1334,27.2427553925614,27.5768536321941,26.9373006188969,-0.0164433052211545,1.74993584360641,1.69424391184528,1.80325040709209,-0.0401881569768321,0.2,27.0114269548138,2.44861467118389,-0.00457078192552558,27,4.17412246538009,4.3865672849492,3.72637057473071,0,-0.0519016486000522,9086.03533936434,8963.86915438675,9204.47031372979
1334.5,27.2427553925614,27.5768536321941,26.9373006188969,-0.0158650893827411,1.74995089153002,1.69425504309158,1.80325957103344,-0.0401881569768321,0.2,27.011422492496,2.45042159567893,-0.00457078192552558,27,4.17414555978891,4.38661384543994,3.72641778462789,0,-0.0500765681276839,9086.06856129265,8963.89341569993,9204.49079719774
1335,27.2427553925614,27.5768536321941,26.9373006188969,-0.0152447830746297,1.74996583330453,1.69426611864167,1.80326872866139,-0.0401881569768321,0.2,27.0114180047325,2.45236005289178,-0.00457078192552558,27,4.1741685634536,4.38666024454265,3.7264648309984,0,-0.0481186332967612,9086.10154898561,8963.91755568102,9204.51126659746
1335.5,27.2427553925614,27.5768536321941,26.9373006188969,-0.0147733764079925,1.74998067035304,1.6942771387237,1.80327787913218,-0.0401881569768321,0.2,27.0114134950447,2.45383319872502,-0.00457078192552558,27,4.17419147673073,4.38670648281676,3.72651171440868,0,-0.0466306852941875,9086.13430558265,8963.94157482638,9204.53172004287
1336,27.2427553925614,27.5768536321941,26.9373006188969,-0.0146067311741645,1.74999540651682,1.69428810356728,1.8032870216252,-0.0402586085972416,0.2,27.0114089667947,2.45435396508074,-0.00456358671786745,27,4.17421429997545,4.3867525608197,3.72655843542319,0,-0.0461046862781328,9086.16683956201,8963.96547363554,9204.5521556996
1336.5,27.2427553925614,27.5768536321941,26.9373006188969,-0.0148597102490839,1.75001004707662,1.69429901340343,1.80329615534236,-0.0402586085972416,0.2,27.011404423191,2.45356340547161,-0.00456358671786745,27,4.17423703354152,4.38679847910703,3.72660499460444,5,-0.0469031894302086,9086.19916258015,8963.98925261109,9204.57257178362
1337,27.2427553925614,27.5768536321941,26.9373006188969,-0.0154238885579419,1.75002459767351,1.6943098684644,1.80330527950764,-0.0402586085972416,0.2,27.0113998672946,2.45180034825643,-0.00456358671786745,27,4.17425967778132,4.38684423823235,3.72665139251301,5,-0.0486839618442877,9086.23128708916,8964.01291225836,9204.5929665602
1337.5,27.2427553925614,27.5768536321941,26.9373006188969,-0.0160573164382733,1.75003906166444,1.69432066898348,1.80331439336658,-0.0402586085972416,0.2,27.0113953020242,2.4498208861304,-0.00456358671786745,27,4.17428223304584,4.38688983874733,3.72669762970749,5,-0.0506833136057657,9086.26322049846,8964.03645308493,9204.61333834279
1338,27.2427553925614,27.5768536321941,26.9373006188969,-0.0165570305950062,1.75005343913104,1.69433141519484,1.80332349618575,-0.0403289645358385,0.2,27.0113907301621,2.44825927939061,-0.0045562920648436,27,4.17430469968467,4.38693528120176,3.72674370674458,5,-0.0522606113700777,9086.29496298642,8964.05987560034,9204.63368549185
1338.5,27.2427553925614,27.5489763639313,26.9373006188969,-0.0167569872900003,1.75006772759449,1.69434210733345,1.8033325872523,-0.0403289645358385,0.2,27.0113861543589,2.44763441471875,-0.0045562920648436,27,4.17432707804606,4.38698056614351,3.72678962417903,5,-0.052891754682157,9086.32650907833,8964.08318031585,9204.6540064138
1339,27.2427553925614,27.5489763639313,26.9373006188969,-0.016534374004047,1.75008192292864,1.69435274563479,1.80334166587344,-0.0403289645358385,0.2,27.0106213640333,2.44833008123735,-0.0045562920648436,27,4.17434936847686,4.38702569411855,3.72683538256369,0,-0.0521890981063739,9086.35784966247,8964.10636774382,9204.6742995599
1339.5,27.2427553925614,27.5489763639313,26.9373006188969,-0.0159908747159297,1.75009602057148,1.6943633303348,1.80335073137599,-0.0403289645358385,0.2,27.0098828020456,2.45002851651272,-0.0045562920648436,27,4.17437157132259,4.38707066567096,3.72688098244947,0,-0.0504735969533604,9086.38897466475,8964.12943839765,9204.69456342525
1340,27.2427553925614,27.5489763639313,26.9373006188969,-0.0153625136661891,1.75011001821954,1.69437386166983,1.80335978310598,-0.0395181406985863,0.2,27.009169565838,2.45199214479316,-0.00366782633518454,27,4.17439368692739,4.38711548134292,3.72692642438538,0,-0.0484902381359594,9086.41987899739,8964.15239279169,9204.71479654784
1340.5,27.2427553925614,27.5489763639313,26.9373006188969,-0.0148477888139651,1.75012391672561,1.69438433987652,1.80336882042816,-0.0395181406985863,0.2,27.008480783957,2.45360065995636,-0.00366782633518454,27,4.17441571563405,4.38716014167476,3.72697170891853,0,-0.0468655606123994,9086.45056454106,8964.17523144085,9204.73499750751
1341,27.2427553925614,27.5489763639313,26.9373006188969,-0.0146092855301553,1.75013771944006,1.69439476519177,1.80337784272562,-0.0395181406985863,0.2,27.0078156149815,2.45434598271826,-0.00366782633518454,27,4.17443765778401,4.38720464720491,3.72701683659414,0,-0.0461127488473823,9086.48103869074,8964.19795486065,9204.7551649251
1341.5,27.2427553925614,27.5489763639313,26.9373006188969,-0.0147759039256562,1.75015143147701,1.69440513785271,1.80338684939936,-0.0395181406985863,0.2,27.0071732464866,2.45382530023232,-0.00366782633518454,27,4.17445951371739,4.38724899846994,3.72706180795553,5,-0.0466386631509411,9086.51131273557,8964.22056356711,9204.77529746145
1342,27.2427553925614,27.5489763639313,26.9373006188969,-0.0152983203063255,1.75016505840979,1.69441545809668,1.80339583986796,-0.0385371991794159,0.2,27.0065528940438,2.45219274904273,-0.00262115761750721,27,4.17448128377295,4.38729319600457,3.72710662354416,5,-0.0482876182148857,9086.54139897881,8964.24305807677,9204.79539381668
1342.5,27.2427553925614,27.5489763639313,26.9373006188969,-0.0159353909913084,1.75017860430013,1.69442572616101,1.80340481356705,-0.0385371991794159,0.2,27.0059538002557,2.45020190315216,-0.00262115761750721,27,4.17450296828813,4.38733724034165,3.72715128389958,5,-0.0502984681249657,9086.57130638637,8964.26543890606,9204.81545272905
1343,27.2427553925614,27.5489763639313,26.9373006188969,-0.0164762542413513,1.75019206975788,1.69443594228298,1.80341376994899,-0.0385371991794159,0.2,27.0053752338239,2.44851170549578,-0.00262115761750721,27,4.17452456759904,4.38738113201222,3.72719578955949,5,-0.0520056488874012,9086.60103630304,8964.28770657142,9204.83547297415
1343.5,27.2427553925614,27.5489763639313,26.9373006188969,-0.0167478054421748,1.75020545274742,1.69444610669982,1.80342270848247,-0.0385371991794159,0.2,27.0048164886486,2.4476631079932,-0.00262115761750721,27,4.17454608204046,4.38742487154544,3.72724014105975,5,-0.0528627730976807,9086.63058423279,8964.3098615891,9204.85545336414
1344,27.2427553925614,27.5489763639313,26.9373006188969,-0.01661264241764,1.75021874929241,1.69445621964845,1.80343162865208,-0.0376781753901057,0.2,27.0042768829603,2.44808549244487,-0.00171075318412903,27,4.17456751194588,4.38746845946863,3.72728433893432,0,-0.052436144527039,9086.65994139464,8964.33190447473,9204.87539274663
1344.5,27.2427553925614,27.5489763639313,26.9373006188969,-0.0161133941442385,1.750231954802,1.69446628136544,1.80344052995799,-0.0376781753901057,0.2,27.0037557584804,2.44964564329925,-0.00171075318412903,27,4.17458885764746,4.38751189630732,3.72732838371534,0,-0.0508603172768745,9086.68909765071,8964.35383574316,9204.89529000411
1345,27.2427553925614,27.5489763639313,26.9373006188969,-0.0154849043104156,1.7502450662298,1.69447629208709,1.80344941191558,-0.0376781753901057,0.2,27.0032524796111,2.45160967402995,-0.00171075318412903,27,4.17461011947605,4.3875551825852,3.72737227593308,0,-0.0488765519653957,9086.7180462731,8964.37565590869,9204.915144053
1345.5,27.2427553925614,27.5489763639313,26.9373006188969,-0.0149333530739386,1.75025808384239,1.6944862520493,1.80345827405506,-0.0376781753901057,0.2,27.0027664326539,2.45333327164394,-0.00171075318412903,27,4.17463129776122,4.38759831882414,3.72741601611603,0,-0.0471356356425799,9086.74678784845,8964.39736548474,9204.93495384293
1346,27.2427553925614,27.5489763639313,26.9373006188969,-0.0146281946048211,1.75027101048705,1.69449616148755,1.80346711592119,-0.0369247840320845,0.2,27.0022970250538,2.45428689185993,-0.000918810021516947,27,4.17465239283124,4.3876413055442,3.72745960479078,0,-0.0461724334506573,9086.77532866144,8964.41896498381,9204.954718356
1346.5,27.2427553925614,27.5489763639313,26.9373006188969,-0.0147066614470074,1.75028385104625,1.69450602063699,1.80347593707293,-0.0369247840320845,0.2,27.0018436846707,2.4540416829781,-0.000918810021516947,27,4.17467340501307,4.38768414326364,3.72750304248214,5,-0.0464201061913343,9086.80367949034,8964.44045491773,9204.97443660604
1347,27.2427553925614,27.5489763639313,26.9373006188969,-0.0151772028718558,1.75029661091887,1.69451582973245,1.80348473708316,-0.0369247840320845,0.2,27.0014058590752,2.45257124102545,-0.000918810021516947,27,4.17469433463241,4.38772683249894,3.72754632971309,5,-0.0479053231447257,9086.83185225379,8964.46183579758,9204.99410763802
1347.5,27.2427553925614,27.5489763639313,26.9373006188969,-0.0158094967473244,1.75030929483936,1.69452558900815,1.80349351553826,-0.0369247840320845,0.2,27.0009830148693,2.45059532266461,-0.000918810021516947,27,4.17471518201366,4.38776937376477,3.7275894670048,5,-0.0499010955332547,9086.85985740353,8964.48310813318,9205.01373052706
1348,27.2427553925614,27.5489763639313,26.9373006188969,-0.0163845973434115,1.75032190396738,1.69453529869793,1.8035022720379,-0.036262901517226,0.2,27.0005746370299,2.44879813330184,-0.000229854811979635,27,4.17473594747996,4.38781176757402,3.72763245487662,5,-0.0517163430547442,9086.88769749853,8964.50427243351,9205.03330437799
1348.5,27.2427553925614,27.5489763639313,26.9373006188969,-0.0167221836622502,1.7503344367281,1.69454495903501,1.80351100619464,-0.036262901517226,0.2,27.0001802282755,2.44774317605547,-0.000229854811979635,27,4.17475663135317,4.3878540144378,3.72767529384612,5,-0.0527819005115267,9086.91536906022,8964.52532920616,9205.05282832445
1349,27.2427553925614,27.5489763639313,26.9373006188969,-0.0166759931723935,1.75034688936065,1.69455457025197,1.80351971763366,-0.036262901517226,0.2,26.9997993084542,2.44788752133627,-0.000229854811979635,27,4.1747772339539,4.38789611486546,3.72771798442908,0,-0.0526361048493429,9086.94286378332,8964.54627895741,9205.07230152825
1349.5,27.2427553925614,27.5489763639313,26.9373006188969,-0.0162308755322989,1.75035925736342,1.69456413258062,1.80352840599242,-0.036262901517226,0.2,26.9994314139532,2.44927851396157,-0.000229854811979635,27,4.1747977556015,4.38793806936458,3.72776052713949,0,-0.0512311355301484,9086.97017172697,8964.56712219182,9205.09172317872
1350,27.2427553925614,27.5489763639313,26.9373006188969,-0.015610489715306,1.75037153698143,1.69457364625212,1.80353707092043,-0.035680280246801,0.2,26.999076097129,2.45121721963967,0.000369561148394837,27,4.17481819661404,4.38797987844097,3.72780292248953,0,-0.0492729497373917,9086.99728459869,8964.58785941255,9205.11109249201
1350.5,27.2427553925614,27.5489763639313,26.9373006188969,-0.0150288781821257,1.75038372787817,1.69458311149693,1.80354571207892,-0.035680280246801,0.2,26.9987329257561,2.45303475568086,0.000369561148394837,27,4.17483855730836,4.3880215425987,3.72784517098965,0,-0.0474371510940616,9087.02420165385,8964.60849112124,9205.13040871057
1351,27.2427553925614,27.5489763639313,26.9373006188969,-0.0146625149262664,1.75039583238488,1.69459252854473,1.80355432914063,-0.035680280246801,0.2,26.9984014824959,2.45417964085542,0.000369561148394837,27,4.17485883800006,4.38806306234008,3.7278872731485,0,-0.0462807621132673,9087.05092803807,8964.62901781787,9205.14967110252
1351.5,27.2427553925614,27.5489763639313,26.9373006188969,-0.0146542270626684,1.75040785510459,1.69460189762457,1.80356292178949,-0.035680280246801,0.2,26.9980813643834,2.45420554042916,0.000369561148394837,27,4.17487903900348,4.38810443816569,3.72792922947298,5,-0.0462546023006064,9087.07747391318,8964.64944000099,9205.16887896098
1352,27.2427553925614,27.5489763639313,26.9373006188969,-0.0150624169436847,1.75041980115862,1.69461121896491,1.80357148972048,-0.0351663005464999,0.2,26.9977721823316,2.45292994705099,0.000891127067372111,27,4.17489916063175,4.38814567057436,3.72797104046824,5,-0.0475430128410464,9087.10385058544,8964.66975816797,9205.18803160381
1352.5,27.2427553925614,27.5489763639313,26.9373006188969,-0.0156811914854747,1.75043167589404,1.69462049279343,1.80358003263922,-0.0351663005464999,0.2,26.997473560653,2.45099627660789,0.000891127067372111,27,4.17491920319675,4.38818676006322,3.72801270663767,5,-0.0494961128047523,9087.13006985975,8964.68997281436,9205.20712837261
1353,27.2427553925614,27.5489763639313,26.9373006188969,-0.0162833295041692,1.75044348104239,1.69462971933706,1.80358855026183,-0.0351663005464999,0.2,26.9971851365978,2.44911459529947,0.000891127067372111,27,4.17493916700915,4.38822770712765,3.72805422848292,5,-0.0513967012469596,9087.15613555803,8964.7100844342,9205.22616863246
1353.5,27.2427553925614,27.5489763639313,26.9373006188969,-0.0166811321049632,1.75045521550794,1.69463889882201,1.80359704231461,-0.0351663005464999,0.2,26.9969065599078,2.44787146217199,0.000891127067372111,27,4.17495905237837,4.38826851226133,3.72809560650392,5,-0.0526523253761057,9087.18204525968,8964.73009351988,9205.24515177118
1354,27.2427553925614,27.5489763639313,26.9373006188969,-0.0167222346243736,1.75046687579397,1.69464803147362,1.8036055085338,-0.034711755304194,0.2,26.9966374923857,2.44774301679883,0.00134500304570224,27,4.17497885961266,4.3883091759562,3.72813684119884,5,-0.0527820613683728,9087.20779124258,8964.75000056198,9205.26407719886
1354.5,27.2427553925614,27.5489763639313,26.9373006188969,-0.0163414809743855,1.75047845760139,1.69465711751628,1.80361394866535,-0.034711755304194,0.2,26.9963776074796,2.44893287195505,0.00134500304570224,27,4.174998589019,4.38834969870254,3.72817793306413,0,-0.0515802505475505,9087.23336401301,8964.76980604893,9205.28294434722
1355,27.2427553925614,27.5489763639313,26.9373006188969,-0.0157377460085347,1.75048995652934,1.69466615717356,1.80362236246469,-0.034711755304194,0.2,26.9961265898812,2.45081954372333,0.00134500304570224,27,4.17501824090321,4.38839008098889,3.72821888259453,0,-0.0496746215013389,9087.25875385236,8964.78951046746,9205.30175266921
1355.5,27.2427553925614,27.5489763639313,26.9373006188969,-0.0151331205835505,1.75050137162059,1.69467515066816,1.80363074969648,-0.034711755304194,0.2,26.9958841351383,2.4527089981764,0.00134500304570224,27,4.17503781556991,4.38843032330212,3.72825969028307,0,-0.047766181809919,9087.28395864558,8964.80911430238,9205.32050163841
1356,27.2427553925614,27.5489763639313,26.9373006188969,-0.0147112554068488,1.75051270467635,1.69468409822185,1.80363911013445,-0.034308663007959,0.2,26.995649949281,2.4540273268536,0.00174002028761038,27,4.17505731332249,4.3884704261274,3.72830035662105,0,-0.0464346065661776,9087.30898236832,8964.82861803647,9205.33919074865
1356.5,27.2427553925614,27.5489763639313,26.9373006188969,-0.0146214281470891,1.75052395984144,1.69469300005564,1.80364744356116,-0.034308663007959,0.2,26.9954237484596,2.45430803704035,0.00174002028761038,27,4.17507673446318,4.38851038994823,3.7283408820981,0,-0.0461510758034721,9087.33383417111,8964.84802215086,9205.35781951351
1357,27.2427553925614,27.5489763639313,26.9373006188969,-0.0149559124358287,1.75053514229748,1.6947018563898,1.80365574976786,-0.034308663007959,0.2,26.9952052585965,2.45326277363804,0.00174002028761038,27,4.175096079293,4.38855021524643,3.72838126720212,5,-0.0472068420124496,9087.35852549384,8964.86732712506,9205.37638746599
1357.5,27.2427553925614,27.5489763639313,26.9373006188969,-0.015552094607454,1.75054625748705,1.6947106674437,1.80366402855418,-0.034308663007959,0.2,26.9949942150489,2.45139970435171,0.00174002028761038,27,4.17511534811181,4.38858990250213,3.72842151241935,5,-0.0490886314189679,9087.38306835271,8964.8865334367,9205.39489415783
1358,27.2427553925614,27.5489763639313,26.9373006188969,-0.0161737755092865,1.75055730787586,1.69471943343591,1.80367227972801,-0.0339501054471931,0.2,26.9947903622839,2.44945695153348,0.00208385508644824,27,4.17513454121826,4.38862945219383,3.72846161823433,5,-0.051050905017512,9087.40746819107,8964.9056415616,9205.41333915921
1358.5,27.2427553925614,27.5489763639313,26.9373006188969,-0.016625710789739,1.75056829286621,1.69472815458416,1.80368050310525,-0.0339501054471931,0.2,26.9945934535641,2.44804465378207,0.00208385508644824,27,4.17515365890984,4.38866886479834,3.72850158512991,5,-0.0524773935367321,9087.43172368801,8964.92465197376,9205.43172205825
1359,27.2427553925614,27.5489763639313,26.9373006188969,-0.0167487680298061,1.75057920938207,1.69473683110527,1.80368869850963,-0.0339501054471931,0.2,26.9944032506451,2.44766009990686,0.00208385508644824,27,4.17517270148289,4.38870814079084,3.72854141358731,5,-0.0528658114092798,9087.45582805038,8964.94356514522,9205.45004246054
1359.5,27.2427553925614,27.5489763639313,26.9373006188969,-0.0164433052211487,1.75059005306865,1.69474546321501,1.80369686577249,-0.0339501054471931,0.2,26.9942195234819,2.44861467118391,0.00208385508644824,27,4.17519166923258,4.38874728064485,3.72858110408603,0,-0.0519016486000338,9087.47977166132,8964.96238154574,9205.4682999887
1360,27.2427553925614,27.5489763639313,26.9373006188969,-0.0158650893824428,1.75060081932856,1.69475405112822,1.80370500473261,-0.0336300868306054,0.2,26.994042049947,2.45042159567987,0.00238318002118376,27,4.17521056245289,4.38878628483227,3.72862065710396,0,-0.0500765681267424,9087.50354436824,8964.98110164308,9205.48649428195
1360.5,27.2427553925614,27.5489763639313,26.9373006188969,-0.0152447830746296,1.75061150644927,1.69476259505885,1.80371311523603,-0.0336300868306054,0.2,26.9938706155575,2.45236005289178,0.00238318002118376,27,4.17522938143667,4.38882515382333,3.72866007311728,0,-0.0481186332967608,9087.52714238847,8964.99972590302,9205.50462499579
1361,27.2427553925614,27.5489763639313,26.9373006188969,-0.0147733764079925,1.75062211568718,1.69477109521988,1.80372119713587,-0.0336300868306054,0.2,26.9937050132112,2.45383319872502,0.00238318002118376,27,4.17524812647562,4.38886388808665,3.72869935260057,0,-0.0466306852941875,9087.55056849492,8965.01825478925,9205.52269180148
1361.5,27.2427553925614,27.5489763639313,26.9373006188969,-0.0146067311741645,1.75063265071793,1.69477955182339,1.80372925029222,-0.0336300868306054,0.2,26.9935450429324,2.45435396508074,0.00238318002118376,27,4.1752667978603,4.38890248808923,3.72873849602673,0,-0.0461046862781328,9087.57383080249,8965.03668876353,9205.54069438591
1362,27.2427553925614,27.5489763639313,26.9373006188969,-0.0148597102490839,1.75064311665765,1.6947879650807,1.80373727457193,-0.033343411501658,0.2,26.9933905116266,2.45356340547161,0.00264379534934278,27,4.17528539588009,4.38894095429644,3.72877750386706,5,-0.0469031894302086,9087.59694060695,8965.05502828593,9205.55863245106
1362.5,27.2427553925614,27.5489763639313,26.9373006188969,-0.0154238885579419,1.75065351898385,1.69479633520227,1.80374526984849,-0.033343411501658,0.2,26.9932412328431,2.45180034825643,0.00264379534934278,27,4.17530392082329,4.38897928717204,3.72881637659118,5,-0.0486839618442877,9087.61991000205,8965.07327381467,9205.57650571375
1363,27.2427553925614,27.5489763639313,26.9373006188969,-0.0160573164382733,1.75066386089084,1.69480466239764,1.80375323600181,-0.033343411501658,0.2,26.9930970265459,2.4498208861304,0.00264379534934278,27,4.17532237297702,4.38901748717818,3.72885511466712,5,-0.0506833136057657,9087.64274604018,8965.09142580603,9205.59431390519
1363.5,27.2427553925614,27.5489763639313,26.9373006188969,-0.0165570305950062,1.75067414229848,1.69481294687554,1.80376117291809,-0.033343411501658,0.2,26.9929577188931,2.44825927939061,0.00264379534934278,27,4.17534075262729,4.38905555477544,3.72889371856129,5,-0.0522606113700777,9087.66544854346,8965.10948471438,9205.6120567706
1364,27.2427553925614,27.5489763639313,26.9373006188969,-0.0167569872900003,1.75068436056715,1.6948211888437,1.80376908048968,-0.0330855778025274,0.2,26.992823142023,2.44763441471875,0.00287074319079608,27,4.17535906005899,4.38909349042274,3.72893218873845,5,-0.052891754682157,9087.68801168227,8965.12745099207,9205.62973406897
1364.5,27.2427553925614,27.5489763639313,26.9373006188969,-0.016534374004047,1.75069451141075,1.69482938850889,1.80377695861485,-0.0330855778025274,0.2,26.9926931338483,2.44833008123735,0.00287074319079608,27,4.17537729555588,4.38913129457747,3.72897052566178,0,-0.0521890981063739,9087.71042599144,8965.1453250893,9205.6473455725
1365,27.2427553925614,27.5489763639313,26.9373006188969,-0.0159908747159297,1.75070459010841,1.69483754607687,1.80378480719769,-0.0330855778025274,0.2,26.992567537857,2.45002851651272,0.00287074319079608,27,4.17539545940061,4.3891689676954,3.72900872979284,0,-0.0504735969533604,9087.73268104558,8965.16310745407,9205.66489106644
1365.5,27.2427553925614,27.5489763639313,26.9373006188969,-0.0153625136661891,1.75071459419872,1.6948456617525,1.80379262614795,-0.0330855778025274,0.2,26.9924462029205,2.45199214479316,0.00287074319079608,27,4.17541355187473,4.38920651023072,3.72904680159162,0,-0.0484902381359594,9087.75477140847,8965.18079853242,9205.6823703487
1366,27.2427553925614,27.5489763639313,26.9373006188969,-0.0148477888136897,1.75072452437764,1.69485373573963,1.80380041538091,-0.0328526859595115,0.2,26.9923289831078,2.45360065995722,0.00306840675686715,27,4.17543157325866,4.38924392263607,3.72908474151648,0,-0.0468655606115301,9087.77669861574,8965.19839876822,9205.69978322949
1366.5,27.2427553925614,27.5489763639313,26.9373006188969,-0.0146092855274783,1.75073438383968,1.69486176824126,1.8038081748173,-0.0328526859595115,0.2,26.9922157375067,2.45434598272663,0.00306840675686715,27,4.17544952383176,4.38928120536251,3.72912255002421,0,-0.0461127488389325,9087.79846972022,8965.21590860347,9205.71712953121
1367,27.2427553925614,27.5489763639313,26.9373006188969,-0.0147759039256486,1.75074417754415,1.69486975945955,1.80381590438309,-0.0328526859595115,0.2,26.9921063300505,2.45382530023235,0.00306840675686715,27,4.17546740387224,4.38931835885951,3.72916022757002,5,-0.0466386631509174,9087.82009567172,8965.23332847834,9205.73440908808
1367.5,27.2427553925614,27.5489763639313,26.9373006188969,-0.0152983203063256,1.75075391091052,1.69487770959583,1.80382360400946,-0.0328526859595115,0.2,26.9920006293518,2.45219274904273,0.00306840675686715,27,4.17548521365724,4.38935538357504,3.72919777460753,5,-0.0482876182148862,9087.8415884363,8965.25065883124,9205.75162174585
1368,27.2427553925614,27.5489763639313,26.9373006188969,-0.0159353909913084,1.75076358784748,1.69488561885054,1.8038312736326,-0.0326413581427047,0.2,26.9918985085403,2.45020190315216,0.00324059658389331,27,4.17550295346282,4.38939227995545,3.72923519158879,5,-0.0502984681249657,9087.86295664407,8965.26790009859,9205.76876736151
1368.5,27.2427553925614,27.5489763639313,26.9373006188969,-0.010192131461848,1.75056845952812,1.6948898322039,1.80383777081306,-0.0326413581427047,0.2,26.991799845108,2.46814958918173,0.00324059658389331,27,4.17552062356397,4.38942904844559,3.72927247896432,5,-0.0321704437461769,9087.43209168767,8965.27708473805,9205.78329197905
1369,27.2427553925614,27.5489763639313,26.9373006188969,-0.0104707963138381,1.75036986197865,1.69488668810907,1.80384188992988,-0.0326413581427047,0.2,26.9917045207586,2.46727876151926,0.00324059658389331,27,4.17553822423454,4.38946568948876,3.72930963718302,5,-0.0330500214849986,9086.99358625961,8965.27023096184,9205.79250038425
1369.5,27.2427553925614,27.5489763639313,26.9373006188969,-0.0103469958741141,1.75017244360361,1.69487666142805,1.80384369151402,-0.0326413581427047,0.2,26.9916124212623,2.46766563789339,0.00324059658389331,27,4.17555575574737,4.3895022035267,3.72934666669229,0,-0.0326592577770537,9086.55770442929,8965.24837394815,9205.79652788066
1370,27.2427553925614,27.5489763639313,26.9373006188969,-0.0098528611030298,1.74997619229122,1.69486020033908,1.8038432354645,-0.032448669095487,0.2,26.9915234363159,2.46920980905303,0.00339062547364222,27,4.17557321837417,4.38953859099964,3.72938356793795,0,-0.0310995707856032,9086.12441909869,8965.21249077293,9205.79550836784
1370.5,27.2427553925614,27.5489763639313,26.9373006188969,-0.009223201948965,1.74978109735756,1.69483772570558,1.80384058033997,-0.032448669095487,0.2,26.9914374594076,2.47117749390948,0.00339062547364222,27,4.17559061238564,4.38957485234629,3.72942034136428,0,-0.0291121146317131,9085.69370632908,8965.16349902006,9205.78957275703
1371,27.2427553925614,27.5489763639313,26.9373006188969,-0.00866671975142552,1.74958715152944,1.69480963273278,1.80383578338795,-0.032448669095487,0.2,26.9913543876861,2.4729165007768,0.00339062547364222,27,4.17560793805138,4.38961098800383,3.72945698741403,0,-0.0273556342233995,9085.26554971747,8965.10226038047,9205.7788490357
1371.5,27.2427553925614,27.5489763639313,26.9373006188969,-0.00835501411623,1.74939435018799,1.69477629252415,1.80382890057345,-0.032448669095487,0.2,26.9912741218348,2.47389058088678,0.00339062547364222,27,4.17562519563994,4.38964699840791,3.72949350652839,0,-0.0263717665564684,9084.83993872514,8965.02958403477,9205.76346233093
1372,27.2427553925614,27.5489763639313,26.9373006188969,-0.00842709716134053,1.74920269082256,1.69473805354339,1.80381998660682,-0.0322720859404804,0.2,26.99119656595,2.47366532137081,0.00352137361999496,27,4.1756423854188,4.38968288399269,3.72952989914705,5,-0.0265992894800552,9084.41686747085,8964.94622983164,9205.74353497122
1372.5,27.2427553925614,27.5489763639313,26.9373006188969,-0.00889272608083488,1.74901217152709,1.69469524298791,1.80380909497131,-0.0322720859404804,0.2,26.9911216274233,2.47221023099739,0.00352137361999496,27,4.17565950765441,4.38971864519081,3.72956616570817,5,-0.0280690006015472,9083.99633141086,8964.85291127495,9205.71918654729
1373,27.2427553925614,27.5489763639313,26.9373006188969,-0.00952289716518678,1.74882278975496,1.69464816807874,1.80379627794965,-0.0322720859404804,0.2,26.9910492168282,2.47024094635879,0.00352137361999496,27,4.17567656261217,4.38975428243344,3.72960230664841,5,-0.0300580726121955,9083.57832459043,8964.75029832947,9205.69053397114
1373.5,27.2427553925614,27.5489763639313,26.9373006188969,-0.0100996282676078,1.74863453945911,1.69459711727267,1.80378158665032,-0.0322720859404804,0.2,26.9909792478101,2.46843866166373,0.00352137361999496,27,4.17569355055642,4.38978979615022,3.72963832240286,5,-0.0318784666638774,9083.16283333207,8964.63902005848,9205.65769153426
1374,27.2427553925614,27.5489763639313,26.9373006188969,-0.0104433528691708,1.7484474119135,1.69454236140057,1.80376507103314,-0.0321094159519504,0.2,26.9909116369814,2.46736452228384,0.00363534520743514,27,4.1757104717505,4.38982518676932,3.72967421340517,5,-0.0329633989962506,9082.74983805018,8964.51966710122,9205.62077096431
1374.5,27.2427553925614,27.5489763639313,26.9373006188969,-0.0104083183717111,1.74826139623256,1.69448415473684,1.80374677993433,-0.0321094159519504,0.2,26.9908463038183,2.4674740050884,0.00363534520743514,27,4.17572732645666,4.38986045471741,3.72970998008746,0,-0.032852816108469,9082.33931439867,8964.39279400097,9205.57988148076
1375,27.2427553925614,27.5489763639313,26.9373006188969,-0.00996991032771192,1.74807648086104,1.69442273600393,1.80372676109094,-0.0321094159519504,0.2,26.990783170563,2.4688440302259,0.00363534520743514,27,4.17574411493617,4.38989560041972,3.72974562288034,0,-0.0314690249583899,9081.93123655966,8964.25892139224,9205.53512984906
1375.5,27.2705615659016,27.5489763639313,26.9373006188969,-0.00934939707207988,1.74789265484855,1.69435832931624,1.803705061165,-0.0321094159519504,0.2,26.9907221621278,2.47078313414975,0.00363534520743514,27,4.17576083744924,4.38993062429995,3.72978114221295,0,-0.0295104369183129,9081.52558005629,8964.11853805641,9205.48662043425
1376,27.2705615659016,27.5768536321941,26.9373006188969,-0.00876342402335283,1.74770991074785,1.69429114506648,1.80368172576685,-0.031958977297819,0.2,26.9906637461387,2.47261429992702,0.00373450154451689,27,4.17577749425508,4.38996552678036,3.72981653851292,0,-0.0276608715873109,9081.12232814776,8963.97210285239,9205.43445525275
1376.5,27.2705615659016,27.5768536321941,26.9373006188969,-0.0083906814633697,1.74752824385146,1.69422138075854,1.80365679947818,-0.031958977297819,0.2,26.9913685709971,2.47377912042697,0.00373450154451689,27,4.17579408561186,4.39000030828177,3.72985181220644,0,-0.0264843469709801,9080.72147014315,8963.82004653106,9205.37873402359
1377,27.2705615659016,27.5768536321941,26.9373006188969,-0.00837587892695183,1.74734765178943,1.69414922178976,1.80363032587446,-0.031958977297819,0.2,26.9920500778646,2.47382537835328,0.00373450154451689,27,4.17581061177676,4.3900349692235,3.72988696371817,5,-0.0264376242450307,9080.32300051273,8963.66277343978,9205.31955421815
1377.5,27.2705615659016,27.5768536321941,26.9373006188969,-0.00877873429058738,1.74716813280829,1.69407484218593,1.80360234754707,-0.031958977297819,0.2,26.9927090574547,2.47256645534191,0.00373450154451689,27,4.17582707300593,4.39006951002344,3.72992199347133,5,-0.02770919691481,9079.92691508953,8963.50066312408,9205.25701110935
1378,27.2705615659016,27.5768536321941,26.9373006188969,-0.00939474386004377,1.74698968539275,1.69399840529123,1.80357290612456,-0.0329783758050048,0.2,26.9933462733663,2.47064142543736,0.0026614906534931,27,4.17584346955452,4.39010393109802,3.72995690188769,5,-0.0296535695198422,9079.53321023455,8963.33407183139,9205.19119781896
1378.5,27.2705615659016,27.5768536321941,26.9373006188969,-0.0162833295041692,1.74701698634766,1.69392371829082,1.80354318428786,-0.0329783758050048,0.2,26.9939624630185,2.44911459529947,0.0026614906534931,27,4.17585980167667,4.39013823286223,3.72999168938752,5,-0.0513967012469596,9079.59344271594,8963.17129719366,9205.12475814886
1379,27.2705615659016,27.5768536321941,26.9373006188969,-0.0166811321049632,1.74704879057916,1.69385458783694,1.80351442772081,-0.0329783758050048,0.2,26.9945583385523,2.44787146217199,0.0026614906534931,27,4.17587606962553,4.39017241572965,3.73002635638965,5,-0.0526523253761057,9079.66361098956,8963.02063511681,9205.06047666306
1379.5,27.2705615659016,27.5768536321941,26.9373006188969,-0.0167222346240506,1.74708040245667,1.6937906742785,1.80348661470659,-0.0329783758050048,0.2,26.9951345877018,2.44774301679984,0.0026614906534931,27,4.17589227365326,4.39020648011236,3.73006090331147,5,-0.0527820613673532,9079.73335539252,8962.88134480873,9204.99830477364
1380,27.2705615659016,27.5768536321941,26.9373006188969,-0.0163414809719801,1.74711181838001,1.69373165631912,1.80345972327584,-0.0338765521007254,0.2,26.9956918746349,2.44893287196256,0.00172325014604837,27,4.17590841401103,4.39024042642108,3.73009533056892,0,-0.0515802505399579,9079.8026679724,8962.75272556419,9204.93819333083
1380.5,27.2705615659016,27.5768536321941,26.9373006188969,-0.0157377460085347,1.74714303464304,1.69367723217878,1.80343373194276,-0.0338765521007254,0.2,26.9962308407651,2.45081954372333,0.00172325014604837,27,4.175924490949,4.39027425506506,3.73012963857649,0,-0.0496746215013389,9079.87154054291,8962.63411928523,9204.88009426837
1381,27.2705615659016,27.5768536321941,26.9373006188969,-0.0151331205835505,1.74717405097862,1.69362711840914,1.80340861969464,-0.0338765521007254,0.2,26.9967521055354,2.4527089981764,0.00172325014604837,27,4.17594050471638,4.39030796645217,3.73016382774725,0,-0.047766181809919,9079.93997250512,8962.52490788939,9204.82396057988
1381.5,27.2705615659016,27.5768536321941,26.9373006188969,-0.0147112554068487,1.74720486987356,1.69358104878109,1.80338436598148,-0.0338765521007254,0.2,26.997256267175,2.4540273268536,0.00172325014604837,27,4.17595645556137,4.39034156098884,3.73019789849282,0,-0.0464346065661771,9080.0079693363,8962.42451087665,9204.7697462957
1382,27.2705615659016,27.5768536321941,26.9373006188969,-0.014621428147089,1.74723549615394,1.69353877323982,1.80336095070602,-0.0346694590043199,0.2,26.9977439034299,2.45430803704035,0.000902438628020263,27,4.17597234373121,4.39037503908008,3.73023185122341,0,-0.0461510758034717,9080.07554167517,8962.33238304443,9204.7174064603
1382.5,27.2705615659016,27.5768536321941,26.9373006188969,-0.0149559124358288,1.74726593567836,1.6935000569233,1.80333835421384,-0.0346694590043199,0.2,26.9982155722684,2.45326277363804,0.000902438628020263,27,4.17598816947218,4.39040840112953,3.73026568634779,5,-0.04720684201245,9080.14270243904,8962.24801234198,9204.66689711011
1383,27.2705615659016,27.5768536321941,26.9373006188969,-0.0155520946074542,1.74729619456243,1.69346467924014,1.80331655728374,-0.0346694590043199,0.2,26.9986718125617,2.45139970435171,0.000902438628020263,27,4.17600393302957,4.39044164753941,3.73029940427335,5,-0.0490886314189683,9080.20946511259,8962.17091785492,9204.61817525196
1383.5,27.2705615659016,27.5768536321941,26.9373006188969,-0.0161737755092867,1.74732627594135,1.69343243300366,1.80329554111826,-0.0346694590043199,0.2,26.999113144742,2.44945695153348,0.000902438628020263,27,4.17601963464772,4.39047477871055,3.73033300540603,5,-0.0510509050175124,9080.27583660497,8962.100647913,9204.57119884168
1384,27.2705615659016,27.5768536321941,26.9373006188969,-0.016625710789739,1.74735617988332,1.69340312361839,1.80327528733449,-0.0353709453744173,0.2,26.999540071437,2.44804465378207,0.000183971425205698,27,4.17603527457,4.39050779504239,3.73036649015039,5,-0.0524773935367321,9080.34181705853,8962.03677831281,9204.52592676357
1384.5,27.2705615659016,27.5768536321941,26.9373006188969,-0.0167487680298063,1.74738590397468,1.69337656831589,1.80325577795507,-0.0353709453744173,0.2,26.9999530780828,2.44766009990686,0.000183971425205698,27,4.17605085303884,4.39054069693299,3.73039985890955,5,-0.0528658114092807,9080.40740113953,8961.97891064862,9204.48231881001
1385,27.2705615659016,27.5768536321941,26.9373006188969,-0.0164433052211487,1.74741544451922,1.69335259543694,1.80323699539918,-0.0353709453744173,0.2,27.0003526335159,2.44861467118391,0.000183971425205698,27,4.1760663702957,4.39057348477902,3.73043311208529,0,-0.0519016486000338,9080.4725806843,8961.92667074463,9204.44033566147
1385.5,27.2705615659016,27.5768536321941,26.9373006188969,-0.0158650893824428,1.74744479757428,1.69333104375759,1.80321892247409,-0.0353709453744173,0.2,27.0007391905442,2.45042159567987,0.000183971425205698,27,4.1760818265811,4.39060615897579,3.73046625007797,0,-0.0500765681267424,9080.53734698519,8961.87970718333,9204.39993886731
1386,27.2705615659016,27.5768536321941,26.9373006188969,-0.0152447830720695,1.74747396207775,1.69331176185574,1.80320154236662,-0.0359930335481842,0.2,27.0011131864988,2.45236005289978,-0.000445274599520928,27,4.17609722213461,4.39063871991722,3.73049927328655,0,-0.0481186332886801,9080.60169769026,8961.83768992259,9204.36109082678
1386.5,27.2705615659016,27.5768536321941,26.9373006188969,-0.0147733764079842,1.74750293993221,1.69329460751645,1.8031848386349,-0.0359930335481842,0.2,27.0014750437666,2.45383319872505,-0.000445274599520928,27,4.17611255719486,4.39067116799588,3.73053218210863,0,-0.0466306852941615,9080.66563698914,8961.80030899752,9204.32375477038
1387,27.2705615659016,27.5768536321941,26.9373006188969,-0.0146067311737559,1.74753173545531,1.69327944717325,1.80316879520031,-0.0359930335481842,0.2,27.0018251703043,2.45435396508201,-0.000445274599520928,27,4.17612783199956,4.39070350360298,3.73056497694042,0,-0.0461046862768432,9080.72917440046,8961.76727330089,9204.28789474185
1387.5,27.2705615659016,27.5768536321941,26.9373006188969,-0.0148597102490839,1.7475603544012,1.69326615538341,1.80315339633953,-0.0359930335481842,0.2,27.0021639601353,2.45356340547161,-0.000445274599520928,27,4.17614304678544,4.39073572712837,3.73059765817677,5,-0.0469031894302086,9080.79232261291,8961.73830943806,9204.25347558038
1388,27.2705615659016,27.5768536321941,26.9373006188969,-0.0154238885579419,1.74758880288162,1.69325461433498,1.80313862667689,-0.0365461602262513,0.2,27.0024917938283,2.45180034825643,-0.000996717531322133,27,4.17615820178836,4.39076783896053,3.73063022621114,5,-0.0486839618442877,9080.8550951045,8961.71316065117,9204.22046290329
1388.5,27.2705615659016,27.5768536321941,26.9373006188969,-0.0160573164382733,1.74761708472163,1.69324471338361,1.80312447117671,-0.0365461602262513,0.2,27.0028090389608,2.4498208861304,-0.000996717531322133,27,4.17617329724321,4.39079983948663,3.73066268143565,5,-0.0506833136057657,9080.91750030806,8961.69158580866,9204.18882308899
1389,27.2705615659016,27.5768536321941,26.9373006188969,-0.0165570305950062,1.74764520046861,1.69323634861768,1.80311091513591,-0.0365461602262513,0.2,27.0031160505655,2.44825927939061,-0.000996717531322133,27,4.17618833338398,4.39083172909248,3.73069502424106,5,-0.0522606113700777,9080.97953942418,8961.67335845636,9204.15852326031
1389.5,27.2705615659016,27.5768536321941,26.9373006188969,-0.0167569872900003,1.74767314810702,1.6932294224497,1.80309794417676,-0.0365461602262513,0.2,27.0034131715618,2.44763441471875,-0.000996717531322133,27,4.17620331044371,4.39086350816253,3.73072725501677,5,-0.052891754682157,9081.04120799828,8961.6582659262,9204.12953126832
1390,27.2705615659016,27.5768536321941,26.9373006188969,-0.016534374004047,1.74770092397144,1.69322384323244,1.80308554423976,-0.0370393856156035,0.2,27.0037007331721,2.44833008123735,-0.00148029326885819,27,4.17621822865456,4.39089517707995,3.73075937415081,0,-0.0521890981063739,9081.10249793504,8961.64610849889,9204.10181567623
1390.5,27.2705615659016,27.5768536321941,26.9373006188969,-0.0159908747159297,1.74772852395794,1.69321952489846,1.80307370157674,-0.0370393856156035,0.2,27.0039790553246,2.45002851651272,-0.00148029326885819,27,4.17623308824777,4.39092673622653,3.73079138202991,0,-0.0504735969533604,9081.16340017141,8961.63669861766,9204.07534574404
1391,27.2705615659016,27.5768536321941,26.9373006188969,-0.0153625136661891,1.74775594621819,1.69321638662157,1.80306240274401,-0.0370393856156035,0.2,27.0042484470406,2.45199214479316,-0.00148029326885819,27,4.17624788945364,4.39095818598276,3.73082327903942,0,-0.0484902381359594,9081.22391062139,8961.62986014995,9204.05009141314
1391.5,27.2705615659016,27.5768536321941,26.9373006188969,-0.0148477888136897,1.74778319205715,1.69321435249876,1.80305163459582,-0.0370393856156035,0.2,27.0045092068102,2.45360065995722,-0.00148029326885819,27,4.17626263250161,4.39098952672782,3.73085506556338,0,-0.0468655606115301,9081.28403215704,8961.62542769374,9204.02602329165
1392,27.2705615659016,27.5768536321941,26.9373006188969,-0.0146092855274783,1.74781026527442,1.69321335125145,1.80304138427783,-0.0374805750091411,0.2,27.0047616229538,2.45434598272663,-0.00190464918152315,27,4.17627731762019,4.39102075883955,3.7308867419845,0,-0.0461127488389325,9081.34377315549,8961.62324592612,9204.00311263969
1392.5,27.2705615659016,27.5768536321941,26.9373006188969,-0.0147759039256486,1.74783717143055,1.69321331594497,1.80303163922075,-0.0374805750091411,0.2,27.0050059739717,2.45382530023235,-0.00190464918152315,27,4.176291945037,4.39105188269451,3.73091830868415,5,-0.0466386631509174,9081.4031458798,8961.62316899155,9203.98133135528
1393,27.2705615659016,27.5768536321941,26.9373006188969,-0.0152983203059475,1.74786391654269,1.69321418372495,1.80302238713422,-0.0374805750091411,0.2,27.0052425288816,2.45219274904391,-0.00190464918152315,27,4.17630651497878,4.39108289866793,3.73094976604238,5,-0.0482876182136926,9081.46216360104,8961.62505992719,9203.96065196049
1393.5,27.2705615659016,27.5768536321941,26.9373006188969,-0.0159353909893417,1.74789050511386,1.69321589556956,1.8030136160006,-0.0374805750091411,0.2,27.005471547544,2.45020190315831,-0.00190464918152315,27,4.17632102767136,4.39111380713375,3.73098111443794,5,-0.0502984681187582,9081.52083624942,8961.62879012267,9203.94104758762
1394,27.2705615659016,27.5768536321941,26.9373006188969,-0.0164762542413513,1.74791693819305,1.69321839605707,1.80300531406913,-0.0378765564312182,0.2,27.0056932809771,2.44851170549578,-0.0022773123908479,27,4.17633548333967,4.39114460846461,3.73101235424825,5,-0.0520056488874012,9081.57916613335,8961.6342388133,9203.92249196599
1394.5,27.2705615659016,27.5768536321941,26.9373006188969,-0.0167478054421748,1.74794321418146,1.69322163314719,1.80299746985002,-0.0378765564312182,0.2,27.0059079716605,2.4476631079932,-0.0022773123908479,27,4.17634988220779,4.39117530303187,3.73104348584943,5,-0.0528627730976807,9081.63714971845,8961.6412926035,9203.90495940879
1395,27.2705615659016,27.5768536321941,26.9373006188969,-0.0166126424176402,1.74796932953718,1.69322555797589,1.80299007210879,-0.0378765564312182,0.2,27.0061158538282,2.44808549244487,-0.0022773123908479,27,4.1763642244989,4.39120589120559,3.7310745096163,0,-0.0524361445270394,9081.69477918234,8961.64984501937,9203.8884248004
1395.5,27.2705615659016,27.5768536321941,26.9373006188969,-0.0161133941442385,1.74799528010131,1.69323012466248,1.80298310986067,-0.0378765564312182,0.2,27.0063171537516,2.44964564329925,-0.0022773123908479,27,4.1763785104353,4.39123637335455,3.73110542592237,0,-0.0508603172768745,9081.75204534099,8961.65979608833,9203.87286358376
1396,27.2705615659016,27.5768536321941,26.9373006188969,-0.0154849043104157,1.74802106325671,1.69323529012877,1.80297657236518,-0.0382332575010338,0.2,27.0065120900133,2.45160967402995,-0.00260483600532382,27,4.17639274023843,4.39126674984625,3.73113623513987,0,-0.0488765519653962,9081.80894241243,8961.67105194478,9203.85825174834
1396.5,27.2705615659016,27.5768536321941,26.9373006188969,-0.0149333530739386,1.74804667969635,1.69324101392877,1.8029704491208,-0.0382332575010338,0.2,27.0067008737706,2.45333327164394,-0.00260483600532382,27,4.17640691412884,4.39129702104692,3.73116693763974,0,-0.0471356356425799,9081.86547191929,8961.68352445901,9203.84456581809
1397,27.2427553925614,27.5768536321941,26.9373006188969,-0.0146281946048211,1.74807213269121,1.69324725808911,1.80296472985977,-0.0382332575010338,0.2,27.0068837090106,2.45428689185993,-0.00260483600532382,27,4.17642103232625,4.39132718732153,3.73119753379163,0,-0.0461724334506573,9081.92164107338,8961.69713088932,9203.83178283987
1397.5,27.2427553925614,27.5768536321941,26.9373006188969,-0.0147066614470074,1.74809742754474,1.69325398695892,1.80295940454304,-0.0382332575010338,0.2,27.0070602526609,2.4540416829781,-0.00260483600532382,27,4.17643509504948,4.39135724903377,3.73122802396391,5,-0.0464201061913343,9081.97746157197,8961.71179355486,9203.81988037204
1398,27.2427553925614,27.5768536321941,26.9373006188969,-0.0151772028690962,1.74812257007428,1.69326116706904,1.8029544633552,-0.0385549739627571,0.2,27.0072301897824,2.45257124103407,-0.00289207591294485,27,4.17644910251649,4.39138720654606,3.73125840852367,5,-0.0479053231360153,9082.03294624675,8961.72743952877,9203.80883647326
1398.5,27.2427553925614,27.5768536321941,26.9373006188969,-0.0158094967473174,1.74814756543043,1.6932687669993,1.80294989669971,-0.0385549739627571,0.2,27.0073937550588,2.45059532266463,-0.00289207591294485,27,4.17646305494441,4.3914170602196,3.73128868783675,5,-0.0499010955332327,9082.08810645829,8961.74400034893,9203.79862969164
1399,27.2427553925614,27.5768536321941,26.9373006188969,-0.0163845973430622,1.7481724151868,1.69327675725432,1.80294569519401,-0.0385549739627571,0.2,27.007551175009,2.44879813330293,-0.00289207591294485,27,4.17647695254951,4.39144681041429,3.73131886226769,5,-0.0517163430536417,9082.1429456737,8961.76141174734,9203.7892390539
1399.5,27.2427553925614,27.5768536321941,26.9373006188969,-0.0167221836600413,1.74819711818046,1.69328511014656,1.80294184966492,-0.0385549739627571,0.2,27.0077026682683,2.44774317606237,-0.00289207591294485,27,4.17649079554719,4.39147645748884,3.73134893217978,5,-0.0527819005045544,9082.19746132101,8961.77961339516,9203.78064405502
1400,27.2427553925614,27.5768536321941,26.9373006188969,-0.0166759931723836,1.74822167106015,1.69329379968658,1.80293835114403,-0.0388415384805292,0.2,27.0078484458601,2.4478875213363,-0.00313937834404925,27,4.17650458415201,4.39150600180067,3.73137889793506,0,-0.0526361048493115,9082.25164599889,8961.7985486636,9203.77282464793
1400.5,27.2427553925614,27.5768536321941,26.9373006188969,-0.0162308755322989,1.74824606973159,1.69330280147976,1.80293519086314,-0.0388415384805292,0.2,27.0079887114593,2.44927851396157,-0.00313937834404925,27,4.17651831857772,4.39153544370597,3.73140875989431,0,-0.0512311355301484,9082.30549066615,8961.8181643989,9203.76576123332
1401,27.2427553925614,27.5768536321941,26.9373006188969,-0.015610489715306,1.7482703108446,1.69331209262966,1.80293236025009,-0.0388415384805292,0.2,27.0081236616452,2.45121721963967,-0.00313937834404925,27,4.17653199903718,4.39156478355971,3.73143851841707,0,-0.0492729497373917,9082.35898792356,8961.83841071166,9203.75943465021
1401.5,27.2427553925614,27.5768536321941,26.9373006188969,-0.0150288781821257,1.74829439446486,1.69332165164702,1.80292985092428,-0.0388415384805292,0.2,27.0082534861465,2.45303475568086,-0.00313937834404925,27,4.17654562574246,4.39159402171562,3.7314681738616,0,-0.0474371510940616,9082.41213791021,8961.8592407786,9203.75382616605
1402,27.2427553925614,27.5768536321941,26.9373006188969,-0.0146625149262664,1.74831832332311,1.69333145836429,1.80292765469262,-0.0390970303494491,0.2,27.0083783680779,2.45417964085542,-0.00335134723115118,27,4.17655919890476,4.3916231585262,3.73149772658496,0,-0.0462807621132673,9082.46494664682,8961.88061065629,9203.74891746762
1402.5,27.2427553925614,27.5768536321941,26.9373006188969,-0.0146542270626684,1.74834210241943,1.69334149385542,1.80292576354543,-0.0390970303494491,0.2,27.0084984841684,2.45420554042916,-0.00335134723115118,27,4.17657271873446,4.39165219434273,3.73152717694298,5,-0.0462546023006064,9082.51742516248,8961.90247910639,9203.74469065173
1403,27.2427553925614,27.5768536321941,26.9373006188969,-0.0150624169436847,1.74836573726975,1.69335174036073,1.80292416965242,-0.0390970303494491,0.2,27.0086140049816,2.45292994705099,-0.00335134723115118,27,4.17658618544113,4.3916811295153,3.7315565252902,5,-0.0475430128410464,9082.56958562508,8961.92480743184,9203.74112821642
1403.5,27.2427553925614,27.5768536321941,26.9373006188969,-0.0156811914854747,1.74838923361346,1.69336218121565,1.80292286535879,-0.0390970303494491,0.2,27.0087250951287,2.45099627660789,-0.00335134723115118,27,4.1765995992335,4.39170996439274,3.73158577197999,5,-0.0494961128047523,9082.62144069592,8961.94755932178,9203.73821305203
1404,27.2427553925614,27.5768536321941,26.9373006188969,-0.0162833295041692,1.74841259357244,1.69337280078453,1.80292184318135,-0.0393257556378934,0.2,27.0088319134743,2.44911459529947,-0.00353276538971414,27,4.17661296031948,4.3917386993227,3.73161491736446,5,-0.0513967012469596,9082.67299505294,8961.97070070713,9203.73592843268
1404.5,27.2427553925614,27.5768536321941,26.9373006188969,-0.0166811321049632,1.74843581643931,1.69338358439796,1.80292109580485,-0.0393257556378934,0.2,27.0089346133343,2.44787146217199,-0.00353276538971414,27,4.17662626890618,4.39176733465161,3.73164396179452,5,-0.0526523253761057,9082.72424713008,8961.99419962412,9203.73425800796
1405,27.2427553925614,27.5768536321941,26.9373006188969,-0.0167222346240506,1.74845889910358,1.69339451829408,1.80292061607818,-0.0393257556378934,0.2,27.0090333426681,2.44774301679984,-0.00353276538971414,27,4.17663952519987,4.39179587072471,3.73167290561985,5,-0.0527820613673532,9082.77519005765,8962.01802608641,9203.73318579448
1405.5,27.2427553925614,27.5768536321941,26.9373006188969,-0.0163414809719801,1.74848183765021,1.69340558956332,1.80292039701089,-0.0393257556378934,0.2,27.0091282442637,2.44893287196256,-0.00353276538971414,27,4.17665272940603,4.39182430788606,3.73170174918895,0,-0.0515802505399579,9082.82581519027,8962.04215196462,9203.73269616799
1406,27.2427553925614,27.5768536321941,26.9373006188969,-0.0157377460085257,1.74850462806021,1.69341678609678,1.80292043176958,-0.0395314401901317,0.2,27.009219455916,2.45081954372336,-0.00368778236638718,27,4.17666588172933,4.39185264647848,3.73173049284907,0,-0.0496746215013106,9082.87611365287,8962.06655087389,9203.73277385541
1406.5,27.2427553925614,27.5768536321941,26.9373006188969,-0.0151331205831094,1.74852726975555,1.69342809653746,1.80292071367452,-0.0395314401901317,0.2,27.0093071105996,2.45270899817778,-0.00368778236638718,27,4.17667898237362,4.39188088684365,3.73175913694627,0,-0.0477661818085267,9082.92608416463,8962.09119806768,9203.73340392726
1407,27.2427553925614,27.5768536321941,26.9373006188969,-0.0147112554055197,1.74854976491426,1.69343951023471,1.80292123619635,-0.0395314401901317,0.2,27.0093913366357,2.45402732685775,-0.00368778236638718,27,4.17669203154197,4.39190902932203,3.73178768182543,0,-0.0464346065619823,9082.97573152733,8962.1160703384,9203.73457179014
1407.5,27.2427553925614,27.5768536321941,26.9373006188969,-0.014621428147089,1.74857211805561,1.69345101720121,1.8029219929527,-0.0395314401901317,0.2,27.0094722578526,2.45430803704035,-0.00368778236638718,27,4.17670502943663,4.39193707425293,3.73181612783023,0,-0.0461510758034717,9083.02506571015,8962.14114592377,9203.73626317936
1408,27.2427553925614,27.5768536321941,26.9373006188969,-0.0149559124358288,1.74859433473331,1.6934626080729,1.80292297770511,-0.0397173066939658,0.2,27.0095499937411,2.45326277363804,-0.00381999749644706,27,4.17671797625909,4.39196502197446,3.73184447530314,5,-0.04720684201245,9083.07409896558,8962.16640441948,9203.73846415189
1408.5,27.2427553925614,27.5768536321941,26.9373006188969,-0.0155520946074542,1.74861642075987,1.69347427407088,1.80292418435576,-0.0397173066939658,0.2,27.0096246596049,2.45139970435171,-0.00381999749644706,27,4.17673087221002,4.39199287282356,3.73187272458546,5,-0.0490886314189683,9083.12284411752,8962.19182669621,9203.74116107916
1409,27.2427553925614,27.5768536321941,26.9373006188969,-0.0161737755092867,1.74863837896908,1.69348600696592,1.80292560694447,-0.0397173066939658,0.2,27.0096963667051,2.44945695153348,-0.00381999749644706,27,4.1767437174893,4.39202062713602,3.73190087601731,5,-0.0510509050175124,9083.17130741599,8962.21739482224,9203.74434064024
1409.5,27.2427553925614,27.5768536321941,26.9373006188969,-0.016625710789739,1.74866020912933,1.693497799045,1.80292723964567,-0.0397173066939658,0.2,27.0097652224,2.44804465378207,-0.00381999749644706,27,4.17675651229602,4.39204828524645,3.73192892993763,5,-0.0524773935367321,9083.21948834547,8962.24309199062,9203.74798981514
1410,27.2427553925614,27.5768536321941,26.9373006188969,-0.0167487680298063,1.74868190852881,1.69350964307989,1.8029290767654,-0.0398861415918539,0.2,27.0098313302807,2.44766009990686,-0.00393253211228313,27,4.17676925682852,4.39207584748832,3.73195688668417,5,-0.0528658114092807,9083.26738091645,8962.2689024506,9203.75209587813
1410.5,27.2427553925614,27.5768536321941,26.9373006188969,-0.0164433052211487,1.74870347317488,1.69352153229753,1.80293111273847,-0.0398861415918539,0.2,27.0098947903009,2.44861467118391,-0.00393253211228313,27,4.17678195128434,4.39210331419392,3.73198474659353,0,-0.0519016486000338,9083.31497631244,8962.29481144328,9203.75664639124
1411,27.2427553925614,27.5768536321941,26.9373006188969,-0.0158650893824428,1.74872489883024,1.69353346035247,1.80293334212561,-0.0398861415918539,0.2,27.0099556989033,2.45042159567987,-0.00393253211228313,27,4.17679459586024,4.39213068569439,3.73201251000112,0,-0.0500765681267424,9083.36226517671,8962.32080514139,9203.76162919803
1411.5,27.2427553925614,27.5768536321941,26.9373006188969,-0.0152447830720695,1.74874618414006,1.69354542130082,1.80293575961073,-0.0398861415918539,0.2,27.0100141491407,2.45236005289978,-0.00393253211228313,27,4.17680719075222,4.39215796231973,3.73204017724123,0,-0.0481186332886801,9083.40924451446,8962.3468705926,9203.76703241741
1412,27.2427553925614,27.5768536321941,26.9373006188969,-0.0147733764079842,1.7487673307161,1.69355740957581,1.80293835999822,-0.0400403531682088,0.2,27.0100702307939,2.45383319872505,-0.0040280923175601,27,4.17681973615549,4.39218514439882,3.73206774864697,0,-0.0466306852941615,9083.45591787848,8962.37299566627,9203.77284443758
1412.5,27.2427553925614,27.5768536321941,26.9373006188969,-0.0146067311737559,1.74878834258712,1.6935694199649,1.80294113821037,-0.0400403531682088,0.2,27.0101240304849,2.45435396508201,-0.0040280923175601,27,4.1768322322645,4.39221223225935,3.73209522455027,0,-0.0461046862768432,9083.50229415635,8962.39916900359,9203.7790539103
1413,27.2427553925614,27.5768536321941,26.9373006188969,-0.0148597102474095,1.74880922522017,1.69358144758834,1.80294408928476,-0.0400403531682088,0.2,27.0101756317862,2.45356340547685,-0.0040280923175601,27,4.17684467927295,4.39223922622791,3.73212260528194,5,-0.0469031894249233,9083.54838541041,8962.42537997085,9203.785649745
1413.5,27.2427553925614,27.5768536321941,26.9373006188969,-0.0154238885579296,1.74882998444158,1.6935934878788,1.80294720837176,-0.0400403531682088,0.2,27.0102251153266,2.45180034825647,-0.0040280923175601,27,4.17685707737377,4.39226612662995,3.73214989117164,5,-0.0486839618442491,9083.59420449626,8962.45161861503,9203.79262110325
1414,27.2427553925614,27.5768536321941,26.9373006188969,-0.0160573164382733,1.74885062379266,1.69360553656235,1.802950490732,-0.0401820219707432,0.2,27.0102725588934,2.4498208861304,-0.0041090235573563,27,4.17686942675913,4.39229293378978,3.7321770825479,5,-0.0506833136057657,9083.6397592263,8962.47787562243,9203.79995739307
1414.5,27.2427553925614,27.5768536321941,26.9373006188969,-0.0165570305950062,1.74887114353853,1.69361758964061,1.80295393173404,-0.0401820219707432,0.2,27.0103180375307,2.44825927939061,-0.0041090235573563,27,4.17688172762046,4.39231964803061,3.73220417973807,5,-0.0522606113700777,9083.68505018188,8962.50414227974,9203.8076482637
1415,27.2427553925614,27.5768536321941,26.9373006188969,-0.0167569872900003,1.74889154138292,1.69362964337389,1.80295752685189,-0.0401820219707432,0.2,27.0103616236346,2.44763441471875,-0.0041090235573563,27,4.17689398014839,4.39234626967452,3.73223118306842,5,-0.052891754682157,9083.73007229095,8962.53041043727,9203.81568360013
1415.5,27.2427553925614,27.5768536321941,26.9373006188969,-0.016534374004047,1.7489118133813,1.69364169426535,1.80296127166279,-0.0401820219707432,0.2,27.0104033870454,2.44833008123735,-0.0041090235573563,27,4.17690618453286,4.39237279904245,3.73225809286404,0,-0.0521890981063739,9083.77481684327,8962.5566724745,9203.82405351796
1416,27.2427553925614,27.5768536321941,26.9373006188969,-0.0159908747159294,1.74893195515234,1.6936537390462,1.80296516184486,-0.0403129445726087,0.2,27.0104433951356,2.45002851651272,-0.00417735805424257,27,4.17691834096303,4.39239923645427,3.73228490944894,0,-0.0504735969533595,9083.81927416431,8962.5829212678,9203.8327483584
1416.5,27.2427553925614,27.5768536321941,26.9373006188969,-0.0153625136661893,1.74895196457199,1.69366577466188,1.8029691931749,-0.0403129445726087,0.2,27.0104817128963,2.45199214479316,-0.00417735805424257,27,4.17693044962733,4.39242558222869,3.73231163314598,0,-0.0484902381359598,9083.86343956183,8962.60915016035,9203.84175868316
1417,27.2427553925614,27.5768536321941,26.9373006188969,-0.0148477888136898,1.74897184267139,1.69367779825894,1.80297336152633,-0.0403129445726087,0.2,27.0105184030195,2.45360065995722,-0.00417735805424257,27,4.17694251071344,4.39245183668337,3.73233826427688,0,-0.0468655606115305,9083.90731530773,8962.63535293347,9203.85107526988
1417.5,27.2427553925614,27.5768536321941,26.9373006188969,-0.0146092855274783,1.74899159297809,1.69368980717278,1.80297766286696,-0.0403129445726087,0.2,27.0105535259779,2.45434598272663,-0.00417735805424257,27,4.17695452440831,4.39247800013483,3.73236480316231,0,-0.0461127488389325,9083.9509091842,8962.66152378007,9203.86068910718
1418,27.2427553925614,27.5768536321941,26.9373006188969,-0.0147759039256486,1.74901122078229,1.69370179891629,1.80298209325701,-0.0404346715501376,0.2,27.0105871401022,2.45382530023235,-0.00423485604086409,27,4.17696649089815,4.39250407289852,3.73239125012177,5,-0.0466386631509174,9083.99423286428,8962.68765727968,9203.87059139023
1418.5,27.2427553925614,27.5768536321941,26.9373006188969,-0.0152983203059475,1.74903073183244,1.69371377116896,1.80298664884706,-0.0404346715501376,0.2,27.0106193016553,2.45219274904391,-0.00423485604086409,27,4.17697841036845,4.39253005528876,3.73241760547369,5,-0.0482876182136926,9084.03729903267,8962.71374837495,9203.88077351615
1419,27.2427553925614,27.5768536321941,26.9373006188969,-0.0159353909893417,1.74905013036439,1.69372572176661,1.80299132587608,-0.0404346715501376,0.2,27.0106500649047,2.45020190315831,-0.00423485604086409,27,4.17699028300395,4.3925559476188,3.73244386953536,5,-0.0502984681187582,9084.08011703566,8962.7397923491,9203.89122707958
1419.5,27.2427553925614,27.5768536321941,26.9373006188969,-0.0164762542413405,1.74906941716141,1.69373764869194,1.80299612066947,-0.0404346715501376,0.2,27.010679482191,2.44851170549581,-0.00423485604086409,27,4.17700210898869,4.39258175020083,3.73247004262301,5,-0.0520056488873671,9084.12268859877,8962.76578480542,9203.90194386836
1420,27.2427553925614,27.5768536321941,26.9373006188969,-0.0167478054416611,1.74908859036037,1.69374955006543,1.80300102963714,-0.0405485404361556,0.2,27.0107076039957,2.44766310799481,-0.00428304159829764,27,4.17701388850597,4.39260746334592,3.73249612505176,5,-0.0528627730960591,9084.16500960623,8962.79172164741,9203.91291585917
1420.5,27.2427553925614,27.5768536321941,26.9373006188969,-0.01661264241764,1.74910764615659,1.6937614241369,1.80300604927165,-0.0405485404361556,0.2,27.0107344790057,2.44808549244487,-0.00428304159829764,27,4.17702562173837,4.39263308736409,3.73252211713563,0,-0.052436144527039,9084.20707165659,8962.8175990604,9203.92413521343
1421,27.2427553925614,27.5768536321941,26.9373006188969,-0.0161133941442385,1.74912658012995,1.69377326927751,1.8030111761464,-0.0405485404361556,0.2,27.0107601541752,2.44964564329925,-0.00428304159829764,27,4.17703730886775,4.39265862256425,3.73254801918756,0,-0.0508603172768745,9084.24886498974,8962.84341349414,9203.93559427325
1421.5,27.2427553925614,27.5768536321941,26.9373006188969,-0.0154849043104157,1.74914538940369,1.69378508397247,1.80301640691385,-0.0405485404361556,0.2,27.0107846747871,2.45160967402995,-0.00428304159829764,27,4.17704895007527,4.39268406925427,3.73257383151942,0,-0.0488765519653962,9084.29038325222,8962.86916164685,9203.94728555735
1422,27.2427553925614,27.5768536321941,26.9373006188969,-0.0149333530739386,1.74916407441294,1.69379686681395,1.8030217383038,-0.040655704309934,0.2,27.01080808451,2.45333327164394,-0.00432323380398714,27,4.17706054554136,4.39270942774096,3.73259955444194,0,-0.0471356356425799,9084.33162740089,8962.89484044988,9203.95920175735
1422.5,27.2427553925614,27.5768536321941,26.9373006188969,-0.0146281946048211,1.74918263817246,1.69380861649464,1.80302716712166,-0.040655704309934,0.2,27.0108304254553,2.45428689185993,-0.00432323380398714,27,4.17707209544576,4.39273469833004,3.73262518826486,0,-0.0461724334506573,9084.37260408686,8962.92044705356,9203.9713357339
1423,27.2427553925614,27.5768536321941,26.9373006188969,-0.0147066614470074,1.74920108573117,1.69382033180157,1.80303269024688,-0.040655704309934,0.2,27.0108517382311,2.4540416829781,-0.00432323380398714,27,4.17708359996748,4.39275988132617,3.73265073329679,5,-0.0464201061913343,9084.41332445145,8962.94597881383,9203.983680513
1423.5,27.2427553925614,27.5768536321941,26.9373006188969,-0.0151772028690962,1.7492194226534,1.69383201161046,1.80303830463129,-0.040655704309934,0.2,27.0108720619948,2.45257124103407,-0.00432323380398714,27,4.17709505928486,4.39278497703297,3.73267618984529,5,-0.0479053231360153,9084.45380077395,8962.97143327985,9203.99622928246
1424,27.2427553925614,27.5768536321941,26.9373006188969,-0.0158094967473174,1.74923765383821,1.69384365488008,1.80304400729747,-0.0407571565974472,0.2,27.0108914345034,2.45059532266463,-0.00435657380135979,27,4.17710647357551,4.39280998575301,3.73270155821685,5,-0.0499010955332327,9084.49404386536,8962.99680818181,9204.00897538823
1424.5,27.2427553925614,27.5768536321941,26.9373006188969,-0.0163845973430622,1.74925578060906,1.69385526064726,1.80304979533724,-0.0407571565974472,0.2,27.0109098921626,2.44879813330293,-0.00435657380135979,27,4.17711784301635,4.39283490778779,3.73272683871689,5,-0.0517163430536417,9084.53405664407,8963.02210141995,9204.02191233095
1425,27.2427553925614,27.5768536321941,26.9373006188969,-0.0167221836600413,1.74927380155417,1.69386682802198,1.80305566591011,-0.0407571565974472,0.2,27.0109274700737,2.44774317606237,-0.00435657380135979,27,4.17712916778362,4.3928597434378,3.7327520316498,5,-0.0527819005045544,9084.57383599087,8963.04731105393,9204.03503376256
1425.5,27.2427553925614,27.5768536321941,26.9373006188969,-0.0166759931723836,1.74929171307487,1.69387835618289,1.80306161624172,-0.0407571565974472,0.2,27.0109442020797,2.4478875213363,-0.00435657380135979,27,4.17714044805284,4.39288449300246,3.73277713731888,0,-0.0526361048493115,9084.61337395907,8963.07243529306,9204.04833348279
1426,27.2427553925614,27.5768536321941,26.9373006188969,-0.0162308755318226,1.74930951083091,1.69388984437294,1.80306764362248,-0.0408537525810679,0.2,27.0109601208085,2.44927851396305,-0.00438404832341064,27,4.17715168399885,4.39290915678014,3.73280215602639,0,-0.0512311355286448,9084.65266096492,8963.09747248672,9204.06180543608
1426.5,27.2427553925614,27.5768536321941,26.9373006188969,-0.0156104897143793,1.74932719122767,1.69390129189552,1.80307374540606,-0.0408537525810679,0.2,27.0109752577159,2.45121721964256,-0.00438404832341064,27,4.17716287579582,4.39293373506821,3.73282708807357,0,-0.0492729497344667,9084.69168907049,8963.12242111606,9204.07544370829
1427,27.2427553925614,27.5768536321941,26.9373006188969,-0.0150288781821111,1.74934475408798,1.69391269811075,1.80307991900807,-0.0408537525810679,0.2,27.0109896431263,2.4530347556809,-0.00438404832341064,27,4.17717402361724,4.39295822816299,3.73285193376059,0,-0.0474371510940154,9084.73045788149,8963.14727978581,9204.08924252364
1427.5,27.2427553925614,27.5768536321941,26.9373006188969,-0.0146625149262663,1.74936220190137,1.69392406243189,1.80308616190463,-0.0408537525810679,0.2,27.0110033062722,2.45417964085542,-0.00438404832341064,27,4.17718512763586,4.39298263635979,3.73287669338658,0,-0.0462807621132668,9084.76897289026,8963.17204721654,9204.10319624164
1428,27.2427553925614,27.5768536321941,26.9373006188969,-0.0146542270626684,1.74937953942821,1.69393538432223,1.80309247163115,-0.0409462280519968,0.2,27.011016275333,2.45420554042916,-0.00440651013318245,27,4.17719618802382,4.39300695995287,3.73290136724964,5,-0.0462546023006064,9084.80724460202,8963.19672223781,9204.11729935422
1428.5,27.2427553925614,27.5768536321941,26.9373006188969,-0.0150624169436847,1.74939677194622,1.69394666329206,1.80309884578094,-0.0409462280519968,0.2,27.0110285774708,2.45292994705099,-0.00440651013318245,27,4.17720720495254,4.39303119923547,3.73292595564685,5,-0.0475430128410464,9084.84528466424,8963.22130378159,9204.13154648278
1429,27.2427553925614,27.5768536321941,26.9373006188969,-0.0156811914854745,1.74941390495799,1.69395789889551,1.80310528200401,-0.0409462280519968,0.2,27.011040238867,2.45099627660789,-0.00440651013318245,27,4.17721817859282,4.39305535449986,3.73295045887423,5,-0.0494961128047518,9084.8831052209,8963.24579087547,9204.14593237535
1429.5,27.2427553925614,27.5768536321941,26.9373006188969,-0.0162833295041692,1.74943094034987,1.69396909072802,1.80311177800573,-0.0409462280519968,0.2,27.0110512847562,2.44911459529947,-0.00440651013318245,27,4.17722910911471,4.39307942603724,3.73297487722681,5,-0.0513967012469596,9084.92071043352,8963.27018263698,9204.16045190375
1430,27.2427553925614,27.5768536321941,26.9373006188969,-0.0166811321049632,1.74944787718023,1.69398023842369,1.80311833154565,-0.0410352154820934,0.2,27.0110617394593,2.44787146217199,-0.00442469578371743,27,4.17723999668764,4.39310341413784,3.73299921099858,5,-0.0526523253761057,9084.95809822091,8963.29447826791,9204.17510006082
1430.5,27.2427553925614,27.5768536321941,26.9373006188969,-0.0167222346240506,1.74946471210563,1.69399134165279,1.80312494043632,-0.0410352154820934,0.2,27.0110716264158,2.44774301679984,-0.00442469578371743,27,4.17725084148038,4.39312731909086,3.7330234604825,5,-0.0527820613673532,9084.99526119984,8963.31867704892,9204.18987195784
1431,27.2427553925614,27.5768536321941,26.9373006188969,-0.0163414809719801,1.74948144097945,1.69400240011939,1.80313160254198,-0.0410352154820934,0.2,27.0110809682145,2.44893287196256,-0.00442469578371743,27,4.17726164366103,4.3931511411845,3.73304762597053,0,-0.0515802505399579,9085.03219021404,8963.34277833429,9204.20476282163
1431.5,27.2427553925614,27.5768536321941,26.9373006188969,-0.0157377460085257,1.74949805955249,1.69401341355946,1.80313831577762,-0.0410352154820934,0.2,27.0110897866235,2.45081954372336,-0.00442469578371743,27,4.17727240339703,4.39317488070598,3.73307170775363,0,-0.0496746215013106,9085.06887588059,8963.36678154786,9204.21976799241
1432,27.2427553925614,27.5768536321941,26.9373006188969,-0.0151331205831094,1.74951456701811,1.69402438173873,1.80314507810769,-0.0411212580421605,0.2,27.0110981026189,2.45270899817778,-0.00443924104756377,27,4.17728312085512,4.3931985379415,3.73309570612173,0,-0.0477661818085267,9085.10531641603,8963.39068617828,9204.23488292091
1432.5,27.2427553925614,27.5768536321941,26.9373006188969,-0.0147112554055197,1.74953096532717,1.69403530445089,1.80315188754511,-0.0411212580421605,0.2,27.0111059364128,2.45402732685775,-0.00443924104756377,27,4.17729379620146,4.39322211317629,3.73311962136375,0,-0.0464346065619823,9085.14151612413,8963.41449177515,9204.25010316618
1433,27.2427553925614,27.5768536321941,26.9373006188969,-0.0146214281470756,1.74954725877321,1.69404618151585,1.80315874215018,-0.0411212580421605,0.2,27.0111133074798,2.45430803704039,-0.00443924104756377,27,4.1773044296015,4.39324560669458,3.73314345376765,0,-0.0461510758034295,9085.1774844803,8963.43819794525,9204.26542439317
1433.5,27.2427553925614,27.5768536321941,26.9373006188969,-0.0149559124352325,1.7495634526857,1.69405701277825,1.80316564002957,-0.0411212580421605,0.2,27.0111202345835,2.4532627736399,-0.00443924104756377,27,4.17731502122006,4.39326901877961,3.73316720362036,5,-0.0472068420105679,9085.21323324699,8963.46180434923,9204.28084237042
1434,27.2427553925614,27.5768536321941,26.9373006188969,-0.0155520946074542,1.74957955265417,1.69406779810572,1.80317257933526,-0.0412048217510836,0.2,27.0111267358008,2.45139970435171,-0.00445069432030181,27,4.17732557122132,4.39329234971365,3.73319087120781,5,-0.0490886314189683,9085.24877476091,8963.48531069783,9204.29635296773
1434.5,27.2427553925614,27.5768536321941,26.9373006188969,-0.0161737755092867,1.74959556129068,1.69407853738752,1.80317955826356,-0.0412048217510836,0.2,27.0111328285466,2.44945695153348,-0.00445069432030181,27,4.1773360797688,4.39331559977797,3.73321445681496,5,-0.0510509050175124,9085.28411478608,8963.50871674897,9204.31195215398
1435,27.2427553925614,27.5768536321941,26.9373006188969,-0.016625710789739,1.7496114781431,1.69408923053307,1.80318657505409,-0.0412048217510836,0.2,27.0111385295972,2.44804465378207,-0.00445069432030181,27,4.17734654702537,4.39333876925291,3.73323796072578,5,-0.0524773935367321,9085.31925232211,8963.53202230448,9204.32763599481
1435.5,27.2427553925614,27.5768536321941,26.9373006188969,-0.0167487680298063,1.74962730028031,1.69409987747073,1.80319362798885,-0.0412048217510836,0.2,27.0111438551123,2.44766009990686,-0.00445069432030181,27,4.17735697315329,4.39336185841778,3.73326138322324,5,-0.0528658114092807,9085.35418089608,8963.55522720746,9204.34340065059
1436,27.2427553925614,27.5768536321941,26.9373006188969,-0.0164433052211487,1.74964302349163,1.69411047814635,1.80320071539121,-0.0412863060025757,0.2,27.011148820657,2.44861467118391,-0.00445952826281513,27,4.17736735831415,4.39338486755096,3.73328472458935,0,-0.0519016486000338,9085.38889121027,8963.57833133919,9204.35924237411
1436.5,27.2427553925614,27.5768536321941,26.9373006188969,-0.0158650893824428,1.74965864332304,1.69412103252236,1.80320783562505,-0.0412863060025757,0.2,27.0111534412231,2.45042159567987,-0.00445952826281513,27,4.17737770266894,4.39340779692987,3.73330798510514,0,-0.0500765681267424,9085.42337342959,8963.601334617,9204.37515750868
1437,27.2427553925614,27.5768536321941,26.9373006188969,-0.0152447830720695,1.74967415820436,1.69413154057659,1.80321498709386,-0.0412863060025757,0.2,27.0111577312487,2.45236005289978,-0.00445952826281513,27,4.17738800637798,4.39343064683094,3.73333116505065,0,-0.0481186332886801,9085.45762408528,8963.62423699189,9204.39114248617
1437.5,27.2427553925614,27.5768536321941,26.9373006188969,-0.0147733764079842,1.7496895695335,1.69414200230138,1.80322216823982,-0.0412863060025757,0.2,27.0111617046383,2.45383319872505,-0.00445952826281513,27,4.17739826960098,4.39345341752966,3.73335426470497,0,-0.0466306852941615,9085.49164626084,8963.64703844638,9204.40719382484
1438,27.2427553925614,27.5768536321941,26.9373006188969,-0.0146067311737559,1.74970488112667,1.69415241770259,1.80322937754302,-0.0413660526841255,0.2,27.0111653747814,2.45435396508201,-0.00446614991254961,27,4.17740849249703,4.39347610930056,3.7333772843462,0,-0.0461046862768432,9085.52544837857,8963.66973899257,9204.42330812775
1438.5,27.2427553925614,27.5768536321941,26.9373006188969,-0.0148597102474095,1.74972009823976,1.69416278679888,1.80323661352061,-0.0413660526841255,0.2,27.0111687545708,2.45356340547685,-0.00446614991254961,27,4.17741867522458,4.39349872241722,3.7334002242515,5,-0.0469031894249233,9085.55904203921,8963.69233867036,9204.43948208069
1439,27.2427553925614,27.5768536321941,26.9373006188969,-0.0154238885579296,1.74973522648919,1.69417310962082,1.80324387472596,-0.0413660526841255,0.2,27.0111718564204,2.45180034825647,-0.00446614991254961,27,4.17742881794146,4.39352125715226,3.73342308469707,5,-0.0486839618442491,9085.59243963954,8963.71483754567,9204.45571245044
1439.5,27.2427553925614,27.5768536321941,26.9373006188969,-0.0160573164377197,1.74975026920754,1.69418338621004,1.80325115974787,-0.0413660526841255,0.2,27.0111746922815,2.44982088613213,-0.00446614991254961,27,4.17743892080489,4.39354371377739,3.73344586595812,5,-0.0506833136040186,9085.62564853467,8963.73723570852,9204.47199608294
1440,27.2427553925614,27.5768536321941,26.9373006188969,-0.0165570305950637,1.7497652264523,1.69419361661856,1.80325846720978,-0.0414443540742404,0.2,27.0111772736599,2.44825927939043,-0.00447090946395434,27,4.17744898397148,4.39356609256334,3.73346856830896,5,-0.0522606113702589,9085.65866884953,8963.75953327158,9204.48832990152
1440.5,27.2427553925614,27.5768536321941,26.9373006188969,-0.0167569872899831,1.74978009572077,1.69420380090802,1.80326579576894,-0.0414443540742404,0.2,27.0111796116314,2.4476344147188,-0.00447090946395434,27,4.17745900759717,4.39358839377992,3.7334911920229,5,-0.0528917546821027,9085.69149505705,8963.78173036849,9204.50471090512
1441,27.2427553925614,27.5768536321941,26.9373006188969,-0.0165343740040468,1.74979487286313,1.69421393914899,1.8032731441157,-0.0414443540742404,0.2,27.0111817168573,2.44833008123735,-0.00447090946395434,27,4.17746899183736,4.393610617696,3.73351373737235,0,-0.0521890981063734,9085.72411799383,8963.80382715232,9204.52113616657
1441.5,27.2427553925614,27.5768536321941,26.9373006188969,-0.0159908747159295,1.74980955329396,1.6942240314203,1.80328051097277,-0.0414443540742404,0.2,27.0111835995984,2.45002851651272,-0.00447090946395434,27,4.17747893684679,4.39363276457952,3.7335362046287,0,-0.0504735969533599,9085.75652753465,8963.82582379424,9204.53760283107
1442,27.2427553925614,27.5768536321941,26.9373006188969,-0.0153625136661893,1.7498241346865,1.69423407780868,1.80328789509444,-0.0415214596800126,0.2,27.0111852697304,2.45199214479316,-0.00447410789216605,27,4.17748884277961,4.39365483469749,3.7335585940625,0,-0.0484902381359598,9085.78871854062,8963.84772048254,9204.55410811437
1442.5,27.2427553925614,27.5768536321941,26.9373006188969,-0.0148477888136898,1.74983861787045,1.69424407840805,1.80329529526599,-0.0415214596800126,0.2,27.0111867367565,2.45360065995722,-0.00447410789216605,27,4.17749870978937,4.393676828316,3.7335809059433,0,-0.0468655606115305,9085.82069284123,8963.86951742126,9204.57064930147
1443,27.2427553925614,27.5768536321941,26.9373006188969,-0.0146092855274783,1.7498530061733,1.69425403331917,1.80330271030291,-0.0415214596800126,0.2,27.0111880098214,2.45434598272663,-0.00447410789216605,27,4.177508538029,4.3936987457002,3.73360314053972,0,-0.0461127488389325,9085.85245778038,8963.89121482928,9204.58722374485
1443.5,27.2427553925614,27.5768536321941,26.9373006188969,-0.0147759039256486,1.74986730468637,1.69426394264918,1.8033101390503,-0.0415214596800126,0.2,27.0111890977237,2.45382530023235,-0.00447410789216605,27,4.17751832765084,4.39372058711434,3.73362529811946,5,-0.0466386631509174,9085.88402459611,8963.9128129395,9204.60382886324
1444,27.2427553925614,27.5768536321941,26.9373006188969,-0.0152983203059475,1.74988151896052,1.69427380651125,1.80331758038222,-0.0415975821552728,0.2,27.0111900089284,2.45219274904391,-0.00447600357134661,27,4.17752807880664,4.39374235282175,3.73364737894931,5,-0.0482876182136926,9085.91540554115,8963.93431199787,9204.62046213998
1444.5,27.2427553925614,27.5768536321941,26.9373006188969,-0.0159353909893417,1.74989565303511,1.69428362502399,1.80332503320098,-0.0415975821552728,0.2,27.0111907515786,2.45020190315831,-0.00447600357134661,27,4.17753779164754,4.39376404308484,3.7336693832951,5,-0.0502984681187582,9085.94660953142,8963.95571226224,9204.63712112165
1445,27.2427553925614,27.5768536321941,26.9373006188969,-0.0164762542413405,1.74990970749792,1.69429339831116,1.80333249643659,-0.0415975821552728,0.2,27.0111913335075,2.44851170549581,-0.00447600357134661,27,4.17754746632407,4.39378565816513,3.73369131142176,5,-0.0520056488873671,9085.97763786285,8963.9770140017,9204.65380341662
1445.5,27.2427553925614,27.5768536321941,26.9373006188969,-0.0167478054416611,1.74992368029151,1.69430312650123,1.80333996904603,-0.0415975821552728,0.2,27.0111917622489,2.44766310799481,-0.00447600357134661,27,4.17755710298622,4.39380719832319,3.73371316359331,5,-0.0528627730960591,9086.00848599145,8963.99821749557,9204.67050669361
1446,27.2427553925614,27.5768536321941,26.9373006188969,-0.0166126424171746,1.74993756741792,1.69431280972699,1.8033474500127,-0.0416729024215208,0.2,27.0111920450481,2.44808549244633,-0.00447681801925341,27,4.17756670178333,4.39382866381874,3.73373494007283,0,-0.0524361445255699,9086.03914508901,8964.01932303264,9204.68722868035
1446.5,27.2427553925614,27.5768536321941,26.9373006188969,-0.0161133941442228,1.74995136426487,1.69432244812514,1.80335493834582,-0.0416729024215208,0.2,27.0111921888726,2.4496456432993,-0.00447681801925341,27,4.1775762628642,4.39385005491057,3.73375664112251,0,-0.0508603172768247,9086.06960497097,8964.04033091022,9204.70396716225
1447,27.2427553925614,27.5768536321941,26.9373006188969,-0.0154849043097255,1.74996506776472,1.69433204183618,1.80336243307982,-0.0416729024215208,0.2,27.0111922004216,2.45160967403211,-0.00447681801925341,27,4.17758578637701,4.39387137185658,3.73377826700363,0,-0.0488765519632176,9086.09985886284,8964.06124143387,9204.7207199811
1447.5,27.2427553925614,27.5489763639313,26.9373006188969,-0.0149333530739388,1.74997867816295,1.694341591004,1.80336993327383,-0.0416729024215208,0.2,27.0111920861356,2.45333327164394,-0.00447681801925341,27,4.1775952724694,4.39389261491376,3.73379981797656,0,-0.0471356356425804,9086.12990730459,8964.08205491658,9204.73748503385
1448,27.2427553925614,27.5489763639313,26.9373006188969,-0.0146281946048211,1.74999219828593,1.6943510957757,1.80337743801109,-0.0414434888551121,0.2,27.0104316391008,2.45428689185993,-0.00417265564030913,27,4.17760472128838,4.39391378433823,3.73382129430077,0,-0.0461724334506573,9086.15975653429,8964.10277167832,9204.75426027136
1448.5,27.2427553925614,27.5489763639313,26.9373006188969,-0.0147066614470074,1.75000563299534,1.69436055630139,1.80338494639849,-0.0414434888551121,0.2,27.0096973057259,2.4540416829781,-0.00417265564030913,27,4.17761413298042,4.39393488038523,3.73384269623481,5,-0.0464201061913343,9086.18941728351,8964.12339204566,9204.77104369728
1449,27.2427553925614,27.5489763639313,26.9373006188969,-0.0151772028690962,1.75001898766948,1.69436997273407,1.803392457566,-0.0414434888551121,0.2,27.0089881868869,2.45257124103407,-0.00417265564030913,27,4.17762350769139,4.39395590330908,3.73386402403638,5,-0.0479053231360153,9086.21890142466,8964.14391635146,9204.78783336692
1449.5,27.2427553925614,27.5489763639313,26.9373006188969,-0.0158094967473174,1.75003226702242,1.6943793452292,1.80339997066612,-0.0414434888551121,0.2,27.0083034144538,2.45059532266463,-0.00417265564030913,27,4.17763284556661,4.39397685336326,3.73388527796224,5,-0.0499010955332327,9086.24821936371,8964.16434493392,9204.80462738589
1450,27.2427553925614,27.5489763639313,26.9373006188969,-0.0163845973430622,1.75004547219362,1.69438867394459,1.80340748487346,-0.0403985480040134,0.2,27.0076421502211,2.44879813330293,-0.00305686008845214,27,4.17764214675083,4.39399773080034,3.7339064582683,5,-0.0517163430536417,9086.27737361484,8964.18467813639,9204.82142390919
1450.5,27.2427553925614,27.5489763639313,26.9373006188969,-0.0167221836600413,1.75005860158837,1.69439795904017,1.80341499938412,-0.0403985480040134,0.2,27.0070035848766,2.44774317606237,-0.00305686008845214,27,4.17765141138819,4.39401853587201,3.73392756520957,5,-0.0527819005045544,9086.30636065573,8964.20491630688,9204.83822113988
1451,27.2427553925614,27.5489763639313,26.9373006188969,-0.0166759931723836,1.75007165142599,1.69440720067777,1.80342251341529,-0.0403985480040134,0.2,27.0063869370043,2.4478875213363,-0.00305686008845214,27,4.17766063962231,4.39403926882914,3.73394859904015,0,-0.0526361048493115,9086.3351721379,8964.22505979747,9204.85501732816
1451.5,27.2427553925614,27.5489763639313,26.9373006188969,-0.0162308755318226,1.7500846171854,1.69441639902078,1.80343002620469,-0.0403985480040134,0.2,27.0057914521224,2.44927851396305,-0.00305686008845214,27,4.17766983159624,4.39405992992166,3.73396956001329,0,-0.0512311355286448,9086.36379807798,8964.24510896371,9204.87181077005
1452,27.2427553925614,27.5489763639313,26.9373006188969,-0.0156104897143793,1.75009749509219,1.69442555423424,1.80343753701015,-0.0394841347027466,0.2,27.0052164017547,2.45121721964256,-0.00208656070187061,27,4.17767898745242,4.39408051939868,3.73399044838136,0,-0.0492729497344667,9086.39223014114,8964.26506416474,9204.8885998066
1452.5,27.2427553925614,27.5489763639313,26.9373006188969,-0.0150288781821111,1.75011028479066,1.69443466648458,1.80344504510921,-0.0394841347027466,0.2,27.0046610825335,2.4530347556809,-0.00208656070187061,27,4.1776881073328,4.39410103750843,3.73401126439585,0,-0.0474371510940154,9086.42046754029,8964.2849257627,9204.9053828228
1453,27.2427553925614,27.5489763639313,26.9373006188969,-0.0146625149256246,1.75012298859292,1.69444373593947,1.80345254979861,-0.0394841347027466,0.2,27.0041248153338,2.45417964085742,-0.00208656070187061,27,4.17769719137871,4.39412148449829,3.73403200830739,0,-0.0462807621112416,9086.44851537845,8964.3046941225,9204.92215824663
1453.5,27.2427553925614,27.5489763639313,26.9373006188969,-0.014654227063954,1.75013561108308,1.69445276276785,1.80346005039386,-0.0394841347027466,0.2,27.0036069444372,2.45420554042514,-0.00208656070187061,27,4.17770623973098,4.39414186061478,3.73405268036572,5,-0.0462546023046644,9086.47638377496,8964.32436961177,9204.93892454798
1454,27.2427553925614,27.5489763639313,26.9373006188969,-0.0150624169436847,1.75014815736369,1.69446174713986,1.80346754622896,-0.0386828189349728,0.2,27.0031068367245,2.45292994705099,-0.00124273468979794,27,4.17771525252985,4.39416216610355,3.73407328081972,5,-0.0475430128410464,9086.50408399388,8964.34395260079,9204.95568023808
1454.5,27.2427553925614,27.5489763639313,26.9373006188969,-0.0156811914854745,1.7501606327632,1.69447068922652,1.80347503665581,-0.0386828189349728,0.2,27.0026238808968,2.45099627660789,-0.00124273468979794,27,4.17772422991501,4.39418240120941,3.73409380991744,5,-0.0494961128047518,9086.53162779817,8964.36344346174,9204.97242386814
1455,27.2427553925614,27.5489763639313,26.9373006188969,-0.0162833295041692,1.75017303899478,1.69447958919974,1.80348252104389,-0.0386828189349728,0.2,27.0021574867227,2.44911459529947,-0.00124273468979794,27,4.17773317202563,4.39420256617632,3.73411426790602,5,-0.0513967012469596,9086.55901896894,8964.38284256879,9204.9891540287
1455.5,27.2427553925614,27.5489763639313,26.9373006188969,-0.0166811321049632,1.75018537494454,1.6944884472322,1.80348999877989,-0.0386828189349728,0.2,27.0017070843117,2.44787146217199,-0.00124273468979794,27,4.1777420790003,4.39422266124741,3.73413465503176,5,-0.0526523253761057,9086.58625504552,8964.40215029773,9205.00586934867
1456,27.2427553925614,27.5489763639313,26.9373006188969,-0.0167222346240506,1.75019763709775,1.69449726349716,1.80349746926718,-0.0379794836532774,0.2,27.0012721234129,2.44774301679984,-0.000508849365171216,27,4.17775095097707,4.39424268666495,3.73415497154014,5,-0.0527820613673532,9086.61332826652,8964.42136702569,9205.02256849433
1456.5,27.2427553925614,27.5489763639313,26.9373006188969,-0.0163414809719801,1.75020982113752,1.69450603816826,1.80350493192552,-0.0379794836532774,0.2,27.000852072738,2.44893287196256,-0.000508849365171216,27,4.17775978809347,4.39426264267035,3.73417521767578,0,-0.0515802505399579,9086.6402290994,8964.44049313059,9205.03925016856
1457,27.2427553925614,27.5489763639313,26.9373006188969,-0.0157377460085257,1.75022192264539,1.69451477141964,1.8035123861907,-0.0379794836532774,0.2,27.0004464193066,2.45081954372336,-0.000508849365171216,27,4.17776859048647,4.39428252950423,3.73419539368241,0,-0.0496746215013106,9086.66694778724,8964.45952899143,9205.05591311004
1457.5,27.2427553925614,27.5489763639313,26.9373006188969,-0.0151331205831094,1.75023394064657,1.69452346342575,1.80351983151411,-0.0379794836532774,0.2,27.0000546678159,2.45270899817778,-0.000508849365171216,27,4.17777735829251,4.39430234740636,3.73421549980294,0,-0.0477661818085267,9086.6934821763,8964.47847498793,9205.07255609234
1458,27.2427553925614,27.5489763639313,26.9373006188969,-0.0147112554055197,1.75024587692492,1.69453211436126,1.80352726736245,-0.0373610191395315,0.2,26.9996763400302,2.45402732685775,0.000129463987921952,27,4.17778609164749,4.39432209661564,3.73423553627947,0,-0.0464346065619823,9086.7198362036,8964.49733150031,9205.08917792324
1458.5,27.2427553925614,27.5489763639313,26.9373006188969,-0.0146214281470756,1.75025773560802,1.69454072440121,1.80353469321738,-0.0373610191395315,0.2,26.999310974193,2.45430803704039,0.000129463987921952,27,4.17779479068677,4.39434177737019,3.73425550335321,0,-0.0461510758034295,9086.74601898096,8964.51609890954,9205.10577744393
1459,27.2427553925614,27.5489763639313,26.9373006188969,-0.0149559124352325,1.75026952186041,1.69454929372089,1.80354210857523,-0.0373610191395315,0.2,26.9989581244583,2.4532627736399,0.000129463987921952,27,4.1778034555452,4.3943613899073,3.73427540126458,5,-0.0472068420105679,9086.77204190977,8964.53477759717,9205.12235352842
1459.5,27.2427553925614,27.5489763639313,26.9373006188969,-0.0155520946080954,1.75028124110769,1.69455782249572,1.80354951294659,-0.0373610191395315,0.2,26.9986173603424,2.4513997043497,0.000129463987921952,27,4.17781208635708,4.39438093446341,3.73429523025314,5,-0.0490886314209922,9086.79791696802,8964.55336794506,9205.13890508256
1460,27.2427553925614,27.5489763639313,26.9373006188969,-0.0161737755092673,1.7502928957989,1.69456631090124,1.80355690585602,-0.0368160576391006,0.2,26.9982882661938,2.44945695153354,0.000684693522471491,27,4.17782068325618,4.39440041127416,3.73431499055762,5,-0.0510509050174514,9086.82364956176,8964.57187033532,9205.15543104344
1460.5,27.2427553925614,27.5489763639313,26.9373006188969,-0.016625710788943,1.75030448531978,1.694574759113,1.80356428684172,-0.0368160576391006,0.2,26.9979704406821,2.44804465378455,0.000684693522471491,27,4.17782924637577,4.39441982057437,3.73433468241593,5,-0.0524773935342198,9086.8492383336,8964.59028515006,9205.17193037864
1461,27.2427553925614,27.5489763639313,26.9373006188969,-0.0167487680298063,1.75031600657792,1.6945831673065,1.80357165545525,-0.0368160576391006,0.2,26.9976634963037,2.44766009990686,0.000684693522471491,27,4.17783777584856,4.39443916259805,3.73435430606515,5,-0.0528658114092807,9086.87467645456,8964.60861277136,9205.18840208557
1461.5,27.2427553925614,27.5489763639313,26.9373006188969,-0.0164433052211487,1.75032745520237,1.69459153565702,1.80357901126111,-0.0368160576391006,0.2,26.9973670589056,2.44861467118391,0.000684693522471491,27,4.17784627180678,4.39445843757838,3.73437386174155,0,-0.0519016486000338,9086.89995427265,8964.62685358073,9205.20484519055
1462,27.2427553925614,27.5489763639313,26.9373006188969,-0.0158650893824428,1.75033882657969,1.69459986433965,1.8035863538365,-0.0363347429719632,0.2,26.9970807672249,2.45042159567987,0.00116769311004532,27,4.1778547343821,4.39447764574775,3.73439334968058,0,-0.0500765681267424,9086.92506160041,8964.64500795936,9205.22125874836
1462.5,27.2427553925614,27.5489763639313,26.9373006188969,-0.0152447830720695,1.75035011898149,1.69460815352932,1.80359368277111,-0.0363347429719632,0.2,26.9968042724439,2.45236005289978,0.00116769311004532,27,4.17786316370568,4.39449678733774,3.73441277011686,0,-0.0481186332886801,9086.94999462023,8964.66307628804,9205.2376418416
1463,27.2427553925614,27.5489763639313,26.9373006188969,-0.0147733764079842,1.75036133364835,1.69461640340066,1.80360099766669,-0.0363347429719632,0.2,26.9965372377618,2.45383319872505,0.00116769311004532,27,4.1778715599082,4.39451586257915,3.73443212328422,0,-0.0466306852941615,9086.97475606994,8964.68105894692,9205.25399357987
1463.5,27.2427553925614,27.5489763639313,26.9373006188969,-0.0146067311737559,1.75037247424024,1.69462461412811,1.80360829813691,-0.0363347429719632,0.2,26.9962793379796,2.45435396508201,0.00116769311004532,27,4.17787992311978,4.39453487170192,3.73445140941566,0,-0.0461046862768432,9086.99935402924,8964.69895631577,9205.27031309942
1464,27.2427553925614,27.5489763639313,26.9373006188969,-0.0148597102474095,1.75038354585781,1.69463278588593,1.80361558380705,-0.0359085305198867,0.2,26.9960302591005,2.45356340547685,0.0015878963597828,27,4.17788825347006,4.39455381493526,3.73447062874337,5,-0.0469031894249233,9087.02379975898,8964.71676877393,9205.28659956243
1464.5,27.2427553925614,27.5489763639313,26.9373006188969,-0.0154238885579296,1.75039455396314,1.69464091884813,1.80362285431376,-0.0359085305198867,0.2,26.9957896979438,2.45180034825647,0.0015878963597828,27,4.17789655108816,4.39457269250753,3.73448978149877,5,-0.0486839618442491,9087.04810531805,8964.73449670023,9205.3028521565
1465,27.2427553925614,27.5489763639313,26.9373006188969,-0.0160573164377197,1.75040550173536,1.69464901318841,1.80363010930476,-0.0359085305198867,0.2,26.9955573617715,2.44982088613213,0.0015878963597828,27,4.1779048161027,4.39459150464635,3.73450886791245,5,-0.0506833136040186,9087.07227772488,8964.75214047283,9205.31907009391
1465.5,27.2427553925614,27.5489763639313,26.9373006188969,-0.0165570305950637,1.75041638907931,1.69465706908014,1.80363734843859,-0.0359085305198867,0.2,26.9953329679287,2.44825927939043,0.0015878963597828,27,4.17791304864178,4.39461025157851,3.73452788821419,5,-0.0522606113702589,9087.09631676831,8964.76970046916,9205.33525261124
1466,27.2427553925614,27.5489763639313,26.9373006188969,-0.0167569872899831,1.7504272133405,1.69466508669627,1.80364457138435,-0.0355300135926448,0.2,26.9951162434957,2.4476344147188,0.0019535026017266,27,4.17792124883301,4.39462893353004,3.734546842633,5,-0.0528917546821027,9087.12021658626,8964.78717706575,9205.35139896859
1466.5,27.2427553925614,27.5489763639313,26.9373006188969,-0.0165343740033056,1.75043797021819,1.69467306620929,1.80365177782144,-0.0355300135926448,0.2,26.9949069249526,2.44833008123967,0.0019535026017266,27,4.17792941680349,4.39464755072617,3.73456573139709,0,-0.0521890981040338,9087.14396768169,8964.80457063811,9205.36750844909
1467,27.2427553925614,27.5489763639313,26.9373006188969,-0.0159908747186688,1.75044865497695,1.69468100779112,1.80365896743933,-0.0355300135926448,0.2,26.9947047578551,2.45002851650416,0.0019535026017266,27,4.17793755267982,4.39466610339135,3.73458455473388,0,-0.0504735969620062,9087.16755959762,8964.82188156057,9205.3835803584
1467.5,27.2427553925614,27.5489763639313,26.9373006188969,-0.0153625136661893,1.75045926514096,1.69468891161325,1.80366613993733,-0.0355300135926448,0.2,26.9945094965216,2.45199214479316,0.0019535026017266,27,4.17794565658813,4.39468459174926,3.73460331286997,0,-0.0484902381359598,9087.19098686629,8964.83911020646,9205.39961402412
1468,27.2427553925614,27.5489763639313,26.9373006188969,-0.0148477888136898,1.75046980139184,1.69469677784665,1.80367329502434,-0.0351927727023345,0.2,26.9943209037311,2.45360065995722,0.00227163850757535,27,4.17795372865399,4.39470301602281,3.73462200603123,0,-0.0468655606115305,9087.2142509915,8964.85625694802,9205.41560879536
1468.5,27.2427553925614,27.5489763639313,26.9373006188969,-0.0146092855274783,1.75048026691,1.69470460666181,1.8036804324187,-0.0351927727023345,0.2,26.9941387504316,2.45434598272663,0.00227163850757535,27,4.17796176900255,4.39472137643413,3.73464063444272,0,-0.0461127488389325,9087.23735899443,8964.87332215644,9205.43156404227
1469,27.2427553925614,27.5489763639313,26.9373006188969,-0.0147759039256486,1.75049066664057,1.69471239822878,1.80368755184792,-0.0351927727023345,0.2,26.9939628154586,2.45382530023235,0.00227163850757535,27,4.17796977775842,4.39473967320457,3.7346591983287,5,-0.0466386631509174,9087.26032179292,8964.89030620195,9205.44747915554
1469.5,27.2427553925614,27.5489763639313,26.9373006188969,-0.0152983203059475,1.75050100598913,1.69472015271724,1.80369465304854,-0.0351927727023345,0.2,26.9937928852629,2.45219274904391,0.00227163850757535,27,4.17797775504575,4.39475790655472,3.73467769791271,5,-0.0482876182136926,9087.28315132159,8964.90720945398,9205.46335354599
1470,27.2427553925614,27.5489763639313,26.9373006188969,-0.0159353909893417,1.75051128885058,1.69472787029629,1.80370173576585,-0.0348912447297991,0.2,26.9936287536484,2.45020190315831,0.00254849854065498,27,4.17798570098816,4.39477607670442,3.73469613341745,5,-0.0502984681187582,9087.30585617951,8964.92403228072,9205.47918664404
1470.5,27.2427553925614,27.5489763639313,26.9373006188969,-0.0164762542413405,1.75052151566904,1.69473555113457,1.80370879975371,-0.0348912447297991,0.2,26.9934702215182,2.44851170549581,0.00254849854065498,27,4.17799361570885,4.39479418387272,3.7347145050649,5,-0.0520056488873671,9087.32843734647,8964.94077504932,9205.49497789924
1471,27.2427553925614,27.5489763639313,26.9373006188969,-0.0167478054416611,1.75053168424416,1.69474319540012,1.80371584477433,-0.0348912447297991,0.2,26.9933170966303,2.44766310799481,0.00254849854065498,27,4.17800149933049,4.39481222827794,3.73473281307623,5,-0.0528627730960591,9087.35088996309,8964.95743812566,9205.51072677981
1471.5,27.2427553925614,27.5489763639313,26.9373006188969,-0.0166126424171746,1.75054179043592,1.69475080326037,1.80372287059808,-0.0348912447297991,0.2,26.9931691933614,2.44808549244633,0.00254849854065498,27,4.17800935197526,4.39483021013763,3.73475105767189,0,-0.0524361445255699,9087.37320488712,8964.97402187432,9205.52643277222
1472,27.2427553925614,27.5489763639313,26.9373006188969,-0.0161133941442228,1.75055182949081,1.69475837488208,1.80372987700324,-0.0346206093648078,0.2,26.9930263324782,2.4496456432993,0.0027894670087278,27,4.17801717376488,4.39484812966857,3.73476923907152,0,-0.0508603172768247,9087.3953716216,8964.99052665834,9205.54209538062
1472.5,27.2427553925614,27.5489763639313,26.9373006188969,-0.0154849043097255,1.75056179820085,1.69476591043137,1.80373686377591,-0.0346206093648078,0.2,26.9928883409175,2.45160967403211,0.0027894670087278,27,4.17802496482059,4.39486598708681,3.73478735749403,0,-0.0488765519632176,9087.41738308209,8965.00695283946,9205.5577141266
1473,27.2427553925614,27.5489763639313,26.9373006188969,-0.0149333530759257,1.7505716966721,1.69477341007375,1.80374383070973,-0.0346206093648078,0.2,26.9927550515736,2.45333327163773,0.0027894670087278,27,4.17803272526316,4.39488378260766,3.73480541315755,0,-0.047135635648852,9087.43923950169,8965.02330077805,9205.57328854865
1473.5,27.2427553925614,27.5489763639313,26.9373006188969,-0.0146281946047981,1.75058152759244,1.69478087397414,1.8037507776058,-0.0346206093648078,0.2,26.9926263030929,2.45428689186001,0.0027894670087278,27,4.17804045521286,4.39490151644566,3.73482340627948,0,-0.0461724334505846,9087.46094681436,8965.03957083318,9205.58881820193
1474,27.2427553925614,27.5489763639313,26.9373006188969,-0.0147066614470073,1.75059129568594,1.69478830229687,1.80375770427248,-0.0343766905446543,0.2,26.9925019396754,2.4540416829781,0.00299922412985012,27,4.17804815478953,4.39491918881461,3.73484133707644,5,-0.0464201061913338,9087.48251545019,8965.05576336267,9205.60430265779
1474.5,27.2427553925614,27.5489763639313,26.9373006188969,-0.0151772028690962,1.75060100619413,1.69479569520585,1.80376461052524,-0.0343766905446543,0.2,26.9923818108835,2.45257124103407,0.00299922412985012,27,4.17805582411249,4.39493679992757,3.73485920576433,5,-0.0479053231360153,9087.50395698192,8965.07187872343,9205.61974150351
1475,27.2427553925614,27.5489763639313,26.9373006188969,-0.0158094967473174,1.7506106636951,1.69480305286428,1.80377149618646,-0.0343766905446543,0.2,26.9922657714574,2.45059532266463,0.00299922412985012,27,4.17806346330063,4.39495434999688,3.73487701255827,5,-0.0499010955332327,9087.52528151749,8965.08791727082,9205.63513434179
1475.5,27.2427553925614,27.5489763639313,26.9373006188969,-0.0163845973430622,1.75062026919307,1.69481037543484,1.80377836108528,-0.0343766905446543,0.2,26.9921536811362,2.44879813330293,0.00299922412985012,27,4.17807107247235,4.39497183923412,3.73489475767265,5,-0.0517163430536417,9087.54649127355,8965.10387935904,9205.65048079048
1476,27.2427553925614,27.5489763639313,26.9373006188969,-0.0167221836600413,1.75062982095881,1.69481766307959,1.80378520505746,-0.0341558709159386,0.2,26.9920454044857,2.44774317606237,0.00318183820570681,27,4.1780786517456,4.39498926785014,3.73491244132113,5,-0.0527819005045544,9087.56758243102,8965.119765341,9205.66578048216
1476.5,27.2427553925614,27.5489763639313,26.9373006188969,-0.0166759931723836,1.75063931507795,1.69482491595986,1.80379202794513,-0.0341558709159386,0.2,26.9919408107326,2.4478875213363,0.00318183820570681,27,4.17808620123785,4.39500663605508,3.73493006371659,0,-0.0526361048493115,9087.58854634579,8965.135575568,9205.68103306372
1477,27.2427553925614,27.5489763639313,26.9373006188969,-0.0162308755318226,1.7506487468964,1.69483213423625,1.80379882959671,-0.0341558709159386,0.2,26.991839773603,2.44927851396305,0.00318183820570681,27,4.17809372106613,4.39502394405833,3.73494762507122,0,-0.0512311355286448,9087.60937274034,8965.15131038974,9205.69623819605
1477.5,27.2427553925614,27.5489763639313,26.9373006188969,-0.0156104897143793,1.75065811250765,1.69483931806873,1.80380560986669,-0.0341558709159386,0.2,26.991742171168,2.45121721964256,0.00318183820570681,27,4.17810121134697,4.39504119206855,3.73496512559645,0,-0.0492729497344667,9087.63005298778,8965.16697015452,9205.71139555365
1478,27.2427553925614,27.5489763639313,26.9373006188969,-0.0150288781821111,1.75066741142474,1.69484646761652,1.80381236861559,-0.0339550176032333,0.2,26.9916478856939,2.4530347556809,0.00334084572243398,27,4.17810867219651,4.39505838029371,3.73498256550299,0,-0.0474371510940154,9087.65058601187,8965.18255520911,9205.7265048245
1478.5,27.2427553925614,27.5489763639313,26.9373006188969,-0.0146625149256246,1.75067664582938,1.69485358303824,1.80381910570972,-0.0339550176032333,0.2,26.9915568034973,2.45417964085742,0.00334084572243398,27,4.17811610373036,4.39507550894102,3.7349999450008,0,-0.0462807621112416,9087.67097662915,8965.19806589886,9205.74156570949
1479,27.2427553925614,27.5489763639313,26.9373006188969,-0.014654227063954,1.75068582017615,1.69486066449184,1.80382582102114,-0.0339550176032333,0.2,26.9914688148057,2.45420554042514,0.00334084572243398,27,4.17812350606372,4.39509257821699,3.73501726429913,5,-0.0462546023046644,9087.69123467495,8965.21350256774,9205.75657792237
1479.5,27.2427553925614,27.5489763639313,26.9373006188969,-0.0150624169436635,1.75069493943881,1.69486771213485,1.80383251442751,-0.0339550176032333,0.2,26.9913838136229,2.45292994705105,0.00334084572243398,27,4.17813087931134,4.39510958832743,3.73503452360651,5,-0.0475430128409795,9087.71137113111,8965.22886555877,9205.77154118941
1480,27.2427553925614,27.5489763639313,26.9373006188969,-0.0156811914846213,1.75070400881785,1.69487472612405,1.8038391858119,-0.0337714177946502,0.2,26.9913016975987,2.45099627661056,0.00347932096050556,27,4.17813822358748,4.39512653947741,3.73505172313072,5,-0.0494961128020587,9087.73139748023,8965.24415521336,9205.78645524902
1480.5,27.2427553925614,27.5489763639313,26.9373006188969,-0.0162833295085221,1.75071302989912,1.69488170661565,1.8038458350627,-0.0337714177946502,0.2,26.9912223679033,2.44911459528587,0.00347932096050556,27,4.17814553900599,4.39514343187129,3.73506886307885,5,-0.0513967012606992,9087.75131722338,8965.2593718717,9205.80131985144
1481,27.2427553925614,27.5489763639313,26.9373006188969,-0.0166811321049633,1.75072200144213,1.69488865376526,1.80385246207352,-0.0337714177946502,0.2,26.9911457291061,2.44787146217199,0.00347932096050556,27,4.17815282568027,4.39516026571274,3.73508594365727,5,-0.0526523253761062,9087.77112762073,8965.27451587263,9205.81613475859
1481.5,27.2427553925614,27.5489763639313,26.9373006188969,-0.0167222346240506,1.75073091980624,1.69489556772775,1.80385906674296,-0.0337714177946502,0.2,26.9910716890582,2.44774301679984,0.00347932096050556,27,4.17816008372325,4.3951770412047,3.7351029650716,5,-0.0527820613673532,9087.79082063253,8965.2895875534,9205.83089974359
1482,27.2427553925614,27.5489763639313,26.9373006188969,-0.0163414809719801,1.75073978054944,1.6949024486572,1.80386564897452,-0.0336027228499844,0.2,26.99100015878,2.44893287196256,0.00359993648800412,27,4.17816731324743,4.39519375854945,3.73511992752679,0,-0.0515802505399579,9087.81038644942,8965.30458724953,9205.84561459045
1482.5,27.2427553925614,27.5489763639313,26.9373006188969,-0.0157377460085257,1.75074857912883,1.69490929670708,1.80387220867652,-0.0336027228499844,0.2,26.9909310523514,2.45081954372336,0.00359993648800412,27,4.17817451436487,4.39521041794851,3.73513683122706,0,-0.0496746215013106,9087.82981503924,8965.31951529525,9205.86027909397
1483,27.2427553925614,27.5489763639313,26.9373006188969,-0.0151331205831094,1.75075731444609,1.69491611203009,1.80387874576194,-0.0336027228499844,0.2,26.9908642868068,2.45270899817778,0.00359993648800412,27,4.17818168718721,4.39522701960275,3.73515367637593,0,-0.0477661818085267,9087.84910397584,8965.33437202308,9205.87489305943
1483.5,27.2427553925614,27.5489763639313,26.9373006188969,-0.0147112554055197,1.75076598816228,1.69492289477827,1.80388526014833,-0.0336027228499844,0.2,26.9907997820329,2.45402732685775,0.00359993648800412,27,4.17818883182559,4.39524356371231,3.73517046317622,0,-0.0464346065619823,9087.86825692631,8965.34915776413,9205.88945630225
1484,27.2427553925614,27.5489763639313,26.9373006188969,-0.0146214281470756,1.75077460428306,1.69492964510303,1.8038917517577,-0.0334468998074477,0.2,26.990737460671,2.45430803704039,0.00370501573158748,27,4.17819594839077,4.39526005047667,3.73518719183002,0,-0.0461510758034295,9087.88728273497,8965.36387284814,9205.90396864784
1484.5,27.2427553925614,27.5489763639313,26.9373006188969,-0.0149559124352325,1.7507831678517,1.6949363631553,1.8038982205165,-0.0334468998074477,0.2,26.9906772480216,2.4532627736399,0.00370501573158748,27,4.17820303699307,4.39527648009459,3.73520386253875,5,-0.0472068420105679,9087.90619253744,8965.37851760376,9205.91842993157
1485,27.2427553925614,27.5489763639313,26.9373006188969,-0.0155520946080954,1.75079168417337,1.69494304908532,1.80390466635541,-0.0334468998074477,0.2,26.990619071953,2.4513997043497,0.00370501573158748,27,4.17821009774234,4.39529285276414,3.73522047550312,5,-0.0490886314209922,9087.92499804783,8965.39309235818,9205.93283999821
1485.5,27.2427553925614,27.5489763639313,26.9373006188969,-0.0161737755092673,1.75080015557726,1.69494970304273,1.80391108920923,-0.0334468998074477,0.2,26.9905628628128,2.44945695153354,0.00370501573158748,27,4.17821713074803,4.39530916868274,3.73523703092314,5,-0.0510509050174514,9087.94370440874,8965.4075974373,9205.9471987018
1486,27.2427553925614,27.5489763639313,26.9373006188969,-0.016625710788943,1.75080858132995,1.69495632517655,1.80391748901687,-0.0333021893131296,0.2,26.9905085533426,2.44804465378455,0.00379657866294707,27,4.17822413611916,4.39532542804708,3.73525352899814,5,-0.0524773935342198,9087.96231000007,8965.42203316564,9205.96150590552
1486.5,27.2427553925614,27.5489763639313,26.9373006188969,-0.0167487680333387,1.75081695822052,1.69496291563513,1.80392386572117,-0.0333021893131296,0.2,26.9904560785956,2.44766009989582,0.00379657866294707,27,4.17823111396432,4.3953416310532,3.73526996992676,5,-0.0528658114204304,9087.98080773095,8965.43639986627,9205.97576148133
1487,27.2427553925614,27.5489763639313,26.9373006188969,-0.0164433052211213,1.75082528176021,1.69496947456601,1.80393021926871,-0.0333021893131296,0.2,26.9904053758567,2.448614671184,0.00379657866294707,27,4.17823806439165,4.39535777789644,3.73528635390692,0,-0.0519016485999472,9087.99918768866,8965.45069786054,9205.98996530964
1487.5,27.2427553925614,27.5489763639313,26.9373006188969,-0.0158650893824428,1.7508335472185,1.69497600211611,1.8039365496099,-0.0333021893131296,0.2,26.9903563845657,2.45042159567987,0.00379657866294707,27,4.17824498750889,4.39537386877147,3.73530268113591,0,-0.0500765681267424,9088.01743942665,8965.46492746835,9206.0041172793
1488,27.2427553925614,27.5489763639313,26.9373006188969,-0.0152447830720695,1.7508417527506,1.69498249843159,1.80394285669874,-0.0331670691253159,0.2,26.9903090462435,2.45236005289978,0.00387638150261296,27,4.17825188342334,4.3953899038723,3.73531895181029,0,-0.0481186332886801,9088.03555887048,8965.47908900807,9206.01821728728
1488.5,27.2427553925614,27.5489763639313,26.9373006188969,-0.0147733764079842,1.75084989948157,1.69498896365798,1.80394914049279,-0.0331670691253159,0.2,26.9902633044197,2.45383319872505,0.00387638150261296,27,4.1782587522419,4.39540588339225,3.73533516612595,0,-0.0466306852941615,9088.05354850376,8965.49318279663,9206.03226523844
1489,27.2427553925614,27.5489763639313,26.9373006188969,-0.0146067311737559,1.75085799095653,1.69499539794015,1.80395540095311,-0.0331670691253159,0.2,26.9902191045642,2.45435396508201,0.00387638150261296,27,4.17826559407103,4.39542180752397,3.73535132427812,0,-0.0461046862768432,9088.07141615414,8965.50720914952,9206.04626104555
1489.5,27.2427553925614,27.5489763639313,26.9373006188969,-0.0148597102474095,1.75086603216202,1.69500180142247,1.80396163804416,-0.0331670691253159,0.2,26.9901763940198,2.45356340547685,0.00387638150261296,27,4.17827240901677,4.39543767645944,3.73536742646134,5,-0.0469031894249233,9088.08917283229,8965.52116838115,9206.06020462887
1490,27.2427553925614,27.5489763639313,26.9373006188969,-0.0154238885579298,1.75087402844671,1.6950081742487,1.80396785173375,-0.0330402224579487,0.2,26.990135121938,2.45180034825647,0.00394595122479018,27,4.17827919718477,4.39545349039,3.73538347286945,5,-0.0486839618442496,9088.10683034859,8965.53506080463,9206.07409591623
1490.5,27.2427553925614,27.5489763639313,26.9373006188969,-0.0160573164377197,1.75088198287696,1.69501451656197,1.8039740419929,-0.0330402224579487,0.2,26.9900952392166,2.44982088613213,0.00394595122479018,27,4.17828595868024,4.39546924950629,3.73539946369568,5,-0.0506833136040186,9088.1243954737,8965.54888673169,9206.08793484262
1491,27.2427553925614,27.5489763639313,26.9373006188969,-0.0165570305950635,1.75088989524546,1.69502082850484,1.80398020879578,-0.0330402224579487,0.2,26.9900566984396,2.44825927939043,0.00394595122479018,27,4.17829269360799,4.39548495399831,3.73541539913254,5,-0.0522606113702585,9088.1418677493,8965.56264647281,9206.10172135009
1491.5,27.2427553925614,27.5489763639313,26.9373006188969,-0.0167569872899831,1.75089776278615,1.6950271102192,1.80398635211963,-0.0330402224579487,0.2,26.9900194538191,2.4476344147188,0.00394595122479018,27,4.17829940207239,4.39550060405542,3.7354312793719,5,-0.0528917546821027,9088.15924106683,8965.57634033699,9206.11545538749
1492,27.2427553925614,27.5489763639313,26.9373006188969,-0.0165343740033056,1.75090558108741,1.69503336184618,1.80399247194461,-0.0329205105240504,0.2,26.9899834611394,2.44833008123967,0.00400661554423323,27,4.17830608417744,4.39551619986628,3.73544710460494,0,-0.0521890981040338,9088.17650568383,8965.58996863164,9206.12913691026
1492.5,27.2427553925614,27.5489763639313,26.9373006188969,-0.0159908747186688,1.75091334530352,1.69503958352627,1.80399856825379,-0.0329205105240504,0.2,26.9899486777028,2.45002851650416,0.00400661554423323,27,4.17831274002671,4.39553174161892,3.7354628750222,0,-0.0504735969620062,9088.19365089922,8965.60353166271,9206.14276588033
1493,27.2427553925614,27.5489763639313,26.9373006188969,-0.0153625136661641,1.75092105284917,1.69504577539924,1.80400464103307,-0.0329205105240504,0.2,26.989915062277,2.45199214479324,0.00400661554423323,27,4.17831936972337,4.39554722950072,3.73547859081355,0,-0.0484902381358804,9088.21067100337,8965.61702973465,9206.15634226595
1493.5,27.2427553925614,27.5489763639313,26.9373006188969,-0.0148477888127114,1.7509287042972,1.69505193760423,1.80401069027109,-0.0329205105240504,0.2,26.9898825750454,2.45360065996028,0.00400661554423323,27,4.17832597337016,4.39556266369841,3.73549425216819,0,-0.0468655606084423,9088.22756726057,8965.63046315046,9206.16986604149
1494,27.2427553925614,27.5489763639313,26.9373006188969,-0.0146092855334663,1.75093630271985,1.69505807027973,1.80401671595914,-0.0328069487241471,0.2,26.9898511775575,2.45434598270792,0.00405952897698114,27,4.17833255106946,4.39557804439807,3.7355098592747,0,-0.0461127488578331,9088.24434645446,8965.64383221179,9206.18333718729
1494.5,27.2427553925614,27.5489763639313,26.9373006188969,-0.0147759039256485,1.75094385295488,1.69506417356369,1.80402271809122,-0.0328069487241471,0.2,26.9898208326827,2.45382530023235,0.00405952897698114,27,4.17833910292322,4.39559337178513,3.73552541232098,5,-0.0466386631509169,9088.26101926739,8965.65713721911,9206.19675568966
1495,27.2427553925614,27.5489763639313,26.9373006188969,-0.0152983203059476,1.75095136030111,1.6950702475936,1.80402869666386,-0.0328069487241471,0.2,26.989791504564,2.45219274904391,0.00405952897698114,27,4.17834562903298,4.39560864604439,3.73554091149428,5,-0.048287618213693,9088.27759739998,8965.67037847184,9206.21012154067
1495.5,27.2427553925614,27.5489763639313,26.9373006188969,-0.0159353909893417,1.75095882854729,1.69507629250621,1.80403465167611,-0.0328069487241471,0.2,26.989763158575,2.45020190315831,0.00405952897698114,27,4.17835212949992,4.39562386735999,3.73555635698121,5,-0.0502984681187582,9088.29408921826,8965.68355626788,9206.22343473795
1496,27.2427553925614,27.5489763639313,26.9373006188969,-0.0164762542413406,1.75096625803197,1.69508230843781,1.80404058312942,-0.0326986859980707,0.2,26.989735761277,2.44851170549581,0.00410569548919,27,4.17835860442478,4.39563903591545,3.73557174896773,5,-0.0520056488873676,9088.3104954694,8965.69667090403,9206.23669528454
1496.5,27.2427553925614,27.5489763639313,26.9373006188969,-0.016747805441661,1.75097364644979,1.69508829552403,1.80404649102761,-0.0326986859980707,0.2,26.9897092803784,2.44766310799481,0.00410569548919,27,4.17836505390791,4.39565415189366,3.73558708763916,5,-0.0528627730960587,9088.32681106213,8965.70972267569,9206.24990318874
1497,27.2427553925614,27.5489763639313,26.9373006188969,-0.0166126424171746,1.75098098955637,1.69509425389978,1.80405237537677,-0.0326986859980707,0.2,26.989683684695,2.44808549244633,0.00410569548919,27,4.17837147804931,4.39566921547684,3.73560237318015,0,-0.0524361445255699,9088.34302662319,8965.72271187675,9206.26305846398
1497.5,27.2427553925614,27.5489763639313,26.9373006188969,-0.0161133941442226,1.75098828249438,1.69510018369928,1.80405823618519,-0.0326986859980707,0.2,26.9896589441121,2.4496456432993,0.00410569548919,27,4.17837787694853,4.39568422684661,3.73561760577478,0,-0.0508603172768242,9088.35913142579,8965.73563879954,9206.27616112855
1498,27.2427553925614,27.5489763639313,26.9373006188969,-0.0154849043097255,1.75099552195275,1.69510608505614,1.80406407346334,-0.0325949869216515,0.2,26.9896350295476,2.45160967403211,0.00414598818096863,27,4.17838425070476,4.39569918618395,3.7356327856064,0,-0.0488765519632176,9088.37511815761,8965.74850373503,9206.28921120565
1498.5,27.2427553925614,27.5489763639313,26.9373006188969,-0.00866671975343678,1.75079753942938,1.6951082880435,1.80406874017465,-0.0325949869216515,0.2,26.9896119129164,2.47291650077051,0.00414598818096863,27,4.17839059941678,4.39571409366923,3.7356479128578,0,-0.0273556342297479,9087.93792748672,8965.75330624357,9206.29964432453
1499,27.2427553925614,27.5489763639313,26.9373006188969,-0.00835501411620669,1.75059651473241,1.69510314646973,1.8040710354347,-0.0325949869216515,0.2,26.9895895670962,2.47389058088685,0.00414598818096863,27,4.17839692318302,4.39572894948217,3.7356629877111,0,-0.0263717665563948,9087.49403949095,8965.74209762565,9206.30477571979
1499.5,27.2427553925614,27.5489763639313,26.9373006188969,-0.00842709716041838,1.7503966850712,1.69509113540895,1.80407101994113,-0.0325949869216515,0.2,26.9895679658944,2.47366532137369,0.00414598818096863,27,4.17840322210149,4.39574375380187,3.73567801034779,5,-0.0265992894771446,9087.05281074648,8965.71591359493,9206.3047410816
1500,27.2427553925614,27.5489763639313,26.9373006188969,-0.00889272608606575,1.75019804820673,1.69507270292385,1.80406875365499,-0.032495216185314,0.2,26.9895470840161,2.47221023098104,0.00418116639355475,27,4.17840949626982,4.39575850680682,3.73569298094876,5,-0.0280690006180579,9086.6142359424,8965.67573104351,9206.29967446182
