Time,T1Mesure,T2Mesure,T3Mesure,TECEntr_e_SortieAmpli,T1Vmesure_0_5V_,T2Vmesure_0_5V_,T3Vmesure_0_5V_,R_gulateurSortie,PerturbationCourant,T3Estimation,AmpliEntr_e,R_gulateurEntr_e,Consigne,T1Perturbation,T2Perturbation,T3Perturbation,PWM_DACSortie,TECSortie,T1R_sistance,T2R_sistance,T3R_sistance
0,23.4841028396258,23.4841028396258,23.4841028396258,-0.8,2.41753594576171,2.41753594576171,2.41753594576171,0,0,23.5,0,0,30,0,0,0,5,-2.52512,10683.2646161957,10683.2646161957,10683.2646161957
0.5,23.4841028396258,23.4841028396258,23.4841028396258,-0.00249521930520359,2.41813308134309,2.4175554785854,2.41754205854286,0,0,23.5,2.49220243967124,0,30,0,0,0,5,-0.00787591021494462,10684.8129325168,10683.3152593008,10683.2804648872
1,23.4841028396258,23.4841028396258,23.4841028396258,-0.0031083405757704,2.41823639842223,2.4175778209563,2.4175492913328,0,0,23.5,2.49028643570072,0,30,0,0,0,5,-0.00981116619336169,10685.0808474961,10683.3731870738,10683.2992174723
1.5,23.4841028396258,23.4841028396258,23.4841028396258,-0.00371194544489541,2.41833910900243,2.41760257194555,2.4175575462969,0,0,23.5,2.4884001704847,0,30,0,0,0,5,-0.0117163846022679,10685.3471966219,10683.4373601267,10683.3206203083
2,23.4841028396258,23.4841028396258,23.4841028396258,-0.00411993155446083,2.41844121522818,2.41762956894894,2.41756679611005,0,0,23.5,2.48712521389231,0,30,0,0,0,5,-0.0130041519585002,10685.6119853344,10683.5073569801,10683.344602565
2.5,23.4841028396258,23.4841028396258,23.4841028396258,-0.0041811492551173,2.41854271678982,2.41765865929854,2.41757701406241,0,0,23.5,2.48693390857776,0,30,0,0,0,5,-0.0131973795088523,10685.8752127103,10683.5827819161,10683.3710950088
3,23.4841028396258,23.4841028396258,23.4841028396258,-0.00381796968227761,2.41864361243227,2.41768969965928,2.41758817404595,0,0,23.5,2.48806884474288,0,30,0,0,0,0,-0.012051039505141,10686.1368753753,10683.6632634126,10683.4000299674
3.5,23.4841028396258,23.4841028396258,23.4841028396258,-0.00321651315179125,2.41874390070021,2.41772255546286,2.41760025054133,0,0,23.5,2.48994839640065,0,30,0,0,0,0,-0.0101526021123139,10686.3969694359,10683.7484526745,10683.431341296
4,23.4841028396258,23.4841028396258,23.4841028396258,-0.00260462283609513,2.41884358347322,2.41775710037527,2.41761321860507,0,0,23.5,2.4918605536372,0,30,0,0,0,0,-0.00822123151985068,10686.6554996484,10683.8380222523,10683.4649643436
4.5,23.4841028396258,23.4841028396258,23.4841028396258,-0.00217054294450989,2.41894266555347,2.41779321579721,2.41762705385684,0,0,23.4995661756343,2.49321705329841,0,30,0,0,0,0,-0.00685110175005102,10686.9124783504,10683.9316647462,10683.5008359203
5,23.4841028396258,23.4841028396258,23.4841028396258,-0.00206745459902464,2.41904115417474,2.41783079039444,2.41764173246725,0,0,23.4991467098576,2.49353920437805,0,30,0,0,0,0,-0.00652571369636138,10687.167924188,10684.0290915878,10683.538894265
5.5,23.4841028396258,23.4841028396258,23.4841028396258,-0.00239052973608366,2.41913905771138,2.41786971965695,2.41765723114586,0,0,23.4987411157014,2.49252959457474,0,30,0,0,0,5,-0.00754546805897448,10687.4218587685,10684.1300318972,10683.5790790146
6,23.4841028396258,23.4841028396258,23.4841028396258,-0.00297986306059656,2.41923638477426,2.41790990548451,2.4176735271293,2.60066043084172,0,23.4983489228957,2.49068792793564,2.60066043084172,30,0,0,0,5,-0.00940563976446697,10687.6743043155,10684.2342314076,10683.6213311731
6.5,23.6198085517439,23.4841028396258,23.4841028396258,0.787483823487474,2.39298388471268,2.41748015144458,2.41754407145081,2.60066043084172,0,23.4979696772939,4.96088694839836,2.60066043084172,30,0,0,0,5,2.48561394045586,10619.8035123646,10683.119958627,10683.2856837866
7,23.7827745560676,23.5112368929362,23.4841028396258,0.78747209128768,2.36627411906732,2.41610597356371,2.41711343160643,2.60066043084172,0,23.4976055764006,4.960850285274,2.60066043084172,30,0,0,0,5,2.48557690894043,10551.2060627025,10679.5577749634,10682.1692168061
7.5,23.9186817620519,23.5112368929362,23.5112368929362,0.787458748251548,2.33974149358745,2.41384868891406,2.4163893772952,2.60066043084172,0,23.4980017740661,4.96080858828609,2.60066043084172,30,0,0,0,5,2.48553479298119,10483.5139516191,10673.7090387965,10680.292321881
8,24.081896773225,23.5383744710102,23.5112368929362,0.787447047279888,2.31338526569382,2.41076624697931,2.41537961161884,2.6357498193027,0,23.4983977412842,4.96077202274965,2.60064090348634,30,0,0,0,5,2.48549786003424,10416.7119350024,10665.7276207094,10677.6753741632
8.5,24.2180175124118,23.5655155936366,23.5112368929362,0.8,2.28678792189704,2.40690563112162,2.41408934446302,2.6357498193027,0,23.4995391099067,5,2.60064090348634,30,0,0,0,5,2.52512,10349.7390559873,10655.7399525524,10674.3324316664
9,24.3814960173485,23.5926602806124,23.5112368929362,0.8,2.26035883216707,2.40231050937349,2.41252348669936,2.6357498193027,0,23.5014057606169,5,2.60064090348634,30,0,0,0,5,2.52512,10283.6236529356,10643.8646457497,10670.2769153247
9.5,24.5178423967833,23.6198085517439,23.5383744710102,0.8,2.23410701776507,2.39702994642792,2.41068937372331,2.6357498193027,0,23.5039782060377,5,2.60064090348634,30,0,0,0,5,2.52512,10218.375655603,10630.2347839258,10665.528650273
10,24.6542953620842,23.6469604268457,23.5383744710102,0.8,2.2080316921037,2.39111004642335,2.40859418241621,2.66816906224542,0,23.5072375518456,5,2.59710497926175,30,0,0,0,5,2.52512,10153.9805450154,10614.9760875045,10660.1071581809
10.5,24.8181831681886,23.6741159257419,23.5655155936366,0.8,2.18213205867339,2.38459412364871,2.40624493277734,2.66816906224542,0,23.5111649650569,5,2.59710497926175,30,0,0,0,5,2.52512,10090.4240977419,10598.2072003519,10654.0316496852
11,24.9548795178615,23.7284378742585,23.5655155936366,0.8,2.15640731150432,2.37752286832005,2.4036484910881,2.66816906224542,0,23.5157427313734,5,2.59710497926175,30,0,0,0,5,2.52512,10027.6923788701,10580.0399913865,10647.3210214809
11.5,25.0916905577207,23.7556043635723,23.5926602806124,0.8,2.13085663561709,2.36993450279031,2.40081157302577,2.66816906224542,0,23.5216944009105,5,2.59710497926175,30,0,0,0,5,2.52512,9965.77173517132,10560.5798553757,10639.9938539417
12,25.2286188373069,23.8099484716143,23.5926602806124,0.8,2.10547920746303,2.3618649286949,2.39774074672645,2.69644973167092,0,23.5282366132867,5,2.58870535468531,30,0,0,0,5,2.52512,9904.64878844976,10539.9260108785,10632.0684092441
12.5,25.3656669147103,23.8643075513903,23.6198085517439,0.8,2.08027419535378,2.35334786551929,2.39444243579628,2.69644973167092,0,23.5360946374676,5,2.58870535468531,30,0,0,0,5,2.52512,9844.31042907019,10518.1717936441,10623.5626299655
13,25.5302863555762,23.8914927554073,23.6469604268457,0.8,2.05524075988031,2.34441498105588,2.39092292227138,2.69644973167092,0,23.5452279364822,5,2.58870535468531,30,0,0,0,5,2.52512,9784.74380965847,10495.4049440795,10614.4941381328
13.5,25.6676070365908,23.9458745912424,23.6741159257419,0.8,2.03037805432195,2.33509601419846,2.38718834952601,2.69644973167092,0,23.5548564072781,5,2.58870535468531,30,0,0,0,5,2.52512,9725.93633897042,10471.7078876705,10604.8802346935
14,25.8050557620505,24.0002717969842,23.6741159257419,0.8,2.00568522504511,2.32541889050221,2.38324472512913,2.7187319593408,0,23.5657094715143,5,2.5737162113943,30,0,0,0,5,2.52512,9667.87567592338,10447.1580074705,10594.7378993874
14.5,25.9426351290453,24.0546845321795,23.7012750682655,0.8,1.9811614118921,2.31540983091811,2.37909792364952,2.7187319593408,0,23.5777495652747,5,2.5737162113943,30,0,0,0,5,2.52512,9610.54972378607,10421.8279079803,10584.0837909939
15,26.0803477446977,24.1091129565378,23.7284378742585,0.8,1.95680574856021,2.30509345408966,2.37475368940948,2.7187319593408,0,23.5909403696752,5,2.5737162113943,30,0,0,0,5,2.52512,9553.94662452175,10395.7856699113,10572.9342479323
15.5,26.2181962264544,24.1907853600284,23.7556043635723,0.8,1.93261736297105,2.29449287258164,2.37021763918754,2.7187319593408,0,23.6052467687237,5,2.5737162113943,30,0,0,0,5,2.52512,9498.05475328041,10369.0950954802,10561.3052891935
16,26.3561832023798,24.2452537071164,23.7827745560676,0.8,1.90859537763051,2.28362978339048,2.36549526487071,2.73417428633766,0,23.6213773197343,5,2.55144907210628,30,0,0,0,5,2.52512,9442.86271303552,10341.8159440106,10549.2126155827
16.5,26.4943113114527,24.2997383036723,23.8099484716143,0.8,1.88473890997943,2.27252455306812,2.36059193605616,2.73417428633766,0,23.6385312839958,5,2.55144907210628,30,0,0,0,5,2.52512,9388.3593293612,10314.0041577258,10536.6716112508
17,26.6049171951213,24.3542393101723,23.8371261300921,0.8,1.86104707273487,2.26119629777302,2.3555129026034,2.73417428633766,0,23.6566777939411,5,2.55144907210628,30,0,0,0,5,2.52512,9334.53364534522,10285.7120777115,10523.6973454975
17.5,26.7433060300693,24.4360219400472,23.8643075513903,0.8,1.83751897422272,2.2496629585449,2.35026329713699,2.73417428633766,0,23.6757864625943,5,2.55144907210628,30,0,0,0,5,2.52512,9281.37491663478,10256.9886501006,10510.3045748258
18,26.8818434479199,24.4905646746649,23.8914927554073,0.8,1.81415371870123,2.23794137208371,2.34484813750073,2.74208534940686,0,23.6965714386983,5,2.52137142452067,30,0,0,0,5,2.52512,9228.87260661033,10227.8796226023,10496.5077452307
18.5,27.020532131871,24.5724106514213,23.9186817620519,0.8,1.79095040667591,2.22604733729702,2.33927232916357,2.74208534940686,0,23.7182359166482,5,2.52137142452067,30,0,0,0,5,2.52512,9177.01638168429,10198.4277315428,10482.3209947051
19,27.1315938016232,24.6269961211087,23.9730712629071,0.8,1.76790813520598,2.21399567786573,2.33354066757814,2.74208534940686,0,23.7414979227942,5,2.52137142452067,30,0,0,0,5,2.52512,9125.79610672079,10168.6728796342,10467.7581559455
19.5,27.2705615659016,24.70890695738,24.0002717969842,0.8,1.74502599820233,2.20180030106335,2.32765784049239,2.74208534940686,0,23.7655621700459,5,2.52137142452067,30,0,0,0,5,2.52512,9075.20184057306,10138.6523047173,10452.8327592431
20,27.4096881760459,24.7635361720555,24.0274762134222,0.8,1.72230308671731,2.18947425305072,2.32162843021512,2.74235900974127,0,23.7911493333463,5,2.48354026666148,30,0,0,0,5,2.52512,9025.22383173496,10108.4007397509,10437.5580355453
20.5,27.5211056685516,24.8455133850061,24.0546845321795,0.8,1.69973848922658,2.17702977085545,2.31545691583591,2.74235900974127,0,23.8174665823707,5,2.48354026666148,30,0,0,0,5,2.52512,8975.85251410383,10077.9505643422,10421.9469196718
21,27.6605250946888,24.9001873576633,24.1091129565378,0.8,1.67733129190279,2.16447833123275,2.30914767540055,2.74235900974127,0,23.8452376013625,5,2.48354026666148,30,0,0,0,5,2.52512,8927.07850285059,10047.3319481235,10406.0120536735
21.5,27.8001110503583,24.9822324691539,24.1363331021075,0.8,1.65508057888176,2.15183069659356,2.30270498804206,2.74235900974127,0,23.8736707380602,5,2.48354026666148,30,0,0,0,5,2.52512,8878.89259039517,10016.5729862924,10389.7657903204
22,27.9119015775771,25.0369522159725,24.1635572299341,0.8,1.63298543252094,2.13909695817417,2.29613303606874,2.73548253187723,0,23.9034931167975,5,2.438602753281,30,0,0,0,5,2.52512,8831.28574248338,9985.69982763624,10373.2201967061
22.5,28.0517942782663,25.1190667527258,24.2180175124118,0.8,1.61104493365041,2.12628657661228,2.28943590700941,2.73548253187723,0,23.9339146147878,5,2.438602753281,30,0,0,0,5,2.52512,8784.24909436271,9954.73679536458,10356.3870579577
23,28.1638338174729,25.2012236795485,24.2452537071164,0.8,1.58925816181661,2.11340842008386,2.28261759561695,2.73548253187723,0,23.9656645589353,5,2.438602753281,30,0,0,0,5,2.52512,8737.77394705444,9923.7065010722,10339.2778810392
23.5,28.2759863628702,25.2560187869497,24.2724939641853,0.8,1.56762419551893,2.10047080014666,2.27568200583065,2.73548253187723,0,23.9987011679696,5,2.438602753281,30,0,0,0,5,2.52512,8691.851763719,9892.62995215176,10321.903898639
24,28.4163381619894,25.3382475923215,24.3269867456426,0.8,1.5461421124392,2.08748150542742,2.26863295269831,2.72185367105391,0,24.0322362173454,5,2.38710551306184,30,0,0,0,5,2.52512,8646.47416611213,9861.52665297067,10304.27607313
24.5,28.5287502654203,25.4205202637477,24.3542393101723,0.8,1.52481098966445,2.07444783328177,2.26147416425864,2.72185367105391,0,24.0670034660131,5,2.38710551306184,30,0,0,0,5,2.52512,8601.63293112942,9830.41470011947,10286.4051005944
25,28.669431119957,25.4753933557284,24.4087568872702,0.8,1.50362990390284,2.0613766195479,2.25420928338484,2.72185367105391,0,24.1029643926587,5,2.38710551306184,30,0,0,0,5,2.52512,8557.31998743661,9799.31087203135,10268.301414903
25.5,28.7821101721219,25.5577403725541,24.4360219400472,0.8,1.48259793169303,2.04827426650854,2.24684186959007,2.72185367105391,0,24.1393333969251,5,2.38710551306184,30,0,0,0,5,2.52512,8513.52741218328,9768.23071326438,10249.9751918412
26,28.8949102604333,25.6401327397658,24.4905646746649,0.8,1.46171414960716,2.03514676916824,2.23937540079552,2.70154534442743,0,24.1768483383501,5,2.32926066465996,30,0,0,0,5,2.52512,8470.24742779771,9737.18861372682,10231.4363532739
26.5,29.0078328668035,25.6950864551623,24.5178423967833,0.8,1.44097763444746,2.02199973994707,2.23181327506177,2.70154534442743,0,24.2154730708161,5,2.32926066465996,30,0,0,0,5,2.52512,8427.47239886062,9706.19788311781,10212.6945713408
27,29.1491606847854,25.7775556488852,24.5724106514213,0.8,1.42038746343674,2.00883843188575,2.22415881228424,2.70154534442743,0,24.254423179612,5,2.32926066465996,30,0,0,0,5,2.52512,8385.19482905555,9675.27082084379,10193.7592726762
27.5,29.2623644116661,25.8600716860932,24.6269961211087,0.8,1.39994271440282,1.99566776045145,2.21641525585338,2.70154534442743,0,24.2944404343737,5,2.32926066465996,30,0,0,0,5,2.52512,8343.40735819401,9644.4187816612,10174.639642646
28,29.3756955220298,25.9151086793285,24.6542953620842,0.8,1.37964246595705,1.98249232402825,2.2085857742804,2.67515851610499,0,24.3354919021489,5,2.26580323914042,30,0,0,0,5,2.52512,8302.10275931293,9613.65223728493,10155.3446295953
28.5,29.4891555285184,25.9977040391247,24.70890695738,0.8,1.35948579766717,1.96931642317121,2.200673462789,2.67515851610499,0,24.3767945823906,5,2.26580323914042,30,0,0,0,5,2.52512,8261.27393584302,9582.98083419148,10135.8829491019
29,29.6027459513228,26.0803477446977,24.7362193521701,0.8,1.33947179022433,1.95614407869862,2.19268134487418,2.67515851610499,0,24.4190933332748,5,2.26580323914042,30,0,0,0,5,2.52512,8220.91391884554,9552.41344783558,10116.263088229
29.5,29.7164683183072,26.1630403618644,24.7908574373021,0.8,1.31959952560475,1.94297904869169,2.1846123738283,2.67515851610499,0,24.4623570925415,5,2.26580323914042,30,0,0,0,5,2.52512,8181.01586431588,9521.95823348724,10096.4933097727
30,29.8303241651334,26.2181962264544,24.8455133850061,0.8,1.29986808722601,1.92982484446791,2.17646943423559,2.64321560361402,0,24.5065558608599,5,2.19737765565606,30,0,0,0,5,2.52512,8141.57305055243,9491.62267388768,10076.5816564987
30.5,29.9443150353883,26.3009716240628,24.8728481080587,0.8,1.28027656009795,1.91668474558956,2.16825534343528,2.64321560361402,0,24.5509083890731,5,2.19737765565606,30,0,0,0,5,2.52512,8102.57887558827,9461.41362391149,10056.5359553653
31,30.0584424807111,26.3837974488999,24.9275311541499,0.8,1.26082403096853,1.90356181396541,2.15997285295439,2.64321560361402,0,24.5961644696902,5,2.19737765565606,30,0,0,0,5,2.52512,8064.02685468469,9431.33735241301,10036.3638217265
31.5,30.1727080609219,26.4390429624883,24.9822324691539,0.8,1.24150958846464,1.89045890710025,2.15162464991051,2.64321560361402,0,24.6422961949231,5,2.19737765565606,30,0,0,0,5,2.52512,8025.91061788459,9401.39958142536,10016.0726635126
32,30.2871133441533,26.5219541022611,25.0369522159725,0.8,1.22233232322796,1.87737869054349,2.14321335838537,2.60621234325046,0,24.6885231070153,5,2.12459075719387,30,0,0,0,5,2.52512,7988.22390762393,9371.60552287199,9995.66968538517
32.5,30.4016599069812,26.6049171951213,25.0643190522774,0.793742992830065,1.20348947595414,1.86432731002665,2.13474269057837,2.60621234325046,0,24.7355982085557,4.98044685259395,2.12459075719387,30,0,0,0,5,2.50537038256882,7951.34755798237,9341.9682124172,9975.16467335725
33,30.5163493345582,26.6602550703715,25.1190667527258,0.793736283805537,1.18478522865644,1.8513107696404,2.12621636981237,2.60621234325046,0,24.783495476899,4.9804258868923,2.12459075719387,30,0,0,0,5,2.5053492062038,7914.89168237172,9312.50020350461,9954.56736800064
33.5,30.6311832207489,26.7433060300693,25.1738332931822,0.793730360004165,1.16621377700032,1.83833073822715,2.11763677592394,2.60621234325046,0,24.8314350093344,4.98040737501301,2.12459075719387,30,0,0,0,5,2.50533050831715,7878.84083703146,9283.20412442981,9933.88420119955
34,30.7174044001519,26.8264104793805,25.2286188373069,0.793726580565098,1.14777423136094,1.82538876270729,2.10900623147873,2.56453634529024,0,24.8801728642619,4.98039556426593,2.04793085429524,30,0,0,0,5,2.50531857889568,7843.1893119317,9254.08229511778,9913.12142025012
34.5,30.8324949508421,26.8818434479199,25.2560187869497,0.781152510452401,1.12986164440368,1.81249362234259,2.10032931316598,2.56453634529024,0,24.9296841596144,4.94110159516375,2.04793085429524,30,0,0,0,5,2.46562978399196,7808.692505961,9225.15320577445,9892.29063209243
35,30.9477343893086,26.9650383341229,25.3108331439291,0.781163702652792,1.11208499132167,1.7996539969562,2.0916106713378,2.56453634529024,0,24.9791888075334,4.94113657078998,2.04793085429524,30,0,0,0,5,2.46566511105327,7774.58910759673,9196.43490111625,9871.40352800776
35.5,31.0342626546085,27.0482882575822,25.3656669147103,0.781189186535071,1.09443427384489,1.78687014059641,2.082852339756,2.56453634529024,0,25.0294458384195,4.9412162079221,2.04793085429524,30,0,0,0,5,2.4657455483793,7740.85629393339,9167.92644801388,9850.46545662022
36,31.1497665691075,27.1038190708028,25.4205202637477,0.781220721276565,1.07690863525059,1.77414227009713,2.07405630174745,2.51852499401471,0,25.0804319490891,4.94131475398926,1.96782722036437,30,0,0,0,5,2.46584508463735,7707.48896326552,9139.62684103581,9829.48160491111
36.5,31.2364950747538,27.1871620201157,25.4753933557284,0.762447719365039,1.0600969804371,1.76148150998342,2.06522793546545,2.51852499401471,0,25.1313672359558,4.88264912301575,1.96782722036437,30,0,0,0,5,2.40658998140381,7675.59873457861,9111.55923170823,9808.46519228493
37,31.3522685008845,27.2427553925614,25.5028373568518,0.762431720622284,1.04341887209744,1.74889907509611,2.05637279774062,2.51852499401471,0,25.1830130165462,4.88259912694464,1.96782722036437,30,0,0,0,5,2.40653948297218,7644.07512946502,9083.7467007516,9787.4297528606
37.5,31.4392010428951,27.3261929957707,25.5577403725541,0.76239761814937,1.026858370438,1.73639363481319,2.04749254170097,2.51852499401471,0,25.2345891721907,4.88249255671678,1.96782722036437,30,0,0,0,5,2.40643184192667,7612.88487348738,9056.18445289378,9766.37946408281
38,31.5552490681321,27.3818500154112,25.612663543958,0.762357384859927,1.0104146655501,1.72396391521579,2.03858877719262,2.46907111723561,0,25.2868585192562,4.88236682768727,1.88525659229753,30,0,0,0,5,2.40630484957187,7582.02351192876,9028.86787537873,9745.31836701155
38.5,31.6423894819482,27.4653839084336,25.6676070365908,0.749751103249512,0.994479058008332,1.71161600389458,2.02966537430526,2.46907111723561,0,25.3390406659455,4.84297219765473,1.88525659229753,30,0,0,0,5,2.36651438229676,7552.21875661731,9001.80852004289,9724.25579882847
39,31.7296201677877,27.5211056685516,25.7225710162255,0.749719911052502,0.978664752400999,1.69935607557833,2.02072629893975,2.46907111723561,0,25.3918999010794,4.84287472203907,1.88525659229753,30,0,0,0,5,2.36641592724612,7522.74060570136,8975.01800143844,9703.20124348333
39.5,31.8169418407857,27.6047374953695,25.750060740541,0.749713773755532,0.962961591510366,1.68718205665337,2.01177291775294,2.46907111723561,0,25.4446549392917,4.84285554298604,1.88525659229753,30,0,0,0,5,2.36639655548196,7493.56744046822,8948.48985974394,9682.15800206774
40,31.9043552193596,27.6605250946888,25.8050557620505,0.749739384959336,0.947368802014381,1.67509197955133,2.00280656146982,2.41665876062947,0,25.4980709889648,4.84293557799793,1.80077160441408,30,0,0,0,5,2.36647739468565,7464.69528099071,8922.21794232987,9661.12926359076
40.5,32.021050291838,27.7442565075434,25.8600716860932,0.730984456112755,0.932472241300281,1.66309494311186,1.99383198420958,2.41665876062947,0,25.5513664343427,4.78432642535236,1.80077160441408,30,0,0,0,5,2.3072793372743,7437.20115888709,8896.22011749203,9640.12619315245
41,32.1086804626487,27.8001110503583,25.9151086793285,0.731100989448713,0.917692698461903,1.65120011398616,1.98485408570053,2.41665876062947,0,25.605308527577,4.78469059202723,1.80077160441408,30,0,0,0,5,2.30764716309592,7410.00842857778,8870.51421018064,9619.16020023581
41.5,32.1964047579406,27.8839437099441,25.9701669086754,0.731139086152648,0.90301642679902,1.63940436213212,1.97587390790309,2.41665876062947,0,25.6591157996063,4.78480964422703,1.80077160441408,30,0,0,0,5,2.30776741153222,7383.08950152945,8845.09139348284,9598.2336165373
42,32.2842239107844,27.9398663062505,26.0252465413159,0.731114972141487,0.888442703979323,1.62770472742669,1.96689246350351,2.3614342708311,0,25.7135563382312,4.78473428794215,1.71457746470751,30,0,0,0,5,2.30769129806739,7356.44091358571,8819.94330864717,9577.34868539532
42.5,32.3428230749055,28.0238018819126,26.0803477446977,0.718515971643079,0.874359318074077,1.61610567151548,1.95791302879974,2.3614342708311,0,25.7678476573908,4.74536241138462,1.71457746470751,30,0,0,0,5,2.26792381289422,7330.76643814923,8795.07758336164,9556.51287739744
43,32.4308019621907,28.0797936475394,26.1079064878174,0.718429362348473,0.860383483963827,1.60461186529924,1.94893899573113,2.3614342708311,0,25.8227587146666,4.74509175733898,1.71457746470751,30,0,0,0,5,2.26765043931672,7305.36301302608,8770.5022203342,9535.73386654496
43.5,32.5188776790131,28.1358133946584,26.1630403618644,0.718349909916819,0.846504893288285,1.59321984859586,1.93997117261328,2.3614342708311,0,25.8775060094668,4.74484346849006,1.71457746470751,30,0,0,0,5,2.26739965566145,7280.20993423562,8746.20783088722,9515.01329783145
44,32.6070509714023,28.2198958742158,26.2181962264544,0.71829566201452,0.832722861291845,1.58192635336509,1.93101034411812,2.30383106253618,0,25.9320964261855,4.74467394379538,1.62716142952581,30,0,0,0,5,2.26722842758263,7255.30410869175,8722.1855411366,9494.35274715116
44.5,32.6953225890141,28.2759863628702,26.2733742499892,0.699422858253866,0.81961811488597,1.57073919269004,1.92206071544522,2.30383106253618,0,25.9873011154797,4.68569643204333,1.62716142952581,30,0,0,0,5,2.2076583097925,7231.68871797274,8698.45005751814,9473.7616379214
45,32.7542253310709,28.3321054642948,26.3285746011499,0.699472766457731,0.806617251377552,1.55966636008289,1.91312665978049,2.30383106253618,0,26.0423360072293,4.68585239518041,1.62716142952581,30,0,0,0,5,2.20781584004718,7208.32431555837,8675.01632926994,9453.24969869568
45.5,32.8426624999303,28.3882533597481,26.3837974488999,0.699597560995134,0.79370623954385,1.54870366102336,1.90420870891402,2.30383106253618,0,26.0972076275141,4.68624237810979,1.62716142952581,30,0,0,0,5,2.20820974152504,7185.18400921846,8651.87347082334,9432.81778380591
46,32.9312000111264,28.4725295892301,26.411417361875,0.699769938136067,0.780884444493137,1.53784713730022,1.89530737663873,2.24451157561992,0,26.1519222951506,4.68678105667521,1.53923108193976,30,0,0,0,5,2.20875383273268,7162.26511397502,8629.01121362218,9412.46669867803
46.5,32.9902811411127,28.5287502654203,26.466674271941,0.681055017607455,0.768729001066988,1.52710387764376,1.88642658151786,2.24451157561992,0,26.2072529521592,4.6282969300233,1.53923108193976,30,0,0,0,5,2.14968205757617,7140.59369596896,8606.44257932047,9392.20500132145
47,33.0789875876327,28.5850003732468,26.5219541022611,0.68101673592631,0.756671672029531,1.5164813012057,1.87757044975894,2.24451157561992,0,26.2624131617624,4.62817729976972,1.53923108193976,30,0,0,0,5,2.14956122527781,7119.15120396649,8584.18116778951,9372.04165021008
47.5,33.1381820522494,28.6412800958125,26.5772570228114,0.680915071752058,0.744697083602826,1.50597464982573,1.86873926068879,2.24451157561992,0,26.3174095098974,4.62785959922518,1.53923108193976,30,0,0,0,5,2.1492403324782,7097.90888736173,8562.21503483115,9351.97679790045
48,33.1974222508161,28.6975896166404,26.6325832038644,0.680788942866185,0.732804652014629,1.4955794358517,1.85993328094272,2.1837565504797,0,26.3722483536093,4.62746544645683,1.45110065855627,30,0,0,0,5,2.14884221926283,7076.86442443989,8540.53292690871,9332.01056666429
48.5,33.2863688026874,28.7539291196762,26.6602550703715,0.661820954855656,0.721570453893265,1.48530226468731,1.85115619414216,2.1837565504797,0,26.4269352730709,4.56819048392392,1.45110065855627,30,0,0,0,5,2.08897166190639,7057.03227728655,8519.14676589298,9312.15080112683
49,33.3457243431385,28.8102987892929,26.7156164620956,0.661728288062384,0.71042645523121,1.4751500298883,1.84241187361206,2.1837565504797,0,26.4814762472272,4.56790090019495,1.45110065855627,30,0,0,0,5,2.08867916844011,7037.40482089955,8498.06897569756,9292.4057094382
49.5,33.4051264252029,28.8666988102939,26.7710015413205,0.661702724008426,0.699358358896699,1.46511754088229,1.83370036786105,2.1837565504797,0,26.5358770469966,4.56782101252633,1.45110065855627,30,0,0,0,5,2.0885984780602,7017.95570707831,8477.28687979869,9272.7748227142
50,33.4943173227112,28.9231293679169,26.8264104793805,0.661764216677607,0.688365628557309,1.45519990588467,1.82502171825755,2.12271164240269,0,26.5901426850605,4.56801317711752,1.36394292597579,30,0,0,0,5,2.0887925735212,6998.68293024786,8456.78854817034,9253.25766011769
50.5,33.5538367778951,28.9795906478374,26.8818434479199,0.643114914599436,0.678023402865467,1.44540336506798,1.8163793948566,2.12271164240269,0,26.6442785939951,4.50973410812324,1.36394292597579,30,0,0,0,5,2.02992791644166,6980.59044915857,8436.5851032853,9233.86143234642
51,33.6134035920696,29.0360828361725,26.909568997344,0.643376870768479,0.667763735633635,1.43573439751827,1.80777703906204,2.12271164240269,0,26.6982900171162,4.5105527211515,1.36394292597579,30,0,0,0,5,2.03075475489363,6962.68040742898,8416.68807701099,9214.59367604187
51.5,33.6730180005903,29.0926061194847,26.9650383341229,0.643486261706323,0.657573401120326,1.42618748402933,1.7992144891868,2.12271164240269,0,26.7521814560837,4.51089456783226,1.36394292597579,30,0,0,0,5,2.03110003644984,6944.92875756145,8397.08430811619,9195.45337566133
52,33.7326802396316,29.1491606847854,27.020532131871,0.643446057646715,0.64745191381616,1.41675742602082,1.7906915815081,2.06122683787817,0,26.8059572722956,4.51076893014599,1.27761709108175,30,0,0,0,5,2.03097313635609,6927.33378087878,8377.76142050388,9176.43952015843
52.5,33.7923905461932,29.205746719539,27.0760505633444,0.624503005235885,0.637971211758393,1.40745010112737,1.78221156377439,2.06122683787817,0,26.8596216916482,4.45157189136214,1.27761709108175,30,0,0,0,5,1.97118128572655,6910.88584250616,8358.72978248467,9157.55869562588
53,33.8521491581058,29.2623644116661,27.1038190708028,0.624318601441756,0.628568119090027,1.39827175367693,1.77377789338872,2.06122683787817,0,26.9131788091322,4.45099562950549,1.27761709108175,30,0,0,0,5,1.97059923359076,6894.60409000737,8340.00044043066,9138.81790302885
53.5,33.9119563140373,29.3190139495479,27.1593747774918,0.624144506486463,0.61922806410703,1.38921661809597,1.76539021809819,2.06122683787817,0,26.9666325932701,4.4504515827702,1.27761709108175,30,0,0,0,5,1.97004972027387,6878.46249708239,8321.55993575711,9120.21564938443
54,33.9718122534984,29.3756955220298,27.2149555512227,0.624019728288514,0.609950604970221,1.38027926419597,1.75704818765499,1.99917536698143,0,27.0199868904011,4.45006165090161,1.19200524383957,30,0,0,0,5,1.96965587036987,6862.45958899402,8303.39561653471,9101.75045943053
54.5,34.0017585921318,29.432409318425,27.2427553925614,0.605122967747788,0.601306994914489,1.37146536754959,1.7487548741064,1.99917536698143,0,27.0732454288169,4.39100927421184,1.19200524383957,30,0,0,0,5,1.91001013539912,6847.57730452869,8285.51745195586,9083.42842442221
55,34.0616881578296,29.4607783598793,27.2983740930341,0.605207899311655,0.592733897370655,1.36278091170583,1.74051354012948,1.99917536698143,0,27.1264112408102,4.39127468534892,1.19200524383957,30,0,0,0,5,1.91027821338731,6832.84235221289,8267.93597310337,9065.25601086544
55.5,34.121667109563,29.5175408481398,27.3540182959448,0.605436986841615,0.584217794227357,1.35421994505377,1.73232365970346,1.99917536698143,0,27.1787134401236,4.39199058388005,1.19200524383957,30,0,0,0,0,1.91100130526687,6818.23085450968,8250.63755529901,9047.2313080038
56,34.1816956898419,29.5743360356694,27.3818500154112,0.605756128979582,0.575758287080793,1.34577686442707,1.72418471316227,1.93705918206751,0,27.2309555759413,4.39298790306119,1.10761776962348,30,0,0,0,0,1.91200864551115,6803.74155398466,8233.60939696327,9029.35243592024
56.5,34.2117286667083,29.6311641134495,27.4375327997469,0.58712794052695,0.567926070761756,1.33745719907393,1.71609961359765,1.93705918206751,0,27.2831400863684,4.33477481414672,1.10761776962348,30,0,0,0,5,1.85321063147927,6790.34890630869,8216.86119806465,9011.62505085476
57,34.2718321464184,29.6595905459979,27.4932415240474,0.587079517392376,0.560157536309929,1.32926672427512,1.70807144538365,1.93705918206751,0,27.3352687558334,4.33462349185117,1.10761776962348,30,0,0,0,5,1.8530577886973,6777.08622270004,8200.40309831496,8994.0551441875
57.5,34.3019027104367,29.7164683183072,27.5211056685516,0.586909353548161,0.552440213888601,1.32119935083703,1.70009952482743,1.93705918206751,0,27.3865679231937,4.334091729838,1.10761776962348,30,0,0,0,5,1.85252068353942,6763.93169923413,8184.2214061889,8976.6404424227
58,34.3620816401516,29.7733794604531,27.5768536321941,0.586688291255888,0.544773750584973,1.31324934799968,1.69218317857824,1.87528747438586,0,27.437841005387,4.33340091017465,1.02486359784521,30,0,0,0,5,1.85182292252008,6750.88427636866,8168.30326250563,8959.37871447056
58.5,34.392190067356,29.8018476054133,27.6326279755097,0.56762239159556,0.537726042286757,1.30542205325955,1.68432514783595,1.87528747438586,0,27.4890887688572,4.27381997373613,1.02486359784521,30,0,0,0,5,1.79164331683223,6738.90780634018,8152.65801853534,8942.27517389286
59,34.4524450006475,29.8588091637784,27.6605250946888,0.56745787404878,0.530737827054399,1.29772316730331,1.67652838230464,1.87528747438586,0,27.5395354085759,4.27330585640244,1.02486359784521,30,0,0,0,5,1.79112403364757,6727.04933294862,8137.2957022667,8925.33545273112
59.5,34.4825915685789,29.8873026255451,27.7163393385747,0.56740482142801,0.523795283673112,1.29014650243222,1.6687920560166,1.87528747438586,0,27.5899845657958,4.27314006696253,1.02486359784521,30,0,0,0,5,1.79095657835537,6715.28498715982,8122.20263006728,8908.55696531564
60,34.5429230620483,29.9443150353883,27.7442565075434,0.567494211131526,0.516898097072088,1.2826862350155,1.66111535637699,1.8142615832366,0,27.6396588208997,4.27341940978602,0.944136471640101,30,0,0,0,5,1.79123872801555,6703.6138745535,8107.36595068077,8891.93717717278
60.5,34.573108049771,29.9728340320168,27.8001110503583,0.548947678865129,0.510613863146244,1.27534763302385,1.65350089521269,1.8142615832366,0,27.6893616367105,4.21546149645353,0.944136471640101,30,0,0,0,0,1.73269845356989,6692.99415416406,8092.79491809291,8875.48096980724
61,34.6033059063706,30.0298977303061,27.828048468604,0.549339712344399,0.504382779746523,1.26813626139414,1.64595147299653,1.8142615832366,0,27.7383140342587,4.21668660107625,0.944136471640101,30,0,0,0,0,1.73393586804386,6682.47757704361,8078.49933182019,8859.19360153694
61.5,34.6335166630828,30.0584424807111,27.8839437099441,0.549548180332262,0.498192058844816,1.26104586078065,1.63846613440741,1.8142615832366,0,27.7873187763218,4.21733806353832,0.944136471640101,30,0,0,0,5,1.73459387640075,6672.04223635169,8064.46556278658,8843.07221700374
62,34.693977002075,30.1155579061435,27.9119015775771,0.549509685165359,0.492041429321207,1.25407054179849,1.6310439408814,1.75432188784316,0,27.8355948263804,4.21721776614175,0.865762069447838,30,0,0,0,5,1.73447237025594,6661.68739598091,8050.68081473457,8827.11402099319
62.5,34.7242266471151,30.1441286301095,27.9678379182923,0.53050185937793,0.48649596165227,1.24721544079291,1.62368735966585,1.75432188784316,0,27.8839455365193,4.15781831055603,0.865762069447838,30,0,0,0,5,1.6744760689405,6652.36239107535,8037.15412535928,8811.32354594924
63,34.7544893177881,30.1727080609219,27.9958164360544,0.530226312734395,0.480999927545339,1.24048610412428,1.61639908317937,1.75432188784316,0,27.9315890107333,4.15695722729498,0.865762069447838,30,0,0,0,5,1.67360633351484,6643.13080433,8023.89530200349,8795.70578084309
63.5,34.78476504562,30.2298931413235,28.0517942782663,0.529959170877351,0.475539187349518,1.2338762247962,1.6091780398392,1.75432188784316,0,27.9785484153534,4.15612240899172,0.865762069447838,30,0,0,0,5,1.67276312695727,6633.96863159864,8010.89080868023,8780.25764102555
64,34.815053862195,30.2584988401139,28.0797936475394,0.529761985883281,0.470113503266411,1.22737986817355,1.60202317727021,1.69549846518231,0,28.0256259769956,4.15550620588525,0.78974960920177,30,0,0,0,5,1.67214073224199,6624.87526223133,7998.12793586238,8764.97610837276
64.5,34.8453557991567,30.2871133441533,28.1358133946584,0.51083301153759,0.465287903073323,1.22100214755543,1.59493685835262,1.69549846518231,0,28.0720368302966,4.09635316105497,0.78974960920177,30,0,0,0,5,1.61239331761725,6616.79597448437,7985.61572107115,8749.86546620527
65,34.8756708882075,30.3443688667482,28.1638338174729,0.51094191494247,0.46050585793191,1.21474851757473,1.58792165085642,1.69549846518231,0,28.1178028079901,4.09669348419522,0.78974960920177,30,0,0,0,5,1.61273706032441,6608.79735197584,7973.36383604272,8734.93041151893
65.5,34.905999161109,30.3730099347719,28.2198958742158,0.511260342078719,0.455754243462224,1.208612638582,1.58097637767752,1.69549846518231,0,28.1637258101721,4.097688568996,0.78974960920177,30,0,0,0,0,1.61374214373727,6600.8572523189,7961.35885723533,8720.16766350834
66,34.9363406496827,30.4016599069812,28.2479375532598,0.511697592222047,0.451032855138553,1.20258854673845,1.57409988378607,1.63810742837916,0,28.2090187345186,4.0990549756939,0.716392506192555,30,0,0,0,0,1.61512228008967,6592.97517744353,7949.5881835725,8705.5740146869
66.5,34.9666953858097,30.4303188081948,28.304042325667,0.499437397179095,0.446718362387286,1.19667777793262,1.56729330506275,1.63810742837916,0,28.2537022123672,4.06074186618467,0.716392506192555,30,0,0,0,5,1.5764242004561,6585.7789325308,7938.05392076331,8691.15113380791
67,34.9970634014308,30.4876634970795,28.3321054642948,0.499406497059704,0.44243907390986,1.1908821618801,1.56055790813438,1.63810742837916,0,28.2977961833436,4.06064530331158,0.716392506192555,30,0,0,0,5,1.57632666731925,6578.64756873387,7926.75875102704,8676.90096151346
67.5,35.0274447285472,30.5163493345582,28.3601758014235,0.499189087019469,0.438186848555061,1.18519580888106,1.553892483119,1.63810742837916,0,28.3421019362422,4.05996589693584,0.716392506192555,30,0,0,0,5,1.57564043426825,6571.56737706332,7915.69034215845,8662.82020492941
68,35.0578393992205,30.5450442006572,28.4163381619894,0.498887524670971,0.433961509646728,1.17961318050142,1.54729584399937,1.58215450575852,0,28.3858293459941,4.05902351459679,0.645668261602363,30,0,0,0,5,1.57468858287145,6564.53794047615,7904.83711990051,8648.90564724576
68.5,35.0578393992205,30.5737481203663,28.4444302308929,0.47973250735304,0.430325971844797,1.17413971494169,1.54077020876224,1.58215450575852,0,28.4289973386032,3.99916408547825,0.645668261602363,30,0,0,0,5,1.51422768620914,6558.49449101819,7894.20888063663,8635.16126081184
69,35.0882474455731,30.6024611187104,28.4725295892301,0.479497518526937,0.42672648551451,1.16878120704637,1.53431801437804,1.58215450575852,0,28.4716236155635,3.99842974539668,0.645668261602363,30,0,0,0,5,1.51348596747842,6552.51531373299,7883.81607923887,8621.59146076363
69.5,35.1186688997877,30.6311832207489,28.5287502654203,0.479406007410596,0.423149560512035,1.16353165483618,1.52793796102716,1.58215450575852,0,28.5137253039868,3.99814377315811,0.645668261602363,30,0,0,0,5,1.5131971217908,6546.57788955692,7873.64629663061,8608.19280104119
70,35.1491037941083,30.6599144515764,28.5568716289448,0.479506564032781,0.41959504797638,1.15838541197586,1.52162877399104,1.52796445355409,0,28.5553195475436,3.99845801260244,0.577872180982561,30,0,0,0,5,1.51351451871307,6540.68188645594,7863.68787260356,8594.96191440345
70.5,35.1491037941083,30.6886548363224,28.5850003732468,0.461035124474369,0.416626162111405,1.15334783763083,1.51539259174465,1.52796445355409,0,28.5964229166783,3.9407347639824,0.577872180982561,30,0,0,0,0,1.4552112668909,6535.7605037289,7853.9504734726,8581.90260152716
71,35.1795521608404,30.7174044001519,28.613136521227,0.461523577592137,0.41368800970734,1.14842458276424,1.50923175104959,1.52796445355409,0,28.6370508366996,3.94226117997543,0.577872180982561,30,0,0,0,0,1.45675302031182,6530.8929487898,7844.44430015003,8569.0190625318
71.5,35.1795521608404,30.7461631682651,28.669431119957,0.461840754073012,0.410768101956357,1.1436095603563,1.50314487006151,1.52796445355409,0,28.6772182359842,3.94325235647816,0.577872180982561,30,0,0,0,5,1.45775415615606,6526.05845746941,7835.15689630268,8556.30772080983
72,35.2100140323507,30.7749311658977,28.6975896166404,0.461833999429506,0.407866325093363,1.13889704557702,1.49713059435693,1.47579201450179,0,28.7169395432926,3.94323124821721,0.513224182682971,30,0,0,0,5,1.45773283579929,6521.25678607606,7826.0765694223,8543.76508328569
72.5,35.2100140323507,30.803708418321,28.725755608869,0.449058994256796,0.405356838002549,1.13428872600562,1.49118984191657,1.47579201450179,0,28.7562287242114,3.90330935705249,0.513224182682971,30,0,0,0,5,1.41740980947215,6517.10649962875,7817.20594867778,8531.39241184323
73,35.2404894410676,30.8324949508421,28.7539291196762,0.448714670993927,0.402871969790046,1.12978666757199,1.48532369597433,1.47579201450179,0,28.7950992773017,3.90223334685602,0.513224182682971,30,0,0,0,5,1.41632298752523,6512.99898291366,7808.54839278273,8519.1913117481
73.5,35.2404894410676,30.8612907888043,28.7821101721219,0.448367384109587,0.400402444435312,1.12538518980861,1.47953076336446,1.47579201450179,0,28.833564269432,3.90114807534246,0.513224182682971,30,0,0,0,5,1.4152268112035,6508.91885167833,7800.09238556411,8507.15824602706
74,35.2709784194814,30.8900959575865,28.8384949943032,0.448100039843202,0.397948163883366,1.12107895107697,1.47380967916469,1.42529754537145,0,28.8716363308364,3.90031262451001,0.451345467665445,30,0,0,0,5,1.41438296576108,6504.86590495608,7791.8271170921,8495.28976134999
74.5,35.2709784194814,30.918910482604,28.8666988102939,0.429124629778929,0.396070912619535,1.116873555554,1.46816248021673,1.42529754537145,0,28.9093276894149,3.84101446805915,0.451345467665445,30,0,0,0,5,1.35448898143421,6501.76719507338,7783.76280900667,8483.58947212092
75,35.3014810001447,30.9477343893086,28.8949102604333,0.429237064974364,0.394217880368892,1.11277491969792,1.46259141487947,1.42529754537145,0,28.9466501647752,3.84136582804489,0.451345467665445,30,0,0,0,5,1.35484387188508,6498.70960353311,7775.91025562916,8472.06141855786
75.5,35.3014810001447,30.9477343893086,28.9231293679169,0.429606753430977,0.392376181810726,1.10877721732285,1.45709501914098,1.42529754537145,0,28.9836152015699,3.8425211044718,0.451345467665445,30,0,0,0,0,1.35601075652954,6495.67183561934,7768.25775791174,8460.70196017477
76,35.3319972156725,30.9765677031883,28.951356155968,0.430124213164802,0.390545743581538,1.10487496885918,1.45167185849564,1.37650133657388,0,29.0194475781211,3.84413816614001,0.392220968751559,30,0,0,0,0,1.35764406643338,6492.65374911805,7760.79433235982,8449.50754230576
76.5,35.3319972156725,31.0054104497678,28.9795906478374,0.41797074680491,0.389101480814406,1.10107012484202,1.44632278268208,1.37650133657388,0,29.0549711618542,3.80615858376534,0.392220968751559,30,0,0,0,5,1.31928286521502,6490.27318072678,7753.52323682077,8438.47934091129
77,35.3319972156725,31.0342626546085,29.0078328668035,0.41799124369212,0.387673855132096,1.09736490606478,1.4410487786142,1.37650133657388,0,29.090195381232,3.80622263653787,0.392220968751559,30,0,0,0,5,1.31934756158981,6487.92071043049,7746.44824549292,8427.61881546893
77.5,35.3319972156725,31.0342626546085,29.0360828361725,0.41775236264829,0.38625491228143,1.09375384013408,1.43584837961804,1.37650133657388,0,29.1251287780741,3.80547613327591,0.392220968751559,30,0,0,0,5,1.31859355746306,6485.58321287116,7739.55845959232,8416.92238187229
78,35.3625270987421,31.0631243433089,29.0643405792788,0.417387681241311,0.384844600812913,1.09023178253605,1.43072014959614,1.32999190582109,0,29.1589925708593,3.8043365038791,0.336402971656291,30,0,0,0,5,1.31744247707007,6483.26059087949,7732.84365002392,8406.38654231287
78.5,35.3625270987421,31.0919955415043,29.1208794801807,0.40443847465457,0.383816743331094,1.08680095702732,1.42566492317035,1.32999190582109,0,29.1926093254796,3.76387023329553,0.336402971656291,30,0,0,0,5,1.27656960139968,6481.56823920749,7726.30766040272,8396.01247881152
79,35.3625270987421,31.1208762748672,29.1491606847854,0.404134609697794,0.382803890560523,1.08346391086466,1.42068369472226,1.32999190582109,0,29.2259864407671,3.7629206553056,0.336402971656291,30,0,0,0,5,1.27561048205012,6479.90093246759,7719.954948413,8385.80170201539
79.5,35.3625270987421,31.1208762748672,29.1774497567463,0.403991341509226,0.381797162591175,1.08021545202997,1.41577499702687,1.32999190582109,0,29.2591304973786,3.76247294221633,0.336402971656291,30,0,0,0,5,1.27515827033972,6478.24404231264,7713.77525161957,8375.75068509436
80,35.3930706820939,31.1497665691075,29.205746719539,0.404080710258197,0.380796520635252,1.07705069871667,1.41093739332905,1.28541842815127,0,29.2912600389412,3.76275221955686,0.283495984423527,30,0,0,0,5,1.27544035385897,6476.59749874254,7707.75893546395,8365.85598562974
80.5,35.3930706820939,31.1786664499725,29.2340515966679,0.391909192852632,0.380176300423284,1.07397213898861,1.40617172280347,1.28541842815127,0,29.3231966058237,3.72471622766448,0.283495984423527,30,0,0,0,0,1.23702217632005,6475.57709947244,7701.91039661761,8356.11883014644
81,35.3930706820939,31.1786664499725,29.2340515966679,0.392456103391107,0.379567962009148,1.07098252250033,1.40147896957232,1.28541842815127,0,29.3549458274849,3.72642532309721,0.283495984423527,30,0,0,0,0,1.23874844474369,6474.57637115571,7696.23452531821,8346.54074213617
81.5,35.3930706820939,31.207575943247,29.2623644116661,0.392874884150676,0.378963272911288,1.06807687654103,1.3968576662963,1.28541842815127,0,29.3857242128681,3.72773401297086,0.283495984423527,30,0,0,0,0,1.24007028433319,6473.5817665037,7690.72156121818,8337.11824961595
82,35.3930706820939,31.207575943247,29.2906851880958,0.392945908961617,0.378362214049524,1.06525052596106,1.39230637639755,1.24278058233233,0,29.4163517893903,3.72795596550505,0.233459284243861,30,0,0,0,5,1.24029446704645,6472.59325194249,7685.36234109296,8327.84796401577
82.5,35.3930706820939,31.2364950747538,29.3190139495479,0.373898991341259,0.378324838560933,1.06250962992218,1.38782704158393,1.24278058233233,0,29.4460435958112,3.66843434794143,0.233459284243861,30,0,0,0,5,1.18017477626955,6472.53178731364,7680.16825702057,8318.73338746406
83,35.3930706820939,31.2364950747538,29.3473507196428,0.373504725924452,0.378301325952709,1.05986069713912,1.3834218392274,1.24278058233233,0,29.4756187643586,3.66720226851391,0.233459284243861,30,0,0,0,5,1.17893031690794,6472.49312066318,7675.15134449398,8309.77849343248
83.5,35.3930706820939,31.2654238703533,29.3756955220298,0.37308680598167,0.378277958437094,1.05729846749921,1.37908924215557,1.24278058233233,0,29.5042909431331,3.66589626869272,0.233459284243861,30,0,0,0,5,1.17761119440054,6472.45469279839,7670.30135046631,8300.97972702749
84,35.3930706820939,31.2654238703533,29.4040483803877,0.372749632172668,0.378254734723329,1.05481799325588,1.37482775442991,1.20267482169254,0,29.5328784473782,3.66484260053959,0.18684862104873,30,0,0,0,5,1.17654693898981,6472.4165015933,7665.60864454901,8292.33361713613
84.5,35.3930706820939,31.2943623559441,29.432409318425,0.36000862944521,0.378605671703373,1.05242167982203,1.37063814960852,1.20267482169254,0,29.5605936086461,3.62502696701628,0.18684862104873,30,0,0,0,5,1.13633123798086,6472.99363343452,7661.07752542307,8283.84131037944
85,35.3930706820939,31.2943623559441,29.4607783598793,0.360093138885197,0.378962996193978,1.05011222321146,1.36652135510501,1.20267482169254,0,29.5882539981757,3.62529105901624,0.18684862104873,30,0,0,0,5,1.13659798357724,6473.58131138106,7656.71284034445,8275.50426707789
85.5,35.3930706820939,31.3233105574628,29.4607783598793,0.360475623809406,0.379318201191886,1.04788460137137,1.36247584983058,1.20267482169254,0,29.6150707000346,3.62648632440439,0.18684862104873,30,0,0,0,0,1.13780525899201,6474.16554503911,7652.50485986384,8267.31899708291
86,35.3930706820939,31.3233105574628,29.4891555285184,0.361042230847522,0.379671295992841,1.0457340932408,1.35850014486743,1.16474187782399,0,29.6418606095659,3.62825697139851,0.143255756173659,30,0,0,0,0,1.13959369744712,6474.74634896238,7648.44444960225,8259.28209430369
86.5,35.3930706820939,31.3522685008845,29.5175408481398,0.355242595212582,0.380209640030006,1.04365980050132,1.35459390513681,1.16474187782399,0,29.6678336277114,3.61013311003932,0.143255756173659,30,0,0,0,0,1.12128772752899,6475.63194727666,7644.52971231285,8251.39250036056
87,35.3930706820939,31.3522685008845,29.545934342571,0.355360370305777,0.380748723541699,1.04166107498895,1.35075688110862,1.16474187782399,0,29.6938060374867,3.61050115720555,0.143255756173659,30,0,0,0,5,1.12165947283315,6476.51885746918,7640.759232918,8243.64933925232
87.5,35.3625270987421,31.3812362122226,29.5743360356694,0.355143529532459,0.381284623083775,1.03973354422857,1.34698761944912,1.16474187782399,0,29.7189866166806,3.60982352978893,0.143255756173659,30,0,0,0,5,1.12097503661625,6477.40062398424,7637.12458432529,8236.04931782312
88,35.3625270987421,31.3812362122226,29.5743360356694,0.354749047008194,0.38181736044618,1.03787309947939,1.34328469829598,1.12866919798216,0,29.7441905020079,3.60859077190061,0.102323799196844,30,0,0,0,5,1.11972989197666,6478.27728101365,7633.61785665424,8228.58922318713
88.5,35.3625270987421,31.3812362122226,29.6027459513228,0.341741700205643,0.382720794210601,1.03608291464873,1.33964895607084,1.12866919798216,0,29.7686248489265,3.56794281314264,0.102323799196844,30,0,0,0,5,1.07867350252909,6479.76415845376,7630.24487718357,8221.27040680751
89,35.3625270987421,31.4102137175292,29.6311641134495,0.341371201942227,0.38362771175427,1.03436643166941,1.33608139116863,1.12866919798216,0,29.7923147290513,3.56678500606946,0.102323799196844,30,0,0,0,5,1.07750406181045,6481.25703942956,7627.01197472756,8214.09454315491
89.5,35.3625270987421,31.4102137175292,29.6595905459979,0.341169482741057,0.384529304368549,1.03271932645394,1.33258055276355,1.12866919798216,0,29.8160745869594,3.5661546335658,0.102323799196844,30,0,0,0,5,1.07686735532387,6482.74142313864,7623.91085606117,8207.05838663385
90,35.3625270987421,31.4102137175292,29.6595905459979,0.341218228665061,0.385425600974555,1.03113753324849,1.3291450206674,1.09480007829563,0,29.8391103568213,3.56630696457832,0.0643558572714952,30,0,0,0,5,1.0770212169584,6484.21735254446,7620.93373176608,8200.15876893574
90.5,35.3319972156725,31.4392010428951,29.6880252729471,0.329040728811016,0.386691223005534,1.02962428677818,1.32577564068106,1.09480007829563,0,29.8614456054287,3.52825227753443,0.0643558572714952,30,0,0,0,0,1.03858415641909,6486.30189940544,7618.08656187245,8193.39708256933
91,35.3319972156725,31.4392010428951,29.7164683183072,0.329622571332858,0.387957609446549,1.02818304054538,1.32247340379542,1.09480007829563,0,29.8838929983337,3.53007053541518,0.0643558572714952,30,0,0,0,0,1.04042068415503,6488.3882330466,7615.37571559496,8186.77501248951
91.5,35.3319972156725,31.4392010428951,29.7164683183072,0.330123990148041,0.389216588755235,1.02680950739793,1.31923686113458,1.09480007829563,0,29.9056562333831,3.53163746921263,0.0643558572714952,30,0,0,0,0,1.04200336250328,6490.46288715071,7612.79300739008,8180.2893569815
92,35.3319972156725,31.4392010428951,29.7449197061186,0.330302068444031,0.390468205827939,1.02549965700038,1.31606459467333,1.06312433359005,0,29.926757576553,3.5321939638876,0.0292969693787967,30,0,0,0,5,1.04256544883674,6492.52592671228,7610.33074973727,8173.9369908055
92.5,35.3014810001447,31.4681982144501,29.7733794604531,0.323839277614504,0.391899423439194,1.02425321213706,1.31295632874448,1.06312433359005,0,29.9472185451044,3.51199774254532,0.0292969693787967,30,0,0,0,5,1.02216629586242,6494.88563442287,7607.98832102786,8167.71708797454
93,35.3014810001447,31.4681982144501,29.7733794604531,0.323436286921626,0.393326856409942,1.0230701551301,1.3099118868609,1.06312433359005,0,29.9678500932336,3.51073839663008,0.0292969693787967,30,0,0,0,5,1.02089429603942,6497.2397749017,7605.76559269908,8161.62902827243
93.5,35.3014810001447,31.4681982144501,29.8018476054133,0.322973481444532,0.394745973305061,1.02194668883385,1.30692988312819,1.06312433359005,0,29.987853728165,3.50929212951416,0.0292969693787967,30,0,0,0,5,1.01943349683152,6499.58086660046,7603.6553428577,8155.66978226554
94,35.2709784194814,31.4681982144501,29.8018476054133,0.322573485040471,0.396156821391157,1.0208792447111,1.30400896165132,1.03363946562274,0,30.0072498677944,3.50804214075147,-0.002899947117767,30,0,0,0,5,1.01817094818174,6501.90897612985,7601.6507902255,8149.83639341165
94.5,35.2709784194814,31.4972052583627,29.8303241651334,0.309766511752539,0.397934096745042,1.01987150819055,1.30115002424548,1.03363946562274,0,30.0260576512888,3.46802034922669,-0.002899947117767,30,0,0,0,5,0.977747017695716,6504.84268051863,7599.75878134916,8144.13042219886
95,35.2709784194814,31.4972052583627,29.8588091637784,0.309791159858858,0.39970956009506,1.01892738043001,1.29835412426479,1.03363946562274,0,30.0450866153005,3.46809737455893,-0.002899947117767,30,0,0,0,5,0.9778248169785,6507.774435574,7597.98656588981,8138.55373221994
95.5,35.2404894410676,31.4972052583627,29.8588091637784,0.310138019437619,0.401474724754468,1.0180429889018,1.29561987384177,1.03363946562274,0,30.0635369318643,3.46918131074256,-0.002899947117767,30,0,0,0,0,0.9789196445529,6510.69021746644,7596.32680460328,8133.10332268349
96,35.2404894410676,31.4972052583627,29.8873026255451,0.310720141451854,0.403229644725758,1.01721469260723,1.29294591461487,1.00605407446267,0,30.0814268141651,3.47100044203704,-0.0325707256660564,30,0,0,0,0,0.98075705447863,6513.59009796531,7594.77260264489,8127.77626370459
96.5,35.2404894410676,31.4972052583627,29.8873026255451,0.304995461415181,0.405162133200099,1.01644260147041,1.29033203525148,1.00605407446267,0,30.0987738817805,3.45311081692244,-0.0325707256660564,30,0,0,0,0,0.962687674410879,6516.78457649036,7593.32411036578,8122.57192012355
97,35.2100140323507,31.4972052583627,29.9158045746618,0.305234459169459,0.407087374013386,1.01572701612676,1.28777810766983,1.00605407446267,0,30.1155957537882,3.45385768490456,-0.0325707256660564,30,0,0,0,5,0.963442046922482,6519.96830355744,7591.98183949883,8117.48982847975
97.5,35.2100140323507,31.5262222008409,29.9158045746618,0.30508104107849,0.409001473251995,1.01506446301693,1.28528280211552,1.00605407446267,0,30.1319088657478,3.45337825337028,-0.0325707256660564,30,0,0,0,5,0.962957798060147,6523.13482302637,7590.73922730498,8112.52714171165
98,35.1795521608404,31.5262222008409,29.9443150353883,0.304687322820742,0.410904497274223,1.01445167825407,1.28284481784356,0.980715688566534,0,30.1485204120422,3.45214788381482,-0.0594081648168725,30,0,0,0,5,0.961715065751392,6526.28422423975,7589.59011143283,8107.68108110202
98.5,35.1795521608404,31.5262222008409,29.9443150353883,0.297925871971242,0.41298392496793,1.01388910780204,1.28046399363735,0.980715688566534,0,30.1646271692967,3.43101834991013,-0.0594081648168725,30,0,0,0,5,0.940373222290028,6529.72693689735,7588.53529140419,8102.95114143137
99,35.1491037941083,31.5262222008409,29.9728340320168,0.297495478048551,0.415055765447265,1.01337740285664,1.27814026150929,0.980715688566534,0,30.1802449505311,3.42967336890172,-0.0594081648168725,30,0,0,0,5,0.939014726912447,6533.15851492779,7587.5759541043,8098.33700779471
99.5,35.1491037941083,31.5262222008409,29.9728340320168,0.297224418559863,0.417115646098374,1.0129134030115,1.27587234583979,0.980715688566534,0,30.1953890370604,3.42882630799957,-0.0594081648168725,30,0,0,0,5,0.938159154742353,6536.57169673253,7586.70614412815,8093.83597396248
100,35.1491037941083,31.5262222008409,30.0013615888707,0.297199313011615,0.419163630727131,1.012494138138,1.2736589987033,0.957051641282192,0,30.210074215514,3.4287478531613,-0.0840296862056107,30,0,0,0,5,0.938079911589861,6539.9665644302,7585.9202679203,8089.44539805533
100.5,35.1186688997877,31.5262222008409,30.0013615888707,0.291237140293401,0.421387646932457,1.01212034121336,1.27150011361354,0.957051641282192,0,30.2243153667933,3.41011606341688,-0.0840296862056107,30,0,0,0,0,0.919260909622091,6543.65481221572,7585.219676721,8085.16490981746
101,35.1186688997877,31.5262222008409,30.0298977303061,0.291814107744066,0.4236029493587,1.01179291040366,1.26939566886771,0.957051641282192,0,30.2381262813833,3.41191908670021,-0.0840296862056107,30,0,0,0,0,0.92108204968337,6547.33024490166,7584.6060333619,8080.99431147778
101.5,35.0882474455731,31.5262222008409,30.0298977303061,0.292381659797812,0.425805478228632,1.01150892888262,1.26734443829165,0.957051641282192,0,30.251520305676,3.41369268686816,-0.0840296862056107,30,0,0,0,0,0.922873470985813,6550.98610420956,7584.07385369335,8076.93102401843
102,35.0882474455731,31.5262222008409,30.0298977303061,0.29268849343244,0.427995306018534,1.01126565559786,1.26534522240214,0.935729863357778,0,30.2645103380035,3.41465154197637,-0.105804135201384,30,0,0,0,5,0.923841960670153,6554.6224834864,7583.61798663137,8072.97252957179
102.5,35.0578393992205,31.5262222008409,30.0584424807111,0.286318987639341,0.430360827142304,1.01106404999911,1.26339796522225,0.935729863357778,0,30.2771088627728,3.39474683637294,-0.105804135201384,30,0,0,0,5,0.903737252584816,6558.55241095305,7583.24021808615,8069.11858090143
103,35.0578393992205,31.5262222008409,30.0584424807111,0.28594010156381,0.432716549743923,1.01090520032627,1.26150268719991,0.935729863357778,0,30.2893279454737,3.39356281738691,-0.105804135201384,30,0,0,0,5,0.902541336576009,6562.46791449793,7582.94257702264,8065.36908581138
103.5,35.0274447285472,31.5262222008409,30.0869958645059,0.285453208993552,0.435058729221783,1.01078637977969,1.25965820752055,0.935729863357778,0,30.3011792658075,3.39204127810485,-0.105804135201384,30,0,0,0,5,0.901004508867247,6566.36274393491,7582.71994623736,8061.72158066753
104,35.0274447285472,31.5552490681321,30.0869958645059,0.284998134975267,0.437387440695269,1.01070502608336,1.25786337114393,0.916457642961063,0,30.3126741117387,3.39061917179771,-0.125069644695468,30,0,0,0,5,0.899568113235932,6570.23699378808,7582.56751930885,8058.17366010617
104.5,34.9970634014308,31.5552490681321,30.0869958645059,0.278404128092218,0.439890761624422,1.01066224902381,1.25611815950025,0.916457642961063,0,30.3246149743568,3.37001290028818,-0.125069644695468,30,0,0,0,5,0.878754789910278,6574.40376082943,7582.48737188048,8054.72517094905
105,34.9970634014308,31.5552490681321,30.1155579061435,0.278340528176315,0.442383993813186,1.01065931306669,1.25442264071442,0.916457642961063,0,30.3361935441123,3.36981415055098,-0.125069644695468,30,0,0,0,5,0.87855404313572,6578.55581863417,7582.48187107538,8051.37613461392
105.5,34.9666953858097,31.5552490681321,30.1155579061435,0.278607609714287,0.444862913965457,1.01069364028636,1.25277567578564,0.916457642961063,0,30.3474209901267,3.37064878035715,-0.125069644695468,30,0,0,0,0,0.879397059302177,6582.68610505727,7582.5461867205,8048.12419259678
106,34.9666953858097,31.5262222008409,30.1155579061435,0.279167011580092,0.447327595347969,1.01076280794005,1.25117615045541,0.897779127510034,0,30.358308106279,3.37239691118779,-0.14332324251158,30,0,0,0,0,0.881162755351401,6586.79470816085,7582.67578100085,8044.9670416844
106.5,34.9363406496827,31.5262222008409,30.1441286301095,0.273497671412718,0.449966593159805,1.01086806849908,1.24962408927325,0.897779127510034,0,30.3680737801546,3.35468022316474,-0.14332324251158,30,0,0,0,0,0.863268050047102,6591.19615289708,7582.87300353518,8041.90463143992
107,34.9363406496827,31.5262222008409,30.1441286301095,0.273862252009845,0.452594437381131,1.01101079785372,1.24811959530976,0.897779127510034,0,30.377546982612,3.35581953753077,-0.14332324251158,30,0,0,0,0,0.864418812243875,6595.58131689594,7583.14043693291,8038.93706923216
107.5,34.905999161109,31.5262222008409,30.1441286301095,0.273823936311271,0.455207222862038,1.01118853389415,1.24666156775643,0.897779127510034,0,30.3867365505697,3.35569980097272,-0.14332324251158,30,0,0,0,5,0.864297872572896,6599.94365068742,7583.47347407574,8036.06209171854
108,34.905999161109,31.5262222008409,30.1441286301095,0.273472552102783,0.457805036533036,1.01139896297967,1.24524892979522,0.882019982143447,0,30.3956510250992,3.3546017253212,-0.158260410039674,30,0,0,0,5,0.863188763457224,6604.2832616855,7583.86778690179,8033.27748853251
108.5,34.8756708882075,31.5262222008409,30.1727080609219,0.266700298585102,0.460576141557916,1.01164342278692,1.24388173664765,0.882019982143447,0,30.4042986803034,3.33343843307844,-0.158260410039674,30,0,0,0,5,0.841812822454016,6608.91485516658,7584.3258904487,8030.58328519024
109,34.8756708882075,31.5262222008409,30.1727080609219,0.266220357961063,0.463335854421529,1.01192340422513,1.24256013245711,0.882019982143447,0,30.4126875133429,3.33193861862832,-0.158260410039674,30,0,0,0,5,0.840297937868301,6613.5299765908,7584.8505888035,8027.97968497297
109.5,34.8453557991567,31.5262222008409,30.1727080609219,0.265876598644839,0.466079788533794,1.01223653631981,1.24128305168397,0.882019982143447,0,30.4208252726605,3.33086437076512,-0.158260410039674,30,0,0,0,5,0.839212895962571,6618.12125445959,7585.43745013927,8025.46451147961
110,34.815053862195,31.5262222008409,30.201296223132,0.265768058075459,0.468808027177757,1.01258059072848,1.24004945188987,0.867625510834273,0,30.4287194473924,3.33052518148581,-0.17148777895696,30,0,0,0,5,0.838870298509379,6622.68878657268,7586.08231017154,8023.03563879559
110.5,34.815053862195,31.5262222008409,30.201296223132,0.259713901052755,0.471709323498287,1.01295699713523,1.23885942524837,0.867625510834273,0,30.4363767063681,3.31160594078986,-0.17148777895696,30,0,0,0,0,0.819760957282917,6627.54880200365,7586.78786162223,8020.69317884799
111,34.78476504562,31.5262222008409,30.201296223132,0.260256953051139,0.474598194308216,1.01336731031132,1.23771314483734,0.867625510834273,0,30.4438041021227,3.31330297828481,-0.17148777895696,30,0,0,0,0,0.821475046610615,6632.39082769128,7587.55703379337,8018.43740506796
111.5,34.78476504562,31.5262222008409,30.201296223132,0.260867777295576,0.477470563798013,1.01380923011412,1.23660957731657,0.867625510834273,0,30.4510084510705,3.31521180404868,-0.17148777895696,30,0,0,0,0,0.823403052255757,6637.2079923151,7588.38553093481,8016.2662198075
112,34.7544893177881,31.5262222008409,30.201296223132,0.261288390390735,0.480326522089822,1.01428059506794,1.23554771183319,0.854433221086083,0,30.4579963603155,3.31652621997105,-0.183198544126194,30,0,0,0,0,0.824730675429315,6642.00040148764,7589.26931694052,8014.17757404175
112.5,34.7544893177881,31.5262222008409,30.2298931413235,0.26132078465726,0.483166161720781,1.01477937598279,1.23452656018237,0.854433221086083,0,30.4647742157414,3.31662745205394,-0.183198544126194,30,0,0,0,5,0.824832924692176,6646.76816542008,7590.20460324061,8012.16946744237
113,34.7242266471151,31.5262222008409,30.2298931413235,0.261003596533321,0.485989575999265,1.01530366790136,1.23354515629652,0.854433221086083,0,30.4713482083071,3.31563623916663,-0.183198544126194,30,0,0,0,5,0.823831752097774,6651.51139616843,7591.18783359189,8010.23994714134
113.5,34.693977002075,31.4972052583627,30.2298931413235,0.260518862330266,0.488796856182799,1.01585168253778,1.23260255574638,0.854433221086083,0,30.4777243216538,3.31412144478208,-0.183198544126194,30,0,0,0,5,0.822301737059251,6656.23020288879,7592.21566981736,8008.38710652997
114,34.693977002075,31.4972052583627,30.2298931413235,0.260022398928123,0.491588090963023,1.0164217411781,1.23169783525363,0.842617214953634,0,30.4831164782986,3.31256999665038,-0.193246591319428,30,0,0,0,5,0.820734699976726,6660.92469095783,7593.28497843411,8006.60908409179
114.5,34.6637403512005,31.4972052583627,30.2298931413235,0.25335664381984,0.4945522392038,1.01701578459085,1.23083120100722,0.842617214953634,0,30.4883489155094,3.291739511937,-0.193246591319428,30,0,0,0,5,0.799694910552944,6665.91289470433,7594.39941569589,8004.90624072036
115,34.6637403512005,31.4972052583627,30.2584988401139,0.253203269457693,0.497503794785634,1.01763586007659,1.23000294147539,0.842617214953634,0,30.4934261478619,3.29126021705529,-0.193246591319428,30,0,0,0,5,0.799210799716263,6670.8828757188,7595.56284025754,8003.27910051309
115.5,34.6335166630828,31.4972052583627,30.2584988401139,0.253367354907799,0.500438507674376,1.01828012330012,1.22921213489053,0.842617214953634,0,30.4983525583493,3.29177298408687,-0.193246591319428,30,0,0,0,5,0.799728719030976,6675.82743590775,7596.77181036482,8001.72581214647
116,34.6033059063706,31.4972052583627,30.2584988401139,0.253871052285898,0.503356464431541,1.01894684080381,1.22845787944424,0.832586259771347,0,30.503132383843,3.29334703839343,-0.201252953537193,30,0,0,0,0,0.801318589435208,6680.74667336035,7598.02309121566,8000.24456659522
116.5,34.6033059063706,31.4972052583627,30.2584988401139,0.254492361112738,0.506257752539111,1.01963438545908,1.22773929354972,0.832586259771347,0,30.5077691519435,3.29528862847731,-0.201252953537193,30,0,0,0,0,0.803279688616248,6685.64068826515,7599.31364640221,7998.83359746739
117,34.573108049771,31.4972052583627,30.2584988401139,0.254966109435201,0.509142462455077,1.0203412299986,1.22705551538717,0.832586259771347,0,30.5122668776575,3.296769091985,-0.201252953537193,30,0,0,0,0,0.804775027821269,6690.50958638197,7600.64062576812,7997.4911799401
117.5,34.573108049771,31.4681982144501,30.2584988401139,0.25507824141618,0.512010687187832,1.02106594094297,1.22640570245978,0.832586259771347,0,30.5166294418553,3.29711950442556,-0.201252953537193,30,0,0,0,5,0.805128961206032,6695.35347833437,7602.0013540183,7996.21562972492
118,34.5429230620483,31.4681982144501,30.2584988401139,0.254809147914992,0.51486252097374,1.02180717289771,1.22578903115995,0.823564967171706,0,30.5200695924581,3.29627858723435,-0.20802783698326,30,0,0,0,5,0.80427959447888,6700.17247738355,7603.39332003368,7995.00530206181
118.5,34.5127509120246,31.4681982144501,30.2871133441533,0.248055837537087,0.517887135343517,1.02256717493835,1.22520580281124,0.823564967171706,0,30.5234092857468,3.2751744923034,-0.20802783698326,30,0,0,0,5,0.782963445602061,6705.28648006277,7604.82076316345,7993.86076195527
119,34.5127509120246,31.4681982144501,30.2871133441533,0.247543371644933,0.520898998702689,1.0233482964357,1.22465640281753,0.823564967171706,0,30.5266505349617,3.27357303639042,-0.20802783698326,30,0,0,0,5,0.781345898260068,6710.38203663518,7606.28811431884,7992.78274051752
119.5,34.4825915685789,31.4681982144501,30.2871133441533,0.247130788499396,0.523893688366187,1.0241489696192,1.22414000278012,0.823564967171706,0,30.5297958911474,3.27228371406061,-0.20802783698326,30,0,0,0,5,0.780043620819494,6715.45162121652,7607.79244756546,7991.76958867753
120,34.4825915685789,31.4681982144501,30.2871133441533,0.246928861520476,0.526871294959078,1.02496772072042,1.22365579214571,0.816009363977741,0,30.5328478206581,3.27165269225149,-0.213139128263258,30,0,0,0,5,0.779406258503231,6720.49533724801,7609.3310121111,7990.81969453233
120.5,34.4524450006475,31.4392010428951,30.2871133441533,0.247031694633159,0.529831908028431,1.02580316659439,1.22320297856244,0.816009363977741,0,30.5358087267184,3.27197404572862,-0.213139128263258,30,0,0,0,5,0.779730840940102,6725.51328692307,7610.9012259938,7989.93148391092
121,34.4223111772233,31.4392010428951,30.2871133441533,0.247487869694704,0.532775615391025,1.02665400920989,1.222780787472,0.816009363977741,0,30.5378901797281,3.27339959279595,-0.213139128263258,30,0,0,0,0,0.781170711904364,6730.50557007196,7612.50066577485,7989.10341944647
121.5,34.4223111772233,31.4392010428951,30.2871133441533,0.248111328380028,0.535702504755893,1.02751903047511,1.22238846171095,0.816009363977741,0,30.5399118928876,3.27534790118759,-0.213139128263258,30,0,0,0,0,0.78313859689872,6735.47228690403,7614.12705686753,7988.33399967324
122,34.392190067356,31.4392010428951,30.2871133441533,0.248630867163114,0.538612666821945,1.02839708737849,1.22202526112129,0.809785730510612,0,30.5418751519123,3.27697145988473,-0.216750060764927,30,0,0,0,0,0.784778469113653,6740.41354326505,7615.77826446153,7987.62175814836
122.5,34.392190067356,31.4392010428951,30.2871133441533,0.242553098028042,0.541696273612998,1.02929064366723,1.22169157566474,0.809785730510612,0,30.5437812004897,3.25797843133763,-0.216750060764927,30,0,0,0,5,0.765594598615712,6745.65248183028,7617.45893688584,7986.96744593069
123,34.3620816401516,31.4392010428951,30.2871133441533,0.242333094312684,0.544766180942914,1.0302022052094,1.22138786307798,0.809785730510612,0,30.5456312603594,3.25729091972714,-0.216750060764927,30,0,0,0,5,0.764900178888555,6750.87140376071,7619.17380552363,7986.37194785103
123.5,34.3319858647724,31.4102137175292,30.2871133441533,0.241876785178303,0.547818589047057,1.03113037169551,1.22111337296792,0.809785730510612,0,30.5474265131014,3.2558649536822,-0.216750060764927,30,0,0,0,5,0.763459884736794,6756.06380283314,7620.92025515272,7985.83378105039
124,34.3319858647724,31.4102137175292,30.2871133441533,0.241355823359627,0.550853594141063,1.03207382721129,1.22086737122667,0.80443111854288,0,30.5483770511757,3.25423694799883,-0.219350820470285,30,0,0,0,5,0.761815520852325,6761.22979050749,7622.69582767151,7985.35149606422
124.5,34.3019027104367,31.4102137175292,30.3157366781257,0.240912789540523,0.553871290016379,1.03303133695329,1.22064914026413,0.80443111854288,0,30.5493017913674,3.25285246731413,-0.219350820470285,30,0,0,0,5,0.760417128905706,6766.36947473423,7624.49821598775,7984.92367717778
125,34.2718321464184,31.4102137175292,30.3157366781257,0.240664192654053,0.556871768323998,1.03400174229877,1.22045797863856,0.80443111854288,0,30.5502009148729,3.25207560204392,-0.219350820470285,30,0,0,0,5,0.759632457693254,6771.48296042193,7626.32525481517,7984.54894160648
125.5,34.2718321464184,31.4102137175292,30.3157366781257,0.240702919231697,0.559855118791838,1.03498395617549,1.22029320069575,0.80443111854288,0,30.5510740325409,3.25219662259905,-0.219350820470285,30,0,0,0,5,0.759754694262927,6776.57034979348,7628.17491203582,7984.22593869839
126,34.2417741420471,31.3812362122226,30.3157366781257,0.241108988396148,0.562821431926818,1.03597695871316,1.2201541362163,0.8001388880067,0,30.5519213713592,3.25346558873796,-0.220768548543668,30,0,0,0,0,0.761036410973603,6781.63174698475,7630.04528059297,7983.95334915786
126.5,34.2417741420471,31.3812362122226,30.3157366781257,0.241726126051244,0.565770794167446,1.03697979316034,1.22004013007128,0.8001388880067,0,30.5519529347545,3.25539414391014,-0.220768548543668,30,0,0,0,0,0.762984344268145,6786.66724976673,7631.93457088323,7983.72988429014
127,34.2117286667083,31.3812362122226,30.3157366781257,0.242283980131234,0.568703296874097,1.03799156204823,1.21995054188523,0.8001388880067,0,30.5519864336283,3.25713743791011,-0.220768548543668,30,0,0,0,0,0.764745154886228,6791.67696488453,7633.84110361219,7983.5542852652
127.5,34.1816956898419,31.3812362122226,30.3157366781257,0.242551384318613,0.571619033669295,1.03901142358884,1.2198847457073,0.8001388880067,0,30.5520211518271,3.25797307599566,-0.220768548543668,30,0,0,0,5,0.765589189463269,6796.66100353145,7635.76330308988,7983.42532240153
128,34.1816956898419,31.3812362122226,30.3157366781257,0.242402042204387,0.574518100008194,1.04003858829177,1.21984212968967,0.797112516775769,0,30.5520558336658,3.25750638188871,-0.220822333466315,30,0,0,0,5,0.765117806013928,6801.6194806222,7637.69969093552,7983.34179446868
128.5,34.1516751809435,31.3522685008845,30.3157366781257,0.241978272603992,0.577400590935545,1.04107231578646,1.21982209577332,0.797112516775769,0,30.5520898679035,3.25618210188748,-0.220822333466315,30,0,0,0,5,0.763780219647241,6806.55251095881,7639.64888016695,7983.3025280077
129,34.1516751809435,31.3522685008845,30.3157366781257,0.24145795126537,0.580266598800092,1.04211191183768,1.21982405938099,0.797112516775769,0,30.5513327149118,3.25455609770428,-0.220822333466315,30,0,0,0,5,0.762137877374013,6811.46020531009,7641.60956965108,7983.30637666967
129.5,34.121667109563,31.3522685008845,30.3157366781257,0.24098921559942,0.583116213466283,1.04315672554223,1.2198474491169,0.797112516775769,0,30.5506010262721,3.25309129874819,-0.220822333466315,30,0,0,0,5,0.760658360118008,6816.34267075744,7643.58053889294,7983.35222057086
130,34.0916714453053,31.3522685008845,30.3157366781257,0.240693575320017,0.585949522612795,1.0442061466959,1.21989170647357,0.794931668289109,0,30.5498933293355,3.25216742287505,-0.219957331734213,30,0,0,0,5,0.759725201140101,6821.20001119113,7645.56064314232,7983.43896566508
130.5,34.0916714453053,31.3233105574628,30.3157366781257,0.240668471925928,0.588766611963942,1.04525960332038,1.21995628554512,0.794931668289109,0,30.5492076379309,3.25208897476852,-0.219957331734213,30,0,0,0,5,0.759645964786999,6826.03232769329,7647.54880879865,7983.56554313193
131,34.0616881578296,31.3233105574628,30.3157366781257,0.241002170737886,0.591567567459451,1.04631655934006,1.22004065274692,0.794931668289109,0,30.5477529508881,3.25313178355589,-0.219957331734213,30,0,0,0,0,0.760699251717064,6830.83972225026,7649.54402909512,7983.73090878053
131.5,34.0616881578296,31.3233105574628,30.3157366781257,0.241599218793776,0.59435247162207,1.04737651240069,1.22014428654203,0.794931668289109,0,30.5463449220542,3.25499755873055,-0.219957331734213,30,0,0,0,0,0.762583774200673,6835.62229151083,7651.545360047,7983.93404246921
132,34.0317172168492,31.3233105574628,30.3157366781257,0.242188907414385,0.597121410629646,1.04843899181939,1.22026667717326,0.793796022822335,0,30.5449813999366,3.25684033566995,-0.21799255997465,30,0,0,0,0,0.764445067362766,6840.38013892184,7653.55191664433,7984.17394753917
132.5,34.0317172168492,31.3233105574628,30.3157366781257,0.242530731385982,0.599874473274861,1.04950355665985,1.22040732640181,0.793796022822335,0,30.543660306258,3.25790853558119,-0.21799255997465,30,0,0,0,0,0.765524000546715,6845.11337295393,7655.56286927735,7984.44965026316
133,34.0017585921318,31.2943623559441,30.3157366781257,0.24246011963879,0.602611750482882,1.05056979392414,1.22056574725136,0.793796022822335,0,30.5423796520191,3.25768787387122,-0.21799255997465,30,0,0,0,5,0.765301121627876,6849.82210628102,7657.57744037887,7984.7601993078
133.5,34.0017585921318,31.2943623559441,30.2871133441533,0.242075992893686,0.605333333340503,1.05163731685418,1.22074146375829,0.793796022822335,0,30.540348098128,3.25648747779277,-0.21799255997465,30,0,0,0,5,0.764088663969629,6854.50645239411,7659.59490127019,7985.10466520963
134,33.9718122534984,31.2943623559441,30.2871133441533,0.241562227561187,0.608039310472135,1.05270576333633,1.22093401072729,0.793302306718033,0,30.53838045893,3.25488196112871,-0.21535218357201,30,0,0,0,5,0.762467015074131,6859.16652107855,7661.61456919868,7985.48213986421
134.5,33.9418781708241,31.2943623559441,30.2871133441533,0.241072642230855,0.610729767936932,1.0537747944026,1.22114293349249,0.793302306718033,0,30.5364740187236,3.25335200697142,-0.21535218357201,30,0,0,0,5,0.76092168793747,6863.80241822173,7663.63580455481,7985.89173602805
135,33.9418781708241,31.2654238703533,30.2871133441533,0.240733849791053,0.613404789561558,1.05484409282301,1.2213677876841,0.793302306718033,0,30.5346255911144,3.25229328059704,-0.21535218357201,30,0,0,0,5,0.759852323480479,6868.4142463716,7665.65800825805,7986.33258683317
135.5,33.9119563140373,31.2654238703533,30.2871133441533,0.240647927051066,0.616064457185638,1.05591336178311,1.22160813900008,0.793302306718033,0,30.5320435443015,3.25202477203458,-0.21535218357201,30,0,0,0,5,0.759581116943984,6873.00210514664,7667.68061930128,7986.80384531339
136,33.9119563140373,31.2654238703533,30.2871133441533,0.240906505046826,0.618708852383093,1.05698232364172,1.22186356298309,0.793684975733868,0,30.5295418608478,3.25283282827133,-0.211816744339129,30,0,0,0,0,0.7603972925298,6877.56609419522,7669.70311244346,7987.30468394272
136.5,33.8820466531196,31.2654238703533,30.2871133441533,0.241471856963733,0.62133805391821,1.05805071876441,1.22213364480246,0.793684975733868,0,30.5271173050516,3.25459955301166,-0.211816744339129,30,0,0,0,0,0.762181769320326,6882.10630879736,7671.72499604335,7987.83429418521
137,33.8820466531196,31.2654238703533,30.2871133441533,0.242083777710466,0.623952142951258,1.05911830442725,1.22241797904093,0.793684975733868,0,30.5247667506856,3.2565118053452,-0.211816744339129,30,0,0,0,0,0.764113235965314,6886.62284884528,7673.74581002308,7988.39188605565
137.5,33.8521491581058,31.2364950747538,30.2871133441533,0.242492200734195,0.626551203535998,1.06018485378732,1.22271616948628,0.793684975733868,0,30.52248719579,3.25778812729436,-0.211816744339129,30,0,0,0,0,0.765402382397412,6891.11581971202,7675.76512395575,7988.97668769138
138,33.8521491581058,31.2364950747538,30.2871133441533,0.242505750916077,0.629135322088356,1.06125015491559,1.22302782892751,0.794553200480777,0,30.5194868513461,3.25783047161274,-0.207794740538444,30,0,0,0,5,0.765445152191506,6895.58533134252,7677.78253526869,7989.58794493447
138.5,33.8222637990837,31.2364950747538,30.2871133441533,0.24216862476304,0.631704585745757,1.06231400988856,1.22335257895583,0.794553200480777,0,30.5165790377644,3.2567769523845,-0.207794740538444,30,0,0,0,5,0.76438104720206,6900.0314954214,7679.79766755548,7990.22492092431
139,33.8222637990837,31.2364950747538,30.2871133441533,0.241667557880784,0.634259079534074,1.06337623393474,1.22369004976971,0.794553200480777,0,30.5137601250681,3.25521111837745,-0.207794740538444,30,0,0,0,5,0.762799479694906,6904.45442046666,7681.81016898984,7990.88689569988
139.5,33.7923905461932,31.2364950747538,30.2871133441533,0.241162178887872,0.636798885840769,1.06443665463303,1.22403987998461,0.794553200480777,0,30.5110266245006,3.2536318090246,-0.207794740538444,30,0,0,0,5,0.761204301441679,6908.85421090406,7683.81971083554,7991.57316581191
140,33.7923905461932,31.207575943247,30.2871133441533,0.240784310561071,0.639324084772187,1.06549511115964,1.22440171644678,0.795855046721726,0,30.5083751648901,3.25245097050335,-0.203350065956045,30,0,0,0,5,0.760011597854965,6913.2309676717,7685.82598604643,7992.28304394439
140.5,33.7625293696275,31.207575943247,30.2871133441533,0.240640749827524,0.641834754413329,1.06655145358067,1.22477521405124,0.795855046721726,0,30.5050138824359,3.25200234321101,-0.203350065956045,30,0,0,0,5,0.759558462755596,6917.58478865749,7687.82870795104,7993.01585854518
141,33.7625293696275,31.207575943247,30.2871133441533,0.240824570991016,0.644330972166464,1.06760554218746,1.22516003556384,0.795855046721726,0,30.5017554790999,3.25257678434693,-0.203350065956045,30,0,0,0,5,0.760138675876044,6921.91577101051,7689.82760901652,7993.77095346567
141.5,33.7326802396316,31.207575943247,30.2871133441533,0.241346193803638,0.646812813203614,1.06865724687257,1.22555585144736,0.795855046721726,0,30.498596009494,3.25420685563637,-0.203350065956045,30,0,0,0,0,0.761785126121802,6926.22400844819,7691.82243968785,7994.54768760924
142,33.7326802396316,31.1786664499725,30.2584988401139,0.241970362385836,0.649280353868499,1.06970644654337,1.2259623396913,0.797871356923338,0,30.4955316611871,3.25615738245574,-0.198212664474841,30,0,0,0,0,0.763755251834654,6930.50959715383,7693.81296729679,7995.34543458783
142.5,33.7028431265028,31.1786664499725,30.2584988401139,0.24243722345818,0.651733673575663,1.07075302857117,1.22637918564565,0.797871356923338,0,30.4917704067873,3.25761632330681,-0.198212664474841,30,0,0,0,0,0.7652288521234,6934.77263907996,7695.79897503676,7996.16358238708
143,33.7028431265028,31.1786664499725,30.2584988401139,0.242537305770111,0.654172854289436,1.07179688827388,1.22680608185825,0.797871356923338,0,30.4881242642702,3.2579290805316,-0.198212664474841,30,0,0,0,5,0.765544751932777,6939.01324105303,7697.78026099997,7997.00153303945
143.5,33.6730180005903,31.1786664499725,30.2584988401139,0.242254798408592,0.656597979190967,1.07283792843009,1.22724272791584,0.797871356923338,0,30.484588890315,3.25704624502685,-0.198212664474841,30,0,0,0,5,0.76465304569688,6943.23151246249,7699.75663727255,7997.85870230502
144,33.6730180005903,31.1786664499725,30.2584988401139,0.241772804462652,0.659009129831101,1.07387605882234,1.22768883028856,0.800534759709421,0,30.4811600879283,3.25554001394579,-0.192464035171309,30,0,0,0,5,0.763131680005916,6947.42756030723,7701.72792908421,7998.73451936003
144.5,33.6432048322951,31.1497665691075,30.2584988401139,0.241256895803997,0.661406385067963,1.07491119580835,1.22814410217792,0.800534759709421,0,30.4778338199378,3.25392779938749,-0.192464035171309,30,0,0,0,5,0.761503265915735,6951.60148733537,7703.69397400938,7999.62842649265
145,33.6432048322951,31.1497665691075,30.2584988401139,0.240844216349559,0.663789821428076,1.075943261918,1.22860826336817,0.800534759709421,0,30.4738180850143,3.25263817609237,-0.192464035171309,30,0,0,0,5,0.76020068448575,6955.75339265913,7705.65462121646,8000.53987880611
145.5,33.6134035920696,31.1497665691075,30.2584988401139,0.240646372250949,0.666159513380226,1.07697218547489,1.2290810400809,0.800534759709421,0,30.4699244202262,3.25201991328422,-0.192464035171309,30,0,0,0,5,0.759576209372896,6959.88337221965,7707.60973076244,8001.46834392876
146,33.6134035920696,31.1497665691075,30.2584988401139,0.240758130978913,0.668515534346994,1.07799790024069,1.22956216483294,0.803502966166434,0,30.4661482610079,3.2523691593091,-0.186459304403155,30,0,0,0,5,0.759928964621841,6963.99152053983,7709.55917292995,8002.41330173099
146.5,33.583614250418,31.1497665691075,30.2584988401139,0.241224464538473,0.670857956064301,1.07902034508134,1.23005137629736,0.803502966166434,0,30.4624852149507,3.25382645168273,-0.186459304403155,30,0,0,0,0,0.761400899869237,6968.07792959992,7711.50282760472,8003.37424404896
147,33.583614250418,31.1208762748672,30.2298931413235,0.24185050560297,0.673186850301757,1.08003946365323,1.23054841916759,0.803502966166434,0,30.4589310371696,3.25578283000928,-0.186459304403155,30,0,0,0,0,0.763376935885216,6972.14269183126,7713.44058369047,8004.3506744146
147.5,33.5538367778951,31.1208762748672,30.2298931413235,0.24236729571143,0.675502291941356,1.08105520410863,1.23105304402453,0.803502966166434,0,30.4546938054181,3.25739779909822,-0.186459304403155,30,0,0,0,0,0.765008132183559,6976.18590549129,7715.37233855905,8005.34210779227
148,33.5538367778951,31.1208762748672,30.2298931413235,0.242553098042897,0.677804358580591,1.08206751881879,1.23156500720655,0.806748455187744,0,30.4505845912453,3.25797843138405,-0.180233836498107,30,0,0,0,5,0.7655945986626,6980.20767398053,7717.29799753387,8006.34807032119
148.5,33.5240711451071,31.1208762748672,30.2298931413235,0.242333094327051,0.680093129434951,1.0830763641141,1.23208407068254,0.806748455187744,0,30.4465986602616,3.25729091977203,-0.180233836498107,30,0,0,0,5,0.764900178933903,6984.20810393246,7719.21747340473,8007.36809906437
149,33.5240711451071,31.0919955415043,30.2298931413235,0.241876785192813,0.682368682690393,1.08408170003975,1.23261000192752,0.806748455187744,0,30.4427314370933,3.25586495372754,-0.180233836498107,30,0,0,0,5,0.763459884782596,6988.18730058673,7721.13068597158,8008.40174176296
149.5,33.4943173227112,31.0919955415043,30.2298931413235,0.241355823374027,0.684631093824714,1.08508349012628,1.23314257380118,0.806748455187744,0,30.4381909408164,3.25423694804383,-0.180233836498107,30,0,0,0,5,0.761815520897778,6992.14536484486,7723.03756161591,8009.44855659658
150,33.4943173227112,31.0919955415043,30.2298931413235,0.240912789554692,0.686880435931342,1.08608170117409,1.23368156442902,0.8105508599931,0,30.4337876645796,3.25285246735841,-0.173515065831838,30,0,0,0,5,0.76041712895043,6996.08239382342,7724.93803289806,8010.5081119491
150.5,33.4645752814147,31.0919955415043,30.2298931413235,0.240664192667751,0.689116780007339,1.0870763030509,1.23422675708609,0.8105508599931,0,30.4295165759668,3.25207560208672,-0.173515065831838,30,0,0,0,5,0.759632457736489,6999.99848134632,7726.8320381787,8011.57998617984
151,33.4645752814147,31.0919955415043,30.2298931413235,0.240702919245662,0.691340195174189,1.08806726850159,1.23477794008337,0.8105508599931,0,30.4253728115715,3.25219662264269,-0.173515065831838,30,0,0,0,5,0.759754694307008,7003.89371832083,7728.71952126328,8012.66376740017
151.5,33.4348449919758,31.0631243433089,30.2298931413235,0.241108988411349,0.693550751409295,1.08905457296921,1.23533490665646,0.8105508599931,0,30.421351689676,3.25346558878546,-0.173515065831838,30,0,0,0,0,0.761036411021581,7007.76819751636,7730.60043106721,8013.75905325489
152,33.4348449919758,31.0631243433089,30.201296223132,0.24172612606589,0.695748514647683,1.09003819442807,1.23589745485723,0.814559089339127,0,30.4166613677611,3.25539414395591,-0.166664547104438,30,0,0,0,0,0.762984344314375,7011.62200497439,7732.47472130362,8014.86545070973
152.5,33.4348449919758,31.0631243433089,30.201296223132,0.248546695235762,0.697741159596793,1.09101456601849,1.23646427404514,0.814559089339127,0,30.4121119707834,3.27670842261176,-0.166664547104438,30,0,0,0,0,0.784512788842159,7015.11764464146,7734.33558884997,8015.98038564154
153,33.4051264252029,31.0631243433089,30.201296223132,0.248819378510063,0.699718219398982,1.091980140248,1.2370340041998,0.814559089339127,0,30.4076989292176,3.27756055784395,-0.166664547104438,30,0,0,0,5,0.785373486329164,7018.58736381889,7736.17626184435,8017.10118553271
153.5,33.4051264252029,31.0631243433089,30.201296223132,0.248676698498167,0.701683806395703,1.09293535982046,1.23760651588565,0.814559089339127,0,30.4034172502275,3.27711468280677,-0.166664547104438,30,0,0,0,5,0.784923131139614,7022.0383514228,7737.99757177514,8018.22759786737
154,33.3754195519543,31.0342626546085,30.201296223132,0.248259220723592,0.703637989726155,1.09388064344498,1.23818168337499,0.818755984889322,0,30.3992621268823,3.27581006476122,-0.159704850752931,30,0,0,0,5,0.783605404291946,7025.47070526134,7739.80030518749,8019.35937730991
154.5,33.3754195519543,31.0342626546085,30.201296223132,0.247743397584481,0.705580835921288,1.09481638536155,1.23875938394614,0.818755984889322,0,30.3944418548634,3.2741981174515,-0.159704850752931,30,0,0,0,5,0.781977260135656,7028.8845188677,7741.58520271478,8020.49628432671
155,33.3754195519543,31.0342626546085,30.201296223132,0.247276208900798,0.707512409113069,1.09574295681871,1.23933949781698,0.818755984889322,0,30.3897661736725,3.27273815281499,-0.159704850752931,30,0,0,0,5,0.780502625774479,7032.27988185671,7743.35296183546,8021.6380850577
155.5,33.3457243431385,31.0342626546085,30.201296223132,0.246978243769892,0.709432771334024,1.09666070746194,1.23992190807985,0.818755984889322,0,30.3852304002761,3.27180701178091,-0.159704850752931,30,0,0,0,5,0.779562128635287,7035.65688044127,7745.10423946487,8022.78455119039
156,33.3457243431385,31.0342626546085,30.1727080609219,0.246946236506908,0.711341982749958,1.09756996663794,1.24050650063803,0.823450584597936,0,30.380829432482,3.27170698908409,-0.152331772992798,30,0,0,0,5,0.779461100910406,7039.01559783258,7746.83965439147,8023.93545983726
156.5,33.3160407697137,31.0342626546085,30.1727080609219,0.247268712011935,0.713240103832934,1.09847104461988,1.24109316414337,0.823450584597936,0,30.3765583575494,3.2727147250373,-0.152331772992798,30,0,0,0,0,0.780478962594473,7042.35611805682,7748.55978956647,8025.09059341537
157,33.3160407697137,31.0054104497678,30.1727080609219,0.247860288190937,0.715127191653995,1.0993642337593,1.2416817899357,0.823450584597936,0,30.3724124270411,3.27456340059668,-0.152331772992798,30,0,0,0,0,0.782346213645873,7045.67851942607,7750.26519425778,8026.24973952925
157.5,33.3160407697137,31.0054104497678,30.1727080609219,0.248450900731057,0.717003306980203,1.1002498095672,1.24227227198305,0.823450584597936,0,30.3676002700157,3.27640906478455,-0.152331772992798,30,0,0,0,0,0.784210423067508,7048.98288702716,7751.95638607228,8027.41269085575
158,33.2863688026874,31.0054104497678,30.1727080609219,0.248797503785136,0.718868513336635,1.10112803173057,1.24286450682366,0.828024091140719,0,30.3629319881567,3.27749219932855,-0.145172795262698,30,0,0,0,0,0.785304440947403,7052.26931107953,7753.63385285842,8028.57924503203
158.5,33.2863688026874,31.0054104497678,30.1727080609219,0.24873342253271,0.72072287653065,1.10199914506716,1.24345839350889,0.828024091140719,0,30.3584023545437,3.27729194541472,-0.145172795262698,30,0,0,0,5,0.785102174882247,7055.53788610393,7755.29805449399,8029.74920454571
159,33.2863688026874,31.0054104497678,30.1727080609219,0.248355784609622,0.722566462647076,1.1028633804224,1.2440538335477,0.828024091140719,0,30.3540063358027,3.27611182690507,-0.145172795262698,30,0,0,0,5,0.783910198541812,7058.78870739244,7756.94942456631,8030.92237662768
159.5,33.2567084131167,30.9765677031883,30.1727080609219,0.247846976872595,0.724399335400054,1.1037209555121,1.24465073085206,0.828024091140719,0,30.3497396429878,3.27452180272686,-0.145172795262698,30,0,0,0,5,0.782304197800658,7062.0218663352,7758.58837195157,8032.09857314708
160,33.2567084131167,30.9765677031883,30.1441286301095,0.2473596096477,0.726221556028539,1.10457207571411,1.24524899168369,0.832780094506916,0,30.3448110131051,3.27299878014906,-0.137924405242056,30,0,0,0,5,0.780765871891999,7065.23745022604,7760.21528229904,8033.27761050871
160.5,33.2270595721078,30.9765677031883,30.1441286301095,0.253304952785828,0.727840686610064,1.10541339702703,1.2458474145914,0.832780094506916,0,30.3400295782733,3.29157797745571,-0.137924405242056,30,0,0,0,5,0.799531752973186,7068.09566813069,7761.82375512757,8034.45712154237
161,33.2270595721078,30.9765677031883,30.1441286301095,0.253207339590991,0.72944599934259,1.10624155583991,1.24644473829311,0.832780094506916,0,30.3353900084083,3.29127293622185,-0.137924405242056,30,0,0,0,5,0.799223646685005,7070.93043903923,7763.40734791492,8035.63461988808
161.5,33.2270595721078,30.9765677031883,30.1441286301095,0.253444288140236,0.731041948484553,1.10705718323017,1.24704093442332,0.832780094506916,0,30.33088717034,3.29201340043824,-0.137924405242056,30,0,0,0,0,0.79997155108584,7073.74960864256,7764.9672543294,8036.81004879951
162,33.1974222508161,30.9765677031883,30.1441286301095,0.253995115517323,0.732628582321197,1.10786087495151,1.24763597615979,0.8377023735477,0,30.3265166781463,3.29373473599163,-0.130606671258511,30,0,0,0,0,0.801710182618877,7076.55324634975,7766.50460150597,8037.9833545457
162.5,33.1974222508161,30.9477343893086,30.1441286301095,0.254606533138746,0.734205951472127,1.10865319137334,1.24822983748136,0.8377023735477,0,30.3222737171778,3.29564541605858,-0.130606671258511,30,0,0,0,0,0.803640061199137,7079.34142588859,7768.02044984162,8039.15448494946
163,33.1974222508161,30.9477343893086,30.1441286301095,0.255023213277031,0.735774109616821,1.10943465962002,1.2488224931498,0.8377023735477,0,30.3173673673794,3.29694754149072,-0.130606671258511,30,0,0,0,0,0.804955270387621,7082.11422659404,7769.51579700456,8040.32338935257
163.5,33.1677964204457,30.9477343893086,30.1441286301095,0.255049375188817,0.737333113007886,1.11020577558074,1.24941391869191,0.8377023735477,0,30.3126071342478,3.29702929746505,-0.130606671258511,30,0,0,0,5,0.805037847845983,7084.87173255459,7770.99158170308,8041.49001858174
164,33.1677964204457,30.9477343893086,30.1155579061435,0.254725522578403,0.73888301879945,1.11096700579776,1.25000409038201,0.842818804846615,0,30.307987730994,3.29601725805751,-0.123195092397609,30,0,0,0,5,0.804015639466473,7087.61402965993,7772.44868722897,8042.65432491511
164.5,33.1677964204457,30.9477343893086,30.1155579061435,0.254235269346522,0.740423882174348,1.11171878924043,1.25059298522491,0.842818804846615,0,30.3035040661185,3.29448521670788,-0.123195092397609,30,0,0,0,5,0.802468204165361,7090.34120051667,7773.88794478838,8043.81626204968
165,33.1677964204457,30.9477343893086,30.1155579061435,0.253735713394475,0.741955755818105,1.11246153897193,1.25118058093911,0.842818804846615,0,30.2991517933712,3.29292410435773,-0.123195092397609,30,0,0,0,5,0.800891405758321,7093.05332350975,7775.31013663323,8044.97578506927
165.5,33.1381820522494,30.9477343893086,30.1155579061435,0.253356643820692,0.743478690270333,1.11319564371518,1.25176685594044,0.842818804846615,0,30.2949267119992,3.29173951193966,-0.123195092397609,30,0,0,0,5,0.799694910555632,7095.75047341646,7776.71599900471,8046.1328504132
166,33.1381820522494,30.918910482604,30.1155579061435,0.253203269457725,0.744992734182724,1.11392146932396,1.25235178932608,0.847492899221947,0,30.2908241865149,3.29126021705539,-0.116329674605979,30,0,0,0,5,0.799210799716364,7098.43272185618,7778.10622490027,8047.28741584574
166.5,33.1381820522494,30.918910482604,30.1155579061435,0.253367354907833,0.74649793565006,1.11463936016493,1.2529353608588,0.847492899221947,0,30.2860537263014,3.29177298408698,-0.116329674605979,30,0,0,0,5,0.799728719031085,7101.10013964294,7779.48146667415,8048.439440426
167,33.1085791175286,30.918910482604,30.1155579061435,0.253871052286906,0.747994340609144,1.11534964041643,1.25351755095178,0.847492899221947,0,30.2814247379053,3.29334703839658,-0.116329674605979,30,0,0,0,0,0.801318589438389,7103.75279394401,7780.84233848273,8049.58888447893
167.5,33.1085791175286,30.918910482604,30.1155579061435,0.254492361113204,0.749481996095967,1.11605261528828,1.25409834065357,0.847492899221947,0,30.2769320959229,3.29528862847876,-0.116329674605979,30,0,0,0,0,0.803279688617716,7106.3907540493,7782.18941858201,8050.73570956647
168,33.1085791175286,30.918910482604,30.1155579061435,0.25496610943458,0.750960952340874,1.11674857216788,1.25467771163341,0.852701440209103,0,30.2725708646031,3.29676909198306,-0.109028345841257,30,0,0,0,0,0.804775027819309,7109.01409509017,7783.52325148754,8051.87987845954
168.5,33.0789875876327,30.918910482604,30.0869958645059,0.255078241416327,0.752431262332658,1.1174377816971,1.25525564616699,0.852701440209103,0,30.268336847575,3.29711950442602,-0.109028345841257,30,0,0,0,5,0.805128961206494,7111.62289727328,7784.84435000455,8053.02135511072
169,33.0789875876327,30.918910482604,30.0869958645059,0.254809147915134,0.753892980468812,1.11812049878388,1.25583212712239,0.852701440209103,0,30.2642254139278,3.29627858723479,-0.109028345841257,30,0,0,0,5,0.80427959447933,7114.21724349071,7786.15319713594,8054.16010462746
169.5,33.0789875876327,30.8900959575865,30.0869958645059,0.254338678981636,0.75534615965823,1.11879696355255,1.25640713794642,0.852701440209103,0,30.2602321052918,3.29480837181761,-0.109028345841257,30,0,0,0,5,0.802794606337635,7116.79721417776,7787.45024787543,8055.2960932458
170,33.0789875876327,30.8900959575865,30.0869958645059,0.253829769280245,0.756790850262191,1.11946740223667,1.25698066265118,0.857516178698233,0,30.2555674138442,3.29321802900077,-0.102226965537699,30,0,0,0,5,0.801188283756165,7119.36288542655,7788.7359308928,8056.4292883047
170.5,33.0494074339596,30.8900959575865,30.0869958645059,0.259704146313916,0.75803419335308,1.12012848815288,1.25755157541297,0.857516178698233,0,30.2510406094344,3.31157545723099,-0.102226965537699,30,0,0,0,5,0.819730167425245,7121.57159322847,7790.00386034887,8057.55746385592
171,33.0494074339596,30.8900959575865,30.0869958645059,0.259494597692142,0.759265829448026,1.12077687122418,1.25811868803811,0.857516178698233,0,30.2466466909173,3.31092061778794,-0.102226965537699,30,0,0,0,5,0.819068748155477,7123.76006638508,7791.24760197349,8058.67826957367
171.5,33.0494074339596,30.8900959575865,30.0869958645059,0.259580189768582,0.760490246076696,1.12141319992122,1.25868204483583,0.857516178698233,0,30.2423808424619,3.31118809302682,-0.102226965537699,30,0,0,0,5,0.819338910985554,7125.936266016,7792.46838974952,8059.79179027325
172,33.0494074339596,30.8900959575865,30.0869958645059,0.260015449770341,0.761707480781672,1.12203808616737,1.25924169003538,0.862562023174178,0,30.2382389830009,3.31254828053232,-0.0952955932003789,30,0,0,0,0,0.820712765655106,7128.10024929966,7793.66738839581,8060.89811067243
172.5,33.0198386279552,30.8900959575865,30.0584424807111,0.260632933932498,0.762917571028405,1.12265210532367,1.25979766706981,0.862562023174178,0,30.2342171677304,3.31447791853906,-0.0952955932003789,30,0,0,0,0,0.822661792664536,7130.25207339477,7794.84569326114,8061.99731397464
173,33.0198386279552,30.8612907888043,30.0584424807111,0.261157471296012,0.76412055744283,1.12325579840053,1.26035001859243,0.862562023174178,0,30.230311009084,3.31611709780004,-0.0952955932003789,30,0,0,0,0,0.824317442398734,7132.39180119875,7796.00433449576,8063.08948189989
173.5,33.0198386279552,30.8612907888043,30.0584424807111,0.261360158522809,0.765316483632581,1.12384967413575,1.26089878649307,0.862562023174178,0,30.2257307666916,3.31675049538378,-0.0952955932003789,30,0,0,0,5,0.824957204361394,7134.51950103575,7797.14428097344,8064.17469471527
174,33.0198386279552,30.8612907888043,30.0584424807111,0.261160282930458,0.766505395087226,1.12443421094685,1.26144401191379,0.867562143099576,0,30.2212855485394,3.31612588415768,-0.0885142194157751,30,0,0,0,5,0.824326317041699,7136.63524470498,7798.26644397853,8065.25303126467
174.5,32.9902811411127,30.8612907888043,30.0584424807111,0.260722250824374,0.767687336456066,1.12500985876525,1.26198573526447,0.867562143099576,0,30.2169710269129,3.31475703382617,-0.0885142194157751,30,0,0,0,5,0.822943712502055,7138.73910263775,7799.37168067174,8066.32456899792
175,32.9902811411127,30.8612907888043,30.0584424807111,0.260213579103275,0.768862349881482,1.12557704075943,1.26252399623786,0.867562143099576,0,30.2127824447772,3.31316743469774,-0.0885142194157751,30,0,0,0,5,0.821338141081578,7140.83114092686,7800.46079734808,8067.38938399925
175.5,32.9902811411127,30.8612907888043,30.0584424807111,0.25977349534211,0.770030475306352,1.12613615495385,1.26305883382444,0.867562143099576,0,30.2087152219986,3.31179217294409,-0.0885142194157751,30,0,0,0,5,0.819949060697835,7142.91142186778,7801.53455249925,8068.44755101524
176,32.9902811411127,30.8612907888043,30.0584424807111,0.259515854592202,0.771191750756856,1.12668757574991,1.26359028632692,0.872492481034669,0,30.2047655046596,3.31098704560063,-0.0819062018638533,30,0,0,0,5,0.819135843434828,7144.98000445679,7802.59365969208,8069.49914348213
176.5,32.9607349449736,30.8612907888043,30.0584424807111,0.259531520932927,0.772346212559278,1.12723165535477,1.26411839137439,0.872492481034669,0,30.2009295672937,3.3110360029154,-0.0819062018638533,30,0,0,0,5,0.81918529267269,7147.03694477239,7803.63879027407,8070.5442335525
177,32.9607349449736,30.8612907888043,30.0584424807111,0.259904359735186,0.773493898007961,1.12776872512357,1.2646431859361,0.872492481034669,0,30.1972032345694,3.31220112417246,-0.0819062018638533,30,0,0,0,0,0.820362121068141,7149.08230072612,7804.67057591591,8071.58289212127
177.5,32.9607349449736,30.8324949508421,30.0298977303061,0.260508710520793,0.774634840318288,1.1282990968213,1.26516470633537,0.872492481034669,0,30.1935824879951,3.31408972037748,-0.0819062018638533,30,0,0,0,0,0.822269693887831,7151.11612306606,7805.68961100287,8072.61518885195
178,32.9607349449736,30.8324949508421,30.0298977303061,0.261071663819811,0.775769077693206,1.1288230638068,1.26568298826256,0.877111897030318,0,30.1892787532135,3.31584894943691,-0.0757115012853888,30,0,0,0,0,0.824046599680851,7153.13847153502,7806.69645487976,8073.64119220109
178.5,32.9312000111264,30.8324949508421,30.0298977303061,0.267621875485266,0.776703017692887,1.12933734366989,1.26619695061044,0.877111897030318,0,30.1851011821904,3.33631836089146,-0.0757115012853888,30,0,0,0,5,0.844721687781694,7154.8040472776,7807.68479492132,8074.65875945625
179,32.9312000111264,30.8324949508421,30.0298977303061,0.267499056248294,0.777627484939607,1.1298386605442,1.26670545920298,0.877111897030318,0,30.1810451704886,3.33593455077592,-0.0757115012853888,30,0,0,0,5,0.844334021142115,7156.45304802503,7808.64832837239,8075.66564187502
179.5,32.9312000111264,30.8324949508421,30.0298977303061,0.267100708037131,0.778546513969153,1.13032771883156,1.26720860675564,0.877111897030318,0,30.1771062853236,3.33468971261604,-0.0757115012853888,30,0,0,0,5,0.843076674848401,7158.09266271438,7809.58840124138,8076.66201948036
180,32.9312000111264,30.8324949508421,30.0298977303061,0.266598945502528,0.779460138766142,1.13080518247286,1.26770648469188,0.88203360679222,0,30.1732808146372,3.3331217046954,-0.0693123258548638,30,0,0,0,5,0.841492911584179,7159.72294652079,7810.50628251391,8077.64806985391
180.5,32.9312000111264,30.8324949508421,30.0298977303061,0.266137216213411,0.780368391111469,1.13127167551965,1.26819918256558,0.88203360679222,0,30.1695651699589,3.33167880066691,-0.0693123258548638,30,0,0,0,5,0.840035509256009,7161.34395076155,7811.40316517817,8078.62396698849
181,32.9016763112069,30.8324949508421,30.0298977303061,0.265833295437302,0.781271300875764,1.13172778454829,1.26868678810098,0.88203360679222,0,30.1659558821938,3.33072904824157,-0.0693123258548638,30,0,0,0,5,0.839076213718301,7162.95572341569,7812.2801707986,8079.58988136312
181.5,32.9016763112069,30.8324949508421,30.0298977303061,0.265781750828549,0.782168896247425,1.13217406092811,1.26916938723161,0.88203360679222,0,30.1624490240582,3.33056797133921,-0.0693123258548638,30,0,0,0,5,0.838913518315231,7164.55830952743,7813.13835381566,8080.54598001639
182,32.9016763112069,30.8324949508421,30.0013615888707,0.266070750950538,0.783061205861643,1.13261102295199,1.26964706413843,0.886353501459894,0,30.1590408166206,3.33147109672043,-0.0636163266482228,30,0,0,0,0,0.839825718300278,7166.15175500513,7813.97870558733,8081.4924266183
182.5,32.9016763112069,30.803708418321,30.0013615888707,0.266644004776726,0.783948254982792,1.13303915783913,1.27011990128735,0.886353501459894,0,30.1557281789683,3.33326251492727,-0.0636163266482228,30,0,0,0,0,0.841635136677259,7167.73609980232,7814.80215819014,8082.42938154096
183,32.9016763112069,30.803708418321,30.0013615888707,0.267236146344955,0.784830072446249,1.1334589236153,1.27058797946558,0.886353501459894,0,30.151723123328,3.33511295732799,-0.0636163266482228,30,0,0,0,0,0.843504172323217,7169.31139031382,7815.60958798974,8083.35700192722
183.5,32.9016763112069,30.803708418321,30.0013615888707,0.267596410357954,0.78570669007341,1.1338707508802,1.27105137781755,0.886353501459894,0,30.1478348606293,3.3362387823686,-0.0636163266482228,30,0,0,0,0,0.844641309653845,7170.8776783358,7816.4018189987,8084.27544175846
184,32.8721638168982,30.803708418321,30.0013615888707,0.267551712535171,0.786578142238855,1.13427504446764,1.27151017387983,0.891062503773583,0,30.1440596709756,3.33609910167241,-0.0576238683902233,30,0,0,0,5,0.844500225446013,7172.43502029652,7817.17962603229,8085.18485192059
184.5,32.8721638168982,30.803708418321,30.0013615888707,0.267193724922221,0.787444463812314,1.13467218500516,1.27196444361552,0.891062503773583,0,30.1403933852702,3.33498039038194,-0.0576238683902233,30,0,0,0,5,0.8433702733445,7173.98347358111,7817.94373767448,8086.08538026904
185,32.8721638168982,30.803708418321,30.0013615888707,0.266700298583309,0.788305687495662,1.13506253037932,1.27241426144761,0.891062503773583,0,30.1368319912232,3.33343843307284,-0.0576238683902233,30,0,0,0,5,0.841812822448358,7175.52309177065,7818.69483906557,8086.97717169199
185.5,32.8721638168982,30.803708418321,30.0013615888707,0.266220357959214,0.789161843712316,1.1354464171121,1.27285970029191,0.891062503773583,0,30.1333721825153,3.33193861862254,-0.0576238683902233,30,0,0,0,5,0.840297937862464,7177.05392444033,7819.43357452221,8087.86036817258
186,32.8721638168982,30.803708418321,30.0013615888707,0.265876598643364,0.790012960930224,1.13582416165413,1.27330083158902,0.895495745543144,0,30.1300107626014,3.33086437076051,-0.0520043050405562,30,0,0,0,5,0.839212895957915,7178.57601773296,7820.16054999955,8088.7351088496
186.5,32.8721638168982,30.803708418321,30.0013615888707,0.272048886772008,0.790665579501277,1.13619251432671,1.27373661268725,0.895495745543144,0,30.1267446409753,3.35015277116252,-0.0520043050405562,30,0,0,0,5,0.858695106207165,7179.74330921227,7820.86950779725,8089.59932343444
187,32.8426624999303,30.803708418321,30.0013615888707,0.272254647158736,0.791310014309345,1.13654820459988,1.2741659389858,0.895495745543144,0,30.1235708295618,3.35079577237105,-0.0520043050405562,30,0,0,0,5,0.859344568291833,7180.89611866349,7821.55414817594,8090.45081800914
187.5,32.8426624999303,30.803708418321,29.9728340320168,0.272781101630709,0.791950637413192,1.13689195571399,1.27458893650573,0.895495745543144,0,30.1204858661702,3.35244094259597,-0.0520043050405562,30,0,0,0,0,0.86100626918717,7182.04226282904,7822.21585778921,8091.28983894549
188,32.8426624999303,30.803708418321,29.9728340320168,0.273390034309144,0.792587468442556,1.13722444940589,1.27500572929179,0.899411798829419,0,30.1174864211363,3.35434385721608,-0.046994568454528,30,0,0,0,0,0.862928304293383,7183.18177413673,7822.85594398659,8092.11662883939
188.5,32.8426624999303,30.803708418321,29.9728340320168,0.273818104080876,0.793220530259818,1.1375463262775,1.27541643876385,0.899411798829419,0,30.1145698471131,3.35568157525274,-0.046994568454528,30,0,0,0,0,0.864279463720876,7184.31469083353,7823.4756354608,8092.93142521897
189,32.8426624999303,30.7749311658977,29.9728340320168,0.273862800945482,0.793849848570847,1.13785818828665,1.27582118377313,0.899411798829419,0,30.1117335839069,3.35582125295463,-0.046994568454528,30,0,0,0,5,0.864420544904319,7185.44105629255,7824.0760869862,8093.73446065071
189.5,32.8426624999303,30.7749311658977,29.9728340320168,0.273558984783487,0.794475450222167,1.138160601087,1.27622008065744,0.899411798829419,0,30.108190399847,3.3548718274484,-0.046994568454528,30,0,0,0,5,0.863461579570597,7186.56091596769,7824.65838387295,8094.5259628435
190,32.8426624999303,30.7749311658977,29.9728340320168,0.27308550284109,0.795097360292073,1.13845409622665,1.27661324329504,0.903497567407726,0,30.1047497300229,3.35339219637841,-0.0418998920091724,30,0,0,0,5,0.861967081167618,7187.67431218657,7825.22354615443,8095.30615475064
190.5,32.8426624999303,30.7749311658977,29.9728340320168,0.272595578350483,0.79571560156726,1.1387391732134,1.27700078315749,0.903497567407726,0,30.10140832431,3.35186118234526,-0.0418998920091724,30,0,0,0,5,0.860420683505464,7188.78128321099,7825.77253252287,8096.07525466955
191,32.8131723320798,30.7749311658977,29.9728340320168,0.272215881012795,0.796330194881358,1.13901630145523,1.27738280936125,0.903497567407726,0,30.098163040732,3.35067462816498,-0.0418998920091724,30,0,0,0,5,0.859222206828786,7189.88186384025,7826.30624402908,8096.83347633952
191.5,32.8131723320798,30.7749311658977,29.9728340320168,0.272049177609892,0.796941159367063,1.13928592208323,1.27775942871825,0.903497567407726,0,30.0950102689325,3.35015368003091,-0.0418998920091724,30,0,0,0,5,0.858696024207862,7190.97608586021,7826.82552755966,8097.58102903754
192,32.8131723320798,30.7749311658977,29.9728340320168,0.272185207932259,0.797548513762057,1.13954844966412,1.27813074578532,0.907695998256258,0,30.0919465363945,3.35057877478831,-0.036778614557808,30,0,0,0,5,0.859125390317382,7192.06398038043,7827.33117910515,8098.31811767196
192.5,32.8131723320798,30.7749311658977,29.9728340320168,0.272659883214512,0.798152274764487,1.13980427380935,1.27849686291263,0.907695998256258,0,30.0889690578364,3.35206213504535,-0.036778614557808,30,0,0,0,0,0.860623655378285,7193.14557488728,7827.82394683212,8099.04494287442
193,32.8131723320798,30.7749311658977,29.9728340320168,0.273275010770231,0.798752460023686,1.14005376068658,1.27885788029106,0.907695998256258,0,30.086075140093,3.35398440865697,-0.036778614557808,30,0,0,0,0,0.862565243995156,7194.22089860004,7828.30453396999,8099.76170108987
193.5,32.8131723320798,30.7749311658977,29.9728340320168,0.273757956322609,0.799349090473954,1.14029725443961,1.27921389599852,0.907695998256258,0,30.0832621789864,3.35549361350815,-0.036778614557808,30,0,0,0,0,0.864089613336682,7195.28998665394,7828.77360152414,8100.46858466451
194,32.8131723320798,30.7749311658977,29.9443150353883,0.273887667626286,0.799942190068451,1.14053507852256,1.27956500604538,0.911427278751489,0,30.0805276563041,3.35589896133215,-0.0322110625216524,30,0,0,0,5,0.864499034095611,7196.35287962659,7829.23177082597,8101.16578193235
194.5,32.8131723320798,30.7749311658977,29.9443150353883,0.273638725760538,0.800531784415272,1.14076753695305,1.27991130441881,0.911427278751489,0,30.0778691368812,3.35512101800168,-0.0322110625216524,30,0,0,0,5,0.863713273990564,7197.40962109636,7829.67962592911,8101.85347729953
195,32.78369328517,30.7749311658977,29.9443150353883,0.273186016838631,0.801117897829222,1.14099491548954,1.28025288312625,0.911427278751489,0,30.0752842657831,3.35370630262072,-0.0322110625216524,30,0,0,0,5,0.862284343549455,7198.46025235874,7830.11771586124,8102.53185132722
195.5,32.78369328517,30.7749311658977,29.9443150353883,0.272688439061904,0.801700552282091,1.14121748273732,1.28058983223791,0.911427278751489,0,30.0727701929539,3.35215137206845,-0.0322110625216524,30,0,0,0,5,0.860713789054995,7199.50481054261,7830.54655674013,8103.2010808126
196,32.78369328517,30.7749311658977,29.9443150353883,0.272277743997129,0.802279767740463,1.14143549118751,1.28092223992833,0.914751647333219,0,30.0703241801347,3.35086794999103,-0.028129672053862,30,0,0,0,5,0.859417471152537,7200.54332921317,7830.96663376202,8103.86133886819
196.5,32.78369328517,30.7749311658977,29.9443150353883,0.278344979445078,0.802661937561018,1.14164563095863,1.28124907977528,0.914751647333219,0,30.067944150947,3.36982806076587,-0.028129672053862,30,0,0,0,5,0.878568093120444,7201.22861871348,7831.37156748637,8104.51058453236
197,32.78369328517,30.7749311658977,29.9443150353883,0.278406223844095,0.80303747586273,1.14184457237185,1.28156926220883,0.914751647333219,0,30.0656280968628,3.3700194495128,-0.028129672053862,30,0,0,0,5,0.8787614049415,7201.90207007096,7831.75493922231,8105.14665084197
197.5,32.78369328517,30.7749311658977,29.9443150353883,0.278808943671654,0.803410785544896,1.14203298553804,1.28188292883846,0.914751647333219,0,30.0633740749098,3.37127794897392,-0.028129672053862,30,0,0,0,0,0.880032549805207,7202.57157712041,7832.11803761027,8105.76981636091
198,32.78369328517,30.7749311658977,29.9443150353883,0.279415373939588,0.803781875733097,1.14221150214894,1.28219021892019,0.917724858399538,0,30.0611802054573,3.37317304356121,-0.0244720821829247,30,0,0,0,0,0.881946686302917,7203.23715530259,7832.46207760189,8106.38035511025
198.5,32.78369328517,30.7749311658977,29.9443150353883,0.279946104508611,0.80415075869828,1.14238071563165,1.28249126870711,0.917724858399538,0,30.0590446700764,3.37483157658941,-0.0244720821829247,30,0,0,0,0,0.883621884270979,7203.8988257108,7832.78820071587,8106.97853527211
199,32.78369328517,30.7749311658977,29.9443150353883,0.280164922372558,0.804517449945971,1.14254118346701,1.28278621151402,0.917724858399538,0,30.0569657094745,3.37551538241424,-0.0244720821829247,30,0,0,0,5,0.884312560976743,7204.55661525295,7833.09747946843,8107.56461931248
199.5,32.78369328517,30.7461631682651,29.9443150353883,0.279985076983778,0.804881967121249,1.14269342936741,1.28307517778076,0.917724858399538,0,30.0549416215011,3.37495336557431,-0.0244720821829247,30,0,0,0,5,0.883744896991597,7205.21055468913,7833.3909215374,8108.13886410156
200,32.78369328517,30.7461631682651,29.9443150353883,0.279565777726768,0.805244327226239,1.14283794532298,1.2833582951342,0.920704783319025,0,30.052186255925,3.37364305539615,-0.0208745023700033,30,0,0,0,5,0.882421420816771,7205.86067364061,7833.66947367633,8108.70152103179
200.5,32.78369328517,30.7461631682651,29.9443150353883,0.27907030596481,0.805604544966414,1.14297519352365,1.28363568844882,0.920704783319025,0,30.049509587825,3.37209470614003,-0.0208745023700033,30,0,0,0,5,0.880857513747327,7206.506997622,7833.93402539314,8109.25283613309
201,32.7542253310709,30.7461631682651,29.9443150353883,0.278634448683787,0.805962633040858,1.14310560816503,1.28390747990607,0.920704783319025,0,30.0469091414241,3.37073265213683,-0.0208745023700033,30,0,0,0,5,0.879481773825504,7207.14954856042,7834.18541240772,8109.79305018615
201.5,32.7542253310709,30.7461631682651,29.9443150353883,0.278369330692586,0.806318602417836,1.14322959714488,1.28417378905236,0.920704783319025,0,30.0443819505684,3.36990415841433,-0.0208745023700033,30,0,0,0,5,0.878644955398077,7207.7883452886,7834.42441990136,8110.32239883301
202,32.7542253310709,30.7461631682651,29.9158045746618,0.278363727431944,0.806672462545995,1.1433475436568,1.28443473285592,0.92425715987315,0,30.0419251652557,3.36988664822482,-0.0167700661022622,30,0,0,0,5,0.878627269266188,7208.4234039227,7834.65178557062,8110.84111268578
202.5,32.7542253310709,30.7461631682651,29.9158045746618,0.278702865987315,0.807024223952838,1.14345980768722,1.28469042576229,0.92425715987315,0,30.0395366013576,3.37094645621036,-0.0167700661022622,30,0,0,0,0,0.879697726202361,7209.05474252508,7834.86820249676,8111.34941743252
203,32.7542253310709,30.7461631682651,29.9158045746618,0.279291725805474,0.807373893105734,1.14356672742265,1.2849409797489,0.92425715987315,0,30.0372141466626,3.37278664314211,-0.0167700661022622,30,0,0,0,0,0.881556403332398,7209.68237188055,7835.07432184427,8111.84753394188
203.5,32.7542253310709,30.7461631682651,29.9158045746618,0.279858047467686,0.807721481328712,1.14366862057028,1.28518650437809,0.92425715987315,0,30.0349557584382,3.37455639833652,-0.0167700661022622,30,0,0,0,0,0.883343941027004,7210.30631150033,7835.27075539382,8112.33567836459
204,32.7542253310709,30.7461631682651,29.9158045746618,0.280155658514023,0.808067002786992,1.14376578559975,1.28542710684937,0.927443509162345,0,30.0327594610776,3.37548643285632,-0.0131037844310214,30,0,0,0,5,0.884283320533663,7210.92658600688,7835.45807792489,8112.81406223351
204.5,32.7542253310709,30.7461631682651,29.9158045746618,0.28004594727437,0.808410474094833,1.14385850290918,1.28566289205027,0.927443509162345,0,30.0306233438256,3.37514358523241,-0.0131037844310214,30,0,0,0,5,0.883937027976822,7211.5432244316,7835.63682945365,8113.28289256134
205,32.7542253310709,30.7461631682651,29.9158045746618,0.27966054076371,0.808751911900464,1.14394703592065,1.28589396260637,0.927443509162345,0,30.0285455585847,3.3739391898866,-0.0131037844310214,30,0,0,0,5,0.882720530866576,7212.15625587999,7835.80751733601,8113.74237193655
205.5,32.7542253310709,30.7461631682651,29.9158045746618,0.279168604797436,0.809091330608652,1.14403163210934,1.28612041892998,0.927443509162345,0,30.0265243177946,3.37240188999199,-0.0131037844310214,30,0,0,0,5,0.881167784182627,7212.76570544215,7835.97061824372,8114.192698617
206,32.7542253310709,30.7461631682651,29.9158045746618,0.278711182037515,0.809428742558681,1.1441125239701,1.28634235926792,0.930310298077416,0,30.0245578923855,3.37097244386724,-0.00982315695419231,30,0,0,0,5,0.879723974983214,7213.37159451084,7836.12658002096,8114.63406662178
206.5,32.7542253310709,30.7461631682651,29.9158045746618,0.278404128096005,0.809764158312759,1.14418992992569,1.28655987974827,0.930310298077416,0,30.0226446098012,3.37001290030001,-0.00982315695419231,30,0,0,0,5,0.878754789922229,7213.97394129803,7836.27582342901,8115.06666582113
207,32.7542253310709,30.7461631682651,29.9158045746618,0.278340528179243,0.810097586880268,1.1442640551798,1.28677307442604,0.930310298077416,0,30.0207828520905,3.36981415056014,-0.00982315695419231,30,0,0,0,5,0.878554043144964,7214.5727612364,7836.41874378537,8115.49068202452
207.5,32.7542253310709,30.7461631682651,29.9158045746618,0.278607609717393,0.810429037813639,1.14433509251819,1.28698203532788,0.930310298077416,0,30.0189710540632,3.37064878036685,-0.00982315695419231,30,0,0,0,0,0.87939705931198,7215.16807074288,7836.55571250346,8115.90629706666
208,32.7247684416981,30.7461631682651,29.9158045746618,0.27916701158393,0.810758517347934,1.1444032230621,1.28718685249598,0.932897172615299,0,30.0172077015101,3.37239691119978,-0.00688308060404808,30,0,0,0,0,0.881162755363518,7215.75988028452,7836.68707854086,8116.31368889227
208.5,32.7247684416981,30.7461631682651,29.9158045746618,0.279759095788566,0.811086035181448,1.14446861697493,1.28738761403079,0.932897172615299,0,30.0154907572838,3.37424717433927,-0.00688308060404808,30,0,0,0,0,0.883031609947031,7216.34820655695,7836.81316975786,8116.71303163843
209,32.7247684416981,30.7461631682651,29.9158045746618,0.280127868556109,0.811411604137622,1.14453143412675,1.28758440613299,0.932897172615299,0,30.0138182687247,3.37539958923784,-0.00688308060404808,30,0,0,0,0,0.884195604310501,7216.93307187913,7836.93429419528,8117.10449571577
209.5,32.7247684416981,30.7461631682651,29.9158045746618,0.280095890586393,0.811735239772323,1.14459182471851,1.2877773131445,0.932897172615299,0,30.0121889182635,3.37529965808248,-0.00688308060404808,30,0,0,0,5,0.88409466904689,7217.51450348952,7837.05074127488,8117.48824788762
210,32.7247684416981,30.7461631682651,29.9158045746618,0.279751132402787,0.812056958285458,1.14464992986817,1.28796641758867,0.935242163965086,0,30.0106014307364,3.37422228875871,-0.0042405722945503,30,0,0,0,5,0.883006474316156,7218.0925297954,7837.16278292683,8117.86445134771
210.5,32.7247684416981,30.7461631682651,29.9158045746618,0.285552140343968,0.812183221065348,1.14470234181723,1.28815068940987,0.935242163965086,0,30.0090545719612,3.3923504385749,-0.0042405722945503,30,0,0,0,5,0.901316775781701,7218.31939463874,7837.26384783324,8118.23105584118
211,32.7247684416981,30.7461631682651,29.9158045746618,0.285080751563964,0.812304159527837,1.14474562388203,1.28832903069954,0.935242163965086,0,30.0075471473628,3.39087734863739,-0.0042405722945503,30,0,0,0,5,0.899828884236495,7218.53669852784,7837.34730863101,8118.58587580821
211.5,32.7247684416981,30.7461631682651,29.9158045746618,0.284734960503234,0.812424384008834,1.14478035357819,1.28850157766374,0.935242163965086,0,30.0060780006448,3.38979675157261,-0.0042405722945503,30,0,0,0,5,0.898737429332407,7218.75272496176,7837.41427846264,8118.92918086834
212,32.7247684416981,30.7461631682651,29.9158045746618,0.284611442902493,0.81254389630471,1.14480707563295,1.28866846427999,0.937378047514017,0,30.0046460125073,3.38941075907029,-0.00185840500290908,30,0,0,0,5,0.89834755837743,7218.96747707208,7837.4658073729,8119.26123629254
212.5,32.7247684416981,30.7461631682651,29.9158045746618,0.284797430856981,0.812662698327407,1.14482630162893,1.28882982158992,0.937378047514017,0,30.003250099408,3.38999197142807,-0.00185840500290908,30,0,0,0,5,0.898934610756975,7219.18095819893,7837.50288160059,8119.58230159155
213,32.7247684416981,30.7461631682651,29.9158045746618,0.28530595977781,0.812780789400459,1.14483851201374,1.28898577776292,0.937378047514017,0,30.0018892123666,3.39158112430566,-0.00185840500290908,30,0,0,0,0,0.900539731442681,7219.39316703195,7837.52642743539,8119.89263063817
213.5,32.7247684416981,30.7461631682651,29.8873026255451,0.285912032581818,0.81289817090686,1.14484415798728,1.28913645815815,0.937378047514017,0,30.0005623358086,3.39347510181818,-0.00185840500290908,30,0,0,0,0,0.90245273964125,7219.60410596219,7837.5373148414,8120.19247178673
214,32.7247684416981,30.7461631682651,29.8873026255451,0.286346989048928,0.813014847550224,1.14484366327517,1.28928198538541,0.939329999279494,0,29.9992684864501,3.3948343407779,0.000292605419942049,30,0,0,0,0,0.903825636234038,7219.81378334899,7837.53636086338,8120.4820679903
214.5,32.7247684416981,30.7461631682651,29.8873026255451,0.286403751996125,0.813130827052632,1.14483742579468,1.28942247936465,0.939329999279494,0,29.9980067122198,3.39501172498789,0.000292605419942049,30,0,0,0,5,0.904004802800568,7220.02221297771,7837.52433282776,8120.76165691543
215,32.7247684416981,30.7461631682651,29.8873026255451,0.28611334830453,0.813246118434101,1.14482581921984,1.28955805738421,0.939329999279494,0,29.996776091218,3.39410421345166,0.000292605419942049,30,0,0,0,5,0.903088172588419,7220.22941096822,7837.5019513507,8121.03147105446
215.5,32.7247684416981,30.7461631682651,29.8873026255451,0.285651390415913,0.813360729083816,1.14480919445151,1.2896888341578,0.939329999279494,0,29.9955757307111,3.39266059504973,0.000292605419942049,30,0,0,0,5,0.901630048708786,7220.43539051152,7837.46989316469,8121.29173783577
216,32.7247684416981,30.7461631682651,29.8873026255451,0.285168465416732,0.813474664237795,1.14478788099863,1.28981492188022,0.941119997874353,0,29.994404766161,3.39115145442729,0.00223809353561251,30,0,0,0,5,0.900105744241373,7220.64016093053,7837.42879377484,8121.54267973127
216.5,32.7247684416981,30.7461631682651,29.8873026255451,0.284789116942627,0.81358792730852,1.14476218827549,1.28993643028191,0.941119997874353,0,29.9932623602863,3.38996599044571,0.00223809353561251,30,0,0,0,5,0.898908368717709,7220.84372827214,7837.37924995458,8121.78451436212
217,32.7247684416981,30.7461631682651,29.8873026255451,0.284614443267264,0.813700520132337,1.14473240682068,1.29005346668231,0.941119997874353,0,29.9921477021572,3.3894201352102,0.00223809353561251,30,0,0,0,5,0.898357028728792,7221.04609575141,7837.32182209114,8122.01745460187
217.5,32.7247684416981,30.7461631682651,29.8873026255451,0.284732793847964,0.813812444255978,1.14469880944181,1.2901661360421,0.941119997874353,0,29.9910600063196,3.38978998077489,0.00223809353561251,30,0,0,0,5,0.898730590501713,7221.24726606367,7837.25703638883,8122.2417086778
218,32.7247684416981,30.7461631682651,29.8873026255451,0.285186945442299,0.813923699278643,1.14466165229141,1.2902745410143,0.94276724062388,0,29.9899985119505,3.39120920450718,0.00400059521978591,30,0,0,0,0,0.900164074594072,7221.44723840444,7837.18538694018,8122.45748027
218.5,32.7247684416981,30.7461631682651,29.8873026255451,0.285796639717484,0.814034285656088,1.14462117587713,1.29037878199428,0.94276724062388,0,29.9889624820409,3.39311449911714,0.00400059521978591,30,0,0,0,0,0.902088513604266,7221.64601350929,7837.10733767117,8122.66496860828
219,32.7247684416981,30.7461631682651,29.8873026255451,0.286284917232913,0.814144207154805,1.14457760601093,1.29047895716866,0.94276724062388,0,29.9879512026074,3.39464036635285,0.00400059521978591,30,0,0,0,0,0.903629712753966,7221.84359806552,7837.02332416919,8122.86436856737
219.5,32.7247684416981,30.7461631682651,29.8873026255451,0.286425981116382,0.814253470726415,1.14453115470083,1.29057516256325,0.94276724062388,0,29.9869639819303,3.39508119098869,0.00400059521978591,30,0,0,0,5,0.904074966795748,7222.04000448703,7836.93375540077,8123.05587075987
220,32.7247684416981,30.7461631682651,29.8873026255451,0.286190463857336,0.814362085136854,1.14448202098844,1.29066749208993,0.944288504982637,0,29.9860001498175,3.39434519955418,0.00559994007298315,30,0,0,0,5,0.903331580119296,7222.23524845077,7836.83901532513,8123.23966162746
220.5,32.7247684416981,30.7461631682651,29.8873026255451,0.285749884929037,0.814470057989435,1.14443039173588,1.29075603759236,0.944288504982637,0,29.985059056894,3.39296839040324,0.00559994007298315,30,0,0,0,5,0.901940936790013,7222.4293435456,7836.73946441039,8123.41592352995
221,32.7247684416981,30.7461631682651,29.8873026255451,0.285260397135581,0.814577394680651,1.14437644236475,1.29084088889101,0.944288504982637,0,29.9841400739144,3.39143874104869,0.00559994007298315,30,0,0,0,5,0.900395917518747,7222.6222993949,7836.63544105768,8123.58483483283
221.5,32.7247684416981,30.7461631682651,29.8873026255451,0.284851528512415,0.814684098727592,1.1443203375505,1.2909221338269,0.944288504982637,0,29.9832425911001,3.3901610266013,0.00559994007298315,30,0,0,0,5,0.899105364596585,7222.81412224471,7836.52726293945,8123.74656999257
222,32.7247684416981,30.7461631682651,29.8873026255451,0.284628883220281,0.814790172028104,1.14426223187453,1.29099985830455,0.945698462467476,0,29.9823660174982,3.38946526006338,0.00705359300071962,30,0,0,0,5,0.898402606996493,7223.00481543107,7836.41522825643,8123.90129964035
222.5,32.7247684416981,30.7461631682651,29.8873026255451,0.2846824122353,0.81489561583646,1.14420227043675,1.29107414633403,0.945698462467476,0,29.9815097803621,3.38963253823531,0.00705359300071962,30,0,0,0,5,0.898571565979501,7223.19438113372,7836.29961691856,8124.04919066402
223,32.7247684416981,30.7461631682651,29.8873026255451,0.285074062515415,0.81500043002715,1.14414058943127,1.29114508007203,0.945698462467476,0,29.9806733245535,3.39085644536067,0.00705359300071962,30,0,0,0,0,0.899807770923657,7223.38281905242,7836.1806916549,8124.1904062884
223.5,32.7247684416981,30.7461631682651,29.8873026255451,0.28567623200398,0.81510461429687,1.14407731668689,1.29121273986208,0.945698462467476,0,29.9798561119648,3.39273822501244,0.00705359300071962,30,0,0,0,0,0.901708458697362,7223.5701285677,7836.05869905586,8124.32510615371
224,32.7247684416981,30.7461631682651,29.8873026255451,0.286208663491821,0.815208171474515,1.14401257217494,1.29127720427398,0.947009951367704,0,29.9790576209604,3.39440207341194,0.00837695161584691,30,0,0,0,0,0.903389025445582,7223.75631469193,7835.93387055247,8124.45344639268
224.5,32.7247684416981,30.7461631682651,29.8873026255451,0.286432675268465,0.815311107709815,1.1439464684864,1.29133855014218,0.947009951367704,0,29.9782773458372,3.39510211021395,0.00837695161584691,30,0,0,0,5,0.904096096217384,7223.94138840912,7835.80642333649,8124.57557970557
225,32.7247684416981,30.7461631682651,29.8873026255451,0.286259472196902,0.815413431381233,1.14387911127998,1.29139685260362,0.947009951367704,0,29.9775147963042,3.39456085061532,0.00837695161584691,30,0,0,0,5,0.903549398042302,7224.12536471191,7835.67656122472,8124.69165543424
225.5,32.6953225890141,30.7461631682651,29.8873026255451,0.285846508060738,0.81551515029476,1.14381059970315,1.29145218513448,0.947009951367704,0,29.976769496978,3.39327033768981,0.00837695161584691,30,0,0,0,5,0.902245918042913,7224.30825756534,7835.54447547097,8124.80181963403
226,32.6953225890141,30.7461631682651,29.8873026255451,0.28535562996088,0.815616270033938,1.14374102678748,1.29150461958632,0.948234442468333,0,29.9760404149115,3.39173634362775,0.00958383403540921,30,0,0,0,5,0.900696510408521,7224.4900769399,7835.41034552871,8124.9062151446
226.5,32.6953225890141,30.7461631682651,29.8873026255451,0.284921458353891,0.815716794244272,1.14367047981998,1.29155422622132,0.948234442468333,0,29.975326567982,3.39037955735591,0.00958383403540921,30,0,0,0,5,0.89932609114822,7224.67082932254,7835.27433976747,8125.00498165888
227,32.6953225890141,30.7461631682651,29.8873026255451,0.284654190779166,0.815816724906341,1.14359904069208,1.29160107374683,0.948234442468333,0,29.9746275764358,3.3895443461849,0.00958383403540921,30,0,0,0,5,0.898482487775361,7224.85051820733,7835.13661614591,8125.09825579088
227.5,32.6953225890141,30.7461631682651,29.8873026255451,0.284641891564489,0.815916062544987,1.14352678622724,1.29164522934907,0.948234442468333,0,29.9739430715351,3.38950591113903,0.00958383403540921,30,0,0,0,5,0.898443666534153,7225.02914447135,7834.99732284398,8125.18617114181
228,32.6953225890141,30.7461631682651,29.8873026255451,0.284969799448977,0.816014808804544,1.14345378848851,1.2916867587262,0.949386465417092,0,29.9732726952052,3.39053062327805,0.0106909219179357,30,0,0,0,0,0.899478674980751,7225.20671100526,7834.85659885633,8125.26885836481
228.5,32.6953225890141,30.7461631682651,29.8873026255451,0.285552872762183,0.816112961289834,1.14338011506855,1.29172572612083,0.949386465417092,0,29.9726160996945,3.39235272738182,0.0106909219179357,30,0,0,0,0,0.901319087586556,7225.38321343623,7834.71457455178,8125.34644522895
229,32.6953225890141,30.7461631682651,29.8873026255451,0.286119913848736,0.81621052241034,1.14330582936034,1.29176219435139,0.949386465417092,0,29.9719729472457,3.3941247307773,0.0106909219179357,30,0,0,0,0,0.903108896072152,7225.55865603171,7834.57137219571,8125.41905668076
229.5,32.6953225890141,30.7461631682651,29.8873026255451,0.286422193102878,0.816307497494169,1.1432309908129,1.2917962248433,0.949386465417092,0,29.9713429097774,3.39506935344649,0.0106909219179357,30,0,0,0,5,0.904063010309923,7225.73304830855,7834.42710644346,8125.48681490542
230,32.6953225890141,30.7461631682651,29.8873026255451,0.286318987628944,0.816403894407032,1.14315565517087,1.29182787765919,0.950475623220427,0,29.9707256685776,3.39474683634045,0.0117097325689429,30,0,0,0,5,0.903737252552,7225.90640434834,7834.28188480265,8125.54983938626
230.5,32.6953225890141,30.7461631682651,29.8873026255451,0.285940101552846,0.816499721116461,1.14307987469971,1.29185721152851,0.950475623220427,0,29.9701209140062,3.39356281735264,0.0117097325689429,30,0,0,0,5,0.902541336541403,7226.07873841731,7834.13580806769,8125.60824696293
231,32.6953225890141,30.7461631682651,29.8873026255451,0.285453208982403,0.816594983419146,1.14300369839714,1.29188428387664,0.950475623220427,0,29.9695283452082,3.39204127807001,0.0117097325689429,30,0,0,0,5,0.901004508832058,7226.25006087904,7833.98897072783,8125.66215188865
231.5,32.6953225890141,30.7461631682651,29.8873026255451,0.284998134964888,0.816689685112711,1.14292717219184,1.29190915085313,0.950475623220427,0,29.9689476698365,3.39061917176528,0.0117097325689429,30,0,0,0,5,0.899568113203173,7226.42037850301,7833.84146135055,8125.71166588582
232,32.6953225890141,30.7461631682651,29.8873026255451,0.28468976200557,0.816783828281403,1.1428503391299,1.2919318673595,0.951508466415135,0,29.9683786037836,3.38965550626741,0.0126485584865677,30,0,0,0,5,0.898594764794382,7226.58969497808,7833.69336294144,8125.75689820075
232.5,32.6953225890141,30.7461631682651,29.8873026255451,0.284620422562801,0.81687741351814,1.14277323955022,1.29195248707637,0.951508466415135,0,29.9678208709227,3.38943882050875,0.0126485584865677,30,0,0,0,5,0.898375901777225,7226.7580113115,7833.5447532826,8125.79795565703
233,32.6953225890141,30.7461631682651,29.8873026255451,0.28487673610777,0.816970442002538,1.14269591124884,1.29197106248998,0.951508466415135,0,29.9672742028571,3.39023980033678,0.0126485584865677,30,0,0,0,0,0.899184929850566,7226.92532956617,7833.39570524978,8125.83494270787
233.5,32.6953225890141,30.7461631682651,29.8873026255451,0.285428706281384,0.817062911628588,1.14261838963415,1.29198764491833,0.951508466415135,0,29.966738338678,3.39196470712933,0.0126485584865677,30,0,0,0,0,0.900927168506562,7227.09164589594,7833.24628711199,8125.86796148753
234,32.6953225890141,30.7749311658977,29.8873026255451,0.28602042631924,0.817154823688663,1.14254070787167,1.29200228453641,0.952490774559237,0,29.9662130247306,3.39381383224762,0.0135147901077573,30,0,0,0,0,0.902794873634049,7227.25696256718,7833.09656281073,8125.89711186113
234.5,32.6953225890141,30.7749311658977,29.8873026255451,0.286393263283164,0.817246182659732,1.14246289702072,1.29201503040125,0.952490774559237,0,29.9664825176831,3.39497894775989,0.0135147901077573,30,0,0,0,0,0.903971696226979,7227.42128757495,7832.94659222395,8125.92249147402
235,32.6953225890141,30.7749311658977,29.8873026255451,0.286367575682296,0.817336995835408,1.14238498616271,1.29202593047619,0.952490774559237,0,29.966735009058,3.39489867400717,0.0135147901077573,30,0,0,0,5,0.903890615883598,7227.5846339816,7832.79643141344,8125.94419579968
235.5,32.6953225890141,30.7749311658977,29.8873026255451,0.286029463675371,0.817427271223815,1.14230700252149,1.29203503165476,0.952490774559237,0,29.9669711993896,3.39384207398554,0.0135147901077573,30,0,0,0,5,0.902823399144942,7227.74701613606,7832.64613285719,8125.96231818676
236,32.6953225890141,30.7749311658977,29.8873026255451,0.285552140344485,0.817517014874324,1.14222897157648,1.29204237978391,0.952235923925286,0,29.9671917633904,3.39235043857652,0.0131232946438558,30,0,0,0,5,0.901316775783332,7227.90844486526,7832.49574566772,8125.97694990513
236.5,32.6953225890141,30.7749311658977,29.8873026255451,0.28508075156423,0.817606230760004,1.14215091716887,1.2920480196869,0.952235923925286,0,29.9673973508649,3.39087734863822,0.0131232946438558,30,0,0,0,5,0.899828884237336,7228.06892726239,7832.34531579697,8125.98818019083
237,32.6953225890141,30.7749311658977,29.8873026255451,0.284734960503246,0.817694921089567,1.14207286160139,1.29205199518547,0.952235923925286,0,29.9675885875918,3.38979675157264,0.0131232946438558,30,0,0,0,5,0.898737429332446,7228.22846724763,7832.19488622888,8125.99609629012
237.5,32.6953225890141,30.7749311658977,29.8873026255451,0.284611442901755,0.817783086542133,1.14199482573205,1.29205434912174,0.952235923925286,0,29.967766076175,3.38941075906799,0.0131232946438558,30,0,0,0,5,0.8983475583751,7228.38706599019,7832.04449716023,8126.00078350251
238,32.6953225890141,30.7749311658977,29.8873026255451,0.284797430857007,0.817870727919084,1.14191682906193,1.29205512337954,0.952080214261173,0,29.967930396865,3.38999197142815,0.0128278412539999,30,0,0,0,5,0.898934610757057,7228.54472487963,7831.89418617021,8126.00232522308
238.5,32.6953225890141,30.7749311658977,29.8873026255451,0.285305959778093,0.817957843438925,1.14183888981833,1.29205435890524,0.952080214261173,0,29.9680821083521,3.39158112430654,0.0128278412539999,30,0,0,0,0,0.900539731443571,7228.70144065944,7831.74398838069,8126.00080298365
239,32.6953225890141,30.7749311658977,29.8873026255451,0.285912032582049,0.818044433386978,1.14176102503209,1.29205209572828,0.952080214261173,0,29.9682217485317,3.3934751018189,0.0128278412539999,30,0,0,0,0,0.902452739641979,7228.85721379135,7831.59393660556,8125.99629649324
239.5,32.6953225890141,30.7749311658977,29.8873026255451,0.286346989049099,0.818130501376965,1.14168325061071,1.29204837298108,0.952080214261173,0,29.9683498352427,3.39483434077844,0.0128278412539999,30,0,0,0,0,0.903825636234577,7229.01205072532,7831.44406149177,8125.98888367761
240,32.6953225890141,30.7749311658977,29.8873026255451,0.286403751995181,0.818216054048614,1.14160558140694,1.29204322891867,0.952008908558014,0,29.9684668669807,3.39501172498494,0.0126132532077236,30,0,0,0,5,0.904004802797589,7229.16596335602,7831.29439165174,8125.97864071805
240.5,32.6953225890141,30.7749311658977,29.8873026255451,0.286113348304404,0.818301099346438,1.14152803128322,1.29203670093778,0.952008908558014,0,29.968573323586,3.39410421345126,0.0126132532077236,30,0,0,0,5,0.90308817258802,7229.31896592672,7831.14495378768,8125.96564208911
241,32.6953225890141,30.7749311658977,29.8873026255451,0.285651390416254,0.818385643589838,1.14145061317212,1.29202882559565,0.952008908558014,0,29.9686696669074,3.39266059505079,0.0126132532077236,30,0,0,0,5,0.901630048709863,7229.47106975821,7830.99577280822,8125.94996059588
241.5,32.6953225890141,30.7749311658977,29.8873026255451,0.285168465416647,0.818469690950562,1.14137333913312,1.29201963862824,0.952008908558014,0,29.9687563414435,3.39115145442702,0.0126132532077236,30,0,0,0,5,0.900105744241106,7229.62228230841,7830.84687193796,8125.93166741003
242,32.6953225890141,30.7749311658977,29.8873026255451,0.284789116942592,0.818553243782366,1.14129622040598,1.29200917496819,0.952009306968648,0,29.9688337749606,3.3899659904456,0.0124664900157583,30,0,0,0,5,0.898908368717596,7229.77260776515,7830.69827282054,8125.91083210539
242.5,32.6953225890141,30.7749311658977,29.8873026255451,0.284614443267283,0.818636302868611,1.14121926746078,1.29199746876238,0.952009306968648,0,29.9689023790904,3.38942013521026,0.0124664900157583,30,0,0,0,5,0.898357028728852,7229.92204749136,7830.54999561508,8125.88752269269
243,32.6953225890141,30.7749311658977,29.8873026255451,0.28473279384796,0.818718868709159,1.14114249004493,1.29198455338893,0.952009306968648,0,29.9689625499053,3.38978998077488,0.0124664900157583,30,0,0,0,5,0.898730590501702,7230.07060234026,7830.40205908693,8125.86180565334
243.5,32.6953225890141,30.7749311658977,29.8873026255451,0.285186945442828,0.818800939861832,1.14106589722754,1.29197046147417,0.952009306968648,0,29.9690146684749,3.39120920450884,0.0124664900157583,30,0,0,0,0,0.900164074595742,7230.21826967112,7830.25448069338,8125.83374597295
244,32.6953225890141,30.7749311658977,29.8873026255451,0.285796639717894,0.818882515747475,1.14098949744082,1.29195522490891,0.95207047351164,0,29.9690591014023,3.39311449911842,0.0123763594390738,30,0,0,0,0,0.902088513605562,7230.36504839615,7830.10727666341,8125.8034071736
244.5,32.6953225890141,30.7749311658977,29.8873026255451,0.286284917233233,0.818963599105014,1.14091329851916,1.29193887486455,0.95207047351164,0,29.969096201342,3.39464036635385,0.0123763594390738,30,0,0,0,0,0.903629712754976,7230.51094339814,7829.96046207313,8125.77085134589
245,32.6953225890141,30.7749311658977,29.8873026255451,0.286425981116584,0.819044195865666,1.14083730773583,1.29192144180884,0.95207047351164,0,29.9691263074991,3.39508119098933,0.0123763594390738,30,0,0,0,5,0.904074966796387,7230.65596530455,7829.81405091662,8125.73613917999
245.5,32.6953225890141,30.7749311658977,29.8873026255451,0.286190463855977,0.819124313781657,1.14076153183741,1.29190295552122,0.95207047351164,0,29.9691497461124,3.39434519954993,0.0123763594390738,30,0,0,0,5,0.903331580115006,7230.80012802056,7829.66805617237,8125.69932999626
246,32.6953225890141,30.7749311658977,29.8873026255451,0.285749884928174,0.819203959448057,1.14068597707619,1.29188344510787,0.952182998947819,0,29.9691668309186,3.39296839040054,0.0123332676325447,30,0,0,0,5,0.901940936787289,7230.94344337032,7829.52248986574,8125.660481775
246.5,32.6953225890141,30.7749311658977,29.8873026255451,0.285260397135541,0.819283137258383,1.14061064924042,1.29186293901645,0.952182998947819,0,29.9691778636023,3.39143874104857,0.0123332676325447,30,0,0,0,5,0.900395917518623,7231.08591921743,7829.37736312739,8125.61965118567
247,32.6953225890141,30.7749311658977,29.8873026255451,0.284851528512453,0.819361849731951,1.14053555368291,1.29184146505041,0.952182998947819,0,29.9691831342287,3.39016102660142,0.0123332676325447,30,0,0,0,5,0.899105364596707,7231.22756005365,7829.23268624836,8125.57689361538
247.5,32.6953225890141,30.7749311658977,29.8873026255451,0.2846288832204,0.819440097774185,1.14046069534771,1.29181905038312,0.952182998947819,0,29.9691829216619,3.38946526006375,0.0123332676325447,30,0,0,0,5,0.898402606996872,7231.36836746707,7829.08846873165,8125.53226319688
248,32.6953225890141,30.7749311658977,29.8873026255451,0.284682412235425,0.819517881652586,1.14038607879523,1.29179572157162,0.952338795070091,0,29.9691774939684,3.3896325382357,0.0123290024126462,30,0,0,0,5,0.898571565979896,7231.50834189815,7828.94471934062,8125.48581283584
248.5,32.6953225890141,30.7749311658977,29.8873026255451,0.285074062515603,0.81959520026024,1.14031170822596,1.2917715045701,0.952338795070091,0,29.9691671088063,3.39085644536126,0.0123290024126462,30,0,0,0,0,0.899807770924251,7231.64748131425,7828.80144614477,8125.43759423759
249,32.6953225890141,30.7749311658977,29.8873026255451,0.285676232004411,0.819672052318242,1.14023758750267,1.29174642474309,0.952338795070091,0,29.9691520138013,3.39273822501378,0.0123290024126462,30,0,0,0,0,0.901708458698722,7231.78578337335,7828.65865656252,8125.38765793343
249.5,32.6953225890141,30.7749311658977,29.8873026255451,0.286208663492299,0.819748439686684,1.14016372017116,1.29172050687831,0.952338795070091,0,29.9691324469087,3.39440207341343,0.0123290024126462,30,0,0,0,0,0.903389025447093,7231.92325138254,7828.51635740136,8125.33605330602
250,32.6953225890141,30.7749311658977,29.8873026255451,0.286432675268842,0.819824367553364,1.14009010947998,1.29169377519941,0.952530916278533,0,29.9691086367636,3.39510211021513,0.0123565452945797,30,0,0,0,5,0.904096096218572,7232.05989463813,7828.37455489574,8125.28282861476
250.5,32.6953225890141,30.7749311658977,29.8873026255451,0.28625947219678,0.819899843341161,1.1400167583989,1.29166625337822,0.952530916278533,0,29.9690808030179,3.39456085061494,0.0123565452945797,30,0,0,0,5,0.903549398041915,7232.19572645969,7828.23325474279,8125.22803102006
251,32.6953225890141,30.7749311658977,29.8873026255451,0.285846508060564,0.819974873905993,1.13994366963612,1.29163796454686,0.952530916278533,0,29.9690491566664,3.39327033768926,0.0123565452945797,30,0,0,0,5,0.902245918042363,7232.33075914751,7828.09246213553,8125.17170660748
251.5,32.6953225890141,30.7749311658977,29.8873026255451,0.285355629960816,0.820049463886116,1.13987084565452,1.2916089313096,0.952530916278533,0,29.969013900361,3.39173634362755,0.0123565452945797,30,0,0,0,5,0.900696510408319,7232.46500101163,7827.95218179414,8125.11390041126
252,32.6953225890141,30.7749311658977,29.8873026255451,0.284921458353966,0.820123615986769,1.13979828868688,1.29157917575437,0.952753404843293,0,29.9689752287132,3.39037955735614,0.012409908514735,30,0,0,0,5,0.899326091148457,7232.59845688385,7827.81241799537,8125.05465643713
252.5,32.6953225890141,30.7749311658977,29.8873026255451,0.284654190779436,0.820197331253192,1.13972600075018,1.29154871946405,0.952753404843293,0,29.9689333285871,3.38954434618574,0.012409908514735,30,0,0,0,5,0.898482487776211,7232.73112860883,7827.67317460012,8124.99401768489
253,32.6953225890141,30.7749311658977,29.8873026255451,0.284641891564729,0.820270609280048,1.13965398365898,1.29151758352756,0.952753404843293,0,29.9688883793817,3.38950591113978,0.012409908514735,30,0,0,0,5,0.898443666534912,7232.86301542076,7827.53445507925,8124.93202617034
253.5,32.6658877450266,30.7749311658977,29.8873026255451,0.284969799447827,0.820343450787301,1.13958223903782,1.29148578855053,0.952753404843293,0,29.9688405533025,3.39053062327446,0.012409908514735,30,0,0,0,0,0.899478674977122,7232.99411857938,7827.39626253747,8124.86872294655
254,32.6658877450266,30.7749311658977,29.8873026255451,0.285552872761707,0.820415852459624,1.13951076833378,1.2914533546662,0.953001385448488,0,29.968789443853,3.39235272738034,0.0124842224587866,30,0,0,0,0,0.901319087585053,7233.12443208168,7827.25859973756,8124.80414812549
254.5,32.6658877450266,30.7749311658977,29.8873026255451,0.28611991384898,0.820487815793331,1.1394395728268,1.29142030154548,0.953001385448488,0,29.9687346747185,3.39412473077806,0.0124842224587866,30,0,0,0,0,0.903108896072919,7233.25395858501,7827.12146912034,8124.73834089808
255,32.6658877450266,30.7749311658977,29.8873026255451,0.286422193103291,0.820559345209683,1.13936865364065,1.29138664840723,0.953001385448488,0,29.9686764518033,3.39506935344778,0.0124842224587866,30,0,0,0,5,0.904063010311228,7233.38270601183,7826.98487282577,8124.67133955459
255.5,32.6658877450266,30.7749311658977,29.8873026255451,0.286318987628939,0.820630447673689,1.13929801175274,1.29135241402815,0.953001385448488,0,29.9686149727724,3.39474683634043,0.0124842224587866,30,0,0,0,5,0.903737252551983,7233.51068686392,7826.84881271182,8124.60318150436
256,32.6658877450266,30.7749311658977,29.8873026255451,0.285940101552837,0.82070113025752,1.13922764800328,1.29131761675251,0.953275167811853,0,29.9685504273512,3.39356281735262,0.0125798290595299,30,0,0,0,5,0.902541336541375,7233.63791383693,7826.71329037227,8124.53390329516
256.5,32.6658877450266,30.7749311658977,29.8873026255451,0.285453208983326,0.82077139786709,1.139157563104,1.29128227450163,0.953275167811853,0,29.9684829976139,3.39204127807289,0.0125798290595299,30,0,0,0,5,0.90100450883497,7233.76439572812,7826.57830715338,8124.46354063194
257,32.6658877450266,30.7749311658977,29.8873026255451,0.284998134964605,0.820841253413892,1.13908775764622,1.29124640478313,0.953275167811853,0,29.9684128582626,3.39061917176439,0.0125798290595299,30,0,0,0,5,0.89956811320228,7233.89013774549,7826.44386416961,8124.39212839541
257.5,32.6658877450266,30.7749311658977,29.8873026255451,0.284689762006021,0.820910698100765,1.13901823210855,1.29121002470001,0.953275167811853,0,29.9683401768957,3.38965550626882,0.0125798290595299,30,0,0,0,5,0.898594764795805,7234.01514202176,7826.30996231831,8124.31970065994
258,32.6658877450266,30.7749311658977,29.8873026255451,0.284620422564598,0.820979731643976,1.13894898686395,1.29117315095955,0.953571984539053,0,29.9682651142676,3.38943882051437,0.0126939542929492,30,0,0,0,5,0.898375901782896,7234.13940801407,7826.17660229342,8124.24629071138
258.5,32.6658877450266,30.7749311658977,29.8873026255451,0.284876736106476,0.821048354351843,1.13888002218631,1.2911357998819,0.953571984539053,0,29.9681878245391,3.39023980033274,0.0126939542929492,30,0,0,0,0,0.899184929846482,7234.26293624543,7826.04378459809,8124.17193106412
259,32.6658877450266,30.7749311658977,29.8873026255451,0.285428706280176,0.821116563251278,1.13881133825727,1.29109798740871,0.953571984539053,0,29.9681084555189,3.39196470712555,0.0126939542929492,30,0,0,0,0,0.900927168502747,7234.38572133209,7825.91150955801,8124.09665347828
259.5,32.6658877450266,30.7749311658977,29.8873026255451,0.286020426319627,0.821184358773736,1.13874293517167,1.29105972911141,0.953571984539053,0,29.9680271488966,3.39381383224883,0.0126939542929492,30,0,0,0,0,0.902794873635271,7234.50776401894,7825.77977733165,8124.02048897616
260,32.6658877450266,30.7749311658977,29.8873026255451,0.286393263284325,0.82125174454131,1.13867481294339,1.29102104019925,0.953887621827676,0,29.9679440404676,3.39497894776352,0.0128223838129756,30,0,0,0,0,0.903971696230644,7234.62907079487,7825.64858792173,8123.94346785827
260.5,32.6658877450266,30.7749311658977,29.8873026255451,0.286367575681625,0.821318726998602,1.1386069715106,1.29098193552744,0.953887621827676,0,29.9678592603501,3.39489867400508,0.0128223838129756,30,0,0,0,5,0.90389061588148,7234.74965323048,7825.51794118526,8123.86561971956
261,32.6658877450266,30.7749311658977,29.8873026255451,0.286029463673682,0.821385313309946,1.13853941074073,1.2909424296048,0.953887621827676,0,29.9677729331944,3.39384207398026,0.0128223838129756,30,0,0,0,5,0.902823399139609,7234.8695241929,7825.38783684314,8123.78697346457
261.5,32.6658877450266,30.7749311658977,29.8873026255451,0.285552140344469,0.8214515086853,1.1384721304351,1.29090253660146,0.953887621827676,0,29.967685178385,3.39235043857647,0.0128223838129756,30,0,0,0,5,0.901316775783282,7234.98869303175,7825.25827448903,8123.70755732287
262,32.6658877450266,30.7749311658977,29.8873026255451,0.285080751565063,0.821517316262683,1.13840513033319,1.2908622703563,0.954218489342907,0,29.9675961102349,3.39087734864082,0.012961555906044,30,0,0,0,5,0.899828884239964,7235.10716536722,7825.12925359768,8123.62739886378
262.5,32.6658877450266,30.7749311658977,29.8873026255451,0.284734960503688,0.821582737420227,1.13833841011673,1.29082164438415,0.954218489342907,0,29.9675058381742,3.38979675157403,0.012961555906044,30,0,0,0,5,0.898737429333841,7235.22494365163,7825.00077353273,8123.54652501079
263,32.6658877450266,30.7749311658977,29.8873026255451,0.284611442901632,0.821647772010905,1.1382719694135,1.29078067188304,0.954218489342907,0,29.9674144669311,3.3894107590676,0.012961555906044,30,0,0,0,5,0.898347558374711,7235.3420275918,7824.87283355409,8123.46496205591
263.5,32.6658877450266,30.7749311658977,29.8873026255451,0.284797430857659,0.821712420014872,1.1382058078007,1.29073936574097,0.954218489342907,0,29.9673220967067,3.38999197143018,0.012961555906044,30,0,0,0,5,0.898934610759114,7235.45841712365,7824.7454328244,8123.38273567329
264,32.6658877450266,30.7749311658977,29.8873026255451,0.285305959779493,0.821776678833599,1.13813992480875,1.29069773854299,0.954561534418872,0,29.9672288233439,3.39158112431092,0.0131084706624563,30,0,0,0,0,0.900539731447993,7235.57410754066,7824.61857041639,8123.29987093314
264.5,32.6658877450266,30.7749311658977,29.8873026255451,0.285912032581416,0.821840547940756,1.13807431992412,1.29065580257772,0.954561534418872,0,29.9671347384901,3.39347510181693,0.0131084706624563,30,0,0,0,0,0.902452739639982,7235.68909786701,7824.49224531827,8123.21639231485
265,32.6658877450266,30.7749311658977,29.8873026255451,0.286346989047907,0.821904030144243,1.13800899259243,1.29061356984386,0.954561534418872,0,29.9670399297542,3.39483434077471,0.0131084706624563,30,0,0,0,0,0.903825636230814,7235.80339313011,7824.36645643977,8123.13232371994
265.5,32.6658877450266,30.7749311658977,29.8873026255451,0.286403751996968,0.821967131283456,1.13794394222128,1.29057105205665,0.954561534418872,0,29.9669444808582,3.39501172499053,0.0131084706624563,30,0,0,0,5,0.90400480280323,7235.9170038159,7824.24120261757,8123.04768848494
266,32.6658877450266,30.7749311658977,29.8873026255451,0.286113348303146,0.822029858507756,1.13787916818294,1.2905282606542,0.954914167708353,0,29.9668484717827,3.39410421344733,0.0132606112869297,30,0,0,0,5,0.90308817258405,7236.02994276964,7824.1164826205,8122.96250939388
266.5,32.6658877450266,30.7749311658977,29.8873026255451,0.285651390415455,0.822092217345538,1.13781466981681,1.29048520680346,0.954914167708353,0,29.9667519789084,3.3926605950483,0.0132606112869297,30,0,0,0,5,0.901630048707341,7236.14221991882,7823.99229515424,8122.87680869038
267,32.6658877450266,30.7749311658977,29.8873026255451,0.285168465415351,0.822154211181675,1.13775044643168,1.29044190140632,0.954914167708353,0,29.9666550751518,3.39115145442297,0.0132606112869297,30,0,0,0,5,0.900105744237013,7236.25384133214,7823.86863886571,8122.79060808964
267.5,32.6658877450266,30.803708418321,29.8873026255451,0.284789116942686,0.822215841587244,1.13768649730784,1.29039835510533,0.954914167708353,0,29.9665578300959,3.38996599044589,0.0132606112869297,30,0,0,0,5,0.898908368717895,7236.3648098129,7823.74551234714,8122.70392878994
268,32.6658877450266,30.803708418321,29.8873026255451,0.284614443267852,0.822277108567074,1.1376228216992,1.29035457828954,0.954960296512468,0,29.9672450657907,3.38942013521204,0.0131019736837231,30,0,0,0,5,0.898357028730648,7236.47512534455,7823.62291414013,8122.61679148424
268.5,32.6658877450266,30.803708418321,29.8873026255451,0.284732793847828,0.822338011847057,1.13755941883499,1.29031058109995,0.954960296512468,0,29.967905015783,3.38978998077446,0.0131019736837231,30,0,0,0,5,0.898730590501285,7236.58478740844,7823.50084273892,8122.529216371
269,32.6658877450266,30.803708418321,29.8873026255451,0.28518694544219,0.822398549215109,1.13749628792175,1.29026637343516,0.954960296512468,0,29.9685386744522,3.39120920450684,0.0131019736837231,30,0,0,0,0,0.900164074593728,7236.69379199644,7823.37929659425,8122.44122316554
269.5,32.6658877450266,30.803708418321,29.8873026255451,0.285796639718971,0.822458719327011,1.13743342814492,1.29022196495657,0.954960296512468,0,29.9691470010984,3.39311449912178,0.0131019736837231,30,0,0,0,0,0.90208851360896,7236.80213666311,7823.25827411647,8122.35283111027
270,32.6658877450266,30.803708418321,29.8873026255451,0.286284917234585,0.822518524162033,1.13737083867045,1.29017736509369,0.954170655402663,0,29.9697309211639,3.39464036635808,0.0121076315344567,30,0,0,0,0,0.903629712759245,7236.90982494756,7823.13777367847,8122.26405898546
270.5,32.6658877450266,30.803708418321,29.8873026255451,0.286425981116065,0.822577968897024,1.1373085186463,1.29013258304931,0.954170655402663,0,29.9702913274117,3.3950811909877,0.0121076315344567,30,0,0,0,5,0.904074966794748,7237.01686614709,7823.01779361877,8122.17492511936
271,32.6658877450266,30.803708418321,29.8873026255451,0.286190463856308,0.822637060534826,1.13724646720394,1.29008762780449,0.954170655402663,0,29.9708290810636,3.39434519955096,0.0121076315344567,30,0,0,0,5,0.90333158011605,7237.1232728477,7822.89833224433,8122.08544739819
271.5,32.6658877450266,30.803708418321,29.8873026255451,0.285749884930053,0.822695804925166,1.1371846834596,1.29004250812347,0.954170655402663,0,29.9713450128989,3.39296839040642,0.0121076315344567,30,0,0,0,5,0.901940936793219,7237.22905555971,7822.77938783291,8121.99564327604
272,32.6658877450266,30.803708418321,29.8873026255451,0.285260397134322,0.822754205720119,1.13712316651554,1.28999723255848,0.953520175532617,0,29.9718399243146,3.39143874104476,0.0112640302741795,30,0,0,0,5,0.900395917514774,7237.33422083662,7822.66095863555,8121.90552978431
272.5,32.6658877450266,30.803708418321,29.8873026255451,0.284851528511431,0.822812264701421,1.1370619154611,1.28995180945439,0.953520175532617,0,29.9723145883495,3.39016102659822,0.0112640302741795,30,0,0,0,5,0.899105364593481,7237.43877186434,7822.54304287865,8121.81512354111
273,32.6658877450266,30.803708418321,29.8873026255451,0.284628883219793,0.822869982040901,1.13700092937382,1.28990624695338,0.953520175532617,0,29.9727697506729,3.38946526006185,0.0112640302741795,30,0,0,0,5,0.898402606994955,7237.54270892991,7822.42563876601,8121.72444076043
273.5,32.6658877450266,30.803708418321,29.8873026255451,0.284682412236035,0.822927357276655,1.13694020732028,1.28986055299929,0.953520175532617,0,29.9732061305378,3.38963253823761,0.0112640302741795,30,0,0,0,5,0.89857156598182,7237.6460311793,7822.30874448059,8121.63349726094
274,32.6658877450266,30.803708418321,29.8873026255451,0.28507406251561,0.822984388576334,1.13687974835724,1.28981473534213,0.952989469237082,0,29.9736244217031,3.39085644536128,0.0105502313187458,30,0,0,0,0,0.899807770924273,7237.74873529058,7822.19235818657,8121.54230847491
274.5,32.6658877450266,30.803708418321,29.8873026255451,0.285676232002656,0.823041073939846,1.13681955153241,1.2897688015423,0.952989469237082,0,29.9740252933221,3.3927382250083,0.0105502313187458,30,0,0,0,0,0.901708458693184,7237.85081763974,7822.07647803091,8121.45088945669
275,32.6658877450266,30.803708418321,29.8873026255451,0.28620866349178,0.823097414511235,1.13675961588536,1.28972275897489,0.952989469237082,0,29.9744093908011,3.39440207341181,0.0105502313187458,30,0,0,0,0,0.903389025445454,7237.95228026495,7821.96110214509,8121.35925489114
275.5,32.6658877450266,30.803708418321,29.8873026255451,0.286432675269957,0.823153414767225,1.13669994044826,1.2896766148337,0.952989469237082,0,29.9747773366281,3.39510211021862,0.0105502313187458,30,0,0,0,5,0.904096096222092,7238.05313120649,7821.84622864651,8121.26741910183
276,32.6658877450266,30.803708418321,29.8873026255451,0.286259472198086,0.823209081424443,1.13664052424677,1.28963037613537,0.952561768806845,0,29.9751297311728,3.39456085061902,0.00994810753088586,30,0,0,0,5,0.903549398046037,7238.15338253907,7821.73185564025,8121.17539605915
276.5,32.6658877450266,30.803708418321,29.8873026255451,0.285846508060298,0.823264420636515,1.13658136630067,1.28958404972326,0.952561768806845,0,29.9754671534585,3.39327033768843,0.00994810753088586,30,0,0,0,5,0.902245918041525,7238.25304532414,7821.61798122019,8121.08319938807
277,32.6658877450266,30.803708418321,29.8873026255451,0.285355629961406,0.823319436343032,1.1365224656245,1.28953764227133,0.952561768806845,0,29.9757901619081,3.39173634362939,0.00994810753088586,30,0,0,0,5,0.900696510410181,7238.35212663636,7821.50460347038,8120.99084237593
277.5,32.6658877450266,30.803708418321,29.8873026255451,0.284921458355769,0.823374130554246,1.13646382122814,1.28949116028786,0.952561768806845,0,29.9760992950633,3.39037955736178,0.00994810753088586,30,0,0,0,5,0.899326091154149,7238.45063007611,7821.39172046604,8120.89833797979
278,32.6658877450266,30.803708418321,29.8873026255451,0.284654190778746,0.823428503624155,1.13640543211738,1.2894446101192,0.95222257756609,0,29.9763950722793,3.38954434618358,0.00944197108826899,30,0,0,0,5,0.898482487774035,7238.54855626113,7821.27933027469,8120.80569883393
278.5,32.6658877450266,30.803708418321,29.8873026255451,0.284641891563579,0.823482554459846,1.13634729729442,1.28939799795329,0.95222257756609,0,29.9766779943959,3.38950591113619,0.00944197108826899,30,0,0,0,5,0.898443666531282,7238.64590320333,7821.16743095714,8120.7129372569
279,32.6658877450266,30.803708418321,29.8873026255451,0.284969799449072,0.823536283098181,1.136289415758,1.28935132982312,0.95222257756609,0,29.9769485443841,3.39053062327835,0.00944197108826899,30,0,0,0,0,0.899478674981052,7238.74267094947,7821.05602056772,8120.62006525833
279.5,32.6658877450266,30.803708418321,29.8873026255451,0.285552872760905,0.823589685543718,1.13623178650472,1.28930461161045,0.95222257756609,0,29.9772071879715,3.39235272737783,0.00944197108826899,30,0,0,0,0,0.901319087582521,7238.83885228392,7820.94509715681,8120.5270945465
280,32.6658877450266,30.803708418321,29.8873026255451,0.286119913848602,0.823642762617909,1.13617440852867,1.28925784904886,0.951959367067616,0,29.9774543742455,3.39412473077688,0.00901825030181556,30,0,0,0,0,0.903108896071728,7238.93444866654,7820.83465877011,8120.43403653429
280.5,32.6658877450266,30.803708418321,29.8873026255451,0.286422193101521,0.823695518071833,1.13611728082214,1.28921104772726,0.951959367067616,0,29.9776905362354,3.39506935344225,0.00901825030181556,30,0,0,0,5,0.90406301030564,7239.029466834,7820.72470345009,8120.34090234622
281,32.6658877450266,30.803708418321,29.8873026255451,0.286318987628717,0.823747958204806,1.13606040237621,1.28916421309309,0.951959367067616,0,29.9779160914746,3.39474683633974,0.00901825030181556,30,0,0,0,5,0.903737252551282,7239.12391811306,7820.61522923699,8120.24770282482
281.5,32.6658877450266,30.803708418321,29.8873026255451,0.285940101554015,0.823800089427303,1.13600377218091,1.28911735045545,0.951959367067616,0,29.9781314425434,3.3935628173563,0.00901825030181556,30,0,0,0,5,0.902541336545091,7239.21781403134,7820.50623416929,8120.15444853693
282,32.6658877450266,30.803708418321,29.8873026255451,0.28545320898331,0.823851915986918,1.13594738922569,1.28907046498822,0.951761314348119,0,29.9783369775925,3.39204127807284,0.00866520896301211,30,0,0,0,5,0.90100450883492,7239.31116222133,7820.39771628444,8120.06114977986
282.5,32.6658877450266,30.803708418321,29.9158045746618,0.284998134964738,0.823903440140307,1.13589125249962,1.28902356173306,0.951761314348119,0,29.9785330708485,3.39061917176481,0.00866520896301211,30,0,0,0,5,0.899568113202701,7239.40396672989,7820.2896736194,8119.9678165874
283,32.6658877450266,30.803708418321,29.9158045746618,0.284689762006847,0.823954662438944,1.13583536099172,1.28897664560239,0.951761314348119,0,29.9787200831026,3.3896555062714,0.00866520896301211,30,0,0,0,5,0.898594764798412,7239.49622853277,7820.18210421115,8119.8744587357
283.5,32.6658877450266,30.803708418321,29.9158045746618,0.284620422564575,0.824005581951231,1.13577971369117,1.28892972138222,0.951761314348119,0,29.9788983621807,3.3894388205143,0.00866520896301211,30,0,0,0,5,0.898375901782826,7239.58794593451,7820.07500609718,8119.78108574904
284,32.6658877450266,30.803708418321,29.9158045746618,0.284876736107357,0.824056198341652,1.13572430958733,1.28888279373491,0.951619073952315,0,29.9790682433993,3.39023980033549,0.00837270264029968,30,0,0,0,0,0.899184929849263,7239.67911831335,7819.96837731551,8119.68770690526
284.5,32.6658877450266,30.803708418321,29.9158045746618,0.28542870628021,0.824106507996382,1.13566914767056,1.28883586720218,0.951619073952315,0,29.9792300500033,3.39196470712566,0.00837270264029968,30,0,0,0,0,0.900927168502854,7239.76973914252,7819.8622159062,8119.59433124172
285,32.6658877450266,30.803708418321,29.9158045746618,0.286020426319557,0.824156510710647,1.13561422693189,1.28878894620757,0.951619073952315,0,29.9793840935908,3.39381383224862,0.00837270264029968,30,0,0,0,0,0.902794873635049,7239.85980803573,7819.75651991083,8119.50096756027
285.5,32.6658877450266,30.803708418321,29.9158045746618,0.28639326328174,0.824206209474866,1.13555954636349,1.28874203505915,0.951619073952315,0,29.9795306745212,3.39497894775544,0.00837270264029968,30,0,0,0,0,0.903971696222485,7239.94933036236,7819.65128737328,8119.40762443268
286,32.6658877450266,30.803708418321,29.9158045746618,0.286367575681629,0.824255610106238,1.13550510495888,1.28869513795227,0.951524580156843,0,29.9796700823106,3.39489867400509,0.00813196707577788,30,0,0,0,5,0.903890615881494,7240.03831658402,7819.54651634021,8119.31431020601
286.5,32.6658877450266,30.803708418321,29.9158045746618,0.286029463674319,0.824304719145582,1.13545090171318,1.28864825897189,0.951524580156843,0,29.9798025960125,3.39384207398225,0.00813196707577788,30,0,0,0,5,0.902823399141622,7240.12677846637,7819.44220486156,8119.22103300739
287,32.6658877450266,30.803708418321,29.9158045746618,0.285552140344429,0.824353541182623,1.13539693562321,1.28860140209521,0.951524580156843,0,29.979928484586,3.39235043857634,0.00813196707577788,30,0,0,0,5,0.901316775783156,7240.21472426103,7819.33835099067,8119.12780074918
287.5,32.6658877450266,30.803708418321,29.9158045746618,0.285080751565405,0.82440207873833,1.13534320568771,1.28855457119404,0.951524580156843,0,29.9800480072503,3.39087734864189,0.00813196707577788,30,0,0,0,5,0.899828884241046,7240.3021584934,7819.23495278471,8119.03462113371
288,32.6658877450266,30.803708418321,29.9158045746618,0.284734960502309,0.824450332577107,1.13528971090736,1.28850777003712,0.951470875408859,0,29.980161413828,3.38979675156972,0.00793543446879141,30,0,0,0,5,0.898737429329488,7240.38908252491,7819.1320083048,8118.94150165795
288.5,32.6658877450266,30.803708418321,29.9158045746618,0.284611442901717,0.824498301941484,1.13523645028496,1.28846100229249,0.951470875408859,0,29.9802689450755,3.38941075906786,0.00793543446879141,30,0,0,0,5,0.898347558374979,7240.47549497558,7819.02951561627,8118.84844961815
289,32.6658877450266,30.803708418321,29.9158045746618,0.284797430858487,0.824545986204858,1.13518342282537,1.28841427152968,0.951470875408859,0,29.9803708330024,3.38999197143277,0.00793543446879141,30,0,0,0,5,0.89893461076173,7240.56139470124,7818.92747278857,8118.75547211434
289.5,32.6658877450266,30.803708418321,29.9158045746618,0.285305959779534,0.824593382164979,1.13513062753599,1.28836758122204,0.951470875408859,0,29.9804673011796,3.39158112431104,0.00793543446879141,30,0,0,0,0,0.900539731448122,7240.64677591783,7818.82587789619,8118.66257605483
290,32.6658877450266,30.803708418321,29.9158045746618,0.285912032581425,0.824640488695834,1.13507806342652,1.28832093474877,0.951451961521116,0,29.980558565037,3.39347510181695,0.00777657398521967,30,0,0,0,0,0.902452739640009,7240.73163658146,7818.72472901821,8118.5697681604
290.5,32.6658877450266,30.803708418321,29.9158045746618,0.286346989047969,0.82468730800989,1.13502572950924,1.28827433539723,0.951451961521116,0,29.9806448321501,3.3948343407749,0.00777657398521967,30,0,0,0,0,0.903825636231008,7240.81598066248,7818.62402423882,8118.47705496871
291,32.6658877450266,30.803708418321,29.9158045746618,0.286403751996974,0.824733845355269,1.13497362479915,1.28822778636479,0.951451961521116,0,29.9807263025177,3.39501172499055,0.00777657398521967,30,0,0,0,5,0.90400480280325,7240.89981760023,7818.52376164761,8118.38444283826
291.5,32.6658877450266,30.803708418321,29.9158045746618,0.28611334830414,0.824780107293783,1.13492174831408,1.28818129076111,0.951451961521116,0,29.9808031688291,3.39410421345044,0.00777657398521967,30,0,0,0,5,0.903088172587189,7240.98315920118,7818.42393933977,8118.29193795273
292,32.6658877450266,30.803708418321,29.9158045746618,0.285651390415459,0.824826098769469,1.13487009907477,1.28813485161,0.951462670624323,0,29.9808756167222,3.39266059504831,0.0076497533111251,30,0,0,0,5,0.901630048707355,7241.06601435783,7818.32455541623,8118.19954632471
292.5,32.6658877450266,30.803708418321,29.9158045746618,0.285168465415923,0.824871822585792,1.13481867610494,1.28808847185134,0.951462670624323,0,29.9809438250326,3.39115145442476,0.0076497533111251,30,0,0,0,5,0.900105744238819,7241.14838810675,7818.22560798376,8118.10727379963
293,32.6658877450266,30.803708418321,29.9158045746618,0.284789116941914,0.824917279735553,1.13476747843131,1.28804215434306,0.951462670624323,0,29.9810079660344,3.38996599044348,0.0076497533111251,30,0,0,0,5,0.898908368715459,7241.23028222274,7818.12709515515,8118.01512605964
293.5,32.6658877450266,30.803708418321,29.9158045746618,0.284614443267879,0.824962469648409,1.13471650508364,1.28799590186291,0.951462670624323,0,29.9810682056719,3.38942013521212,0.0076497533111251,30,0,0,0,5,0.898357028730733,7241.3116956646,7818.02901504911,8117.92310862713
294,32.6658877450266,30.803708418321,29.9158045746618,0.284732793846805,0.825007391478457,1.13466575509471,1.2879497171103,0.951498553267925,0,29.981124703784,3.38978998077127,0.00755011848641232,30,0,0,0,5,0.898730590498057,7241.39262689469,7817.9313657903,8117.83122686843
294.5,32.6658877450266,30.803708418321,29.9158045746618,0.285186945442179,0.825052042444825,1.13461522750048,1.28790360270808,0.951498553267925,0,29.9811776143201,3.39120920450681,0.00755011848641232,30,0,0,0,0,0.900164074593692,7241.47307088934,7817.83414550971,8117.73948599734
295,32.6658877450266,30.803708418321,29.9158045746618,0.285796639718983,0.825096420638058,1.13456492134012,1.28785756120427,0.951498553267925,0,29.9812270855491,3.39311449912182,0.00755011848641232,30,0,0,0,0,0.902088513608998,7241.55302419475,7817.73735234457,8117.64789107862
295.5,32.6658877450266,30.803708418321,29.9158045746618,0.286284917234576,0.82514052747618,1.134514835656,1.28781159507381,0.951498553267925,0,29.9812732602604,3.39464036635805,0.00755011848641232,30,0,0,0,0,0.903629712759216,7241.63248935203,7817.64098443846,8117.55644703138
296,32.6658877450266,30.803708418321,29.9158045746618,0.286425981116176,0.82518436757881,1.13446496949384,1.28776570672014,0.951555781406796,0,29.9813162759585,3.39508119098805,0.00747348961660492,30,0,0,0,5,0.904074966795098,7241.71147467076,7817.54503994154,8117.46515863239
296.5,32.6364638817896,30.803708418321,29.9158045746618,0.286190463856965,0.825227947395082,1.13441532190278,1.28771989847697,0.951555781406796,0,29.9813562650506,3.39434519955302,0.00747348961660492,30,0,0,0,5,0.903331580118125,7241.78999175707,7817.44951701071,8117.37403051946
297,32.6364638817896,30.803708418321,29.9158045746618,0.285749884930094,0.825271272224196,1.13436589193544,1.28767417260974,0.951555781406796,0,29.9813927834691,3.39296839040654,0.00747348961660492,30,0,0,0,5,0.901940936793348,7241.8680501458,7817.35441380962,8117.28306719443
297.5,32.6364638817896,30.803708418321,29.9158045746618,0.285260397135222,0.825314345170422,1.13431667864789,1.28762853131731,0.951555781406796,0,29.9814254192501,3.39143874104757,0.00747348961660492,30,0,0,0,5,0.900395917517613,7241.9456554175,7817.2597285088,8117.19227302649
298,32.6364638817896,30.803708418321,29.9158045746618,0.284851528511417,0.825357167470655,1.13426768109969,1.28758297673334,0.951633056211449,0,29.9814543442887,3.39016102659818,0.00741826228453277,30,0,0,0,5,0.899105364593437,7242.0228097885,7817.16545928556,8117.10165225504
298.5,32.6364638817896,30.803708418321,29.9158045746618,0.284628883219798,0.825399738754782,1.13421889835388,1.28753751092788,0.951633056211449,0,29.9814797240282,3.38946526006187,0.00741826228453277,30,0,0,0,5,0.89840260699497,7242.09951257983,7817.07160432407,8117.01120899268
299,32.6364638817896,30.803708418321,29.9158045746618,0.284682412234488,0.825442058022074,1.13417032947687,1.28749213590871,0.951633056211449,0,29.981501717689,3.38963253823277,0.00741826228453277,30,0,0,0,5,0.898571565976937,7242.17576197634,7816.97816181511,8116.92094722809
299.5,32.6364638817896,30.803708418321,29.9158045746618,0.285074062515633,0.825484122904288,1.13412197353862,1.28744685362287,0.951633056211449,0,29.9815204784897,3.39085644536135,0.00741826228453277,30,0,0,0,0,0.899807770924345,7242.25155369892,7816.88512995643,8116.8308708289
300,32.6364638817896,30.803708418321,29.9158045746618,0.285676232002672,0.825525930868619,1.13407382961262,1.28740166595799,0.951731771499226,0,29.9815361538596,3.39273822500835,0.00738553845615684,30,0,0,0,0,0.901708458693235,7242.32688317186,7816.79250695269,8116.74098354445
300.5,32.6364638817896,30.803708418321,29.9158045746618,0.286208663491784,0.825567482530139,1.13402589677584,1.28735657474369,0.951731771499226,0,29.9815488856454,3.39440207341183,0.00738553845615684,30,0,0,0,0,0.903389025445468,7242.40175149129,7816.70029101541,8116.65128900855
301,32.6364638817896,30.803708418321,29.9158045746618,0.286432675270286,0.825608781840339,1.13397817410887,1.28731158175288,0.951731771499226,0,29.981558810309,3.39510211021964,0.00738553845615684,30,0,0,0,5,0.90409609622313,7242.47616576512,7816.60848036313,8116.56179074209
301.5,32.6364638817896,30.803708418321,29.9158045746618,0.286259472196097,0.825649834994113,1.13393066069592,1.28726668870315,0.951731771499226,0,29.9815660591201,3.3945608506128,0.00738553845615684,30,0,0,0,5,0.90354939803976,7242.55013714387,7816.51707322157,8116.47249215576
302,32.6364638817896,30.803708418321,29.9158045746618,0.285846508060292,0.825690647626366,1.13388335562488,1.28722189725797,0.951848619241673,0,29.9815707583404,3.39327033768841,0.00737169666383011,30,0,0,0,5,0.902245918041505,7242.62367576949,7816.42606782361,8116.38339655248
302.5,32.6364638817896,30.803708418321,29.9158045746618,0.285355629962074,0.825731223160573,1.13383625798735,1.287177209028,0.951848619241673,0,29.9815730294032,3.39173634363148,0.00737169666383011,30,0,0,0,5,0.900696510412291,7242.69678779958,7816.33546240939,8116.29450713005
303,32.6364638817896,30.803708418321,29.9158045746618,0.28492145835576,0.825771563093672,1.13378936687851,1.28713262557226,0.951848619241673,0,29.9815729890851,3.39037955736175,0.00737169666383011,30,0,0,0,5,0.899326091154119,7242.76947592062,7816.24525522607,8116.20582698342
303.5,32.6364638817896,30.803708418321,29.9158045746618,0.284654190778758,0.825811667269026,1.1337426813972,1.28708814839932,0.951848619241673,0,29.9815707496729,3.38954434618362,0.00737169666383011,30,0,0,0,5,0.898482487774073,7242.84173983963,7816.155444528,8116.11735910707
304,32.6364638817896,30.803708418321,29.9158045746618,0.284641891563609,0.825851534085909,1.13369620064591,1.28704377896851,0.951980565917211,0,29.9815664191241,3.38950591113628,0.00737343235037713,30,0,0,0,5,0.898443666531376,7242.91357666154,7816.06602857662,8116.02910639743
304.5,32.6364638817896,30.803708418321,29.9158045746618,0.28496979944907,0.825891163076555,1.13364992373039,1.28699951869088,0.951980565917211,0,29.9815601012219,3.39053062327834,0.00737343235037713,30,0,0,0,0,0.899478674981046,7242.98498553278,7815.97700563982,8115.94107165486
305,32.6364638817896,30.803708418321,29.9158045746618,0.285552872760886,0.825930549743222,1.13360384976046,1.28695536893062,0.951980565917211,0,29.9815518957253,3.39235272737777,0.00737343235037713,30,0,0,0,0,0.90131908758246,7243.05595833797,7815.88837399342,8115.85325758634
305.5,32.6364638817896,30.803708418321,29.9158045746618,0.286119913848642,0.825969694408887,1.13355797784928,1.28691133100587,0.951980565917211,0,29.981541898513,3.394124730777,0.00737343235037713,30,0,0,0,0,0.903108896071852,7243.12649564834,7815.80013191976,8115.76566680725
306,32.6364638817896,30.803708418321,29.9158045746618,0.286422193102177,0.826008600329606,1.13351230711366,1.28686740618997,0.95212501648723,0,29.9815302017233,3.3950693534443,0.00738791931067624,30,0,0,0,5,0.904063010307712,7243.19660332054,7815.71227770836,8115.67830184374
306.5,32.6364638817896,30.803708418321,29.9158045746618,0.286318987628601,0.826047273313038,1.13346683667414,1.28682359571243,0.95212501648723,0,29.9815168938883,3.39474683633938,0.00738791931067624,30,0,0,0,5,0.903737252550915,7243.26629180951,7815.624809656,8115.59116513467
307,32.6364638817896,30.803708418321,29.9158045746618,0.285940101554017,0.826085719280893,1.13342156565496,1.28677990075999,0.95212501648723,0,29.9815020600641,3.3935628173563,0.00738791931067624,30,0,0,0,5,0.902541336545099,7243.33557177609,7815.53772606672,8115.50425903383
307.5,32.6364638817896,30.803708418321,29.9158045746618,0.285453208981656,0.826123941994589,1.13337649318405,1.28673632247762,0.95212501648723,0,29.981485781956,3.39204127806767,0.00738791931067624,30,0,0,0,5,0.901004508829698,7243.40444998861,7815.45102525175,8115.41758581183
308,32.6364638817896,30.803708418321,29.9158045746618,0.284998134964728,0.826161943227083,1.133331618393,1.28669286196951,0.952279754459028,0,29.9814681380395,3.39061917176478,0.00741274478421161,30,0,0,0,5,0.899568113202669,7243.47292963239,7815.36470552951,8115.33114765807
308.5,32.6364638817896,30.803708418321,29.9158045746618,0.284689762006823,0.826199723048767,1.13328694041704,1.28664952029998,0.952279754459028,0,29.9814492036769,3.38965550627132,0.00741274478421161,30,0,0,0,5,0.898594764798336,7243.54101082477,7815.2787652255,8115.24494668262
309,32.6364638817896,30.803708418321,29.9158045746618,0.284620422564619,0.826237280049595,1.13324245839502,1.28660629849437,0.952279754459028,0,29.9814290512302,3.38943882051444,0.00741274478421161,30,0,0,0,5,0.898375901782964,7243.6086910153,7815.19320267231,8115.15898491798
309.5,32.6364638817896,30.803708418321,29.9158045746618,0.284876736107507,0.826274613418516,1.13319817146915,1.28656319754001,0.952279754459028,0,29.9814077501699,3.39023980033596,0.00741274478421161,30,0,0,0,0,0.899184929849737,7243.67596873295,7815.10801620909,8115.07326432095
310,32.6364638817896,30.803708418321,29.9158045746618,0.285428706280551,0.826311719068456,1.13315407878553,1.28652021838715,0.952442889936492,0,29.9813853671796,3.39196470712672,0.00744585312817918,30,0,0,0,0,0.900927168503931,7243.74283660296,7815.02320418263,8114.98778677458
310.5,32.6364638817896,30.803708418321,29.9158045746618,0.2860204263197,0.826348596324815,1.13311017949362,1.28647736194973,0.952442889936492,0,29.9813619662573,3.39381383224906,0.00744585312817918,30,0,0,0,0,0.9027948736355,7243.80929340009,7814.93876494623,8114.90255408962
311,32.6364638817896,30.803708418321,29.9158045746618,0.286393263282731,0.826385247711443,1.13306647274652,1.2864346291063,0.952442889936492,0,29.9813376088135,3.39497894775853,0.00744585312817918,30,0,0,0,0,0.903971696225611,7243.87534366314,7814.85469686034,8114.8175680064
311.5,32.6364638817896,30.803708418321,29.9158045746618,0.286367575681695,0.826421678582211,1.13302295770094,1.2863920207009,0.952442889936492,0,29.9813123537651,3.3948986740053,0.00744585312817918,30,0,0,0,5,0.903890615881702,7243.94099703118,7814.77099829246,8114.73283019658
312,32.6364638817896,30.803708418321,29.9158045746618,0.286029463674273,0.826457895017457,1.13297963351729,1.28634953754382,0.952612814610347,0,29.9812862576265,3.3938420739821,0.00748549694938561,30,0,0,0,5,0.902823399141474,7244.00626445287,7814.68766761732,8114.64834226466
312.5,32.6364638817896,30.803708418321,29.9158045746618,0.285552140344058,0.826493901148841,1.13293649935957,1.28630718041246,0.952612814610347,0,29.9812593745975,3.39235043857518,0.00748549694938561,30,0,0,0,5,0.901316775781983,7244.07115336538,7814.60470321662,8114.56410574966
313,32.6364638817896,30.803708418321,29.9158045746618,0.285080751565436,0.826529699041644,1.1328935543954,1.28626495005208,0.952612814610347,0,29.9812317566477,3.39087734864199,0.00748549694938561,30,0,0,0,5,0.899828884241141,7244.13566748219,7814.52210347917,8114.48012212666
313.5,32.6364638817896,30.803708418321,29.9158045746618,0.284734960502351,0.826565289007003,1.13285079779599,1.2862228471765,0.952612814610347,0,29.9812034535985,3.38979675156985,0.00748549694938561,30,0,0,0,5,0.898737429329619,7244.19980735559,7814.43986680076,8114.39639280822
314,32.6364638817896,30.8324949508421,29.9158045746618,0.284611442901774,0.826600669836657,1.13280822873605,1.28618087246897,0.952788162769934,0,29.9811745132022,3.38941075906804,0.00753019471911216,30,0,0,0,5,0.89834755837516,7244.2635707997,7814.35799158405,8114.31291914606
314.5,32.6364638817896,30.8324949508421,29.9158045746618,0.28479743085885,0.826635840455892,1.13276584639365,1.28613902658271,0.952788162769934,0,29.9819299899593,3.38999197143391,0.00753019471911216,30,0,0,0,5,0.898934610762873,7244.32695586928,7814.27647623823,8114.2297024321
315,32.6364638817896,30.8324949508421,29.9158045746618,0.285305959777055,0.826670797216631,1.13272364995055,1.28609731014183,0.952788162769934,0,29.9826578361653,3.3915811243033,0.00753019471911216,30,0,0,0,0,0.900539731440295,7244.38995598129,7814.19531917973,8114.14674390041
315.5,32.6364638817896,30.8324949508421,29.9158045746618,0.285912032581544,0.826705538550024,1.13268163859186,1.28605572374187,0.952788162769934,0,29.9833590281666,3.39347510181732,0.00753019471911216,30,0,0,0,0,0.902452739640385,7244.45256829982,7814.11451883147,8114.06404472819
316,32.6364638817896,30.8324949508421,29.9158045746618,0.286346989048436,0.826740066228829,1.13263981150623,1.28601426795058,0.951775280204743,0,29.9840345082938,3.39483434077636,0.00638619668247031,30,0,0,0,0,0.903825636232482,7244.5147960114,7814.0340736233,8113.98160603736
316.5,32.6364638817896,30.8324949508421,29.9158045746618,0.286403751997006,0.82677438506451,1.13259816788576,1.28597294330852,0.951775280204743,0,29.9846851860394,3.39501172499064,0.00638619668247031,30,0,0,0,5,0.904004802803349,7244.57664777927,7813.95398199185,8113.89942889579
317,32.6364638817896,30.8324949508421,29.9158045746618,0.286113348304127,0.826808501185014,1.13255670692619,1.28593175032987,0.951775280204743,0,29.9853119391952,3.3941042134504,0.00638619668247031,30,0,0,0,5,0.903088172587146,7244.63813463967,7813.87424238077,8113.8175143188
317.5,32.6364638817896,30.8324949508421,29.9158045746618,0.285651390415446,0.826842419102832,1.13251542782676,1.28589068950291,0.951775280204743,0,29.9859156149506,3.39266059504827,0.00638619668247031,30,0,0,0,5,0.901630048707313,7244.69926471765,7813.79485324059,8113.73586327024
318,32.6364638817896,30.8324949508421,29.9158045746618,0.285168465415938,0.82687614119211,1.13247432979018,1.28584976129071,0.950905830884949,0,29.9864970309524,3.39115145442481,0.00540118761903301,30,0,0,0,5,0.900105744238868,7244.76004228458,7813.71581302861,8113.65447666384
318.5,32.6364638817896,30.8324949508421,29.9158045746618,0.284789116941835,0.826909668018623,1.13243341202268,1.28580896613177,0.950905830884949,0,29.9870569763287,3.38996599044324,0.00540118761903301,30,0,0,0,5,0.898908368715209,7244.8204683527,7813.63712020895,8113.57335536441
319,32.6364638817896,30.8324949508421,29.9158045746618,0.284614443267829,0.826942998587309,1.13239267373387,1.28576830444054,0.950905830884949,0,29.9875962126766,3.38942013521196,0.00540118761903301,30,0,0,0,5,0.898357028730575,7244.88054112118,7813.5587732524,8113.49250018897
319.5,32.6364638817896,30.8324949508421,29.9158045746618,0.284732793847573,0.826976131630005,1.13235211413667,1.28572777660798,0.950905830884949,0,29.9881154750164,3.38978998077366,0.00540118761903301,30,0,0,0,5,0.898730590500478,7244.94025829697,7813.48077063615,8113.41191190782
320,32.6364638817896,30.8324949508421,29.9158045746618,0.285186945442219,0.827009063945846,1.13231173244747,1.28568738300224,0.950160241899425,0,29.9886154727129,3.39120920450693,0.0045538109148282,30,0,0,0,0,0.90016407459382,7244.99961410354,7813.40311084417,8113.33159124586
320.5,32.6364638817896,30.8324949508421,29.9158045746618,0.285796639719317,0.827041793208005,1.13227152788598,1.28564712396913,0.950160241899425,0,29.9890968903642,3.39311449912286,0.0045538109148282,30,0,0,0,0,0.902088513610051,7245.0586043396,7813.32579236692,8113.25153888362
321,32.6364638817896,30.8324949508421,29.9158045746618,0.286284917232355,0.827074320420114,1.13223149967527,1.28560699983269,0.950160241899425,0,29.9895603886604,3.39464036635111,0.0045538109148282,30,0,0,0,0,0.903629712752204,7245.11723080659,7813.24881370137,8113.17175545828
321.5,32.6364638817896,30.8324949508421,29.9158045746618,0.286425981116173,0.827106649790254,1.13219164704178,1.28556701089575,0.950160241899425,0,29.9900066052122,3.39508119098804,0.0045538109148282,30,0,0,0,5,0.90407496679509,7245.17550108174,7813.17217335115,8113.09224156495
322,32.6364638817896,30.8324949508421,29.9158045746618,0.286190463856962,0.827138787358786,1.1321519692154,1.28552715744046,0.949521563227108,0,29.9904361553517,3.39434519955301,0.00382553785933055,30,0,0,0,5,0.903331580118116,7245.23342604503,7813.09586982653,8113.01299775751
322.5,32.6364638817896,30.8324949508421,29.9158045746618,0.285749884930046,0.827170738018326,1.13211246542945,1.2854874397288,0.949521563227108,0,29.990849632904,3.39296839040639,0.00382553785933055,30,0,0,0,5,0.901940936793196,7245.29101450808,7813.0199016445,8112.9340245498
323,32.6364638817896,30.8324949508421,29.9158045746618,0.28526039713539,0.827202504468703,1.13207313492059,1.28544785800308,0.949521563227108,0,29.9912476109338,3.39143874104809,0.00382553785933055,30,0,0,0,5,0.900395917518145,7245.3482713304,7812.94426732857,8112.85532241655
323.5,32.6364638817896,30.8324949508421,29.9158045746618,0.284851528511393,0.827234087544492,1.13203397692888,1.28540841248641,0.949521563227108,0,29.991630642465,3.3901610265981,0.00382553785933055,30,0,0,0,5,0.899105364593361,7245.40519800968,7812.86896540883,8112.77689179432
324,32.6364638817896,30.8324949508421,29.9158045746618,0.284628883219881,0.827265486475418,1.13199499069763,1.2853691033832,0.948975119599254,0,29.9919992611762,3.38946526006213,0.00320029552950274,30,0,0,0,5,0.898402606995231,7245.46179315097,7812.79399442177,8112.69873308247
324.5,32.6364638817896,30.8324949508421,29.9158045746618,0.284682412235463,0.827296699862896,1.13195617547339,1.28532993087953,0.948975119599254,0,29.9923539820716,3.38963253823582,0.00320029552950274,30,0,0,0,5,0.898571565980016,7245.51805422683,7812.71935291016,8112.62084664397
325,32.6364638817896,30.8324949508421,29.9158045746618,0.285074062515618,0.827327724943041,1.13191753050595,1.28529089514373,0.948975119599254,0,29.9926953021288,3.39085644536131,0.00320029552950274,30,0,0,0,0,0.899807770924296,7245.57397624886,7812.64503942308,8112.54323280648
325.5,32.6364638817896,30.8324949508421,29.9158045746618,0.285676232003355,0.827358558789689,1.13187905504839,1.28525199632671,0.948975119599254,0,29.9930237009246,3.39273822501048,0.00320029552950274,30,0,0,0,0,0.90170845869539,7245.62955393607,7812.57105251603,8112.46589186306
326,32.6364638817896,30.8324949508421,29.9158045746618,0.286208663491753,0.82738920162734,1.13184074835694,1.2852132345625,0.948508208324597,0,29.993339641239,3.39440207341173,0.00266414350440698,30,0,0,0,0,0.903389025445369,7245.68478768645,7812.49739075067,8112.38882407318
326.5,32.6364638817896,30.8324949508421,29.9158045746618,0.286432675270364,0.827419657019687,1.13180260969111,1.28517460996861,0.948508208324597,0,29.9936435696377,3.39510211021989,0.00266414350440698,30,0,0,0,5,0.904096096223378,7245.73968391702,7812.42405269505,8112.31202966356
327,32.6364638817896,30.8324949508421,29.9158045746618,0.286259472196111,0.827449930776422,1.13176463831374,1.28513612264653,0.948508208324597,0,29.9939359170356,3.39456085061285,0.00266414350440698,30,0,0,0,5,0.903549398039806,7245.79425309347,7812.35103692364,8112.23550882898
327.5,32.6364638817896,30.8324949508421,29.9158045746618,0.285846508060338,0.827480028149424,1.13172683349088,1.28509777268205,0.948508208324597,0,29.9942170992396,3.39327033768856,0.00266414350440698,30,0,0,0,5,0.90224591804165,7245.84850467631,7812.27834201726,8112.15926173312
328,32.6364638817896,30.8324949508421,29.9158045746618,0.285355629962504,0.827509952181149,1.13168919449193,1.28505956014578,0.94810983702655,0,29.9944875174739,3.39173634363283,0.00220499301044583,30,0,0,0,5,0.900696510413648,7245.90244414374,7812.20596656317,8112.08328850944
328.5,32.6364638817896,30.8324949508421,29.9158045746618,0.284921458355731,0.827539703989494,1.13165172058941,1.2850214850934,0.94810983702655,0,29.9947475588857,3.39037955736166,0.00220499301044583,30,0,0,0,5,0.89932609115403,7245.95607350497,7812.13390915478,8112.00758926178
329,32.6364638817896,30.8324949508421,29.9158045746618,0.284654190778914,0.827569283040839,1.13161441105912,1.28498354756615,0.94810983702655,0,29.9949975970347,3.38954434618411,0.00220499301044583,30,0,0,0,5,0.898482487774564,7246.00939179232,7812.06216839183,8111.93216406522
329.5,32.6364638817896,30.8324949508421,29.9158045746618,0.284641891563799,0.827598687359546,1.13157726517994,1.28494574759112,0.94810983702655,0,29.995237992365,3.38950591113687,0.00220499301044583,30,0,0,0,5,0.898443666531976,7246.06239543876,7811.9907428801,8111.85701296682
330,32.6364638817896,30.8324949508421,29.9158045746618,0.284969799449078,0.827627916105261,1.13154028223359,1.28490808518151,0.947770496041244,0,29.9954690926608,3.39053062327837,0.00181236293569356,30,0,0,0,0,0.89947867498107,7246.11508292368,7811.91963123088,8111.782135986
330.5,32.6364638817896,30.8324949508421,29.9158045746618,0.285552872761844,0.827656964409405,1.13150346150541,1.28487056033732,0.947770496041244,0,29.9956912334861,3.39235272738076,0.00181236293569356,30,0,0,0,0,0.901319087585484,7246.16744546512,7811.84883206251,8111.70753311596
331,32.6364638817896,30.8324949508421,29.9158045746618,0.286119913848588,0.827685832226925,1.13146680228345,1.2848331730453,0.947770496041244,0,29.9959047386101,3.39412473077684,0.00181236293569356,30,0,0,0,0,0.903108896071683,7246.21948297597,7811.77834399863,8111.63320432359
331.5,32.6364638817896,30.8324949508421,29.9158045746618,0.286422193102275,0.827714522448411,1.13143030385899,1.28479592327961,0.947770496041244,0,29.9961099204164,3.39506935344461,0.00181236293569356,30,0,0,0,5,0.904063010308021,7246.27120066098,7811.70816566913,8111.55914955078
332,32.6364638817896,30.8324949508421,29.9158045746618,0.286318987628601,0.827743040518514,1.13139396552642,1.28475881100195,0.947481960907908,0,29.9963070802993,3.39474683633938,0.00147716788026173,30,0,0,0,5,0.903737252550916,7246.32260832916,7811.63829571001,8111.48536871469
332.5,32.6364638817896,30.8324949508421,29.9158045746618,0.285940101554006,0.82777139199815,1.13135778658334,1.28472183616205,0.947481960907908,0,29.9964965090462,3.39356281735627,0.00147716788026173,30,0,0,0,5,0.902541336545064,7246.37371599933,7811.56873276348,8111.41186170866
333,32.6364638817896,30.8324949508421,29.9158045746618,0.285453208982446,0.82779958028977,1.13132176633045,1.2846849986979,0.947481960907908,0,29.996678487206,3.39204127807014,0.00147716788026173,30,0,0,0,5,0.901004508832192,7246.42452979965,7811.49947547777,8111.33862840279
333.5,32.6364638817896,30.8324949508421,29.9158045746618,0.284998134964682,0.827827606809238,1.13128590407154,1.28464829853608,0.947481960907908,0,29.9968532854453,3.39061917176463,0.00147716788026173,30,0,0,0,5,0.899568113202523,7246.47505227724,7811.43052250715,8111.26566864444
334,32.6364638817896,30.8324949508421,29.9158045746618,0.284689762007206,0.827855471271785,1.13125019911345,1.28461173559201,0.947237120990735,0,29.9970211648928,3.38965550627252,0.00119153404286294,30,0,0,0,5,0.898594764799545,7246.52528291364,7811.36187251186,8111.19298225892
334.5,32.6364638817896,30.8324949508421,29.9158045746618,0.284620422561918,0.82788317191413,1.13121465076611,1.28457530977035,0.947237120990735,0,29.9971823774707,3.38943882050599,0.00119153404286294,30,0,0,0,5,0.898375901774438,7246.57521852508,7811.29352415807,8111.12056905009
335,32.6364638817896,30.8324949508421,29.9158045746618,0.284876736107537,0.827910707574171,1.13117925834211,1.28453902096508,0.947237120990735,0,29.9973371662153,3.39023980033605,0.00119153404286294,30,0,0,0,0,0.899184929849831,7246.62485701152,7811.22547611721,8111.04842880065
335.5,32.6364638817896,30.8324949508421,29.9158045746618,0.285428706280578,0.827938073815479,1.13114402115744,1.28450286906006,0.947237120990735,0,29.9974857655862,3.39196470712681,0.00119153404286294,30,0,0,0,0,0.900927168504017,7246.6741903702,7811.15772706727,8110.97656127321
336,32.6364638817896,30.8324949508421,29.9158045746618,0.286020426319699,0.827965269616567,1.13110893853073,1.28446685392909,0.947029830785823,0,29.9976284017653,3.39381383224906,0.000948639293878273,30,0,0,0,0,0.902794873635498,7246.72321675444,7811.09027569143,8110.90496621038
336.5,32.6364638817896,30.8324949508421,29.9158045746618,0.286393263282933,0.827992297156862,1.13107400978374,1.28443097543624,0.947029830785823,0,29.9977652929448,3.39497894775916,0.000948639293878273,30,0,0,0,0,0.903971696226249,7246.77194008792,7811.02312067891,8110.83364333555
337,32.6364638817896,30.8324949508421,29.9158045746618,0.286367575681647,0.828019161448211,1.13103923424118,1.28439523343622,0.947029830785823,0,29.9978966496057,3.39489867400515,0.000948639293878273,30,0,0,0,5,0.903890615881549,7246.82036940058,7810.95626072469,8110.76259235341
337.5,32.6364638817896,30.8324949508421,29.9158045746618,0.286029463674366,0.828045868230985,1.13100461123079,1.28435962777452,0.947029830785823,0,29.9980226747862,3.39384207398239,0.000948639293878273,30,0,0,0,5,0.902823399141768,7246.86851503594,7810.88969452968,8110.69181295046
338,32.6364638817896,30.8324949508421,29.9158045746618,0.285552140345057,0.828072421298706,1.13097014008333,1.28432415828778,0.94685478092606,0,29.9981435643413,3.3923504385783,0.00074257426346378,30,0,0,0,5,0.901316775785136,7246.91638382808,7810.82342080061,8110.6213047956
338.5,32.6364638817896,30.8324949508421,29.9158045746618,0.285080751565434,0.828098822380249,1.13093582013253,1.2842888248039,0.94685478092606,0,29.9982595071934,3.39087734864198,0.00074257426346378,30,0,0,0,5,0.899828884241136,7246.96397888914,7810.75743825001,8110.55106754041
339,32.6364638817896,30.8324949508421,29.9158045746618,0.284734960503049,0.828125071452131,1.13090165071506,1.28425362714243,0.94685478092606,0,29.9983706855735,3.38979675157203,0.00074257426346378,30,0,0,0,5,0.898737429331823,7247.01130017228,7810.69174559613,8110.48110081985
339.5,32.6364638817896,30.8324949508421,29.9158045746618,0.284611442901677,0.828151166973351,1.13086763117046,1.28421856511465,0.94685478092606,0,29.9984772752548,3.38941075906774,0.00074257426346378,30,0,0,0,5,0.898347558374853,7247.05834489487,7810.62634156281,8110.41140425254
340,32.6364638817896,30.8324949508421,29.9158045746618,0.284797430858891,0.828177107538367,1.130833760841,1.28418363852385,0.946707386283265,0,29.9985794457783,3.38999197143404,0.000568221688698145,30,0,0,0,5,0.898934610763004,7247.10511051846,7810.56122487917,8110.34197744124
340.5,32.6364638817896,30.8324949508421,29.9443150353883,0.285305959777032,0.828202889170013,1.13080003907199,1.28414884716559,0.946707386283265,0,29.9986773606694,3.39158112430322,0.000568221688698145,30,0,0,0,0,0.900539731440223,7247.15158986842,7810.4963942803,8110.27281997337
341,32.6364638817896,30.8324949508421,29.9443150353883,0.285912032581584,0.828228509972554,1.13076646521144,1.2841141908279,0.946707386283265,0,29.9987711776488,3.39347510181745,0.000568221688698145,30,0,0,0,0,0.902452739640511,7247.19777952245,7810.43184850648,8110.20393142141
341.5,32.6364638817896,30.8324949508421,29.9443150353883,0.286346989048906,0.828253971394104,1.13073303861022,1.28407966929146,0.946707386283265,0,29.9988610488345,3.39483434077783,0.000568221688698145,30,0,0,0,0,0.903825636233967,7247.24368208659,7810.36758630361,8110.13531134327
342,32.6364638817896,30.8324949508421,29.9443150353883,0.286403751997016,0.828279277923851,1.13069975862209,1.2840452823299,0.946583688912824,0,29.9989471209376,3.39501172499067,0.000421151624948379,30,0,0,0,5,0.90400480280338,7247.28930564956,7810.30360642317,8110.06695928291
342.5,32.6364638817896,30.8324949508421,29.9443150353883,0.286113348304282,0.828304435369419,1.1306666246037,1.28401102970996,0.946583688912824,0,29.9990295354512,3.39410421345088,0.000421151624948379,30,0,0,0,5,0.903088172587635,7247.33466067721,7810.23990762226,8109.99887477061
343,32.6364638817896,30.8324949508421,29.9443150353883,0.28565139041528,0.828329447924765,1.13063363591461,1.2839769111917,0.946583688912824,0,29.9991084288327,3.39266059504775,0.000421151624948379,30,0,0,0,5,0.901630048706789,7247.37975472644,7810.17648866365,8109.9310573234
343.5,32.6364638817896,30.8324949508421,29.9443150353883,0.28516846541597,0.828354317647149,1.13060079191718,1.28394292652873,0.946583688912824,0,29.9991839326794,3.39115145442491,0.000421151624948379,30,0,0,0,5,0.900105744238967,7247.42459150211,7810.11334831557,8109.86350644555
344,32.6364638817896,30.8324949508421,29.9443150353883,0.284789116942882,0.828379044787102,1.13056809197665,1.28390907546831,0.946480273884049,0,29.9992561738991,3.38996599044651,0.000297530440360561,30,0,0,0,5,0.898908368718512,7247.46917145188,7810.0504853518,8109.79622162875
344.5,32.6364638817896,30.8324949508421,29.9443150353883,0.284614443267792,0.82840362803604,1.13053553546098,1.28387535775165,0.946480273884049,0,29.9993252748734,3.38942013521185,0.000297530440360561,30,0,0,0,5,0.898357028730459,7247.51349221255,7809.98789855145,8109.72920235268
345,32.6364638817896,30.8324949508421,29.9443150353883,0.284732793847644,0.828428065814132,1.13050312174075,1.28384177311395,0.946480273884049,0,29.9993913536162,3.38978998077389,0.000297530440360561,30,0,0,0,5,0.898730590500705,7247.55755093184,7809.92558669874,8109.6624480851
345.5,32.6364638817896,30.8324949508421,29.9443150353883,0.285186945442208,0.828452354610529,1.13047085018945,1.28380832128466,0.946480273884049,0,29.9994545239269,3.3912092045069,0.000297530440360561,30,0,0,0,0,0.900164074593786,7247.60134127598,7809.86354858347,8109.59595828244
346,32.6364638817896,30.8324949508421,29.9443150353883,0.285796639719305,0.828476491790263,1.13043872018313,1.28377500198767,0.946394196290385,0,29.999514895537,3.39311449912283,0.000194041785182719,30,0,0,0,0,0.902088513610015,7247.64485849027,7809.80178300052,8109.52973239007
346.5,32.6364638817896,30.8324949508421,29.9443150353883,0.286284917233183,0.828500478051084,1.13040673110063,1.28374181494142,0.946394196290385,0,29.9995725742536,3.3946403663537,0.000194041785182719,30,0,0,0,0,0.903629712754818,7247.68810382857,7809.7402887501,8109.46376984257
347,32.6364638817896,30.8324949508421,29.9443150353883,0.286425981116128,0.828524317297346,1.13037488232349,1.28370875985914,0.946394196290385,0,29.9996276620959,3.3950811909879,0.000194041785182719,30,0,0,0,5,0.904074966794946,7247.73108432607,7809.67906463771,8109.39807006424
347.5,32.6364638817896,30.8324949508421,29.9443150353883,0.286190463857418,0.828548015267621,1.13034317323602,1.28367583644899,0.946394196290385,0,29.9996802574284,3.39434519955443,0.000194041785182719,30,0,0,0,5,0.903331580119555,7247.77381032513,7809.61810947425,8109.33263246926
348,32.6364638817896,30.8324949508421,29.9443150353883,0.285749884927211,0.828571576554474,1.13031160322533,1.28364304441426,0.946322917968132,0,29.9997304550887,3.39296839039753,0.00010781796453756,30,0,0,0,5,0.901940936784249,7247.81629010215,7809.55742207604,8109.26745646226
348.5,32.6364638817896,30.8324949508421,29.9443150353883,0.285260397135436,0.828595003559162,1.13028017168126,1.28361038345345,0.946322917968132,0,29.9997783465112,3.39143874104824,0.00010781796453756,30,0,0,0,5,0.900395917518289,7247.85852798287,7809.49700126467,8109.20254143838
349,32.6364638817896,30.8324949508421,29.9443150353883,0.284851528511445,0.828618296819304,1.13024887799632,1.28357785326051,0.946322917968132,0,29.9998240198467,3.39016102659826,0.00010781796453756,30,0,0,0,5,0.899105364593524,7247.90052493302,7809.436845867,8109.13788678368
349.5,32.6364638817896,30.8324949508421,29.9443150353883,0.284628883219874,0.828641455269303,1.13021772156571,1.2835454535249,0.946322917968132,0,29.9998675600771,3.38946526006211,0.00010781796453756,30,0,0,0,5,0.898402606995209,7247.94227902786,7809.37695471504,8109.07349187542
350,32.6364638817896,30.8324949508421,29.9443150353883,0.284682412235759,0.828664477216871,1.13018670178715,1.28351318393174,0.946264252633569,0,29.9999090491269,3.38963253823675,3.63803492405168e-05,30,0,0,0,5,0.898571565980948,7247.98378721266,7809.31732664575,8109.00935608223
350.5,32.6364638817896,30.8324949508421,29.9443150353883,0.285074062515634,0.828687359606098,1.13015581806104,1.28348104416197,0.946264252633569,0,29.9999485659704,3.39085644536136,3.63803492405168e-05,30,0,0,0,0,0.899807770924347,7248.0250439741,7809.25796050124,8108.9454787645
351,32.6364638817896,30.8324949508421,29.9443150353883,0.285676232003441,0.828710099220487,1.13012506979033,1.28344903389252,0.946264252633569,0,29.9999861867354,3.39273822501075,3.63803492405168e-05,30,0,0,0,0,0.901708458695663,7248.06604350919,7809.19885512864,8108.88185927464
351.5,32.6364638817896,30.8324949508421,29.9443150353883,0.286208663492718,0.828732695996265,1.1300944563806,1.28341715279636,0.946264252633569,0,30.000021984803,3.39440207341474,3.63803492405168e-05,30,0,0,0,0,0.903389025448414,7248.10678569928,7809.14000938013,8108.81849695729
352,32.6364638817896,30.8324949508421,29.9443150353883,0.286432675270313,0.828755153210887,1.13006397723996,1.28338540054274,0.946216318334109,0,30.0000560309044,3.39510211021973,-2.24123617755367e-05,30,0,0,0,5,0.904096096223215,7248.14727645005,7809.08142211285,8108.7553911497
352.5,32.6364638817896,30.8324949508421,29.9443150353883,0.286259472196888,0.828777476389715,1.13003363177924,1.28335377679725,0.946216318334109,0,30.0000883932139,3.39456085061528,-2.24123617755367e-05,30,0,0,0,5,0.903549398042258,7248.18752572036,7809.02309218923,8108.69254118191
353,32.6364638817896,30.8324949508421,29.9443150353883,0.28584650806032,0.828799670501952,1.13000341941192,1.28332228122204,0.946216318334109,0,30.0001191374386,3.3932703376885,-2.24123617755367e-05,30,0,0,0,5,0.902245918041595,7248.22754246646,7808.96501847678,8108.62994637714
353.5,32.6364638817896,30.8324949508421,29.9443150353883,0.285355629962522,0.828821738308824,1.1299733395541,1.28329091347584,0.946216318334109,0,30.0001483269057,3.39173634363288,-2.24123617755367e-05,30,0,0,0,5,0.900696510413704,7248.26733166377,7808.90719984814,8108.56760605188
354,32.6364638817896,30.8324949508421,29.9443150353883,0.284921458352939,0.828843680648451,1.12994339162442,1.28325967321416,0.946177496236487,0,30.0001760226458,3.39037955735294,-7.04090583298012e-05,30,0,0,0,5,0.899326091145218,7248.30689482029,7808.84963518092,8108.50551951623
354.5,32.6364638817896,30.8324949508421,29.9443150353883,0.284654190778932,0.828865496708989,1.12991357504416,1.28322856008935,0.946177496236487,0,30.0002022834742,3.38954434618416,-7.04090583298012e-05,30,0,0,0,5,0.898482487774622,7248.34623046911,7808.79232335779,8108.44368607407
355,32.6364638817896,30.8324949508421,29.9443150353883,0.284641891564323,0.828887184238043,1.12988388923706,1.28319757375073,0.946177496236487,0,30.0002271660684,3.38950591113851,-7.04090583298012e-05,30,0,0,0,5,0.89844366653363,7248.38533454589,7808.73526326622,8108.38210502328
355.5,32.6364638817896,30.8324949508421,29.9443150353883,0.284969799449054,0.828908742120309,1.12985433362907,1.28316671384457,0.946177496236487,0,30.0002507250442,3.39053062327829,-7.04090583298012e-05,30,0,0,0,0,0.899478674980994,7248.42420503649,7808.67845379801,8108.32077565576
356,32.6364638817896,30.8324949508421,29.9443150353883,0.285552872762123,0.828930165213496,1.12982490764911,1.28313598001449,0.946146394918401,0,30.0002730130274,3.39235272738163,-0.000109205210964092,30,0,0,0,0,0.901319087586364,7248.46283266575,7808.62189385067,8108.25969725813
356.5,32.6364638817896,30.8324949508421,29.9443150353883,0.286119913847938,0.828951453200941,1.12979561072824,1.28310537190128,0.946146394918401,0,30.0002940807251,3.39412473077481,-0.000109205210964092,30,0,0,0,0,0.903108896069631,7248.50121685944,7808.5655823259,8108.19886911145
357,32.6364638817896,30.8324949508421,29.9443150353883,0.286422193102293,0.828972608703474,1.12976644230007,1.28307488914316,0.946146394918401,0,30.0003139769926,3.39506935344467,-0.000109205210964092,30,0,0,0,5,0.904063010308078,7248.53936233992,7808.50951813036,8108.13829049175
357.5,32.6364638817896,30.8324949508421,29.9443150353883,0.286318987629568,0.828993636897853,1.12973740180078,1.28304453137585,0.946146394918401,0,30.000332748899,3.3947468363424,-0.000109205210964092,30,0,0,0,5,0.90373725255397,7248.57727843831,7808.45370017565,8108.07796067006
358,32.6364638817896,30.8324949508421,29.9443150353883,0.285940101553989,0.829014543078685,1.12970848866906,1.2830142982327,0.946121819435575,0,30.0003504417908,3.39356281735622,-0.00014017671630171,30,0,0,0,5,0.902541336545011,7248.61497469839,7808.39812737831,8108.01787891279
358.5,32.6364638817896,30.8324949508421,29.9443150353883,0.285453208982468,0.82903533038348,1.12967970234616,1.28298418934481,0.946121819435575,0,30.0003670993518,3.39204127807021,-0.00014017671630171,30,0,0,0,5,0.901004508832261,7248.6524567746,7808.34279865977,8107.95804448191
359,32.6364638817896,30.8324949508421,29.9443150353883,0.28499813496469,0.829055999964589,1.12965104227576,1.28295420434102,0.946121819435575,0,30.0003827636629,3.39061917176466,-0.00014017671630171,30,0,0,0,5,0.899568113202548,7248.68972674199,7808.28771294626,8107.89845663493
359.5,32.6364638817896,30.8324949508421,29.9443150353883,0.28468976200732,0.829076551275081,1.12962250790403,1.28292434284811,0.946121819435575,0,30.0003974752583,3.38965550627288,-0.00014017671630171,30,0,0,0,5,0.898594764799906,7248.72678361163,7808.23286916877,8107.8391146253
360,32.6364638817896,30.8324949508421,29.9443150353883,0.284620422562831,0.829096982291025,1.12959409867953,1.2828946044908,0.946102744525092,0,30.0004112731802,3.38943882050885,-0.000164509272067903,30,0,0,0,5,0.89837590177732,7248.7636237313,7808.17826626299,8107.78001770244
360.5,32.6364638817896,30.8324949508421,29.9443150353883,0.284876736107524,0.829117291591199,1.12956581405302,1.2828649888918,0.946102744525092,0,30.000424195032,3.39023980033601,-0.000164509272067903,30,0,0,0,0,0.89918492984979,7248.80024453554,7808.12390316882,8107.72116511179
361,32.6364638817896,30.8324949508421,29.9443150353883,0.285428706281136,0.829137474481343,1.12953765347791,1.28283549567207,0.946102744525092,0,30.0004362770289,3.39196470712855,-0.000164509272067903,30,0,0,0,0,0.900927168505779,7248.83663755703,7808.06977883137,8107.66255609534
361.5,32.6364638817896,30.8324949508421,29.9443150353883,0.286020426317309,0.829157529683981,1.12950961640978,1.28280612445071,0.946102744525092,0,30.0004475540477,3.39381383224159,-0.000164509272067903,30,0,0,0,0,0.902794873627953,7248.87280048937,7808.01589219989,8107.60418989151
362,32.6364638817896,30.8324949508421,29.9443150353883,0.286393263282899,0.829177459124352,1.12948170230663,1.28277687484516,0.946088291403498,0,30.0004580596734,3.39497894775906,-0.00018322386937939,30,0,0,0,0,0.903971696226143,7248.90873680122,7807.96224222841,8107.54606573533
362.5,32.6364638817896,30.8324949508421,29.9443150353883,0.286367575681213,0.829197267561851,1.12945391062888,1.28274774647126,0.946088291403498,0,30.0004678262462,3.39489867400379,-0.00018322386937939,30,0,0,0,5,0.903890615880181,7248.94445507183,7807.90882787558,8107.48818285879
363,32.6364638817896,30.8324949508421,29.9443150353883,0.286029463674381,0.829216960485994,1.12942624083941,1.28271873894334,0.946088291403498,0,30.0004768849045,3.39384207398244,-0.00018322386937939,30,0,0,0,5,0.902823399141817,7248.97996519717,7807.85564810484,8107.43054049087
363.5,32.6364638817896,30.8324949508421,29.9443150353883,0.28555214034531,0.829236541440698,1.12939869240345,1.28268985187434,0.946088291403498,0,30.0004852656288,3.39235043857909,-0.00018322386937939,30,0,0,0,5,0.901316775785936,7249.01527356507,7807.80270188424,8107.37313785783
364,32.6364638817896,30.8324949508421,29.9443150353883,0.285080751565414,0.829256011906608,1.12937126478869,1.28266108487576,0.946077707676295,0,30.000492997282,3.39087734864192,-0.000197198912781005,30,0,0,0,5,0.899828884241074,7249.05038284296,7807.74998818653,8107.31597418317
364.5,32.6364638817896,30.8324949508421,29.9443150353883,0.284734960503176,0.829275371613306,1.12934395746513,1.28263243755787,0.946077707676295,0,30.0005001076496,3.38979675157243,-0.000197198912781005,30,0,0,0,5,0.898737429332225,7249.08529254078,7807.69750598898,8107.25904868787
365,32.6364638817896,30.8324949508421,29.9443150353883,0.28461144290262,0.829294618774178,1.12931676990508,1.28260390952968,0.946077707676295,0,30.0005066234781,3.38941075907069,-0.000197198912781005,30,0,0,0,5,0.898347558377829,7249.11999943444,7807.64525427335,8107.20236059052
365.5,32.6364638817896,30.8324949508421,29.9443150353883,0.284797430858896,0.829313751739589,1.12928970158298,1.28257550039897,0.946077707676295,0,30.0005125705119,3.38999197143405,-0.000197198912781005,30,0,0,0,5,0.89893461076302,7249.15450054683,7807.59323202551,8107.14590910731
366,32.6364638817896,30.8324949508421,29.9443150353883,0.285305959777902,0.829332766289492,1.12926275197573,1.28254720977247,0.946070349950219,0,30.000517973529,3.39158112430594,-0.000207189411599984,30,0,0,0,0,0.900539731442971,7249.18878826571,7807.5414382361,8107.08969345236
366.5,32.6364638817896,30.8324949508421,29.9443150353883,0.285912032581576,0.829351660286875,1.12923592056237,1.28251903725587,0.946070349950219,0,30.0005228563757,3.39347510181742,-0.000207189411599984,30,0,0,0,0,0.902452739640485,7249.22285873499,7807.48987189996,8107.03371283772
367,32.6364638817896,30.8324949508421,29.9443150353883,0.286346989048853,0.829370434940352,1.12920920682424,1.28249098245381,0.946070349950219,0,30.0005272419998,3.39483434077767,-0.000207189411599984,30,0,0,0,0,0.903825636233801,7249.25671413151,7807.4385320163,8106.97796647352
367.5,32.6364638817896,30.8324949508421,29.9443150353883,0.286403751994326,0.829389094501192,1.12918261024496,1.28246304497015,0.946070349950219,0,30.0005311524826,3.39501172498227,-0.000207189411599984,30,0,0,0,5,0.904004802794891,7249.2903621189,7807.38741758887,8106.92245356821
368,32.6364638817896,30.8324949508421,29.9443150353883,0.286113348304349,0.829407644540731,1.12915613031051,1.28243522440785,0.946065668785423,0,30.0005346090699,3.39410421345109,-0.000213843627966526,30,0,0,0,5,0.903088172587849,7249.32381274133,7807.33652762589,8106.8671733286
368.5,32.6364638817896,30.8324949508421,29.9443150353883,0.285651390415856,0.829426089017771,1.12912976650917,1.28240752036912,0.946065668785423,0,30.0005376322023,3.39266059504955,-0.000213843627966526,30,0,0,0,5,0.901630048708608,7249.35707313532,7807.28586114009,8106.81212496003
369,32.6364638817896,30.8324949508421,29.9443150353883,0.285168465415959,0.829444429755728,1.12910351833152,1.28237993245549,0.946065668785423,0,30.0005402415435,3.39115145442487,-0.000213843627966526,30,0,0,0,5,0.900105744238933,7249.3901465868,7807.23541714864,8106.7573076665
369.5,32.6364638817896,30.8324949508421,29.9443150353883,0.284789116943131,0.829462666772523,1.12907738527037,1.28235246026778,0.946065668785423,0,30.0005424560086,3.38996599044728,-0.000213843627966526,30,0,0,0,5,0.898908368719298,7249.42303312593,7807.18519467308,8106.70272065066
370,32.6364638817896,30.8324949508421,29.9443150353883,0.284614443266651,0.829480798528219,1.12905136682076,1.28232510340624,0.94606319567697,0,30.0005442937907,3.38942013520828,-0.000217717516298421,30,0,0,0,5,0.898357028726858,7249.45572997361,7807.13519273923,8106.64836311405
370.5,32.6364638817896,30.8324949508421,29.9443150353883,0.284732793847635,0.82949882321297,1.12902546247981,1.28229786147047,0.94606319567697,0,30.000545772387,3.38978998077386,-0.000217717516298421,30,0,0,0,5,0.898730590500675,7249.48823386399,7807.08541037694,8106.59423425698
371,32.6364638817896,30.8324949508421,29.9443150353883,0.285186945443072,0.829516737087117,1.12899967174688,1.28227073405964,0.94606319567697,0,30.0005469086237,3.3912092045096,-0.000217717516298421,30,0,0,0,0,0.900164074596511,7249.52053805112,7807.03584662043,8106.54033327889
371.5,32.6364638817896,30.8324949508421,29.9443150353883,0.285796639719321,0.829534537288392,1.1289739941235,1.2822437207724,0.94606319567697,0,30.0005477186803,3.39311449912288,-0.000217717516298421,30,0,0,0,0,0.902088513610066,7249.55263737118,7806.98650050813,8106.48665937826
372,32.6364638817896,30.8324949508421,29.9443150353883,0.28628491723318,0.829552224288776,1.1289484291133,1.28221682120699,0.946062531797338,0,30.0005482181127,3.39464036635369,-0.000219287245076316,30,0,0,0,0,0.90362971275481,7249.58453267304,7806.93737108249,8106.43321175281
372.5,32.6364638817896,30.8324949508421,29.9443150353883,0.286425981116188,0.829569801768468,1.12892297622212,1.28219003496131,0.946062531797338,0,30.0005484218758,3.39508119098809,-0.000219287245076316,30,0,0,0,5,0.904074966795137,7249.61623059101,7806.88845739033,8106.37998959955
373,32.6364638817896,30.8324949508421,29.9443150353883,0.286190463857411,0.829587275243408,1.12889763495806,1.28216336163297,0.946062531797338,0,30.0005483443453,3.39434519955441,-0.000219287245076316,30,0,0,0,5,0.903331580119533,7249.64774107002,7806.83975848276,8106.32699211506
373.5,32.6364638817896,30.8324949508421,29.9443150353883,0.285749884928205,0.829604649084655,1.1288724048314,1.28213680081932,0.946062531797338,0,30.0005479993384,3.39296839040064,-0.000219287245076316,30,0,0,0,5,0.901940936787386,7249.67907199054,7806.7912734152,8106.27421849533
374,32.6364638817896,30.8324949508421,29.9443150353883,0.285260397135406,0.829621925473209,1.12884728535466,1.28211035211754,0.946063338261752,0,30.000547400134,3.39143874104815,-0.00021896005360702,30,0,0,0,5,0.900395917518197,7249.7102272837,7806.74300124735,8106.2216679361
374.5,32.6364638817896,30.8324949508421,29.9443150353883,0.284851528512,0.82963910472754,1.1288222760425,1.2820840151246,0.946063338261752,0,30.0005465594926,3.3901610266,-0.00021896005360702,30,0,0,0,5,0.899105364595277,7249.74120752191,7806.69494104306,8106.16933963274
375,32.6364638817896,30.8324949508421,29.9443150353883,0.284628883218706,0.829656185564069,1.12879737641169,1.28205778943739,0.946063338261752,0,30.0005454896745,3.38946526005846,-0.00021896005360702,30,0,0,0,5,0.898402606991525,7249.77201038853,7806.64709187034,8106.11723278044
375.5,32.6364638817896,30.8324949508421,29.9443150353883,0.28468241223577,0.829673166073859,1.12877258598104,1.28203167465262,0.946063338261752,0,30.0005442024582,3.38963253823678,-0.00021896005360702,30,0,0,0,5,0.898571565980986,7249.80263243915,7806.59945280104,8106.06534657415
376,32.6364638817896,30.8324949508421,29.9443150353883,0.285074062514707,0.829690042985447,1.12874790427142,1.282005670367,0.946065327713882,0,30.0005427091582,3.39085644535846,-0.000217083663268625,30,0,0,0,0,0.899807770921422,7249.83306777217,7806.5520229111,8106.01368020876
376.5,32.6364638817896,30.8324949508421,29.9443150353883,0.285676232003445,0.829706812868124,1.12872333080585,1.2819797761772,0.946065327713882,0,30.0005410206412,3.39273822501077,-0.000217083663268625,30,0,0,0,0,0.901708458695675,7249.86331019873,7806.5048012806,8105.96223287921
377,32.6364638817896,30.8324949508421,29.9443150353883,0.286208663492672,0.829723475445394,1.12869886510933,1.28195399167989,0.946065327713882,0,30.0005391473431,3.3944020734146,-0.000217083663268625,30,0,0,0,0,0.903389025448271,7249.89335921818,7806.45778699343,8105.91100378039
377.5,32.6364638817896,30.8324949508421,29.9443150353883,0.28643267527026,0.8297400337835,1.12867450670894,1.28192831647183,0.946065327713882,0,30.0005370992843,3.39510211021956,-0.000217083663268625,30,0,0,0,5,0.904096096223049,7249.92322035813,7806.41097913754,8105.85999210745
378,32.6364638817896,30.8324949508421,29.9443150353883,0.286259472197058,0.829756493198001,1.12865025513395,1.2819027501499,0.946068257060574,0,30.0005348860847,3.39456085061581,-0.000213954433880303,30,0,0,0,5,0.903549398042794,7249.95290320271,7806.36437680511,8105.80919705582
378.5,32.6364638817896,30.8324949508421,29.9443150353883,0.285846508060988,0.829772858449471,1.12862610991572,1.28187729231111,0.946068257060574,0,30.0005325169789,3.39327033769059,-0.000213954433880303,30,0,0,0,5,0.902245918043702,7249.98241633532,7806.31797909239,8105.75861782118
379,32.6364638817896,30.8324949508421,29.9443150353883,0.285355629962527,0.829789132091629,1.12860207058773,1.28185194255271,0.946068257060574,0,30.0005300008299,3.3917363436329,-0.000213954433880303,30,0,0,0,5,0.90069651041372,7250.01176435963,7806.2717850997,8105.70825359977
379.5,32.6364638817896,30.8324949508421,29.9443150353883,0.284921458353861,0.829805314756166,1.12857813668554,1.28182670047213,0.946068257060574,0,30.0005273461426,3.39037955735581,-0.000213954433880303,30,0,0,0,5,0.899326091148126,7250.04094841315,7806.22579393142,8105.65810358817
380,32.6364638817896,30.8324949508421,29.9443150353883,0.284654190778934,0.829821405425921,1.12855430774674,1.28180156566705,0.9460719211894,0,30.0005245610771,3.38954434618417,-0.00020982443085984,30,0,0,0,5,0.898482487774627,7250.06996665985,7806.18000469586,8105.60816698352
380.5,32.6364638817896,30.8324949508421,29.9443150353883,0.28464189156429,0.829837401644313,1.12853058331094,1.28177653773542,0.9460719211894,0,30.0005216534617,3.38950591113841,-0.00020982443085984,30,0,0,0,5,0.898443666533524,7250.09881466778,7806.13441650521,8105.55844298353
381,32.6364638817896,30.8324949508421,29.9443150353883,0.284969799447206,0.829853302093139,1.12850696291943,1.2817516162754,0.9460719211894,0,30.0005186308045,3.39053062327252,-0.00020982443085984,30,0,0,0,0,0.89947867497516,7250.12749005793,7806.08902847497,8105.50893078635
381.5,32.6364638817896,30.8324949508421,29.9443150353883,0.285552872762157,0.829869101428126,1.12848344611594,1.28172680088558,0.9460719211894,0,30.0005155003053,3.39235272738174,-0.00020982443085984,30,0,0,0,0,0.901319087586471,7250.15598319051,7806.04383972533,8105.45962959103
382,32.6364638817896,30.8324949508421,29.9443150353883,0.286119913847953,0.829884799132204,1.12846003244589,1.28170209116484,0.94607614755364,0,30.0005122688675,3.39412473077485,-0.000204907546988409,30,0,0,0,0,0.903108896069678,7250.18429313119,7805.99884937975,8105.41053859721
382.5,32.6364638817896,30.8324949508421,29.9443150353883,0.286422193102333,0.829900397627128,1.12843672145669,1.28167748671246,0.94607614755364,0,30.0005089431084,3.39506935344479,-0.000204907546988409,30,0,0,0,5,0.904063010308205,7250.21242424569,7805.9540565656,8105.36165700536
383,32.6364638817896,30.8324949508421,29.9443150353883,0.286318987629932,0.829915901892029,1.12841351269786,1.28165298712815,0.94607614755364,0,30.0005055293702,3.39474683634354,-0.000204907546988409,30,0,0,0,5,0.903737252555119,7250.24038551192,7805.90946041424,8105.31298401687
383.5,32.6364638817896,30.8324949508421,29.9443150353883,0.285940101552183,0.829931317024984,1.12839040572091,1.28162859201212,0.94607614755364,0,30.0005020337299,3.39356281735057,-0.000204907546988409,30,0,0,0,5,0.902541336539309,7250.26818612244,7805.86506006099,8105.26451883409
384,32.6364638817896,30.8324949508421,29.9443150353883,0.285453208982594,0.829946645968008,1.1283674000794,1.28160430096502,0.9460807914935,0,30.0004984620094,3.39204127807061,-0.000199384803778457,30,0,0,0,5,0.901004508832661,7250.29583138153,7805.82085464507,8105.21626066033
384.5,32.6364638817896,30.8324949508421,29.9443150353883,0.284998134965465,0.829961889679004,1.1283444953289,1.28158011358805,0.9460807914935,0,30.000494819785,3.39061917176708,-0.000199384803778457,30,0,0,0,5,0.899568113204995,7250.32332301525,7805.77684330959,8105.16820869999
385,32.6364638817896,30.8324949508421,29.9443150353883,0.284689762007304,0.82997704741765,1.12832169102689,1.28155602948288,0.9460807914935,0,30.000491112396,3.38965550627283,-0.000199384803778457,30,0,0,0,5,0.898594764799855,7250.35065968697,7805.7330252014,8105.12036215849
385.5,32.6364638817896,30.8324949508421,29.9443150353883,0.284620422562838,0.82999211696762,1.1282989867328,1.28153204825182,0.9460807914935,0,30.0004873449542,3.38943882050887,-0.000199384803778457,30,0,0,0,5,0.898375901777343,7250.37783739811,7805.68939947111,8105.07272024246
386,32.6364638817896,30.8324949508421,29.9443150353883,0.284876736107557,0.830007096716549,1.12827638200772,1.28150816949757,0.946085732204665,0,30.0004835223523,3.39023980033612,-0.000193408940921813,30,0,0,0,0,0.899184929849893,7250.40485323927,7805.64596527255,8105.02528215944
386.5,32.6364638817896,30.8324949508421,29.9443150353883,0.285428706281114,0.830021981779914,1.128253876415,1.28148439282357,0.946085732204665,0,30.0004796492716,3.39196470712848,-0.000193408940921813,30,0,0,0,0,0.900927168505708,7250.43169839969,7805.60272176388,8104.97804711837
387,32.6364638817896,30.8324949508421,29.9443150353883,0.286020426317345,0.830036770691354,1.1282314695196,1.28146071783377,0.946085732204665,0,30.0004757301906,3.3938138322417,-0.000193408940921813,30,0,0,0,0,0.902794873628068,7250.45837023319,7805.55966810646,8104.93101432933
387.5,32.6364638817896,30.8324949508421,29.9443150353883,0.28639326328294,0.830051465188565,1.12820916088842,1.28143714413281,0.946085732204665,0,30.0004717693919,3.39497894775919,-0.000193408940921813,30,0,0,0,0,0.903971696226272,7250.48487187212,7805.51680346536,8104.8841830037
388,32.6364638817896,30.8324949508421,29.9443150353883,0.286367575681853,0.830066069844666,1.12818695009037,1.28141367132593,0.946090869260956,0,30.0004677709703,3.39489867400579,-0.000187108388115576,30,0,0,0,5,0.903890615882202,7250.51121156259,7805.47412700951,8104.83755235419
388.5,32.6070509714023,30.8324949508421,29.9443150353883,0.286029463674213,0.830080589964061,1.12816483669623,1.28139029901915,0.946090869260956,0,30.0004637388394,3.39384207398192,-0.000187108388115576,30,0,0,0,5,0.902823399141287,7250.53739886973,7805.43163791153,8104.79112159498
389,32.6070509714023,30.8324949508421,29.9443150353883,0.285552140345315,0.830095028906534,1.12814282027879,1.28136702681916,0.946090869260956,0,30.0004591053927,3.39235043857911,-0.000187108388115576,30,0,0,0,5,0.901316775785953,7250.56343985162,7805.38933534788,8104.74488994171
389.5,32.6070509714023,30.8324949508421,29.9443150353883,0.285080751563904,0.830109387969555,1.12812090041271,1.28134385433339,0.946090869260956,0,30.0004533396879,3.3908773486372,-0.000187108388115576,30,0,0,0,5,0.899828884236308,7250.58933684696,7805.34721849867,8104.69885661142
390,32.6070509714023,30.8324949508421,29.9443150353883,0.284734960503171,0.830123666700511,1.12809907667456,1.28132078117,0.946098110787375,0,30.0004464988343,3.38979675157241,-0.000178599533712998,30,0,0,0,5,0.898737429332208,7250.61508903815,7805.30528654768,8104.65302082274
390.5,32.6070509714023,30.8324949508421,29.9443150353883,0.284611442902601,0.830137863131574,1.12807734864273,1.28129780693791,0.946098110787375,0,30.0004386377451,3.38941075907063,-0.000178599533712998,30,0,0,0,5,0.898347558377768,7250.64069287481,7805.26353868222,8104.60738179574
391,32.6070509714023,30.8324949508421,29.9443150353883,0.284797430858881,0.830151975432982,1.12805571589726,1.28127493124676,0.946098110787375,0,30.0004298092155,3.389991971434,-0.000178599533712998,30,0,0,0,5,0.898934610762972,7250.66614505558,7805.22197409283,8104.56193875201
391.5,32.6070509714023,30.8324949508421,29.9443150353883,0.285305959778076,0.830165999205502,1.12803417802021,1.28125215370702,0.946098110787375,0,30.0004200639975,3.39158112430649,-0.000178599533712998,30,0,0,0,0,0.900539731443521,7250.69143764485,7805.1805919739,8104.51669091479
392,32.6070509714023,30.8324949508421,29.9443150353883,0.285912032581568,0.830179932134112,1.12801273459532,1.28122947392992,0.946111607108719,0,30.000409450872,3.3934751018174,-0.000163780348793807,30,0,0,0,0,0.902452739640462,7250.71656646595,7805.13939152312,8104.47163750887
392.5,32.6070509714023,30.8324949508421,29.9443150353883,0.286346989048914,0.830193775250676,1.12799138520813,1.28120689152751,0.946111607108719,0,30.0003980167192,3.39483434077786,-0.000163780348793807,30,0,0,0,0,0.903825636233991,7250.74153337846,7805.09837194165,8104.42677776067
393,32.6070509714023,30.8324949508421,29.9443150353883,0.286403751995288,0.830207532630975,1.12797012944606,1.28118440611266,0.946111607108719,0,30.0003858065859,3.39501172498528,-0.000163780348793807,30,0,0,0,5,0.904004802797928,7250.76634573194,7805.05753243429,8104.38211089832
393.5,32.6070509714023,30.8324949508421,29.9443150353883,0.286113348304373,0.83022120967192,1.12794896689837,1.28116201729917,0.946111607108719,0,30.0003728637506,3.39410421345116,-0.000163780348793807,30,0,0,0,5,0.903088172587922,7250.7910132588,7805.0168722094,8104.33763615175
394,32.6070509714023,30.8612907888043,29.9443150353883,0.285651390415868,0.830234810158912,1.12792789715622,1.28113972470169,0.946130419927954,0,30.0003592297869,3.39266059504959,-0.000143691914750832,30,0,0,0,5,0.901630048708645,7250.81554278505,7804.97639047898,8104.29335275268
394.5,32.6070509714023,30.8612907888043,29.9443150353883,0.285168465415422,0.830248335742776,1.12790691981259,1.28111752793573,0.946130419927954,0,30.0011302071249,3.39115145442319,-0.000143691914750832,30,0,0,0,5,0.900105744237236,7250.83993728691,7804.93608645864,8104.24925993456
395,32.6070509714023,30.8612907888043,29.9443150353883,0.284789116943167,0.830261786269828,1.12788603446225,1.28109542661779,0.946130419927954,0,30.0018734800506,3.3899659904474,-0.000143691914750832,30,0,0,0,5,0.898908368719412,7250.86419648608,7804.89595936738,8104.20535693274
395.5,32.6070509714023,30.8612907888043,29.9443150353883,0.284614443266625,0.830275160029423,1.12786524070176,1.28107342036518,0.946130419927954,0,30.0025900200371,3.3894201352082,-0.000143691914750832,30,0,0,0,5,0.898357028726776,7250.88831729608,7804.85600842765,8104.16164298433
396,32.6070509714023,30.8612907888043,29.9443150353883,0.28473279384767,0.830288455042006,1.12784453812928,1.28105150879615,0.944960666794259,0,30.0032807648378,3.38978998077397,-0.00131230593513436,30,0,0,0,5,0.898730590500786,7250.91229614543,7804.81623286508,8104.11811732824
396.5,32.6070509714023,30.8612907888043,29.9443150353883,0.285186945443494,0.830301667399136,1.12782392634482,1.28102969152986,0.944960666794259,0,30.0039466196515,3.39120920451092,-0.00131230593513436,30,0,0,0,0,0.900164074597844,7250.93612598367,7804.77663190879,8104.07477920527
397,32.6070509714023,30.8612907888043,29.9443150353883,0.28579663971931,0.830314794070782,1.12780340495005,1.28100796818642,0.944960666794259,0,30.0045884582474,3.39311449912285,-0.00131230593513436,30,0,0,0,0,0.902088513610031,7250.95980134457,7804.73720479118,8104.03162785813
397.5,32.6070509714023,30.8612907888043,29.9443150353883,0.286284917233302,0.830327835362408,1.12778297354835,1.28098633838685,0.944960666794259,0,30.0052071240521,3.39464036635407,-0.00131230593513436,30,0,0,0,0,0.903629712755195,7250.98332277779,7804.69795074793,8103.98866253133
398,32.6070509714023,30.8612907888043,29.9443150353883,0.286425981116701,0.830340794788817,1.12776263174488,1.28096480175319,0.943934568412942,0,30.0058034311977,3.39508119098969,-0.00232137247906365,30,0,0,0,5,0.904074966796754,7251.00669662144,7804.65886901815,8103.94588247144
398.5,32.6070509714023,30.8612907888043,29.9443150353883,0.286190463857327,0.830353677701643,1.12774237914656,1.28094335790845,0.943934568412942,0,30.0063781655348,3.39434519955415,-0.00232137247906365,30,0,0,0,5,0.903331580119266,7251.02993252666,7804.61995884439,8103.90328692699
399,32.6070509714023,30.8612907888043,29.9443150353883,0.28574988492817,0.830366488308596,1.12772221536213,1.28092200647663,0.943934568412942,0,30.0069320856106,3.39296839040053,-0.00232137247906365,30,0,0,0,5,0.901940936787277,7251.05303808149,7804.58121947271,8103.86087514854
399.5,32.6070509714023,30.8612907888043,29.9443150353883,0.285260397135392,0.830379228628118,1.12770214000209,1.28090074708279,0.943934568412942,0,30.0074659236122,3.3914387410481,-0.00232137247906365,30,0,0,0,5,0.900395917518153,7251.0760169254,7804.54265015253,8103.81864638872
400,32.6070509714023,30.8612907888043,29.9443150353883,0.284851528512047,0.830391898816999,1.12768215267867,1.28087957935296,0.943032645456128,0,30.0079803862786,3.39016102660015,-0.00319215451145851,30,0,0,0,5,0.899105364595426,7251.09886934018,7804.50425013666,8103.77659990212
400.5,32.6070509714023,30.8612907888043,29.9443150353883,0.28462888321874,0.830404497430875,1.12766225300577,1.28085850291422,0.943032645456128,0,30.0084761557805,3.38946526005856,-0.00319215451145851,30,0,0,0,5,0.898402606991631,7251.1215927197,7804.46601868116,8103.7347349455
401,32.6070509714023,30.8612907888043,29.9443150353883,0.284682412235739,0.830417022400899,1.12764244059891,1.28083751739462,0.943032645456128,0,30.0089538905697,3.38963253823668,-0.00319215451145851,30,0,0,0,5,0.898571565980886,7251.14418333148,7804.42795504517,8103.69305077749
401.5,32.6070509714023,30.8612907888043,29.9443150353883,0.285074062515391,0.830429470296662,1.12762271507525,1.28081662242324,0.943032645456128,0,30.0094142261999,3.3908564453606,-0.00319215451145851,30,0,0,0,0,0.899807770923579,7251.16663498719,7804.39005849105,8103.65154665886
402,32.6070509714023,30.8612907888043,29.9443150353883,0.285676232003473,0.830441837529365,1.12760307605366,1.2807958176302,0.942238020239643,0,30.0098577761182,3.39273822501085,-0.0039431104472996,30,0,0,0,0,0.901708458695764,7251.1889412128,7804.35232828443,8103.61022185243
402.5,32.6070509714023,30.8612907888043,29.9443150353883,0.286208663493051,0.830454123665564,1.12758352315456,1.28077510264668,0.942238020239643,0,30.0102851324304,3.39440207341578,-0.0039431104472996,30,0,0,0,0,0.903389025449465,7251.21110122537,7804.31476369398,8103.56907562313
403,32.6070509714023,30.8612907888043,29.9443150353883,0.286432675268234,0.830466331615669,1.1275640560001,1.28075447710486,0.942238020239643,0,30.0106968666385,3.39510211021323,-0.0039431104472996,30,0,0,0,5,0.904096096216653,7251.23312027321,7804.27736399165,8103.52810723798
403.5,32.6070509714023,30.8612907888043,29.9443150353883,0.286259472197039,0.830478466540453,1.1275446742141,1.28073394063809,0.942238020239643,0,30.011093530354,3.39456085061575,-0.0039431104472996,30,0,0,0,5,0.903549398042734,7251.25500766356,7804.24012845269,8103.48731596624
404,32.6070509714023,30.8612907888043,29.9443150353883,0.285846508060952,0.830490533046608,1.12752537742214,1.28071349288074,0.941536072102735,0,30.0114756559861,3.39327033769047,-0.00459026239444711,30,0,0,0,5,0.902245918043588,7251.27677170441,7804.20305635575,8103.44670107932
404.5,32.6070509714023,30.8612907888043,29.9443150353883,0.285355629962558,0.830502533534729,1.12750616525146,1.2806931334683,0.941536072102735,0,30.0118437574061,3.39173634363299,-0.00459026239444711,30,0,0,0,5,0.900696510413819,7251.29841672473,7804.16614698261,8103.40626185082
405,32.6070509714023,30.8612907888043,29.9443150353883,0.284921458354058,0.830514468484219,1.12748703733098,1.28067286203736,0.941536072102735,0,30.0121983305887,3.39037955735643,-0.00459026239444711,30,0,0,0,5,0.899326091148749,7251.31994358831,7804.12939961838,8103.36599755657
405.5,32.6070509714023,30.8612907888043,29.9443150353883,0.284654190778951,0.83052633672644,1.12746799329123,1.28065267822561,0.941536072102735,0,30.0125398542319,3.38954434618422,-0.00459026239444711,30,0,0,0,5,0.898482487774681,7251.34135018641,7804.09281355126,8103.32590747459
406,32.6070509714023,30.8612907888043,29.9443150353883,0.284641891564392,0.830538135654158,1.12744903276435,1.28063258167182,0.94091413821684,0,30.0128687903542,3.38950591113873,-0.00514751614167039,30,0,0,0,5,0.898443666533848,7251.36263181547,7804.05638807258,8103.28599088509
406.5,32.6070509714023,30.8612907888043,29.9443150353883,0.284969799448241,0.830549863799485,1.1274301553838,1.28061257201577,0.94091413821684,0,30.0131855848728,3.39053062327575,-0.00514751614167039,30,0,0,0,0,0.899478674978427,7251.38378582696,7804.02012247616,8103.24624707027
407,32.6070509714023,30.8612907888043,29.9443150353883,0.285552872762123,0.83056151566915,1.12741136078504,1.28059264889846,0.94091413821684,0,30.0134906681606,3.39235272738164,-0.00514751614167039,30,0,0,0,0,0.901319087586366,7251.40480231169,7803.98401605975,8103.20667531484
407.5,32.6070509714023,30.8612907888043,29.9443150353883,0.286119913848582,0.830573090598206,1.12739264860478,1.28057281196194,0.94091413821684,0,30.0137844555843,3.39412473077682,-0.00514751614167039,30,0,0,0,0,0.903108896071665,7251.42568006931,7803.94806812348,8103.16727490554
408,32.6070509714023,30.8612907888043,29.9443150353883,0.286422193102294,0.830584590861591,1.12737401848138,1.28055306084937,0.94036125386333,0,30.0140673480243,3.39506935344467,-0.00562693920972492,30,0,0,0,5,0.904063010308081,7251.44642320211,7803.91227797074,8103.12804513142
408.5,32.6070509714023,30.8612907888043,29.9443150353883,0.286318987629941,0.830596021292544,1.12735547005487,1.28053339520505,0.94036125386333,0,30.0143397323762,3.39474683634356,-0.00562693920972492,30,0,0,0,5,0.903737252555145,7251.46704042694,7803.87664490806,8103.08898528375
409,32.6070509714023,30.8612907888043,29.9443150353883,0.285940101552174,0.830607386844227,1.1273370029669,1.28051381467445,0.94036125386333,0,30.014601982035,3.39356281735054,-0.00562693920972492,30,0,0,0,5,0.902541336539281,7251.48754067701,7803.84116824515,8103.05009465618
409.5,32.6070509714023,30.8612907888043,29.9443150353883,0.285453208982596,0.830618690314417,1.12731861686078,1.28049431890418,0.94036125386333,0,30.014854457363,3.39204127807061,-0.00562693920972492,30,0,0,0,5,0.901004508832666,7251.50792899789,7803.80584729489,8103.0113725446
410,32.6070509714023,30.8612907888043,29.9443150353883,0.284998134965835,0.830629932517549,1.12730031138137,1.28047490754199,0.939867926977286,0,30.0150975061413,3.39061917176823,-0.00603900245653222,30,0,0,0,5,0.899568113206162,7251.5282068578,7803.77068137321,8102.97281824727
410.5,32.6070509714023,30.8612907888043,29.9443150353883,0.284689762007311,0.830641112570625,1.12728208617512,1.28045558023679,0.939867926977286,0,30.0153314640054,3.38965550627285,-0.00603900245653222,30,0,0,0,5,0.898594764799877,7251.5483726633,7803.73566979908,8102.93443106469
411,32.6070509714023,30.8612907888043,29.9443150353883,0.284620422562975,0.830652228115391,1.12726394089001,1.28043633663861,0.939867926977286,0,30.0155566548661,3.3894388205093,-0.00603900245653222,30,0,0,0,5,0.898375901777775,7251.56842215991,7803.70081189446,8102.89621029967
411.5,32.6070509714023,30.8612907888043,29.9443150353883,0.284876736107819,0.830663277398464,1.12724587517532,1.28041717639858,0.939867926977286,0,30.015773391316,3.39023980033693,-0.00603900245653222,30,0,0,0,0,0.89918492985072,7251.58835218417,7803.66610698374,8102.85815525717
412,32.6070509714023,30.8612907888043,29.9443150353883,0.285428706281124,0.830674255394966,1.12722788868213,1.28039809916903,0.93942594245982,0,30.0159819750218,3.39196470712851,-0.00639279000871795,30,0,0,0,0,0.900927168505739,7251.60815367166,7803.63155439491,8102.82026524462
412.5,32.6070509714023,30.8612907888043,29.9443150353883,0.286020426318271,0.830685160499189,1.12720998106282,1.2803791046034,0.93942594245982,0,30.0161826971026,3.3938138322446,-0.00639279000871795,30,0,0,0,0,0.90279487363099,7251.6278237252,7803.59715345839,8102.78253957159
413,32.6070509714023,30.8612907888043,29.9443150353883,0.286393263282897,0.830695994310456,1.12719215197132,1.28036019235629,0.93942594245982,0,30.0163758384959,3.39497894775905,-0.00639279000871795,30,0,0,0,0,0.903971696226135,7251.64736522867,7803.56290350761,8102.74497755006
413.5,32.6070509714023,30.8612907888043,29.9443150353883,0.286367575681975,0.83070676126446,1.12717440106312,1.28034136208346,0.93942594245982,0,30.0165616703108,3.39489867400617,-0.00639279000871795,30,0,0,0,5,0.903890615882587,7251.66678618211,7803.528803879,8102.70757849427
414,32.6070509714023,30.8612907888043,29.9443150353883,0.286029463674199,0.830717466529067,1.12715672799526,1.28032261344188,0.939028192336423,0,30.0167404541681,3.39384207398187,-0.00669618166724462,30,0,0,0,5,0.902823399141243,7251.6860959063,7803.49485391208,8102.67034172093
414.5,32.6070509714023,30.8612907888043,29.9443150353883,0.285552140345359,0.830728113328219,1.12713913242641,1.28030394608969,0.939028192336423,0,30.0169124425302,3.39235043857925,-0.00669618166724462,30,0,0,0,5,0.901316775786091,7251.70530021574,7803.46105294937,8102.63326654903
415,32.6070509714023,30.8612907888043,29.9443150353883,0.285080751564694,0.830738702824222,1.12712161401671,1.28028535968619,0.939028192336423,0,30.0170778790181,3.39087734863967,-0.00669618166724462,30,0,0,0,5,0.8998288842388,7251.72440120626,7803.42740033636,8102.59635229997
415.5,32.6070509714023,30.8612907888043,29.9443150353883,0.284734960503181,0.830749234430066,1.12710417242784,1.28026685389189,0.939028192336423,0,30.0172369987185,3.38979675157244,-0.00669618166724462,30,0,0,0,5,0.89873742933224,7251.74339781833,7803.39389542143,8102.55959829752
416,32.6070509714023,30.8612907888043,29.9443150353883,0.284611442903005,0.830759706044247,1.12708680732291,1.28024842836845,0.938668528360722,0,30.0173900284797,3.38941075907189,-0.00695601139189677,30,0,0,0,5,0.898347558379044,7251.76228626062,7803.36053755579,8102.52300386776
416.5,32.6070509714023,30.8612907888043,29.9443150353883,0.284797430856335,0.830770115704149,1.12706951836635,1.28023008277863,0.938668528360722,0,30.0175371871978,3.38999197142605,-0.00695601139189677,30,0,0,0,5,0.898934610754936,7251.78106299228,7803.32732609316,8102.48656833897
417,32.6070509714023,30.8612907888043,29.9443150353883,0.285305959778074,0.830780458878278,1.12705230522423,1.28021181678642,0.938668528360722,0,30.017678686092,3.39158112430648,-0.00695601139189677,30,0,0,0,0,0.900539731443512,7251.79971983875,7803.29426039041,8102.4502910419
417.5,32.6070509714023,30.8612907888043,29.9443150353883,0.285912032581989,0.830790733120338,1.12703516756389,1.28019363005696,0.938668528360722,0,30.0178147289719,3.39347510181871,-0.00695601139189677,30,0,0,0,0,0.902452739641789,7251.81825238664,7803.26133980692,8102.41417130962
418,32.6070509714023,30.8612907888043,29.9443150353883,0.286346989048996,0.830800939331805,1.12701810505414,1.28017552225655,0.938341634110202,0,30.0179455124941,3.39483434077811,-0.00717820499763207,30,0,0,0,0,0.903825636234251,7251.83666226123,7803.2285637049,8102.37820847746
418.5,32.6070509714023,30.8612907888043,29.9443150353883,0.286403751995456,0.830811081458987,1.12700111736527,1.28015749305267,0.938341634110202,0,30.0180712264109,3.3950117249858,-0.00717820499763207,30,0,0,0,5,0.904004802798457,7251.85495658008,7803.19593144938,8102.3424018832
419,32.6070509714023,30.8612907888043,29.9443150353883,0.286113348304365,0.830821164770135,1.12698420416912,1.28013954211401,0.938341634110202,0,30.0181920538101,3.39410421345114,-0.00717820499763207,30,0,0,0,5,0.903088172587897,7251.87314484531,7803.16344240841,8102.30675086698
419.5,32.6070509714023,30.8612907888043,29.9443150353883,0.285651390415935,0.830831192922695,1.12696736513897,1.28012166911047,0.938341634110202,0,30.0183081713462,3.3926605950498,-0.00717820499763207,30,0,0,0,5,0.901630048708857,7251.89123365359,7803.13109595283,8102.27125477138
420,32.6070509714023,30.8612907888043,29.9443150353883,0.285168465416453,0.830841167440222,1.12695059994962,1.28010387371313,0.938042914002608,0,30.018419749464,3.39115145442642,-0.00736789978560069,30,0,0,0,5,0.900105744240493,7251.90922575247,7803.09889145639,8102.23591294133
420.5,32.6070509714023,30.8612907888043,29.9443150353883,0.284789116943171,0.830851088042406,1.1269339082773,1.28008615559424,0.938042914002608,0,30.0185269526146,3.38996599044741,-0.00736789978560069,30,0,0,0,5,0.898908368719426,7251.92712063574,7803.06682829563,8102.20072472413
421,32.6070509714023,30.8612907888043,29.9443150353883,0.284614443267365,0.830860952892648,1.12691728979963,1.28006851442727,0.938042914002608,0,30.0186299394633,3.38942013521052,-0.00736789978560069,30,0,0,0,5,0.89835702872911,7251.9449149899,7803.03490584978,8102.1656894695
421.5,32.6070509714023,30.8612907888043,29.9443150353883,0.284732793847718,0.830870759886248,1.12690074419553,1.28005094988678,0.938042914002608,0,30.018728863091,3.38978998077412,-0.00736789978560069,30,0,0,0,5,0.898730590500936,7251.96260501783,7803.00312350054,8102.13080652936
422,32.6070509714023,30.8612907888043,29.9443150353883,0.285186945443431,0.830880504990216,1.12688427114537,1.28003346164858,0.937768397008995,0,30.0188238711883,3.39120920451072,-0.00752954847533829,30,0,0,0,0,0.900164074597646,7251.98018344408,7802.97148063245,8102.09607525808
422.5,32.6070509714023,30.8612907888043,29.9443150353883,0.285796639716905,0.830890185050805,1.12686787033085,1.28001604938959,0.937768397008995,0,30.0189151062428,3.39311449911533,-0.00752954847533829,30,0,0,0,0,0.902088513602441,7251.99764457917,7802.93997663262,8102.06149501232
423,32.6070509714023,30.8612907888043,29.9443150353883,0.286284917233374,0.830899800250571,1.12685154143504,1.27999871278794,0.937768397008995,0,30.0190027057199,3.39464036635429,-0.00752954847533829,30,0,0,0,0,0.903629712755421,7252.01498875167,7802.90861089074,8102.02706515112
423.5,32.6070509714023,30.8612907888043,29.9443150353883,0.286425981117195,0.830909353982357,1.12683528414237,1.27998145152292,0.937768397008995,0,30.0190868022381,3.39508119099124,-0.00752954847533829,30,0,0,0,5,0.904074966798315,7252.03222208102,7802.87738279926,8101.99278503585
424,32.6070509714023,30.8612907888043,29.9443150353883,0.286190463857371,0.830918851476612,1.12681909813879,1.27996426527505,0.93751465312107,0,30.0191675237368,3.39434519955429,-0.00766700949472465,30,0,0,0,5,0.903331580119407,7252.04935400141,7802.84629175346,8101.95865403034
424.5,32.6070509714023,30.8612907888043,29.9443150353883,0.285749884928399,0.830928296820485,1.12680298311166,1.27994715372603,0.93751465312107,0,30.0192449936399,3.39296839040125,-0.00766700949472465,30,0,0,0,5,0.901940936787999,7252.06639188483,7802.81533715133,8101.92467150076
425,32.6070509714023,30.8612907888043,29.9443150353883,0.285260397135345,0.830937691912513,1.12678693874974,1.27993011655876,0.93751465312107,0,30.0193193310125,3.39143874104795,-0.00766700949472465,30,0,0,0,5,0.900395917518004,7252.08333915537,7802.78451839365,8101.89083681573
425.5,32.6070509714023,30.8612907888043,29.9443150353883,0.284851528512046,0.830947036790262,1.12677096474319,1.27991315345732,0.93751465312107,0,30.0193906507126,3.39016102660014,-0.00766700949472465,30,0,0,0,5,0.899105364595423,7252.10019588027,7802.75383488384,8101.8571493462
426,32.6070509714023,30.8612907888043,29.9443150353883,0.284628883219716,0.830956329890697,1.12675506078354,1.27989626410699,0.937278720895165,0,30.0194590635379,3.38946526006161,-0.00778362541517765,30,0,0,0,5,0.898402606994712,7252.11695923951,7802.72328602799,8101.82360846547
426.5,32.6070509714023,30.8612907888043,29.9443150353883,0.284682412235787,0.830965569027097,1.12673922656353,1.27987944819418,0.937278720895165,0,30.0195246763672,3.38963253823683,-0.00778362541517765,30,0,0,0,5,0.898571565981039,7252.13362528802,7802.69287123451,8101.79021354922
427,32.6070509714023,30.8612907888043,29.9443150353883,0.285074062515487,0.830974750651666,1.12672346177727,1.27986270540646,0.937278720895165,0,30.0195875922966,3.3908564453609,-0.00778362541517765,30,0,0,0,0,0.899807770923885,7252.15018762551,7802.66258991449,8101.75696397534
427.5,32.6070509714023,30.8612907888043,29.9443150353883,0.285676232003454,0.830983871059095,1.12670776612016,1.2798460354326,0.937278720895165,0,30.0196479107714,3.39273822501079,-0.00778362541517765,30,0,0,0,0,0.901708458695701,7252.16663956753,7802.63244148148,8101.72385912418
428,32.6070509714023,30.8612907888043,29.9443150353883,0.286208663493029,0.830992929700124,1.12669213928892,1.27982943796252,0.937058044608989,0,30.0197057277136,3.39440207341572,-0.00788229108545551,30,0,0,0,0,0.903389025449396,7252.18298012263,7802.60242535157,8101.69089837835
428.5,32.6070509714023,30.8612907888043,29.9443150353883,0.286432675269002,0.83100192937023,1.12667658098157,1.27981291268729,0.937058044608989,0,30.0197611356447,3.39510211021563,-0.00788229108545551,30,0,0,0,5,0.904096096219078,7252.19921433287,7802.57254094339,8101.65808112277
429,32.6070509714023,30.8612907888043,29.9443150353883,0.286259472197051,0.831010875115985,1.12666109089751,1.27979645929922,0.937058044608989,0,30.0198142238037,3.39456085061578,-0.00788229108545551,30,0,0,0,5,0.90354939804277,7252.21535130102,7802.54278767823,8101.62540674487
429.5,32.6070509714023,30.8612907888043,29.9443150353883,0.285846508061386,0.831019771430543,1.12664566873755,1.27978007749177,0.937058044608989,0,30.0198650782624,3.39327033769183,-0.00788229108545551,30,0,0,0,5,0.902245918044957,7252.23139913162,7802.5131649801,8101.59287463435
430,32.6070509714023,30.8612907888043,29.9443150353883,0.28535562995976,0.831028620601602,1.12663031420385,1.27976376695961,0.936850419763232,0,30.0199137820354,3.39173634362425,-0.00796551281414679,30,0,0,0,5,0.900696510404987,7252.24736195091,7802.48367227558,8101.56048418333
430.5,32.6070509714023,30.8612907888043,29.9443150353883,0.28492145835404,0.831037422996189,1.1266150269999,1.27974752739857,0.936850419763232,0,30.0199604151868,3.39037955735638,-0.00796551281414679,30,0,0,0,5,0.899326091148693,7252.26324042048,7802.45430899392,8101.52823478625
431,32.6070509714023,30.8612907888043,29.9443150353883,0.284654190779058,0.831046177333923,1.12659980683052,1.27973135850569,0.936850419763232,0,30.0200050549333,3.38954434618456,-0.00796551281414679,30,0,0,0,5,0.898482487775018,7252.27903223022,7802.42507456678,8101.49612583998
431.5,32.6070509714023,30.8612907888043,29.9443150353883,0.284641891564402,0.831054880896447,1.12658465340175,1.2797152599791,0.936850419763232,0,30.0200477757439,3.38950591113875,-0.00796551281414679,30,0,0,0,5,0.898443666533877,7252.29473247602,7802.39596842834,8101.46415674358
432,32.6070509714023,30.8612907888043,29.9443150353883,0.284969799448466,0.831063532105458,1.12656956642065,1.27969923151806,0.936653945827516,0,30.0200886494351,3.39053062327646,-0.00803545977405378,30,0,0,0,0,0.899478674979137,7252.31033831031,7802.36699001462,8101.43232689831
432.5,32.6070509714023,30.8612907888043,29.9443150353883,0.285552872762193,0.831072125357754,1.12655454559594,1.27968327282311,0.936653945827516,0,30.0201277452644,3.39235272738185,-0.00803545977405378,30,0,0,0,0,0.901319087586585,7252.32583962498,7802.33813876495,8101.40063570805
433,32.6070509714023,30.8612907888043,29.9443150353883,0.286119913848709,0.831080659879328,1.12653959063732,1.2796673835958,0.936653945827516,0,30.0201651300193,3.39412473077722,-0.00803545977405378,30,0,0,0,0,0.903108896072066,7252.34123502323,7802.30941412046,8101.36908257868
433.5,32.6070509714023,30.8612907888043,29.9443150353883,0.286422193103211,0.831089137836804,1.1265247012558,1.2796515635389,0.936653945827516,0,30.0202008681034,3.39506935344754,-0.00803545977405378,30,0,0,0,5,0.904063010310976,7252.35652841287,7802.28081552486,8101.3376669185
434,32.6070509714023,30.8612907888043,29.9443150353883,0.286318987629864,0.831097563955847,1.12650987716368,1.27963581235636,0.936466985271522,0,30.0202350216205,3.39474683634333,-0.00809400864818883,30,0,0,0,5,0.903737252554904,7252.37172831802,7802.25234242436,8101.3063881382
434.5,32.6070509714023,30.8612907888043,29.9443150353883,0.285940101553004,0.83110594308266,1.12649511807465,1.27962012975329,0.936466985271522,0,30.0202676504542,3.39356281735314,-0.00809400864818883,30,0,0,0,5,0.902541336541902,7252.38684348029,7802.22399426783,8101.27524565075
435,32.6070509714023,30.8612907888043,29.9443150353883,0.285453208982571,0.831114277908638,1.12648042370367,1.27960451543596,0.936466985271522,0,30.0202988123463,3.39204127807053,-0.00809400864818883,30,0,0,0,5,0.901004508832587,7252.40187875425,7802.19577050659,8101.24423887148
435.5,32.6070509714023,30.8612907888043,29.9443150353883,0.284998134965877,0.8311225691424,1.126465793767,1.27958896911183,0.936466985271522,0,30.0203285629712,3.39061917176836,-0.00809400864818883,30,0,0,0,5,0.899568113206293,7252.4168354178,7802.16767059446,8101.21336721808
436,32.6070509714023,30.8612907888043,29.9443150353883,0.284689762004547,0.83113081579569,1.12645122798212,1.27957349048949,0.936288128050933,0,30.0203569560086,3.38965550626421,-0.00814278240345345,30,0,0,0,5,0.898594764791151,7252.43171168778,7802.13969398766,8101.18263011044
436.5,32.6070509714023,30.8612907888043,29.9443150353883,0.284620422563021,0.831139015405591,1.1264367260678,1.27955807927867,0.936288128050933,0,30.0203840432134,3.38943882050944,-0.00814278240345345,30,0,0,0,5,0.898375901777919,7252.44650312088,7802.11184014483,8101.15202697086
437,32.6070509714023,30.8612907888043,29.9443150353883,0.284876736108279,0.831147166114647,1.12642228774368,1.27954273519018,0.936288128050933,0,30.0204098744827,3.39023980033837,-0.00814278240345345,30,0,0,0,0,0.899184929852173,7252.46120636594,7802.08410852639,8101.12155722365
437.5,32.6070509714023,30.8612907888043,29.9443150353883,0.285428706281127,0.83115526279447,1.12640791273103,1.27952745793603,0.936288128050933,0,30.0204344979216,3.39196470712852,-0.00814278240345345,30,0,0,0,0,0.900927168505748,7252.47581217128,7802.05649859578,8101.09122029564
438,32.6070509714023,30.8612907888043,29.9443150353883,0.286020426318482,0.831163303736568,1.12639360075201,1.27951224722936,0.936116160829783,0,30.0204579599053,3.39381383224526,-0.00818318396210884,30,0,0,0,0,0.902794873631658,7252.49031745441,7802.02900981828,8101.0610156158
438.5,32.6070509714023,30.8612907888043,29.9443150353883,0.286393263282388,0.831171290438189,1.12637935153007,1.27949710278438,0.936116160829783,0,30.0204803051403,3.39497894775746,-0.00818318396210884,30,0,0,0,0,0.90397169622453,7252.50472491575,7802.00164166157,8101.03094261538
439,32.6070509714023,30.8612907888043,29.9443150353883,0.286367575681895,0.831179227233671,1.12636516478988,1.27948202431648,0.936116160829783,0,30.0205015767229,3.39489867400592,-0.00818318396210884,30,0,0,0,5,0.903890615882334,7252.51904237367,7801.97439359574,8101.00100072785
439.5,32.6070509714023,30.8612907888043,29.9443150353883,0.286029463675203,0.831187119190139,1.12635104025743,1.27946701154222,0.936116160829783,0,30.0205218161953,3.39384207398501,-0.00818318396210884,30,0,0,0,5,0.902823399144412,7252.53327896853,7801.9472650934,8100.97118938908
440,32.6070509714023,30.8612907888043,29.9443150353883,0.285552140345347,0.831194969431328,1.12633697765994,1.27945206417928,0.935950040307148,0,30.0205410636006,3.39235043857921,-0.00821642544024996,30,0,0,0,5,0.901316775786053,7252.54744033495,7801.92025562953,8100.9415080372
440.5,32.6070509714023,30.8612907888043,29.9443150353883,0.285080751564655,0.831202779019862,1.12632297672587,1.27943718194651,0.935950040307148,0,30.0205593575353,3.39087734863955,-0.00821642544024996,30,0,0,0,5,0.899828884238677,7252.56152838946,7801.89336468154,8100.91195611262
441,32.6070509714023,30.8612907888043,29.9443150353883,0.28473496050317,0.831210547269604,1.12630903718488,1.27942236456386,0.935950040307148,0,30.0205767352002,3.38979675157241,-0.00821642544024996,30,0,0,0,5,0.898737429332206,7252.57554189398,7801.8665917291,8100.88253305799
441.5,32.6070509714023,30.8612907888043,29.9443150353883,0.284611442902998,0.83121827198042,1.12629515876779,1.2794076117524,0.935950040307148,0,30.0205932324492,3.38941075907187,-0.00821642544024996,30,0,0,0,5,0.898347558379022,7252.58947687918,7801.83993625418,8100.85323831818
442,32.6070509714023,30.8612907888043,29.9443150353883,0.284797430857221,0.831225951091677,1.12628134120643,1.2793929232343,0.93578887010915,0,30.0206088838372,3.38999197142882,-0.00824355353487363,30,0,0,0,5,0.898934610757732,7252.60332962742,7801.81339774063,8100.82407134024
442.5,32.6070509714023,30.8612907888043,29.9443150353883,0.285305959778112,0.831233579974389,1.12626758423395,1.27937829873282,0.93578887010915,0,30.0206237226652,3.3915811243066,-0.00824355353487363,30,0,0,0,0,0.900539731443634,7252.61709178779,7801.78697567491,8100.79503157343
443,32.6070509714023,30.8612907888043,29.9443150353883,0.28591203258252,0.83124115608539,1.12625388758452,1.27936373797235,0.93578887010915,0,30.0206377810248,3.39347510182038,-0.00824355353487363,30,0,0,0,0,0.902452739643466,7252.63075877211,7801.76066954543,8100.76611846929
443.5,32.6070509714023,30.8612907888043,29.9443150353883,0.286346989046402,0.831248680229956,1.12624025099347,1.27934924067839,0.93578887010915,0,30.0206510898409,3.39483434077001,-0.00824355353487363,30,0,0,0,0,0.903825636226062,7252.64433203261,7801.73447884281,8100.73733148146
444,32.6070509714023,30.8612907888043,29.9443150353883,0.286403751995484,0.831256156258921,1.12622667419732,1.27933480657751,0.935631880771098,0,30.0206636789123,3.39501172498589,-0.00826547156491983,30,0,0,0,5,0.904004802798547,7252.65781851561,7801.70840306001,8100.70867006586
444.5,32.6070509714023,30.8612907888043,29.9443150353883,0.286113348304026,0.831263589345618,1.12621315693381,1.27932043539746,0.935631880771098,0,30.020675576952,3.39410421345008,-0.00826547156491983,30,0,0,0,5,0.903088172586827,7252.67122755322,7801.6824416923,8100.68013368066
445,32.6070509714023,30.8612907888043,29.9443150353883,0.285651390415942,0.83127098305314,1.12619969894189,1.27930612686706,0.935631880771098,0,30.0206868116252,3.39266059504982,-0.00826547156491983,30,0,0,0,5,0.901630048708879,7252.68456557282,7801.65659423733,8100.65172178624
445.5,32.6070509714023,30.8612907888043,29.9728340320168,0.285168465416388,0.831278338811107,1.1261862999617,1.2792918807163,0.935631880771098,0,30.020697409586,3.39115145442621,-0.00826547156491983,30,0,0,0,5,0.900105744240287,7252.69783515306,7801.630860195,8100.62343384526
446,32.6070509714023,30.8612907888043,29.9728340320168,0.284789116943123,0.831285656245825,1.12617295973454,1.27927769667622,0.935478412402972,0,30.0207073965136,3.38996599044726,-0.0082829586054558,30,0,0,0,5,0.898908368719274,7252.71103561949,7801.60523906749,8100.59526932251
446.5,32.6070509714023,30.8612907888043,29.9728340320168,0.28461444326748,0.831292933427844,1.12615967800284,1.279263574479,0.935478412402972,0,30.0207167971466,3.38942013521087,-0.0082829586054558,30,0,0,0,5,0.898357028729474,7252.7241634911,7801.57973035912,8100.56722768501
447,32.6070509714023,30.8612907888043,29.9728340320168,0.284732793848474,0.831300168160096,1.12614645450998,1.2792495138578,0.935478412402972,0,30.0207256353159,3.38978998077648,-0.0082829586054558,30,0,0,0,5,0.898730590503325,7252.7372148041,7801.55433357609,8100.53930840184
447.5,32.6070509714023,30.8612907888043,29.9728340320168,0.285186945443501,0.83130735631774,1.12613328900055,1.27923551454695,0.935478412402972,0,30.0207339339772,3.39120920451094,-0.0082829586054558,30,0,0,0,0,0.900164074597866,7252.75018211699,7801.5290482269,8100.51151094427
448,32.6070509714023,30.8612907888043,29.9728340320168,0.285796639717747,0.831314494655739,1.1261201812202,1.27922157628182,0.935327899676963,0,30.0207417152417,3.39311449911796,-0.00829668609669625,30,0,0,0,0,0.902088513605096,7252.76305957539,7801.50387382209,8100.48383478579
448.5,32.6070509714023,30.8612907888043,29.9728340320168,0.286284917233337,0.831321583266063,1.12610713091562,1.27920769879882,0.935327899676963,0,30.0207490004063,3.39464036635418,-0.00829668609669625,30,0,0,0,0,0.903629712755303,7252.7758473448,7801.47880987423,8100.45627940186
449,32.6070509714023,30.8612907888043,29.9728340320168,0.286425981117226,0.831328625451557,1.12609413783467,1.27919388183551,0.935327899676963,0,30.0207558099819,3.39508119099133,-0.00829668609669625,30,0,0,0,5,0.904074966798412,7252.78855138314,7801.45385589814,8100.42884427027
449.5,32.6070509714023,30.8612907888043,29.9728340320168,0.286190463854648,0.831335626353236,1.12608120172634,1.27918012513048,0.935327899676963,0,30.0207621637219,3.39434519954578,-0.00829668609669625,30,0,0,0,5,0.903331580110812,7252.8011809644,7801.42901141084,8100.4015288709
450,32.6070509714023,30.8612907888043,29.9728340320168,0.285749884928408,0.83134258996938,1.12606832234081,1.27916642842344,0.935179858835795,0,30.0207680806486,3.39296839040127,-0.00830723225943331,30,0,0,0,5,0.901940936788027,7252.81374330114,7801.40427593159,8100.37433268582
450.5,32.6070509714023,30.8612907888043,29.9728340320168,0.285260397135355,0.831349518110098,1.12605549942941,1.27915279145521,0.935179858835795,0,30.0207735790793,3.39143874104798,-0.00830723225943331,30,0,0,0,5,0.900395917518034,7252.8262416585,7801.3796489819,8100.34725519931
451,32.6070509714023,30.8612907888043,29.9728340320168,0.28485152851208,0.831356410724944,1.12604273274455,1.27913921396762,0.935179858835795,0,30.0207786766513,3.39016102660025,-0.00830723225943331,30,0,0,0,5,0.89910536459553,7252.83867594519,7801.35513008539,8100.32029589772
451.5,32.6070509714023,30.8612907888043,29.9728340320168,0.284628883220001,0.831363266163417,1.12603002203975,1.27912569570363,0.935179858835795,0,30.0207833903461,3.3894652600625,-0.00830723225943331,30,0,0,0,5,0.898402606995611,7252.85104318344,7801.33071876776,8100.29345426959
452,32.6070509714023,30.8612907888043,29.9728340320168,0.284682412234619,0.831370082151777,1.12601736706947,1.27911223640718,0.93503387644671,0,30.0207877365127,3.38963253823319,-0.00831509460509778,30,0,0,0,5,0.898571565977353,7252.86333927111,7801.3064145566,8100.26672980547
452.5,32.6070509714023,30.8612907888043,29.9728340320168,0.27880894366503,0.831571046482261,1.12600831692681,1.2790999502013,0.93503387644671,0,30.0207917308901,3.37127794895322,-0.00831509460509778,30,0,0,0,0,0.880032549784302,7253.22588811701,7801.28903355465,8100.24233467145
453,32.6070509714023,30.8612907888043,29.9728340320168,0.279415373933355,0.831775031985293,1.12600641459738,1.27909000888543,0.93503387644671,0,30.020795388629,3.37317304354173,-0.00831509460509778,30,0,0,0,0,0.88194668628324,7253.59390287913,7801.28538009262,8100.22259553115
453.5,32.6070509714023,30.8612907888043,29.9728340320168,0.27994610450192,0.831977798269255,1.12601119959882,1.2790823531658,0.93503387644671,0,30.0207987243126,3.3748315765685,-0.00831509460509778,30,0,0,0,0,0.88362188424986,7253.95973358064,7801.29456978721,8100.20739462271
454,32.6070509714023,30.8612907888043,29.9728340320168,0.280164922366382,0.832179355046792,1.12602223746794,1.27907692441445,0.934889599670782,0,30.0208017519771,3.37551538239494,-0.00832070079083707,30,0,0,0,5,0.884312560957249,7254.32339746735,7801.31576828014,8100.19661551406
454.5,32.6070509714023,30.8612907888043,29.9728340320168,0.279985076977539,0.83237971420799,1.12603912022975,1.27907366531566,0.934889599670782,0,30.0208044851311,3.37495336555481,-0.00832070079083707,30,0,0,0,5,0.883744896971904,7254.68491571859,7801.34819212764,8100.19014438574
455,32.6070509714023,30.8612907888043,29.9728340320168,0.279565777721071,0.832578887031868,1.12606146478894,1.27907251983714,0.934889599670782,0,30.0208069367745,3.37364305537835,-0.00832070079083707,30,0,0,0,5,0.882421420798788,7255.04430841623,7801.3911057015,8100.1878699733
455.5,32.6070509714023,30.8612907888043,29.9728340320168,0.279070305955555,0.832776882529299,1.12608891141924,1.27907343320205,0.934889599670782,0,30.0208091194164,3.37209470611111,-0.00832070079083707,30,0,0,0,5,0.880857513718112,7255.40159155417,7801.44381827969,8100.18968351099
456,32.6070509714023,30.8612907888043,29.9728340320168,0.27863444867661,0.832973707733718,1.12612112234444,1.27907635186147,0.934746727850438,0,30.020811045093,3.37073265211441,-0.00832441803719348,30,0,0,0,5,0.879481773802852,7255.75677756201,7801.50568131434,8100.19547867681
456.5,32.6070509714023,30.8612907888043,29.9728340320168,0.278369330686182,0.833169367977246,1.12615778040554,1.2790812234676,0.934746727850438,0,30.0208127253843,3.36990415839432,-0.00832441803719348,30,0,0,0,5,0.878644955377864,7256.10987580264,7801.57608586624,8100.20515153869
457,32.6070509714023,30.8612907888043,29.9728340320168,0.278363727424212,0.833363867102151,1.12619858780901,1.27908799684744,0.934746727850438,0,30.0208141714305,3.36988664820066,-0.00832441803719348,30,0,0,0,5,0.878627269241782,7256.4608929532,7801.65446019593,8100.21860050185
457.5,32.6070509714023,30.8612907888043,29.9728340320168,0.278702865980327,0.833557210064387,1.12624326495064,1.27909662197701,0.934746727850438,0,30.0208153939478,3.37094645618852,-0.00832441803719348,30,0,0,0,0,0.879697726180304,7256.80983770349,7801.74026750108,8100.23572625716
458,32.6070509714023,30.8612907888043,29.9728340320168,0.279291725798129,0.833749397784286,1.12629154931187,1.27910704995648,0.934605005230082,0,30.0208164032436,3.37278664311915,-0.00832656129742873,30,0,0,0,0,0.881556403309215,7257.15671146231,7801.83300379354,8100.25643173137
458.5,32.6070509714023,30.8612907888043,29.9728340320168,0.279858047460859,0.833940436080724,1.12634319442174,1.2791192329853,0.934605005230082,0,30.020817209231,3.37455639831519,-0.00832656129742873,30,0,0,0,0,0.883343941005456,7257.50152448199,7801.9321959031,8100.28062203744
459,32.6070509714023,30.8612907888043,29.9728340320168,0.28015565850756,0.834130333651237,1.12639796888289,1.27913312433827,0.934605005230082,0,30.0208178214433,3.37548643283612,-0.00832656129742873,30,0,0,0,5,0.884283320513261,7257.84429221411,7802.03739960482,8100.30820442653
459.5,32.6070509714023,30.8612907888043,29.9728340320168,0.280045947269065,0.834319101678798,1.12645565545641,1.2791486783421,0.934605005230082,0,30.0208182490474,3.37514358521583,-0.00832656129742873,30,0,0,0,5,0.883937027960076,7258.18503460073,7802.14819785977,8100.33908824124
460,32.6070509714023,30.8612907888043,29.9728340320168,0.279660540757802,0.83450675141186,1.12651605020219,1.27916585035227,0.934464214668083,0,30.0208185008569,3.37393918986813,-0.00832740034277322,30,0,0,0,5,0.882720530847927,7258.52377170672,7802.26419916274,8100.37318486934
460.5,32.6070509714023,30.8612907888043,29.9728340320168,0.279168604791113,0.834693291882393,1.12657896167144,1.27918459673062,0.934464214668083,0,30.0208185853454,3.37240188997223,-0.00832740034277322,30,0,0,0,5,0.88116778416267,7258.86051960021,7802.38503599052,8100.410407699
461,32.6070509714023,30.8612907888043,29.9728340320168,0.278711182031798,0.834878730084182,1.12664421014825,1.27920487482327,0.934464214668083,0,30.0208185106578,3.37097244384937,-0.00832740034277322,30,0,0,0,5,0.879723974965168,7259.19529067364,7802.51036334453,8100.45067207465
461.5,32.5776489860096,30.8612907888043,29.9728340320168,0.278404128087814,0.835063071261728,1.12671162693717,1.27922664293907,0.934464214668083,0,30.0208182846233,3.37001290027442,-0.00832740034277322,30,0,0,0,5,0.878754789896376,7259.52809416462,7802.63985738216,8100.49389525396
462,32.5776489860096,30.8612907888043,29.9728340320168,0.27834052817238,0.835246319134745,1.126781053694,1.27924986032855,0.93432440065385,0,30.0208173436322,3.36981415053869,-0.00832693745286974,30,0,0,0,5,0.8785540431233,7259.85893656058,7802.77321413122,8100.53999636578
462.5,32.5776489860096,30.8612907888043,29.9728340320168,0.278607609711226,0.83542847799792,1.12685234179702,1.27927448716321,0.93432440065385,0,30.0208151605991,3.37064878034758,-0.00832693745286974,30,0,0,0,0,0.879397059292513,7260.18782538945,7802.91014828222,8100.58889636887
463,32.5776489860096,30.8612907888043,29.9443150353883,0.279167011575051,0.835609548853127,1.12692535175718,1.27930048451549,0.93432440065385,0,30.02081179615,3.37239691117203,-0.00832693745286974,30,0,0,0,0,0.881162755335492,7260.51476223616,7803.0503920556,8100.64051801187
463.5,32.5776489860096,30.8612907888043,29.9443150353883,0.279759095781327,0.835789536202457,1.12699995266291,1.279327814339,0.93432440065385,0,30.0208073085976,3.37424717431665,-0.00832693745286974,30,0,0,0,0,0.883031609924179,7260.83975500747,7803.19369413559,8100.69478579383
464,32.5776489860096,30.8612907888043,29.9443150353883,0.280127868548881,0.835968447709133,1.12707602165962,1.27935643944915,0.934190078832557,0,30.0208017540236,3.37539958921525,-0.0083207016094434,30,0,0,0,0,0.884195604287688,7261.16281732086,7803.33981867068,8100.75162592571
464.5,32.5776489860096,30.8612907888043,29.9443150353883,0.280095890579531,0.836146293803695,1.12715344346028,1.27938632350442,0.934190078832557,0,30.0207951863571,3.37529965806104,-0.0083207016094434,30,0,0,0,5,0.884094669025233,7261.48396779444,7803.48854433397,8100.81096629282
465,32.5776489860096,30.8612907888043,29.9443150353883,0.279751132396929,0.836323085591573,1.12723210988592,1.27941743098779,0.934190078832557,0,30.0207876574509,3.3742222887404,-0.0083207016094434,30,0,0,0,5,0.883006474297668,7261.80322626917,7803.639663441,8100.87273641798
465.5,32.5776489860096,30.8612907888043,29.9443150353883,0.279268364533151,0.836498832177513,1.12731191943392,1.27944972718879,0.934190078832557,0,30.0207792171548,3.3727136391661,-0.0083207016094434,30,0,0,0,5,0.881482665812438,7262.12060897708,7803.79298112088,8100.9368674256
466,32.5776489860096,30.8612907888043,29.9443150353883,0.278794002787084,0.836673540550147,1.12739277687245,1.27948317818571,0.934062079717023,0,30.0207699133868,3.37123125870964,-0.00830796535470597,30,0,0,0,5,0.879985390397152,7262.43612833212,7803.9483145378,8101.00329200638
466.5,32.5776489860096,30.8612907888043,29.9443150353883,0.278448730225104,0.836847215898239,1.12747459285952,1.27951775082841,0.934062079717023,0,30.0207597922015,3.37015228195345,-0.00830796535470597,30,0,0,0,5,0.878895572082518,7262.74979350061,7804.10549215977,8101.07194438288
467,32.5776489860096,30.8612907888043,29.9443150353883,0.278330017729418,0.837019861848102,1.12755728358519,1.27955341272136,0.934062079717023,0,30.0207488978564,3.36978130540443,-0.00830796535470597,30,0,0,0,5,0.878520867961136,7263.06161082941,7804.26435307189,8101.14276027585
467.5,32.5776489860096,30.8612907888043,29.9443150353883,0.278525788156304,0.837191482132085,1.12764077043529,1.27959013220701,0.934062079717023,0,30.0207372728758,3.37039308798845,-0.00830796535470597,30,0,0,0,5,0.879138797736559,7263.37158685901,7804.42474633089,8101.21567687111
468,32.5776489860096,30.8612907888043,29.9443150353883,0.279043436060588,0.837362077884544,1.12772497967609,1.2796278783498,0.933939261320688,0,30.0207249581125,3.37201073768934,-0.00828998324500105,30,0,0,0,0,0.88077270158164,7263.67972343939,7804.58653035992,8101.29063278761
468.5,32.5776489860096,30.8612907888043,29.9443150353883,0.279651061996806,0.837531652404411,1.12780984215751,1.2796666209202,0.933939261320688,0,30.0207119928073,3.37390956874002,-0.00828998324500105,30,0,0,0,0,0.882690612086718,7263.98602633193,7804.74957237891,8101.36756804576
469,32.5776489860096,30.8612907888043,29.9443150353883,0.280082648197569,0.837700212319146,1.1278952930346,1.27970633037925,0.933939261320688,0,30.020698414647,3.3752582756174,-0.00828998324500105,30,0,0,0,0,0.884052870770806,7264.29050731267,7804.9137478701,8101.44642403659
469.5,32.5776489860096,30.8324949508421,29.9443150353883,0.280133409207757,0.837867767235331,1.12798127150604,1.27974697786345,0.933939261320688,0,30.0206842598192,3.37541690377424,-0.00828998324500105,30,0,0,0,5,0.884213092823364,7264.59318354216,7805.07894007625,8101.52714349175
470,32.5776489860096,30.8324949508421,29.9443150353883,0.279836295489061,0.838034328022173,1.12806772056839,1.27978853516997,0.934134754287925,0,30.0198843005658,3.37448842340332,-0.00795372022630687,30,0,0,0,5,0.883275283081672,7264.89407446548,7805.2450395289,8101.60967045396
470.5,32.5776489860096,30.8324949508421,29.9443150353883,0.279368542643414,0.838199903885039,1.12815458678523,1.27983097474218,0.934134754287925,0,30.0191109242937,3.37302669576067,-0.00795372022630687,30,0,0,0,5,0.881798867999674,7265.19319652568,7805.41194360549,8101.69395024827
471,32.5776489860096,30.8324949508421,29.9443150353883,0.278882061171179,0.83836450184121,1.12824182007028,1.27987426965538,0.934134754287925,0,30.0183632283508,3.37150644115993,-0.00795372022630687,30,0,0,0,5,0.88026333788071,7265.4905622161,7805.57955611304,8101.77992945378
471.5,32.5776489860096,30.8324949508421,29.9443150353883,0.278502462419046,0.838528127054838,1.12832937348369,1.27991839360302,0.934134754287925,0,30.0176403410357,3.37032019505952,-0.00795372022630687,30,0,0,0,5,0.879065172379478,7265.78618068485,7805.7477868974,8101.86755587605
472,32.5776489860096,30.8324949508421,29.9443150353883,0.278331682993827,0.838690783087229,1.12841720304066,1.27996332088307,0.935175487820402,0,30.016941420532,3.36978650935571,-0.00677656821278987,30,0,0,0,5,0.878526124201716,7266.08005818635,7805.91655147589,8101.95677852009
472.5,32.5776489860096,30.8324949508421,29.9443150353883,0.28473279384846,0.838658241369035,1.12850171992549,1.2800079126726,0.935175487820402,0,30.0162656538793,3.38978998077644,-0.00677656821278987,30,0,0,0,5,0.898730590503279,7266.02126289357,7806.07895377208,8102.04533577161
473,32.5776489860096,30.8324949508421,29.9443150353883,0.28518694544348,0.83862160284659,1.12857933926517,1.28005097157952,0.935175487820402,0,30.0156122559797,3.39120920451087,-0.00677656821278987,30,0,0,0,0,0.9001640745978,7265.95506611052,7806.22810479182,8102.13084961076
473.5,32.5776489860096,30.8324949508421,29.9443150353883,0.285796639717949,0.838585175591005,1.12865048507123,1.28009253264381,0.935175487820402,0,30.0149804686383,3.39311449911859,-0.00677656821278987,30,0,0,0,0,0.902088513605735,7265.88925153782,7806.36481865625,8102.21338954072
474,32.5776489860096,30.8324949508421,29.9443150353883,0.286284917233354,0.838548958138245,1.12871555770839,1.28013263081182,0.936083643076699,0,30.0143695596374,3.39464036635423,-0.00574782385494927,30,0,0,0,0,0.90362971275536,7265.82381652167,7806.48986415039,8102.29302488422
474.5,32.5776489860096,30.8324949508421,29.9443150353883,0.286425981117195,0.838512952246156,1.12877493322969,1.28017130026162,0.936083643076699,0,30.0137788218417,3.39508119099124,-0.00574782385494927,30,0,0,0,5,0.904074966798315,7265.75876422933,7806.60396343143,8102.36982344341
475,32.5776489860096,30.8324949508421,29.9443150353883,0.286190463855552,0.83847716152092,1.12882896485039,1.28020857441965,0.936083643076699,0,30.0132075723355,3.3943451995486,-0.00574782385494927,30,0,0,0,5,0.903331580113665,7265.69410116743,7806.70779484872,8102.44385153269
475.5,32.5776489860096,30.8324949508421,29.9443150353883,0.285749884928398,0.838441588434459,1.12887798433249,1.28024448597703,0.936083643076699,0,30.0126551515887,3.39296839040124,-0.00574782385494927,30,0,0,0,5,0.901940936787996,7265.62983179318,7806.80199559338,8102.51517401086
476,32.5776489860096,30.8324949508421,29.9443150353883,0.28526039713588,0.83840623327848,1.12892230328546,1.2802790669056,0.936876723217779,0,30.0121209226521,3.39143874104962,-0.0048483690608208,30,0,0,0,5,0.900395917519691,7265.56595662482,7806.88716418856,8102.58385431263
476.5,32.5776489860096,30.8324949508421,29.9443150353883,0.284851528511266,0.838371094492214,1.12896221438808,1.28031234847349,0.936876723217779,0,30.0116042703801,3.39016102659771,-0.0048483690608208,30,0,0,0,5,0.89910536459296,7265.50247283384,7806.96386282904,8102.64995447936
477,32.5776489860096,30.8324949508421,29.9443150353883,0.284628883220007,0.838336168923053,1.12899799253624,1.28034436126042,0.936876723217779,0,30.0111046006809,3.38946526006252,-0.0048483690608208,30,0,0,0,5,0.89840260699563,7265.43937471598,7807.03261957991,8102.71353518925
477.5,32.5776489860096,30.8324949508421,29.9443150353883,0.284682412234656,0.83830145280377,1.12902989592124,1.2803751351726,0.936876723217779,0,30.0106213397914,3.3896325382333,-0.0048483690608208,30,0,0,0,5,0.898571565977468,7265.37665545683,7807.09393044223,8102.77465578661
478,32.5776489860096,30.8324949508421,29.9443150353883,0.285074062515463,0.838266941014865,1.12905816704276,1.28040469945745,0.937569919693146,0,30.0101539335784,3.39085644536082,-0.00406157343137465,30,0,0,0,0,0.899807770923807,7265.31430579918,7807.14826129445,8102.83337431102
478.5,32.5776489860096,30.8324949508421,29.9443150353883,0.285676232004697,0.838232628288585,1.12908303366044,1.28043308271788,0.937569919693146,0,30.009701846863,3.39273822501468,-0.00406157343137465,30,0,0,0,0,0.901708458699627,7265.2523162183,7807.19604971619,8102.88974752532
479,32.5776489860096,30.8324949508421,29.9443150353883,0.286208663493075,0.838198512524291,1.12910470968779,1.28046031292629,0.937569919693146,0,30.0092645627683,3.39440207341586,-0.00406157343137465,30,0,0,0,0,0.903389025449543,7265.19068291146,7807.23770670199,8102.94383094342
479.5,32.5776489860096,30.8324949508421,29.9443150353883,0.286432675269165,0.838164594977095,1.12912339603192,1.28048641743832,0.937569919693146,0,30.0088415820905,3.39510211021614,-0.00406157343137465,30,0,0,0,5,0.904096096219592,7265.12940813848,7807.27361827152,8102.99567885727
480,32.5776489860096,30.8324949508421,29.9443150353883,0.28625947219767,0.838130879163513,1.12913928138251,1.28051142300624,0.938176417207387,0,30.0084324226906,3.39456085061772,-0.00337296907622431,30,0,0,0,5,0.903549398044725,7265.06849824454,7807.30414698255,8103.04534436337
480.5,32.5776489860096,30.8324949508421,29.9443150353883,0.285846508061458,0.838097368055476,1.12915254295267,1.28053535579209,0.938176417207387,0,30.0080366189075,3.39327033769206,-0.00337296907622431,30,0,0,0,5,0.902245918045186,7265.00795859085,7807.3296333522,8103.09287938868
481,32.5776489860096,30.8324949508421,29.9443150353883,0.285355629960705,0.838064062427296,1.12916334717521,1.28055824138054,0.938176417207387,0,30.0076537209918,3.3917363436272,-0.00337296907622431,30,0,0,0,5,0.90069651040797,7264.94779056844,7807.35039719246,8103.13833471597
481.5,32.5776489860096,30.8324949508421,29.9443150353883,0.284921458354068,0.838030961140698,1.12917185035636,1.28058010479139,0.938176417207387,0,30.0072832945582,3.39037955735646,-0.00337296907622431,30,0,0,0,5,0.89932609114878,7264.88799211324,7807.36673886467,8103.18176000859
482,32.5776489860096,30.8324949508421,29.9443150353883,0.284654190779618,0.837998061418112,1.12917819929006,1.28060097049182,0.938707658513749,0,30.0069249200576,3.38954434618631,-0.00276996802303415,30,0,0,0,5,0.898482487776786,7264.82855819986,7807.37894045813,8103.2232038346
482.5,32.5776489860096,30.8324949508421,29.9443150353883,0.284641891562928,0.837965359052185,1.12918253183497,1.28062086240854,0.938707658513749,0,30.0065781922669,3.38950591113415,-0.00276996802303415,30,0,0,0,5,0.898443666529227,7264.76948122019,7807.38726689766,8103.26271369072
483,32.5776489860096,30.8324949508421,29.9443150353883,0.284969799448461,0.837932850985105,1.12918497745609,1.28063980393931,0.938707658513749,0,30.0062427197967,3.39053062327644,-0.00276996802303415,30,0,0,0,0,0.899478674979122,7264.71075564302,7807.39196698312,8103.30033602519
483.5,32.5776489860096,30.8324949508421,29.9443150353883,0.285552872761958,0.837900530141035,1.12918565773481,1.28065781796472,0.938707658513749,0,30.0059181246156,3.39235272738112,-0.00276996802303415,30,0,0,0,0,0.901319087585845,7264.65236867885,7807.39327436847,8103.33611626096
484,32.5776489860096,30.8324949508421,29.9443150353883,0.286119913848731,0.837868394284477,1.12918468684637,1.28067492685924,0.939173574312122,0,30.0056040415915,3.39412473077728,-0.00224161663659288,30,0,0,0,0,0.903108896072133,7264.59431628249,7807.39140847846,8103.3700988176
484.5,32.5776489860096,30.8324949508421,29.9443150353883,0.286422193103578,0.837836444130816,1.12918217200949,1.28069115250233,0.939173574312122,0,30.0053001180479,3.39506935344868,-0.00224161663659288,30,0,0,0,5,0.904063010312135,7264.5365997395,7807.38657537192,8103.40232713319
485,32.5776489860096,30.8324949508421,29.9443150353883,0.286318987627966,0.837804682964358,1.12917821390855,1.28070651628919,0.939173574312122,0,30.0050060133364,3.39474683633739,-0.00224161663659288,30,0,0,0,5,0.903737252548911,7264.47922497602,7807.37896855246,8103.43284368561
485.5,32.5776489860096,30.8324949508421,29.9443150353883,0.28594010155317,0.837773114198547,1.12917290708991,1.28072103914135,0.939173574312122,0,30.0047213984231,3.39356281735366,-0.00224161663659288,30,0,0,0,5,0.902541336542426,7264.4221981514,7807.36876972944,8103.46169001342
486,32.5776489860096,30.8324949508421,29.9443150353883,0.28545320898326,0.837741739099485,1.12916634033444,1.28073474151691,0.939582782852767,0,30.0044459554897,3.39204127807269,-0.00177838219589717,30,0,0,0,5,0.90100450883476,7264.36552154584,7807.3561495335,8103.48890673623
486.5,32.5776489860096,30.8324949508421,29.9443150353883,0.284998134965873,0.83771055695803,1.12915859700725,1.28074764342072,0.939582782852767,0,30.0041793775485,3.39061917176835,-0.00177838219589717,30,0,0,0,5,0.899568113206281,7264.30919387145,7807.34126818824,8103.51453357465
487,32.5776489860096,30.8324949508421,29.9443150353883,0.284689762005656,0.837679565375768,1.12914975538627,1.28075976441414,0.939582782852767,0,30.0039213680701,3.38965550626768,-0.00177838219589717,30,0,0,0,5,0.898594764794654,7264.25321078893,7807.32427614131,8103.53860936976
487.5,32.5776489860096,30.8324949508421,29.9443150353883,0.284620422563,0.837648760487357,1.12913988897097,1.28077112362473,0.939582782852767,0,30.0036716406246,3.38943882050937,-0.00177838219589717,30,0,0,0,5,0.898375901777853,7264.1975653093,7807.30531465748,8103.5611721022
488,32.5776489860096,30.8324949508421,29.9443150353883,0.284876736108392,0.837618139041607,1.12912906677204,1.28078173975562,0.939942763227691,0,30.0034299185346,3.39023980033873,-0.0013719674138315,30,0,0,0,0,0.89918492985253,7264.1422515532,7807.28451637507,8103.58225891068
488.5,32.5776489860096,30.8324949508421,29.9443150353883,0.285428706280008,0.837587694523144,1.12911735358435,1.28079163109492,0.939942763227691,0,30.0031959345404,3.39196470712502,-0.0013719674138315,30,0,0,0,0,0.900927168502216,7264.08725774518,7807.26200583033,8103.60190611068
489,32.5776489860096,30.8324949508421,29.9443150353883,0.28602042631857,0.837557423846428,1.1291048102422,1.28080081552458,0.939942763227691,0,30.0029694304769,3.39381383224553,-0.0013719674138315,30,0,0,0,0,0.902794873631934,7264.03257830557,7807.2378999479,8103.62014921192
489.5,32.5776489860096,30.8324949508421,29.9443150353883,0.286393263283028,0.83752732714139,1.12909149386004,1.28080931052935,0.939942763227691,0,30.0027501569615,3.39497894775946,-0.0013719674138315,30,0,0,0,0,0.903971696226549,7263.9782134631,7807.2123085032,8103.63702293606
490,32.5776489860096,30.8324949508421,29.9443150353883,0.286367575681886,0.837497407384499,1.12907745805817,1.28081713320542,0.940260005817436,0,30.0025378730921,3.39489867400589,-0.00101514923684363,30,0,0,0,5,0.903890615882305,7263.92416858829,7807.18533455617,8103.65256123392
490.5,32.5776489860096,30.8324949508421,29.9443150353883,0.286029463675514,0.837467668293403,1.12906275317489,1.28082430026885,0.940260005817436,0,30.0023323461571,3.39384207398598,-0.00101514923684363,30,0,0,0,5,0.902823399145394,7263.87045039036,7807.15707485886,8103.66679730204
491,32.5776489860096,30.8324949508421,29.9443150353883,0.285552140343654,0.837438111649478,1.12904742646568,1.28083082806391,0.940260005817436,0,30.0021333513535,3.39235043857392,-0.00101514923684363,30,0,0,0,5,0.90131677578071,7263.81706208091,7807.12762023817,8103.67976359929
491.5,32.5776489860096,30.8324949508421,29.9443150353883,0.285080751564791,0.837408737180058,1.12903152229027,1.28083673257116,0.940260005817436,0,30.0019406715163,3.39087734863997,-0.00101514923684363,30,0,0,0,5,0.899828884239105,7263.76400316131,7807.09705595535,8103.6914918628
492,32.5776489860096,30.8324949508421,29.9443150353883,0.284734960504395,0.837379542870831,1.12901508228845,1.28084202941536,0.940540142894633,0,30.0017540968559,3.38979675157623,-0.000701638742363286,30,0,0,0,5,0.898737429336072,7263.71126998709,7807.06546204379,8103.70201312364
492.5,32.5776489860096,30.8324949508421,29.9443150353883,0.28461144290301,0.837350525200773,1.12899814554514,1.28084673387319,0.940540142894633,0,30.0015734247058,3.38941075907191,-0.000701638742363286,30,0,0,0,5,0.89834755837906,7263.65885619237,7807.0329136263,8103.71135772212
493,32.5776489860096,30.8324949508421,29.9443150353883,0.284797430857392,0.8373216807963,1.12898074874527,1.28085086088085,0.940540142894633,0,30.0013984592779,3.38999197142935,-0.000701638742363286,30,0,0,0,5,0.898934610758273,7263.60675567777,7806.99948121272,8103.71955532282
493.5,32.5776489860096,30.8324949508421,29.9443150353883,0.285305959778453,0.837293003722207,1.12896292631991,1.2808544250415,0.940540142894633,0,30.0012290114268,3.39158112430767,-0.000701638742363286,30,0,0,0,0,0.90053973144471,7263.55495771721,7806.96523098075,8103.72663492939
494,32.5776489860096,30.8324949508421,29.9443150353883,0.285912032582599,0.837264490137795,1.1289447105827,1.28085744063251,0.94078806200605,0,30.0010648984225,3.39347510182062,-0.00042595936898806,30,0,0,0,0,0.902452739643714,7263.50345536804,7806.9302250382,8103.7326248988
494.5,32.5776489860096,30.8324949508421,29.9443150353883,0.286346989047405,0.837236139560111,1.12892613185865,1.28085992161252,0.94078806200605,0,30.0009059437298,3.39483434077314,-0.00042595936898806,30,0,0,0,0,0.90382563622923,7263.45224775265,7806.89452167046,8103.73755295548
495,32.5776489860096,30.8324949508421,29.9443150353883,0.286403751995533,0.837207954560697,1.12890721860487,1.2808618816285,0.94078806200605,0,30.0007519767966,3.39501172498604,-0.00042595936898806,30,0,0,0,5,0.904004802798699,7263.40133951054,7806.85817557258,8103.74144620512
495.5,32.5776489860096,30.8324949508421,29.9443150353883,0.286113348304729,0.837179939041853,1.12888799752409,1.2808633340225,0.94078806200605,0,30.0006028328489,3.39410421345228,-0.00042595936898806,30,0,0,0,5,0.903088172589047,7263.35073768476,7806.82123806747,8103.74433114818
496,32.5776489860096,30.8324949508421,29.9443150353883,0.285651390415641,0.837152095302359,1.12886849367113,1.28086429183826,0.941008004392756,0,30.0004583526926,3.39266059504888,-0.000183341077031685,30,0,0,0,5,0.90163004870793,7263.30044642196,7806.7837573105,8103.746233693
496.5,32.5776489860096,30.8324949508421,29.9443150353883,0.285168465416719,0.837124423514255,1.12884873055304,1.2808647678278,0.941008004392756,0,30.0003183825224,3.39115145442725,-0.000183341077031685,30,0,0,0,5,0.900105744241333,7263.25046602746,7806.74577848197,8103.74717916875
497,32.5776489860096,30.8324949508421,29.9443150353883,0.284789116942565,0.837096922052901,1.12882873022307,1.28086477445772,0.941008004392756,0,30.0001827737376,3.38996599044552,-0.000183341077031685,30,0,0,0,5,0.898908368717512,7263.20079356147,7806.70734396776,8103.74719233801
497.5,32.5776489860096,30.8324949508421,29.9443150353883,0.284614443267456,0.837069587744702,1.12880851336888,1.28086432391544,0.941008004392756,0,30.0000513827637,3.3894201352108,-0.000183341077031685,30,0,0,0,5,0.898357028729399,7263.15142328667,7806.66849352889,8103.7462974091
498,32.5776489860096,30.8324949508421,29.9443150353883,0.284732793848865,0.837042417155817,1.12878809939546,1.28086342811524,0.941203650423631,0,29.9999240708802,3.3897899807777,3.03716479351124e-05,30,0,0,0,5,0.898730590504556,7263.10234899584,7806.62926446083,8103.74451804806
498.5,32.5776489860096,30.8324949508421,29.9443150353883,0.285186945441016,0.837015404931185,1.12876750650324,1.28086209870426,0.941203650423631,0,29.9998007040548,3.39120920450318,3.03716479351124e-05,30,0,0,0,0,0.900164074590023,7263.05356101194,7806.58969174372,8103.74187739055
499,32.5776489860096,30.8324949508421,29.9443150353883,0.285796639717898,0.836988546603288,1.12874675176111,1.28086034706838,0.941203650423631,0,29.9996811527828,3.39311449911843,3.03716479351124e-05,30,0,0,0,0,0.902088513605573,7263.00505126122,7806.54980818264,8103.73839805348
499.5,32.5776489860096,30.8324949508421,29.9443150353883,0.286284917233837,0.836961841050297,1.1287258511752,1.2808581843378,0.941203650423631,0,29.9995652919323,3.39464036635574,3.03716479351124e-05,30,0,0,0,0,0.903629712756885,7262.95681771282,7806.50964453995,8103.73410214615
500,32.5776489860096,30.8324949508421,29.9443150353883,0.286425981117269,0.836935290369819,1.12870481975357,1.28085562139272,-1.05862180624354,0,29.9994530005944,3.39508119099147,-1.99978120023777,25,0,0,0,5,0.904074966798548,7262.90886415061,7806.46922965948,8103.72901128142
500.5,32.4601497388605,30.8324949508421,29.9443150353883,-0.323325242088818,0.855734554566273,1.1290268848596,1.28096041637409,-1.05862180624354,0,29.9993441619392,1.48960861847244,-1.99978120023777,25,0,0,0,5,-1.02054379412915,7296.92930171919,7807.08814386624,8103.93717144213
501,32.3428230749055,30.8324949508421,29.9443150353883,-0.323833824904545,0.874889584301549,1.13003704288081,1.2812866453264,-1.05862180624354,0,29.9992363806531,1.4880192971733,-1.99978120023777,25,0,0,0,5,-1.0221490849287,7331.73175469884,7809.02964897599,8104.58520899018
501.5,32.2256672328596,30.8324949508421,29.9443150353883,-0.324023141598675,0.89395675754088,1.13169080158805,1.28182861167861,-1.05862180624354,0,29.9991251332924,1.48742768250414,-1.99978120023777,25,0,0,0,0,-1.02274664414206,7366.513948977,7812.20905681165,8105.66190069124
502,32.1379114000072,30.803708418321,29.9443150353883,-0.32383936502204,0.912936122421297,1.13394622961104,1.28258068238889,-1.08545314189803,0,29.9990061210594,1.48800198430613,-1.99960244842375,25,0,0,0,0,-1.02216657175557,7401.27488385299,7816.54702487166,8107.15620615843
502.5,32.021050291838,30.803708418321,29.9443150353883,-0.335966013300171,0.932219232074028,1.13677112769664,1.28353959100168,-1.08545314189803,0,29.9980908202121,1.45010620843697,-1.99960244842375,25,0,0,0,0,-1.06044312438066,7436.73493517533,7821.98326222081,8109.06184008097
503,31.9043552193596,30.7749311658977,29.9158045746618,-0.335512980606234,0.951421570688664,1.14013571675665,1.28470231052172,-1.08545314189803,0,29.9971879775152,1.45152193560552,-1.99960244842375,25,0,0,0,0,-1.05901317198552,7472.19036036877,7828.46241178763,8111.3730444355
503.5,31.7878244624899,30.7461631682651,29.9158045746618,-0.335121497227703,0.970534956835473,1.1440045122562,1.28606348209595,-1.08545314189803,0,29.9955081724145,1.45274532116343,-1.99960244842375,25,0,0,0,0,-1.05777749384952,7507.62502107989,7835.91833101644,8114.07947301913
504,31.671456311755,30.7174044001519,29.9158045746618,-0.334888968180375,0.989559457281786,1.1483442278225,1.28761787234206,-1.11073787904002,0,29.9930742926412,1.45347197443633,-1.99722971705646,25,0,0,0,0,-1.05704353916454,7543.03790987703,7844.28922902838,8117.17106927098
504.5,31.5552490681321,30.6886548363224,29.8873026255451,-0.341184296186858,1.00869225403536,1.15312721122917,1.28936149186071,-1.11073787904002,0,29.9899084999554,1.43379907441607,-1.99722971705646,25,0,0,0,0,-1.0769141124842,7578.79716557737,7853.52425543881,8120.64028815891
505,31.4392010428951,30.6599144515764,29.8873026255451,-0.34150143076627,1.02773945094504,1.15832770402244,1.29129051899711,-1.11073787904002,0,29.9860322543222,1.43280802885541,-1.99722971705646,25,0,0,0,5,-1.07791511607066,7614.54153387955,7863.57626564875,8124.47995449687
505.5,31.3233105574628,30.6311832207489,29.8873026255451,-0.342061385586133,1.04669731472383,1.16391776564457,1.29340002328914,-1.11073787904002,0,29.9814663372609,1.43105817004334,-1.99722971705646,25,0,0,0,5,-1.07968255746407,7650.2628931645,7874.39390214914,8128.68071791788
506,31.207575943247,30.6024611187104,29.8588091637784,-0.342587278698313,1.06556593152509,1.16987117577697,1.29568518953128,-1.13221915229121,0,29.9762308743975,1.42941475406777,-1.99049234975901,25,0,0,0,5,-1.08134248648335,7685.96024034849,7885.92909041536,8133.23348370893
506.5,31.0919955415043,30.5737481203663,29.8588091637784,-0.349089351833643,1.08454299638435,1.1761668875586,1.29814243085792,-1.13221915229121,0,29.9703453572468,1.40909577551987,-1.99049234975901,25,0,0,0,0,-1.10186563012771,7722.00869795365,7898.14372247634,8138.13162906991
507,31.0054104497678,30.5163493345582,29.8303241651334,-0.348943555464384,1.10343461672859,1.18278536709164,1.30076832926549,-1.13221915229121,0,29.9638286642515,1.4095513891738,-1.99049234975901,25,0,0,0,0,-1.10140543846778,7758.04110436192,7911.00257375444,8143.36889294062
507.5,30.8900959575865,30.4876634970795,29.8303241651334,-0.348577501898733,1.12223655310304,1.18970448416794,1.30355834185075,-1.13221915229121,0,29.9559171323754,1.41069530656646,-1.99049234975901,25,0,0,0,0,-1.10025002699316,7794.04823005764,7924.46529459253,8148.93679179032
508,30.7749311658977,30.4303188081948,29.8018476054133,-0.348134983523237,1.14094890715339,1.19690346330064,1.30650803108481,-1.14937081122196,0,29.9474387493801,1.41207817648989,-1.97897549975205,25,0,0,0,0,-1.09885326199274,7830.02906992216,7938.4940505537,8154.82706749803
508.5,30.6599144515764,30.4016599069812,29.7733794604531,-0.354008925640746,1.15977067217342,1.20436637915197,1.30961418270506,-1.14937081122196,0,29.9376279066461,1.39372210737267,-1.97897549975205,25,0,0,0,0,-1.11739377289245,7866.36737897133,7953.06034457885,8161.03391953989
509,30.5450442006572,30.3443688667482,29.7733794604531,-0.353757136844251,1.17850636950294,1.21207847752045,1.31287373492494,-1.14937081122196,0,29.9273092543752,1.39450894736172,-1.97897549975205,25,0,0,0,0,-1.11659902673519,7902.68692358456,7968.13787377844,8167.5518688284
509.5,30.4303188081948,30.3157366781257,29.7449197061186,-0.353728285162814,1.19715209089402,1.22002211496573,1.31628249495948,-1.14937081122196,0,29.9157159886937,1.39459910886621,-1.97897549975205,25,0,0,0,0,-1.11650795928791,7938.9789470913,7983.69457316503,8174.37318744545
510,30.3443688667482,30.2584988401139,29.7164683183072,-0.353985880991244,1.21570796126223,1.22818072395349,1.31983636674406,-1.16086797766059,0,29.9036701412023,1.39379412190236,-1.96146805648091,25,0,0,0,5,-1.11732103476076,7975.24245918739,7999.70033566121,8181.49034749714
510.5,30.2298931413235,30.201296223132,29.6880252729471,-0.354514188117156,1.23417411229812,1.2365387482194,1.32353134913901,-1.16086797766059,0,29.8904043912931,1.39214316213389,-1.96146805648091,25,0,0,0,5,-1.11898858337299,8011.47647850258,8016.12688680868,8188.89601567873
511,30.1155579061435,30.1727080609219,29.6880252729471,-0.355057377346502,1.25255067951993,1.24508158043474,1.32736353359898,-1.16086797766059,0,29.8759589639738,1.39044569579218,-1.96146805648091,25,0,0,0,5,-1.1207031058565,8047.68002709976,8032.94766510493,8196.58304690387
511.5,30.0013615888707,30.1155579061435,29.6595905459979,-0.355346195148239,1.27083780051957,1.25379550383755,1.33132910190677,-1.16086797766059,0,29.8611515499913,1.38954314016175,-1.96146805648091,25,0,0,0,0,-1.1216147303659,8083.85212720088,8050.13771098418,8204.5444781884
512,29.9158045746618,30.0584424807111,29.6311641134495,-0.355256939427788,1.28903561571076,1.26266763756266,1.33542432396997,-1.16669823485199,0,29.845212480605,1.38982206428816,-1.93808499224199,25,0,0,0,0,-1.12133300360987,8119.9918028099,8067.67356372946,8212.77352277763
512.5,29.8018476054133,30.0013615888707,29.6027459513228,-0.361183988202373,1.30734475514601,1.27168947150084,1.33964667549518,-1.16669823485199,0,29.8281790787134,1.37130003686758,-1.93808499224199,25,0,0,0,0,-1.14004114036197,8156.49862965847,8085.54027450643,8221.2658178109
513,29.6880252729471,29.9443150353883,29.5743360356694,-0.360754986596584,1.32556833483611,1.28085322385294,1.3439937720212,-1.16669823485199,0,29.8100874080581,1.37264066688568,-1.93808499224199,25,0,0,0,0,-1.13868703969346,8192.98122436632,8103.72424896942,8230.01728691181
513.5,29.5743360356694,29.8873026255451,29.545934342571,-0.360351197544932,1.3437022708446,1.2901477736023,1.34846207766622,-1.16669823485199,0,29.7909717804357,1.37390250767209,-1.93808499224199,25,0,0,0,0,-1.13741251993082,8229.43018088044,8122.2051601909,8239.02153691897
514,29.4891555285184,29.8303241651334,29.5175408481398,-0.360071004335308,1.36174672525615,1.29956267481423,1.35304813716973,-1.16625768315214,0,29.770865368397,1.37477811145216,-1.90834614735879,25,0,0,0,0,-1.13652811808397,8265.84453923425,8140.96388120952,8248.2723313628
514.5,29.3756955220298,29.7733794604531,29.4891555285184,-0.359993341563873,1.37970186672746,1.30908811747235,1.35774857458314,-1.16625768315214,0,29.7498007950712,1.3750208076129,-1.90834614735879,25,0,0,0,0,-1.13628298331221,8302.22334977904,8159.98241379575,8257.76358682962
515,29.2623644116661,29.7164683183072,29.4607783598793,-0.360195966251623,1.39756786802197,1.3187148887926,1.36256009136913,-1.16625768315214,0,29.7278095840502,1.37438760546368,-1.90834614735879,25,0,0,0,0,-1.13692254787662,8338.56566848322,8179.24381818481,8267.48936821996
515.5,29.1774497567463,29.6595905459979,29.432409318425,-0.36068384515628,1.41534491106564,1.32843433693923,1.3674794645521,-1.16625768315214,0,29.7049216634678,1.37286298388663,-1.90834614735879,25,0,0,0,5,-1.13846248885128,8374.87056750429,8198.73214752606,8277.44388418759
516,29.0643405792788,29.6027459513228,29.4040483803877,-0.361242072955613,1.43303317926644,1.33823833698997,1.37250354491899,-1.15963313871237,0,29.6811665203996,1.37111852201371,-1.87246660815984,25,0,0,0,5,-1.1402244790771,8411.137119842,8218.43238669945,8287.62148275275
516.5,28.951356155968,29.545934342571,29.3756955220298,-0.355319853779914,1.45043094971899,1.34811566344413,1.37762813506235,-1.15963313871237,0,29.6565726488135,1.38962545693777,-1.87246660815984,25,0,0,0,5,-1.12153158647092,8446.947982901,8238.3231465978,8298.01437396316
517,28.8666988102939,29.4891555285184,29.3473507196428,-0.355299549462539,1.46773670996858,1.35805555083717,1.38284904760867,-1.15963313871237,0,29.6311670516539,1.38968890792956,-1.87246660815984,25,0,0,0,0,-1.12146749792356,8482.70792956743,8258.38378538283,8308.61476595863
517.5,28.7539291196762,29.432409318425,29.3190139495479,-0.355001594124852,1.48495511043619,1.36805172593867,1.38816340165888,-1.15963313871237,0,29.6049763882769,1.39062001835984,-1.87246660815984,25,0,0,0,0,-1.12052703169568,8518.42522064753,8278.60257869457,8319.41750007875
518,28.669431119957,29.3756955220298,29.2906851880958,-0.354577536316533,1.50208635230867,1.37809830070104,1.39356838270365,-1.14746505452376,0,29.5780264207858,1.39194519901084,-1.83121056831434,25,0,0,0,0,-1.1191885356295,8554.09897551803,8298.96848191529,8330.417539689
518.5,28.5568716289448,29.3190139495479,29.2623644116661,-0.354154063375615,1.51913064282174,1.3881897469221,1.39906124039614,-1.14746505452376,0,29.5503420612644,1.3932685519512,-1.83121056831434,25,0,0,0,0,-1.11785188563879,8589.72832520997,8319.47108507305,8341.60996525791
519,28.4725295892301,29.2623644116661,29.2340515966679,-0.353835600690402,1.53608819489852,1.3983208745612,1.40463928705495,-1.14746505452376,0,29.5219473837928,1.39426374784249,-1.83121056831434,25,0,0,0,0,-1.11684669001919,8625.31241195824,8340.10057482763,8352.98997096074
519.5,28.3601758014235,29.205746719539,29.205746719539,-0.353706449210686,1.5529592268482,1.40848681137742,1.41029989620609,-1.14746505452376,0,29.4928656696384,1.39466734621661,-1.83121056831434,25,0,0,0,0,-1.11643903628861,8660.85038886162,8360.84769884933,8364.55286140565
520,28.2759863628702,29.1491606847854,29.1491606847854,-0.35384523394316,1.56974396040907,1.41868298380771,1.41604050116323,-1.1303113000269,0,29.4631194173217,1.39423364392763,-1.78524776692869,25,0,0,0,0,-1.11687709641819,8696.34141602175,8381.70373242813,8376.29404847809
520.5,28.1918613031435,29.0926061194847,29.1208794801807,-0.347997537660861,1.58623864596782,1.4289014640527,1.42185746342307,-1.1303113000269,0,29.4327303859035,1.41250769480981,-1.78524776692869,25,0,0,0,5,-1.09841942787274,8731.35090945241,8402.65298652187,8388.20673219174
521,28.0797936475394,29.0360828361725,29.0926061194847,-0.348574204242347,1.60264457075204,1.43913463089596,1.42774715560222,-1.1303113000269,0,29.4017201476669,1.41070561174267,-1.78524776692869,25,0,0,0,5,-1.10023961827054,8766.30230974556,8423.68025866237,8400.28410742119
521.5,27.9958164360544,28.9795906478374,29.0643405792788,-0.349002653205253,1.61896579306811,1.4493791608579,1.43370723967183,-1.1303113000269,0,29.3701090056638,1.40936670873358,-1.78524776692869,25,0,0,0,5,-1.10159197457706,8801.20292485552,8444.77906754472,8412.52198906595
522,27.9119015775771,28.9231293679169,29.0360828361725,-0.349067755546272,1.63520254678897,1.45963193773401,1.43973543129955,-1.10865915009089,0,29.3379165978732,1.4091632639179,-1.73516663914929,25,0,0,0,0,-1.10179746360625,8836.05196139746,8465.94329972753,8424.91628630286
522.5,27.8001110503583,28.8384949943032,28.9795906478374,-0.342554149597369,1.65115096951389,1.46988641389022,1.44582837213411,-1.10865915009089,0,29.3051624459979,1.42951828250822,-1.73516663914929,25,0,0,0,0,-1.08123791778914,8870.4081491703,8487.15967680129,8437.46067917881
523,27.7163393385747,28.7821101721219,28.951356155968,-0.342139078408594,1.66701197227909,1.48013622889887,1.45198269706415,-1.10865915009089,0,29.2710957552647,1.43081537997314,-1.73516663914929,25,0,0,0,0,-1.07992778708889,8904.70054220336,8508.41518575666,8450.14880445698
523.5,27.6326279755097,28.725755608869,28.9231293679169,-0.341695101005436,1.68279016079664,1.49037927060128,1.45819633141669,-1.10865915009089,0,29.2365303179953,1.43220280935801,-1.73516663914929,25,0,0,0,0,-1.07852641681356,8938.93777185324,8529.70553313409,8462.97693436476
524,27.5489763639313,28.669431119957,28.8949102604333,-0.341334938496449,1.69848578759424,1.50061356184464,1.46446724835692,-1.08204309384735,0,29.2014828742735,1.4333283171986,-1.68059314970941,25,0,0,0,0,-1.07738959987019,8973.11911071497,8551.02666690743,8475.94142349936
524.5,27.4653839084336,28.613136521227,28.8384949943032,-0.328587434264778,1.71368907344483,1.51082996250703,1.47079120502314,-1.08204309384735,0,29.1659696032094,1.47316426792257,-1.68059314970941,25,0,0,0,0,-1.03715337751335,9006.34609172715,8572.35952302433,8489.03401866539
525,27.3540182959448,28.5568716289448,28.8102987892929,-0.328650264940936,1.72880414686169,1.52101950890086,1.47716390288237,-1.08204309384735,0,29.1300061419641,1.47296792205958,-1.68059314970941,25,0,0,0,0,-1.03735169625957,9039.49585217925,8593.6852312781,8502.24630763625
525.5,27.2705615659016,28.5006362597983,28.7821101721219,-0.329027933640244,1.74383935705318,1.53118149674406,1.48358356528824,-1.08204309384735,0,29.0936070634927,1.47178770737424,-1.68059314970941,25,0,0,0,5,-1.03854376974206,9072.58538015039,8615.00209411899,8515.57507258799
526,27.1871620201157,28.4444302308929,28.725755608869,-0.329609784941249,1.75879497339731,1.54131527397733,1.49004845725688,-1.05155567655521,0,29.0567864701439,1.4699694220586,-1.62271458805757,25,0,0,0,5,-1.04038032518856,9105.61403900664,8636.30850949928,8529.01716623746
526.5,27.1038190708028,28.3882533597481,28.6975896166404,-0.323833824859598,1.77346622617437,1.55141660101846,1.49655575655034,-1.05155567655521,0,29.0195585325092,1.48801929731376,-1.62271458805757,25,0,0,0,5,-1.02214908478683,9138.1260374956,8657.59529321587,8542.56715958636
527,27.020532131871,28.3321054642948,28.669431119957,-0.324023141555546,1.78805482616562,1.56148127330267,1.50310261765548,-1.05155567655521,0,28.981936947063,1.48742768263892,-1.62271458805757,25,0,0,0,0,-1.02274664400592,9170.56477850117,8678.85325259168,8556.21954518041
527.5,26.9373006188969,28.2759863628702,28.613136521227,-0.323839364977167,1.802565618508,1.57150922849123,1.50968747915278,-1.05155567655521,0,28.9439349522165,1.48800198444635,-1.62271458805757,25,0,0,0,0,-1.02216657161393,9202.93978100177,8700.08189194104,8569.9714684056
528,26.8541239491003,28.2198958742158,28.5850003732468,-0.323441651992488,1.8169988736675,1.58150041665029,1.51630881606081,-1.01781486996884,0,28.9055653438216,1.48924483752348,-1.56222613752863,25,0,0,0,0,-1.02091123034909,9235.25044704036,8721.28073979998,8583.82013539013
528.5,26.7987030172757,28.1638338174729,28.5568716289448,-0.310445418582996,1.83094312459862,1.59144749357148,1.52296287433184,-1.01781486996884,0,28.8668404901445,1.52985806692814,-1.56222613752863,25,0,0,0,0,-0.97988991921537,9266.56985125018,8742.43379357524,8597.75806422515
529,26.7156164620956,28.1078000121794,28.5006362597983,-0.310027857952692,1.84480388990977,1.60134315639565,1.52964582445276,-1.01781486996884,0,28.8277728844287,1.53116294389784,-1.56222613752863,25,0,0,0,0,-0.978571930841876,9297.80298317144,8763.52499699883,8611.77757061408
529.5,26.6325832038644,28.0517942782663,28.4725295892301,-0.309769772312245,1.85858996569395,1.6111883073811,1.53635635908809,-1.01781486996884,0,28.7883745857254,1.53196946152423,-1.56222613752863,25,0,0,0,0,-0.977757309326371,9328.96842313098,8784.55570019228,8625.87622759536
530,26.5496026656224,27.9958164360544,28.4163381619894,-0.309754687474786,1.87230163638852,1.6209838051051,1.54309320229204,-0.981089494404046,0,28.7486567131112,1.53201660164129,-1.49946268524449,25,0,0,0,0,-0.977709695545415,9360.06566939928,8805.52717648324,8640.05166013765
530.5,26.466674271941,27.9398663062505,28.3882533597481,-0.303779078755085,1.88573252426135,1.63072679272931,1.54985397041028,-0.981089494404046,0,28.7086300149846,1.55069037889036,-1.49946268524449,25,0,0,0,5,-0.958848284182552,9390.62327873024,8826.43273410496,8654.29914305818
531,26.411417361875,27.8839437099441,28.3601758014235,-0.304348605370745,1.89908667640386,1.64041441156246,1.55663626101633,-0.981089494404046,0,28.6683048815796,1.54891060821642,-1.49946268524449,25,0,0,0,5,-0.960645937992219,9421.10208937006,8847.26562247798,8668.61388293275
531.5,26.3285746011499,27.828048468604,28.304042325667,-0.304911038488548,1.91236831298352,1.65004785752381,1.563438942386,-0.981089494404046,0,28.6276918935691,1.54715300472329,-1.49946268524449,25,0,0,0,5,-0.962421201885251,9451.51057926388,8868.02778468713,8682.99374522784
532,26.2457824578177,27.7721804040752,28.2759863628702,-0.305211866916633,1.92557771777653,1.65962826308999,1.57026090966786,-0.941616110727125,0,28.5868012623051,1.54621291588552,-1.43472050492205,25,0,0,0,0,-0.963370736735659,9481.84828926522,8888.72104925049,8697.43663931824
532.5,26.1906155348229,27.7163393385747,28.2479375532598,-0.292589336070042,1.93830204754932,1.66914938214671,1.57709881785364,-0.941616110727125,0,28.5456423233491,1.58565832478112,-1.43472050492205,25,0,0,0,0,-0.92352898037148,9511.16155829882,8909.33127624328,8711.93570802042
533,26.1079064878174,27.6605250946888,28.1918613031435,-0.292224631078271,1.9509478664514,1.67860491665098,1.58394922863391,-0.941616110727125,0,28.5042246376228,1.5867980278804,-1.43472050492205,25,0,0,0,0,-0.922377825535454,9540.38148869872,8929.84409520403,8726.48385323263
533.5,26.0252465413159,27.6047374953695,28.1638338174729,-0.29174439906665,1.96352440213589,1.6879967561885,1.59081122812393,-0.941616110727125,0,28.4625574313594,1.58829875291672,-1.43472050492205,25,0,0,0,0,-0.920862021213974,9569.52826167206,8950.26283782237,8741.07930614491
534,25.9701669086754,27.5489763639313,28.1078000121794,-0.291288284788552,1.97603194112377,1.69732668771023,1.59768392535991,-0.899600827451366,0,28.4206490892894,1.58972411003577,-1.36825963571578,25,0,0,0,0,-0.919422342106587,9598.60149677589,8970.59064828933,8755.72033561956
534.5,25.8875875386354,27.4932415240474,28.0797936475394,-0.278416938015823,1.98805621212634,1.7065890444044,1.604564174284,-0.899600827451366,0,28.3785082528984,1.62994706870055,-1.36825963571578,25,0,0,0,0,-0.878795223153144,9626.63295524816,8990.81441281677,8770.40038416529
535,25.832561100845,27.4375327997469,28.0238018819126,-0.278319917642837,2.00000591029576,1.71577811876503,1.61144874539924,-0.899600827451366,0,28.3361432601829,1.63025025736613,-1.36825963571578,25,0,0,0,0,-0.878488988047851,9654.5701208246,9010.92082422048,8785.11267450898
535.5,25.750060740541,27.3818500154112,27.9958164360544,-0.278543945436571,2.01188962102182,1.7248963468162,1.6183369254629,-0.899600827451366,0,28.2935621728754,1.62955017051071,-1.36825963571578,25,0,0,0,5,-0.879196109375994,9682.43200205983,9030.9143466133,8799.85577647372
536,25.6950864551623,27.3261929957707,27.9678379182923,-0.279079794093706,2.02370763561117,1.73394602860785,1.62522801966994,-0.855223978294021,0,28.2507727689509,1.62787564345717,-1.30030910758037,25,0,0,0,5,-0.880887462077373,9710.21830534841,9050.79919199239,8814.62829023179
536.5,25.6401327397658,27.2983740930341,27.9119015775771,-0.260832651130304,2.03483894096983,1.74291834107662,1.6321179487247,-0.855223978294021,0,28.2077825691702,1.6848979652178,-1.30030910758037,25,0,0,0,5,-0.823292180027692,9736.46187375499,9070.55509928367,8829.42153443533
537,25.5851994284537,27.2427553925614,27.8839437099441,-0.261265221652332,2.04589432709242,1.75180430490482,1.63900245854887,-0.855223978294021,0,28.1653578101448,1.68354618233646,-1.30030910758037,25,0,0,0,5,-0.82465754562342,9762.59571554073,9090.1613038374,8844.22639669386
537.5,25.5028373568518,27.1871620201157,27.828048468604,-0.261314676748153,2.05688814190738,1.76060725140979,1.64588107749924,-0.855223978294021,0,28.122721046831,1.68339163516202,-1.30030910758037,25,0,0,0,0,-0.824813645687871,9788.65273195609,9109.62412810566,8859.04186027889
538,25.4479543315679,27.1315938016232,27.8001110503583,-0.261007841464096,2.06782065980222,1.7693303250727,1.6527533481233,-0.809524662315368,0,28.0798799134279,1.6843504954247,-1.23195196537115,25,0,0,0,0,-0.823845150797273,9814.63269362962,9128.94954459182,8873.86693265848
538.5,25.3930911316596,27.0760505633444,27.7721804040752,-0.248001395605218,2.07827667056864,1.77796912582732,1.65961654697871,-0.809524662315368,0,28.0368417915525,1.72499563873369,-1.23195196537115,25,0,0,0,0,-0.782791605088311,9839.54418876665,9148.12682110085,8888.69571523294
539,25.3382475923215,27.0482882575822,27.7163393385747,-0.247492256518638,2.08866542724831,1.78651910842538,1.66646784896564,-0.809524662315368,0,27.9936143346758,1.72658669837926,-1.23195196537115,25,0,0,0,0,-0.781184558475429,9864.35756407769,9167.14482824612,8903.52205215248
539.5,25.2834235489835,26.9927821645862,27.6884288750039,-0.247092762853364,2.09899593670206,1.79498384027448,1.67330694731502,-0.809524662315368,0,27.9509618361737,1.72783511608324,-1.23195196537115,25,0,0,0,0,-0.779923596670358,9889.09344077719,9186.01046038804,8918.34521156471
540,25.2286188373069,26.9373006188969,27.6326279755097,-0.24691177285481,2.10926847486533,1.80336668481503,1.68013354504021,-0.762530159052972,0,27.9081080612968,1.72840070982872,-1.16324322451874,25,0,0,0,0,-0.779352319838922,9913.75167050421,9204.73022380701,8933.16447850965
540.5,25.1738332931822,26.8818434479199,27.6047374953695,-0.234472229415973,2.11906659817644,1.8116634135781,1.68694506554478,-0.762530159052972,0,27.8650607969573,1.76727428307509,-1.16324322451874,25,0,0,0,0,-0.740088144928576,9937.32815245265,9223.29368523376,8947.9741735601
541,25.1190667527258,26.8541239491003,27.5768536321941,-0.234948504893487,2.12880147952401,1.81986968883706,1.69373884172408,-0.762530159052972,0,27.8218275557678,1.76578592220785,-1.16324322451874,25,0,0,0,5,-0.741591460845804,9960.80781162981,9241.69009830745,8962.76838479508
541.5,25.0643190522774,26.7987030172757,27.5211056685516,-0.235576868522934,2.13848146625914,1.82798926189656,1.70051471755788,-0.762530159052972,0,27.779171331812,1.76382228586583,-1.16324322451874,25,0,0,0,5,-0.743574827805789,9984.20997006373,9259.92683377069,8977.54664479166
542,25.0095900283968,26.7433060300693,27.4932415240474,-0.23609074935013,2.14810682402783,1.83602566832706,1.70727254342562,-0.714559181597622,0,27.736316970493,1.76221640828084,-1.0945267881972,25,0,0,0,5,-0.74519684124875,10007.5345320026,9278.01084639413,8992.30849779218
542.5,24.9548795178615,26.7156164620956,27.4375327997469,-0.223733999378841,2.15726164335245,1.84397486866037,1.71400989576467,-0.714559181597622,0,27.6932721300901,1.80083125194112,-1.0945267881972,25,0,0,0,0,-0.706193995639373,10029.7694411296,9295.93206260996,9007.04850700139
543,24.9001873576633,26.6602550703715,27.4096881760459,-0.223521116657243,2.16635547992763,1.85183262837082,1.72072423397741,-0.714559181597622,0,27.6507991320009,1.80149651044612,-1.0945267881972,25,0,0,0,0,-0.705522052616922,10051.9052193239,9313.67990611361,9021.76094588901
543.5,24.8455133850061,26.6325832038644,27.3818500154112,-0.223058866646009,2.17539774349083,1.85960284250636,1.72741554014058,-0.714559181597622,0,27.6081238045381,1.80294104173122,-1.0945267881972,25,0,0,0,0,-0.704063006681462,10073.9640253681,9331.26214931176,9036.44559382536
544,24.7908574373021,26.5772570228114,27.3261929957707,-0.22252548107113,2.18438868779442,1.86728918220033,1.73408379999962,-0.666193545438716,0,27.5660083878674,1.80460787165272,-1.02640335514695,25,0,0,0,0,-0.702379428452914,10095.9458103585,9348.6861275361,9051.10223788943
544.5,24.7362193521701,26.5496026656224,27.2983740930341,-0.203256189877289,2.1927026245991,1.87488400190353,1.74072556793436,-0.666193545438716,0,27.5236795972875,1.86482440663347,-1.02640335514695,25,0,0,0,0,-0.641557837728673,10116.3152770885,9365.93351978584,9065.72310541082
545,24.70890695738,26.4943113114527,27.2705615659016,-0.202980154869785,2.20095646795111,1.88237952492334,1.74733723912232,-0.666193545438716,0,27.481899569129,1.86568701603192,-1.02640335514695,25,0,0,0,0,-0.640686560830988,10136.5784004741,9382.98558981794,9080.30002585965
545.5,24.6542953620842,26.4390429624883,27.2149555512227,-0.203006420338585,2.20916321757432,1.88978023300289,1.7539189814034,-0.666193545438716,0,27.439896403835,1.86560493644192,-1.02640335514695,25,0,0,0,0,-0.640769465156708,10156.7664229809,9399.85144654947,9094.83311693306
546,24.5997012242892,26.411417361875,27.1871620201157,-0.203403828319274,2.21732311873013,1.89709034979273,1.76047096274571,-0.617622824076989,0,27.3976791034684,1.86436303650227,-0.959071641387376,25,0,0,0,5,-0.642023843706955,10176.8793748645,9416.53968937826,9109.32249901481
546.5,24.5724106514213,26.3561832023798,27.1593747774918,-0.191440400953041,2.22501978457706,1.90430647825463,1.76699106942507,-0.617622824076989,0,27.356009019637,1.90174874702175,-0.959071641387376,25,0,0,0,5,-0.604262481568179,10195.887339913,9433.04155042474,9123.76323757528
547,24.5178423967833,26.3285746011499,27.1038190708028,-0.192029593943864,2.23266283616064,1.91142495880982,1.77347705495251,-0.617622824076989,0,27.3141150632576,1.89990751892543,-0.959071641387376,25,0,0,0,5,-0.606122210324411,10214.7983706162,9449.34761570185,9138.15007530448
547.5,24.4905646746649,26.3009716240628,27.0760505633444,-0.192359396223609,2.24026209098721,1.91845025980113,1.77992919936489,-0.617622824076989,0,27.2727589651888,1.89887688680122,-0.959071641387376,25,0,0,0,5,-0.607163198240198,10233.636180709,9465.46708945861,9152.48334207957
548,24.4360219400472,26.2457824578177,27.0482882575822,-0.192269837453667,2.24781777264265,1.92538659078668,1.78634778004062,-0.569079788067882,0,27.2319229810551,1.89915675795729,-0.892769192422057,25,0,0,0,0,-0.606880514938756,10252.400817297,9481.40865798095,9166.76336598234
548.5,24.4087568872702,26.2181962264544,26.9927821645862,-0.179332372237948,2.25491243786426,1.9322305096421,1.79273078045762,-0.569079788067882,0,27.1908375330801,1.93958633675641,-0.892769192422057,25,0,0,0,0,-0.566044699731858,10270.0522249307,9497.16345080574,9180.985364322
549,24.3542393101723,26.1630403618644,26.9650383341229,-0.178780477674311,2.26195741236116,1.93897836061084,1.79907606357848,-0.569079788067882,0,27.1502646015859,1.94131100726778,-0.892769192422057,25,0,0,0,0,-0.564302699731197,10287.6104756636,9512.7220620404,9195.14425911608
549.5,24.3269867456426,26.1354706865372,26.9373006188969,-0.178258059192303,2.26896183721397,1.94563460164186,1.8053840123172,-0.569079788067882,0,27.1094353059816,1.94294356502405,-0.892769192422057,25,0,0,0,0,-0.562653738034584,10305.0978465291,9528.09379412831,9209.24058032444
550,24.2724939641853,26.1079064878174,26.8818434479199,-0.177905435841874,2.27592592897736,1.95220343164124,1.81165500452976,-0.520713020778885,0,27.069111391757,1.94404551299415,-0.827644556702802,25,0,0,0,0,-0.56154071769129,10322.5144341142,9543.28742426103,9223.27485229556
550.5,24.2452537071164,26.0527944361882,26.8541239491003,-0.158993859670546,2.28222192241749,1.95867764993119,1.81788596248268,-0.520713020778885,0,27.0292761816615,2.00314418852954,-0.827644556702802,25,0,0,0,0,-0.501848218664112,10338.2859018335,9558.28537047949,9237.23985460265
551,24.2180175124118,26.0252465413159,26.8264104793805,-0.159284677421868,2.28846919736365,1.96504992476872,1.82407364938605,-0.520713020778885,0,26.9891621951031,2.00223538305666,-0.827644556702802,25,0,0,0,5,-0.502766155814385,10353.9595441172,9573.06965373376,9251.1279703367
551.5,24.1907853600284,25.9977040391247,26.7987030172757,-0.159878431070549,2.29468035376714,1.97132518174903,1.83021860160751,-0.520713020778885,0,26.9495318467432,2.00037990290454,-0.827644556702802,25,0,0,0,5,-0.50464027983108,10369.566536394,9587.65070590171,9264.94002882183
552,24.1363331021075,25.9701669086754,26.7433060300693,-0.160507205129034,2.30085559025484,1.97750806020721,1.83632134755858,-0.4729762512668,0,26.9103697052691,1.99841498397177,-0.764147882107655,25,0,0,0,5,-0.506624942269283,10385.107016542,9602.0383720215,9278.67684960139
552.5,24.1091129565378,25.9151086793285,26.7156164620956,-0.148385638355256,2.30657723593727,1.98359552109342,1.84238011597254,-0.4729762512668,0,26.871660327353,2.03629488013982,-0.764147882107655,25,0,0,0,5,-0.46836442890453,10399.5271776722,9616.2246642369,9292.33407276145
553,24.081896773225,25.8875875386354,26.6879328159923,-0.148461237943359,2.31225640203283,1.98958425844624,1.84839300071136,-0.4729762512668,0,26.8326381567103,2.036058631427,-0.764147882107655,25,0,0,0,0,-0.468603051444417,10413.8604670694,9630.20094107795,9305.90701242417
553.5,24.0546845321795,25.8600716860932,26.6602550703715,-0.148128923358734,2.31790261541876,1.99547908787307,1.85436062012918,-0.4729762512668,0,26.7940659983238,2.03709711450396,-0.764147882107655,25,0,0,0,0,-0.467554133689508,10428.1305701447,9643.97752278691,9319.3966705682
554,24.0274762134222,25.832561100845,26.6325832038644,-0.147585720121941,2.32351605249936,2.00128454385975,1.86028358247218,-0.425973237649771,0,26.7559295335545,2.03879462461893,-0.702371813421807,25,0,0,0,0,-0.465839566992895,10442.3376262915,9657.5641457202,9332.80403566053
554.5,24.0002717969842,25.7775556488852,26.5772570228114,-0.134490007170514,2.32867811031676,2.00699745853291,1.86616018498188,-0.425973237649771,0,26.7182149227115,2.07971872759214,-0.702371813421807,25,0,0,0,0,-0.424504258633012,10455.4197385842,9670.95255208887,9346.12486325016
555,23.9730712629071,25.750060740541,26.5496026656224,-0.134048078657481,2.33380149005536,2.01261445124573,1.87198860295756,-0.425973237649771,0,26.6801588606149,2.08109975419537,-0.702371813421807,25,0,0,0,0,-0.423109355474473,10468.4203963528,9684.13395450667,9359.35461229776
555.5,23.9186817620519,25.7225710162255,26.5219541022611,-0.133868955521902,2.3388950458489,2.01814025143636,1.87776952981443,-0.425973237649771,0,26.6425243595201,2.08165951399406,-0.702371813421807,25,0,0,0,0,-0.42254397120933,10481.3617671378,9697.11860441403,9372.49444846888
556,23.8914927554073,25.6950864551623,26.4943113114527,-0.134058545264407,2.34395894780513,2.02357931170646,1.88350364702835,-0.37952046617005,0,26.6052974944208,2.08106704604873,-0.642118997768318,25,0,0,0,5,-0.423142392272573,10494.2440276115,9709.91617118625,9385.54552072304
556.5,23.8914927554073,25.6676070365908,26.466674271941,-0.115744615973948,2.34836647555238,2.02892471789637,1.88918818805002,-0.37952046617005,0,26.5684648222652,2.13829807508141,-0.642118997768318,25,0,0,0,5,-0.365336305860169,10505.4697096233,9722.50959215742,9398.50112462968
557,23.8643075513903,25.6401327397658,26.411417361875,-0.116391832345946,2.35273369496648,2.03416925216808,1.89482017197744,-0.37952046617005,0,26.5320144045047,2.13627552391892,-0.642118997768318,25,0,0,0,5,-0.367379179616743,10516.6048650651,9734.88101559605,9411.3540346575
557.5,23.8371261300921,25.612663543958,26.3837974488999,-0.116917377569111,2.35707540630752,2.03931805285725,1.90040041989144,-0.37952046617005,0,26.4959346843719,2.13463319509653,-0.642118997768318,25,0,0,0,5,-0.369038010559143,10527.6869764963,9747.04171888953,9424.10568549618
558,23.8099484716143,25.5851994284537,26.3561832023798,-0.117129875462712,2.36139175027557,2.04437595952864,1.90592973913407,-0.334326638674725,0,26.4602139630838,2.13396913917902,-0.584085585233524,25,0,0,0,5,-0.369708738910505,10538.7162120657,9759.00234525305,9436.75749282456
558.5,23.7827745560676,25.5577403725541,26.3285746011499,-0.104384552576171,2.36526409120484,2.04934009328665,1.91140662196136,-0.334326638674725,0,26.424840931773,2.17379827319946,-0.584085585233524,25,0,0,0,0,-0.329479401751427,10548.6210099726,9770.75532005228,9449.30557694256
559,23.7556043635723,25.5302863555762,26.3009716240628,-0.103877857564199,2.36910469513671,2.05420731592725,1.91682942537525,-0.334326638674725,0,26.3898046581983,2.17538169511188,-0.584085585233524,25,0,0,0,0,-0.327880069615637,10558.4540705407,9782.29243307744,9461.745732487
559.5,23.7556043635723,25.5028373568518,26.2733742499892,-0.103280146999214,2.37292279264931,2.05898261017319,1.92219902935685,-0.334326638674725,0,26.3550945739135,2.17724954062746,-0.584085585233524,25,0,0,0,0,-0.325993455988318,10568.2388407842,9793.62473516002,9474.0795365898
560,23.7284378742585,25.4753933557284,26.2457824578177,-0.102770727697887,2.37671851178918,2.0636706660303,1.92751629787953,-0.290423717843851,0,26.3207009895852,2.1788414759441,-0.528280395834091,25,0,0,0,0,-0.324385524905611,10577.9754979415,9804.76264780917,9486.30854272326
560.5,23.7012750682655,25.4479543315679,26.2181962264544,-0.0899456169151762,2.38007238288917,2.06826843516317,1.93277976926811,-0.290423717843851,0,26.2866145212303,2.21891994714007,-0.528280395834091,25,0,0,0,0,-0.283904345231062,10586.5864150472,9815.6982382839,9498.42895848733
561,23.6741159257419,25.4205202637477,26.1906155348229,-0.0900125832980653,2.38339817308892,2.0727726666896,1.93798786005748,-0.290423717843851,0,26.2528255693978,2.21871067719355,-0.528280395834091,25,0,0,0,5,-0.284115717922013,10595.132354901,9826.42307060923,9510.43669675062
561.5,23.6741159257419,25.3930911316596,26.1630403618644,-0.090477995167101,2.38670443540739,2.07718821974875,1.943141503444,-0.290423717843851,0,26.2193248532606,2.21725626510281,-0.528280395834091,25,0,0,0,5,-0.285584743945438,10603.6351517196,9836.94802901828,9522.33346869624
562,23.6469604268457,25.3656669147103,26.1354706865372,-0.0911197673228941,2.38999128672337,2.08151966731605,1.94824161522983,-0.247574422442398,0,26.1861039272718,2.21525072711596,-0.474441570908722,25,0,0,0,5,-0.287610433577983,10612.0949907701,9847.28337556924,9534.12095905353
562.5,23.6198085517439,25.3382475923215,26.0803477446977,-0.0791317161466439,2.3928401773316,2.08576388398513,1.95328679432263,-0.247574422442398,0,26.1531546091277,2.25271338704174,-0.474441570908722,25,0,0,0,5,-0.249771348845267,10619.4332100929,9857.42103079559,9545.7955014429
563,23.6198085517439,25.3108331439291,26.0527944361882,-0.0794671364555951,2.3956628463721,2.08991747129196,1.95827549308382,-0.247574422442398,0,26.1204684606031,2.25166519857627,-0.474441570908722,25,0,0,0,5,-0.25083006950844,10626.7090424071,9867.35224239462,9557.35307757624
563.5,23.5926602806124,25.3108331439291,26.0252465413159,-0.0793975244526054,2.39846890296185,2.09398519062756,1.96320869300006,-0.247574422442398,0,26.0880378501717,2.25188273608561,-0.474441570908722,25,0,0,0,0,-0.250610346182204,10633.9471450458,9877.08777650936,9568.7955254561
564,23.5926602806124,25.2834235489835,25.9977040391247,-0.0789511168571227,2.40125843764585,2.09797152348928,1.96808735727855,-0.205873025145934,0,26.0566028417491,2.25327775982149,-0.422641136699625,25,0,0,0,0,-0.249201305247822,10641.1476669515,9886.63778449392,9580.12465484793
564.5,23.5655155936366,25.2560187869497,25.9701669086754,-0.0658262749565263,2.40361210016255,2.10187323048867,1.97291012206475,-0.205873025145934,0,26.0253829057769,2.29429289076086,-0.422641136699625,25,0,0,0,0,-0.20777405427278,10647.2269983736,9895.99394604727,9591.3368761687
565,23.5655155936366,25.2286188373069,25.9426351290453,-0.0652559713946678,2.40594307785135,2.1056868525876,1.97767549060685,-0.205873025145934,0,25.9943720059414,2.29607508939166,-0.422641136699625,25,0,0,0,0,-0.20597394811013,10653.2512670624,9905.14739469174,9602.42827942199
565.5,23.5383744710102,25.2012236795485,25.9426351290453,-0.0648849185241048,2.40826029901104,2.10941707569115,1.98238448891949,-0.205873025145934,0,25.9635643044759,2.29723462961217,-0.422641136699625,25,0,0,0,0,-0.204802756829484,10659.2434682163,9914.10882098723,9613.40082435403
566,23.5383744710102,25.2012236795485,25.9151086793285,-0.0648472968146652,2.41056384753462,2.11306830946406,1.98703812352035,-0.165646321019238,0,25.9329541384428,2.29735219745417,-0.373181655377124,25,0,0,0,0,-0.204684007665809,10665.2037600742,9922.88830256249,9624.25643978825
566.5,23.5112368929362,25.1738332931822,25.8875875386354,-0.0526563180519891,2.41243360600394,2.11663721933181,1.99163506386143,-0.165646321019238,0,25.9032829668594,2.33544900608753,-0.373181655377124,25,0,0,0,5,-0.166204402299298,10670.0441757806,9931.47731883792,9634.99160799496
567,23.5112368929362,25.1464476577294,25.8600716860932,-0.0532701938260742,2.41428419310543,2.12012030351059,1.99617386028763,-0.165646321019238,0,25.8737726410538,2.33353064429352,-0.373181655377124,25,0,0,0,5,-0.168142039792621,10674.8371941093,9939.86692882083,9645.60252293193
567.5,23.5112368929362,25.1464476577294,25.832561100845,-0.0538884260419495,2.41612385023127,2.12352218862254,2.00065557947211,-0.165646321019238,0,25.8444189156264,2.33159866861891,-0.373181655377124,25,0,0,0,5,-0.170093427958809,10679.6041075011,9948.06777732532,9656.09126026588
568,23.4841028396258,25.1190667527258,25.8050557620505,-0.0543109286728586,2.41795263996297,2.12684722776964,2.00508126746422,-0.12724639805748,0,25.8159648703209,2.33027834789732,-0.326385948128369,25,0,0,0,5,-0.171427015263011,10684.3450405733,9956.08989642444,9666.45986213626
568.5,23.4841028396258,25.0916905577207,25.7775556488852,-0.0418348664931079,2.4193514225453,2.13009206739602,2.00944964258833,-0.12724639805748,0,25.787633914383,2.36926604220904,-0.326385948128369,25,0,0,0,5,-0.132047572598846,10687.9726955895,9963.92474610594,9676.70492303023
569,23.4841028396258,25.0916905577207,25.750060740541,-0.0414918816451636,2.42073271962796,2.13325311256251,2.0137592794895,-0.12724639805748,0,25.7594230476469,2.37033786985886,-0.326385948128369,25,0,0,0,0,-0.130964975224794,10691.5562519622,9971.56318730764,9686.82269156323
569.5,23.4569722912994,25.0643190522774,25.7225710162255,-0.0409071277882876,2.4221058295986,2.13633494216339,2.01801128155207,-0.12724639805748,0,25.732076296468,2.3721652256616,-0.326385948128369,25,0,0,0,0,-0.129119258150951,10695.1197988488,9979.01583905891,9696.81535282893
570,23.4569722912994,25.0369522159725,25.6950864551623,-0.0403001731177584,2.42347079879246,2.13934186482809,2.02220673088109,-0.0903812308605438,0,25.7048184986055,2.37406195900701,-0.281927399442213,25,0,0,0,0,-0.127203466428892,10698.6634352422,9986.29270960773,9706.68505677357
570.5,23.4569722912994,25.0369522159725,25.6950864551623,-0.0273125059390644,2.42440775720088,2.14227045825731,2.02634437219885,-0.0903812308605438,0,25.677647776399,2.41464841894042,-0.281927399442213,25,0,0,0,0,-0.0862091937460628,10701.096602836,9993.3851176659,9716.42846096578
571,23.4569722912994,25.0095900283968,25.6676070365908,-0.0271591839547399,2.42533061986349,2.14511710958997,2.03042282048168,-0.0903812308605438,0,25.6513089865275,2.41512755014144,-0.281927399442213,25,0,0,0,0,-0.0857252482347411,10703.4937247514,10000.2839060664,9726.04190968822
571.5,23.4569722912994,25.0095900283968,25.6401327397658,-0.0274238952984832,2.42624800736845,2.14788636105117,2.03444321294617,-0.0903812308605438,0,25.6250288054519,2.41430032719224,-0.281927399442213,25,0,0,0,5,-0.0865607831201325,10705.8771753181,10006.9996878363,9735.52769302392
572,23.4298452281856,24.9822324691539,25.612663543958,-0.027995600964684,2.42715995716708,2.1505824859479,2.03840666453635,-0.0550971376776488,0,25.5995529011119,2.41251374698536,-0.239821160444752,25,0,0,0,5,-0.0883653148849285,10708.2470422355,10013.5424629779,9744.88806338992
572.5,23.4298452281856,24.9822324691539,25.5851994284537,-0.0223437062775008,2.42785706260008,2.15320578226007,2.04231311479851,-0.0550971376776488,0,25.5741084598551,2.43017591788281,-0.239821160444752,25,0,0,0,5,-0.0705256744943036,10710.0589629747,10019.9126113642,9754.12250785212
573,23.4298452281856,24.9548795178615,25.5577403725541,-0.0228398881279746,2.42854523454094,2.1557562945593,2.04616241493716,-0.0550971376776488,0,25.5494414058447,2.42862534960008,-0.239821160444752,25,0,0,0,5,-0.072091822887139,10711.8479747612,10026.1099075203,9763.23030827748
573.5,23.4298452281856,24.9275311541499,25.5577403725541,-0.0230315324946484,2.42922932416986,2.15823805333188,2.04995567235708,-0.0550971376776488,0,25.5247804776822,2.42802646095422,-0.239821160444752,25,0,0,0,5,-0.0726967291661083,10713.6266802967,10032.143828892,9772.21372610789
574,23.4298452281856,24.9275311541499,25.5302863555762,-0.0227980725637606,2.42990935082383,2.16065484926557,2.05369397223933,-0.0214098698855025,0,25.500127041628,2.42875602323825,-0.200050816651202,25,0,0,0,0,-0.071959836240254,10715.3951244819,10038.0233011344,9781.07498404496
574.5,23.4298452281856,24.9275311541499,25.5028373568518,-0.00973052390810267,2.43016575280332,2.16300278184062,2.05737606393641,-0.0214098698855025,0,25.4762280609125,2.46959211278718,-0.200050816651202,25,0,0,0,0,-0.0307134256635353,10716.0619893721,10043.7385518083,9789.81077406339
575,23.4298452281856,24.9001873576633,25.4753933557284,-0.00910005231925851,2.43041169190181,2.16527776082103,2.06100055809349,-0.0214098698855025,0,25.4530589182585,2.47156233650232,-0.200050816651202,25,0,0,0,0,-0.0287234051405076,10716.7016821487,10049.2793322343,9798.41745252795
575.5,23.4298452281856,24.9001873576633,25.4753933557284,-0.00857991271340694,2.43065615975985,2.16748389834487,2.06456859451034,-0.0214098698855025,0,25.4298501602269,2.4731877727706,-0.200050816651202,25,0,0,0,0,-0.0270816364885977,10717.3375873517,10054.6553736682,9806.89738244132
576,23.4298452281856,24.8728481080587,25.4479543315679,-0.00833476711611183,2.43089916787839,2.16962506328891,2.06808129053858,0.010324190148566,0,25.407350190321,2.47395385276215,-0.1629400761284,25,0,0,0,0,-0.0263078589252954,10717.9697341984,10059.8758439059,9815.25288730386
576.5,23.4298452281856,24.8728481080587,25.4205202637477,0.00406557909892257,2.43072047415939,2.17169740253031,2.07153741837941,0.010324190148566,0,25.3847903658582,2.51270493468413,-0.1629400761284,25,0,0,0,5,0.0128325938678392,10717.5048872465,10064.9310960259,9823.48071875086
577,23.4298452281856,24.8455133850061,25.4205202637477,0.00355678071547459,2.43053458932409,2.17369691714795,2.07493562558657,0.010324190148566,0,25.362919625665,2.51111493973586,-0.1629400761284,25,0,0,0,5,0.011226622650324,10717.0213557368,10069.8111159721,9831.57732618296
577.5,23.4298452281856,24.8455133850061,25.3930911316596,0.00292445148055023,2.43034982029643,2.17562778421154,2.07827708211644,0.010324190148566,0,25.3409700918648,2.50913891087672,-0.1629400761284,25,0,0,0,5,0.00923073865320875,10716.5407490805,10074.5258479783,9839.54517051401
578,23.4298452281856,24.8455133850061,25.3656669147103,0.0023766681450752,2.43016616066193,2.17749393277827,2.08156293456753,0.040679797627007,0,25.3196911953395,2.50742708795336,-0.127876478135798,25,0,0,0,5,0.00750171533311536,10716.0630501882,10079.0846578328,9847.38667067983
578.5,23.4298452281856,24.8181831681886,25.3656669147103,0.00836250235744458,2.42977401335196,2.17929532854471,2.08479314993791,0.040679797627007,0,25.2990610751365,2.52613281986701,-0.127876478135798,25,0,0,0,5,0.0263954024410381,10715.0431483785,10083.4872476949,9855.10144055767
579,23.4298452281856,24.8181831681886,25.3382475923215,0.00845223543159534,2.42937954185135,2.18103171272087,2.08796760895671,0.040679797627007,0,25.2783133111719,2.52641323572374,-0.127876478135798,25,0,0,0,0,0.0266786359162875,10714.0173030977,10087.7327777773,9862.68889211319
579.5,23.4298452281856,24.7908574373021,25.3108331439291,0.00892915441904066,2.42898741956004,2.18270682869638,2.09108744806954,0.040679797627007,0,25.2581984968053,2.5279036075595,-0.127876478135798,25,0,0,0,0,0.0281839830082599,10712.99766776,10091.8302060334,9870.15144585566
580,23.4298452281856,24.7908574373021,25.3108331439291,0.00956110547063105,2.4285976282483,2.18432419638572,2.09415378052494,0.0693064911217789,0,25.2379508444009,2.52987845459572,-0.0951803377603596,25,0,0,0,0,0.0301786733074998,10711.9841931508,10095.7879651476,9877.49147946926
580.5,23.4298452281856,24.7908574373021,25.2834235489835,0.0163973982587471,2.42800023626304,2.1858833841572,2.09716653638187,0.0693064911217789,0,25.2183213137697,2.55124186955858,-0.0951803377603596,25,0,0,0,0,0.0517567478639094,10710.4311400915,10099.6048322137,9884.70854753146
581,23.4298452281856,24.7908574373021,25.2560187869497,0.0167349850020886,2.42740207771883,2.18738378348619,2.1001255675356,0.0693064911217789,0,25.1992897665776,2.55229682813153,-0.0951803377603596,25,0,0,0,0,0.0528223066605926,10708.8763275293,10103.2791552824,9891.80202104382
581.5,23.4298452281856,24.7635361720555,25.2560187869497,0.0166887900999237,2.42680748774044,2.1888287983416,2.10303197908509,0.0693064911217789,0,25.1808367421485,2.55215246906226,-0.0951803377603596,25,0,0,0,5,0.0526764970713991,10707.3310222032,10106.8191176239,9898.7742817892
582,23.4569722912994,24.7635361720555,25.2286188373069,0.0162436714247575,2.42621645010654,2.19022162929295,2.10588685343883,0.0961416536920581,0,25.1621983834147,2.55076147320237,-0.0648793533658775,25,0,0,0,5,0.0512715244851045,10705.7951777603,10110.2324212788,9905.62766879977
582.5,23.4569722912994,24.7635361720555,25.2286188373069,0.0281961679543546,2.42521020998118,2.1915578416074,2.10868894152989,0.0961416536920581,0,25.1441277984765,2.58811302485736,-0.0648793533658775,25,0,0,0,5,0.088998384531125,10703.1809303982,10113.5080633433,9912.35892977251
583,23.4569722912994,24.7362193521701,25.2012236795485,0.0276130914311584,2.42420027279375,2.19283278716206,2.11143683786729,0.0961416536920581,0,25.1266070300887,2.58629091072237,-0.0648793533658775,25,0,0,0,5,0.0871579617933083,10700.5577416298,10116.6345087118,9918.96443239271
583.5,23.4569722912994,24.7362193521701,25.2012236795485,0.0272365464595519,2.42319638077491,2.19405008733287,2.11413167899391,0.0961416536920581,0,25.1088732691629,2.5851142076861,-0.0648793533658775,25,0,0,0,5,0.0859694352449297,10697.9509131509,10119.6205021497,9925.44665653532
584,23.4569722912994,24.7362193521701,25.1738332931822,0.0272081460349128,2.42219849364417,2.19521314940692,2.11677457887003,0.121451057683601,0,25.0916798670788,2.5850254563591,-0.036671946831504,25,0,0,0,5,0.0858797921445987,10695.3603282941,10122.4742796901,9931.80803929807
584.5,23.4841028396258,24.7362193521701,25.1464476577294,0.0338606904276585,2.42099688644883,2.19632144121221,2.1193654693894,0.121451057683601,0,25.0750092393318,2.60581465758643,-0.036671946831504,25,0,0,0,0,0.106877883265861,10692.2417323359,10125.1944221114,9938.04818104091
585,23.4841028396258,24.70890695738,25.1464476577294,0.0344756872954211,2.41979793911674,2.19737424549428,2.12190419972842,0.121451057683601,0,25.0588449197265,2.60773652279819,-0.036671946831504,25,0,0,0,0,0.108819059379267,10689.130976291,10127.7790596027,9944.1664865749
585.5,23.4841028396258,24.70890695738,25.1190667527258,0.0350885123986352,2.41860615732546,2.19837487168587,2.12439187520504,0.121451057683601,0,25.042426170199,2.60965160124573,-0.036671946831504,25,0,0,0,0,0.110753380535052,10686.0397385637,10130.2362151503,9950.1653941669
586,23.4841028396258,24.70890695738,25.1190667527258,0.0355045488181209,2.41742149946119,2.19932643116532,2.12682957829992,0.145157578888472,0,25.026507575658,2.61095171505663,-0.0106030302632163,25,0,0,0,0,0.112066557889517,10682.9678941869,10132.5734381904,9956.04729759223
586.5,23.5112368929362,24.70890695738,25.0916905577207,0.0418418701592493,2.41603392963643,2.2002281011623,2.12921720591202,0.145157578888472,0,25.0110728642651,2.63075584424765,-0.0106030302632163,25,0,0,0,5,0.132069678970655,10679.3710544606,10134.7886233908,9961.8117376632
587,23.5112368929362,24.70890695738,25.0916905577207,0.0414843338873909,2.41465048573063,2.20107891503324,2.13155458031743,0.145157578888472,0,24.9961068382815,2.6296385433981,-0.0106030302632163,25,0,0,0,5,0.130941151482161,10675.7861551013,10136.8793144374,9967.45807832034
587.5,23.5112368929362,24.70890695738,25.0643190522774,0.040894747973756,2.41327533298885,2.20188193672205,2.13384277725701,0.145157578888472,0,24.9815947943412,2.62779608741799,-0.0106030302632163,25,0,0,0,5,0.129080182504363,10672.2239720887,10138.8529648486,9972.98871709577
588,23.5383744710102,24.6815989674316,25.0643190522774,0.0402909251075207,2.41190842323065,2.20264004655231,2.136082850116,0.166891865934332,0,24.96752199676,2.625909140961,0.012991201296002,25,0,0,0,5,0.127174276009378,10668.6843578429,10140.7165868684,9978.40600717462
588.5,23.5383744710102,24.6815989674316,25.0643190522774,0.0461360083351865,2.41034027015663,2.20335222299219,2.13827467279265,0.166891865934332,0,24.9531300429102,2.64417502604746,0.012991201296002,25,0,0,0,5,0.145623696709183,10664.6251164966,10142.4676074476,9983.70945637446
589,23.5383744710102,24.6815989674316,25.0369522159725,0.0460026022491313,2.4087768017671,2.20401727517939,2.14041803331472,0.166891865934332,0,24.939176043637,2.64375813202854,0.012991201296002,25,0,0,0,5,0.145202613739158,10660.5795886733,10144.1030390665,9988.89836770955
589.5,23.5655155936366,24.6815989674316,25.0369522159725,0.0462844103744364,2.40722270225458,2.20463807480875,2.14251397988813,0.166891865934332,0,24.9256457616766,2.64463878242011,0.012991201296002,25,0,0,0,0,0.146092112905871,10656.5598726159,10145.6298887729,9993.97510009515
590,23.5655155936366,24.6815989674316,25.0095900283968,0.0468665657139057,2.40567791020978,2.20521732180824,2.14456353900631,0.187494766748088,0,24.9125259653254,2.64645801785596,0.0349896138698398,25,0,0,0,0,0.147929628019372,10652.5657803755,10147.0547490072,9998.94196871703
590.5,23.5655155936366,24.6815989674316,25.0095900283968,0.0537638046456735,2.40393262609738,2.20575381277541,2.1465665541368,0.187494766748088,0,24.899803850918,2.66801188951773,0.0349896138698398,25,0,0,0,0,0.169700072983604,10648.0551695585,10148.3746156519,10003.7984282642
591,23.5926602806124,24.6815989674316,24.9822324691539,0.0542494711900241,2.40219342340369,2.20624620959182,2.14852279087532,0.187494766748088,0,24.8874665182752,2.66952959746883,0.0349896138698398,25,0,0,0,0,0.171233030864192,10643.562235465,10149.5861547665,10008.5437473141
591.5,23.5926602806124,24.6815989674316,24.9822324691539,0.0544124690089332,2.4004646470129,2.20669723427262,2.15043327216859,0.187494766748088,0,24.8755020274365,2.67003896565292,0.0349896138698398,25,0,0,0,0,0.171747517179797,10639.0981732727,10150.6960258745,10013.1802491215
592,23.5926602806124,24.6542953620842,24.9822324691539,0.0541437903274796,2.39874623908145,2.20710944570847,2.15229899964418,0.205987986964018,0,24.8638988226225,2.66919934477337,0.0544404709509834,25,0,0,0,5,0.170899459789657,10634.6627975256,10151.710493189,10017.7102132999
592.5,23.6198085517439,24.6542953620842,24.9548795178615,0.0598757471812991,2.39682897101322,2.20748152646667,2.15411979797457,0.205987986964018,0,24.8519006398029,2.68711170994156,0.0544404709509834,25,0,0,0,5,0.188991808403052,10629.716394162,10152.6262851648,10022.1330677088
593,23.6198085517439,24.6542953620842,24.9548795178615,0.05926353089617,2.39491830827031,2.20781199386859,2.15589540263978,0.205987986964018,0,24.8402669606172,2.68519853405053,0.0544404709509834,25,0,0,0,5,0.187059408920671,10624.78939066,10153.4397251451,10026.4480260228
593.5,23.6198085517439,24.6542953620842,24.9548795178615,0.0587723342605673,2.39301912107223,2.2081034523072,2.15762681302252,0.205987986964018,0,24.828986468206,2.68366354456427,0.0544404709509834,25,0,0,0,5,0.185508995860055,10619.8943107334,10154.1571997144,10030.6573776273
594,23.6469604268457,24.6542953620842,24.9275311541499,0.0585531278667412,2.39113133737792,2.20835835041759,2.15931500775682,0.223769184890102,0,24.8180476991409,2.68297852458357,0.0727809203436479,25,0,0,0,5,0.184817092798582,10615.0309250509,10154.7847166874,10034.7633688523
594.5,23.6469604268457,24.6542953620842,24.9275311541499,0.0649933901150611,2.38904541436752,2.20857525496095,2.16095978496565,0.223769184890102,0,24.8074401021455,2.70310434410957,0.0727809203436479,25,0,0,0,0,0.205145136559179,10609.6597520188,10155.3187305593,10038.7653801751
595,23.6741159257419,24.6542953620842,24.9275311541499,0.0655202341912711,2.38696744564673,2.20875259804736,2.16256086149474,0.223769184890102,0,24.7971534635557,2.70475073184772,0.0727809203436479,25,0,0,0,0,0.206808067201328,10604.311843151,10155.7553660842,10042.6625965872
595.5,23.6741159257419,24.6542953620842,24.9001873576633,0.0661653008655999,2.38490195025721,2.20889289255709,2.16411921513522,0.223769184890102,0,24.7871779131559,2.706766565205,0.0727809203436479,25,0,0,0,0,0.20884415565218,10598.9987857013,10156.100797897,10046.4572762866
596,23.6741159257419,24.6542953620842,24.9001873576633,0.0667056393694787,2.3828488528329,2.20899850073268,2.16563580324674,0.239805366599001,0,24.7775038953291,2.70845512302962,0.0889984418683454,25,0,0,0,0,0.210549680105823,10593.7203341877,10156.3608331574,10050.151634448
596.5,23.7012750682655,24.6542953620842,24.9001873576633,0.0732305100378899,2.38059831865702,2.2090678960006,2.16711039910716,0.239805366599001,0,24.7681216481176,2.72884534386841,0.0889984418683454,25,0,0,0,0,0.231144781883596,10587.9373857826,10156.5317063143,10053.7450067506
597,23.7012750682655,24.6542953620842,24.8728481080587,0.0730655065152352,2.37835707994258,2.20909944643294,2.1685427026204,0.239805366599001,0,24.7590222642733,2.72832970786011,0.0889984418683454,25,0,0,0,5,0.230623964764688,10582.1815497326,10156.6093944423,10057.2365521861
597.5,23.7284378742585,24.6542953620842,24.8728481080587,0.0725653337084063,2.37612931841714,2.20909559316079,2.16993367159548,0.239805366599001,0,24.7501971185409,2.72676666783877,0.0889984418683454,25,0,0,0,5,0.229045219317214,10576.4635136167,10156.5999063151,10060.628499759
598,23.7284378742585,24.6542953620842,24.8728481080587,0.0719548229146903,2.37391495583095,2.20905863062369,2.17128424370131,0.254314319238105,0,24.7416378754047,2.72485882160841,0.103344849838115,25,0,0,0,5,0.227118203047929,10570.7830164383,10156.5088918505,10063.923035475
598.5,23.7556043635723,24.6542953620842,24.8728481080587,0.07142388152303,2.37171391139738,2.20899071353073,2.17259533627978,0.254314319238105,0,24.733336462073,2.72319962975947,0.103344849838115,25,0,0,0,5,0.225442339639292,10565.139791586,10156.3416587775,10067.1223015854
599,23.7556043635723,24.6542953620842,24.8455133850061,0.0711283882878119,2.36952610237398,2.20889386532492,2.17386784677735,0.254314319238105,0,24.7252850768867,2.72227621339941,0.103344849838115,25,0,0,0,5,0.22450964479165,10559.5335683302,10156.103193078,10070.2283973529
599.5,23.7827745560676,24.6542953620842,24.8455133850061,0.0711939321623413,2.36735144445019,2.20876998613613,2.17510265316779,0.254314319238105,0,24.7174761629371,2.72248103800732,0.103344849838115,25,0,0,0,0,0.224716527477214,10553.9640728205,10155.7981782289,10073.2433798079
600,23.7827745560676,24.6542953620842,24.8455133850061,0.0716588086803172,2.36518985379268,2.20862086025288,2.1763006143661,0.267484080016544,0,24.7099024170923,2.72393377712599,0.116039033163082,25,0,0,0,0,0.226183863718553,10548.4310333207,10155.4310133133,10076.1692644966
600.5,23.8099484716143,24.6542953620842,24.8455133850061,0.0785595442136979,2.36283176959459,2.20844442485118,2.17746140898272,0.267484080016544,0,24.7025567642056,2.74549857566781,0.116039033163082,25,0,0,0,0,0.247965345356116,10542.3984243009,10154.996626527,10079.0051878021
601,23.8099484716143,24.6542953620842,24.8181831681886,0.0791445134707705,2.36048344008092,2.20823853077412,2.1785846400342,0.267484080016544,0,24.6954323667177,2.74732660459616,0.116039033163082,25,0,0,0,0,0.24981174231914,10536.3942894981,10154.4897356832,10081.7501028437
601.5,23.8371261300921,24.6542953620842,24.8181831681886,0.079479934051403,2.35814922968201,2.20800513961713,2.17967117292049,0.267484080016544,0,24.6885225994154,2.74837479391063,0.116039033163082,25,0,0,0,0,0.250870463839848,10530.4297311808,10153.9151805799,10084.4060503244
602,23.8371261300921,24.6542953620842,24.8181831681886,0.079410319132012,2.35582905748248,2.20774609532315,2.18072185485668,0.279477213989807,0,24.6818210595709,2.74815724728754,0.127271576171658,25,0,0,0,5,0.250650731308283,10524.504476867,10153.2775117364,10086.9750310995
602.5,23.8643075513903,24.6542953620842,24.8181831681886,0.0852467235237871,2.35331395083262,2.2074594098974,2.18173635868553,0.279477213989807,0,24.6753215422137,2.76639601101183,0.127271576171658,25,0,0,0,5,0.269072758130482,10518.085261123,10152.5718479439,10089.4561779333
603,23.8643075513903,24.6542953620842,24.7908574373021,0.0846485436339395,2.35080903954708,2.20714296706609,2.18271427006423,0.279477213989807,0,24.6690180507708,2.76452669885606,0.127271576171658,25,0,0,0,5,0.267184663126167,10511.696056344,10151.7929949586,10091.8484117686
603.5,23.8914927554073,24.6815989674316,24.7908574373021,0.0840879719984308,2.34831921555213,2.20679877716553,2.18365644318597,0.279477213989807,0,24.6629047728165,2.7627749124951,0.127271576171658,25,0,0,0,5,0.265415274815847,10505.3492763006,10150.9459171404,10094.1537591711
604,23.8914927554073,24.6815989674316,24.7908574373021,0.0837257396042816,2.34584438581021,2.20642873019165,2.18456371437881,0.290137491050203,0,24.6577206604977,2.76164293626338,0.136911735800938,25,0,0,0,5,0.264271924486954,10499.0446089926,10150.0352825117,10096.3742071736
604.5,23.9186817620519,24.6815989674316,24.7908574373021,0.083691741977335,2.34338445570004,2.20603460062374,2.18543690169766,0.290137491050203,0,24.6526900111344,2.76153669367917,0.136911735800938,25,0,0,0,5,0.26416461437726,10492.7817395367,10149.0654744454,10098.5117020564
605,23.9186817620519,24.6815989674316,24.7908574373021,0.0840685058852473,2.34093933055104,2.20561805442728,2.18627680531454,0.290137491050203,0,24.6478084482232,2.7627140808914,0.136911735800938,25,0,0,0,0,0.265353831976195,10486.5603540691,10148.0406087545,10100.5681500901
605.5,23.9458745912424,24.6815989674316,24.7908574373021,0.0846894069114782,2.33850891586755,2.20518065563344,2.18708420790076,0.290137491050203,0,24.6430717242903,2.76465439659837,0.136911735800938,25,0,0,0,0,0.26731364397539,10480.3801403037,10146.9645497732,10102.5454182687
606,23.9458745912424,24.6815989674316,24.7635361720555,0.0853050822749836,2.33609312074992,2.20472387252028,2.18785987500099,0.2990878784247,0,24.638475733896,2.76657838210932,0.144609706441591,25,0,0,0,0,0.269256961692758,10474.2407962101,10145.8409254846,10104.4453350332
606.5,23.9730712629071,24.6815989674316,24.7635361720555,0.09197884208174,2.3334823952928,2.20424534040815,2.18860339171992,0.2990878784247,0,24.6340164916514,2.78743388150544,0.144609706441591,25,0,0,0,0,0.290322017146804,10467.6102057577,10144.6639360362,10106.2668398842
607,23.9730712629071,24.6815989674316,24.7635361720555,0.0920123657269158,2.33088312209212,2.20374263677898,2.18931427272617,0.2990878784247,0,24.62969014553,2.78753864289661,0.144609706441591,25,0,0,0,5,0.290427831180437,10461.0129662217,10143.4276428494,10108.0087007936
607.5,24.0002717969842,24.6815989674316,24.7635361720555,0.0916359634069678,2.32829950867198,2.20321746070908,2.18999329575839,0.2990878784247,0,24.6254929551765,2.78636238564677,0.144609706441591,25,0,0,0,5,0.289239754897753,10454.4596861357,10142.1362455115,10109.6727824369
608,24.0002717969842,24.6815989674316,24.7635361720555,0.0910565348924936,2.32573146464418,2.20267140914977,2.19064122211021,0.307362396466374,0,24.6214213055052,2.78455167153904,0.15143147779791,25,0,0,0,5,0.287410846734667,10447.9500560734,10140.7936913424,10111.2609122683
608.5,24.0274762134222,24.70890695738,24.7635361720555,0.0904754089670229,2.32317889704277,2.20210598116648,2.19125879635797,0.307362396466374,0,24.6174716852807,2.78273565302195,0.15143147779791,25,0,0,0,5,0.285576580863511,10441.4837612729,10139.4036857677,10112.7748796791
609,24.0274762134222,24.70890695738,24.7635361720555,0.0900590013316737,2.32064171090811,2.20152258387599,2.19184674671904,0.307362396466374,0,24.6143853898705,2.78143437916148,0.15143147779791,25,0,0,0,5,0.284262231803295,10435.0604831232,10137.9697068909,10114.2164367106
609.5,24.0546845321795,24.70890695738,24.7362193521701,0.0899424451287746,2.31811980966028,2.20092253802417,2.19240578540247,0.307362396466374,0,24.6113887416538,2.78107014102742,0.15143147779791,25,0,0,0,5,0.283894333804464,10428.6799001113,10136.4950191981,10115.5872987551
610,24.0546845321795,24.70890695738,24.7362193521701,0.0902289541200963,2.31561309615406,2.20030708322608,2.19293660895242,0.314174508586859,0,24.6084794406958,2.7819654816253,0.156608223721676,25,0,0,0,0,0.284798670784672,10422.3416904885,10134.9826864479,10116.8891452479
610.5,24.081896773225,24.70890695738,24.7362193521701,0.0908186305946968,2.31312147360911,2.19967738288882,2.19343989858433,0.314174508586859,0,24.6056552462183,2.78380822060843,0.156608223721676,25,0,0,0,0,0.286659925609101,10416.0455346121,10133.4355837918,10118.1236203487
611,24.081896773225,24.70890695738,24.7362193521701,0.0914550338585352,2.31064484775114,2.19903452883642,2.19391632051415,0.314174508586859,0,24.6029139920059,2.78579698080792,0.156608223721676,25,0,0,0,0,0.28866866887108,10409.7911203346,10131.8564091724,10119.2923336132
611.5,24.1091129565378,24.70890695738,24.7362193521701,0.091921977811089,2.30818312858883,2.19837954565431,2.19436652628049,0.314174508586859,0,24.6002535667127,2.78725618065965,0.156608223721676,25,0,0,0,0,0.290142530762921,10403.5781474556,10130.2476940384,10120.396860654
612,24.1091129565378,24.70890695738,24.7362193521701,0.0920428591557838,2.30573622945259,2.1977133947708,2.19479115306012,0.320287635723375,0,24.5976719294151,2.78763393486182,0.16093122823394,25,0,0,0,5,0.290524080639316,10397.4063252525,10128.6118134193,10121.4387437917
612.5,24.1363331021075,24.7362193521701,24.7362193521701,0.0980148771241382,2.30309462468246,2.19703323078414,2.19518965839555,0.320287635723375,0,24.5951670900544,2.80629649101293,0.16093122823394,25,0,0,0,5,0.30937415815463,10390.7475862599,10126.9417948351,10122.4166323479
613,24.1363331021075,24.7362193521701,24.7362193521701,0.097463393170729,2.30046482903185,2.19633619019025,2.19556143542408,0.320287635723375,0,24.5934819341315,2.80457310365853,0.16093122823394,25,0,0,0,5,0.307633454204089,10384.122931702,10125.2306263097,10123.3290182636
613.5,24.1635572299341,24.7362193521701,24.7362193521701,0.0968699506179738,2.29785089113229,2.19562355174082,2.19590714158741,0.320287635723375,0,24.5918440803483,2.80271859568117,0.16093122823394,25,0,0,0,5,0.305760312130572,10377.5424882935,10123.4814673049,10124.1774973561
614,24.1635572299341,24.7362193521701,24.7362193521701,0.0964067006215245,2.29525271415101,2.19489651733145,2.19622742038433,0.325183021633023,0,24.5902526017721,2.80127093944226,0.16389895929114,25,0,0,0,5,0.30429810984178,10371.0059310456,10121.6972869596,10124.9636329996
614.5,24.1907853600284,24.7362193521701,24.7362193521701,0.0962140479830099,2.29267019959561,2.19415621481619,2.19652290107946,0.325183021633023,0,24.5887065845125,2.80066889994691,0.16389895929114,25,0,0,0,5,0.303690021053572,10364.5129320415,10119.8808710513,10125.6889552969
615,24.1907853600284,24.7362193521701,24.7362193521701,0.0964050308975583,2.29010324799213,2.19340370250164,2.19679419900976,0.325183021633023,0,24.587205144713,2.80126572155487,0.16389895929114,25,0,0,0,0,0.304292839525053,10358.06316214,10118.0348330883,10126.3549617247
615.5,24.2180175124118,24.7362193521701,24.7362193521701,0.0969498748151736,2.28755176045834,2.19263997336904,2.19704191588441,0.325183021633023,0,24.585747410366,2.80296835879742,0.16389895929114,25,0,0,0,0,0.306012584866614,10351.6562949192,10116.1616247382,10126.9631177677
616,24.2452537071164,24.7635361720555,24.70890695738,0.0975963470582494,2.28501563940885,2.19186595904079,2.19726664007866,0.32959245709597,0,24.5843325383446,2.80498858455703,0.16626698466217,25,0,0,0,0,0.308053109854658,10345.2920084266,10114.2635456321,10127.5148575439
616.5,24.2452537071164,24.7635361720555,24.70890695738,0.0981172334698876,2.28249479184218,2.19108253350616,2.19746894692122,0.32959245709597,0,24.5837051549917,2.8066163545934,0.16626698466217,25,0,0,0,0,0.309697235724353,10338.9699933971,10112.3427525798,10128.0115844185
617,24.2724939641853,24.7635361720555,24.70890695738,0.0983261873068288,2.27998912821512,2.19029051662159,2.19764939897557,0.32959245709597,0,24.583093791849,2.80726933533384,0.16626698466217,25,0,0,0,0,0.310356777615275,10332.6899503843,10110.401268231,10128.4546716082
617.5,24.2724939641853,24.7635361720555,24.70890695738,0.0981025387883975,2.27749856142659,2.18949067739884,2.19780854631564,0.32959245709597,0,24.5824985251052,2.80657043371374,0.16626698466217,25,0,0,0,5,0.309650853431698,10326.4515871768,10108.4409892176,10128.8454627759
618,24.2997383036723,24.7635361720555,24.70890695738,0.0975831540866243,2.27502300521419,2.18868373709352,2.19794692679514,0.332699332445287,0,24.5819194104596,2.8049473565207,0.167232235816169,25,0,0,0,5,0.308011467559021,10320.2546147549,10106.4636938037,10129.1852726151
618.5,24.2997383036723,24.7635361720555,24.70890695738,0.0969832536921628,2.27256237116391,2.18787037210677,2.19806506631165,0.332699332445287,0,24.5813565012682,2.80307266778801,0.167232235816169,25,0,0,0,5,0.306117941953943,10314.0987397947,10104.4710490768,10129.4753874245
619,24.3269867456426,24.7908574373021,24.70890695738,0.0964817653859501,2.27011656862306,2.18705121671071,2.19816347906477,0.332699332445287,0,24.5808098314499,2.80150551683109,0.167232235816169,25,0,0,0,5,0.304535044264213,10307.9836644545,10102.464617704,10129.7170656728
619.5,24.3269867456426,24.7908574373021,24.70890695738,0.0962251761064176,2.26768550517603,2.18622686560878,2.19824266780899,0.332699332445287,0,24.5810244844987,2.80070367533256,0.167232235816169,25,0,0,0,5,0.303725145862297,10301.9090875692,10100.4458642816,10129.9115385541
620,24.3542393101723,24.7908574373021,24.70890695738,0.0963314229633819,2.26526908706051,2.18539787634078,2.19830312410104,0.33519294313416,0,24.5812297193823,2.80103569676057,0.167508112247083,25,0,0,0,0,0.304060503441619,10295.8747056907,10098.4161613006,10130.0600105337
620.5,24.3542393101723,24.7908574373021,24.70890695738,0.0968247312454601,2.26286722126032,2.18456477154201,2.19834532854206,0.33519294313416,0,24.581426436636,2.80257728514206,0.167508112247083,25,0,0,0,0,0.30561758170317,10289.8802183075,10096.3767947523,10130.1636598839
621,24.3814960173485,24.7908574373021,24.70890695738,0.097470446865952,2.26047981497229,2.1837280410658,2.19836975101474,0.33519294313416,0,24.5816154886375,2.8045951464561,0.167508112247083,25,0,0,0,0,0.307655718487691,10283.9253264989,10094.3289693959,10130.2236392116
621.5,24.3814960173485,24.7908574373021,24.70890695738,0.0980325994091081,2.25810678007547,2.18288814397688,2.19837685091516,0.33519294313416,0,24.5817976987056,2.80635187315346,0.167508112247083,25,0,0,0,0,0.309430096774909,10278.0097440593,10092.2738137062,10130.2410759756
622,24.4087568872702,24.8181831681886,24.70890695738,0.098317035674511,2.25574803197204,2.18204551042405,2.19836707737997,0.337174656986733,0,24.5819738449084,2.80724073648285,0.167210462036635,25,0,0,0,0,0.310327891403027,10272.1331945665,10090.2123845227,10130.2170729952
622.5,24.4087568872702,24.8181831681886,24.70890695738,0.0981785006538389,2.25340348877298,2.18120054339932,2.19834086950853,0.337174656986733,0,24.5828898517427,2.80680781454325,0.167210462036635,25,0,0,0,5,0.309890619463777,10266.295409318,10088.145671417,10130.1527089497
623,24.4087568872702,24.8181831681886,24.70890695738,0.0976998102926147,2.25107306978681,2.18035362039028,2.19829865658037,0.337174656986733,0,24.5837755473376,2.80531190716442,0.167210462036635,25,0,0,0,5,0.308379681207609,10260.4961235428,10086.074600796,10130.0490388689
623.5,24.4360219400472,24.8181831681886,24.70890695738,0.0971005967794723,2.24875669263911,2.17950509493213,2.19824085826808,0.337174656986733,0,24.584631974636,2.80343936493585,0.167210462036635,25,0,0,0,5,0.306488323674726,10254.7350692198,10084.0000397562,10129.907094615
624,24.4360219400472,24.8181831681886,24.70890695738,0.0965667193830065,2.24645427254355,2.17865529806565,2.19816788484551,0.338108230345242,0,24.5854606697123,2.8017709980719,0.165815732115063,25,0,0,0,5,0.304803193060522,10249.0119732695,10081.9227997037,10129.7278853552
624.5,24.4632911958012,24.8181831681886,24.70890695738,0.102532225284623,2.24395719689146,2.17780081446624,2.19807897798511,0.338108230345242,0,24.5862630992922,2.82041320401445,0.165815732115063,25,0,0,0,5,0.323632715888385,10242.8086792863,10079.8345366241,10129.5095508241
625,24.4632911958012,24.8455133850061,24.70890695738,0.102547767940434,2.24147049885553,2.17693820567805,2.19797330718512,0.338108230345242,0,24.5870406805799,2.82046177481386,0.165815732115063,25,0,0,0,5,0.323681774727187,10236.6349415722,10077.7268569582,10129.250054124
625.5,24.4905646746649,24.8455133850061,24.70890695738,0.102967663433757,2.23899878678443,2.1760682273195,2.19785131722685,0.338108230345242,0,24.5885400607657,2.82177394823049,0.165815732115063,25,0,0,0,0,0.325007132862309,10230.5021402697,10075.6016187475,10128.9504906454
626,24.4905646746649,24.8455133850061,24.70890695738,0.103601452063536,2.23654196491855,2.17519159024632,2.19771344363108,0.338653610368709,0,24.5899915389882,2.82375453769855,0.16400338440471,25,0,0,0,0,0.327007623293344,10224.4099669936,10073.4605692524,10128.6119333967
626.5,24.5178423967833,24.8455133850061,24.70890695738,0.104200391213447,2.23409994151092,2.17430896101194,2.19756011213643,0.338653610368709,0,24.5913972481602,2.82562622254202,0.16400338440471,25,0,0,0,0,0.328898114826125,10218.3581244038,10071.3053461636,10128.2354316846
627,24.5178423967833,24.8455133850061,24.70890695738,0.104560007865069,2.23167262867311,2.17342096456015,2.19739173891148,0.338653610368709,0,24.5927592491257,2.82675002457834,0.16400338440471,25,0,0,0,0,0.330033208825303,10212.3463257827,10069.1374842658,10127.8220115986
627.5,24.5451243823126,24.8728481080587,24.7362193521701,0.104517173607049,2.22925994151226,2.17252818675439,2.19720873076269,0.338653610368709,0,24.5940795159198,2.82661616752203,0.16400338440471,25,0,0,0,5,0.329898006773289,10206.3742928595,10066.9584217,10127.3726764881
628,24.5451243823126,24.8728481080587,24.7362193521701,0.104093986817683,2.22686179673026,2.17163117675387,2.19701148533762,0.338584938650129,0,24.5961053740974,2.82529370880526,0.161557850361051,25,0,0,0,5,0.328562259991334,10200.4417523139,10064.7695058468,10126.8884074297
628.5,24.5724106514213,24.8728481080587,24.7362193521701,0.103506588172698,2.22447810997976,2.17073044924515,2.19680039132386,0.338584938650129,0,24.5980675151792,2.82345808803968,0.161557850361051,25,0,0,0,5,0.326708194908305,10194.5484292181,10062.5719988538,10126.3701636858
629,24.5724106514213,24.8728481080587,24.7362193521701,0.102946846699901,2.22210879442786,2.16982648653887,2.19657582864378,0.338584938650129,0,24.5999685916556,2.82170889593719,0.161557850361051,25,0,0,0,5,0.324941426923569,10188.6940434868,10060.3670828299,10125.8188831556
629.5,24.5997012242892,24.8728481080587,24.7362193521701,0.102572946472157,2.21975376132725,2.16891974053887,2.19633816864495,0.338584938650129,0,24.6018111491964,2.82054045772549,0.161557850361051,25,0,0,0,5,0.323761248244716,10182.8783112945,10058.1558647239,10125.2354828165
630,24.5997012242892,24.8728481080587,24.7362193521701,0.102512834884122,2.21741292036645,2.16801063459218,2.1960877742867,0.337971094849848,0,24.6035976477726,2.82035260901288,0.158560940890965,25,0,0,0,5,0.323571512028244,10177.1009459424,10055.9393809087,10124.6208591585
630.5,24.6269961211087,24.9001873576633,24.7362193521701,0.0965943850100476,2.21529468136443,2.16710329464134,2.19582616134903,0.337971094849848,0,24.6053304473682,2.8018574531564,0.158560940890965,25,0,0,0,0,0.304890516845714,10171.8758283487,10053.727691129,10123.9787382222
631,24.6269961211087,24.9001873576633,24.7362193521701,0.097209963051089,2.21319370262025,2.16620181361855,2.19555489732723,0.337971094849848,0,24.6077573702035,2.80378113453465,0.158560940890965,25,0,0,0,0,0.306833527374457,10166.6959596491,10051.5307658259,10123.3129722663
631.5,24.6542953620842,24.9001873576633,24.7362193521701,0.0978310731562517,2.21110535890011,2.16530605506631,2.19527425952904,0.337971094849848,0,24.6101093410268,2.80572210361329,0.158560940890965,25,0,0,0,0,0.308793999310393,10161.5498776539,10049.3482630149,10122.6242465182
632,24.6542953620842,24.9001873576633,24.7362193521701,0.0982474115458635,2.20902957504943,2.16441588770529,2.19498451827317,0.336832026803123,0,24.6123893615249,2.80702316108082,0.155044255390027,25,0,0,0,0,0.310108129803363,10156.4373476216,10047.1798536784,10121.9132290288
632.5,24.6815989674316,24.9001873576633,24.7362193521701,0.0982876238577869,2.20696627899256,2.1635311872668,2.19468593772679,0.336832026803123,0,24.6146003150759,2.80714882455558,0.155044255390027,25,0,0,0,5,0.310235055944719,10151.3581431243,10045.0252262103,10121.1805727183
633,24.6815989674316,24.9275311541499,24.7362193521701,0.0979173590291097,2.20491540040958,2.16265183607172,2.19437877604,0.336832026803123,0,24.6167449882681,2.80599174696597,0.155044255390027,25,0,0,0,5,0.309066352039482,10146.3120427659,10042.8840853672,10120.4269156969
633.5,24.6815989674316,24.9275311541499,24.7362193521701,0.0973420671832451,2.20287686856565,2.16177772263461,2.19406328547695,0.336832026803123,0,24.6195717223076,2.80419395994764,0.155044255390027,25,0,0,0,5,0.307250500857195,10141.2988248274,10040.7561512841,10119.6528815789
634,24.70890695738,24.9275311541499,24.7362193521701,0.0967619565492355,2.20085061006945,2.16090874129211,2.19373971254441,0.335224429356074,0,24.6223111823745,2.80238111421636,0.151075527050196,25,0,0,0,5,0.305419439652007,10136.3182617541,10038.6411585499,10118.8590797904
634.5,24.70890695738,24.9275311541499,24.7362193521701,0.0963425512385943,2.1988365494428,2.16004479185364,2.19340829811753,0.335224429356074,0,24.6249667729787,2.80107047262061,0.151075527050196,25,0,0,0,5,0.304095628729499,10131.3701215638,10036.5388553389,10118.0461058709
635,24.7362193521701,24.9275311541499,24.7362193521701,0.0962182967737128,2.19683460949088,2.15918577927347,2.19306927756281,0.335224429356074,0,24.6275417667676,2.80068217741785,0.151075527050196,25,0,0,0,5,0.303703431936547,10126.4541687605,10034.4490025959,10117.2145417696
635.5,24.7362193521701,24.9275311541499,24.7362193521701,0.096493464601929,2.19484471229823,2.15833161334248,2.19272288085844,0.335224429356074,0,24.6300393265136,2.80154207688103,0.151075527050196,25,0,0,0,0,0.304571971669529,10121.570166782,10032.3713732705,10116.3649561341
636,24.7362193521701,24.9548795178615,24.7635361720555,0.0970789368558685,2.192866780248,2.15748220839878,2.19236933271209,0.333498606709014,0,24.6324624916312,2.80337167767459,0.147015003347514,25,0,0,0,0,0.306419956291863,10116.7178804966,10030.3057515979,10115.4979045954
636.5,24.7635361720555,24.9548795178615,24.7635361720555,0.0977170933861385,2.19090073790225,2.15663748305598,2.19200885267622,0.333498606709014,0,24.635559459121,2.80536591683168,0.147015003347514,25,0,0,0,0,0.308434233564007,10111.8970808028,10028.2519324248,10114.6139300456
637,24.7635361720555,24.9548795178615,24.7635361720555,0.0981892734351909,2.18894651405644,2.15579735994774,2.19164165526076,0.333498606709014,0,24.6385615658775,2.80684147948497,0.147015003347514,25,0,0,0,0,0.309924622670837,10107.1075496442,10026.2097205748,10113.7135629109
637.5,24.7908574373021,24.9548795178615,24.7635361720555,0.0983167661437021,2.18700404073389,2.1549617654879,2.1912679500435,0.333498606709014,0,24.6414724434601,2.80723989419907,0.147015003347514,25,0,0,0,5,0.310327040655981,10102.349077515,10024.1789302534,10112.7973214185
638,24.7908574373021,24.9548795178615,24.7635361720555,0.0980148771241382,2.18507325187161,2.15413062964528,2.19088794177799,0.331068741050217,0,24.6442956014891,2.80629649101293,0.142281759404366,25,0,0,0,5,0.30937415815463,10097.6214602176,10022.1593844895,10111.8657118585
638.5,24.7908574373021,24.9822324691539,24.7635361720555,0.0974633931707291,2.18315408174938,2.15330388573184,2.19050183049919,0.331068741050217,0,24.6470344145665,2.80457310365853,0.142281759404366,25,0,0,0,5,0.307633454204089,10092.924495002,10020.1509146096,10110.9192288404
639,24.8181831681886,24.9822324691539,24.7635361720555,0.0968699506180241,2.18124646197313,2.15248147020393,2.19010981162676,0.331068741050217,0,24.6504375285549,2.80271859568133,0.142281759404366,25,0,0,0,5,0.305760312130731,10088.2579731795,10018.1533597453,10109.9583555443
639.5,24.8181831681886,24.9822324691539,24.7635361720555,0.0964067006227786,2.17935032195144,2.15166332247534,2.18971207606621,0.331068741050217,0,24.6537364639932,2.80127093944618,0.142281759404366,25,0,0,0,5,0.304298109845738,10083.6216812974,10016.1665663699,10108.9835639668
640,24.8455133850061,24.9822324691539,24.7635361720555,0.0962140479830107,2.17746558928328,2.15084938474189,2.1893088103077,0.328272527673406,0,24.6569351551447,2.80066889994691,0.137225937942135,25,0,0,0,5,0.303690021053575,10079.0154020918,10014.1903878638,10107.9953151621
640.5,24.8455133850061,24.9822324691539,24.7635361720555,0.0964050308975583,2.17559219043443,2.15003960181641,2.1889001965229,0.328272527673406,0,24.6600374041833,2.80126572155487,0.137225937942135,25,0,0,0,0,0.304292839525053,10074.4389161439,10012.2246841053,10106.9940594783
641,24.8455133850061,24.9822324691539,24.7635361720555,0.0969498748151736,2.17373005230626,2.14923392097383,2.18848641265956,0.328272527673406,0,24.6630468684546,2.80296835879742,0.137225937942135,25,0,0,0,0,0.306012584866614,10069.8920057097,10010.2693210873,10105.9802367881
641.5,24.8728481080587,25.0095900283968,24.7635361720555,0.0975963470582494,2.17187910293926,2.14843229180597,2.18806763253433,0.328272527673406,0,24.6659665519376,2.80498858455703,0.137225937942135,25,0,0,0,0,0.308053109854658,10065.3744564278,10008.3241705578,10104.9542767163
642,24.8728481080587,25.0095900283968,24.7635361720555,0.0981172334698876,2.17003927478996,2.14763466608468,2.18764402592322,0.325436409366546,0,24.6695459289901,2.8066163545934,0.132181628403954,25,0,0,0,0,0.309697235724353,10060.8860652993,10006.3891096805,10103.9165988606
642.5,24.8728481080587,25.0095900283968,24.7908574373021,0.0983261873068363,2.16821050361035,2.14684099763352,2.18721575865038,0.325436409366546,0,24.6730165222937,2.80726933533386,0.132181628403954,25,0,0,0,0,0.310356777615298,10056.4266379261,10004.4640207178,10102.8676130099
643,24.9001873576633,25.0095900283968,24.7908574373021,0.0981025387887441,2.16639272743579,2.14605124220725,2.18678299267489,0.325436409366546,0,24.6763818804869,2.80657043371483,0.132181628403954,25,0,0,0,5,0.309650853432792,10051.9959860209,10002.5487907323,10101.8077193564
643.5,24.9001873576633,25.0095900283968,24.7908574373021,0.0975831540866244,2.16458588498807,2.14526535737847,2.18634588617557,0.325436409366546,0,24.6796459633652,2.8049473565207,0.132181628403954,25,0,0,0,5,0.308011467559021,10047.5939234998,10000.6433113063,10100.7373087043
644,24.9275311541499,25.0095900283968,24.7908574373021,0.0969832536921628,2.1627899126957,2.14448330243116,2.18590459363404,0.322283568005403,0,24.6828125806989,2.80307266778801,0.126874967720437,25,0,0,0,5,0.306117941953943,10043.2202592185,9998.74747827856,10099.656762674
644.5,24.9275311541499,25.0095900283968,24.7908574373021,0.0964817653859502,2.16100474460777,2.14370503826064,2.18545926591605,0.322283568005403,0,24.6858854148528,2.80150551683109,0.126874967720437,25,0,0,0,5,0.304535044264213,10038.8747967696,9996.86119149693,10098.5664539018
645,24.9275311541499,25.0369522159725,24.7908574373021,0.0962251761064176,2.15923031286881,2.14293052727957,2.18501005035077,0.322283568005403,0,24.6888680078698,2.80070367533256,0.126874967720437,25,0,0,0,5,0.303725145862297,10034.5573356454,9994.98435458579,10097.4667462351
645.5,24.9548795178615,25.0369522159725,24.7908574373021,0.0963314229633819,2.1574665481343,2.14215973332968,2.18455709080872,0.322283568005403,0,24.6925094193713,2.80103569676057,0.126874967720437,25,0,0,0,0,0.304060503441619,10030.267672252,9993.11687472788,10096.3579949248
646,24.9548795178615,25.0369522159725,24.7908574373021,0.0968247312454606,2.15571338165746,2.14139262159857,2.18410052777769,0.319085243161638,0,24.6960410667201,2.80257728514206,0.121583573311972,25,0,0,0,0,0.305617581703172,10026.0056049843,9991.25866245861,10095.2405468121
646.5,24.9548795178615,25.0369522159725,24.7908574373021,0.097470446866017,2.15397074475866,2.14062915854226,2.18364049843734,0.319085243161638,0,24.6994670370603,2.8045951464563,0.121583573311972,25,0,0,0,0,0.307655718487896,10021.770932928,9989.40963147479,10094.1147405128
647,24.9822324691539,25.0369522159725,24.7908574373021,0.0980325994091082,2.15223857328102,2.13986931181168,2.18317713673186,0.319085243161638,0,24.7027907494706,2.80635187315346,0.121583573311972,25,0,0,0,0,0.309430096774909,10017.5634666741,9987.56969845273,10092.9809065966
647.5,24.9822324691539,25.0369522159725,24.7908574373021,0.0983170356745109,2.15051680643609,2.13911305018401,2.1827105734414,0.319085243161638,0,24.7060160392736,2.80724073648285,0.121583573311972,25,0,0,0,0,0.310327891403026,10013.3830254888,9985.73878287875,10091.8393677637
648,24.9822324691539,25.0643190522774,24.8181831681886,0.0981785006538389,2.14880538599326,2.13836034349814,2.18224093625161,0.315872882430199,0,24.7091465963977,2.80680781454325,0.116341361440909,25,0,0,0,5,0.309890619463777,10009.2294353247,9983.91680688975,10090.690439017
648.5,25.0095900283968,25.0643190522774,24.8181831681886,0.0914164517007283,2.14731191058019,2.13761487416936,2.18176950585341,0.315872882430199,0,24.7129317500475,2.78567641156478,0.116341361440909,25,0,0,0,5,0.288546888148179,10005.6062027446,9982.11267679029,10089.5372554797
649,25.0095900283968,25.0643190522774,24.8181831681886,0.0908142290395335,2.14583232074154,2.13688034707584,2.18129762866368,0.315872882430199,0,24.7166029247079,2.78379446574854,0.116341361440909,25,0,0,0,5,0.286646032540384,10002.017950838,9980.33534686971,10088.3831115925
649.5,25.0095900283968,25.0643190522774,24.8181831681886,0.0902808464817203,2.14436161981097,2.13615625158597,2.18082536200804,0.315872882430199,0,24.7201643413636,2.78212764525538,0.116341361440909,25,0,0,0,5,0.284962463834902,9998.45253140518,9978.58356766774,10087.2281478953
650,25.0369522159725,25.0643190522774,24.8181831681886,0.0899698086057829,2.14289975202392,2.1354421049382,2.18035276097561,0.312048561246073,0,24.7236195483336,2.78115565189307,0.110552180666554,25,0,0,0,5,0.283980703883293,9994.90978559889,9976.85615820307,10086.0724993951
650.5,25.0369522159725,25.0643190522774,24.8181831681886,0.0900046018374826,2.14144665988951,2.1347374530085,2.17987987925473,0.312048561246073,0,24.7269725060932,2.78126438074213,0.110552180666554,25,0,0,0,5,0.28409052523983,9991.38955074485,9975.15200774039,10084.9162976124
651,25.0369522159725,25.0643190522774,24.8181831681886,0.0904435951833592,2.14000228618061,2.13404186857464,2.17940676916414,0.312048561246073,0,24.7302270255884,2.782636234948,0.110552180666554,25,0,0,0,0,0.285476163836755,9987.89166516418,9973.47007150738,10083.759670659
651.5,25.0643190522774,25.0916905577207,24.8181831681886,0.0910806305548864,2.1385665734237,2.13335494968627,2.1789334816837,0.312048561246073,0,24.7333862592463,2.78462697048402,0.110552180666554,25,0,0,0,0,0.287486902283444,9984.41596693413,9971.80936667501,10082.6027433153
652,25.0643190522774,25.0916905577207,24.8181831681886,0.0916728757020374,2.13713946822439,2.13267631813343,2.17846006648427,0.3085065729109,0,24.7372002064404,2.78647773656887,0.105119917423842,25,0,0,0,0,0.289356264865911,9980.96230435145,9970.16896858297,10081.4456371052
652.5,25.0643190522774,25.0916905577207,24.8181831681886,0.092020515117083,2.13572092064527,2.13200561800836,2.17798657195706,0.3085065729109,0,24.7409001368502,2.78756410974088,0.105119917423842,25,0,0,0,0,0.290453553915561,9977.53053440725,9968.54800719711,10080.2884703693
653,25.0643190522774,25.0916905577207,24.8455133850061,0.0919642706360168,2.13431088343887,2.1313425143547,2.17751304524228,0.3085065729109,0,24.7444897352584,2.78738834573755,0.105119917423842,25,0,0,0,5,0.290276023835523,9974.12052091466,9966.9456637838,10079.1313583369
653.5,25.0916905577207,25.0916905577207,24.8455133850061,0.0915293418249119,2.13290931065831,2.13068669189851,2.17703953225718,0.3085065729109,0,24.7479725625573,2.78602919320285,0.105119917423842,25,0,0,0,5,0.288903214536152,9970.73213113653,9965.36116778763,10077.9744131964
654,25.0916905577207,25.0916905577207,24.8455133850061,0.0909346424389256,2.1315161550777,2.13003785385639,2.17656607772347,0.304663932521763,0,24.7513525916829,2.78417075762164,0.0994589633268547,25,0,0,0,5,0.287026105394225,9967.36522954399,9963.79379389997,10076.8177441639
654.5,25.0916905577207,25.0916905577207,24.8455133850061,0.0903741959836636,2.13013136671906,2.12939572081593,2.17609272519413,0.304663932521763,0,24.7546336457436,2.78241936244895,0.0994589633268547,25,0,0,0,5,0.285257112202836,9964.01967426059,9962.24285930706,10075.6614575503
655,25.1190667527258,25.1190667527258,24.8455133850061,0.0900078926828654,2.12875489344428,2.12876002968422,2.17561951707965,0.304663932521763,0,24.7578188888627,2.78127466463395,0.0994589633268547,25,0,0,0,5,0.284100912464196,9960.69531849997,9960.70772110633,10074.5056568272
655.5,25.1190667527258,25.1190667527258,24.8455133850061,0.0899649858111881,2.12738668130976,2.12813053269992,2.17514649467362,0.304663932521763,0,24.7616584599034,2.78114058065996,0.0994589633268547,25,0,0,0,5,0.283965481214434,9957.39201142748,9959.18777388028,10073.3504426912
656,25.1190667527258,25.1190667527258,24.8455133850061,0.0903313245222644,2.1260266760262,2.12750699650549,2.17467369817788,0.30079294357526,0,24.7653835075767,2.78228538913208,0.093846596969324,25,0,0,0,0,0.285121792722075,9954.10960168709,9957.68244741878,10072.1959131265
656.5,25.1190667527258,25.1190667527258,24.8455133850061,0.0909496978145655,2.12467482326088,2.1268892012758,2.1742011667271,0.30079294357526,0,24.7689977276983,2.78421780567052,0.093846596969324,25,0,0,0,0,0.287073626181895,9950.84793812874,9956.19120458087,10071.0421634669
657,25.1464476577294,25.1190667527258,24.8455133850061,0.0915681726539209,2.12333107184802,2.12627693989967,2.17372893841274,0.30079294357526,0,24.7725046919354,2.7861505395435,0.093846596969324,25,0,0,0,0,0.289025780164836,9947.60687754746,9954.71353928717,10069.8892864559
657.5,25.1464476577294,25.1190667527258,24.8455133850061,0.09197884208174,2.12199537436153,2.12567001721089,2.17325705030656,0.30079294357526,0,24.7759083839297,2.78743388150544,0.093846596969324,25,0,0,0,0,0.290322017146804,9944.38628604855,9953.24897463436,10068.7373723053
658,25.1464476577294,25.1190667527258,24.8728481080587,0.0920123657269141,2.12066768624712,2.12506824926603,2.17278553848366,0.296924590786389,0,24.7792126372376,2.78753864289661,0.0883149451049576,25,0,0,0,5,0.290427831180432,9941.18603693875,9951.79706112519,10067.5865087531
658.5,25.1464476577294,25.1190667527258,24.8728481080587,0.0916359634070221,2.11934796449457,2.12447146266625,2.17231443804498,0.296924590786389,0,24.7824206260024,2.78636238564694,0.0883149451049576,25,0,0,0,5,0.289239754897925,9938.00600751368,9950.35737500674,10066.4367811202
659,25.1738332931822,25.1464476577294,24.8728481080587,0.0910565348937922,2.11803616551688,2.12387949391992,2.17184378313919,0.296924590786389,0,24.7855354182538,2.7845516715431,0.0883149451049576,25,0,0,0,5,0.287410846738766,9934.84607394132,9948.92951670924,10065.2882723647
659.5,25.1738332931822,25.1464476577294,24.8728481080587,0.0904754089670241,2.11673224288607,2.12329218884411,2.17137360698427,0.296924590786389,0,24.789307188778,2.78273565302195,0.0883149451049576,25,0,0,0,5,0.285576580863515,9931.70610581026,9947.51310938085,10064.1410631365
660,25.1738332931822,25.1464476577294,24.8728481080587,0.0900590013317499,2.11543614791468,2.12270940200232,2.17090394188854,0.293007584670505,0,24.7929668641553,2.78143437916172,0.0828132543378928,25,0,0,0,5,0.284262231803535,9928.58596753771,9946.10779751118,10062.9952318297
660.5,25.1738332931822,25.1464476577294,24.8728481080587,0.0836670077087038,2.11435557142444,2.12213471682224,2.17043597832544,0.293007584670505,0,24.7965180540644,2.7614593990897,0.0828132543378928,25,0,0,0,5,0.264086543131753,9925.98540164383,9944.72221559257,10061.8536818691
661,25.2012236795485,25.1464476577294,24.8728481080587,0.0839647529008207,2.11328606630053,2.12157172367922,2.1699709676843,0.293007584670505,0,24.7999642470772,2.76238985281506,0.0828132543378928,25,0,0,0,0,0.26502634605615,9923.41214885383,9943.36501015467,10060.7194639343
661.5,25.2012236795485,25.1464476577294,24.8728481080587,0.0845583433765346,2.11222296199423,2.12101981717064,2.16950887813131,0.293007584670505,0,24.803309346858,2.76424482305167,0.0828132543378928,25,0,0,0,0,0.266899955033694,9920.85495515484,9942.03471050337,10059.5924979267
662,25.2012236795485,25.1464476577294,24.8728481080587,0.0851928098019107,2.11116621729418,2.12047842597747,2.16904967767767,0.289076503089333,0,24.8065571098053,2.76622753063097,0.0773771560778812,25,0,0,0,0,0.268902584858751,9918.31370934444,9940.72992908856,10058.472703421
662.5,25.2012236795485,25.1464476577294,24.8728481080587,0.085654424902006,2.11011579485234,2.11994701300819,2.16859333489119,0.289076503089333,0,24.8097106354458,2.76767007781877,0.0773771560778812,25,0,0,0,0,0.270359626760692,9915.78830968818,9939.44936175951,10057.3600013995
663,25.2286188373069,25.1464476577294,24.8728481080587,0.0857686791747589,2.10907166027824,2.11942507332291,2.16813981888492,0.289076503089333,0,24.8127729198281,2.76802712242112,0.0773771560778812,25,0,0,0,5,0.270720258947209,9913.27866172938,9938.19178267688,10056.2543142232
663.5,25.2286188373069,25.1738332931822,24.9001873576633,0.0854540724809024,2.10803378078981,2.11891213218374,2.16768909930588,0.289076503089333,0,24.815747391206,2.76704397650282,0.0773771560778812,25,0,0,0,5,0.26972723437872,9910.78467503705,9936.95603953721,10055.1555656028
664,25.2286188373069,25.1738332931822,24.9001873576633,0.0848934159174631,2.1070021237597,2.11840774322301,2.16724114632401,0.285370598485429,0,24.8193841532719,2.76529192474207,0.0722463386912409,25,0,0,0,5,0.267957578001881,9908.30625970784,9935.74104908886,10054.063680571
664.5,25.2286188373069,25.1738332931822,24.9001873576633,0.08429667546327,2.10597665363346,2.11791148672327,2.16679593062151,0.285370598485429,0,24.8229132912412,2.76342711082272,0.0722463386912409,25,0,0,0,5,0.266074026432265,9905.84331896316,9934.54579292398,10052.9785854549
665,25.2286188373069,25.1738332931822,24.9001873576633,0.0838378641078505,2.10495733243461,2.11742296800146,2.16635342338219,0.285370598485429,0,24.8263382621489,2.76199332533703,0.0722463386912409,25,0,0,0,5,0.264625834270019,9903.39575036916,9933.36931352752,10051.9002078492
665.5,25.2560187869497,25.1738332931822,24.9001873576633,0.083658832368881,2.10394412015741,2.11694181589106,2.16591359628128,0.285370598485429,0,24.8296624072049,2.76143385115275,0.0722463386912409,25,0,0,0,5,0.264060738489136,9900.96344678509,9932.21071056784,10050.8284765896
666,25.2560187869497,25.1738332931822,24.9001873576633,0.0838727862094534,2.10293697554397,2.11646768131676,2.16547642147522,0.281316209666045,0,24.8328894879956,2.76210245690454,0.0668442048017425,25,0,0,0,0,0.264736062391519,9898.54629823249,9931.06913741498,10049.7633217278
666.5,25.2560187869497,25.1738332931822,24.9001873576633,0.0844287743675029,2.10193585743967,2.11600023595523,2.1650418715918,0.281316209666045,0,24.8360231237503,2.76383991989845,0.0668442048017425,25,0,0,0,0,0.266490983413586,9896.14419514901,9929.94379787105,10048.7046745053
667,25.2560187869497,25.1738332931822,24.9001873576633,0.0850734981164406,2.10094072608536,2.1155391709778,2.1646099197206,0.281316209666045,0,24.8390662813848,2.76585468161388,0.0668442048017425,25,0,0,0,0,0.268525989454733,9893.75703148588,9928.83394310187,10047.6524673298
667.5,25.2560187869497,25.1738332931822,24.9001873576633,0.085584836578852,2.09995154579313,2.11508419586892,2.16418053940353,0.281316209666045,0,24.8420218289218,2.76745261430891,0.0668442048017425,25,0,0,0,0,0.270139978177489,9891.38471111879,9927.73886875479,10046.606633751
668,25.2834235489835,25.1738332931822,24.9001873576633,0.0857807821143015,2.09896828391015,2.11463503731671,2.16375370462549,0.277780921268203,0,24.844892538864,2.76806494410719,0.0620429844544091,25,0,0,0,0,0.270758460665581,9889.02714535054,9926.65791225355,10045.5671084366
668.5,25.2834235489835,25.2012236795485,24.9001873576633,0.0855440775157581,2.09799090978482,2.11419143817076,2.16332938980551,0.277780921268203,0,24.8476816237877,2.76732524223674,0.0620429844544091,25,0,0,0,5,0.270011326270739,9886.68425042317,9925.59045025807,10044.53382715
669,25.2834235489835,25.2012236795485,24.9275311541499,0.0850146088305125,2.09701939324515,2.11375315646309,2.16290756978774,0.277780921268203,0,24.8511391086696,2.76567065259535,0.0620429844544091,25,0,0,0,5,0.26834011131263,9884.35594386473,9924.53589627921,10043.5067267273
669.5,25.2834235489835,25.2012236795485,24.9275311541499,0.0844100724817247,2.09605370160396,2.11331996448866,2.16248821983291,0.277780921268203,0,24.8544947433917,2.76378147650539,0.0620429844544091,25,0,0,0,5,0.266431952781316,9882.04213731205,9923.4936984392,10042.4857450555
670,25.2834235489835,25.2012236795485,24.9275311541499,0.0839113472018045,2.09509379957421,2.11289164794147,2.16207131560975,0.273828466216557,0,24.8577517907491,2.76222296000564,0.0568992837003677,25,0,0,0,5,0.264857776307776,9879.74273631374,9922.46333736856,10041.4708210509
670.5,25.3108331439291,25.2012236795485,24.9275311541499,0.0773875852255453,2.094347221806,2.11247172347909,2.16165799158032,0.273828466216557,0,24.8609134043789,2.74183620382983,0.0568992837003677,25,0,0,0,5,0.244266174005911,9877.95471140037,9921.45326780684,10040.4647142395
671,25.3108331439291,25.2012236795485,24.9275311541499,0.077527303061563,2.09360973581584,2.11206372109754,2.16124944505441,0.273828466216557,0,24.8639831649184,2.74227282206738,0.0568992837003677,25,0,0,0,0,0.244707179383517,9876.18877670195,9920.47197323888,10039.4703360175
671.5,25.3108331439291,25.2012236795485,24.9275311541499,0.0780417220402104,2.09287665592815,2.11166697913266,2.16084559137794,0.273828466216557,0,24.8669645168493,2.74388038137566,0.0568992837003677,25,0,0,0,0,0.24633089144772,9874.4337034957,9919.51785402479,10038.4874768959
672,25.3108331439291,25.2012236795485,24.9275311541499,0.0786877002258069,2.09214795156187,2.11128087358066,2.16044634694032,0.270096311100758,0,24.8698602581455,2.74589906320565,0.0520558967417827,25,0,0,0,0,0.248369856992737,9872.68941291548,9918.58940192263,10037.5159300458
672.5,25.3108331439291,25.2012236795485,24.9275311541499,0.0792371287302483,2.09142359624393,2.1109048180468,2.16005162986698,0.270096311100758,0,24.8726730936793,2.74761602728203,0.0520558967417827,25,0,0,0,0,0.250104073124156,9870.95583601341,9917.68519988164,10036.5554929806
673,25.3108331439291,25.2012236795485,24.9275311541499,0.0795025542465922,2.09070356654173,2.1105382614635,2.15966135998214,0.270096311100758,0,24.8754056383937,2.7484454820206,0.0520558967417827,25,0,0,0,0,0.250941862223944,9869.23291119639,9916.80391647849,10035.6059674605
673.5,25.3108331439291,25.2012236795485,24.9275311541499,0.0793441300301961,2.08998784123491,2.11018068594705,2.15927545877211,0.270096311100758,0,24.8780604203659,2.74795040634436,0.0520558967417827,25,0,0,0,5,0.250441812027311,9867.52058223773,9915.94430069492,10034.6671593996
674,25.3382475923215,25.2012236795485,24.9275311541499,0.0788492090089025,2.08927639986827,2.10983160478442,2.15889384934962,0.26681897872713,0,24.880639883765,2.74640377815282,0.0477440464940102,25,0,0,0,5,0.2488796433157,9865.81879481073,9915.10517701514,10033.7388787747
674.5,25.3382475923215,25.2012236795485,24.9275311541499,0.078241336115797,2.08856921991843,2.10949056054227,2.15851645641874,0.26681897872713,0,24.8831469242332,2.74450417536187,0.0477440464940102,25,0,0,0,5,0.246960953315902,9864.12748971101,9914.28544082365,10032.8209395362
675,25.3382475923215,25.2286188373069,24.9548795178615,0.0777094203064274,2.08786627603452,2.10915712329088,2.15814320624065,0.26681897872713,0,24.8855843247892,2.74284193845759,0.0477440464940102,25,0,0,0,5,0.245282014255208,9862.44660104445,9913.48405408491,10031.9131595213
675.5,25.3382475923215,25.2286188373069,24.9548795178615,0.077408556839608,2.08716754060671,2.10883088893584,2.15777402660006,0.26681897872713,0,24.8887013105251,2.74190174012378,0.0477440464940102,25,0,0,0,5,0.244332368808539,9860.77605759154,9912.7000412872,10031.0153603684
676,25.3382475923215,25.2286188373069,24.9548795178615,0.0774634352618129,2.08647298410769,2.10851147765105,2.15740884677255,0.263348469041091,0,24.8917271296945,2.74207323519317,0.0433091481222107,25,0,0,0,5,0.244505587060386,9859.11578362721,9911.9324856348,10030.1273674348
676.5,25.3382475923215,25.2286188373069,24.9548795178615,0.0779202442019461,2.08578257724766,2.10819853240672,2.15704759749228,0.263348469041091,0,24.8946646907308,2.74350076313108,0.0433091481222107,25,0,0,0,0,0.245947458799023,9857.46570407415,9911.18052547247,10029.2490097141
677,25.3382475923215,25.2286188373069,24.9548795178615,0.0785595442148156,2.08509629028487,2.10789171758726,2.15669021092091,0.263348469041091,0,24.8975168049797,2.7454985756713,0.0433091481222107,25,0,0,0,0,0.247965345359644,9855.82574285403,9910.44335092979,10028.3801197581
677.5,25.3656669147103,25.2286188373069,24.9548795178615,0.0791445134707713,2.08441409765481,2.10759071769256,2.15633662061668,0.263348469041091,0,24.9002861900104,2.74732660459616,0.0433091481222107,25,0,0,0,0,0.249811742319143,9854.19583394694,9909.72020076938,10027.5205335979
678,25.3656669147103,25.2286188373069,24.9548795178615,0.0794799340514611,2.08373597692268,2.10729523611829,2.15598676150453,0.259741150557957,0,24.902976005432,2.74837479391082,0.038809597827219,25,0,0,0,0,0.250870463840032,9852.57591888017,9909.0103594278,10026.6700906686
678.5,25.3656669147103,25.2286188373069,24.9548795178615,0.0794103191333433,2.08306190810409,2.10700499401042,2.15564056984669,0.259741150557957,0,24.9055892890254,2.7481572472917,0.038809597827219,25,0,0,0,5,0.250650731312485,9850.96594509939,9908.31315423786,10025.8286337352
679,25.3656669147103,25.2286188373069,24.9548795178615,0.0789639133213466,2.08239187228543,2.10671972918907,2.15529798321398,0.259741150557957,0,24.9081284457146,2.74676222912921,0.038809597827219,25,0,0,0,5,0.249241696007498,9849.3658626687,9907.62795281975,10024.9960088193
679.5,25.3656669147103,25.2286188373069,24.9548795178615,0.0783623684094511,2.08172584910724,2.10643919513767,2.1549589404577,0.259741150557957,0,24.9105958006915,2.74488240127953,0.038809597827219,25,0,0,0,5,0.247342979647591,9847.77561825994,9906.95416063134,10024.1720651287
680,25.3656669147103,25.2286188373069,24.9548795178615,0.0778018249063165,2.0810638152496,2.10616316005352,2.15462338168211,0.256552939317217,0,24.9129936021276,2.74313070283224,0.0348025591489773,25,0,0,0,5,0.245573680134297,9846.19515153922,9906.29121866819,10023.3566549876
680.5,25.3656669147103,25.2286188373069,24.9548795178615,0.0774438464118269,2.08040574504578,2.10589140595595,2.15429124821753,0.256552939317217,0,24.9153240237929,2.74201202003696,0.0348025591489773,25,0,0,0,5,0.24444375681429,9844.62439663671,9905.63860130352,10022.5496337691
681,25.3930911316596,25.2286188373069,24.9548795178615,0.0774189636323899,2.07975161084167,2.10562372784857,2.15396248259402,0.256552939317217,0,24.9175891675848,2.74193426135122,0.0348025591489773,25,0,0,0,5,0.244365216809276,9843.06328300812,9904.99581425996,10021.7508598283
681.5,25.3930911316596,25.2286188373069,24.9548795178615,0.0778059165056634,2.07910138458713,2.10535993293229,2.15363702851555,0.256552939317217,0,24.9197915986853,2.7431434890802,0.0348025591489773,25,0,0,0,0,0.245586594858476,9841.51173923469,9904.36239270463,10020.9601944374
682,25.3930911316596,25.2286188373069,24.9822324691539,0.0784290821776619,2.0784550379877,2.1050998398664,2.15331483083497,0.253728576648598,0,24.9219337808614,2.74509088180519,0.0312264876554437,25,0,0,0,0,0.247553554985572,9839.96969338528,9903.73789946112,10020.1775017228
682.5,25.3930911316596,25.2286188373069,24.9822324691539,0.0727783144424376,2.07802031053685,2.10484700646031,2.15299699703853,0.253728576648598,0,24.9240175646417,2.72743223263262,0.0312264876554437,25,0,0,0,0,0.22971747170611,9838.9326607398,9903.13087449416,10019.4054698492
683,25.3930911316596,25.2286188373069,24.9822324691539,0.0731715318833595,2.07759248772259,2.10460497983717,2.15268469127899,0.253728576648598,0,24.9260447398592,2.7286610371355,0.0312264876554437,25,0,0,0,0,0.230958623236636,9837.91220478759,9902.54983009956,10018.64692381
683.5,25.3930911316596,25.2560187869497,24.9822324691539,0.0731849845660042,2.0771672160435,2.10437312618823,2.15237780017703,0.253728576648598,0,24.9280170377077,2.72870307676876,0.0312264876554437,25,0,0,0,5,0.231001085284136,9836.89793791639,9901.99324024557,10017.901585195
684,25.3930911316596,25.2560187869497,24.9822324691539,0.0727905114353472,2.07674448550064,2.10415084807547,2.15207621214886,0.250918994282529,0,24.9306833293534,2.72747034823546,0.0277266682586443,25,0,0,0,5,0.22975597029453,9835.88983440006,9901.45966673379,10017.1691800894
684.5,25.3930911316596,25.2560187869497,24.9822324691539,0.0721993104187773,2.07632428533167,2.10393758422774,2.15177981800846,0.250918994282529,0,24.9332722596883,2.72562284505868,0.0277266682586443,25,0,0,0,5,0.227889903405829,9834.8878667136,9900.94775865118,10016.4494405312
685,25.3930911316596,25.2560187869497,24.9822324691539,0.0716160144218584,2.07590660165578,2.10373280734599,2.15148851091575,0.250918994282529,0,24.9357862849799,2.72380004506831,0.0277266682586443,25,0,0,0,5,0.226048787921154,9833.8919999192,9900.45624704853,10015.7421043795
685.5,25.3930911316596,25.2560187869497,24.9822324691539,0.0712096636086686,2.0754914180952,2.1035360220415,2.15120218632541,0.250918994282529,0,24.9382277797147,2.72253019877709,0.0277266682586443,25,0,0,0,5,0.224766182214402,9832.90219315121,9899.9839399442,10015.0469151854
686,25.4205202637477,25.2560187869497,24.9822324691539,0.0711174101346992,2.07507871615498,2.10334676289945,2.15092074193732,0.247582488849275,0,24.9405990393833,2.72224190667094,0.0237603842466655,25,0,0,0,5,0.224474993349165,9831.91840052432,9899.52971763417,10014.3636220662
686.5,25.4205202637477,25.2560187869497,24.9822324691539,0.0714372241859259,2.07466847644,2.10316459265998,2.15064407764761,0.247582488849275,0,24.9429028159804,2.72324132558102,0.0237603842466655,25,0,0,0,0,0.225484454420457,9830.9405740364,9899.09252828875,10013.6919795816
687,25.4205202637477,25.2560187869497,24.9822324691539,0.0720377902541262,2.07426067935412,2.10298910050983,2.15037209550119,0.247582488849275,0,24.9451417534423,2.72511809454414,0.0237603842466655,25,0,0,0,0,0.227380081158124,9829.9686652354,9898.67138381896,10013.0317476141
687.5,25.4205202637477,25.2560187869497,24.9822324691539,0.0726678478415656,2.07385530787977,2.1028199004778,2.15010469964508,0.247582488849275,0,24.9473178759621,2.72708702450489,0.0237603842466655,25,0,0,0,0,0.229368794927118,9829.00263184318,9898.26535599574,10012.3826912511
688,25.4205202637477,25.2560187869497,24.9822324691539,0.0731185401493809,2.07345234856313,2.10265662992735,2.14984179628282,0.24461188127168,0,24.9494331408538,2.72849543796682,0.0202267436584847,25,0,0,0,0,0.230791360127506,9828.04244009944,9897.87357280582,10011.7445806695
688.5,25.4205202637477,25.2560187869497,24.9822324691539,0.0732195042312611,2.0730517907043,2.10249894814105,2.14958329362987,0.24461188127168,0,24.9514894408232,2.72881095072269,0.0202267436584847,25,0,0,0,5,0.231110043155553,9827.08806282806,9897.49521503064,10011.117191024
689,25.4205202637477,25.2560187869497,24.9822324691539,0.0728923661014558,2.07265362496813,2.10234653499078,2.14932910187002,0.24461188127168,0,24.9534886061608,2.72778864406705,0.0202267436584847,25,0,0,0,5,0.230077464362635,9826.13947612439,9897.12951303417,10010.5003023368
689.5,25.4205202637477,25.2560187869497,24.9822324691539,0.0723229281474776,2.07225784205194,2.1021990896886,2.14907913311268,0.24461188127168,0,24.9554324068596,2.72600915046087,0.0202267436584847,25,0,0,0,5,0.228280090404698,9825.19665617999,9896.77574374616,10009.8936993904
690,25.4205202637477,25.2560187869497,24.9822324691539,0.0717234466566592,2.07186442952862,2.1020563296135,2.14883330135115,0.241958101316527,0,24.9573225546595,2.72413577080206,0.0170709781361936,25,0,0,0,5,0.226387887027079,9824.25957176319,9896.43322782996,10009.2971716223
690.5,25.4205202637477,25.2560187869497,24.9822324691539,0.0712697620417382,2.07147337238209,2.10191798920944,2.14859152242175,0.241958101316527,0,24.9591607050219,2.72271800638043,0.0170709781361936,25,0,0,0,5,0.224955876908542,9823.32818549784,9896.10132702292,10008.7105130228
691,25.4205202637477,25.2560187869497,25.0095900283968,0.0711051405665371,2.07108465340535,2.10178381895003,2.1483537139638,0.241958101316527,0,24.9609484590363,2.72220356427043,0.0170709781361936,25,0,0,0,5,0.224436265684218,9822.40245481379,9895.77944163877,10008.1335220342
691.5,25.4205202637477,25.2560187869497,25.0095900283968,0.0713420100836265,2.07069825407579,2.1016535843662,2.14811979538067,0.241958101316527,0,24.9626873652618,2.72294378151133,0.0170709781361936,25,0,0,0,0,0.225183920627959,9821.48233403339,9895.46700822219,10007.5660014533
692,25.4205202637477,25.2560187869497,25.0095900283968,0.0719079067182648,2.07031415573745,2.10152706513287,2.14788968780134,0.239581604682087,0,24.9643789215047,2.72471220849458,0.01424843139811,25,0,0,0,0,0.226970116765531,9820.56777718759,9895.16349734655,10007.0077583346
692.5,25.4479543315679,25.2560187869497,25.0095900283968,0.0725500837818557,2.06993234140919,2.10140405421125,2.14766331404318,0.239581604682087,0,24.9660245765357,2.7267190118183,0.01424843139811,25,0,0,0,0,0.228997084449049,9819.65874232062,9894.86841154617,10006.4586038975
693,25.4479543315679,25.2560187869497,25.0095900283968,0.0730514489072701,2.0695527978996,2.10128435704288,2.14744059857527,0.239581604682087,0,24.9676262646544,2.72828577783522,0.01424843139811,25,0,0,0,0,0.230579593330907,9818.75519652238,9894.58128337391,10005.918353434
693.5,25.4479543315679,25.2560187869497,25.0095900283968,0.0732342771925436,2.06917551485518,2.1011677907929,2.14722146748273,0.239581604682087,0,24.9691858400302,2.7288571162267,0.01424843139811,25,0,0,0,0,0.231156672530544,9817.85711365858,9894.30167357753,10005.3868262199
694,25.4479543315679,25.2560187869497,25.0095900283968,0.0729846595084753,2.06880048370075,2.10105418363901,2.14700584843153,0.237446093529655,0,24.9707045639631,2.72807706096399,0.01171817441477,25,0,0,0,5,0.230368779272551,9816.96447184558,9894.02916938691,10004.8638454264
694.5,25.4479543315679,25.2560187869497,25.0095900283968,0.0724454603773083,2.06842769619514,2.10094337410376,2.14679367063447,0.237446093529655,0,24.9721836569192,2.72639206367909,0.01171817441477,25,0,0,0,5,0.228666851134936,9816.07725001109,9893.76338290558,10004.3492380352
695,25.4479543315679,25.2560187869497,25.0095900283968,0.0718368147153051,2.06805714141443,2.10083521042704,2.14658486481745,0.237446093529655,0,24.973624299906,2.72449004598533,0.01171817441477,25,0,0,0,5,0.226745721967389,9815.19542071496,9893.50394959966,10003.8428347543
695.5,25.4479543315679,25.2560187869497,25.0095900283968,0.0713415168471315,2.06768880566855,2.10072954997708,2.14637936318688,0.237446093529655,0,24.9750276358001,2.72294224014729,0.01171817441477,25,0,0,0,5,0.225182363776286,9814.31894995332,9893.25052687956,10003.3444699365
696,25.4479543315679,25.2560187869497,25.0095900283968,0.071109073413604,2.0673226729992,2.10062625869668,2.14617709939746,0.235517627984564,0,24.9763947706294,2.72221585441751,0.00944209174822817,25,0,0,0,5,0.2244486793227,9813.44779834602,9893.00279276698,10002.8539814993
696.5,25.4479543315679,25.2560187869497,25.0095900283968,0.0712601400791053,2.06695872578559,2.10052521058341,2.14597800852083,0.235517627984564,0,24.9777267748123,2.7226879377472,0.00944209174822817,25,0,0,0,0,0.224925506145688,9812.58192257994,9892.76044464362,10002.3712108462
697,25.4479543315679,25.2560187869497,25.0095900283968,0.0717809332627786,2.06659694635536,2.10042628720107,2.14578202701491,0.235517627984564,0,24.9790246843527,2.72431541644618,0.00944209174822817,25,0,0,0,0,0.226569337750634,9811.72127924252,9892.52319807551,10001.8960027907
697.5,25.4479543315679,25.2560187869497,25.0095900283968,0.0724265616059451,2.06623731774779,2.10032937722131,2.14558909269391,0.235517627984564,0,24.980289501996,2.72633300501858,0.00944209174822817,25,0,0,0,0,0.228607199053005,9810.86582663701,9892.29078571,10001.4282054816
698,25.4479543315679,25.2560187869497,25.0095900283968,0.0729715035123715,2.06587982696356,2.10023437599247,2.14539914469888,0.233770881476289,0,24.9815221983438,2.72803594847616,0.00739112066247998,25,0,0,0,0,0.230327253686449,9810.01553251068,9892.06295623842,10000.9676703295
698.5,25.4479543315679,25.2560187869497,25.0095900283968,0.0669581907807294,2.06573226223064,2.10014491727132,2.14521328604848,0.233770881476289,0,24.9827237129318,2.70924434618978,0.00739112066247998,25,0,0,0,0,0.211346833380294,9809.664570128,9891.8484234352,10000.517070455
699,25.4479543315679,25.2560187869497,25.0095900283968,0.066786637203454,2.06558976928335,2.10006461112177,2.1450326738757,0.233770881476289,0,24.9838949552699,2.70870824126079,0.00739112066247998,25,0,0,0,5,0.210805341668982,9809.32568209018,9891.65584354406,10000.0792097093
699.5,25.4479543315679,25.2560187869497,25.0095900283968,0.0662812950958738,2.06544813022253,2.09999288786226,2.14485718961667,0.233770881476289,0,24.9850368058472,2.70712904717461,0.00739112066247998,25,0,0,0,5,0.209210279840616,9808.98883632357,9891.48384918952,9999.65379900296
700,25.4753933557284,25.2560187869497,25.0095900283968,0.0656682733087322,2.06530734309336,2.09992921053184,2.14468671669234,0.232183946040095,0,24.9861501171024,2.70521335408979,0.00553995315902824,25,0,0,0,5,0.207275337871682,9808.6540279717,9891.33115168737,9999.24055415376
700.5,25.4753933557284,25.2560187869497,25.0095900283968,0.0651384686799196,2.06516740294803,2.09987307482088,2.14452114107862,0.232183946040095,0,24.9872362473645,2.70355771462475,0.00553995315902824,25,0,0,0,5,0.205603062541298,9808.32124506266,9891.19654084583,9998.83919726463
701,25.4753933557284,25.2560187869497,25.0095900283968,0.0648485356216347,2.06502830243243,2.09982400708908,2.1443603512506,0.232183946040095,0,24.9882964943944,2.70265167381761,0.00553995315902824,25,0,0,0,5,0.204687917836128,9807.99046990537,9891.07888018402,9998.44945658365
701.5,25.4753933557284,25.2560187869497,25.0095900283968,0.0649249220914376,2.06489003221622,2.09978156250384,2.1442042381283,0.232183946040095,0,24.9893315818819,2.70289038153574,0.00553995315902824,25,0,0,0,0,0.204929024089414,9807.66168011323,9890.9771024431,9998.07106636823
702,25.4753933557284,25.2560187869497,25.0095900283968,0.0653975180384535,2.06475258290578,2.09974532329153,2.14405269502315,0.230734448305554,0,24.9903422109315,2.70436724387017,0.00386311562741213,25,0,0,0,0,0.206420725936575,9807.33485315324,9890.89020537119,9997.70376675105
702.5,25.4753933557284,25.2560187869497,25.0095900283968,0.0660381347901907,2.06461594501362,2.09971489709546,2.14390561758617,0.230734448305554,0,24.9913290608113,2.70636917121935,0.00386311562741213,25,0,0,0,0,0.208442768651758,9807.00996627338,9890.81724776721,9997.34730361063
703,25.4753933557284,25.2560187869497,25.0095900283968,0.0666152753519312,2.06448011301292,2.09968991543293,2.14376290375677,0.230734448305554,0,24.9922927896764,2.70817273547478,0.00386311562741213,25,0,0,0,0,0.210264455120836,9806.68700614265,9890.75734576489,9997.00142844328
703.5,25.4753933557284,25.2560187869497,25.0095900283968,0.0669382600843234,2.06434508432156,2.09967003224638,2.14362445371309,0.230734448305554,0,24.9932340352672,2.70918206276351,0.00386311562741213,25,0,0,0,0,0.211283924130158,9806.36596643406,9890.70966934448,9996.66589823915
704,25.4753933557284,25.2560187869497,25.0369522159725,0.0668553349070652,2.06421085861958,2.09965492254229,2.14349016982313,0.22940320030213,0,24.9941534155845,2.70892292158458,0.00233863376621741,25,0,0,0,5,0.211022179100661,9806.04684620062,9890.67343905697,9996.3404753604
704.5,25.4753933557284,25.2560187869497,25.0369522159725,0.0663977335916111,2.06407743647744,2.09964428111286,2.14335995659713,0.22940320030213,0,24.9950515295405,2.70749291747378,0.00233863376621741,25,0,0,0,5,0.209577806308561,9805.72964661349,9890.64792294834,9996.02492742233
705,25.4753933557284,25.2560187869497,25.0369522159725,0.0657898116942248,2.06394481690197,2.09963782133506,2.14323372064091,0.22940320030213,0,24.9959289575893,2.70559316154445,0.00233863376621741,25,0,0,0,5,0.207658961631651,9805.41436512754,9890.63243367094,9995.71902717724
705.5,25.4753933557284,25.2560187869497,25.0369522159725,0.0652297896184183,2.063812995775,2.09963527404265,2.14311137061011,0.22940320030213,0,24.9967862623341,2.70384309255756,0.00233863376621741,25,0,0,0,5,0.205891307951576,9805.10099177026,9890.62632577106,9995.42255240053
706,25.4753933557284,25.2560187869497,25.0369522159725,0.0648808719329988,2.06368196649023,2.0996363864667,2.14299281716566,0.228176607570305,0,24.9976239891153,2.70275272479062,0.000950404353898193,25,0,0,0,5,0.204789984169317,9804.78951065678,9890.62899314191,9995.13528577988
706.5,25.4753933557284,25.2560187869497,25.0369522159725,0.0648748386332501,2.06355172031751,2.09964092124035,2.14287797292998,0.228176607570305,0,24.9984426665773,2.70273387072891,0.000950404353898193,25,0,0,0,5,0.204770940661991,9804.47990085681,9890.63986663147,9994.85701480648
707,25.4753933557284,25.2560187869497,25.0369522159725,0.0652813761191595,2.06342224813244,2.09964865546383,2.14276675244436,0.228176607570305,0,24.9992428072172,2.70400430037237,0.000950404353898193,25,0,0,0,0,0.206054135582515,9804.17214050658,9890.65841179581,9994.58753166896
707.5,25.4753933557284,25.2560187869497,25.0369522159725,0.0659082993833557,2.06329354043426,2.09965937982673,2.14265907212702,0.228176607570305,0,25.000024907914,2.70596343557299,0.000950404353898193,25,0,0,0,0,0.208032956173624,9803.86620685147,9890.68412679038,9994.32663314945
708,25.4753933557284,25.2560187869497,25.0369522159725,0.0665146286205169,2.06316559121971,2.09967289778294,2.14255485023237,0.227042764183295,0,25.00078945044,2.70785821443912,-0.000315780176009639,25,0,0,0,0,0.209946773777799,9803.56208545372,9890.71654038828,9994.07412052246
708.5,25.4753933557284,25.2560187869497,25.0369522159725,0.0669018909281826,2.06303839764453,2.09968902477614,2.14245400681101,0.227042764183295,0,25.0015369019555,2.70906840915057,-0.000315780176009639,25,0,0,0,0,0.211169128525715,9803.25976938661,9890.75521012005,9993.8297994556
709,25.4753933557284,25.2560187869497,25.0369522159725,0.0669086604588776,2.06291195933969,2.09970758751209,2.14235646367049,0.227042764183295,0,25.0022677154854,2.70908956393399,-0.000315780176009639,25,0,0,0,5,0.211190495872401,9802.95925760811,9890.79972052649,9993.59347991254
709.5,25.4753933557284,25.2560187869497,25.0369522159725,0.0665082847303897,2.06278627704733,2.09972842327512,2.14226214433723,0.227042764183295,0,25.0029823303813,2.70783838978247,-0.000315780176009639,25,0,0,0,5,0.209926749923002,9802.66055171821,9890.84968151759,9993.36497605849
710,25.4753933557284,25.2560187869497,25.0369522159725,0.0659133778269141,2.06266135068864,2.09975137928601,2.14217097401897,0.22599123483144,0,25.0036811727664,2.70597930570911,-0.00147246910657231,25,0,0,0,5,0.208048985772872,9802.36365136656,9890.90472683123,9993.14410616741
710.5,25.4753933557284,25.2560187869497,25.0369522159725,0.0653296549973914,2.06253717697606,2.09977631209892,2.14208287956812,0.22599123483144,0,25.0043646559664,2.70415517186685,-0.00147246910657231,25,0,0,0,5,0.206206523033766,9802.06854857826,9890.96451258563,9992.93069253135
711,25.4753933557284,25.2560187869497,25.0369522159725,0.0649270146025965,2.06241375004869,2.09980308703481,2.14199778944603,0.22599123483144,0,25.0050331809251,2.70289692063311,-0.00147246910657231,25,0,0,0,5,0.204935628891636,9801.77522926499,9891.02871591982,9992.72456137204
711.5,25.4753933557284,25.2560187869497,25.0369522159725,0.0648432673475126,2.06229106185464,2.09983157764923,2.14191563368786,0.22599123483144,0,25.0056871366068,2.70263521046098,-0.00147246910657231,25,0,0,0,5,0.204671289055689,9801.4836741345,9891.09703371647,9992.52554275411
712,25.4753933557284,25.2560187869497,25.0369522159725,0.0651738701611041,2.06216910342418,2.09986166523243,2.14183634386823,0.225012865509001,0,25.0063269003841,2.70366834425345,-0.00253076015363831,25,0,0,0,0,0.205714803776509,9801.19386171665,9891.16918140259,9992.33347050033
712.5,25.4753933557284,25.2560187869497,25.0369522159725,0.0657775068733783,2.06204786550771,2.0998932383399,2.14175985306782,0.225012865509001,0,25.0069528384131,2.70555470897931,-0.00253076015363831,25,0,0,0,0,0.207620122695131,9800.90576987972,9891.24489182326,9992.1481821091
713,25.4753933557284,25.2560187869497,25.0369522159725,0.0664051001737299,2.06192734153678,2.09992619235139,2.1416860958405,0.225012865509001,0,25.0075653059964,2.70751593804291,-0.00253076015363831,25,0,0,0,0,0.209601058188361,9800.61938286629,9891.32391418374,9991.96951867338
713.5,25.4753933557284,25.2560187869497,25.0369522159725,0.0668502050744421,2.06180752837015,2.09996042905659,2.14161500818121,0.225012865509001,0,25.0081646479327,2.70890689085763,-0.00253076015363831,25,0,0,0,0,0.211005987296969,9800.33469306492,9891.40601305585,9991.79732480154
714,25.4753933557284,25.2560187869497,25.0369522159725,0.0669445115300266,2.06168842553035,2.09999585626599,2.14154652749469,0.224099619022155,0,25.0087511988558,2.70920159853133,-0.00350047954232764,25,0,0,0,5,0.211303656193376,9800.0516991951,9891.49096744452,9991.63144854013
714.5,25.4753933557284,25.2560187869497,25.0369522159725,0.0666111830751011,2.0615700337932,2.10003238744564,2.14148059256468,0.224099619022155,0,25.0093252835616,2.70815994710969,-0.00350047954232764,25,0,0,0,5,0.210251538258249,9799.77040295503,9891.57856991195,9991.47174129827
715,25.4753933557284,25.2560187869497,25.0369522159725,0.0660375056451296,2.06145235391832,2.10006994137348,2.14141714352391,0.224099619022155,0,25.0098872173238,2.70636720514103,-0.00350047954232764,25,0,0,0,5,0.208440782818287,9799.49080600514,9891.6686257534,9991.31805777346
715.5,25.4753933557284,25.2560187869497,25.0369522159725,0.0654368660645351,2.06133538345164,2.10010844181701,2.14135612182471,0.224099619022155,0,25.0104373061999,2.70449020645167,-0.00350047954232764,25,0,0,0,5,0.206544924046098,9799.21290237137,9891.76095222437,9991.17025587954
716,25.4753933557284,25.2560187869497,25.0369522159725,0.0649860056606174,2.06121911727695,2.10014781723025,2.14129747021031,0.223244432041469,0,25.0109758473258,2.70308126768943,-0.0043903389303253,25,0,0,0,5,0.205121828267173,9798.93667975663,9891.85537781393,9991.02819667579
716.5,25.4753933557284,25.2560187869497,25.0369522159725,0.0648288874402056,2.0611035480163,2.10018800046912,2.14124113268657,0.223244432041469,0,25.0115031292016,2.70259027325064,-0.0043903389303253,25,0,0,0,5,0.204625900316265,9798.66212049293,9891.95174156228,9990.89174429769
717,25.4753933557284,25.2560187869497,25.0369522159725,0.0650771369438382,2.06098866695403,2.10022892852406,2.14118705449458,0.223244432041469,0,25.012019431967,2.70336605294949,-0.0043903389303253,25,0,0,0,0,0.205409475049531,9798.38920373712,9892.04989241983,9990.76076588943
717.5,25.4753933557284,25.2560187869497,25.0369522159725,0.0656475361147243,2.06087446514613,2.10027054226898,2.14113518208368,0.223244432041469,0,25.0125250276676,2.70514855035851,-0.0043903389303253,25,0,0,0,0,0.207209882992516,9798.11790810674,9892.14968864516,9990.63513153757
718,25.4753933557284,25.2560187869497,25.0369522159725,0.0662881504870246,2.06076093545942,2.10031278622548,2.14108546308517,0.222441090853636,0,25.0130201805127,2.70715047027195,-0.00520807220507891,25,0,0,0,0,0.209231918197245,9797.84821652408,9892.25099723998,9990.51471420664
718.5,25.4753933557284,25.2560187869497,25.0369522159725,0.0667843778849932,2.06064807442085,2.10035560834125,2.14103784628656,0.222441090853636,0,25.0135051471242,2.7087011808906,-0.00520807220507891,25,0,0,0,0,0.210798210356193,9797.58012060838,9892.35369341779,9990.39938967577
719,25.5028373568518,25.2560187869497,25.0369522159725,0.0669606138064942,2.06053588130784,2.10039895978208,2.14099228160643,0.222441090853636,0,25.0139801767769,2.70925191814529,-0.00520807220507891,25,0,0,0,0,0.211354481418818,9797.31361851393,9892.45766010527,9990.28903647707
719.5,25.5028373568518,25.2560187869497,25.0369522159725,0.0667045990214598,2.06042435707454,2.10044279473642,2.1409487200697,0.222441090853636,0,25.014446044731,2.70845187194206,-0.00520807220507891,25,0,0,0,5,0.210546396351336,9797.04871237865,9892.56278747392,9990.18353583494
720,25.5028373568518,25.2560187869497,25.0369522159725,0.0661606719528726,2.06031350294743,2.10048707023168,2.14090711378361,0.221683284129995,0,25.014903484991,2.70675209985273,-0.00596139399638957,25,0,0,0,5,0.208829544952047,9796.78540498789,9892.66897249972,9990.08277160723
720.5,25.5028373568518,25.2560187869497,25.0369522159725,0.0655501728989066,2.06020331739612,2.10053174596185,2.14086741591411,0.221683284129995,0,25.0153526760512,2.70484429030908,-0.00596139399638957,25,0,0,0,5,0.206902565738109,9796.52369257941,9892.77611854985,9989.98663022724
721,25.5028373568518,25.2560187869497,25.0369522159725,0.065056840837228,2.06009379604993,2.10057678412537,2.14082958066274,0.221683284129995,0,25.0157937918478,2.70330262761634,-0.00596139399638957,25,0,0,0,5,0.205345412418626,9796.26356464616,9892.88413499419,9989.8950006472
721.5,25.5028373568518,25.2560187869497,25.0369522159725,0.0648309181750059,2.05998493220233,2.10062214927299,2.14079356324409,0.221683284129995,0,25.016227001895,2.70259661929689,-0.00596139399638957,25,0,0,0,5,0.204632310127589,9796.00500513521,9892.99293684066,9989.807774283
722,25.5028373568518,25.2560187869497,25.0369522159725,0.0649933901162305,2.0598767174613,2.10066780816469,2.14075931986374,0.220961612864215,0,25.0166524714161,2.70310434411322,-0.00666098856645192,25,0,0,0,0,0.20514513656287,9795.74799399301,9893.1024443922,9989.72484496008
722.5,25.5028373568518,25.2560187869497,25.0369522159725,0.0655202341918553,2.05976914326705,2.10071372963533,2.14072680769651,0.220961612864215,0,25.0170703614718,2.70475073184955,-0.00666098856645192,25,0,0,0,0,0.206808067203172,9795.49251077046,9893.21258292494,9989.64610886038
723,25.5028373568518,25.2560187869497,25.0369522159725,0.0661653008618897,2.0596622019368,2.1007598844688,2.14069598486555,0.220961612864215,0,25.0174808290825,2.70676656519341,-0.00666098856645192,25,0,0,0,0,0.208844155640469,9795.23853710398,9893.3232823864,9989.57146447101
723.5,25.5028373568518,25.2560187869497,25.0369522159725,0.066705639370861,2.05955588963106,2.10080624527933,2.14066681042152,0.220961612864215,0,25.0178840273478,2.70845512303394,-0.00666098856645192,25,0,0,0,0,0.210549680110186,9794.98606375957,9893.43447711114,9989.50081253335
724,25.5028373568518,25.2560187869497,25.0369522159725,0.0669581907807294,2.05945020535161,2.10085278640031,2.14063924432243,0.220272016565247,0,25.0182801055616,2.70924434618978,-0.00731204222463759,25,0,0,0,0,0.211346833380294,9794.73508825221,9893.54610555429,9989.4340559938
724.5,25.5028373568518,25.2560187869497,25.0369522159725,0.0667866372034541,2.05934515009927,2.10089948377986,2.14061324741391,0.220272016565247,0,25.0186692093237,2.70870824126079,-0.00731204222463759,25,0,0,0,5,0.210805341668983,9794.48561284481,9893.65811004123,9989.37109995551
725,25.5028373568518,25.2560187869497,25.0369522159725,0.066281295095874,2.05924072546794,2.10094631488256,2.14058878140979,0.220272016565247,0,25.0190514806477,2.70712904717461,-0.00731204222463759,25,0,0,0,5,0.209210279840617,9794.23764120905,9893.77043653216,9989.31185163086
725.5,25.5028373568518,25.2560187869497,25.0369522159725,0.0656682733087321,2.05913693083539,2.10099325859723,2.14056580887326,0.220272016565247,0,25.0194270580651,2.70521335408979,-0.00731204222463759,25,0,0,0,5,0.207275337871682,9793.99117175465,9893.88303440098,9989.2562202955
726,25.5028373568518,25.2560187869497,25.0369522159725,0.0651384686800412,2.05903376257913,2.10104029515027,2.14054429319826,0.219611657960996,0,25.0197960767263,2.70355771462513,-0.00791843069053044,25,0,0,0,5,0.205603062541682,9793.74619576801,9893.9958562277,9989.20411724285
726.5,25.5028373568518,25.2560187869497,25.0369522159725,0.064848535623198,2.05893121466294,2.10108740602423,2.14052419859139,0.219611657960996,0,25.0201586684987,2.70265167382249,-0.00791843069053044,25,0,0,0,5,0.204687917841062,9793.50269880582,9894.10885760319,9989.15545573991
727,25.5028373568518,25.2560187869497,25.0369522159725,0.0649249220914406,2.05882927906694,2.10113457388136,2.1405054900542,0.219611657960996,0,25.0205149620606,2.70289038153575,-0.00791843069053044,25,0,0,0,0,0.204929024089423,9793.26066171684,9894.22199694607,9989.11015098409
727.5,25.5028373568518,25.2560187869497,25.0369522159725,0.0653975180384536,2.05872794770005,2.10118178249153,2.14048813336575,0.219611657960996,0,25.0208650829934,2.70436724387017,-0.00791843069053044,25,0,0,0,0,0.206420725936575,9793.02006518333,9894.33523532994,9989.06812006052
728,25.5028373568518,25.2560187869497,25.0369522159725,0.0660381347901905,2.05862721236953,2.10122901666527,2.14047209506579,0.218977998059728,0,25.0212091538695,2.70636917121935,-0.00848366154779683,25,0,0,0,0,0.208442768651757,9792.78088964873,9894.44853632279,9989.02928190115
728.5,25.5028373568518,25.2560187869497,25.0369522159725,0.0666152753519312,2.05852706883483,2.10127626219004,2.14045734243812,0.218977998059728,0,25.0215472943384,2.70817273547478,-0.00848366154779683,25,0,0,0,0,0.210264455120836,9792.54312494221,9894.56186583445,9988.99355724399
729,25.5028373568518,25.2560187869497,25.0369522159725,0.0669382600843234,2.05842751579171,2.10132350577087,2.14044384349434,0.218977998059728,0,25.0218796212097,2.70918206276351,-0.00848366154779683,25,0,0,0,0,0.211283924130158,9792.30676786587,9894.67519197421,9988.96086859359
729.5,25.5028373568518,25.2560187869497,25.0369522159725,0.0668553349070854,2.05832855419001,2.10137073497458,2.14043156695801,0.218977998059728,0,25.022206248533,2.70892292158464,-0.00848366154779683,25,0,0,0,5,0.211022179100724,9792.07182057402,9894.7884849172,9988.93114018245
730,25.5028373568518,25.2560187869497,25.0369522159725,0.0663977335923178,2.05823018586219,2.10141793817725,2.14042048224917,0.218368760557354,0,25.0225272876763,2.70749291747599,-0.00901091507053451,25,0,0,0,5,0.209577806310792,9791.83828731684,9894.90171677839,9988.90429793308
730.5,25.5028373568518,25.2560187869497,25.0369522159725,0.0657898116942246,2.05813241107001,2.1014651045148,2.14041055946909,0.218368760557354,0,25.0228428474007,2.70559316154445,-0.00901091507053451,25,0,0,0,5,0.207658961631651,9791.6061686158,9895.01486149435,9988.8802694211
731,25.5028373568518,25.2560187869497,25.0369522159725,0.0652297896184182,2.05803522694317,2.10151222383674,2.14040176938541,0.218368760557354,0,25.0231530339335,2.70384309255756,-0.00901091507053451,25,0,0,0,5,0.205891307951575,9791.3754575577,9895.12789471216,9988.85898383877
731.5,25.5028373568518,25.2560187869497,25.0369522159725,0.0648808719329988,2.05793862811643,2.10155928666253,2.1403940834176,0.218368760557354,0,25.0234579510389,2.70275272479062,-0.00901091507053451,25,0,0,0,5,0.204789984169317,9791.14614130783,9895.24079368503,9988.84037195975
732,25.5028373568518,25.2560187869497,25.0369522159725,0.0648748386332501,2.05784260709363,2.10160628414079,2.14038747362272,0.217781900805079,0,25.0237577000862,2.70273387072891,-0.00950308003447589,25,0,0,0,5,0.204770940661991,9790.91820197486,9895.35353717446,9988.82436610431
732.5,25.5028373568518,25.2560187869497,25.0369522159725,0.0652813761207277,2.05774715597701,2.1016532080106,2.14038191268146,0.217781900805079,0,25.0240523801159,2.70400430037727,-0.00950308003447589,25,0,0,0,0,0.206054135587465,9790.69162071643,9895.46610535744,9988.81090010539
733,25.5028373568518,25.2560187869497,25.0369522159725,0.0659082993833587,2.05765226648526,2.10170005056577,2.14037737388461,0.217781900805079,0,25.0243420879042,2.705963435573,-0.00950308003447589,25,0,0,0,0,0.208032956173633,9790.46637778194,9895.57847974091,9988.79990927564
733.5,25.5028373568518,25.2560187869497,25.0369522159725,0.0665146286206718,2.05755793382648,2.10174680462082,2.14037383111968,0.217781900805079,0,25.0246269180245,2.7078582144396,-0.00950308003447589,25,0,0,0,0,0.209946773778288,9790.24246170588,9895.69064308013,9988.79133037481
734,25.5028373568518,25.2560187869497,25.0369522159725,0.0669018909281827,2.05746415635997,2.10179346347916,2.14037125885794,0.217215578734908,0,25.0249069629083,2.70906840915057,-0.00996278516330449,25,0,0,0,0,0.211169128525716,9790.01986850396,9895.80257930255,9988.78510157824
734.5,25.5028373568518,25.2560187869497,25.0369522159725,0.0669086604588776,2.05737093491257,2.10184002090337,2.1403696321416,0.217215578734908,0,25.0251823129026,2.70908956393399,-0.00996278516330449,25,0,0,0,5,0.211190495872401,9789.79860004959,9895.91427343639,9988.78116244567
735,25.5028373568518,25.2560187869497,25.0369522159725,0.0665082847303897,2.057278271415,2.10188647108704,2.14036892657151,0.217215578734908,0,25.0254530563273,2.70783838978247,-0.00996278516330449,25,0,0,0,5,0.209926749923002,9789.57866083667,9896.02571154333,9988.7794538913
735.5,25.5028373568518,25.2560187869497,25.0369522159725,0.0659133778269141,2.05718616696997,2.10193280862845,2.14036911829482,0.217215578734908,0,25.0257192795291,2.70597930570911,-0.00996278516330449,25,0,0,0,5,0.208048985772872,9789.36005339395,9896.1368806553,9988.7799181537
736,25.5028373568518,25.2560187869497,25.0369522159725,0.0653296549980551,2.05709461946512,2.10197902850575,2.14037018399306,0.216668135217418,0,25.025981066935,2.70415517186892,-0.0103924267740027,25,0,0,0,5,0.206206523035861,9789.14277261985,9896.2477687151,9988.78249876703
736.5,25.5028373568518,25.2560187869497,25.0369522159725,0.0649270145982229,2.05700362420817,2.10202512605363,2.14037210087054,0.216668135217418,0,25.0262385011034,2.70289692061945,-0.0103924267740027,25,0,0,0,5,0.204935628877831,9788.92680729075,9896.35836452035,9988.78714053254
737,25.5028373568518,25.2560187869497,25.0369522159725,0.0648432673475391,2.0569131743092,2.10207109694153,2.14037484664288,0.216668135217418,0,25.026491662774,2.70263521046106,-0.0103924267740027,25,0,0,0,5,0.204671289055772,9788.71214096887,9896.46865767139,9988.79378949087
737.5,25.5028373568518,25.2560187869497,25.0369522159725,0.0651738701611041,2.05682326195378,2.10211693715285,2.14037839952572,0.216668135217418,0,25.0267406309162,2.70366834425345,-0.0103924267740027,25,0,0,0,0,0.205714803776509,9788.49875502428,9896.57863852134,9988.80239289464
738,25.5028373568518,25.2560187869497,25.0369522159725,0.0657775068733783,2.05673387904064,2.10216264296593,2.14038273822402,0.216138071400763,0,25.0269854827756,2.70555470897931,-0.010794193110226,25,0,0,0,0,0.207620122695131,9788.28663014847,9896.68829813059,9988.81289918223
738.5,25.5028373568518,25.2560187869497,25.0369522159725,0.0664051001737299,2.05664502014236,2.10220821093581,2.14038784192118,0.216138071400763,0,25.0272262939194,2.70751593804291,-0.010794193110226,25,0,0,0,0,0.209601058188361,9788.07575338045,9896.79762822306,9988.82525795156
739,25.5028373568518,25.2560187869497,25.0369522159725,0.0668502050744421,2.05655668325119,2.1022536378773,2.14039369026866,0.216138071400763,0,25.0274631382807,2.70890689085763,-0.010794193110226,25,0,0,0,0,0.211005987296969,9787.86611987598,9896.90662114556,9988.83941993475
739.5,25.5028373568518,25.2560187869497,25.0369522159725,0.0669445115301697,2.05646886901599,2.10229892084902,2.14040026337583,0.216138071400763,0,25.0276960882006,2.70920159853178,-0.010794193110226,25,0,0,0,5,0.211303656193828,9787.65773109596,9897.01526982967,9988.85533697349
740,25.5028373568518,25.2560187869497,25.0369522159725,0.0666111830766133,2.0563815793319,2.10234405713851,2.14040754179989,0.215624030637713,0,25.02792521447,2.70815994711442,-0.0111700857879967,25,0,0,0,5,0.210251538263022,9787.45059145902,9897.12356775587,9988.87296199452
740.5,25.5028373568518,25.2560187869497,25.0369522159725,0.0660375056451296,2.05629481607119,2.10238904424796,2.14041550653613,0.215624030637713,0,25.0281505863692,2.70636720514103,-0.0111700857879967,25,0,0,0,5,0.208440782818287,9787.24470532961,9897.23150891944,9988.892248986
741,25.5028373568518,25.2560187869497,25.0369522159725,0.0654368660645349,2.05620857788639,2.10243387988113,2.14042413900826,0.215624030637713,0,25.0283722717074,2.70449020645167,-0.0111700857879967,25,0,0,0,5,0.206544924046098,9787.04006943225,9897.33908779913,9988.91315297408
741.5,25.5028373568518,25.2560187869497,25.0369522159725,0.0649860056606174,2.05612286076173,2.10247856193075,2.14043342105917,0.215624030637713,0,25.0285903368598,2.70308126768943,-0.0111700857879967,25,0,0,0,5,0.205121828267173,9786.8366741607,9897.44629932691,9988.9356300003
742,25.5028373568518,25.2560187869497,25.0369522159725,0.0648288874402057,2.05603765841358,2.10252308846688,2.14044333494167,0.215124782661206,0,25.0288048468046,2.70259027325064,-0.0115219387218517,25,0,0,0,5,0.204625900316265,9786.63450452879,9897.55313886001,9988.95963709931
742.5,25.5028373568518,25.2560187869497,25.0369522159725,0.0650771369397188,2.05595296321422,2.10256745772582,2.14045386330949,0.215124782661206,0,25.0290158651582,2.70336605293662,-0.0115219387218517,25,0,0,0,0,0.205409475036528,9786.4335423629,9897.65960215446,9988.98513227686
743,25.5028373568518,25.2560187869497,25.0369522159725,0.0656475361147484,2.0558687673011,2.10261166809978,2.14046498920856,0.215124782661206,0,25.0292234542099,2.70514855035859,-0.0115219387218517,25,0,0,0,0,0.207209882992592,9786.23376893409,9897.76568534023,9989.01207448873
743.5,25.5028373568518,25.2560187869497,25.0369522159725,0.066288150487823,2.05578506461574,2.10265571812741,2.14047669606842,0.215124782661206,0,25.029427674955,2.70715047027445,-0.0115219387218517,25,0,0,0,0,0.209231918199765,9786.03516979588,9897.87138489859,9989.04042361979
744,25.5028373568518,25.2560187869497,25.0369522159725,0.0667843778849932,2.05570185275275,2.10269960648453,2.14048896769386,0.214639209714733,0,25.0296285871276,2.7087011808906,-0.0118514348510274,25,0,0,0,0,0.210798210356193,9785.83773917058,9897.97669763978,9989.07014046383
744.5,25.5302863555762,25.2560187869497,25.0369522159725,0.0669606138064942,2.05561913205028,2.10274333197573,2.14050178825664,0.214639209714733,0,25.0298262492315,2.70925191814529,-0.0118514348510274,25,0,0,0,0,0.211354481418818,9785.64147779069,9898.08162068303,9989.10118670337
745,25.5302863555762,25.2560187869497,25.0369522159725,0.0667045990214598,2.05553690451666,2.10278689352643,2.14051514228762,0.214639209714733,0,25.0300212517683,2.70845187194206,-0.0118514348510274,25,0,0,0,5,0.210546396351336,9785.44639035146,9898.1861514374,9989.13352489056
745.5,25.5302863555762,25.2560187869497,25.0369522159725,0.0661606719528726,2.05545517242617,2.10283029017523,2.14052901466874,0.214639209714733,0,25.0302141496972,2.70675209985273,-0.0118514348510274,25,0,0,0,5,0.208829544952047,9785.25248217923,9898.29028758346,9989.16711842782
746,25.5302863555762,25.2560187869497,25.0369522159725,0.065550172900452,2.05537393529049,2.10287352106692,2.14054339062546,0.214164436166328,0,25.0304049478987,2.70484429031391,-0.0121619791594995,25,0,0,0,5,0.206902565742987,9785.05975204626,9898.39402705662,9989.20193154938
746.5,25.5302863555762,25.2560187869497,25.0369522159725,0.0587723342597292,2.05550041094081,2.10292029999275,2.14055941250115,0.214164436166328,0,25.030593652045,2.68366354456165,-0.0121619791594995,25,0,0,0,5,0.185508995857409,9785.35980941444,9898.50628182647,9989.24073060608
747,25.5302863555762,25.2560187869497,25.0369522159725,0.0585531278649694,2.05563083383247,2.10297434798351,2.14057828710728,0.214164436166328,0,25.0307802685597,2.68297852457803,-0.0121619791594995,25,0,0,0,5,0.184817092792989,9785.66924095387,9898.6359816524,9989.28643811399
747.5,25.5028373568518,25.2560187869497,25.0369522159725,0.0587270381169394,2.05576048092395,2.10303518211004,2.14059993931184,0.214164436166328,0,25.0309648045796,2.68352199411544,-0.0121619791594995,25,0,0,0,0,0.185366023112307,9785.97684148078,9898.78196829919,9989.33887222376
748,25.5028373568518,25.2560187869497,25.0369522159725,0.0592596145446267,2.05588935206101,2.10310234664404,2.14062429494116,0.213695810640644,0,25.0311467347215,2.68518629545196,-0.0124586938885955,25,0,0,0,0,0.18704704734866,9786.28261045795,9898.94314882432,9989.39785341692
748.5,25.5028373568518,25.2560187869497,25.0369522159725,0.0599039117927749,2.05601744812838,2.1031754136982,2.140651281492,0.213695810640644,0,25.0313255686153,2.68719972435242,-0.0124586938885955,25,0,0,0,0,0.189080707182715,9786.58654981441,9899.11849710159,9989.46320622911
749,25.5028373568518,25.2560187869497,25.0369522159725,0.0604395335549613,2.05614477374042,2.10325398153568,2.14068082809503,0.213695810640644,0,25.0315013654354,2.68887354235925,-0.0124586938885955,25,0,0,0,0,0.19077134371288,9786.88867033027,9899.30704975441,9989.53475916058
749.5,25.5028373568518,25.2560187869497,25.0369522159725,0.0606855966404963,2.05627133627303,2.10333767298269,2.14071286547898,0.213695810640644,0,25.0316741830261,2.68964248950155,-0.0124586938885955,25,0,0,0,0,0.191548017236063,9787.18898934094,9899.5079023381,9989.61234458857
750,25.5028373568518,25.2560187869497,25.0369522159725,0.0605075246461419,2.056397145013,2.1034261339372,2.14074732593578,0.213237670179893,0,25.0318440779364,2.68908601451919,-0.0127376311745735,25,0,0,0,5,0.190985950793082,9787.48752871948,9899.72020575501,9989.69579868185
750.5,25.5028373568518,25.2560187869497,25.0369522159725,0.0599970976619583,2.05652220977297,2.10351903196825,2.14078414328633,0.213237670179893,0,25.0320111054548,2.68749093019362,-0.0127376311745735,25,0,0,0,5,0.189374839060205,9787.78431159047,9899.94316288808,9989.78496131709
751,25.5028373568518,25.2560187869497,25.0369522159725,0.0593816933457143,2.05664653809291,2.10361605500015,2.14082325284701,0.213237670179893,0,25.0321753196421,2.68556779170536,-0.0127376311745735,25,0,0,0,5,0.187432376876413,9788.07935568881,9900.17602543951,9989.87967599692
751.5,25.5028373568518,25.2560187869497,25.0369522159725,0.0588531890481958,2.05677013444241,2.10371691007669,2.140864591397,0.213237670179893,0,25.0323367733642,2.68391621577561,-0.0127376311745735,25,0,0,0,5,0.185764205911725,9788.37267146582,9900.41809096236,9989.97978977013
752,25.5028373568518,25.2560187869497,25.0369522159725,0.0585690070448334,2.05689300081673,2.1038213222002,2.14090809714615,0.212791027832395,0,25.0324955183231,2.6830281470151,-0.0129982073292311,25,0,0,0,5,0.184867213836312,9788.66426350273,9900.66870007264,9990.08515315311
752.5,25.5028373568518,25.2560187869497,25.0369522159725,0.0586563885893651,2.05701513720929,2.10392903324118,2.14095370970372,0.212791027832395,0,25.0326516050871,2.68330121434177,-0.0129982073292311,25,0,0,0,0,0.185143024943472,9788.95413163112,9900.92723383148,9990.19562005356
753,25.5028373568518,25.2560187869497,25.0369522159725,0.0591363611036989,2.05713654341775,2.10403980091388,2.14100137004772,0.212791027832395,0,25.0328050831208,2.68480112844906,-0.0129982073292311,25,0,0,0,0,0.186658010187715,9789.24227521886,9901.1931112861,9990.31104769566
753.5,25.5028373568518,25.2560187869497,25.0369522159725,0.0597772913302383,2.05725721932173,2.10415339781453,2.14105102049492,0.212791027832395,0,25.0329560008132,2.68680403540699,-0.0129982073292311,25,0,0,0,0,0.188681042354764,9789.52869382922,9901.4657871617,9990.43129654693
754,25.5028373568518,25.2560187869497,25.0369522159725,0.0603503192239138,2.05737716865553,2.10426961051761,2.14110260467152,0.212354970300481,0,25.0331044055057,2.68859474757473,-0.0132417622022601,25,0,0,0,0,0.190489747598362,9789.81339617557,9901.74474969285,9990.5562302466
754.5,25.5028373568518,25.2560187869497,25.0369522159725,0.0606670122430344,2.05749639801177,2.10438823872695,2.14115606748456,0.212354970300481,0,25.0332503435187,2.68958441325948,-0.0132417622022601,25,0,0,0,0,0.191489357443914,9790.09639775781,9902.02951858691,9990.68571553602
755,25.5028373568518,25.2286188373069,25.0369522159725,0.0605774607848655,2.05761491615665,2.1045090944786,2.14121135509381,0.212354970300481,0,25.0333938601782,2.6893045649527,-0.0132417622022601,25,0,0,0,5,0.191206697221349,9790.37771923791,9902.31964311201,9990.81962219004
755.5,25.5028373568518,25.2286188373069,25.0369522159725,0.0601143723559848,2.05773273266213,2.10463200139186,2.14126841488432,0.212354970300481,0,25.0327878032141,2.68785741361245,-0.0132417622022601,25,0,0,0,5,0.18974500490443,9790.65738319379,9902.61470030058,9990.95782295028
756,25.5028373568518,25.2286188373069,25.0369522159725,0.0595034417593195,2.05784985548399,2.10475679396573,2.14132719543962,0.212516115893806,0,25.0322051909489,2.68594825549787,-0.0128820763795702,25,0,0,0,5,0.187816663569116,9790.93540837012,9902.91429326228,9991.1001934597
756.5,25.5028373568518,25.2286188373069,25.0369522159725,0.0589439155675558,2.05796628937532,2.10488331691819,2.14138764651539,0.212516115893806,0,25.031645176523,2.68419973614861,-0.0128820763795702,25,0,0,0,5,0.186050575097433,9791.21180591183,9903.21804959953,9991.24661219864
757,25.5028373568518,25.2286188373069,25.0369522159725,0.0585998067753458,2.05808203653578,2.10501142456539,2.1414497190138,0.212516115893806,0,25.0311069428617,2.68312439617296,-0.0128820763795702,25,0,0,0,5,0.184964430105701,9791.48658090404,9903.52561991917,9991.39696042229
757.5,25.5028373568518,25.2286188373069,25.0369522159725,0.0586035095697501,2.05819709697795,2.10514098023861,2.14151336495839,0.212516115893806,0,25.0305897016397,2.68313596740547,-0.0128820763795702,25,0,0,0,5,0.184976117605959,9791.75973324119,9903.83667643473,9991.5511220996
758,25.5028373568518,25.2286188373069,25.0369522159725,0.0590194008069184,2.05831147032925,2.10527185573638,2.14157853746934,0.213164841247249,0,25.0300926922802,2.68443562752162,-0.0120370769120839,25,0,0,0,0,0.186288836706957,9792.031261904,9904.15091165297,9991.70898385308
758.5,25.5028373568518,25.2286188373069,25.0369522159725,0.0596478257299383,2.05842515578674,2.10540393081041,2.14164519073957,0.213164841247249,0,25.0296151809899,2.68639945540606,-0.0120370769120839,25,0,0,0,0,0.188272397133977,9792.30116485223,9904.46803714173,9991.8704349008
759,25.5028373568518,25.2286188373069,25.0369522159725,0.0602507360914296,2.05853815612235,2.10553709268214,2.14171328001118,0.213164841247249,0,25.0291564598265,2.68828355028572,-0.0120370769120839,25,0,0,0,0,0.190175423398989,9792.56944853373,9904.78778237122,9992.03536699904
759.5,25.5028373568518,25.2286188373069,25.0369522159725,0.0606319795911459,2.05865047714316,2.10567123558895,2.14178276155241,0.213164841247249,0,25.0287158457994,2.68947493622233,-0.0120370769120839,25,0,0,0,0,0.191378780381493,9792.83612660414,9905.10989362637,9992.20367438626
760,25.5028373568518,25.2286188373069,25.0369522159725,0.0606320739139312,2.05876212704986,2.10580626035785,2.14185359263517,0.213697732271271,0,25.0282926800004,2.68947523098104,-0.0113170720001719,25,0,0,0,5,0.191379078101932,9793.1012184046,9905.4341329852,9992.37525372864
760.5,25.5028373568518,25.2286188373069,25.0369522159725,0.0602258596129292,2.05887311506221,2.10594207400506,2.14192573151306,0.213697732271271,0,25.0278863267657,2.6882058112904,-0.0113170720001719,25,0,0,0,5,0.19009690328225,9793.36474569885,9905.76027735926,9992.55000406654
761,25.5028373568518,25.2286188373069,25.0369522159725,0.0596273588067277,2.05898344953615,2.10607858935975,2.14199913739973,0.213697732271271,0,25.0274961728658,2.68633549627102,-0.0113170720001719,25,0,0,0,5,0.188207795337555,9793.62672820253,9906.08811759202,9992.72782676209
761.5,25.5028373568518,25.2286188373069,25.0369522159725,0.0590433596682736,2.05909313554146,2.10621572471064,2.14207377044788,0.213697732271271,0,25.0271216267245,2.68451049896336,-0.0113170720001719,25,0,0,0,5,0.186364460456939,9793.88717783108,9906.41745761201,9992.90862544818
762,25.5028373568518,25.2286188373069,25.0369522159725,0.0586446105075729,2.05920217551148,2.10635340347413,2.14214959172862,0.214130786676918,0,25.0267621176643,2.68326440783617,-0.0107048470657176,25,0,0,0,5,0.185105848606103,9794.14610024137,9906.74811363759,9993.09230597826
762.5,25.5028373568518,25.2286188373069,25.0369522159725,0.0585695734312493,2.05931056962795,2.10649155388241,2.14222656321126,0.214130786676918,0,25.026417095178,2.68302991697265,-0.0107048470657176,25,0,0,0,5,0.184869001578395,9794.40349574485,9907.07991342971,9993.27877637747
763,25.5028373568518,25.2286188373069,25.0369522159725,0.0589107722477189,2.05941831715155,2.10663010869048,2.14230464774356,0.214130786676918,0,25.0260860282258,2.68409616327412,-0.0107048470657176,25,0,0,0,0,0.1859459615227,9794.65936246647,9907.41269558988,9993.4679467946
763.5,25.5028373568518,25.2286188373069,25.0369522159725,0.0595172074849572,2.0595254170048,2.10676900490124,2.1423838090325,0.214130786676918,0,25.0257684045564,2.68599127339049,-0.0107048470657176,25,0,0,0,0,0.187860113705519,9794.91369772857,9907.74630890145,9993.65972945559
764,25.5028373568518,25.2286188373069,25.0369522159725,0.0601421683521517,2.0596318708988,2.10690818350698,2.14246401162536,0.214477848457705,0,25.0254637300522,2.68794427610047,-0.0101854920208737,25,0,0,0,0,0.189832740186731,9795.16650547647,9908.08061171037,9993.85403861743
764.5,25.5028373568518,25.2286188373069,25.0369522159725,0.0668502050744422,2.05952997604393,2.10704385793611,2.14254405894081,0.214477848457705,0,25.0251715280964,2.70890689085763,-0.0101854920208737,25,0,0,0,0,0.211005987296969,9794.92452444691,9908.40650840018,9994.04797535006
765,25.5028373568518,25.2286188373069,25.0369522159725,0.0669445115301697,2.05942444531284,2.10717227116676,2.14262270126078,0.214477848457705,0,25.0248913389627,2.70920159853178,-0.0101854920208737,25,0,0,0,5,0.211303656193828,9794.67391513464,9908.71497316086,9994.23851175688
765.5,25.5028373568518,25.2286188373069,25.0369522159725,0.0666111830766133,2.05931954475561,2.10729385742557,2.14269996698632,0.214477848457705,0,25.0246227192258,2.70815994711442,-0.0101854920208737,25,0,0,0,5,0.210251538263022,9794.42480861779,9909.00704748512,9994.42571645607
766,25.5028373568518,25.2286188373069,25.0369522159725,0.0660375056451335,2.05921527561462,2.1074090265742,2.14277588453317,0.214750894273777,0,25.0243652411928,2.70636720514104,-0.00974609647713436,25,0,0,0,5,0.208440782818299,9794.17720773324,9909.2837145406,9994.60965810985
766.5,25.5028373568518,25.2286188373069,25.0369522159725,0.0654368660647319,2.05911163591596,2.10751816363591,2.14285048170718,0.214750894273777,0,25.0241184923534,2.70449020645229,-0.00974609647713436,25,0,0,0,5,0.20654492404672,9793.9311076811,9909.54589800819,9994.790403911
767,25.5028373568518,25.2286188373069,25.0369522159725,0.0649860056618033,2.05900862102088,2.10762163030156,2.14292378571756,0.214750894273777,0,25.0238820748501,2.70308126769314,-0.00974609647713436,25,0,0,0,5,0.205121828270916,9793.686497335,9909.79446567781,9994.96801961465
767.5,25.5028373568518,25.2286188373069,25.0369522159725,0.0648288874402056,2.05890622402627,2.10771976634422,2.14299582318981,0.214750894273777,0,25.0236556049662,2.70259027325064,-0.00974609647713436,25,0,0,0,5,0.204625900316265,9793.44336019378,9910.03023282746,9995.14256956917
768,25.5028373568518,25.2286188373069,25.0369522159725,0.0650771369397187,2.05880443668851,2.10781289094808,2.14306662017819,0.214960281998572,0,25.023438712632,2.70336605293662,-0.00937548505280859,25,0,0,0,0,0.205409475036528,9793.20167657572,9910.25396539845,9995.31411674618
768.5,25.5028373568518,25.2286188373069,25.0369522159725,0.0656475361147486,2.05870325053285,2.10790130395688,2.14313620217821,0.214960281998572,0,25.0232310409478,2.70514855035859,-0.00937548505280859,25,0,0,0,0,0.207209882992592,9792.9614262528,9910.46638297952,9995.48272277038
769,25.5028373568518,25.2286188373069,25.0369522159725,0.0662881504878231,2.05860265889239,2.10798528704677,2.14320459413872,0.214960281998572,0,25.0230322457234,2.70715047027445,-0.00937548505280859,25,0,0,0,0,0.209231918199765,9792.72259329201,9910.66816161103,9995.64844794865
769.5,25.5028373568518,25.2286188373069,25.0369522159725,0.0667843778808987,2.05850265875734,2.10806510482783,2.14327182047363,0.214960281998572,0,25.0228419950337,2.70870118087781,-0.00937548505280859,25,0,0,0,0,0.210798210343269,9792.48517044506,9910.85993641945,9995.81135129813
770,25.5028373568518,25.2286188373069,25.0369522159725,0.0669606138065286,2.05840324986536,2.10814100587901,2.1433379050736,0.21511496640727,0,25.0226599687899,2.7092519181454,-0.00906398751594395,25,0,0,0,0,0.211354481418927,9792.24915698785,9911.04230409341,9995.97149057419
770.5,25.5028373568518,25.2286188373069,25.0369522159725,0.0667045990214595,2.05830443362798,2.10821322372038,2.14340287131733,0.21511496640727,0,25.0224858583253,2.70845187194206,-0.00906398751594395,25,0,0,0,5,0.210546396351335,9792.01455617085,9911.21582521004,9996.12892229768
771,25.5028373568518,25.2286188373069,25.0369522159725,0.0661606719528723,2.05820621172636,2.10828197772618,2.14346674208266,0.21511496640727,0,25.0223193659957,2.70675209985273,-0.00906398751594395,25,0,0,0,5,0.208829544952046,9791.7813718849,9911.38102642054,9996.28370178144
771.5,25.5028373568518,25.2286188373069,25.0369522159725,0.065550172900452,2.05810858308219,2.10834747398267,2.14352953975731,0.21511496640727,0,25.0221602047933,2.70484429031391,-0.00906398751594395,25,0,0,0,5,0.206902565742987,9791.5496014702,9911.53840250391,9996.43588315617
772,25.5028373568518,25.2286188373069,25.0095900283968,0.0650568408372314,2.05801154377446,2.10840990609388,2.14359128624958,0.215222686336688,0,25.0220080979744,2.70330262761635,-0.00880323918975563,25,0,0,0,5,0.205345412418637,9791.31923551945,9911.68841829638,9996.58551939604
772.5,25.5028373568518,25.2286188373069,25.0095900283968,0.064830918175188,2.05791508754374,2.10846945593854,2.14365200299864,0.215222686336688,0,25.0218627787,2.70259661929746,-0.00880323918975563,25,0,0,0,5,0.204632310128163,9791.09025907569,9911.83151050437,9996.73266234354
773,25.5028373568518,25.2286188373069,25.0095900283968,0.0649933901175314,2.05781920644257,2.10852629438102,2.14371171098469,0.215222686336688,0,25.0217239896886,2.70310434411729,-0.00880323918975563,25,0,0,0,0,0.205145136566976,9790.86265317696,9911.96808940758,9996.8773627337
773.5,25.5028373568518,25.2286188373069,25.0095900283968,0.0655202341918604,2.05772389235309,2.10858058193924,2.1437704307388,0.215222686336688,0,25.0215914828813,2.70475073184956,-0.00880323918975563,25,0,0,0,0,0.206808067203188,9790.63639845906,9912.09854045916,9997.01967021792
774,25.5028373568518,25.2286188373069,25.0095900283968,0.0661653008618899,2.05762913803169,2.10863246941224,2.14382818235278,0.215290127074041,0,25.0214650191182,2.70676656519341,-0.0085860076472656,25,0,0,0,0,0.208844155640469,9790.41147763532,9912.2232257898,9997.15963338756
774.5,25.5028373568518,25.2286188373069,25.0095900283968,0.066705639370861,2.05753494007515,2.10868209846949,2.14388498548855,0.215290127074041,0,25.0213443678266,2.70845512303394,-0.0085860076472656,25,0,0,0,0,0.210549680110186,9790.18788253695,9912.34248562007,9997.29729979647
775,25.5028373568518,25.2286188373069,25.0095900283968,0.066958190781481,2.0574412979188,2.10872960220456,2.14394085938749,0.215290127074041,0,25.0212293067198,2.70924434619213,-0.0085860076472656,25,0,0,0,0,0.211346833382667,9789.96561173393,9912.4566395876,9997.43271598358
775.5,25.5028373568518,25.2286188373069,25.0095900283968,0.066786637199033,2.05734821299418,2.10877510565523,2.14399582287961,0.215290127074041,0,25.0211196215059,2.70870824124698,-0.0085860076472656,25,0,0,0,5,0.210805341655028,9789.74466853504,9912.56598799414,9997.5659274948
776,25.5028373568518,25.2286188373069,25.0095900283968,0.0662812950959052,2.05725568732335,2.10881872629211,2.1440498943923,0.215323061240298,0,25.0210151056072,2.7071290471747,-0.00840604224287773,25,0,0,0,5,0.209210279840715,9789.5250576508,9912.67081297705,9997.69697890417
776.5,25.5028373568518,25.2286188373069,25.0095900283968,0.0656682733096797,2.05716372070983,2.10886057447746,2.14410309195919,0.215323061240298,0,25.0209155598896,2.70521335409275,-0.00840604224287773,25,0,0,0,5,0.207275337874673,9789.30677852638,9912.77137960961,9997.82591383505
777,25.5028373568518,25.2286188373069,25.0095900283968,0.0651384686788764,2.05707230995456,2.10890075389621,2.14415543322855,0.215323061240298,0,25.0208207924008,2.70355771462149,-0.00840604224287773,25,0,0,0,5,0.205603062538005,9789.08982348116,9912.86793693483,9997.95277498052
777.5,25.5028373568518,25.2286188373069,25.0095900283968,0.0648485356231981,2.05698144944238,2.10893936196088,2.14420693547165,0.215323061240298,0,25.0207306181178,2.70265167382249,-0.00840604224287773,25,0,0,0,5,0.204687917841063,9788.87417910163,9912.96071893664,9998.07760412328
778,25.5028373568518,25.2286188373069,25.0095900283968,0.0649249220914406,2.05689113157202,2.10897649019197,2.14425761559088,0.215326471002925,0,25.0206448587034,2.70289038153575,-0.008257943481361,25,0,0,0,0,0.204929024089423,9788.65982726226,9913.04994545238,9998.20044215531
778.5,25.5028373568518,25.2286188373069,25.0095900283968,0.0653975180386217,2.0568013486686,2.10901222457496,2.1443074901277,0.215326471002925,0,25.0205633422709,2.70436724387069,-0.008257943481361,25,0,0,0,0,0.206420725937106,9788.446749665,9913.1358230294,9998.32132909698
779,25.5028373568518,25.2286188373069,25.0095900283968,0.0660381347915825,2.05671209295304,2.10904664589641,2.14435657527048,0.215326471002925,0,25.0204859031573,2.7063691712237,-0.008257943481361,25,0,0,0,0,0.208442768656151,9788.23492776655,9913.2185457313,9998.44030411594
779.5,25.5028373568518,25.2286188373069,25.0095900283968,0.0666152753519357,2.0566233605957,2.10907983005895,2.14440488686216,0.215326471002925,0,25.020412381704,2.7081727354748,-0.008257943481361,25,0,0,0,0,0.21026445512085,9788.02435239813,9913.2982958939,9998.55740554546
780,25.5028373568518,25.2286188373069,25.0095900283968,0.0669382600845535,2.05653515070065,2.10911184837753,2.14445244040761,0.215304654080086,0,25.0203426240453,2.70918206276423,-0.00813704961811368,25,0,0,0,0,0.211283924130885,9787.81502135423,9913.37524483616,9998.6726709023
780.5,25.5028373568518,25.2286188373069,25.0095900283968,0.0668553349070854,2.05644746462342,2.10914276785772,2.14449925108112,0.215304654080086,0,25.0202764819045,2.70892292158464,-0.00813704961811368,25,0,0,0,5,0.211022179100724,9787.60693777273,9913.44955352795,9998.78613690462
781,25.5028373568518,25.2286188373069,25.0095900283968,0.0663977335923178,2.05636030459971,2.10917265145701,2.14454533373342,0.215304654080086,0,25.0202138123968,2.70749291747599,-0.00813704961811368,25,0,0,0,5,0.209577806310792,9787.4001068803,9913.52137321739,9998.89783948893
781.5,25.5028373568518,25.2286188373069,25.0095900283968,0.0657898116897331,2.05627367129214,2.10920155833029,2.14459070289872,0.215304654080086,0,25.020154477839,2.70559316153042,-0.00813704961811368,25,0,0,0,5,0.207658961617474,9787.19453017088,9913.59084601993,9999.00781382706
782,25.5028373568518,25.2286188373069,25.0095900283968,0.0652297896184471,2.05618756222922,2.10922954406038,2.1446353728015,0.215261315676088,0,25.0200983455661,2.70384309255765,-0.0080393382264262,25,0,0,0,5,0.205891307951667,9786.99020170186,9913.6581054717,9999.11609434254
782.5,25.5028373568518,25.2286188373069,25.0095900283968,0.0648808719338953,2.05610197244215,2.1092566608746,2.14467935736325,0.215261315676088,0,25.0200452877541,2.70275272479342,-0.0080393382264262,25,0,0,0,5,0.204789984172147,9786.78710960594,9913.72327704959,9999.22271472678
783,25.5028373568518,25.2286188373069,25.0095900283968,0.06487483863091,2.05601689482906,2.10928295784827,2.144722670209,0.215261315676088,0,25.0199951812492,2.70273387072159,-0.0080393382264262,25,0,0,0,5,0.204770940654604,9786.5852369559,9913.78647865954,9999.32770795475
783.5,25.5028373568518,25.2286188373069,25.0095900283968,0.0652813761207686,2.05593232188412,2.10930848109556,2.14476532467364,0.215261315676088,0,25.0199479074026,2.7040043003774,-0.0080393382264262,25,0,0,0,0,0.206054135587594,9786.38456586791,9913.84782109495,9999.43110630037
784,25.5028373568518,25.2286188373069,25.0095900283968,0.0659082993833587,2.05584824571563,2.10933327394933,2.14480733380824,0.215199648203878,0,25.0199033519113,2.705963435573,-0.00796134076450414,25,0,0,0,0,0.208032956173633,9786.18507754445,9913.90740846834,9999.53294135166
784.5,25.5028373568518,25.2286188373069,25.0095900283968,0.0665146286206718,2.05576466191877,2.10935737712968,2.14484871038621,0.215199648203878,0,25.0198614046643,2.7078582144396,-0.00796134076450414,25,0,0,0,0,0.209946773778288,9785.98676146304,9913.96533861614,9999.63324402552
785,25.5028373568518,25.2012236795485,25.0095900283968,0.0669018909296443,2.05568156923735,2.10938082890234,2.14488946690929,0.215199648203878,0,25.0198219595945,2.70906840915514,-0.00796134076450414,25,0,0,0,0,0.211169128530329,9785.7896145729,9914.02170347894,9999.73204458226
785.5,25.5302863555762,25.2012236795485,25.0095900283968,0.0669086604588819,2.05559896888032,2.10940366522753,2.14492961561341,0.215199648203878,0,25.0190378485833,2.70908956393401,-0.00796134076450414,25,0,0,0,5,0.211190495872415,9785.59363967253,9914.07658945902,9999.82937263971
786,25.5302863555762,25.2012236795485,25.0095900283968,0.0665082847306026,2.05551686315818,2.10942591989995,2.14496916847447,0.215709530381559,0,25.0182823461507,2.70783838978313,-0.00731293846028933,25,0,0,0,5,0.209926749923674,9785.39884217403,9914.13007775649,9999.92525718713
786.5,25.5302863555762,25.2012236795485,25.0095900283968,0.0659133778279596,2.05543525355117,2.10944762467977,2.14500813721392,0.215709530381559,0,25.0175549671507,2.70597930571237,-0.00731293846028933,25,0,0,0,5,0.208048985776172,9785.20522551979,9914.18224468381,10000.0197265987
787,25.5302863555762,25.2012236795485,25.0095900283968,0.0653296549980615,2.05535413832239,2.10946880941617,2.14504653330431,0.215709530381559,0,25.0168547116771,2.70415517186894,-0.00731293846028933,25,0,0,0,5,0.206206523035881,9785.01278551994,9914.23316196262,10000.1128086467
787.5,25.5302863555762,25.2012236795485,25.0095900283968,0.0649270145982229,2.05527351315296,2.10948950216313,2.1450843679746,0.215709530381559,0,25.0161806147235,2.70289692061945,-0.00731293846028933,25,0,0,0,5,0.204935628877831,9784.82151186001,9914.28289700161,10000.2045305149
788,25.5302863555762,25.2012236795485,25.0095900283968,0.0648432673475389,2.0551933715243,2.10950972928812,2.14512165221537,0.216680113396791,0,25.0155317449738,2.70263521046106,-0.00621269798953676,25,0,0,0,5,0.204671289055772,9784.63138900831,9914.33151315781,10000.2949188103
788.5,25.5302863555762,25.2012236795485,25.0095900283968,0.0651738701619507,2.05511370599105,2.10952951557434,2.14515839678403,0.216680113396791,0,25.0149072036362,2.7036683442561,-0.00621269798953676,25,0,0,0,0,0.205714803779181,9784.44239923627,9914.37906998201,10000.3839995764
789,25.5302863555762,25.2012236795485,25.0095900283968,0.0657775068699432,2.05503450881892,2.10954888431672,2.14519461220984,0.216680113396791,0,25.0143061233159,2.70555470896857,-0.00621269798953676,25,0,0,0,0,0.207620122684289,9784.25452413152,9914.42562344935,10000.4717983048
789.5,25.5302863555762,25.2012236795485,25.0095900283968,0.0664051001737671,2.05495577494502,2.10956785741233,2.14523030879883,0.216680113396791,0,25.0137276669274,2.70751593804302,-0.00621269798953676,25,0,0,0,0,0.209601058188479,9784.06775162063,9914.4712261765,10000.5583399475
790,25.5302863555762,25.2012236795485,25.0095900283968,0.066850205075495,2.05487750272387,2.10958645544487,2.14526549663859,0.217509907310244,0,25.0131710266446,2.70890689086092,-0.00526841065783827,25,0,0,0,0,0.211005987300292,9783.88207773792,9914.51592762464,10000.6436489283
790.5,25.5302863555762,25.2012236795485,25.0095900283968,0.0669445115301706,2.05479969316417,2.1096046977645,2.1453001856031,0.217509907310244,0,25.0126354228867,2.70920159853178,-0.00526841065783827,25,0,0,0,5,0.21130365619383,9783.69750481436,9914.55977429115,10000.7277491542
791,25.5302863555762,25.2012236795485,25.0095900283968,0.0666111830766133,2.05472234851872,2.10962260256262,2.14533438535724,0.217509907310244,0,25.0121201033392,2.70815994711442,-0.00526841065783827,25,0,0,0,5,0.210251538263022,9783.51403813218,9914.60280988933,10000.8106640265
791.5,25.5302863555762,25.2012236795485,25.0095900283968,0.0660375056451335,2.05464547101532,2.10964018694199,2.14536810536135,0.217509907310244,0,25.0116243420089,2.70636720514104,-0.00526841065783827,25,0,0,0,5,0.208440782818299,9783.33168291425,9914.64507551675,10000.8924164522
792,25.5302863555762,25.2012236795485,25.0095900283968,0.0654368660647319,2.05456905966015,2.10965746698281,2.14540135487566,0.218218238984889,0,25.011147438311,2.70449020645229,-0.00445897532439261,25,0,0,0,5,0.20654492404672,9783.15043674189,9914.68660981403,10000.9730288537
792.5,25.5302863555762,25.2012236795485,25.0095900283968,0.0649860056618033,2.05449311078903,2.10967445780456,2.14543414296455,0.218218238984889,0,25.0106887161888,2.70308126769314,-0.00445897532439261,25,0,0,0,5,0.205121828270916,9782.97029086316,9914.72744911342,10001.0525231802
793,25.5302863555762,25.2012236795485,25.0095900283968,0.0648288874402115,2.05441761846799,2.10969117362424,2.14546647850084,0.218218238984889,0,25.0102475232625,2.70259027325066,-0.00445897532439261,25,0,0,0,5,0.204625900316284,9782.79123114333,9914.7676275787,10001.1309209172
793.5,25.5302863555762,25.2012236795485,25.0095900283968,0.065077136939987,2.05434257541698,2.10970762781094,2.14549837016975,0.218218238984889,0,25.0098232300085,2.70336605293746,-0.00445897532439261,25,0,0,0,0,0.205409475037375,9782.61324025654,9914.80717733625,10001.2082430966
794,25.5302863555762,25.2012236795485,25.0095900283968,0.0656475361147486,2.05426797411904,2.10972383293715,2.14552982647314,0.218821839843315,0,25.0094152289661,2.70514855035859,-0.00376609158645351,25,0,0,0,0,0.207209882992592,9782.43630031652,9914.84612859837,10001.2845103067
794.5,25.5302863555762,25.2012236795485,25.0095900283968,0.0662881504878231,2.05419380885911,2.10973980082726,2.14556085573336,0.218821839843315,0,25.0090229339725,2.70715047027445,-0.00376609158645351,25,0,0,0,0,0.209231918199765,9782.26039771231,9914.88450977977,10001.3597427014
795,25.5302863555762,25.2012236795485,25.0095900283968,0.0667843778808987,2.0541200775729,2.10975554260273,2.14559146609714,0.218821839843315,0,25.0086457794236,2.70870118087781,-0.00376609158645351,25,0,0,0,0,0.210798210343269,9782.08552749275,9914.92234760605,10001.4339600099
795.5,25.5302863555762,25.2012236795485,25.0095900283968,0.0669606138065286,2.05404678093759,2.10977106872468,2.14562166553942,0.218821839843315,0,25.0082832195603,2.7092519181454,-0.00376609158645351,25,0,0,0,0,0.211354481418927,9781.91169120924,9914.9596672161,10001.5071815456
796,25.5302863555762,25.2012236795485,25.0095900283968,0.0667045990224592,2.05397392129832,2.10978638903407,2.14565146186702,0.219335190516119,0,25.0079347277802,2.70845187194519,-0.00317389111208968,25,0,0,0,5,0.21054639635449,9781.7388943691,9914.99649225865,10001.5794262153
796.5,25.5302863555762,25.2012236795485,25.0095900283968,0.0661606719525481,2.05390150126424,2.10980151278916,2.14568086272236,0.219335190516119,0,25.0075997959723,2.70675209985171,-0.00317389111208968,25,0,0,0,5,0.208829544951023,9781.56714310576,9915.03284498211,10001.650712528
797,25.5302863555762,25.2012236795485,25.0095900283968,0.0655501729005007,2.05382952068001,2.10981644870077,2.14570987558688,0.219335190516119,0,25.0072779338747,2.70484429031406,-0.00317389111208968,25,0,0,0,5,0.206902565743141,9781.39643699639,9915.06874631954,10001.721058603
797.5,25.5302863555762,25.2012236795485,25.0095900283968,0.0650568408372312,2.05375797654237,2.10983120496549,2.14573850778454,0.219335190516119,0,25.0069686684554,2.70330262761635,-0.00317389111208968,25,0,0,0,5,0.205345412418637,9781.22676886479,9915.1042159682,10001.7904821789
798,25.5302863555762,25.2012236795485,25.0095900283968,0.0648309181751881,2.05368686350457,2.10984578929665,2.14576676648531,0.219770820003191,0,25.0066715433131,2.70259661929746,-0.00266861732522159,25,0,0,0,5,0.204632310128164,9781.05812597801,9915.13927246414,10001.8590006213
798.5,25.5302863555762,25.2012236795485,25.0095900283968,0.0649933901175312,2.05361617452664,2.10986020895365,2.14579465870831,0.219770820003191,0,25.0063861181,2.70310434411729,-0.00266861732522159,25,0,0,0,0,0.205145136566976,9780.89049158897,9915.17393325258,10001.9266309309
799,25.5302863555762,25.2012236795485,25.0095900283968,0.0655202341918603,2.05354590239276,2.10987447076923,2.1458221913251,0.219770820003191,0,25.0061119679638,2.70475073184956,-0.00266861732522159,25,0,0,0,0,0.206808067203188,9780.72384853506,9915.20821475343,10001.9933897515
799.5,25.5302863555762,25.2012236795485,25.0095900283968,0.0661653008621386,2.05347604075582,2.10988858117561,2.14584937106295,0.219770820003191,0,25.0058486830094,2.70676656519418,-0.00266861732522159,25,0,0,0,0,0.208844155641254,9780.5581817151,9915.24213242415,10002.0592933774
800,25.5302863555762,25.2012236795485,25.0095900283968,0.0667056393715387,2.05340658710325,2.10990254622845,2.14587620450793,0.22013956533084,0,25.0055958677785,2.70845512303606,-0.00223834711140114,25,0,0,0,0,0.210549680112325,9780.39348512205,9915.27570081731,10002.1243577613
800.5,25.5302863555762,25.2012236795485,25.0095900283968,0.0669581907814886,2.05333754175521,2.10991637162982,2.14590269810786,0.22013956533084,0,25.0053531407484,2.70924434619215,-0.00223834711140114,25,0,0,0,0,0.211346833382691,9780.22975946674,9915.30893363577,10002.1885985213
801,25.5302863555762,25.2012236795485,25.0095900283968,0.066786637199033,2.0532689070226,2.10993006274969,2.14592885817543,0.22013956533084,0,25.0051201338468,2.70870824124698,-0.00223834711140114,25,0,0,0,5,0.210805341655028,9780.06701018061,9915.34184378425,10002.2520309486
801.5,25.5302863555762,25.2012236795485,25.0095900283968,0.0662812950959052,2.05320068580144,2.10994362464587,2.14595469089105,0.22013956533084,0,25.0048964919845,2.7071290471747,-0.00223834711140114,25,0,0,0,5,0.209210279840715,9779.90524408251,9915.37444341739,10002.314670014
802,25.5302863555762,25.2012236795485,25.0095900283968,0.0656682733096797,2.05313287876439,2.10995706208297,2.14598020230572,0.220450796901702,0,25.0046818726033,2.70521335409275,-0.00187274904131982,25,0,0,0,5,0.207275337874673,9779.74446271927,9915.40674398523,10002.3765303752
802.5,25.5302863555762,25.2012236795485,25.0095900283968,0.0651384686788764,2.05306548357666,2.10997037955015,2.14600539834377,0.220450796901702,0,25.0044759452404,2.70355771462149,-0.00187274904131982,25,0,0,0,5,0.205603062538005,9779.58466050688,9915.43875627582,10002.4376263831
803,25.5302863555762,25.2012236795485,25.0095900283968,0.0648485356232426,2.05299849548264,2.10998358127758,2.14603028480565,0.220450796901702,0,25.0042783911072,2.70265167382263,-0.00187274904131982,25,0,0,0,5,0.204687917841203,9779.42582612208,9915.47049045483,10002.4979720892
803.5,25.5302863555762,25.2012236795485,25.0095900283968,0.0649249220926005,2.05293190773566,2.10999667125226,2.14605486737045,0.220450796901702,0,25.0040889026831,2.70289038153938,-0.00187274904131982,25,0,0,0,0,0.204929024093084,9779.26794352178,9915.50195610353,10002.5575812507
804,25.5302863555762,25.2012236795485,25.0095900283968,0.0653975180386217,2.0528657135104,2.11000965323232,2.14607915159863,0.220712614053269,0,25.003907183323,2.70436724387069,-0.00156287332918481,25,0,0,0,0,0.206420725937106,9779.11099647769,9915.53316225328,10002.6164673379
804.5,25.5302863555762,25.2012236795485,25.0095900283968,0.0660381347915825,2.05279990587225,2.11002253076135,2.14610314293456,0.220712614053269,0,25.0037329468787,2.7063691712237,-0.00156287332918481,25,0,0,0,0,0.208442768656151,9778.9549685037,9915.56411741971,10002.6746435401
805,25.5302863555762,25.2012236795485,25.0095900283968,0.0666152753519357,2.05273448183043,2.11003530718103,2.14612684670899,0.220712614053269,0,25.0035659173335,2.7081727354748,-0.00156287332918481,25,0,0,0,0,0.21026445512085,9778.79985246546,9915.59482963331,10002.7321227713
805.5,25.5302863555762,25.2012236795485,25.0095900283968,0.0669382600845533,2.05266944132247,2.11004798564345,2.1461502681415,0.220712614053269,0,25.0034058284485,2.70918206276423,-0.00156287332918481,25,0,0,0,0,0.211283924130884,9778.64564817206,9915.62530646893,10002.7889176768
806,25.5302863555762,25.2012236795485,25.0095900283968,0.0668553349079619,2.0526047865321,2.11006056912264,2.14617341234295,0.220932014746296,0,25.0032524234225,2.70892292158738,-0.0013009693690023,25,0,0,0,5,0.211022179103491,9778.49236075811,9915.65555507348,10002.8450406381
806.5,25.5302863555762,25.2012236795485,25.0095900283968,0.0663977335923248,2.05254052051814,2.1100730604253,2.14619628431777,0.220932014746296,0,25.0031054545629,2.70749291747601,-0.0013009693690023,25,0,0,0,5,0.209577806310814,9778.33999743297,9915.68558219177,10002.9005037797
807,25.5302863555762,25.2012236795485,25.0095900283968,0.0657898116900447,2.05247664476167,2.11008546220092,2.1462188889663,0.220932014746296,0,25.0029646829678,2.70559316153139,-0.0013009693690023,25,0,0,0,5,0.207658961618457,9778.18856166525,9915.71539419076,10002.9553189735
807.5,25.5302863555762,25.2012236795485,25.0095900283968,0.0652297896184471,2.05241315760513,2.11009777695112,2.14624123108698,0.220932014746296,0,25.0028298782198,2.70384309255765,-0.0013009693690023,25,0,0,0,5,0.205891307951667,9778.03804948276,9915.74499708208,10003.0094978451
808,25.5302863555762,25.2012236795485,25.0095900283968,0.0648808719338953,2.05235005488921,2.11011000703869,2.14626331537855,0.221115042789961,0,25.0027008180897,2.70275272479342,-0.00108032723587286,25,0,0,0,5,0.204789984172147,9777.88845098293,9915.77439654371,10003.0630517784
808.5,25.5302863555762,25.2012236795485,25.0095900283968,0.06487483863091,2.05228733031689,2.11012215469589,2.14628514644221,0.221115042789961,0,25.002577288251,2.70273387072159,-0.00108032723587286,25,0,0,0,5,0.204770940654604,9777.73975119623,9915.80359793988,10003.1159919212
809,25.5302863555762,25.2012236795485,25.0095900283968,0.0652813761207686,2.05222497718249,2.110134222032,2.14630672878361,0.221115042789961,0,25.0024590820038,2.7040043003774,-0.00108032723587286,25,0,0,0,0,0.206054135587594,9777.59193418553,9915.83260633935,10003.1683291902
809.5,25.5302863555762,25.2012236795485,25.0095900283968,0.0659082993844649,2.05216298838965,2.11014621104119,2.14632806681501,0.221115042789961,0,25.002346000009,2.70596343557645,-0.00108032723587286,25,0,0,0,0,0.208032956177125,9777.44498308873,9915.86142653414,10003.2200742756
810,25.5302863555762,25.2012236795485,25.0095900283968,0.0665146286206729,2.05210136032372,2.11015812360914,2.1463491648572,0.221266915564598,0,25.0022378500306,2.7078582144396,-0.000895140012254103,25,0,0,0,0,0.209946773778292,9777.29888929854,9915.89006305564,10003.2712376464
810.5,25.5302863555762,25.2012236795485,25.0095900283968,0.0669018909297023,2.05204009251359,2.1101699615197,2.14637002714161,0.221266915564598,0,25.0021344466881,2.70906840915532,-0.000895140012254103,25,0,0,0,0,0.211169128530512,9777.15365166026,9915.91852019045,10003.321829555
811,25.5302863555762,25.2012236795485,25.0095900283968,0.0669086604588819,2.05197918694825,2.11018172646103,2.14639065781212,0.221266915564598,0,25.0020356112165,2.70908956393401,-0.000895140012254103,25,0,0,0,5,0.211190495872415,9777.00927485107,9915.94680199522,10003.3718600419
811.5,25.5302863555762,25.2012236795485,25.0095900283968,0.0665082847306026,2.05191864671343,2.11019342003151,2.14641106092695,0.221266915564598,0,25.0019411712353,2.70783838978313,-0.000895140012254103,25,0,0,0,5,0.209926749923674,9776.8657661479,9915.97491231082,10003.4213389402
812,25.5302863555762,25.2012236795485,25.0095900283968,0.0659133778279596,2.05185847406015,2.11020504374494,2.14643124046063,0.221392134811452,0,25.0018509605254,2.70597930571237,-0.000740384210146772,25,0,0,0,5,0.208048985776172,9776.72313084881,9916.00285477486,10003.4702758802
812.5,25.5302863555762,25.2012236795485,25.0095900283968,0.0653296549980615,2.05179866801807,2.1102165990357,2.14645120030563,0.221392134811452,0,25.0017648188131,2.70415517186894,-0.000740384210146772,25,0,0,0,5,0.206206523035881,9776.58136661603,9916.03063283404,10003.5186802936
813,25.5302863555762,25.2012236795485,25.0095900283968,0.0649270145985121,2.05173922503059,2.11022808726342,2.14647094427419,0.221392134811452,0,25.0016825915626,2.70289692062035,-0.000740384210146772,25,0,0,0,5,0.204935628878743,9776.44046498175,9916.05824975551,10003.5665614178
813.5,25.5302863555762,25.2012236795485,25.0095900283968,0.0648432673477232,2.05168013933716,2.11023950971759,2.14649047610006,0.221392134811452,0,25.0016041297747,2.70263521046164,-0.000740384210146772,25,0,0,0,5,0.204671289056354,9776.30041225478,9916.08570863772,10003.6139283
814,25.5302863555762,25.2012236795485,25.0095900283968,0.0651738701619507,2.05162140424601,2.11025086762139,2.14650979944006,0.221494582722585,0,25.0015292897935,2.7036683442561,-0.00061171591739253,25,0,0,0,0,0.205714803779181,9776.16119253774,9916.11301241989,10003.6607898012
814.5,25.5302863555762,25.2012236795485,25.0095900283968,0.0657775068699432,2.05156301277195,2.11026216213597,2.14652891787586,0.221494582722585,0,25.0014579331186,2.70555470896857,-0.00061171591739253,25,0,0,0,0,0.207620122684289,9776.02278923882,9916.14016389205,10003.7071546002
815,25.5302863555762,25.2012236795485,25.0095900283968,0.066405100173767,2.05150496059647,2.11027339436409,2.14654783491548,0.221494582722585,0,25.0013899262249,2.70751593804302,-0.00061171591739253,25,0,0,0,0,0.209601058188478,9775.88519208802,9916.16716570398,10003.7530311979
815.5,25.5302863555762,25.2012236795485,25.0095900283968,0.066850205075495,2.05144724681347,2.11028456535359,2.14656655399503,0.221494582722585,0,25.0013251403883,2.70890689086092,-0.00061171591739253,25,0,0,0,0,0.211005987300292,9775.74839890405,9916.19402037339,10003.7984279204
816,25.5302863555762,25.2012236795485,25.0095900283968,0.0669445115301706,2.05138987316636,2.11029567610072,2.14658507848008,0.221577605270454,0,25.0012634515169,2.70920159853178,-0.000505380606753647,25,0,0,0,5,0.21130365619383,9775.61241378578,9916.22073029409,10003.8433529234
816.5,25.5302863555762,25.2012236795485,25.0095900283968,0.0666111830766663,2.05133284263824,2.11030672755334,2.14660341166736,0.221577605270454,0,25.0012047399889,2.70815994711458,-0.000505380606753647,25,0,0,0,5,0.210251538263189,9775.47724377016,9916.24729774355,10003.8878141956
817,25.5302863555762,25.2012236795485,25.0095900283968,0.0660375056463992,2.05127615818268,2.11031772061374,2.14662155678613,0.221577605270454,0,25.0011488904955,2.706367205145,-0.000505380606753647,25,0,0,0,5,0.208440782822295,9775.34289582405,9916.27372488972,10003.9318195626
817.5,25.5302863555762,25.2012236795485,25.0095900283968,0.0654368660647319,2.05121981952776,2.11032865614126,2.14663951699961,0.221577605270454,0,25.00109579189,2.70449020645229,-0.000505380606753647,25,0,0,0,5,0.20654492404672,9775.20936926953,9916.30001379731,10003.9753766897
818,25.5302863555762,25.2012236795485,25.0095900283968,0.0649860056618033,2.05116382372728,2.11033953495499,2.14665729540644,0.221644084461332,0,25.0010453370408,2.70308126769314,-0.000418134816315785,25,0,0,0,5,0.205121828270916,9775.07665709076,9916.32616643435,10004.0184930859
818.5,25.5302863555762,25.2012236795485,25.0095900283968,0.0648288874402115,2.05110816556109,2.11035035783599,2.14667489504205,0.221644084461332,0,25.0009974226911,2.70259027325066,-0.000418134816315785,25,0,0,0,5,0.204625900316284,9774.94474688329,9916.3521846774,10004.0611761072
819,25.5302863555762,25.2012236795485,25.0095900283968,0.065077136939987,2.05105283845896,2.11036112552949,2.14669231887997,0.221644084461332,0,25.0009519493223,2.70336605293746,-0.000418134816315785,25,0,0,0,0,0.205409475037375,9774.81362304388,9916.37807031698,10004.1034329596
819.5,25.5302863555762,25.2012236795485,25.0095900283968,0.0656475361151961,2.05099783560945,2.11037183874702,2.14670956983313,0.221644084461332,0,25.0009088210228,2.70514855035999,-0.000418134816315785,25,0,0,0,0,0.207209882994005,9774.68326939866,9916.40382506257,10004.1452707021
820,25.5302863555762,25.2012236795485,25.0095900283968,0.0662881504878314,2.05094315199861,2.11038249816856,2.14672665075524,0.221696500975128,0,25.0008679453607,2.70715047027447,-0.000347178144298255,25,0,0,0,0,0.209231918199791,9774.55367403467,9916.42945054788,10004.1866962506
820.5,25.5302863555762,25.2012236795485,25.0095900283968,0.0667843778812595,2.05088878625871,2.11039310444427,2.146743564442,0.221696500975128,0,25.0008292332621,2.70870118087894,-0.000347178144298255,25,0,0,0,0,0.210798210344407,9774.42483368077,9916.45494833485,10004.2277163801
821,25.5302863555762,25.2012236795485,25.0095900283968,0.0669606138065285,2.05083473975896,2.11040365819631,2.14676031363237,0.221696500975128,0,25.0007925988918,2.7092519181454,-0.000347178144298255,25,0,0,0,0,0.211354481418927,9774.2967515523,9916.48031991826,10004.2683377285
821.5,25.5577403725541,25.2012236795485,25.0095900283968,0.0667045990224592,2.05078101553223,2.11041416002062,2.14677690100985,0.221696500975128,0,25.0007579595404,2.70845187194519,-0.000347178144298255,25,0,0,0,5,0.21054639635449,9774.16943480714,9916.50556672977,10004.3085667992
822,25.5577403725541,25.2012236795485,25.0095900283968,0.0661606719525481,2.05072761687134,2.1104246104884,2.14679332920358,0.221736775144905,0,25.0007257688074,2.70675209985171,-0.000290307522959665,25,0,0,0,5,0.208829544951023,9774.04289121897,9916.53069014166,10004.3484099639
822.5,25.5577403725541,25.2012236795485,25.0095900283968,0.0655501729005007,2.05067454430073,2.11043501014757,2.14680960078956,0.221736775144905,0,25.0006964488226,2.70484429031406,-0.000290307522959665,25,0,0,0,5,0.206902565743141,9773.91712200092,9916.55569147017,10004.3878734655
823,25.5577403725541,25.2012236795485,25.0095900283968,0.0650568408384443,2.0506217954933,2.11044535952405,2.14682571829175,0.221736775144905,0,25.0006698754838,2.70330262762014,-0.000290307522959665,25,0,0,0,5,0.205345412422466,9773.79212160896,9916.58057197879,10004.426963421
823.5,25.5577403725541,25.2012236795485,25.0095900283968,0.0648309181751888,2.05056936577463,2.11045565912312,2.14684168418318,0.221736775144905,0,25.0006459293008,2.70259661929747,-0.000290307522959665,25,0,0,0,5,0.204632310128166,9773.66787893699,9916.60533288128,10004.4656858238
824,25.5577403725541,25.2012236795485,25.0095900283968,0.0649933901175314,2.05051724877324,2.11046590943044,2.14685750088701,0.221762379000609,0,25.0006244952328,2.70310434411729,-0.000249798093129527,25,0,0,0,0,0.205145136566976,9773.54437885831,9916.62997534437,10004.5040465467
824.5,25.5577403725541,25.2012236795485,25.0095900283968,0.0655202341918603,2.05046543793779,2.11047611091323,2.14687317077757,0.221762379000609,0,25.0006054625314,2.70475073184956,-0.000249798093129527,25,0,0,0,0,0.206808067203188,9773.42160582087,9916.65450049036,10004.5420513442
825,25.5577403725541,25.2012236795485,25.0095900283968,0.0661653008621386,2.05041392758165,2.11048626402143,2.14688869618153,0.221762379000609,0,25.000588724589,2.70676656519418,-0.000249798093129527,25,0,0,0,0,0.208844155641254,9773.29954632263,9916.67890940011,10004.579705855
825.5,25.5577403725541,25.2012236795485,25.0095900283968,0.0667056393715387,2.05036271584833,2.11049636918863,2.14690407937873,0.221762379000609,0,25.0005741787927,2.70845512303606,-0.000249798093129527,25,0,0,0,0,0.210549680112325,9773.1781959381,9916.70320311517,10004.6170156047
826,25.5577403725541,25.2012236795485,25.0095900283968,0.0669581907814886,2.05031180370988,2.11050642683313,2.14691932260337,0.221773989167332,0,25.0005617263832,2.70924434619215,-0.000224690553285711,25,0,0,0,0,0.211346833382691,9773.0575569445,9916.72738264027,10004.6539860082
826.5,25.5577403725541,25.2012236795485,25.0095900283968,0.0667866371993685,2.05026119412492,2.11051643735874,2.1469344280449,0.221773989167332,0,25.000551272318,2.70870824124803,-0.000224690553285711,25,0,0,0,5,0.210805341656087,9772.93763632632,9916.75144894545,10004.690622372
827,25.5577403725541,25.2012236795485,25.0095900283968,0.066281295095461,2.05021089063338,2.11052640115586,2.14694939784898,0.221773989167332,0,25.0005427251402,2.70712904717332,-0.000224690553285711,25,0,0,0,5,0.209210279839313,9772.81844244519,9916.7754029684,10004.7269298966
827.5,25.5577403725541,25.2012236795485,25.0095900283968,0.0656682733096797,2.05016089454815,2.11053631860194,2.1469642341185,0.221773989167332,0,25.000535996851,2.70521335409275,-0.000224690553285711,25,0,0,0,5,0.207275337874673,9772.6999783857,9916.79924561576,10004.7629136785
828,25.5577403725541,25.2012236795485,25.0095900283968,0.0651384686788765,2.05011120417118,2.1105461900624,2.14697893891435,0.22177391975859,0,25.0005310027875,2.70355771462149,-0.000212401114991678,25,0,0,0,5,0.205603062538006,9772.58224009828,9916.82297776525,10004.7985787129
828.5,25.5577403725541,25.2012236795485,25.0095900283968,0.0648485356232426,2.05006181538009,2.11055601589124,2.14699351425638,0.22177391975859,0,25.0005276615038,2.70265167382263,-0.000212401114991678,25,0,0,0,5,0.204687917841203,9772.46521778942,9916.84660026713,10004.8339298952
829,25.5577403725541,25.2012236795485,25.0095900283968,0.0649249220926005,2.0500127220578,2.11056579643161,2.14700796212429,0.22177391975859,0,25.000525894657,2.70289038153938,-0.000212401114991678,25,0,0,0,0,0.204929024093084,9772.34889694015,9916.8701139456,10004.8689720239
829.5,25.5577403725541,25.2012236795485,25.0095900283968,0.0653975180386226,2.04996391800486,2.11057553201624,2.14702228445835,0.22177391975859,0,25.0005256268964,2.7043672438707,-0.000212401114991678,25,0,0,0,0,0.206420725937108,9772.2332628371,9916.89351959982,10004.9037098016
830,25.5577403725541,25.2012236795485,25.0095900283968,0.0660381347916453,2.0499153969088,2.11058522296839,2.14703648316041,0.221764151814796,0,25.0005267857575,2.70636917122389,-0.000210714303018733,25,0,0,0,0,0.208442768656349,9772.11830049996,9916.91681800622,10004.938147838
830.5,25.5577403725541,25.2012236795485,25.0095900283968,0.0666152753533015,2.0498671563968,2.11059486960217,2.14705056009465,0.221764151814796,0,25.0005293015586,2.70817273547907,-0.000210714303018733,25,0,0,0,0,0.210264455125161,9772.00400428348,9916.94000991916,10004.9722906514
831,25.5577403725541,25.2012236795485,25.0095900283968,0.0669382600845533,2.04981919702048,2.11060447222307,2.14706451708831,0.221764151814796,0,25.0005331073017,2.70918206276423,-0.000210714303018733,25,0,0,0,0,0.211283924130884,9771.89037547147,9916.96309607236,10005.0061426707
831.5,25.5577403725541,25.2012236795485,25.0095900283968,0.0668553349079619,2.04977152157365,2.11061403112858,2.14707835593266,0.221764151814796,0,25.0005381385767,2.70892292158738,-0.000210714303018733,25,0,0,0,5,0.211022179103491,9771.77742066014,9916.98607718031,10005.0397082377
832,25.5577403725541,25.2012236795485,25.0095900283968,0.0663977335923248,2.04972413372162,2.11062354660865,2.14709207838362,0.221746378708673,0,25.0005443334688,2.70749291747601,-0.000217733387509611,25,0,0,0,5,0.209577806310814,9771.66514851026,9917.00895393936,10005.0729916083
832.5,25.5577403725541,25.2012236795485,25.0095900283968,0.0657898116900447,2.04967703554842,2.11063301894599,2.14710568616262,0.221746378708673,0,25.000551632469,2.70559316153139,-0.000217733387509611,25,0,0,0,5,0.207658961618457,9771.55356393605,9917.03172702849,10005.1059969551
833,25.5577403725541,25.2012236795485,25.0095900283968,0.065229789618334,2.04963022599616,2.11064244841653,2.14711918095721,0.221746378708673,0,25.0005599783884,2.70384309255729,-0.000217733387509611,25,0,0,0,5,0.205891307951309,9771.44266440793,9917.05439711037,10005.1387283684
833.5,25.5577403725541,25.2012236795485,25.0095900283968,0.0648808719339051,2.04958370150186,2.11065183528978,2.14713256442189,0.221746378708673,0,25.0005693162742,2.70275272479345,-0.000217733387509611,25,0,0,0,5,0.204789984172178,9771.33244146177,9917.07696483221,10005.1711898586
834,25.5577403725541,25.2012236795485,25.0095900283968,0.06487483863091,2.04953745636151,2.11066117982905,2.14714583817874,0.221722045513161,0,25.00057959333,2.70273387072159,-0.000231837332010798,25,0,0,0,5,0.204770940654604,9771.22288156153,9917.09943082641,10005.2033853573
834.5,25.5577403725541,25.2012236795485,25.0095900283968,0.0652813761207686,2.04949148445892,2.11067048229167,2.14715900381802,0.221722045513161,0,25.0005907588381,2.7040043003774,-0.000231837332010798,25,0,0,0,0,0.206054135587594,9771.11397019552,9917.12179571092,10005.2353187192
835,25.5577403725541,25.2012236795485,25.0095900283968,0.0659082993844649,2.04944577928374,2.11067974292954,2.147172062899,0.221722045513161,0,25.0006027640844,2.70596343557645,-0.000231837332010798,25,0,0,0,0,0.208032956177125,9771.00569191902,9917.1440600907,10005.2669937238
835.5,25.5577403725541,25.2012236795485,25.0095900283968,0.0665146286206729,2.04940033780344,2.11068896198932,2.14718501695054,0.221722045513161,0,25.0006155622865,2.7078582144396,-0.000231837332010798,25,0,0,0,0,0.209946773778292,9770.89803952711,9917.16622455809,10005.298414077
836,25.5577403725541,25.2012236795485,25.0095900283968,0.0669018909297023,2.04935516012531,2.11069813971271,2.14719786747176,0.221692383126339,0,25.0006291085236,2.70906840915532,-0.000251643409458779,25,0,0,0,0,0.211169128530512,9770.79101325351,9917.18828969348,10005.3295834125
836.5,25.5577403725541,25.2012236795485,25.0095900283968,0.0669086604601986,2.04931024881308,2.11070727633675,2.14721061593263,0.221692383126339,0,25.0006433596698,2.70908956393812,-0.000251643409458779,25,0,0,0,5,0.211190495876571,9770.68461915131,9917.21025606618,10005.3605052935
837,25.5577403725541,25.2012236795485,25.0095900283968,0.066508284730604,2.04926560752363,2.11071637209424,2.14722326377473,0.221692383126339,0,25.0006582743282,2.70783838978314,-0.000251643409458779,25,0,0,0,5,0.209926749923678,9770.57886586309,9917.23212423516,10005.3911832142
837.5,25.5577403725541,25.2012236795485,25.0095900283968,0.0659133778279595,2.04922123907587,2.11072542721369,2.14723581241173,0.221692383126339,0,25.0006738127694,2.70597930571237,-0.000251643409458779,25,0,0,0,5,0.208048985776171,9770.47376004603,9917.25389474921,10005.4216206014
838,25.5577403725541,25.2012236795485,25.0095900283968,0.0653296549980615,2.04917714306422,2.11073444191975,2.14724826322997,0.221658437839267,0,25.00068993687,2.70415517186894,-0.000275974748018371,25,0,0,0,5,0.206206523035881,9770.36930071875,9917.27556814778,10005.4518208155
838.5,25.5577403725541,25.2012236795485,25.0095900283968,0.0649270145985121,2.04913331649375,2.11074341643324,2.14726061758915,0.221658437839267,0,25.0007066100548,2.70289692062035,-0.000275974748018371,25,0,0,0,5,0.204935628878743,9770.26548076617,9917.29714496118,10005.4817871524
839,25.5577403725541,25.2012236795485,25.0095900283968,0.0648432673477232,2.04908975416236,2.11075235097139,2.14727287682274,0.221658437839267,0,25.0007237972399,2.70263521046164,-0.000275974748018371,25,0,0,0,5,0.204671289056354,9770.16228784517,9917.318625711,10005.5115228445
839.5,25.5577403725541,25.2012236795485,25.0095900283968,0.0651738701619595,2.04904644993355,2.11076124574781,2.14728504223855,0.221658437839267,0,25.0007414647792,2.70366834425612,-0.000275974748018371,25,0,0,0,0,0.205714803779209,9770.05970739991,9917.34001091019,10005.5410310619
840,25.5577403725541,25.2012236795485,25.0095900283968,0.0657775068703313,2.04900339737408,2.11077010097282,2.14729711511939,0.22162109694969,0,25.000759580411,2.70555470896979,-0.000303832164382811,25,0,0,0,0,0.207620122685514,9769.95772417228,9917.36130106384,10005.5703149142
840.5,25.5577403725541,25.2012236795485,25.0095900283968,0.0664051001725649,2.04896059271379,2.11077891685363,2.14730909672346,0.22162109694969,0,25.0007781132079,2.70751593803927,-0.000303832164382811,25,0,0,0,0,0.209601058184684,9769.85632921319,9917.3824966695,10005.5993774513
841,25.5577403725541,25.2012236795485,25.0095900283968,0.066850205075495,2.04891803559143,2.11078769359445,2.14732098828494,0.22162109694969,0,25.0007970335278,2.70890689086092,-0.000303832164382811,25,0,0,0,0,0.211005987300292,9769.75552164883,9917.40359821754,10005.6282216649
841.5,25.5577403725541,25.2012236795485,25.0095900283968,0.0669445115301706,2.04887572829181,2.11079643139663,2.14733279101453,0.22162109694969,0,25.0008163129668,2.70920159853178,-0.000303832164382811,25,0,0,0,5,0.21130365619383,9769.65530687333,9917.42460619147,10005.6568504898
842,25.5577403725541,25.2012236795485,25.0095900283968,0.0666111830766663,2.04883367433596,2.11080513045905,2.14734450609996,0.221581110940406,0,25.0008359243135,2.70815994711458,-0.000334369725391071,25,0,0,0,5,0.210251538263189,9769.5556932089,9917.44552106885,10005.6852668051
842.5,25.5577403725541,25.2012236795485,25.0095900283968,0.0660375056463992,2.0487918772123,2.11081379097792,2.14735613470638,0.221581110940406,0,25.0008558415054,2.706367205145,-0.000334369725391071,25,0,0,0,5,0.208440782822295,9769.45668890038,9917.46634332084,10005.7134734352
843,25.5577403725541,25.2012236795485,25.0095900283968,0.0654368660647333,2.04875033718081,2.11082241314714,2.14736767797695,0.221581110940406,0,25.0008760395863,2.70449020645229,-0.000334369725391071,25,0,0,0,5,0.206544924046724,9769.35829454525,9917.48707341307,10005.7414731513
843.5,25.5577403725541,25.2012236795485,25.0095900283968,0.0649860056618779,2.04870905182426,2.11083099715825,2.14737913703323,0.221581110940406,0,25.0008964946655,2.70308126769337,-0.000334369725391071,25,0,0,0,5,0.205121828271151,9769.26050439976,9917.50771180542,10005.7692686722
844,25.5577403725541,25.2012236795485,25.0095900283968,0.0648288874402114,2.04866801644848,2.11083954320046,2.14739051297563,0.221539112675799,0,25.0009171838784,2.70259027325066,-0.000366873551358538,25,0,0,0,5,0.204625900316283,9769.16330732742,9917.5282589523,10005.7968626652
844.5,25.5577403725541,25.2012236795485,25.0095900283968,0.065077136939987,2.04862722500621,2.11084805146081,2.14740180688384,0.221539112675799,0,25.0009380853484,2.70336605293746,-0.000366873551358538,25,0,0,0,0,0.205409475037375,9769.06668898728,9917.54871530281,10005.8242577478
845,25.5577403725541,25.2012236795485,25.0095900283968,0.0656475361151961,2.04858667120591,2.1108565221241,2.14741301981727,0.221539112675799,0,25.0009591781503,2.70514855035999,-0.000366873551358538,25,0,0,0,0,0.207209882994005,9768.97063446049,9917.56908130073,10005.851456488
845.5,25.5577403725541,25.2012236795485,25.0095900283968,0.0662881504878314,2.04854635055024,2.11086495537325,2.1474241528155,0.221539112675799,0,25.0009804422748,2.70715047027447,-0.000366873551358538,25,0,0,0,0,0.209231918199791,9768.87513307855,9917.58935738526,10005.8784614059
846,25.5577403725541,25.2012236795485,25.0095900283968,0.0667843778812595,2.04850626218465,2.11087335138914,2.14743520689866,0.221495634010864,0,25.001001858594,2.70870118087894,-0.000400743437610629,25,0,0,0,0,0.210798210344407,9768.78018280139,9917.60954399079,10005.9052749745
846.5,25.5577403725541,25.2012236795485,25.0095900283968,0.0669606138057208,2.04846640798829,2.11088171035088,2.14744618306789,0.221495634010864,0,25.0010234088293,2.70925191814288,-0.000400743437610629,25,0,0,0,0,0.211354481416377,9768.68578806392,9917.62964154737,10005.9318996206
847,25.5577403725541,25.2012236795485,25.0095900283968,0.0667045990224712,2.04842679150081,2.11089003243595,2.14745708230576,0.221495634010864,0,25.0010450755187,2.70845187194522,-0.000400743437610629,25,0,0,0,5,0.210546396354528,9768.59195723379,9917.6496504812,10005.9583377262
847.5,25.5577403725541,25.2012236795485,25.0095900283968,0.066160671952548,2.04838741651869,2.11089831782016,2.14746790557661,0.221495634010864,0,25.0010668419866,2.70675209985171,-0.000400743437610629,25,0,0,0,5,0.208829544951023,9768.49869928666,9917.66957121446,10005.984591629
848,25.5577403725541,25.2012236795485,25.0095900283968,0.0655501729005009,2.04834828406733,2.11090656667772,2.14747865382699,0.221451120154057,0,25.0010886923143,2.70484429031407,-0.000435476925700584,25,0,0,0,5,0.206902565743141,9768.40601663498,9917.68940416547,10006.0106636235
848.5,25.5577403725541,25.2012236795485,25.0095900283968,0.0650568408384444,2.04830939231788,2.11091477918136,2.14748932798596,0.221451120154057,0,25.0011106113109,2.70330262762014,-0.000435476925700584,25,0,0,0,5,0.205345412422466,9768.31390493107,9917.70914974902,10006.036555962
849,25.5577403725541,25.2012236795485,25.0095900283968,0.0648309181751888,2.04827073709124,2.11092295550227,2.1474999289655,0.221451120154057,0,25.0011325844864,2.70259661929747,-0.000435476925700584,25,0,0,0,5,0.204632310128166,9768.2223542613,9917.72880837615,10006.0622708553
849.5,25.5577403725541,25.2012236795485,25.0095900283968,0.0649933901176,2.04823231250854,2.11093109581007,2.14751045766082,0.221451120154057,0,25.001154598025,2.7031043441175,-0.000435476925700584,25,0,0,0,0,0.205145136567193,9768.13135068687,9917.74838045419,10006.0878104736
850,25.5577403725541,25.2012236795485,25.0095900283968,0.0655202341932719,2.04819411250812,2.11093920027283,2.14752091495069,0.221405942082185,0,25.0011766387591,2.70475073185397,-0.000470655503630724,25,0,0,0,0,0.206808067207643,9768.04087983657,9917.76786638677,10006.113176947
850.5,25.5577403725541,25.2012236795485,25.0095900283968,0.0661653008621401,2.04815613188998,2.11094726905735,2.14753130169784,0.221405942082185,0,25.0011986941451,2.70676656519419,-0.000470655503630724,25,0,0,0,0,0.208844155641259,9767.95092938058,9917.78726657436,10006.1383723672
851,25.5577403725541,25.2012236795485,25.0095900283968,0.0667056393715389,2.04811836928107,2.11095530232902,2.14754161874929,0.221405942082185,0,25.0012207522392,2.70845512303606,-0.000470655503630724,25,0,0,0,0,0.210549680112325,9767.8614960529,9917.80658141415,10006.1633987874
851.5,25.5577403725541,25.2012236795485,25.0095900283968,0.0669581907814886,2.04808082613377,2.11096330025194,2.14755186693663,0.221405942082185,0,25.0012428016749,2.70924434619215,-0.000470655503630724,25,0,0,0,0,0.211346833382691,9767.77258327917,9917.82581130019,10006.1882582235
852,25.5577403725541,25.2012236795485,25.0095900283968,0.0667866371993685,2.04804350588408,2.11097126298907,2.14756204707644,0.221360407265735,0,25.0012648316401,2.70870824124803,-0.000505932656045616,25,0,0,0,5,0.210805341656087,9767.68419918262,9917.84495662382,10006.2129526553
852.5,25.5577403725541,25.2012236795485,25.0095900283968,0.066281295095461,2.04800641254629,2.11097919070225,2.14757215997059,0.221360407265735,0,25.0012868318566,2.70712904717332,-0.000505932656045616,25,0,0,0,5,0.209210279839313,9767.59635325587,9917.86401777368,10006.2374840265
853,25.5577403725541,25.2012236795485,25.0095900283968,0.0656682733096903,2.04796954790512,2.11098708355219,2.14758220640645,0.221360407265735,0,25.0013087925587,2.70521335409278,-0.000505932656045616,25,0,0,0,5,0.207275337874707,9767.50904971114,9917.88299513567,10006.261854246
853.5,25.5577403725541,25.2012236795485,25.0095900283968,0.0651384686793237,2.04793291073173,2.1109949416985,2.14759218715735,0.221360407265735,0,25.0013307044741,2.70355771462289,-0.000505932656045616,25,0,0,0,5,0.205603062539417,9767.42228562397,9917.90188909308,10006.2860651884
854,25.5577403725541,25.2012236795485,25.0095900283968,0.0648485356232429,2.04789649737029,2.11100276529969,2.14760210298267,0.221314768927982,0,25.0013525588041,2.70265167382263,-0.000541023521623174,25,0,0,0,5,0.204687917841204,9767.33605232254,9917.92070002656,10006.3101186948
854.5,25.5577403725541,25.2012236795485,25.0095900283968,0.0649249220926005,2.04786030216775,2.11101055451315,2.14761195462829,0.221314768927982,0,25.0013743472053,2.70289038153938,-0.000541023521623174,25,0,0,0,0,0.204929024093084,9767.25033640571,9917.93942831405,10006.3340165733
855,25.5577403725541,25.2012236795485,25.0095900283968,0.0653975180386226,2.04782431938576,2.11101830949499,2.14762174282669,0.221314768927982,0,25.0013960617723,2.7043672438707,-0.000541023521623174,25,0,0,0,0,0.206420725937108,9767.16512427089,9917.95807433045,10006.3577605996
855.5,25.5577403725541,25.2012236795485,25.0095900283968,0.0660381347916453,2.04778854317033,2.11102603040045,2.14763146829742,0.221314768927982,0,25.0014176950197,2.70636917122389,-0.000541023521623174,25,0,0,0,0,0.208442768656349,9767.08040204221,9917.97663844857,10006.3813525182
856,25.5577403725541,25.2012236795485,25.0095900283968,0.0666152753533015,2.04775297160407,2.11103371738364,2.14764113174723,0.22126923403539,0,25.0014392398662,2.70817273547907,-0.000575695946481858,25,0,0,0,0,0.210264455125161,9766.99616516653,9917.9951210385,10006.4047940424
856.5,25.5577403725541,25.2012236795485,25.0095900283968,0.0669382600845549,2.04771760569102,2.11104137059775,2.14765073387044,0.22126923403539,0,25.0014606896184,2.70918206276423,-0.000575695946481858,25,0,0,0,0,0.211283924130889,9766.91241600906,9918.01352246807,10006.4280868553
857,25.5577403725541,25.2012236795485,25.0095900283968,0.06685533490805,2.04768244867465,2.11104899019503,2.14766027534908,0.22126923403539,0,25.0014820379554,2.70892292158766,-0.000575695946481858,25,0,0,0,5,0.211022179103769,9766.82916223812,9918.03184310292,10006.4512326105
857.5,25.5577403725541,25.2012236795485,25.0095900283968,0.0663977335923248,2.0476475046671,2.11105657632691,2.14766975685338,0.22126923403539,0,25.001503278914,2.70749291747601,-0.000575695946481858,25,0,0,0,5,0.209577806310814,9766.74641357885,9918.05008330674,10006.4742329328
858,25.5577403725541,25.2012236795485,25.0095900283968,0.0657898116900451,2.04761277619675,2.11106412914396,2.14767917904176,0.221223970185861,0,25.0015244068747,2.70559316153139,-0.000609762749863307,25,0,0,0,5,0.207658961618458,9766.66417600578,9918.06824344106,10006.4970894183
858.5,25.5577403725541,25.2012236795485,25.0095900283968,0.065229789618334,2.04757826264763,2.11107164879592,2.14768854256122,0.221223970185861,0,25.0015454165472,2.70384309255729,-0.000609762749863307,25,0,0,0,5,0.205891307951309,9766.58244804755,9918.08632386555,10006.5198036356
859,25.5577403725541,25.2012236795485,25.0095900283968,0.0648808719339051,2.04754396089622,2.11107913543161,2.14769784804753,0.221223970185861,0,25.001566302958,2.70275272479345,-0.000609762749863307,25,0,0,0,5,0.204789984172178,9766.50122229515,9918.10432493756,10006.5423771261
859.5,25.5577403725541,25.2012236795485,25.0095900283968,0.0648748386313268,2.04750986567546,2.11108658919903,2.14770709612542,0.221223970185861,0,25.0015870614371,2.7027338707229,-0.000609762749863307,25,0,0,0,5,0.20477094065592,9766.42048626409,9918.1222470125,10006.5648114041
860,25.5577403725541,25.2012236795485,25.0095900283968,0.065281376119145,2.04747597130358,2.11109401024508,2.14771628740879,0.221179111544643,0,25.0016076876057,2.70400430037233,-0.000643075042296459,25,0,0,0,0,0.206054135582469,9766.34022648832,9918.1400904432,10006.5871079581
860.5,25.5577403725541,25.2012236795485,25.0095900283968,0.0659082993844793,2.04744227170205,2.11110139871597,2.14772542250105,0.221179111544643,0,25.0016281773646,2.7059634355765,-0.000643075042296459,25,0,0,0,0,0.20803295617717,9766.26042856288,9918.15785558076,10006.6092682508
861,25.5577403725541,25.2012236795485,25.0095900283968,0.0665146286206728,2.04740876426736,2.11110875475698,2.14773450199516,0.221179111544643,0,25.0016485268823,2.7078582144396,-0.000643075042296459,25,0,0,0,0,0.209946773778292,9766.18108631173,9918.1755427741,10006.6312937199
861.5,25.5577403725541,25.2012236795485,25.0095900283968,0.066901890929702,2.04737544953303,2.11111607851257,2.14774352647401,0.221179111544643,0,25.0016687325845,2.70906840915532,-0.000643075042296459,25,0,0,0,0,0.211169128530511,9766.10220098721,9918.19315237014,10006.6531857784
862,25.5577403725541,25.2012236795485,25.0095900283968,0.0669086604601986,2.0473423304863,2.11112337012652,2.14775249651057,0.22113476395316,0,25.0016887911431,2.70908956393812,-0.000675516457259562,25,0,0,0,5,0.211190495876571,9766.02377965174,9918.21068471417,10006.6749458153
862.5,25.5577403725541,25.2012236795485,25.0095900283968,0.0665082847306041,2.04730941120497,2.11113062974191,2.14776141266812,0.22113476395316,0,25.0017086994662,2.70783838978314,-0.000675516457259562,25,0,0,0,5,0.209926749923679,9765.94583194984,9918.22814014984,10006.6965751964
863,25.5577403725541,25.2012236795485,25.0095900283968,0.0659133778280405,2.04727669492642,2.11113785750107,2.14777027550041,0.22113476395316,0,25.0017284546878,2.70597930571263,-0.000675516457259562,25,0,0,0,5,0.208048985776427,9765.86836553583,9918.24551901895,10006.7180752639
863.5,25.5577403725541,25.2012236795485,25.0095900283968,0.0653296549995527,2.04724418166128,2.11114505354569,2.14777908555196,0.22113476395316,0,25.0017480541592,2.7041551718736,-0.000675516457259562,25,0,0,0,5,0.206206523040588,9765.79138042355,9918.26282166179,10006.7394473382
864,25.5577403725541,25.2012236795485,25.0095900283968,0.064927014598514,2.04721186882853,2.1111522180167,2.14778784335804,0.221091009324113,0,25.0017674954387,2.70289692062036,-0.000706998175468243,25,0,0,0,5,0.20493562887875,9765.7148704905,9918.28004841683,10006.7606927167
864.5,25.5577403725541,25.2012236795485,25.0095900283968,0.0648432673477232,2.04717975163762,2.1111593510543,2.14779654944509,0.221091009324113,0,25.0017867762838,2.70263521046164,-0.000706998175468243,25,0,0,0,5,0.204671289056354,9765.63882438277,9918.29719962078,10006.7818126759
865,25.5577403725541,25.2012236795485,25.0095900283968,0.0651738701619597,2.04714782436125,2.11116645279778,2.14780520433063,0.221091009324113,0,25.0018058946421,2.70366834425612,-0.000706998175468243,25,0,0,0,0,0.20571480377921,9765.56322852886,9918.31427560819,10006.8028084704
865.5,25.5577403725541,25.2012236795485,25.0095900283968,0.0657775068703313,2.0471160809729,2.11117352338577,2.14781380852367,0.221091009324113,0,25.0018248486434,2.70555470896979,-0.000706998175468243,25,0,0,0,0,0.207620122685514,9765.48806864937,9918.33127671198,10006.8236813341
866,25.5577403725541,25.2012236795485,25.0095900283968,0.0664051001725649,2.04708451810659,2.11118056295615,2.14782236252479,0.221047909417393,0,25.0018436365918,2.70751593803927,-0.00073745463670889,25,0,0,0,0,0.209601058184684,9765.41333676465,9918.34820326331,10006.8444324807
866.5,25.5577403725541,25.2012236795485,25.0095900283968,0.0668502050755079,2.04705313580259,2.11118757164604,2.14783086682626,0.221047909417393,0,25.0018622569579,2.70890689086096,-0.00073745463670889,25,0,0,0,0,0.211005987300333,9765.33903296034,9918.36505559149,10006.8650631036
867,25.5577403725541,25.2012236795485,25.0095900283968,0.0669445115306843,2.04702193674458,2.11119454959195,2.14783932191234,0.221047909417393,0,25.001880708372,2.70920159853339,-0.00073745463670889,25,0,0,0,5,0.211303656195452,9765.26516358092,9918.38183402441,10006.8855743769
867.5,25.5577403725541,25.2012236795485,25.0095900283968,0.0666111830766663,2.04699092485014,2.11120149692986,2.1478477282594,0.221047909417393,0,25.0018989896165,2.70815994711458,-0.00073745463670889,25,0,0,0,5,0.210251538263189,9765.19173789206,9918.39853888862,10006.9059674554
868,25.5577403725541,25.2012236795485,25.0095900283968,0.0660375056463991,2.04696010400182,2.11120841379504,2.14785608633611,0.22100550908101,0,25.0019170996196,2.706367205145,-0.000766839847825906,25,0,0,0,5,0.208440782822294,9765.11876507639,9918.41517050905,10006.9262434753
868.5,25.5577403725541,25.2012236795485,25.0095900283968,0.0654368660647333,2.04692947485159,2.1112153003222,2.14786439660347,0.22100550908101,0,25.0019350374484,2.70449020645229,-0.000766839847825906,25,0,0,0,5,0.206544924046724,9765.04624666747,9918.43172920919,10006.9464035544
869,25.5577403725541,25.2012236795485,25.0095900283968,0.0649860056618779,2.046899035372,2.11122215664543,2.14787265951514,0.22100550908101,0,25.0019528023031,2.70308126769337,-0.000766839847825906,25,0,0,0,5,0.205121828271151,9764.97417785514,9918.44821531116,10006.9664487925
869.5,25.5577403725541,25.2012236795485,25.0095900283968,0.0648288874416653,2.0468687812566,2.11122898289812,2.14788087551743,0.22100550908101,0,25.0019703935105,2.7025902732552,-0.000766839847825906,25,0,0,0,5,0.204625900320872,9764.90254843367,9918.46462913531,10006.9863802716
870,25.5577403725541,25.2012236795485,25.0095900283968,0.0650771369399888,2.04683870684352,2.11123577921294,2.14788904504953,0.220963839029793,0,25.0019878105187,2.70336605293747,-0.000795124207481024,25,0,0,0,0,0.205409475037381,9764.83134498864,9918.48097100028,10007.0061990564
870.5,25.5577403725541,25.2012236795485,25.0095900283968,0.0656475361153001,2.04680880622431,2.11124254572181,2.14789716854354,0.220963839029793,0,25.002005052891,2.70514855036031,-0.000795124207481024,25,0,0,0,0,0.207209882994333,9764.76055352229,9918.49724122293,10007.0259061946
871,25.5577403725541,25.2012236795485,25.0095900283968,0.0662881504878313,2.04677907528239,2.1112492825561,2.14790524642475,0.220963839029793,0,25.0020221203008,2.70715047027447,-0.000795124207481024,25,0,0,0,0,0.209231918199791,9764.69016427968,9918.51344011879,10007.0455027172
871.5,25.5577403725541,25.2012236795485,25.0095900283968,0.0667843778812595,2.04674951354143,2.11125598984643,2.14791327911171,0.220963839029793,0,25.0020390125265,2.70870118087894,-0.000795124207481024,25,0,0,0,0,0.210798210344407,9764.62017612447,9918.5295680016,10007.0649896389
872,25.5577403725541,25.2012236795485,25.0095900283968,0.0669606138057208,2.04672012325637,2.11126266772287,2.14792126701638,0.220922918223494,0,25.0020557294465,2.70925191814288,-0.000822291778602846,25,0,0,0,0,0.211354481416377,9764.55059438672,9918.54562518377,10007.0843679585
872.5,25.5577403725541,25.2012236795485,25.0095900283968,0.0667045990224715,2.04669090834035,2.111269316315,2.14792921054427,0.220922918223494,0,25.0020722710343,2.70845187194522,-0.000822291778602846,25,0,0,0,5,0.210546396354529,9764.48142832214,9918.56161197652,10007.1036386592
873,25.5577403725541,25.2012236795485,25.0095900283968,0.0661606719530276,2.04666187296105,2.11127593575177,2.14793711009467,0.220922918223494,0,25.0020886373539,2.70675209985321,-0.000822291778602846,25,0,0,0,5,0.208829544952536,9764.41268778885,9918.57752868958,10007.122802709
873.5,25.5577403725541,25.2012236795485,25.0095900283968,0.0655501728979813,2.0466330185131,2.11128252616166,2.14794496606062,0.220922918223494,0,25.0021048285556,2.70484429030619,-0.000822291778602846,25,0,0,0,5,0.206902565735188,9764.3443760797,9918.5933756316,10007.1418610607
874,25.5577403725541,25.2012236795485,25.0095900283968,0.0650568408384613,2.04660434353476,2.11128908767254,2.1479527788291,0.220882755901357,0,25.0021208448715,2.70330262762019,-0.000848337948588096,25,0,0,0,5,0.205345412422519,9764.27648972521,9918.60915310965,10007.1608146526
874.5,25.5577403725541,25.2012236795485,25.0095900283968,0.064830918175189,2.04657584421208,2.11129562041168,2.14796054878112,0.220882755901357,0,25.0021366866116,2.70259661929747,-0.000848337948588096,25,0,0,0,5,0.204632310128166,9764.20901968743,9918.62486142945,10007.1796644084
875,25.5577403725541,25.2012236795485,25.0095900283968,0.0649933901175999,2.0465475150292,2.11130212450572,2.14796827629189,0.220882755901357,0,25.0021523541597,2.7031043441175,-0.000848337948588096,25,0,0,0,0,0.205145136567192,9764.14195289955,9918.64050089521,10007.1984112377
875.5,25.5577403725541,25.2012236795485,25.0095900283968,0.0655202341932717,2.04651935028532,2.1113086000805,2.14797596173081,0.220882755901357,0,25.00216784797,2.70475073185397,-0.000848337948588096,25,0,0,0,0,0.206808067207643,9764.07527585742,9918.65607180918,10007.2170560362
876,25.5577403725541,25.2012236795485,25.0095900283968,0.0661653008621401,2.04649134513912,2.11131504726142,2.14798360546171,0.220843353317008,0,25.0021831685628,2.70676656519419,-0.000873267425109248,25,0,0,0,0,0.208844155641259,9764.00897709193,9918.67157447256,10007.2355996859
876.5,25.5577403725541,25.2012236795485,25.0095900283968,0.0667056393716345,2.04646349857385,2.11132146617319,2.1479912078429,0.220843353317008,0,25.0021983165216,2.70845512303636,-0.000873267425109248,25,0,0,0,0,0.210549680112627,9763.94305418843,9918.68700918492,10007.2540430556
877,25.5577403725541,25.2012236795485,25.0095900283968,0.0669581907830354,2.04643581239589,2.11132785693998,2.14799876922727,0.220843353317008,0,25.0022132924898,2.70924434619699,-0.000873267425109248,25,0,0,0,0,0.211346833387573,9763.87751141578,9918.70237624451,10007.2723870007
877.5,25.5577403725541,25.2012236795485,25.0095900283968,0.0667866371993685,2.04640829039303,2.11133421968544,2.14800628996256,0.220843353317008,0,25.0022280971668,2.70870824124803,-0.000873267425109248,25,0,0,0,5,0.210805341656087,9763.8123577333,9918.71767594834,10007.2906323644
878,25.5577403725541,25.2012236795485,25.0095900283968,0.066281295095461,2.04638093692925,2.11134055453278,2.14801377039124,0.220804705217432,0,25.0022427313057,2.70712904717332,-0.000897092522272658,25,0,0,0,5,0.209210279839313,9763.74760346419,9918.73290859238,10007.3087799769
878.5,25.5577403725541,25.2012236795485,25.0095900283968,0.0656682733096903,2.04635375413693,2.11134686160466,2.1480212108508,0.220804705217432,0,25.0022571957098,2.70521335409278,-0.000897092522272658,25,0,0,0,5,0.207275337874707,9763.68325364858,9918.74807447125,10007.3268306565
879,25.5577403725541,25.2012236795485,25.0095900283968,0.0651384686793237,2.04632674113307,2.11135314102323,2.14802861167373,0.220804705217432,0,25.0022714912302,2.70355771462289,-0.000897092522272658,25,0,0,0,5,0.205603062539417,9763.61930618825,9918.7631738784,10007.3447852093
879.5,25.5577403725541,25.2012236795485,25.0095900283968,0.0648485356211773,2.04629989460571,2.11135939291011,2.14803597318766,0.220804705217432,0,25.0022856187624,2.70265167381618,-0.000897092522272658,25,0,0,0,5,0.204687917834684,9763.55575323513,9918.77820710594,10007.3626444296
880,25.5577403725541,25.2012236795485,25.0095900283968,0.0649249220926158,2.04627320924375,2.11136561738628,2.14804329571542,0.220766801100837,0,25.0022995792445,2.70289038153942,-0.000919831697807183,25,0,0,0,0,0.204929024093133,9763.49258220893,9918.79317444452,10007.3804091001
880.5,25.5577403725541,25.2012236795485,25.0095900283968,0.0653975180392099,2.04624667964877,2.11137181457201,2.14805057957508,0.220766801100837,0,25.002313373654,2.70436724387253,-0.000919831697807183,25,0,0,0,0,0.206420725938962,9763.429780323,9918.80807618299,10007.3980799919
881,25.5577403725541,25.2012236795485,25.0095900283968,0.0660381347916452,2.04622030030461,2.11137798458713,2.14805782508019,0.220766801100837,0,25.0023270030058,2.70636917122389,-0.000919831697807183,25,0,0,0,0,0.208442768656349,9763.36733451238,9918.82291260921,10007.4156578653
881.5,25.5577403725541,25.2012236795485,25.0095900283968,0.0666152753533015,2.04619406962957,2.1113841275508,2.14806503253971,0.220766801100837,0,25.0023404683496,2.70817273547907,-0.000919831697807183,25,0,0,0,0,0.210264455125161,9763.30524102613,9918.83768400945,10007.4331434692
882,25.5577403725541,25.2012236795485,25.0095900283968,0.0669382600845549,2.04616798896114,2.1113902435817,2.14807220225823,0.220729626282548,0,25.0023537707679,2.70918206276423,-0.000941508307147387,25,0,0,0,0,0.211283924130889,9763.24350302369,9918.85239066879,10007.4505375422
882.5,25.5577403725541,25.2012236795485,25.0095900283968,0.06685533490805,2.04614206187418,2.11139633279799,2.14807933453596,0.220729626282548,0,25.0023669113736,2.70892292158766,-0.000941508307147387,25,0,0,0,5,0.211022179103769,9763.18212896071,9918.86703287106,10007.467840812
883,25.5577403725541,25.2012236795485,25.0095900283968,0.0663977335938475,2.04611629281019,2.11140239531742,2.148086429669,0.220729626282548,0,25.0023798913084,2.70749291748077,-0.000941508307147387,25,0,0,0,5,0.20957780631562,9763.12112934415,9918.88161089914,10007.4850539967
883.5,25.5577403725541,25.2012236795485,25.0095900283968,0.0657898116900472,2.04609068462502,2.11140843125726,2.1480934879492,0.220729626282548,0,25.0023927117402,2.7055931615314,-0.000941508307147387,25,0,0,0,5,0.207658961618465,9763.06051092726,9918.89612503473,10007.5021778037
884,25.5577403725541,25.2012236795485,25.0095900283968,0.0652297896184567,2.04606523702843,2.11141444073429,2.14810050966437,0.220693162798483,0,25.002405373862,2.70384309255768,-0.000962149544800184,25,0,0,0,5,0.205891307951697,9763.000273016,9918.91057555834,10007.5192129309
884.5,25.5577403725541,25.2012236795485,25.0095900283968,0.0648808719339053,2.04603994722075,2.11142042386478,2.14810749509833,0.220693162798483,0,25.0024178788893,2.70275272479345,-0.000962149544800184,25,0,0,0,5,0.204789984172179,9762.9404089763,9918.92496274929,10007.5361600663
885,25.5577403725541,25.2012236795485,25.0095900283968,0.0648748386313268,2.04601481025705,2.11142638076443,2.14811444453094,0.220693162798483,0,25.0024302280589,2.7027338707229,-0.000962149544800184,25,0,0,0,5,0.20477094065592,9762.88090709622,9918.93928688553,10007.5530198885
885.5,25.5577403725541,25.2012236795485,25.0095900283968,0.065281376119145,2.04598982077568,2.11143231154826,2.14812135823816,0.220693162798483,0,25.0024424226271,2.70400430037233,-0.000962149544800184,25,0,0,0,0,0.206054135582469,9762.8217546777,9918.95354824339,10007.5697930666
886,25.5577403725541,25.2012236795485,25.0095900283968,0.0659082993844791,2.04596497301641,2.11143821633082,2.1481282364922,0.220657390165826,0,25.0024544638681,2.7059634355765,-0.000981785547246261,25,0,0,0,0,0.20803295617717,9762.76293807962,9918.96774709801,10007.5864802604
886.5,25.5577403725541,25.2012236795485,25.0095900283968,0.0665146286212223,2.04594026469192,2.11144409522611,2.14813507956149,0.220657390165826,0,25.0024663530725,2.70785821444132,-0.000981785547246261,25,0,0,0,0,0.209946773780026,9762.7044518818,9918.98188372325,10007.6030821209
887,25.5577403725541,25.2012236795485,25.0095900283968,0.0669018909262896,2.0459156966499,2.11144994834755,2.14814188771091,0.220657390165826,0,25.0024780915458,2.70906840914465,-0.000981785547246261,25,0,0,0,0,0.21116912851974,9762.64629808483,9918.99595839163,10007.6195992901
887.5,25.5851994284537,25.2012236795485,25.0095900283968,0.0669086604601985,2.04589127218971,2.11145577580818,2.14814866120167,0.220657390165826,0,25.0024896806072,2.70908956393812,-0.000981785547246261,25,0,0,0,5,0.211190495876571,9762.58848449257,9919.00997137468,10007.6360324015
888,25.5851994284537,25.2012236795485,25.0095900283968,0.0665082847306041,2.04586699569942,2.11146157772058,2.14815540029163,0.220622072667396,0,25.00250165498,2.70783838978314,-0.00100066199199631,25,0,0,0,5,0.209926749923679,9762.53102148565,9919.02392294284,10007.6523820802
888.5,25.5851994284537,25.2012236795485,25.0095900283968,0.0659133778280405,2.04584287072481,2.1114673541969,2.14816210523516,0.220622072667396,0,25.0025145150137,2.70597930571263,-0.00100066199199631,25,0,0,0,5,0.208048985776427,9762.47391745087,9919.03781336557,10007.6686489428
889,25.5851994284537,25.2012236795485,25.0095900283968,0.0653296549995527,2.04581889758331,2.11147310534884,2.14816877628328,0.220622072667396,0,25.0025282119289,2.7041551718736,-0.00100066199199631,25,0,0,0,5,0.206206523040588,9762.41717313336,9919.05164291117,10007.6848335981
889.5,25.5851994284537,25.2012236795485,25.0095900283968,0.064927014598514,2.04579507399895,2.11147883128759,2.14817541368373,0.220622072667396,0,25.0025426988595,2.70289692062036,-0.00100066199199631,25,0,0,0,5,0.20493562887875,9762.36078313971,9919.06541184679,10007.7009366466
890,25.5851994284537,25.2012236795485,25.0095900283968,0.0648432673478362,2.04577139548457,2.11148453212388,2.14818201768099,0.220582824152814,0,25.0025579307855,2.70263521046199,-0.00102317231421409,25,0,0,0,5,0.20467128905671,9762.30473684295,9919.07912043844,10007.7169586811
890.5,25.5851994284537,25.2012236795485,25.0095900283968,0.0651738701635277,2.04574785661438,2.11149020796775,2.14818858851631,0.220582824152814,0,25.0025738644667,2.70366834426102,-0.00102317231421409,25,0,0,0,0,0.205714803784159,9762.2490213947,9919.09276895047,10007.7329002864
891,25.5851994284537,25.2012236795485,25.0095900283968,0.0657775068703312,2.04572445166174,2.11149585892875,2.14819512642781,0.220582824152814,0,25.0025904583794,2.70555470896978,-0.00102317231421409,25,0,0,0,0,0.207620122685513,9762.19362323472,9919.10635764607,10007.7487620401
891.5,25.5851994284537,25.2012236795485,25.0095900283968,0.0664051001725649,2.04570117755852,2.1115014851159,2.14820163165059,0.220582824152814,0,25.0026076726549,2.70751593803927,-0.00102317231421409,25,0,0,0,0,0.209601058184684,9762.1385350957,9919.1198867872,10007.7645445119
892,25.5851994284537,25.2012236795485,25.0095900283968,0.0668502050755079,2.04567803464091,2.11150708663779,2.14820810441665,0.220538722006779,0,25.0026254690207,2.70890689086096,-0.00105018760826141,25,0,0,0,0,0.211005987300333,9762.08375776819,9919.13335663466,10007.7802482645
892.5,25.5851994284537,25.2012236795485,25.0095900283968,0.0669445115306843,2.04565502588668,2.11151266360244,2.14821454495511,0.220538722006779,0,25.0026438107429,2.70920159853339,-0.00105018760826141,25,0,0,0,5,0.211303656195452,9762.02929829505,9919.14676744801,10007.7958738532
893,25.5851994284537,25.2012236795485,25.0095900283968,0.0666111830736925,2.04563215550562,2.11151821611762,2.14822095349222,0.220538722006779,0,25.0026626625714,2.70815994710529,-0.00105018760826141,25,0,0,0,5,0.210251538253803,9761.97516663514,9919.16011948616,10007.8114218268
893.5,25.5851994284537,25.2012236795485,25.0095900283968,0.0660375056464177,2.04560942767077,2.11152374429054,2.14822733025139,0.220538722006779,0,25.0026819906863,2.70636720514506,-0.00105018760826141,25,0,0,0,5,0.208440782822353,9761.92137266014,9919.17341300668,10007.8268927267
894,25.5851994284537,25.2012236795485,25.0095900283968,0.0654368660654018,2.04558684332306,2.11152924822812,2.14823367545323,0.220490704795594,0,25.0027017626465,2.70449020645438,-0.00108070505858393,25,0,0,0,5,0.206544924048834,9761.86791859153,9919.18664826645,10007.842287088
894.5,25.5851994284537,25.2012236795485,25.0095900283968,0.064986005661878,2.04556440072237,2.1115347280367,2.1482399893157,0.220490704795594,0,25.00272194734,2.70308126769337,-0.00108070505858393,25,0,0,0,5,0.205121828271152,9761.81480030523,9919.19982552093,10007.857605439
895,25.5851994284537,25.2012236795485,25.0095900283968,0.0648288874416654,2.04554209584796,2.11154018382228,2.14824627205398,0.220490704795594,0,25.002742514936,2.7025902732552,-0.00108070505858393,25,0,0,0,5,0.204625900320873,9761.76200827941,9919.2129450248,10007.8728483015
895.5,25.5851994284537,25.2012236795485,25.0095900283968,0.0650771369399888,2.04551992332204,2.11154561569014,2.14825252388064,0.220490704795594,0,25.0027634368386,2.70336605293747,-0.00108070505858393,25,0,0,0,0,0.205409475037381,9761.70952978059,9919.22600703101,10007.8880161908
896,25.5851994284537,25.2012236795485,25.0095900283968,0.0656475361153001,2.04549787751857,2.11155102374506,2.14825874500559,0.220439571048956,0,25.0027846856417,2.70514855036031,-0.00111387425667289,25,0,0,0,0,0.207209882994333,9761.65735148802,9919.23901179129,10007.9031096159
896.5,25.5851994284537,25.2012236795485,25.0095900283968,0.0662881504893937,2.04547595460159,2.11155640809144,2.14826493563626,0.220439571048956,0,25.0028062350863,2.70715047027936,-0.00111387425667289,25,0,0,0,0,0.209231918204722,9761.60546431802,9919.25195955647,10007.9181290796
897,25.5851994284537,25.2012236795485,25.0095900283968,0.0667843778812623,2.04545415437355,2.11156176883308,2.14827109597752,0.220439571048956,0,25.0028280600184,2.70870118087894,-0.00111387425667289,25,0,0,0,0,0.210798210344416,9761.55386779848,9919.26485057593,10007.9330750788
897.5,25.5851994284537,25.2012236795485,25.0095900283968,0.0669606138057208,2.04543247936641,2.1115671060734,2.14827722623179,0.220439571048956,0,25.0028501363491,2.70925191814288,-0.00111387425667289,25,0,0,0,0,0.211354481416377,9761.50256791736,9919.27768509813,10007.9479481042
898,25.5851994284537,25.2012236795485,25.0095900283968,0.0667045990224715,2.04541093376855,2.11157241991541,2.14828332659915,0.220385998424746,0,25.0028724410154,2.70845187194522,-0.00114897640614657,25,0,0,0,5,0.210546396354529,9761.45157458295,9919.29046337061,10007.9627486409
898.5,25.5851994284537,25.2012236795485,25.0095900283968,0.0661606719530276,2.04538952202135,2.11157771046177,2.14828939727734,0.220385998424746,0,25.0028949519428,2.70675209985321,-0.00114897640614657,25,0,0,0,5,0.208829544952536,9761.4008983021,9919.30318563996,10007.9774771683
899,25.5851994284537,25.2012236795485,25.0095900283968,0.0655501728979812,2.04536824579148,2.11158297781471,2.14829543846175,0.220385998424746,0,25.0029176480091,2.70484429030619,-0.00114897640614657,25,0,0,0,5,0.206902565735188,9761.35054301455,9919.31585215186,10007.9921341602
899.5,25.5851994284537,25.2012236795485,25.0095900283968,0.0650568408384613,2.04534710388788,2.11158822207607,2.14830145034554,0.220385998424746,0,25.0029405090097,2.70330262762019,-0.00114897640614657,25,0,0,0,5,0.205345412422519,9761.30050589644,9919.32846315096,10008.0067200848
900,25.5851994284537,25.2012236795485,25.0095900283968,0.0648309181758158,2.0453260927657,2.11159344334718,2.14830743311964,0.220330560347975,0,25.0029635156231,2.70259661929942,-0.00118540624922474,25,0,0,0,5,0.204632310130145,9761.25077855331,9919.34101888072,10008.0212354052
900.5,25.5851994284537,25.2012236795485,25.0095900283968,0.0649933901134465,2.04530520717668,2.11159864172892,2.14831338697271,0.220330560347975,0,25.0029866493791,2.70310434410452,-0.00118540624922474,25,0,0,0,0,0.205145136554082,9761.20134855945,9919.35351958354,10008.0356805786
901,25.5851994284537,25.2012236795485,25.0095900283968,0.0655202341932717,2.04528444168601,2.11160381732149,2.14831931209124,0.220330560347975,0,25.0030098926269,2.70475073185397,-0.00118540624922474,25,0,0,0,0,0.206808067207643,9761.15220304792,9919.36596550014,10008.0500560574
901.5,25.5851994284537,25.2012236795485,25.0095900283968,0.0661653008621401,2.04526379171677,2.1116089702248,2.14832520865962,0.220330560347975,0,25.0030332285051,2.70676656519419,-0.00118540624922474,25,0,0,0,0,0.208844155641259,9761.10333118239,9919.37835687057,10008.0643622885
902,25.5851994284537,25.2012236795485,25.0095900283968,0.0667056393716345,2.0452432565148,2.11161410053817,2.14833107686014,0.22027374044751,0,25.0030566409119,2.70845512303636,-0.00122265636477721,25,0,0,0,0,0.210549680112627,9761.05473117396,9919.3906939335,10008.0785997139
902.5,25.5851994284537,25.2012236795485,25.0095900283968,0.0669581907830354,2.04522283814744,2.11161920836054,2.14833691687303,0.22027374044751,0,25.0030801144773,2.70924434619699,-0.00122265636477721,25,0,0,0,0,0.211346833387573,9761.00640791133,9919.40297692665,10008.0927687706
903,25.5851994284537,25.2012236795485,25.0095900283968,0.0667866371993708,2.04520254066179,2.11162429379049,2.14834272887653,0.22027374044751,0,25.0031036345355,2.70870824124803,-0.00122265636477721,25,0,0,0,5,0.210805341656094,9760.95837096838,9919.41520608683,10008.1068698907
903.5,25.5851994284537,25.2012236795485,25.0095900283968,0.0662812950955944,2.04518236867957,2.11162935692625,2.14834851304699,0.22027374044751,0,25.0031271870988,2.70712904717373,-0.00122265636477721,25,0,0,0,5,0.209210279839734,9760.9106312789,9919.42738165011,10008.120903502
904,25.5851994284537,25.2012236795485,25.0095900283968,0.0656682733112329,2.04516232458943,2.11163439786561,2.14835426955874,0.220215945080099,0,25.0031507588318,2.7052133540976,-0.00126030353271744,25,0,0,0,5,0.207275337879576,9760.86319449161,9919.43950385145,10008.1348700269
904.5,25.5851994284537,25.2012236795485,25.0095900283968,0.0651384686793239,2.04514240776332,2.11163941670604,2.14835999858429,0.220215945080099,0,25.0031743370274,2.70355771462289,-0.00126030353271744,25,0,0,0,5,0.205603062539418,9760.81605911572,9919.45157292503,10008.1487698838
905,25.5851994284537,25.2012236795485,25.0095900283968,0.0648485356211773,2.04512261514274,2.11164441354454,2.14836570029424,0.220215945080099,0,25.0031979095826,2.70265167381618,-0.00126030353271744,25,0,0,0,5,0.204687917834684,9760.76921790879,9919.46358910391,10008.1626034863
905.5,25.5851994284537,25.2012236795485,25.0095900283968,0.0649249220926158,2.04510294166863,2.11164938847765,2.14837137485738,0.220215945080099,0,25.0032214649762,2.70289038153942,-0.00126030353271744,25,0,0,0,0,0.204929024093133,9760.72265889386,9919.47555262008,10008.1763712436
906,25.5851994284537,25.2012236795485,25.0095900283968,0.0653975180392099,2.04508338219311,2.11165434160125,2.14837702244056,0.220157514186752,0,25.0032449922462,2.70436724387253,-0.00129799689849648,25,0,0,0,0,0.206420725938962,9760.6763698842,9919.4874637039,10008.1900735604
906.5,25.5851994284537,25.2012236795485,25.0095900283968,0.0660381347878305,2.04506393144911,2.11165927301097,2.14838264320894,0.220157514186752,0,25.003268480969,2.70636917121197,-0.00129799689849648,25,0,0,0,0,0.208442768644308,9760.63033841111,9919.49932258515,10008.203710837
907,25.5851994284537,25.2012236795485,25.0095900283968,0.0666152753533234,2.04504458810232,2.11166418280184,2.14838823732588,0.220157514186752,0,25.0032919212384,2.70817273547914,-0.00129799689849648,25,0,0,0,0,0.21026445512523,9760.58456131334,9919.51112949219,10008.2172834696
907.5,25.5851994284537,25.2012236795485,25.0095900283968,0.0669382600845552,2.04502535373606,2.11166907106856,2.14839380495306,0.220157514186752,0,25.0033153036463,2.70918206276423,-0.00129799689849648,25,0,0,0,0,0.21128392413089,9760.5390423343,9919.52288465253,10008.2307918501
908,25.5851994284537,25.2012236795485,25.0095900283968,0.06685533490805,2.04500623216945,2.1116739379054,2.14839934625042,0.220098730701551,0,25.0033386192635,2.70892292158766,-0.00133544770538521,25,0,0,0,5,0.211022179103769,9760.49379050847,9919.53458829273,10008.2442363663
908.5,25.5851994284537,25.2012236795485,25.0095900283968,0.0663977335938475,2.04498722808676,2.11167878340639,2.14840486137636,0.220098730701551,0,25.0033618596207,2.70749291748077,-0.00133544770538521,25,0,0,0,5,0.20957780631562,9760.44881691761,9919.5462406387,10008.2576174024
909,25.5851994284537,25.2012236795485,25.0095900283968,0.0657898116900472,2.04496834458525,2.1116836076651,2.14841035048758,0.220098730701551,0,25.0033850166918,2.7055931615314,-0.00133544770538521,25,0,0,0,5,0.207658961618465,9760.40412888764,9919.55784191527,10008.2709353382
909.5,25.5851994284537,25.2012236795485,25.0095900283968,0.0652297896184567,2.04494958161473,2.11168841077479,2.14841581373923,0.220098730701551,0,25.0034080828755,2.70384309255768,-0.00133544770538521,25,0,0,0,5,0.205891307951697,9760.35972629584,9919.56939234656,10008.2841905499
910,25.5851994284537,25.2012236795485,25.0095900283968,0.0648808719354675,2.04493093661436,2.11169319282831,2.14842125128491,0.22003982869839,0,25.0034310509799,2.70275272479834,-0.00137242039196366,25,0,0,0,5,0.20478998417711,9760.31560307822,9919.58089215564,10008.2973834099
910.5,25.5851994284537,25.2012236795485,25.0095900283968,0.0648748386313301,2.04491240487653,2.11169795391805,2.1484266632766,0.22003982869839,0,25.0034539142058,2.70273387072291,-0.00137242039196366,25,0,0,0,5,0.20477094065593,9760.27174809058,9919.59234156455,10008.3105142868
911,25.5851994284537,25.2012236795485,25.0095900283968,0.0652813761191452,2.04489398127565,2.11170269413582,2.14843204986474,0.22003982869839,0,25.0034766661315,2.70400430037233,-0.00137242039196366,25,0,0,0,0,0.20605413558247,9760.22814919986,9919.60374079388,10008.3235835453
911.5,25.5851994284537,25.2012236795485,25.0095900283968,0.0659082993844791,2.04487566028609,2.11170741357308,2.14843741119827,0.22003982869839,0,25.0034993006981,2.7059634355765,-0.00137242039196366,25,0,0,0,0,0.20803295617717,9760.18479332647,9919.61509006341,10008.3365915465
912,25.5851994284537,25.2012236795485,24.9822324691539,0.0665146286212223,2.04485743985363,2.11171211232083,2.14844274742467,0.219981000443397,0,25.0035218121952,2.70785821444132,-0.00140872487809247,25,0,0,0,0,0.209946773780026,9760.14167560603,9919.62638959179,10008.349538648
912.5,25.5851994284537,25.2012236795485,24.9822324691539,0.0669018909262896,2.04483932105749,2.11171679046963,2.14844805868992,0.219981000443397,0,25.0035441952469,2.70906840914465,-0.00140872487809247,25,0,0,0,0,0.21116912851974,9760.09879858936,9919.63763959665,10008.3624252038
913,25.5851994284537,25.2012236795485,24.9822324691539,0.0669086604602192,2.04482130742715,2.11172144810973,2.14845334513863,0.219981000443397,0,25.0035664447985,2.70908956393819,-0.00140872487809247,25,0,0,0,5,0.211190495876636,9760.05617062553,9919.64884029481,10008.3752515645
913.5,25.5851994284537,25.2012236795485,24.9822324691539,0.0665082847313155,2.04480340357937,2.11172608533106,2.14845860691399,0.219981000443397,0,25.003588556104,2.70783838978536,-0.00140872487809247,25,0,0,0,5,0.209926749925924,9760.01380263652,9919.65999190243,10008.3880180772
914,25.5851994284537,25.2012236795485,24.9822324691539,0.0659133778235464,2.04478561328734,2.11173070222319,2.14846384415786,0.219922402494149,0,25.0036105247132,2.70597930569858,-0.00144420988526406,25,0,0,0,5,0.208048985762242,9759.97170354782,9919.67109463472,10008.400725086
914.5,25.5851994284537,25.2012236795485,24.9822324691539,0.0653296549995527,2.04476793709457,2.11173529887535,2.14846905701074,0.219922402494149,0,25.0036323464602,2.7041551718736,-0.00144420988526406,25,0,0,0,5,0.206206523040588,9759.92987464219,9919.68214870608,10008.4133729315
915,25.5851994284537,25.2012236795485,24.9822324691539,0.064927014598514,2.04475037294995,2.1117398753764,2.14847424561183,0.219922402494149,0,25.0036540174517,2.70289692062036,-0.00144420988526406,25,0,0,0,5,0.20493562887875,9759.88831106247,9919.69315433008,10008.4259619513
915.5,25.5851994284537,25.2012236795485,24.9822324691539,0.0648432673478362,2.04473291658994,2.1117444318148,2.14847941009897,0.219922402494149,0,25.003675534056,2.70263521046199,-0.00144420988526406,25,0,0,0,5,0.20467128905671,9759.8470027162,9919.70411171924,10008.4384924794
916,25.5851994284537,25.2012236795485,24.9822324691539,0.0651738701635277,2.04471556281113,2.11174896827843,2.14848455060868,0.219864160971355,0,25.0036968928924,2.70366834426102,-0.00147875715696131,25,0,0,0,0,0.205714803784159,9759.80593728701,9919.71502108477,10008.4509648471
916.5,25.5851994284537,25.2012236795485,24.9822324691539,0.0657775068703342,2.04469830610783,2.11175348485478,2.14848966727619,0.219864160971355,0,25.0037180908205,2.70555470896979,-0.00147875715696131,25,0,0,0,0,0.207620122685523,9759.7651017435,9919.72588263689,10008.4633793821
917,25.5851994284537,25.2012236795485,24.9822324691539,0.0664051001727218,2.04468114363148,2.11175798163098,2.14849476023549,0.219864160971355,0,25.0037391249306,2.70751593803976,-0.00147875715696131,25,0,0,0,0,0.209601058185179,9759.72448934209,9919.73669658497,10008.4757364092
917.5,25.5851994284537,25.2012236795485,24.9822324691539,0.0668502050755077,2.04466407593647,2.11176245869368,2.14849982961931,0.219864160971355,0,25.0037599925342,2.70890689086096,-0.00147875715696131,25,0,0,0,0,0.211005987300333,9759.68410139192,9919.74746313726,10008.4880362505
918,25.5851994284537,25.2012236795485,24.9822324691539,0.0669445115306841,2.04464710621729,2.11176691612918,2.14850487555919,0.219806376112246,0,25.0037806911546,2.70920159853339,-0.00151227646184395,25,0,0,0,5,0.211303656195451,9759.64394544948,9919.75818250115,10008.5002792248
918.5,25.5851994284537,25.2012236795485,24.9822324691539,0.0666111830736925,2.04463023889916,2.1117713540236,2.1485098981855,0.219806376112246,0,25.0038012185179,2.70815994710529,-0.00151227646184395,25,0,0,0,5,0.210251538253803,9759.60403198336,9919.76885488356,10008.5124656482
919,25.5851994284537,25.2012236795485,24.9822324691539,0.0660375056464177,2.04461347836929,2.11177577246262,2.14851489762746,0.219806376112246,0,25.0038215725448,2.70636720514506,-0.00151227646184395,25,0,0,0,5,0.208440782822353,9759.56437137211,9919.7794804904,10008.524595834
919.5,25.5851994284537,25.2012236795485,24.9822324691539,0.0654368660654018,2.04459682578158,2.11178017153164,2.14851987401313,0.219806376112246,0,25.0038417513419,2.70449020645438,-0.00151227646184395,25,0,0,0,5,0.206544924048834,9759.52496634315,9919.79005952687,10008.5366700928
920,25.5851994284537,25.2012236795485,24.9822324691539,0.0649860056574838,2.04458027960771,2.11178455131569,2.14852482746944,0.219749126199076,0,25.0038617531942,2.70308126767964,-0.00154470127766757,25,0,0,0,5,0.205121828257282,9759.485813277,9919.80059219737,10008.5486887323
920.5,25.5851994284537,25.2012236795485,24.9822324691539,0.0648288874416917,2.04456383603758,2.11178891189945,2.14852975812221,0.219749126199076,0,25.003881576557,2.70259027325529,-0.00154470127766757,25,0,0,0,5,0.204625900320956,9759.4469031549,9919.81107870531,10008.5606520576
921,25.5851994284537,25.2012236795485,24.9822324691539,0.0650771369399885,2.0445474899028,2.11179325336705,2.14853466609611,0.219749126199076,0,25.0039012200488,2.70336605293746,-0.00154470127766757,25,0,0,0,0,0.20540947503738,9759.4082237442,9919.82151925293,10008.572560371
921.5,25.5851994284537,25.2012236795485,24.9822324691539,0.0656475361152999,2.04453123578554,2.11179757580223,2.14853955151472,0.219749126199076,0,25.0039206824443,2.70514855036031,-0.00154470127766757,25,0,0,0,0,0.207209882994333,9759.36976222217,9919.83191404143,10008.5844139721
922,25.5851994284537,25.2012236795485,24.9822324691539,0.066288150489394,2.04451507005664,2.11180187928836,2.1485444145005,0.21969247094637,0,25.0039399626671,2.70715047027936,-0.00157598506685872,25,0,0,0,0,0.209231918204723,9759.33150999881,9919.84226327116,10008.5962131579
922.5,25.5851994284537,25.2012236795485,24.9822324691539,0.0667843778812623,2.04449899272415,2.11180616390835,2.14854925517488,0.21969247094637,0,25.0039590597837,2.70870118087894,-0.00157598506685872,25,0,0,0,0,0.210798210344416,9759.2934670907,9919.8525671414,10008.6079582228
923,25.5851994284537,25.2012236795485,24.9822324691539,0.0669606138058651,2.04448300652415,2.11181042974483,2.14855407365825,0.21969247094637,0,25.0039779729964,2.70925191814333,-0.00157598506685872,25,0,0,0,0,0.211354481416833,9759.25563996965,9919.86282585069,10008.6196494587
923.5,25.5851994284537,25.2012236795485,24.9822324691539,0.0667045990239787,2.04446711584801,2.11181467688011,2.14855887007,0.21969247094637,0,25.0039967016381,2.70845187194993,-0.00157598506685872,25,0,0,0,5,0.210546396359286,9759.2180390241,9919.87303959682,10008.6312871551
924,25.5851994284537,25.2012236795485,24.9822324691539,0.0661606719530314,2.04445132533874,2.11181890539625,2.14856364452857,0.219636454417667,0,25.0040152451655,2.70675209985322,-0.00160609806621466,25,0,0,0,5,0.208829544952548,9759.18067523787,9919.88320857704,10008.6428715992
924.5,25.5851994284537,25.2012236795485,24.9822324691539,0.0655501728979813,2.0444356368637,2.11182311537493,2.14856839715135,0.219636454417667,0,25.0040336031542,2.70484429030619,-0.00160609806621466,25,0,0,0,5,0.206902565735188,9759.14355302681,9919.89333298762,10008.6544030757
925,25.5851994284537,25.2012236795485,24.9822324691539,0.0650568408384613,2.04442004943126,2.11182730689759,2.1485731280548,0.219636454417667,0,25.0040517752927,2.70330262762019,-0.00160609806621466,25,0,0,0,5,0.205345412422519,9759.10667004178,9919.90341302425,10008.6658818669
925.5,25.5851994284537,25.2012236795485,24.9822324691539,0.064830918175816,2.04440455969501,2.11183148004522,2.14857783735444,0.219636454417667,0,25.0040697613775,2.70259661929942,-0.00160609806621466,25,0,0,0,5,0.204632310130145,9759.07001836192,9919.91344888161,10008.6773082529
926,25.5851994284537,25.2012236795485,24.9822324691539,0.0649933901134465,2.04438916260395,2.11183563489841,2.14858252516477,0.219581107535447,0,25.0040875613077,2.70310434410452,-0.00163502452307398,25,0,0,0,0,0.205145136554082,9759.03358603304,9919.92344075334,10008.6886825114
926.5,25.5851994284537,25.2012236795485,24.9822324691539,0.0655202341932962,2.04437385291932,2.11183977153725,2.14858719159931,0.219581107535447,0,25.0041051750805,2.70475073185405,-0.00163502452307398,25,0,0,0,0,0.20680806720772,9758.99736065693,9919.93338883194,10008.7000049177
927,25.5851994284537,25.2012236795485,24.9822324691539,0.0661653008629435,2.0443586262591,2.11184389004154,2.14859183677072,0.219581107535447,0,25.0041226027863,2.7067665651967,-0.00163502452307398,25,0,0,0,0,0.208844155643795,9758.9613318628,9919.94329330919,10008.7112757448
927.5,25.5851994284537,25.2012236795485,24.9822324691539,0.0667056393675949,2.04434348206277,2.11184799049068,2.14859646079068,0.219581107535447,0,25.0041398446042,2.70845512302373,-0.00163502452307398,25,0,0,0,0,0.210549680099877,9758.92549832216,9919.95315437587,10008.7224952637
928,25.5851994284537,25.2012236795485,24.9822324691539,0.0669581907830354,2.04432842259001,2.11185207296367,2.14860106377,0.219526450236771,0,25.0041569007978,2.70924434619699,-0.00166276031911963,25,0,0,0,0,0.211346833387573,9758.88986537963,9919.96297222187,10008.7336637431
928.5,25.5851994284537,25.2012236795485,24.9822324691539,0.0667866371993709,2.04431345207904,2.11185613753929,2.14860564581865,0.219526450236771,0,25.0041737717109,2.70870824124803,-0.00166276031911963,25,0,0,0,5,0.210805341656094,9758.85444306127,9919.9727470365,10008.7447814494
929,25.5851994284537,25.2012236795485,24.9822324691539,0.0662812950955944,2.04429857534162,2.11186018429605,2.1486102070457,0.219526450236771,0,25.0041904577636,2.70712904717373,-0.00166276031911963,25,0,0,0,5,0.209210279839734,9758.81924275002,9919.98247900846,10008.7558486473
929.5,25.5851994284537,25.2012236795485,24.9822324691539,0.0656682733112331,2.04428379495537,2.11186421331216,2.14861474755941,0.219526450236771,0,25.0042069594484,2.7052133540976,-0.00166276031911963,25,0,0,0,5,0.207275337879576,9758.78427054248,9919.99216832568,10008.7668655993
930,25.5851994284537,25.2012236795485,24.9822324691539,0.0651384686793271,2.0442691104801,2.11186822466548,2.14861926746721,0.219472493323423,0,25.0042232773262,2.7035577146229,-0.00168931093046467,25,0,0,0,5,0.205603062539428,9758.74952539468,9920.00181517532,10008.7778325658
930.5,25.5851994284537,25.2012236795485,24.9822324691539,0.0648485356213609,2.04425451904418,2.1118722184336,2.14862376687569,0.219472493323423,0,25.0042394120233,2.70265167381675,-0.00168931093046467,25,0,0,0,5,0.204687917835264,9758.71500050966,9920.01141974382,10008.7887498054
931,25.5851994284537,25.2012236795485,24.9822324691539,0.0649249220926158,2.04424001577437,2.11187619469366,2.14862824589059,0.219472493323423,0,25.0042553642276,2.70289038153942,-0.00168931093046467,25,0,0,0,0,0.204929024093133,9758.68068435456,9920.02098221658,10008.7996175743
931.5,25.5851994284537,25.2012236795485,24.9822324691539,0.0653975180392099,2.0442255957075,2.11188015352227,2.14863270461677,0.219472493323423,0,25.0042711346855,2.70436724387253,-0.00168931093046467,25,0,0,0,0,0.206420725938962,9758.64656518394,9920.03050277774,10008.810436127
932,25.5851994284537,25.2012236795485,24.9822324691539,0.0660381347878305,2.04421125376009,2.11188409499586,2.14863714315836,0.219419240047131,0,25.0042867241985,2.70636917121197,-0.00171468967938182,25,0,0,0,0,0.208442768644308,9758.61263096784,9920.03998161095,10008.8212057158
932.5,25.5851994284537,25.2012236795485,24.9822324691539,0.0666152753533234,2.04419698878021,2.11188801919038,2.14864156161864,0.219419240047131,0,25.0043021336201,2.70817273547914,-0.00171468967938182,25,0,0,0,0,0.21026445512523,9758.57887897881,9920.04941889876,10008.8319265912
933,25.5851994284537,25.2012236795485,24.9822324691539,0.0669382600853119,2.04418280253243,2.11189192618143,2.14864596010009,0.219419240047131,0,25.0043173638535,2.7091820627666,-0.00171468967938182,25,0,0,0,0,0.211283924133278,9758.54531339007,9920.05881482285,10008.8425990018
933.5,25.5851994284537,25.2012236795485,24.9822324691539,0.0668553349036513,2.04416869901592,2.11189581604438,2.14865033870448,0.219419240047131,0,25.0043324158481,2.70892292157391,-0.00171468967938182,25,0,0,0,5,0.211022179089885,9758.51194366195,9920.06816956441,10008.8532231943
934,25.5851994284537,25.2012236795485,24.9822324691539,0.0663977335938793,2.04415468309392,2.11189968885439,2.14865469753286,0.219366687464799,0,25.004347290597,2.70749291748087,-0.00173891623878291,25,0,0,0,5,0.209577806315721,9758.47878129914,9920.077483304,10008.8637994137
934.5,25.5851994284537,25.2012236795485,24.9822324691539,0.0657898116900472,2.04414075804165,2.11190354468625,2.14865903668548,0.219366687464799,0,25.0043619891345,2.7055931615314,-0.00173891623878291,25,0,0,0,5,0.207658961618465,9758.4458340488,9920.08675622141,10008.8743279031
935,25.5851994284537,25.2012236795485,24.9822324691539,0.0652297896184567,2.04412692398593,2.11190738361451,2.14866335626192,0.219366687464799,0,25.0043765125338,2.70384309255768,-0.00173891623878291,25,0,0,0,5,0.205891307951697,9758.41310220892,9920.09598849583,10008.8848089041
935.5,25.5851994284537,25.2012236795485,24.9822324691539,0.0648808719354675,2.04411317854188,2.11191120571341,2.14866765636105,0.219366687464799,0,25.0043908619042,2.70275272479834,-0.00173891623878291,25,0,0,0,5,0.20478998417711,9758.38058013459,9920.10518030565,10008.8952426563
936,25.5851994284537,25.2012236795485,24.9822324691539,0.0648748386313301,2.04409951717696,2.11191501105683,2.14867193708095,0.219314827595838,0,25.004405038389,2.70273387072291,-0.00176201535558391,25,0,0,0,5,0.20477094065593,9758.34825709973,9920.11433182845,10008.9056293975
936.5,25.5851994284537,25.2012236795485,24.9822324691539,0.0652813761193147,2.04408593493954,2.11191879971808,2.14867619851895,0.219314827595838,0,25.0044190431633,2.70400430037286,-0.00176201535558391,25,0,0,0,0,0.206054135583005,9758.31612138683,9920.12344324045,10008.9159693639
937,25.5851994284537,25.2012236795485,24.9822324691539,0.0659082993858621,2.04407242647696,2.1119225717703,2.14868044077174,0.219314827595838,0,25.0044328774321,2.70596343558082,-0.00176201535558391,25,0,0,0,0,0.208032956181535,9758.2841603296,9920.13251471737,10008.9262627899
937.5,25.5851994284537,25.2012236795485,24.9822324691539,0.0665146286212271,2.04405898990683,2.11192632728618,2.14868466393525,0.219314827595838,0,25.0044465424278,2.70785821444133,-0.00176201535558391,25,0,0,0,0,0.209946773780041,9758.25236947269,9920.14154643396,10008.936509908
938,25.5851994284537,25.2012236795485,24.9822324691539,0.0669018909262896,2.04404562647908,2.11193006633805,2.14868886810475,0.219263648408798,0,25.0044600394088,2.70906840914465,-0.00178401576351064,25,0,0,0,0,0.21116912851974,9758.22075177173,9920.15053856409,10008.9467109493
938.5,25.5851994284537,25.2012236795485,24.9822324691539,0.0669086604602192,2.04403233989281,2.11193378899807,2.14869305337483,0.219263648408798,0,25.0044733696571,2.70908956393819,-0.00178401576351064,25,0,0,0,5,0.211190495876636,9758.18931597709,9920.15949128111,10008.9568661432
939,25.5851994284537,25.2012236795485,24.9822324691539,0.0665082847313155,2.04401913493341,2.11193749533809,2.14869721983946,0.219263648408798,0,25.0044865344771,2.70783838978536,-0.00178401576351064,25,0,0,0,5,0.209926749925924,9758.15807340905,9920.16840475778,10008.9669757175
939.5,25.5851994284537,25.2012236795485,24.9822324691539,0.0659133778235464,2.04400601554164,2.11194118542972,2.14870136759198,0.219263648408798,0,25.0044995351934,2.70597930569858,-0.00178401576351064,25,0,0,0,5,0.208048985762242,9758.12703338952,9920.17727916618,10008.9770398987
940,25.5851994284537,25.2012236795485,24.9822324691539,0.0653296549995815,2.04399298242772,2.1119448593443,2.14870549672505,0.219213134658702,0,25.0045123731493,2.70415517187369,-0.00180494925972425,25,0,0,0,5,0.206206523040679,9758.09619759692,9920.18611467778,10008.9870589113
940.5,25.5851994284537,25.2012236795485,24.9822324691539,0.064927014599416,2.04398003370635,2.11194851715288,2.14870960733072,0.219213134658702,0,25.0045250497054,2.70289692062317,-0.00180494925972425,25,0,0,0,5,0.204935628881597,9758.0655615688,9920.19491146334,10008.9970329787
941,25.5851994284537,25.2012236795485,24.9822324691539,0.0648432673478364,2.04396716527883,2.11195215892617,2.14871369950043,0.219213134658702,0,25.004537566238,2.70263521046199,-0.00180494925972425,25,0,0,0,5,0.204671289056711,9758.03511560606,9920.2036696928,10009.0069623224
941.5,25.5851994284537,25.2012236795485,24.9822324691539,0.0651738701635279,2.04395437210564,2.11195578473442,2.14871777332489,0.219213134658702,0,25.0045499241376,2.70366834426102,-0.00180494925972425,25,0,0,0,0,0.205714803784159,9758.00484778375,9920.21238953505,10009.0168471626
942,25.5851994284537,25.2012236795485,24.9822324691539,0.0657775068703342,2.04394164884401,2.11195939464752,2.14872182889424,0.219163268597896,0,25.0045621248074,2.70555470896979,-0.00182484992296992,25,0,0,0,0,0.207620122685523,9757.97474545967,9920.22107115802,10009.0266877178
942.5,25.5851994284537,25.2012236795485,24.9822324691539,0.0664051001727215,2.04392899280731,2.1119629887351,2.14872586629797,0.219163268597896,0,25.0045741696625,2.70751593803975,-0.00182484992296992,25,0,0,0,0,0.209601058185178,9757.94480227593,9920.2297147291,10009.036484205
943,25.5851994284537,25.2012236795485,24.9822324691539,0.0668502050769629,2.04391640471067,2.11196656706639,2.14872988562496,0.219163268597896,0,25.0045860601279,2.70890689086551,-0.00182484992296992,25,0,0,0,0,0.211005987304926,9757.91501992306,9920.23832041467,10009.0462368397
943.5,25.5851994284537,25.2012236795485,24.9822324691539,0.0669445115306884,2.04390388790844,2.11197012971036,2.14873388696352,0.219163268597896,0,25.0045977976379,2.7092015985334,-0.00182484992296992,25,0,0,0,5,0.211303656195465,9757.88540633563,9920.2468883805,10009.0559458362
944,25.5851994284537,25.2012236795485,24.9822324691539,0.0666111830739071,2.04389144698465,2.11197367673583,2.14873787040138,0.219114030576151,0,25.0046093836348,2.70815994710596,-0.00184375345390606,25,0,0,0,5,0.21025153825448,9757.85597235749,9920.25541879203,10009.065611407
944.5,25.5851994284537,25.2012236795485,24.9822324691539,0.0660375056464177,2.04387908648436,2.11197720821128,2.14874183602575,0.219114030576151,0,25.0046208195675,2.70636720514506,-0.00184375345390606,25,0,0,0,5,0.208440782822353,9757.82672874012,9920.2639118138,10009.0752337638
945,25.5851994284537,25.2012236795485,24.9822324691539,0.0654368660654018,2.04386680771851,2.11198072420502,2.14874578392322,0.219114030576151,0,25.0046321068909,2.70449020645438,-0.00184375345390606,25,0,0,0,5,0.206544924048834,9757.79767858339,9920.27236761003,10009.0848131165
945.5,25.5851994284537,25.2012236795485,24.9822324691539,0.0649860056574838,2.0438546093149,2.11198422478502,2.14874971417984,0.219114030576151,0,25.0046432470646,2.70308126767964,-0.00184375345390606,25,0,0,0,5,0.205121828257282,9757.76881863913,9920.28078634408,10009.0943496738
946,25.5851994284537,25.2012236795485,24.9822324691539,0.0648288874416917,2.04384248761874,2.11198771001896,2.14875362688113,0.219065399546622,0,25.0046542415519,2.70259027325529,-0.0018616966207432,25,0,0,0,5,0.204625900320956,9757.74014025891,9920.28916817866,10009.103843643
946.5,25.5851994284537,25.2012236795485,24.9822324691539,0.0650771369408407,2.04383043761605,2.11199117997411,2.14875752211197,0.219065399546622,0,25.0046650918191,2.70336605294013,-0.0018616966207432,25,0,0,0,0,0.20540947504007,9757.71163157878,9920.29751327541,10009.11329523
947,25.5851994284537,25.2012236795485,24.9822324691539,0.0656475361119629,2.04381845404239,2.11199463471737,2.14876139995669,0.219065399546622,0,25.0046757993346,2.70514855034988,-0.0018616966207432,25,0,0,0,0,0.2072098829838,9757.68328014236,9920.30582179515,10009.1227046394
947.5,25.5851994284537,25.2012236795485,24.9822324691539,0.066288150489432,2.0438065334212,2.11199807431539,2.14876526049909,0.219065399546622,0,25.004686365568,2.70715047027947,-0.0018616966207432,25,0,0,0,0,0.209231918204843,9757.65507772326,9920.31409389806,10009.1320720742
948,25.5851994284537,25.2012236795485,24.9822324691539,0.0667843778812623,2.04379467591196,2.11200149883436,2.14876910382239,0.219017353490102,0,25.004696791989,2.70870118087894,-0.00187871679561482,25,0,0,0,0,0.210798210344416,9757.62702469756,9920.32232974328,10009.1413977363
948.5,25.5851994284537,25.2012236795485,24.9822324691539,0.0669606138058651,2.04378288440135,2.11200490834032,2.14877293000931,0.219017353490102,0,25.0047070800674,2.70925191814333,-0.00187871679561482,25,0,0,0,0,0.211354481416833,9757.59912789337,9920.33052948949,10009.1506818265
949,25.5851994284537,25.2012236795485,24.9822324691539,0.0667045990239787,2.0437711634303,2.11200830289908,2.14877673914207,0.219017353490102,0,25.0047172312717,2.70845187194993,-0.00187871679561482,25,0,0,0,5,0.210546396359286,9757.5713980524,9920.33869329491,10009.1599245439
949.5,25.5851994284537,25.2012236795485,24.9822324691539,0.0661606719530314,2.04375951779055,2.11201168257622,2.14878053130239,0.219017353490102,0,25.0047272470685,2.70675209985322,-0.00187871679561482,25,0,0,0,5,0.208829544952548,9757.5438465097,9920.34682131717,10009.1691260868
950,25.5851994284537,25.2012236795485,24.9822324691539,0.0655501728981797,2.04374794949736,2.11201504743705,2.14878430657149,0.21896986976958,0,25.0047371289224,2.70484429030681,-0.00189485156895586,25,0,0,0,5,0.206902565735814,9757.51647803146,9920.35491371323,10009.1782866522
950.5,25.5851994284537,25.2012236795485,24.9822324691539,0.065056840839633,2.04373645770616,2.11201839754668,2.14878806503011,0.21896986976958,0,25.0047468782946,2.70330262762385,-0.00189485156895586,25,0,0,0,5,0.205345412426218,9757.4892906181,9920.36297063957,10009.1874064358
951,25.5851994284537,25.2012236795485,24.9822324691539,0.064830918175816,2.0437250392168,2.11202173296985,2.14879180675843,0.21896986976958,0,25.0047564966428,2.70259661929942,-0.00189485156895586,25,0,0,0,5,0.204632310130145,9757.46227669721,9920.37099225188,10009.1964856321
951.5,25.5851994284537,25.2012236795485,24.9822324691539,0.0649933901134465,2.04371368912371,2.11202505377102,2.14879553183618,0.21896986976958,0,25.0047659854207,2.70310434410452,-0.00189485156895586,25,0,0,0,0,0.205145136554082,9757.43542466175,9920.37897870501,10009.2055244345
952,25.5851994284537,25.2012236795485,24.9822324691539,0.0655202341932962,2.04370240233271,2.11202836001415,2.14879924034251,0.218922925424238,0,25.0047753460772,2.70475073185405,-0.00191013843088541,25,0,0,0,0,0.20680806720772,9757.40872245869,9920.38693015275,10009.2145230349
952.5,25.5851994284537,25.2012236795485,24.9822324691539,0.0661653008629435,2.04369117460545,2.11203165176303,2.14880293235613,0.218922925424238,0,25.0047845800559,2.7067665651967,-0.00191013843088541,25,0,0,0,0,0.208844155643795,9757.38216005978,9920.39484674842,10009.2234816242
953,25.5851994284537,25.2012236795485,24.9822324691539,0.0667056393675949,2.04368000552413,2.11203492908107,2.14880660795521,0.218922925424238,0,25.004793688795,2.70845512302373,-0.00191013843088541,25,0,0,0,0,0.210549680099877,9757.35573647545,9920.40272864444,10009.2324003919
953.5,25.5851994284537,25.2012236795485,24.9822324691539,0.0669581907830702,2.04366889749025,2.1120381920314,2.14881026721748,0.218922925424238,0,25.0048026737262,2.70924434619709,-0.00191013843088541,25,0,0,0,0,0.211346833387683,9757.32945738602,9920.41057599256,10009.2412795266
954,25.5851994284537,25.2012236795485,24.9822324691539,0.0667866372003765,2.04365785488298,2.11204144067701,2.14881391022022,0.218876497412822,0,25.0048115362751,2.70870824125118,-0.00192461451004249,25,0,0,0,5,0.210805341659268,9757.30333315041,9920.41838894415,10009.2501192156
954.5,25.5851994284537,25.2012236795485,24.9822324691539,0.0662812950955944,2.04364688265413,2.11204467508063,2.14881753704025,0.218876497412822,0,25.00482027786,2.70712904717373,-0.00192461451004249,25,0,0,0,5,0.209210279839734,9757.27737548217,9920.42616765003,10009.2589196453
955,25.5851994284537,25.2012236795485,24.9822324691539,0.0656682733112329,2.04363598352063,2.11204789530478,2.14882114775399,0.218876497412822,0,25.0048288998922,2.7052133540976,-0.00192461451004249,25,0,0,0,5,0.207275337879576,9757.25159080756,9920.43391226048,10009.267681001
955.5,25.5851994284537,25.2012236795485,24.9822324691539,0.0651384686793271,2.04362515718082,2.11205110141174,2.14882474243733,0.218876497412822,0,25.004837403775,2.7035577146229,-0.00192461451004249,25,0,0,0,5,0.205603062539428,9757.22597841158,9920.4416229252,10009.2764034667
956,25.5851994284537,25.2012236795485,24.9822324691539,0.0648485356213607,2.04361440090084,2.11205429346353,2.14882832116581,0.218830562812258,0,25.004845790904,2.70265167381675,-0.00193831636159132,25,0,0,0,5,0.204687917835263,9757.20053182528,9920.44929979326,10009.2850872257
956.5,25.5851994284537,25.2012236795485,24.9822324691539,0.0649249220939051,2.04360370994442,2.11205747152185,2.14883188401441,0.218830562812258,0,25.0048540626662,2.70289038154345,-0.00193831636159132,25,0,0,0,0,0.204929024097202,9757.17523984268,9920.45694301297,10009.2937324598
957,25.5851994284537,25.2012236795485,24.9822324691539,0.0653975180392149,2.04359307948461,2.11206063564786,2.1488354310577,0.218830562812258,0,25.0048622204402,2.70436724387255,-0.00193831636159132,25,0,0,0,0,0.206420725938978,9757.15009104327,9920.46455273136,10009.3023393497
957.5,25.5851994284537,25.2012236795485,24.9822324691539,0.0660381347880811,2.04358250457322,2.11206378590268,2.14883896236978,0.218830562812258,0,25.0048702655957,2.70636917121275,-0.00193831636159132,25,0,0,0,0,0.208442768645099,9757.12507371996,9920.47212909533,10009.3109080753
958,25.5851994284537,25.2012236795485,24.9822324691539,0.0666152753533234,2.04357198419285,2.11206692234698,2.14884247802429,0.218785098980163,0,25.004878199493,2.70817273547914,-0.00195127979721548,25,0,0,0,0,0.21026445512523,9757.10018546487,9920.47967225071,10009.3194388151
958.5,25.5851994284537,25.2012236795485,24.9822324691539,0.0669382600853119,2.04356152024162,2.11207004504116,2.14884597809447,0.218785098980163,0,25.0048860234834,2.7091820627666,-0.00195127979721548,25,0,0,0,0,0.211283924133278,9757.07543076743,9920.48718234271,10009.3279317467
959,25.5851994284537,25.2012236795485,24.9822324691539,0.0668553349036513,2.04355111685147,2.11207315404546,2.14884946265315,0.218785098980163,0,25.0048937389081,2.70892292157391,-0.00195127979721548,25,0,0,0,5,0.211022179089885,9757.05081940158,9920.49465951609,10009.3363870468
959.5,25.5851994284537,25.2012236795485,24.9822324691539,0.0663977335938792,2.04354077901763,2.11207624941992,2.14885293177275,0.218785098980163,0,25.0049013470989,2.70749291748087,-0.00195127979721548,25,0,0,0,5,0.20957780631572,9757.02636318343,9920.50210391525,10009.344804891
960,25.5851994284537,25.2012236795485,24.9822324691539,0.065789811691,2.04353051014647,2.11207933122438,2.14885638552527,0.218740083683372,0,25.0049088493773,2.70559316153438,-0.00196353975091625,25,0,0,0,5,0.207658961621473,9757.00207017026,9920.50951568395,10009.3531854539
960.5,25.5851994284537,25.2012236795485,24.9822324691539,0.0652297896174048,2.04352031049532,2.11208239951843,2.14885982398238,0.218740083683372,0,25.0049162470547,2.70384309255439,-0.00196353975091625,25,0,0,0,5,0.205891307948376,9756.97794096964,9920.51689496548,10009.3615289093
961,25.5851994284537,25.2012236795485,24.9822324691539,0.0648808719354675,2.04351017780904,2.11208545436143,2.14886324721528,0.218740083683372,0,25.0049235414321,2.70275272479834,-0.00196353975091625,25,0,0,0,5,0.20478998417711,9756.95397024544,9920.52424190249,10009.3698354298
961.5,25.5851994284537,25.2012236795485,24.9822324691539,0.0648748386313301,2.04350010768417,2.11208849581245,2.14886665529476,0.218740083683372,0,25.0049307337999,2.70273387072291,-0.00196353975091625,25,0,0,0,5,0.20477094065593,9756.93014757932,9920.53155663702,10009.3781051873
962,25.5851994284537,25.2012236795485,24.9822324691539,0.0652813761193147,2.04349009529732,2.11209152393007,2.14887004829118,0.218695495201956,0,25.004937825438,2.70400430037286,-0.00197513017520805,25,0,0,0,0,0.206054135583005,9756.90646155967,9920.53883930988,10009.3863383523
962.5,25.5851994284537,25.2012236795485,24.9822324691539,0.0659082993858621,2.04348013542333,2.11209453877274,2.14887342627447,0.218695495201956,0,25.0049448176153,2.70596343558082,-0.00197513017520805,25,0,0,0,0,0.208032956181535,9756.88289982456,9920.54609006153,10009.3945350944
963,25.5851994284537,25.2012236795485,24.9822324691539,0.066514628621227,2.04347022630652,2.11209754039853,2.14887678931423,0.218695495201956,0,25.0049517115899,2.70785821444133,-0.00197513017520805,25,0,0,0,0,0.209946773780041,9756.85945821978,9920.55330903158,10009.4026955823
963.5,25.5851994284537,25.2012236795485,24.9822324691539,0.0669018909265218,2.04346036932267,2.11210052886524,2.14888013747958,0.218695495201956,0,25.0049585086087,2.70906840914538,-0.00197513017520805,25,0,0,0,0,0.211169128520473,9756.83613999903,9920.560496359,10009.4108199839
964,25.5851994284537,25.2012236795485,24.9822324691539,0.066908660461075,2.04345056829596,2.1121035042305,2.1488834708393,0.218651312407502,0,25.0049652099078,2.70908956394086,-0.00198608396311073,25,0,0,0,5,0.211190495879337,9756.81295420814,9920.5676521823,10009.4189084657
964.5,25.5851994284537,25.2012236795485,24.9822324691539,0.0665082847313155,2.04344082813605,2.1121064665518,2.14888678946186,0.218651312407502,0,25.0049718167117,2.70783838978536,-0.00198608396311073,25,0,0,0,5,0.209926749925924,9756.78991246066,9920.57477663965,10009.426961194
965,25.5851994284537,25.2012236795485,24.9822324691539,0.0659133778235464,2.04343115290726,2.11210941588631,2.14889009341527,0.218651312407502,0,25.0049783302339,2.70597930569858,-0.00198608396311073,25,0,0,0,5,0.208048985762242,9756.76702437028,9920.58186986854,10009.4349783336
965.5,25.5851994284537,25.2012236795485,24.9822324691539,0.0653296549995815,2.04342154344276,2.11211235229115,2.14889338276726,0.218651312407502,0,25.0049847516763,2.70415517187369,-0.00198608396311073,25,0,0,0,5,0.206206523040679,9756.74429190692,9920.58893200622,10009.4429600489
966,25.5851994284537,25.2012236795485,24.9822324691539,0.064927014599416,2.04341199797945,2.11211527582308,2.14889665758517,0.218607514824328,0,25.0049910822297,2.70289692062317,-0.00199643289189169,25,0,0,0,5,0.204935628881597,9756.72171089864,9920.59596318917,10009.450906503
966.5,25.5851994284537,25.2012236795485,24.9822324691539,0.0648432673456384,2.04340251254019,2.11211818653867,2.14889991793594,0.218607514824328,0,25.0049973230732,2.70263521045512,-0.00199643289189169,25,0,0,0,5,0.204671289049773,9756.69927193603,9920.60296355335,10009.4588178585
967,25.5851994284537,25.2012236795485,24.9822324691539,0.0651738701635691,2.04339308220629,2.11212108449402,2.14890316388613,0.218607514824328,0,25.0050034753744,2.70366834426115,-0.00199643289189169,25,0,0,0,0,0.205714803784289,9756.6769633824,9920.60993323366,10009.4666942766
967.5,25.5851994284537,25.2012236795485,24.9822324691539,0.0657775068714463,2.04338370175507,2.11212396974503,2.14890639550189,0.218607514824328,0,25.0050095402894,2.70555470897327,-0.00199643289189169,25,0,0,0,0,0.207620122689033,9756.65477288203,9920.61687236442,10009.4745359178
968,25.5851994284537,25.2012236795485,24.9822324691539,0.0664051001727216,2.04337436861924,2.11212684234728,2.14890961284903,0.218564082673055,0,25.0050155189628,2.70751593803976,-0.00200620758513992,25,0,0,0,0,0.209601058185179,9756.63269436094,9920.62378107929,10009.4823429419
968.5,25.5851994284537,25.2012236795485,24.9822324691539,0.0668502050769629,2.04336508363256,2.11212970235611,2.14891281599302,0.218564082673055,0,25.0050214125276,2.70890689086551,-0.00200620758513992,25,0,0,0,0,0.211005987304926,9756.61072979075,9920.63065951127,10009.4901155074
969,25.5851994284537,25.2012236795485,24.9822324691539,0.0669445115306884,2.04335585026717,2.11213254982664,2.14891600499893,0.218564082673055,0,25.005027222105,2.7092015985334,-0.00200620758513992,25,0,0,0,5,0.211303656195465,9756.58888738434,9920.63750779286,10009.4978537723
969.5,25.5851994284537,25.2012236795485,24.9822324691539,0.0666111830739071,2.04334667322415,2.11213538481384,2.14891917993155,0.218564082673055,0,25.0050329488049,2.70815994710596,-0.00200620758513992,25,0,0,0,5,0.21025153825448,9756.56717826171,9920.64432605622,10009.5055578937
970,25.5851994284537,25.2012236795485,24.9822324691539,0.0660375056474457,2.04333755716502,2.1121382073725,2.1489223408553,0.218520996901248,0,25.0050385937254,2.70636720514827,-0.00201543749016935,25,0,0,0,5,0.208440782825598,9756.54561344922,9920.65111443307,10009.5132280278
970.5,25.5851994284537,25.2012236795485,24.9822324691539,0.0654368660654079,2.04332850351642,2.11214101755719,2.14892548783434,0.218520996901248,0,25.005044157953,2.7044902064544,-0.00201543749016935,25,0,0,0,5,0.206544924048853,9756.52419632073,9920.65787305456,10009.5208643302
971,25.5851994284537,25.2012236795485,24.9822324691539,0.0649860056574839,2.04331951102134,2.11214381542228,2.14892862093242,0.218520996901248,0,25.0050496425628,2.70308126767964,-0.00201543749016935,25,0,0,0,5,0.205121828257282,9756.50292390174,9920.66460205142,10009.5284669555
971.5,25.5851994284537,25.2012236795485,24.9822324691539,0.0648288874416917,2.04331057613943,2.11214660102192,2.14893174021298,0.218520996901248,0,25.005055048618,2.70259027325529,-0.00201543749016935,25,0,0,0,5,0.204625900320956,9756.48178781638,9920.67130155381,10009.5360360577
972,25.5851994284537,25.2012236795485,24.9822324691539,0.0650771369408407,2.04330169397053,2.11214937440985,2.14893484573907,0.218478239201772,0,25.0050603771705,2.70336605294013,-0.00202415086819201,25,0,0,0,0,0.20540947504007,9756.46077647213,9920.67797169092,10009.5435717896
972.5,25.5851994284537,25.2012236795485,24.9822324691539,0.0656475361119629,2.04329285936336,2.1121521356395,2.14893793757341,0.218478239201772,0,25.0050656292606,2.70514855034988,-0.00202415086819201,25,0,0,0,0,0.2072098829838,9756.43987768258,9920.68461259119,10009.5510743033
973,25.5851994284537,25.2012236795485,24.9822324691539,0.066288150489432,2.04328406895382,2.11215488476414,2.14894101577836,0.218478239201772,0,25.0050708059172,2.70715047027947,-0.00202415086819201,25,0,0,0,0,0.209231918204843,9756.41908348901,9920.69122438269,10009.5585437502
973.5,25.5851994284537,25.2012236795485,24.9822324691539,0.0667843778823207,2.04327532301307,2.11215762183667,2.14894408041598,0.218478239201772,0,25.0050759081576,2.70870118088225,-0.00202415086819201,25,0,0,0,0,0.210798210347757,9756.39839453225,9920.69780719259,10009.5659802806
974,25.5851994284537,25.2012236795485,24.9822324691539,0.0669606138058661,2.0432666245388,2.11216034690986,2.14894713154796,0.218435792022461,0,25.0050809369877,2.70925191814333,-0.00203237479507976,25,0,0,0,0,0.211354481416836,9756.37781790278,9920.70436114773,10009.5733840443
974.5,25.5851994284537,25.2012236795485,24.9822324691539,0.0667045990239785,2.04325797818221,2.11216306003627,2.14895016923574,0.218435792022461,0,25.0050858934021,2.70845187194993,-0.00203237479507976,25,0,0,0,5,0.210546396359286,9756.35736460249,9920.71088637447,10009.5807551902
975,25.5851994284537,25.2012236795485,24.9822324691539,0.0661606719530316,2.0432493888447,2.11216576126835,2.14895319354042,0.218435792022461,0,25.005090778384,2.70675209985322,-0.00203237479507976,25,0,0,0,5,0.208829544952549,9756.33704622503,9920.71738299888,10009.5880938666
975.5,25.5851994284537,25.2012236795485,24.9822324691539,0.0655501728981795,2.04324085865055,2.1121684506583,2.14895620452282,0.218435792022461,0,25.0050955929054,2.70484429030681,-0.00203237479507976,25,0,0,0,5,0.206902565735814,9756.31686779461,9920.72385114651,10009.5954002209
976,25.5851994284537,25.2012236795485,24.9822324691539,0.065056840839633,2.04323238686365,2.11217112825821,2.14895920224345,0.218393638568074,0,25.005100337927,2.70330262762385,-0.00204013517080028,25,0,0,0,5,0.205345412426218,9756.29682756909,9920.73029094253,10009.6026743999
976.5,25.5851994284537,25.2012236795485,24.9822324691539,0.0648309181758216,2.04322397039167,2.11217379411983,2.14896218676252,0.218393638568074,0,25.0051050143983,2.70259661929944,-0.00204013517080028,25,0,0,0,5,0.204632310130163,9756.27691823267,9920.73670251135,10009.6099165496
977,25.5851994284537,25.2012236795485,24.9822324691539,0.0649933901137169,2.04321560443626,2.11217644829471,2.14896515813985,0.218393638568074,0,25.0051096232578,2.70310434410537,-0.00204013517080028,25,0,0,0,0,0.205145136554936,9756.257128434,9920.74308597692,10009.6171268152
977.5,25.5851994284537,25.2012236795485,24.9822324691539,0.0655202341937161,2.04320728400984,2.11217909083391,2.14896811643499,0.218393638568074,0,25.0051141654328,2.70475073185536,-0.00204013517080028,25,0,0,0,0,0.206808067209045,9756.23744637419,9920.74944146198,10009.6243053411
978,25.5851994284537,25.2012236795485,24.9822324691539,0.0661653008629435,2.04319900497996,2.11218172178843,2.14897106170711,0.218351762794754,0,25.0051186418398,2.7067665651967,-0.00204745673593436,25,0,0,0,0,0.208844155643795,9756.21786227728,9920.75576908914,10009.6314522707
978.5,25.5851994284537,25.2012236795485,24.9822324691539,0.0667056393675949,2.04319076703407,2.11218434120896,2.14897399401514,0.218351762794754,0,25.0051230533843,2.70845512302373,-0.00204745673593436,25,0,0,0,0,0.210549680099877,9756.19837540332,9920.76206898022,10009.6385677471
979,25.5851994284537,25.2012236795485,24.9822324691539,0.0669581907830702,2.04318257267826,2.11218694914588,2.14897691341766,0.218351762794754,0,25.0051274009608,2.70924434619709,-0.00204745673593436,25,0,0,0,0,0.211346833387683,9756.17899167992,9920.76834125639,10009.6456519122
979.5,25.5851994284537,25.2012236795485,24.9822324691539,0.0667866372003765,2.04317442639558,2.11218954564954,2.14897981997298,0.218351762794754,0,25.0051316854532,2.70870824125118,-0.00204745673593436,25,0,0,0,5,0.210805341659268,9756.15972171105,9920.77458603867,10009.6527049076
980,25.5851994284537,25.2012236795485,24.9822324691539,0.0662812950953354,2.04316633324109,2.11219213077011,2.14898271373915,0.218310149400935,0,25.0051359077347,2.70712904717292,-0.0020543630938775,25,0,0,0,5,0.209210279838917,9756.14057745373,9920.78080344767,10009.6597268739
980.5,25.5851994284537,25.2012236795485,24.9822324691539,0.0656682733112821,2.04315829603444,2.11219470455757,2.14898559477396,0.218310149400935,0,25.0051400686678,2.70521335409776,-0.0020543630938775,25,0,0,0,5,0.207275337879731,9756.12156557708,9920.78699360353,10009.6667179515
981,25.5851994284537,25.2012236795485,24.9822324691539,0.0651384686793273,2.04315031457612,2.11219726706172,2.14898846313484,0.218310149400935,0,25.0051441691044,2.7035577146229,-0.0020543630938775,25,0,0,0,5,0.205603062539429,9756.10268560835,9920.793156626,10009.6736782795
981.5,25.5851994284537,25.2012236795485,24.9822324691539,0.0648485356213609,2.04314238623383,2.11219981833214,2.14899131887905,0.218310149400935,0,25.0051482098861,2.70265167381675,-0.0020543630938775,25,0,0,0,5,0.204687917835264,9756.08393132019,9920.79929263425,10009.6806079969
982,25.5851994284537,25.2012236795485,24.9822324691539,0.0649249220939051,2.04313450637232,2.11220235841818,2.14899416206343,0.218268783812476,0,25.0051521918439,2.70289038154345,-0.00206087673755633,25,0,0,0,0,0.204929024097202,9756.06529174733,9920.80540174696,10009.6875072415
982.5,25.5851994284537,25.2012236795485,24.9822324691539,0.065397518039215,2.04312667026498,2.11220488736871,2.14899699274453,0.218268783812476,0,25.0051561157986,2.70436724387255,-0.00206087673755633,25,0,0,0,0,0.206420725938978,9756.0467557085,9920.81148408156,10009.6943761505
983,25.5851994284537,25.2012236795485,24.9822324691539,0.0660381347880812,2.04311887306349,2.11220740523252,2.14899981097865,0.218268783812476,0,25.0051599825608,2.70636917121275,-0.00206087673755633,25,0,0,0,0,0.2084427686451,9756.02831173466,9920.81753975538,10009.7012148604
983.5,25.5851994284537,25.2012236795485,24.9822324691539,0.0666152753539775,2.04311111384955,2.11220991205813,2.14900261682178,0.218268783812476,0,25.0051637929309,2.70817273548118,-0.00206087673755633,25,0,0,0,0,0.210264455127295,9756.00995765305,9920.82356888506,10009.7080235071
984,25.5851994284537,25.2012236795485,24.9822324691539,0.0669382600853194,2.04310339461981,2.11221240789377,2.1490054103296,0.218227652165979,0,25.0051675476991,2.70918206276662,-0.00206701907964941,25,0,0,0,0,0.211283924133302,9755.99169818613,9920.82957158657,10009.7148022256
984.5,25.5851994284537,25.2012236795485,24.9822324691539,0.0668553349036513,2.04309571960406,2.11221489278759,2.14900819155755,0.218227652165979,0,25.005171247646,2.70892292157391,-0.00206701907964941,25,0,0,0,5,0.211022179089885,9755.97354333876,9920.83554797562,10009.7215511503
985,25.5851994284537,25.2012236795485,24.9822324691539,0.0663977335938793,2.04308809389481,2.11221736678758,2.14901096056084,0.218227652165979,0,25.0051748935418,2.70749291748087,-0.00206701907964941,25,0,0,0,5,0.209577806315721,9755.95550515638,9920.84149816762,10009.7282704152
985.5,25.5851994284537,25.2012236795485,24.9822324691539,0.065789811691,2.04308052099521,2.11221982994158,2.1490137173944,0.218227652165979,0,25.0051784861474,2.70559316153438,-0.00206701907964941,25,0,0,0,5,0.207658961621473,9755.93759192483,9920.84742227756,10009.7349601536
986,25.5851994284537,25.2012236795485,24.9822324691539,0.0652297896174046,2.04307300125875,2.11222228229725,2.1490164621129,0.218186741288662,0,25.0051820262137,2.70384309255439,-0.00207281048548111,25,0,0,0,5,0.205891307948376,9755.91980447958,9920.85332042006,10009.7416204979
986.5,25.5851994284537,25.2012236795485,24.9822324691539,0.0648808719355124,2.04306553252599,2.11222472390204,2.14901919477074,0.218186741288662,0,25.005185514482,2.70275272479848,-0.00207281048548111,25,0,0,0,5,0.204789984177251,9755.90213771196,9920.85919270914,10009.7482515802
987,25.5851994284537,25.2012236795485,24.9822324691539,0.0648748386324959,2.04305811048857,2.1122271548032,2.14902191542205,0.218186741288662,0,25.005188951684,2.70273387072655,-0.00207281048548111,25,0,0,0,5,0.20477094065961,9755.88458143023,9920.86503925843,10009.7548535317
987.5,25.5851994284537,25.2012236795485,24.9822324691539,0.0652813761193158,2.04305073041773,2.11222957504752,2.14902462412062,0.218186741288662,0,25.0051923385422,2.70400430037286,-0.00207281048548111,25,0,0,0,0,0.206054135583009,9755.86712444826,9920.87086018042,10009.761426483
988,25.5851994284537,25.2012236795485,24.9822324691539,0.065908299385862,2.04304338718228,2.11223198468172,2.14902732092004,0.218146038676053,0,25.0051956757696,2.70596343558082,-0.00207827030783818,25,0,0,0,0,0.208032956181535,9755.84975462817,9920.87665558742,10009.767970564
988.5,25.5851994284537,25.2012236795485,24.9822324691539,0.066514628621227,2.04303607911996,2.11223438375218,2.14903000587355,0.218146038676053,0,25.0051989640698,2.70785821444133,-0.00207827030783818,25,0,0,0,0,0.209946773780041,9755.83246803755,9920.88242559093,10009.7744859038
989,25.5851994284537,25.2012236795485,24.9822324691539,0.0669018909265218,2.04302880769934,2.1122367723051,2.14903267903416,0.218146038676053,0,25.0052022041374,2.70906840914538,-0.00207827030783818,25,0,0,0,0,0.211169128520473,9755.81526814972,9920.88817030203,10009.7809726311
989.5,25.5851994284537,25.2012236795485,24.9822324691539,0.066908660461075,2.04302157683681,2.11223915038648,2.14903534045461,0.218146038676053,0,25.005205396658,2.70908956394086,-0.00207827030783818,25,0,0,0,5,0.211190495879337,9755.79816422809,9920.89388983132,10009.7874308737
990,25.5851994284537,25.2012236795485,24.9822324691539,0.0665082847313226,2.04301439153367,2.11224151804231,2.1490379901875,0.218105532469991,0,25.0052085423079,2.70783838978538,-0.00208341692314491,25,0,0,0,5,0.209926749925947,9755.78116810224,9920.89958428934,10009.7938607592
990.5,25.5851994284537,25.2012236795485,24.9822324691539,0.0659133778238606,2.04300725594537,2.11224387531831,2.14904062828506,0.218105532469991,0,25.0052116417547,2.70597930569956,-0.00208341692314491,25,0,0,0,5,0.208048985763234,9755.76428960088,9920.90525378604,10009.8002624144
991,25.5851994284537,25.2012236795485,24.9822324691539,0.0653296549994334,2.04300017099568,2.11224622226011,2.14904325479936,0.218105532469991,0,25.0052146956573,2.70415517187323,-0.00208341692314491,25,0,0,0,5,0.206206523040212,9755.74753090847,9920.9108984311,10009.8066359655
991.5,25.5851994284537,25.2012236795485,24.9822324691539,0.064927014599416,2.04299313501162,2.11224855891314,2.14904586978222,0.218105532469991,0,25.0052177046656,2.70289692062317,-0.00208341692314491,25,0,0,0,5,0.204935628881597,9755.73088806718,9920.91651833376,10009.8129815382
992,25.5851994284537,25.2012236795485,24.9822324691539,0.0648432673456384,2.04298614410567,2.11225088532259,2.14904847328515,0.218065211433526,0,25.0052206694211,2.70263521045512,-0.00208826776845541,25,0,0,0,5,0.204671289049773,9755.71435188093,9920.92211360266,10009.8192992574
992.5,25.5851994284537,25.2012236795485,24.9822324691539,0.0651738701635691,2.0429791934482,2.11225320153337,2.14905106535943,0.218065211433526,0,25.0052235905568,2.70366834426115,-0.00208826776845541,25,0,0,0,0,0.205714803784289,9755.69791092529,9920.92768434574,10009.8255892476
993,25.5851994284537,25.2012236795485,24.9822324691539,0.0657775068714463,2.04297227790512,2.11225550759006,2.14905364605603,0.218065211433526,0,25.005226468697,2.70555470897327,-0.00208826776845541,25,0,0,0,0,0.207620122689033,9755.68155305574,9920.93323067022,10009.8318516324
993.5,25.5851994284537,25.2012236795485,24.9822324691539,0.0664051001727225,2.04296539499715,2.11225780353712,2.14905621542571,0.218065211433526,0,25.0052293044578,2.70751593803976,-0.00208826776845541,25,0,0,0,0,0.209601058185181,9755.66527240743,9920.93875268299,10009.8380865349
994,25.5851994284537,25.2012236795485,24.9822324691539,0.0668502050770211,2.04295854564544,2.11226008941874,2.14905877351895,0.21802506492682,0,25.0052320984471,2.70890689086569,-0.002092839378858,25,0,0,0,0,0.211005987305109,9755.64907115888,9920.94425049027,10009.8442940775
994.5,25.5851994284537,25.2012236795485,24.9822324691539,0.0669445115306883,2.042951733409,2.11226236527893,2.149061320386,0.21802506492682,0,25.0052348512647,2.7092015985334,-0.002092839378858,25,0,0,0,5,0.211303656195464,9755.63295772799,9920.94972419787,10009.8504743821
995,25.5851994284537,25.2012236795485,24.9822324691539,0.0666111830739072,2.04294496307529,2.11226463116169,2.14906385607693,0.21802506492682,0,25.0052375635019,2.70815994710596,-0.002092839378858,25,0,0,0,5,0.210251538254481,9755.61694343842,9920.95517391159,10009.8566275702
995.5,25.5851994284537,25.2012236795485,24.9822324691539,0.0660375056474457,2.04293823939156,2.11226688711074,2.14906638064152,0.21802506492682,0,25.0052402357426,2.70636720514827,-0.002092839378858,25,0,0,0,5,0.208440782825598,9755.60103951864,9920.96059973653,10009.8627537626
996,25.5851994284537,25.2012236795485,24.9822324691539,0.0654368660654079,2.04293156386986,2.11226913316979,2.1490688941294,0.21798508288208,0,25.0052428685623,2.7044902064544,-0.00209714742492793,25,0,0,0,5,0.206544924048853,9755.58524954465,9920.96600177779,10009.8688530796
996.5,25.5851994284537,25.2012236795485,24.9822324691539,0.0649860056577751,2.04292493533808,2.1122713693823,2.14907139658991,0.21798508288208,0,25.005245462529,2.70308126768055,-0.00209714742492793,25,0,0,0,5,0.205121828258201,9755.56957074342,9920.97138013984,10009.8749256408
997,25.5851994284537,25.2012236795485,24.9822324691539,0.0648288874418444,2.04291835034023,2.11227359579156,2.14907388807219,0.21798508288208,0,25.0052480182029,2.70259027325576,-0.00209714742492793,25,0,0,0,5,0.204625900321438,9755.55399493986,9920.97673492677,10009.8809715656
997.5,25.5851994284537,25.2012236795485,24.9822324691539,0.0650771369408497,2.0429118040601,2.11227581244053,2.14907636862508,0.21798508288208,0,25.0052505361366,2.70336605294016,-0.00209714742492793,25,0,0,0,0,0.205409475040098,9755.53851074148,9920.98206624187,10009.8869909723
998,25.5851994284537,25.2012236795485,24.9822324691539,0.0656475361119629,2.04290529142986,2.11227801937188,2.14907883829721,0.21794525577846,0,25.0052530168749,2.70514855034988,-0.00210120674996404,25,0,0,0,0,0.2072098829838,9755.52310616071,9920.98737418774,10009.8929839789
998.5,25.5851994284537,25.2012236795485,24.9822324691539,0.066288150489432,2.04289880916824,2.1122802166282,2.1490812971369,0.21794525577846,0,25.0052554609556,2.70715047027947,-0.00210120674996404,25,0,0,0,0,0.209231918204843,9755.5077734359,9920.99265886674,10009.8989507027
999,25.5851994284537,25.2012236795485,24.9822324691539,0.0667843778823207,2.04289235762883,2.11228240425175,2.14908374519234,0.21794525577846,0,25.0052578689087,2.70870118088225,-0.00210120674996404,25,0,0,0,0,0.210798210347757,9755.49251340305,9920.99792038051,10009.9048912605
999.5,25.5851994284537,25.2012236795485,24.9822324691539,0.0669606138058661,2.04288593989111,2.11228458228464,2.14908618251137,0.21794525577846,0,25.0052602412572,2.70925191814333,-0.00210120674996404,25,0,0,0,0,0.211354481416836,9755.47733334581,9921.00315883029,10009.9108057683
1000,25.5851994284537,25.2012236795485,24.9822324691539,0.0667045990240321,2.04287956068764,2.11228675076893,2.14908860914173,0.217905574617845,0,25.0052625785168,2.7084518719501,-0.0021050314067395,25,0,0,0,5,0.210546396359455,9755.46224445785,9921.00837431717,10009.916694342
