Time,T1Mesure,T2Mesure,T3Mesure,T3Estimation,Consigne
400.0,18.6492004071338,19.5879477359044,20.0710100848024,19.9997729553441,20
400.05,18.6492004071338,19.5879477359044,20.0710100848024,19.9997729553441,20
400.1,18.6492004071338,19.5879477359044,20.0710100848024,19.9997729553441,20
400.15,18.6492004071338,19.5879477359044,20.0710100848024,19.9997729553441,20
400.2,18.6492004071338,19.5879477359044,20.0710100848024,19.9997729553441,20
400.25,18.6492004071338,19.5879477359044,20.0710100848024,19.9997729553441,20
400.3,18.6492004071338,19.5879477359044,20.0710100848024,19.9997729553441,20
400.35,18.6492004071338,19.5879477359044,20.0710100848024,19.9997729553441,20
400.4,18.6492004071338,19.5879477359044,20.0710100848024,19.9997729553441,20
400.45,18.6492004071338,19.5879477359044,20.0710100848024,19.9997729553441,20
400.5,18.6223832380181,19.561118567509,20.0441654733384,20.0008066300349,20
400.55,18.6223832380181,19.561118567509,20.0441654733384,20.0008066300349,20
400.6,18.6223832380181,19.561118567509,20.0441654733384,20.0008066300349,20
400.65,18.6223832380181,19.561118567509,20.0441654733384,20.0008066300349,20
400.7,18.6223832380181,19.561118567509,20.0441654733384,20.0008066300349,20
400.75,18.6223832380181,19.561118567509,20.0441654733384,20.0008066300349,20
400.8,18.6223832380181,19.561118567509,20.0441654733384,20.0008066300349,20
400.85,18.6223832380181,19.561118567509,20.0441654733384,20.0008066300349,20
400.9,18.6223832380181,19.561118567509,20.0441654733384,20.0008066300349,20
400.95,18.6223832380181,19.561118567509,20.0441654733384,20.0008066300349,20
401.0,18.5955660603305,19.5342900728234,20.0173218845233,20.0010745917737,20
401.05,18.5955660603305,19.5342900728234,20.0173218845233,20.0010745917737,20
401.1,18.5955660603305,19.5342900728234,20.0173218845233,20.0010745917737,20
401.15,18.5955660603305,19.5342900728234,20.0173218845233,20.0010745917737,20
401.2,18.5955660603305,19.5342900728234,20.0173218845233,20.0010745917737,20
401.25,18.5955660603305,19.5342900728234,20.0173218845233,20.0010745917737,20
401.3,18.5955660603305,19.5342900728234,20.0173218845233,20.0010745917737,20
401.35,18.5955660603305,19.5342900728234,20.0173218845233,20.0010745917737,20
401.4,18.5955660603305,19.5342900728234,20.0173218845233,20.0010745917737,20
401.45,18.5955660603305,19.5342900728234,20.0173218845233,20.0010745917737,20
401.5,18.6492004071338,19.5879477359044,20.0710100848024,20.0006022204522,20
401.55,18.6492004071338,19.5879477359044,20.0710100848024,20.0006022204522,20
401.6,18.6492004071338,19.5879477359044,20.0710100848024,20.0006022204522,20
401.65,18.6492004071338,19.5879477359044,20.0710100848024,20.0006022204522,20
401.7,18.6492004071338,19.5879477359044,20.0710100848024,20.0006022204522,20
401.75,18.6492004071338,19.5879477359044,20.0710100848024,20.0006022204522,20
401.8,18.6492004071338,19.5879477359044,20.0710100848024,20.0006022204522,20
401.85,18.6492004071338,19.5879477359044,20.0710100848024,20.0006022204522,20
401.9,18.6492004071338,19.5879477359044,20.0710100848024,20.0006022204522,20
401.95,18.6492004071338,19.5879477359044,20.0710100848024,20.0006022204522,20
402.0,18.6492004071338,19.5879477359044,20.0710100848024,20.001610436818,20
402.05,18.6492004071338,19.5879477359044,20.0710100848024,20.001610436818,20
402.1,18.6492004071338,19.5879477359044,20.0710100848024,20.001610436818,20
402.15,18.6492004071338,19.5879477359044,20.0710100848024,20.001610436818,20
402.2,18.6492004071338,19.5879477359044,20.0710100848024,20.001610436818,20
402.25,18.6492004071338,19.5879477359044,20.0710100848024,20.001610436818,20
402.3,18.6492004071338,19.5879477359044,20.0710100848024,20.001610436818,20
402.35,18.6492004071338,19.5879477359044,20.0710100848024,20.001610436818,20
402.4,18.6492004071338,19.5879477359044,20.0710100848024,20.001610436818,20
402.45,18.6492004071338,19.5879477359044,20.0710100848024,20.001610436818,20
402.5,18.6223832380181,19.561118567509,20.0441654733384,20.0025859263205,20
402.55,18.6223832380181,19.561118567509,20.0441654733384,20.0025859263205,20
402.6,18.6223832380181,19.561118567509,20.0441654733384,20.0025859263205,20
402.65,18.6223832380181,19.561118567509,20.0441654733384,20.0025859263205,20
402.7,18.6223832380181,19.561118567509,20.0441654733384,20.0025859263205,20
402.75,18.6223832380181,19.561118567509,20.0441654733384,20.0025859263205,20
402.8,18.6223832380181,19.561118567509,20.0441654733384,20.0025859263205,20
402.85,18.6223832380181,19.561118567509,20.0441654733384,20.0025859263205,20
402.9,18.6223832380181,19.561118567509,20.0441654733384,20.0025859263205,20
402.95,18.6223832380181,19.561118567509,20.0441654733384,20.0025859263205,20
403.0,18.5955660603305,19.5342900728234,20.0173218845233,20.0027976369286,20
403.05,18.5955660603305,19.5342900728234,20.0173218845233,20.0027976369286,20
403.1,18.5955660603305,19.5342900728234,20.0173218845233,20.0027976369286,20
403.15,18.5955660603305,19.5342900728234,20.0173218845233,20.0027976369286,20
403.2,18.5955660603305,19.5342900728234,20.0173218845233,20.0027976369286,20
403.25,18.5955660603305,19.5342900728234,20.0173218845233,20.0027976369286,20
403.3,18.5955660603305,19.5342900728234,20.0173218845233,20.0027976369286,20
403.35,18.5955660603305,19.5342900728234,20.0173218845233,20.0027976369286,20
403.4,18.5955660603305,19.5342900728234,20.0173218845233,20.0027976369286,20
403.45,18.5955660603305,19.5342900728234,20.0173218845233,20.0027976369286,20
403.5,18.6223832380181,19.5879477359044,20.0710100848024,20.002270882747,20
403.55,18.6223832380181,19.5879477359044,20.0710100848024,20.002270882747,20
403.6,18.6223832380181,19.5879477359044,20.0710100848024,20.002270882747,20
403.65,18.6223832380181,19.5879477359044,20.0710100848024,20.002270882747,20
403.7,18.6223832380181,19.5879477359044,20.0710100848024,20.002270882747,20
403.75,18.6223832380181,19.5879477359044,20.0710100848024,20.002270882747,20
403.8,18.6223832380181,19.5879477359044,20.0710100848024,20.002270882747,20
403.85,18.6223832380181,19.5879477359044,20.0710100848024,20.002270882747,20
403.9,18.6223832380181,19.5879477359044,20.0710100848024,20.002270882747,20
403.95,18.6223832380181,19.5879477359044,20.0710100848024,20.002270882747,20
404.0,18.5955660603305,19.5342900728234,20.0173218845233,20.0032260000738,20
404.05,18.5955660603305,19.5342900728234,20.0173218845233,20.0032260000738,20
404.1,18.5955660603305,19.5342900728234,20.0173218845233,20.0032260000738,20
404.15,18.5955660603305,19.5342900728234,20.0173218845233,20.0032260000738,20
404.2,18.5955660603305,19.5342900728234,20.0173218845233,20.0032260000738,20
404.25,18.5955660603305,19.5342900728234,20.0173218845233,20.0032260000738,20
404.3,18.5955660603305,19.5342900728234,20.0173218845233,20.0032260000738,20
404.35,18.5955660603305,19.5342900728234,20.0173218845233,20.0032260000738,20
404.4,18.5955660603305,19.5342900728234,20.0173218845233,20.0032260000738,20
404.45,18.5955660603305,19.5342900728234,20.0173218845233,20.0032260000738,20
404.5,18.5955660603305,19.5342900728234,20.0173218845233,20.0026853602771,20
404.55,18.5955660603305,19.5342900728234,20.0173218845233,20.0026853602771,20
404.6,18.5955660603305,19.5342900728234,20.0173218845233,20.0026853602771,20
404.65,18.5955660603305,19.5342900728234,20.0173218845233,20.0026853602771,20
404.7,18.5955660603305,19.5342900728234,20.0173218845233,20.0026853602771,20
404.75,18.5955660603305,19.5342900728234,20.0173218845233,20.0026853602771,20
404.8,18.5955660603305,19.5342900728234,20.0173218845233,20.0026853602771,20
404.85,18.5955660603305,19.5342900728234,20.0173218845233,20.0026853602771,20
404.9,18.5955660603305,19.5342900728234,20.0173218845233,20.0026853602771,20
404.95,18.5955660603305,19.5342900728234,20.0173218845233,20.0026853602771,20
405.0,18.6223832380181,19.5879477359044,20.0710100848024,20.0021632924597,20
405.05,18.6223832380181,19.5879477359044,20.0710100848024,20.0021632924597,20
405.1,18.6223832380181,19.5879477359044,20.0710100848024,20.0021632924597,20
405.15,18.6223832380181,19.5879477359044,20.0710100848024,20.0021632924597,20
405.2,18.6223832380181,19.5879477359044,20.0710100848024,20.0021632924597,20
405.25,18.6223832380181,19.5879477359044,20.0710100848024,20.0021632924597,20
405.3,18.6223832380181,19.5879477359044,20.0710100848024,20.0021632924597,20
405.35,18.6223832380181,19.5879477359044,20.0710100848024,20.0021632924597,20
405.4,18.6223832380181,19.5879477359044,20.0710100848024,20.0021632924597,20
405.45,18.6223832380181,19.5879477359044,20.0710100848024,20.0021632924597,20
405.5,18.5687488544756,19.5074622324324,19.9904792989936,20.0031229219636,20
405.55,18.5687488544756,19.5074622324324,19.9904792989936,20.0031229219636,20
405.6,18.5687488544756,19.5074622324324,19.9904792989936,20.0031229219636,20
405.65,18.5687488544756,19.5074622324324,19.9904792989936,20.0031229219636,20
405.7,18.5687488544756,19.5074622324324,19.9904792989936,20.0031229219636,20
405.75,18.5687488544756,19.5074622324324,19.9904792989936,20.0031229219636,20
405.8,18.5687488544756,19.5074622324324,19.9904792989936,20.0031229219636,20
405.85,18.5687488544756,19.5074622324324,19.9904792989936,20.0031229219636,20
405.9,18.5687488544756,19.5074622324324,19.9904792989936,20.0031229219636,20
405.95,18.5687488544756,19.5074622324324,19.9904792989936,20.0031229219636,20
406.0,18.5955660603305,19.5342900728234,20.0173218845233,20.0018545102323,20
406.05,18.5955660603305,19.5342900728234,20.0173218845233,20.0018545102323,20
406.1,18.5955660603305,19.5342900728234,20.0173218845233,20.0018545102323,20
406.15,18.5955660603305,19.5342900728234,20.0173218845233,20.0018545102323,20
406.2,18.5955660603305,19.5342900728234,20.0173218845233,20.0018545102323,20
406.25,18.5955660603305,19.5342900728234,20.0173218845233,20.0018545102323,20
406.3,18.5955660603305,19.5342900728234,20.0173218845233,20.0018545102323,20
406.35,18.5955660603305,19.5342900728234,20.0173218845233,20.0018545102323,20
406.4,18.5955660603305,19.5342900728234,20.0173218845233,20.0018545102323,20
406.45,18.5955660603305,19.5342900728234,20.0173218845233,20.0018545102323,20
406.5,18.5955660603305,19.5342900728234,20.0173218845233,20.0013608563893,20
406.55,18.5955660603305,19.5342900728234,20.0173218845233,20.0013608563893,20
406.6,18.5955660603305,19.5342900728234,20.0173218845233,20.0013608563893,20
406.65,18.5955660603305,19.5342900728234,20.0173218845233,20.0013608563893,20
406.7,18.5955660603305,19.5342900728234,20.0173218845233,20.0013608563893,20
406.75,18.5955660603305,19.5342900728234,20.0173218845233,20.0013608563893,20
406.8,18.5955660603305,19.5342900728234,20.0173218845233,20.0013608563893,20
406.85,18.5955660603305,19.5342900728234,20.0173218845233,20.0013608563893,20
406.9,18.5955660603305,19.5342900728234,20.0173218845233,20.0013608563893,20
406.95,18.5955660603305,19.5342900728234,20.0173218845233,20.0013608563893,20
407.0,18.5687488544756,19.5074622324324,19.9904792989936,20.0008841564399,20
407.05,18.5687488544756,19.5074622324324,19.9904792989936,20.0008841564399,20
407.1,18.5687488544756,19.5074622324324,19.9904792989936,20.0008841564399,20
407.15,18.5687488544756,19.5074622324324,19.9904792989936,20.0008841564399,20
407.2,18.5687488544756,19.5074622324324,19.9904792989936,20.0008841564399,20
407.25,18.5687488544756,19.5074622324324,19.9904792989936,20.0008841564399,20
407.3,18.5687488544756,19.5074622324324,19.9904792989936,20.0008841564399,20
407.35,18.5687488544756,19.5074622324324,19.9904792989936,20.0008841564399,20
407.4,18.5687488544756,19.5074622324324,19.9904792989936,20.0008841564399,20
407.45,18.5687488544756,19.5074622324324,19.9904792989936,20.0008841564399,20
407.5,18.5955660603305,19.5342900728234,20.0173218845233,19.9996917100462,20
407.55,18.5955660603305,19.5342900728234,20.0173218845233,19.9996917100462,20
407.6,18.5955660603305,19.5342900728234,20.0173218845233,19.9996917100462,20
407.65,18.5955660603305,19.5342900728234,20.0173218845233,19.9996917100462,20
407.7,18.5955660603305,19.5342900728234,20.0173218845233,19.9996917100462,20
407.75,18.5955660603305,19.5342900728234,20.0173218845233,19.9996917100462,20
407.8,18.5955660603305,19.5342900728234,20.0173218845233,19.9996917100462,20
407.85,18.5955660603305,19.5342900728234,20.0173218845233,19.9996917100462,20
407.9,18.5955660603305,19.5342900728234,20.0173218845233,19.9996917100462,20
407.95,18.5955660603305,19.5342900728234,20.0173218845233,19.9996917100462,20
408.0,18.5687488544756,19.5342900728234,20.0173218845233,19.9992714171925,20
408.05,18.5687488544756,19.5342900728234,20.0173218845233,19.9992714171925,20
408.1,18.5687488544756,19.5342900728234,20.0173218845233,19.9992714171925,20
408.15,18.5687488544756,19.5342900728234,20.0173218845233,19.9992714171925,20
408.2,18.5687488544756,19.5342900728234,20.0173218845233,19.9992714171925,20
408.25,18.5687488544756,19.5342900728234,20.0173218845233,19.9992714171925,20
408.3,18.5687488544756,19.5342900728234,20.0173218845233,19.9992714171925,20
408.35,18.5687488544756,19.5342900728234,20.0173218845233,19.9992714171925,20
408.4,18.5687488544756,19.5342900728234,20.0173218845233,19.9992714171925,20
408.45,18.5687488544756,19.5342900728234,20.0173218845233,19.9992714171925,20
408.5,18.5955660603305,19.5342900728234,20.0173218845233,19.9988650426512,20
408.55,18.5955660603305,19.5342900728234,20.0173218845233,19.9988650426512,20
408.6,18.5955660603305,19.5342900728234,20.0173218845233,19.9988650426512,20
408.65,18.5955660603305,19.5342900728234,20.0173218845233,19.9988650426512,20
408.7,18.5955660603305,19.5342900728234,20.0173218845233,19.9988650426512,20
408.75,18.5955660603305,19.5342900728234,20.0173218845233,19.9988650426512,20
408.8,18.5955660603305,19.5342900728234,20.0173218845233,19.9988650426512,20
408.85,18.5955660603305,19.5342900728234,20.0173218845233,19.9988650426512,20
408.9,18.5955660603305,19.5342900728234,20.0173218845233,19.9988650426512,20
408.95,18.5955660603305,19.5342900728234,20.0173218845233,19.9988650426512,20
409.0,18.5419316008513,19.4806350269175,19.963637697384,19.9984721223936,20
409.05,18.5419316008513,19.4806350269175,19.963637697384,19.9984721223936,20
409.1,18.5419316008513,19.4806350269175,19.963637697384,19.9984721223936,20
409.15,18.5419316008513,19.4806350269175,19.963637697384,19.9984721223936,20
409.2,18.5419316008513,19.4806350269175,19.963637697384,19.9984721223936,20
409.25,18.5419316008513,19.4806350269175,19.963637697384,19.9984721223936,20
409.3,18.5419316008513,19.4806350269175,19.963637697384,19.9984721223936,20
409.35,18.5419316008513,19.4806350269175,19.963637697384,19.9984721223936,20
409.4,18.5419316008513,19.4806350269175,19.963637697384,19.9984721223936,20
409.45,18.5419316008513,19.4806350269175,19.963637697384,19.9984721223936,20
409.5,18.5687488544756,19.5342900728234,20.0173218845233,19.996628497333,20
409.55,18.5687488544756,19.5342900728234,20.0173218845233,19.996628497333,20
409.6,18.5687488544756,19.5342900728234,20.0173218845233,19.996628497333,20
409.65,18.5687488544756,19.5342900728234,20.0173218845233,19.996628497333,20
409.7,18.5687488544756,19.5342900728234,20.0173218845233,19.996628497333,20
409.75,18.5687488544756,19.5342900728234,20.0173218845233,19.996628497333,20
409.8,18.5687488544756,19.5342900728234,20.0173218845233,19.996628497333,20
409.85,18.5687488544756,19.5342900728234,20.0173218845233,19.996628497333,20
409.9,18.5687488544756,19.5342900728234,20.0173218845233,19.996628497333,20
409.95,18.5687488544756,19.5342900728234,20.0173218845233,19.996628497333,20
410.0,18.5687488544756,19.5074622324324,19.9904792989936,19.9963100736636,20
410.05,18.5687488544756,19.5074622324324,19.9904792989936,19.9963100736636,20
410.1,18.5687488544756,19.5074622324324,19.9904792989936,19.9963100736636,20
410.15,18.5687488544756,19.5074622324324,19.9904792989936,19.9963100736636,20
410.2,18.5687488544756,19.5074622324324,19.9904792989936,19.9963100736636,20
410.25,18.5687488544756,19.5074622324324,19.9904792989936,19.9963100736636,20
410.3,18.5687488544756,19.5074622324324,19.9904792989936,19.9963100736636,20
410.35,18.5687488544756,19.5074622324324,19.9904792989936,19.9963100736636,20
410.4,18.5687488544756,19.5074622324324,19.9904792989936,19.9963100736636,20
410.45,18.5687488544756,19.5074622324324,19.9904792989936,19.9963100736636,20
410.5,18.5955660603305,19.561118567509,20.0441654733384,19.9952699976773,20
410.55,18.5955660603305,19.561118567509,20.0441654733384,19.9952699976773,20
410.6,18.5955660603305,19.561118567509,20.0441654733384,19.9952699976773,20
410.65,18.5955660603305,19.561118567509,20.0441654733384,19.9952699976773,20
410.7,18.5955660603305,19.561118567509,20.0441654733384,19.9952699976773,20
410.75,18.5955660603305,19.561118567509,20.0441654733384,19.9952699976773,20
410.8,18.5955660603305,19.561118567509,20.0441654733384,19.9952699976773,20
410.85,18.5955660603305,19.561118567509,20.0441654733384,19.9952699976773,20
410.9,18.5955660603305,19.561118567509,20.0441654733384,19.9952699976773,20
410.95,18.5955660603305,19.561118567509,20.0441654733384,19.9952699976773,20
411.0,18.5687488544756,19.5074622324324,19.9904792989936,19.9957285049885,20
411.05,18.5687488544756,19.5074622324324,19.9904792989936,19.9957285049885,20
411.1,18.5687488544756,19.5074622324324,19.9904792989936,19.9957285049885,20
411.15,18.5687488544756,19.5074622324324,19.9904792989936,19.9957285049885,20
411.2,18.5687488544756,19.5074622324324,19.9904792989936,19.9957285049885,20
411.25,18.5687488544756,19.5074622324324,19.9904792989936,19.9957285049885,20
411.3,18.5687488544756,19.5074622324324,19.9904792989936,19.9957285049885,20
411.35,18.5687488544756,19.5074622324324,19.9904792989936,19.9957285049885,20
411.4,18.5687488544756,19.5074622324324,19.9904792989936,19.9957285049885,20
411.45,18.5687488544756,19.5074622324324,19.9904792989936,19.9957285049885,20
411.5,18.5687488544756,19.5074622324324,19.9904792989936,19.9947074764037,20
411.55,18.5687488544756,19.5074622324324,19.9904792989936,19.9947074764037,20
411.6,18.5687488544756,19.5074622324324,19.9904792989936,19.9947074764037,20
411.65,18.5687488544756,19.5074622324324,19.9904792989936,19.9947074764037,20
411.7,18.5687488544756,19.5074622324324,19.9904792989936,19.9947074764037,20
411.75,18.5687488544756,19.5074622324324,19.9904792989936,19.9947074764037,20
411.8,18.5687488544756,19.5074622324324,19.9904792989936,19.9947074764037,20
411.85,18.5687488544756,19.5074622324324,19.9904792989936,19.9947074764037,20
411.9,18.5687488544756,19.5074622324324,19.9904792989936,19.9947074764037,20
411.95,18.5687488544756,19.5074622324324,19.9904792989936,19.9947074764037,20
412.0,18.5955660603305,19.5342900728234,20.0173218845233,19.9937206585693,20
412.05,18.5955660603305,19.5342900728234,20.0173218845233,19.9937206585693,20
412.1,18.5955660603305,19.5342900728234,20.0173218845233,19.9937206585693,20
412.15,18.5955660603305,19.5342900728234,20.0173218845233,19.9937206585693,20
412.2,18.5955660603305,19.5342900728234,20.0173218845233,19.9937206585693,20
412.25,18.5955660603305,19.5342900728234,20.0173218845233,19.9937206585693,20
412.3,18.5955660603305,19.5342900728234,20.0173218845233,19.9937206585693,20
412.35,18.5955660603305,19.5342900728234,20.0173218845233,19.9937206585693,20
412.4,18.5955660603305,19.5342900728234,20.0173218845233,19.9937206585693,20
412.45,18.5955660603305,19.5342900728234,20.0173218845233,19.9937206585693,20
412.5,18.6223832380181,19.561118567509,20.0441654733384,19.9934990012442,20
412.55,18.6223832380181,19.561118567509,20.0441654733384,19.9934990012442,20
412.6,18.6223832380181,19.561118567509,20.0441654733384,19.9934990012442,20
412.65,18.6223832380181,19.561118567509,20.0441654733384,19.9934990012442,20
412.7,18.6223832380181,19.561118567509,20.0441654733384,19.9934990012442,20
412.75,18.6223832380181,19.561118567509,20.0441654733384,19.9934990012442,20
412.8,18.6223832380181,19.561118567509,20.0441654733384,19.9934990012442,20
412.85,18.6223832380181,19.561118567509,20.0441654733384,19.9934990012442,20
412.9,18.6223832380181,19.561118567509,20.0441654733384,19.9934990012442,20
412.95,18.6223832380181,19.561118567509,20.0441654733384,19.9934990012442,20
413.0,18.6223832380181,19.561118567509,20.0441654733384,19.9940171642059,20
413.05,18.6223832380181,19.561118567509,20.0441654733384,19.9940171642059,20
413.1,18.6223832380181,19.561118567509,20.0441654733384,19.9940171642059,20
413.15,18.6223832380181,19.561118567509,20.0441654733384,19.9940171642059,20
413.2,18.6223832380181,19.561118567509,20.0441654733384,19.9940171642059,20
413.25,18.6223832380181,19.561118567509,20.0441654733384,19.9940171642059,20
413.3,18.6223832380181,19.561118567509,20.0441654733384,19.9940171642059,20
413.35,18.6223832380181,19.561118567509,20.0441654733384,19.9940171642059,20
413.4,18.6223832380181,19.561118567509,20.0441654733384,19.9940171642059,20
413.45,18.6223832380181,19.561118567509,20.0441654733384,19.9940171642059,20
413.5,18.5687488544756,19.5342900728234,20.0173218845233,19.9945185153153,20
413.55,18.5687488544756,19.5342900728234,20.0173218845233,19.9945185153153,20
413.6,18.5687488544756,19.5342900728234,20.0173218845233,19.9945185153153,20
413.65,18.5687488544756,19.5342900728234,20.0173218845233,19.9945185153153,20
413.7,18.5687488544756,19.5342900728234,20.0173218845233,19.9945185153153,20
413.75,18.5687488544756,19.5342900728234,20.0173218845233,19.9945185153153,20
413.8,18.5687488544756,19.5342900728234,20.0173218845233,19.9945185153153,20
413.85,18.5687488544756,19.5342900728234,20.0173218845233,19.9945185153153,20
413.9,18.5687488544756,19.5342900728234,20.0173218845233,19.9945185153153,20
413.95,18.5687488544756,19.5342900728234,20.0173218845233,19.9945185153153,20
414.0,18.5955660603305,19.561118567509,20.0441654733384,19.9942709649149,20
414.05,18.5955660603305,19.561118567509,20.0441654733384,19.9942709649149,20
414.1,18.5955660603305,19.561118567509,20.0441654733384,19.9942709649149,20
414.15,18.5955660603305,19.561118567509,20.0441654733384,19.9942709649149,20
414.2,18.5955660603305,19.561118567509,20.0441654733384,19.9942709649149,20
414.25,18.5955660603305,19.561118567509,20.0441654733384,19.9942709649149,20
414.3,18.5955660603305,19.561118567509,20.0441654733384,19.9942709649149,20
414.35,18.5955660603305,19.561118567509,20.0441654733384,19.9942709649149,20
414.4,18.5955660603305,19.561118567509,20.0441654733384,19.9942709649149,20
414.45,18.5955660603305,19.561118567509,20.0441654733384,19.9942709649149,20
414.5,18.6223832380181,19.561118567509,20.0441654733384,19.9947630719144,20
414.55,18.6223832380181,19.561118567509,20.0441654733384,19.9947630719144,20
414.6,18.6223832380181,19.561118567509,20.0441654733384,19.9947630719144,20
414.65,18.6223832380181,19.561118567509,20.0441654733384,19.9947630719144,20
414.7,18.6223832380181,19.561118567509,20.0441654733384,19.9947630719144,20
414.75,18.6223832380181,19.561118567509,20.0441654733384,19.9947630719144,20
414.8,18.6223832380181,19.561118567509,20.0441654733384,19.9947630719144,20
414.85,18.6223832380181,19.561118567509,20.0441654733384,19.9947630719144,20
414.9,18.6223832380181,19.561118567509,20.0441654733384,19.9947630719144,20
414.95,18.6223832380181,19.561118567509,20.0441654733384,19.9947630719144,20
415.0,18.5687488544756,19.5342900728234,20.0173218845233,19.9952387452632,20
415.05,18.5687488544756,19.5342900728234,20.0173218845233,19.9952387452632,20
415.1,18.5687488544756,19.5342900728234,20.0173218845233,19.9952387452632,20
415.15,18.5687488544756,19.5342900728234,20.0173218845233,19.9952387452632,20
415.2,18.5687488544756,19.5342900728234,20.0173218845233,19.9952387452632,20
415.25,18.5687488544756,19.5342900728234,20.0173218845233,19.9952387452632,20
415.3,18.5687488544756,19.5342900728234,20.0173218845233,19.9952387452632,20
415.35,18.5687488544756,19.5342900728234,20.0173218845233,19.9952387452632,20
415.4,18.5687488544756,19.5342900728234,20.0173218845233,19.9952387452632,20
415.45,18.5687488544756,19.5342900728234,20.0173218845233,19.9952387452632,20
415.5,18.6223832380181,19.561118567509,20.0441654733384,19.9949664019403,20
415.55,18.6223832380181,19.561118567509,20.0441654733384,19.9949664019403,20
415.6,18.6223832380181,19.561118567509,20.0441654733384,19.9949664019403,20
415.65,18.6223832380181,19.561118567509,20.0441654733384,19.9949664019403,20
415.7,18.6223832380181,19.561118567509,20.0441654733384,19.9949664019403,20
415.75,18.6223832380181,19.561118567509,20.0441654733384,19.9949664019403,20
415.8,18.6223832380181,19.561118567509,20.0441654733384,19.9949664019403,20
415.85,18.6223832380181,19.561118567509,20.0441654733384,19.9949664019403,20
415.9,18.6223832380181,19.561118567509,20.0441654733384,19.9949664019403,20
415.95,18.6223832380181,19.561118567509,20.0441654733384,19.9949664019403,20
416.0,18.5687488544756,19.5074622324324,19.9904792989936,19.9954350912748,20
416.05,18.5687488544756,19.5074622324324,19.9904792989936,19.9954350912748,20
416.1,18.5687488544756,19.5074622324324,19.9904792989936,19.9954350912748,20
416.15,18.5687488544756,19.5074622324324,19.9904792989936,19.9954350912748,20
416.2,18.5687488544756,19.5074622324324,19.9904792989936,19.9954350912748,20
416.25,18.5687488544756,19.5074622324324,19.9904792989936,19.9954350912748,20
416.3,18.5687488544756,19.5074622324324,19.9904792989936,19.9954350912748,20
416.35,18.5687488544756,19.5074622324324,19.9904792989936,19.9954350912748,20
416.4,18.5687488544756,19.5074622324324,19.9904792989936,19.9954350912748,20
416.45,18.5687488544756,19.5074622324324,19.9904792989936,19.9954350912748,20
416.5,18.5955660603305,19.5342900728234,20.0173218845233,19.9944244090766,20
416.55,18.5955660603305,19.5342900728234,20.0173218845233,19.9944244090766,20
416.6,18.5955660603305,19.5342900728234,20.0173218845233,19.9944244090766,20
416.65,18.5955660603305,19.5342900728234,20.0173218845233,19.9944244090766,20
416.7,18.5955660603305,19.5342900728234,20.0173218845233,19.9944244090766,20
416.75,18.5955660603305,19.5342900728234,20.0173218845233,19.9944244090766,20
416.8,18.5955660603305,19.5342900728234,20.0173218845233,19.9944244090766,20
416.85,18.5955660603305,19.5342900728234,20.0173218845233,19.9944244090766,20
416.9,18.5955660603305,19.5342900728234,20.0173218845233,19.9944244090766,20
416.95,18.5955660603305,19.5342900728234,20.0173218845233,19.9944244090766,20
417.0,18.6492004071338,19.5879477359044,20.0710100848024,19.9941796928722,20
417.05,18.6492004071338,19.5879477359044,20.0710100848024,19.9941796928722,20
417.1,18.6492004071338,19.5879477359044,20.0710100848024,19.9941796928722,20
417.15,18.6492004071338,19.5879477359044,20.0710100848024,19.9941796928722,20
417.2,18.6492004071338,19.5879477359044,20.0710100848024,19.9941796928722,20
417.25,18.6492004071338,19.5879477359044,20.0710100848024,19.9941796928722,20
417.3,18.6492004071338,19.5879477359044,20.0710100848024,19.9941796928722,20
417.35,18.6492004071338,19.5879477359044,20.0710100848024,19.9941796928722,20
417.4,18.6492004071338,19.5879477359044,20.0710100848024,19.9941796928722,20
417.45,18.6492004071338,19.5879477359044,20.0710100848024,19.9941796928722,20
417.5,18.5687488544756,19.5074622324324,19.9904792989936,19.995407727238,20
417.55,18.5687488544756,19.5074622324324,19.9904792989936,19.995407727238,20
417.6,18.5687488544756,19.5074622324324,19.9904792989936,19.995407727238,20
417.65,18.5687488544756,19.5074622324324,19.9904792989936,19.995407727238,20
417.7,18.5687488544756,19.5074622324324,19.9904792989936,19.995407727238,20
417.75,18.5687488544756,19.5074622324324,19.9904792989936,19.995407727238,20
417.8,18.5687488544756,19.5074622324324,19.9904792989936,19.995407727238,20
417.85,18.5687488544756,19.5074622324324,19.9904792989936,19.995407727238,20
417.9,18.5687488544756,19.5074622324324,19.9904792989936,19.995407727238,20
417.95,18.5687488544756,19.5074622324324,19.9904792989936,19.995407727238,20
418.0,18.5955660603305,19.5342900728234,20.0173218845233,19.9943990656204,20
418.05,18.5955660603305,19.5342900728234,20.0173218845233,19.9943990656204,20
418.1,18.5955660603305,19.5342900728234,20.0173218845233,19.9943990656204,20
418.15,18.5955660603305,19.5342900728234,20.0173218845233,19.9943990656204,20
418.2,18.5955660603305,19.5342900728234,20.0173218845233,19.9943990656204,20
418.25,18.5955660603305,19.5342900728234,20.0173218845233,19.9943990656204,20
418.3,18.5955660603305,19.5342900728234,20.0173218845233,19.9943990656204,20
418.35,18.5955660603305,19.5342900728234,20.0173218845233,19.9943990656204,20
418.4,18.5955660603305,19.5342900728234,20.0173218845233,19.9943990656204,20
418.45,18.5955660603305,19.5342900728234,20.0173218845233,19.9943990656204,20
418.5,18.6223832380181,19.5879477359044,20.0441654733384,19.9941562851927,20
418.55,18.6223832380181,19.5879477359044,20.0441654733384,19.9941562851927,20
418.6,18.6223832380181,19.5879477359044,20.0441654733384,19.9941562851927,20
418.65,18.6223832380181,19.5879477359044,20.0441654733384,19.9941562851927,20
418.7,18.6223832380181,19.5879477359044,20.0441654733384,19.9941562851927,20
418.75,18.6223832380181,19.5879477359044,20.0441654733384,19.9941562851927,20
418.8,18.6223832380181,19.5879477359044,20.0441654733384,19.9941562851927,20
418.85,18.6223832380181,19.5879477359044,20.0441654733384,19.9941562851927,20
418.9,18.6223832380181,19.5879477359044,20.0441654733384,19.9941562851927,20
418.95,18.6223832380181,19.5879477359044,20.0441654733384,19.9941562851927,20
419.0,18.5955660603305,19.561118567509,20.0441654733384,19.9953856527243,20
419.05,18.5955660603305,19.561118567509,20.0441654733384,19.9953856527243,20
419.1,18.5955660603305,19.561118567509,20.0441654733384,19.9953856527243,20
419.15,18.5955660603305,19.561118567509,20.0441654733384,19.9953856527243,20
419.2,18.5955660603305,19.561118567509,20.0441654733384,19.9953856527243,20
419.25,18.5955660603305,19.561118567509,20.0441654733384,19.9953856527243,20
419.3,18.5955660603305,19.561118567509,20.0441654733384,19.9953856527243,20
419.35,18.5955660603305,19.561118567509,20.0441654733384,19.9953856527243,20
419.4,18.5955660603305,19.561118567509,20.0441654733384,19.9953856527243,20
419.45,18.5955660603305,19.561118567509,20.0441654733384,19.9953856527243,20
419.5,18.6223832380181,19.561118567509,20.0441654733384,19.995841487432,20
419.55,18.6223832380181,19.561118567509,20.0441654733384,19.995841487432,20
419.6,18.6223832380181,19.561118567509,20.0441654733384,19.995841487432,20
419.65,18.6223832380181,19.561118567509,20.0441654733384,19.995841487432,20
419.7,18.6223832380181,19.561118567509,20.0441654733384,19.995841487432,20
419.75,18.6223832380181,19.561118567509,20.0441654733384,19.995841487432,20
419.8,18.6223832380181,19.561118567509,20.0441654733384,19.995841487432,20
419.85,18.6223832380181,19.561118567509,20.0441654733384,19.995841487432,20
419.9,18.6223832380181,19.561118567509,20.0441654733384,19.995841487432,20
419.95,18.6223832380181,19.561118567509,20.0441654733384,19.995841487432,20
420.0,18.6492004071338,19.5879477359044,20.0710100848024,19.9962821088853,20
420.05,18.6492004071338,19.5879477359044,20.0710100848024,19.9962821088853,20
420.1,18.6492004071338,19.5879477359044,20.0710100848024,19.9962821088853,20
420.15,18.6492004071338,19.5879477359044,20.0710100848024,19.9962821088853,20
420.2,18.6492004071338,19.5879477359044,20.0710100848024,19.9962821088853,20
420.25,18.6492004071338,19.5879477359044,20.0710100848024,19.9962821088853,20
420.3,18.6492004071338,19.5879477359044,20.0710100848024,19.9962821088853,20
420.35,18.6492004071338,19.5879477359044,20.0710100848024,19.9962821088853,20
420.4,18.6492004071338,19.5879477359044,20.0710100848024,19.9962821088853,20
420.45,18.6492004071338,19.5879477359044,20.0710100848024,19.9962821088853,20
420.5,18.6223832380181,19.561118567509,20.0441654733384,19.9974406996084,20
420.55,18.6223832380181,19.561118567509,20.0441654733384,19.9974406996084,20
420.6,18.6223832380181,19.561118567509,20.0441654733384,19.9974406996084,20
420.65,18.6223832380181,19.561118567509,20.0441654733384,19.9974406996084,20
420.7,18.6223832380181,19.561118567509,20.0441654733384,19.9974406996084,20
420.75,18.6223832380181,19.561118567509,20.0441654733384,19.9974406996084,20
420.8,18.6223832380181,19.561118567509,20.0441654733384,19.9974406996084,20
420.85,18.6223832380181,19.561118567509,20.0441654733384,19.9974406996084,20
420.9,18.6223832380181,19.561118567509,20.0441654733384,19.9974406996084,20
420.95,18.6223832380181,19.561118567509,20.0441654733384,19.9974406996084,20
421.0,18.6492004071338,19.5879477359044,20.0710100848024,19.9978291970437,20
421.05,18.6492004071338,19.5879477359044,20.0710100848024,19.9978291970437,20
421.1,18.6492004071338,19.5879477359044,20.0710100848024,19.9978291970437,20
421.15,18.6492004071338,19.5879477359044,20.0710100848024,19.9978291970437,20
421.2,18.6492004071338,19.5879477359044,20.0710100848024,19.9978291970437,20
421.25,18.6492004071338,19.5879477359044,20.0710100848024,19.9978291970437,20
421.3,18.6492004071338,19.5879477359044,20.0710100848024,19.9978291970437,20
421.35,18.6492004071338,19.5879477359044,20.0710100848024,19.9978291970437,20
421.4,18.6492004071338,19.5879477359044,20.0710100848024,19.9978291970437,20
421.45,18.6492004071338,19.5879477359044,20.0710100848024,19.9978291970437,20
421.5,18.5687488544756,19.5074622324324,19.9904792989936,19.9989374196993,20
421.55,18.5687488544756,19.5074622324324,19.9904792989936,19.9989374196993,20
421.6,18.5687488544756,19.5074622324324,19.9904792989936,19.9989374196993,20
421.65,18.5687488544756,19.5074622324324,19.9904792989936,19.9989374196993,20
421.7,18.5687488544756,19.5074622324324,19.9904792989936,19.9989374196993,20
421.75,18.5687488544756,19.5074622324324,19.9904792989936,19.9989374196993,20
421.8,18.5687488544756,19.5074622324324,19.9904792989936,19.9989374196993,20
421.85,18.5687488544756,19.5074622324324,19.9904792989936,19.9989374196993,20
421.9,18.5687488544756,19.5074622324324,19.9904792989936,19.9989374196993,20
421.95,18.5687488544756,19.5074622324324,19.9904792989936,19.9989374196993,20
422.0,18.5955660603305,19.5342900728234,20.0173218845233,19.9978129948521,20
422.05,18.5955660603305,19.5342900728234,20.0173218845233,19.9978129948521,20
422.1,18.5955660603305,19.5342900728234,20.0173218845233,19.9978129948521,20
422.15,18.5955660603305,19.5342900728234,20.0173218845233,19.9978129948521,20
422.2,18.5955660603305,19.5342900728234,20.0173218845233,19.9978129948521,20
422.25,18.5955660603305,19.5342900728234,20.0173218845233,19.9978129948521,20
422.3,18.5955660603305,19.5342900728234,20.0173218845233,19.9978129948521,20
422.35,18.5955660603305,19.5342900728234,20.0173218845233,19.9978129948521,20
422.4,18.5955660603305,19.5342900728234,20.0173218845233,19.9978129948521,20
422.45,18.5955660603305,19.5342900728234,20.0173218845233,19.9978129948521,20
422.5,18.5955660603305,19.5342900728234,20.0173218845233,19.9974583610612,20
422.55,18.5955660603305,19.5342900728234,20.0173218845233,19.9974583610612,20
422.6,18.5955660603305,19.5342900728234,20.0173218845233,19.9974583610612,20
422.65,18.5955660603305,19.5342900728234,20.0173218845233,19.9974583610612,20
422.7,18.5955660603305,19.5342900728234,20.0173218845233,19.9974583610612,20
422.75,18.5955660603305,19.5342900728234,20.0173218845233,19.9974583610612,20
422.8,18.5955660603305,19.5342900728234,20.0173218845233,19.9974583610612,20
422.85,18.5955660603305,19.5342900728234,20.0173218845233,19.9974583610612,20
422.9,18.5955660603305,19.5342900728234,20.0173218845233,19.9974583610612,20
422.95,18.5955660603305,19.5342900728234,20.0173218845233,19.9974583610612,20
423.0,18.5687488544756,19.5342900728234,19.9904792989936,19.9971158858595,20
423.05,18.5687488544756,19.5342900728234,19.9904792989936,19.9971158858595,20
423.1,18.5687488544756,19.5342900728234,19.9904792989936,19.9971158858595,20
423.15,18.5687488544756,19.5342900728234,19.9904792989936,19.9971158858595,20
423.2,18.5687488544756,19.5342900728234,19.9904792989936,19.9971158858595,20
423.25,18.5687488544756,19.5342900728234,19.9904792989936,19.9971158858595,20
423.3,18.5687488544756,19.5342900728234,19.9904792989936,19.9971158858595,20
423.35,18.5687488544756,19.5342900728234,19.9904792989936,19.9971158858595,20
423.4,18.5687488544756,19.5342900728234,19.9904792989936,19.9971158858595,20
423.45,18.5687488544756,19.5342900728234,19.9904792989936,19.9971158858595,20
423.5,18.5955660603305,19.5342900728234,20.0173218845233,19.9967846297179,20
423.55,18.5955660603305,19.5342900728234,20.0173218845233,19.9967846297179,20
423.6,18.5955660603305,19.5342900728234,20.0173218845233,19.9967846297179,20
423.65,18.5955660603305,19.5342900728234,20.0173218845233,19.9967846297179,20
423.7,18.5955660603305,19.5342900728234,20.0173218845233,19.9967846297179,20
423.75,18.5955660603305,19.5342900728234,20.0173218845233,19.9967846297179,20
423.8,18.5955660603305,19.5342900728234,20.0173218845233,19.9967846297179,20
423.85,18.5955660603305,19.5342900728234,20.0173218845233,19.9967846297179,20
423.9,18.5955660603305,19.5342900728234,20.0173218845233,19.9967846297179,20
423.95,18.5955660603305,19.5342900728234,20.0173218845233,19.9967846297179,20
424.0,18.5687488544756,19.5074622324324,19.9904792989936,19.9964642220508,20
424.05,18.5687488544756,19.5074622324324,19.9904792989936,19.9964642220508,20
424.1,18.5687488544756,19.5074622324324,19.9904792989936,19.9964642220508,20
424.15,18.5687488544756,19.5074622324324,19.9904792989936,19.9964642220508,20
424.2,18.5687488544756,19.5074622324324,19.9904792989936,19.9964642220508,20
424.25,18.5687488544756,19.5074622324324,19.9904792989936,19.9964642220508,20
424.3,18.5687488544756,19.5074622324324,19.9904792989936,19.9964642220508,20
424.35,18.5687488544756,19.5074622324324,19.9904792989936,19.9964642220508,20
424.4,18.5687488544756,19.5074622324324,19.9904792989936,19.9964642220508,20
424.45,18.5687488544756,19.5074622324324,19.9904792989936,19.9964642220508,20
424.5,18.5687488544756,19.5074622324324,19.9904792989936,19.9954226928022,20
424.55,18.5687488544756,19.5074622324324,19.9904792989936,19.9954226928022,20
424.6,18.5687488544756,19.5074622324324,19.9904792989936,19.9954226928022,20
424.65,18.5687488544756,19.5074622324324,19.9904792989936,19.9954226928022,20
424.7,18.5687488544756,19.5074622324324,19.9904792989936,19.9954226928022,20
424.75,18.5687488544756,19.5074622324324,19.9904792989936,19.9954226928022,20
424.8,18.5687488544756,19.5074622324324,19.9904792989936,19.9954226928022,20
424.85,18.5687488544756,19.5074622324324,19.9904792989936,19.9954226928022,20
424.9,18.5687488544756,19.5074622324324,19.9904792989936,19.9954226928022,20
424.95,18.5687488544756,19.5074622324324,19.9904792989936,19.9954226928022,20
425.0,18.6223832380181,19.561118567509,20.0441654733384,19.9944160112423,20
425.05,18.6223832380181,19.561118567509,20.0441654733384,19.9944160112423,20
425.1,18.6223832380181,19.561118567509,20.0441654733384,19.9944160112423,20
425.15,18.6223832380181,19.561118567509,20.0441654733384,19.9944160112423,20
425.2,18.6223832380181,19.561118567509,20.0441654733384,19.9944160112423,20
425.25,18.6223832380181,19.561118567509,20.0441654733384,19.9944160112423,20
425.3,18.6223832380181,19.561118567509,20.0441654733384,19.9944160112423,20
425.35,18.6223832380181,19.561118567509,20.0441654733384,19.9944160112423,20
425.4,18.6223832380181,19.561118567509,20.0441654733384,19.9944160112423,20
425.45,18.6223832380181,19.561118567509,20.0441654733384,19.9944160112423,20
425.5,18.5955660603305,19.5342900728234,20.0173218845233,19.9949072400855,20
425.55,18.5955660603305,19.5342900728234,20.0173218845233,19.9949072400855,20
425.6,18.5955660603305,19.5342900728234,20.0173218845233,19.9949072400855,20
425.65,18.5955660603305,19.5342900728234,20.0173218845233,19.9949072400855,20
425.7,18.5955660603305,19.5342900728234,20.0173218845233,19.9949072400855,20
425.75,18.5955660603305,19.5342900728234,20.0173218845233,19.9949072400855,20
425.8,18.5955660603305,19.5342900728234,20.0173218845233,19.9949072400855,20
425.85,18.5955660603305,19.5342900728234,20.0173218845233,19.9949072400855,20
425.9,18.5955660603305,19.5342900728234,20.0173218845233,19.9949072400855,20
425.95,18.5955660603305,19.5342900728234,20.0173218845233,19.9949072400855,20
426.0,18.6223832380181,19.561118567509,20.0441654733384,19.9946503845001,20
426.05,18.6223832380181,19.561118567509,20.0441654733384,19.9946503845001,20
426.1,18.6223832380181,19.561118567509,20.0441654733384,19.9946503845001,20
426.15,18.6223832380181,19.561118567509,20.0441654733384,19.9946503845001,20
426.2,18.6223832380181,19.561118567509,20.0441654733384,19.9946503845001,20
426.25,18.6223832380181,19.561118567509,20.0441654733384,19.9946503845001,20
426.3,18.6223832380181,19.561118567509,20.0441654733384,19.9946503845001,20
426.35,18.6223832380181,19.561118567509,20.0441654733384,19.9946503845001,20
426.4,18.6223832380181,19.561118567509,20.0441654733384,19.9946503845001,20
426.45,18.6223832380181,19.561118567509,20.0441654733384,19.9946503845001,20
426.5,18.6223832380181,19.561118567509,20.0441654733384,19.9951344812649,20
426.55,18.6223832380181,19.561118567509,20.0441654733384,19.9951344812649,20
426.6,18.6223832380181,19.561118567509,20.0441654733384,19.9951344812649,20
426.65,18.6223832380181,19.561118567509,20.0441654733384,19.9951344812649,20
426.7,18.6223832380181,19.561118567509,20.0441654733384,19.9951344812649,20
426.75,18.6223832380181,19.561118567509,20.0441654733384,19.9951344812649,20
426.8,18.6223832380181,19.561118567509,20.0441654733384,19.9951344812649,20
426.85,18.6223832380181,19.561118567509,20.0441654733384,19.9951344812649,20
426.9,18.6223832380181,19.561118567509,20.0441654733384,19.9951344812649,20
426.95,18.6223832380181,19.561118567509,20.0441654733384,19.9951344812649,20
427.0,18.5687488544756,19.5074622324324,19.9904792989936,19.9956028602891,20
427.05,18.5687488544756,19.5074622324324,19.9904792989936,19.9956028602891,20
427.1,18.5687488544756,19.5074622324324,19.9904792989936,19.9956028602891,20
427.15,18.5687488544756,19.5074622324324,19.9904792989936,19.9956028602891,20
427.2,18.5687488544756,19.5074622324324,19.9904792989936,19.9956028602891,20
427.25,18.5687488544756,19.5074622324324,19.9904792989936,19.9956028602891,20
427.3,18.5687488544756,19.5074622324324,19.9904792989936,19.9956028602891,20
427.35,18.5687488544756,19.5074622324324,19.9904792989936,19.9956028602891,20
427.4,18.5687488544756,19.5074622324324,19.9904792989936,19.9956028602891,20
427.45,18.5687488544756,19.5074622324324,19.9904792989936,19.9956028602891,20
427.5,18.5955660603305,19.5342900728234,20.0173218845233,19.9945918000532,20
427.55,18.5955660603305,19.5342900728234,20.0173218845233,19.9945918000532,20
427.6,18.5955660603305,19.5342900728234,20.0173218845233,19.9945918000532,20
427.65,18.5955660603305,19.5342900728234,20.0173218845233,19.9945918000532,20
427.7,18.5955660603305,19.5342900728234,20.0173218845233,19.9945918000532,20
427.75,18.5955660603305,19.5342900728234,20.0173218845233,19.9945918000532,20
427.8,18.5955660603305,19.5342900728234,20.0173218845233,19.9945918000532,20
427.85,18.5955660603305,19.5342900728234,20.0173218845233,19.9945918000532,20
427.9,18.5955660603305,19.5342900728234,20.0173218845233,19.9945918000532,20
427.95,18.5955660603305,19.5342900728234,20.0173218845233,19.9945918000532,20
428.0,18.5955660603305,19.561118567509,20.0441654733384,19.9943466414644,20
428.05,18.5955660603305,19.561118567509,20.0441654733384,19.9943466414644,20
428.1,18.5955660603305,19.561118567509,20.0441654733384,19.9943466414644,20
428.15,18.5955660603305,19.561118567509,20.0441654733384,19.9943466414644,20
428.2,18.5955660603305,19.561118567509,20.0441654733384,19.9943466414644,20
428.25,18.5955660603305,19.561118567509,20.0441654733384,19.9943466414644,20
428.3,18.5955660603305,19.561118567509,20.0441654733384,19.9943466414644,20
428.35,18.5955660603305,19.561118567509,20.0441654733384,19.9943466414644,20
428.4,18.5955660603305,19.561118567509,20.0441654733384,19.9943466414644,20
428.45,18.5955660603305,19.561118567509,20.0441654733384,19.9943466414644,20
428.5,18.6223832380181,19.561118567509,20.0441654733384,19.9948414990825,20
428.55,18.6223832380181,19.561118567509,20.0441654733384,19.9948414990825,20
428.6,18.6223832380181,19.561118567509,20.0441654733384,19.9948414990825,20
428.65,18.6223832380181,19.561118567509,20.0441654733384,19.9948414990825,20
428.7,18.6223832380181,19.561118567509,20.0441654733384,19.9948414990825,20
428.75,18.6223832380181,19.561118567509,20.0441654733384,19.9948414990825,20
428.8,18.6223832380181,19.561118567509,20.0441654733384,19.9948414990825,20
428.85,18.6223832380181,19.561118567509,20.0441654733384,19.9948414990825,20
428.9,18.6223832380181,19.561118567509,20.0441654733384,19.9948414990825,20
428.95,18.6223832380181,19.561118567509,20.0441654733384,19.9948414990825,20
429.0,18.6223832380181,19.561118567509,20.0441654733384,19.9953197508798,20
429.05,18.6223832380181,19.561118567509,20.0441654733384,19.9953197508798,20
429.1,18.6223832380181,19.561118567509,20.0441654733384,19.9953197508798,20
429.15,18.6223832380181,19.561118567509,20.0441654733384,19.9953197508798,20
429.2,18.6223832380181,19.561118567509,20.0441654733384,19.9953197508798,20
429.25,18.6223832380181,19.561118567509,20.0441654733384,19.9953197508798,20
429.3,18.6223832380181,19.561118567509,20.0441654733384,19.9953197508798,20
429.35,18.6223832380181,19.561118567509,20.0441654733384,19.9953197508798,20
429.4,18.6223832380181,19.561118567509,20.0441654733384,19.9953197508798,20
429.45,18.6223832380181,19.561118567509,20.0441654733384,19.9953197508798,20
429.5,18.5419316008513,19.5074622324324,19.9904792989936,19.9957824757247,20
429.55,18.5419316008513,19.5074622324324,19.9904792989936,19.9957824757247,20
429.6,18.5419316008513,19.5074622324324,19.9904792989936,19.9957824757247,20
429.65,18.5419316008513,19.5074622324324,19.9904792989936,19.9957824757247,20
429.7,18.5419316008513,19.5074622324324,19.9904792989936,19.9957824757247,20
429.75,18.5419316008513,19.5074622324324,19.9904792989936,19.9957824757247,20
429.8,18.5419316008513,19.5074622324324,19.9904792989936,19.9957824757247,20
429.85,18.5419316008513,19.5074622324324,19.9904792989936,19.9957824757247,20
429.9,18.5419316008513,19.5074622324324,19.9904792989936,19.9957824757247,20
429.95,18.5419316008513,19.5074622324324,19.9904792989936,19.9957824757247,20
430.0,18.5955660603305,19.5342900728234,20.0173218845233,19.9947654247409,20
430.05,18.5955660603305,19.5342900728234,20.0173218845233,19.9947654247409,20
430.1,18.5955660603305,19.5342900728234,20.0173218845233,19.9947654247409,20
430.15,18.5955660603305,19.5342900728234,20.0173218845233,19.9947654247409,20
430.2,18.5955660603305,19.5342900728234,20.0173218845233,19.9947654247409,20
430.25,18.5955660603305,19.5342900728234,20.0173218845233,19.9947654247409,20
430.3,18.5955660603305,19.5342900728234,20.0173218845233,19.9947654247409,20
430.35,18.5955660603305,19.5342900728234,20.0173218845233,19.9947654247409,20
430.4,18.5955660603305,19.5342900728234,20.0173218845233,19.9947654247409,20
430.45,18.5955660603305,19.5342900728234,20.0173218845233,19.9947654247409,20
430.5,18.6223832380181,19.561118567509,20.0441654733384,19.9945139662052,20
430.55,18.6223832380181,19.561118567509,20.0441654733384,19.9945139662052,20
430.6,18.6223832380181,19.561118567509,20.0441654733384,19.9945139662052,20
430.65,18.6223832380181,19.561118567509,20.0441654733384,19.9945139662052,20
430.7,18.6223832380181,19.561118567509,20.0441654733384,19.9945139662052,20
430.75,18.6223832380181,19.561118567509,20.0441654733384,19.9945139662052,20
430.8,18.6223832380181,19.561118567509,20.0441654733384,19.9945139662052,20
430.85,18.6223832380181,19.561118567509,20.0441654733384,19.9945139662052,20
430.9,18.6223832380181,19.561118567509,20.0441654733384,19.9945139662052,20
430.95,18.6223832380181,19.561118567509,20.0441654733384,19.9945139662052,20
431.0,18.5955660603305,19.5342900728234,20.0173218845233,19.9950032659056,20
431.05,18.5955660603305,19.5342900728234,20.0173218845233,19.9950032659056,20
431.1,18.5955660603305,19.5342900728234,20.0173218845233,19.9950032659056,20
431.15,18.5955660603305,19.5342900728234,20.0173218845233,19.9950032659056,20
431.2,18.5955660603305,19.5342900728234,20.0173218845233,19.9950032659056,20
431.25,18.5955660603305,19.5342900728234,20.0173218845233,19.9950032659056,20
431.3,18.5955660603305,19.5342900728234,20.0173218845233,19.9950032659056,20
431.35,18.5955660603305,19.5342900728234,20.0173218845233,19.9950032659056,20
431.4,18.5955660603305,19.5342900728234,20.0173218845233,19.9950032659056,20
431.45,18.5955660603305,19.5342900728234,20.0173218845233,19.9950032659056,20
431.5,18.6223832380181,19.561118567509,20.0441654733384,19.9947445266047,20
431.55,18.6223832380181,19.561118567509,20.0441654733384,19.9947445266047,20
431.6,18.6223832380181,19.561118567509,20.0441654733384,19.9947445266047,20
431.65,18.6223832380181,19.561118567509,20.0441654733384,19.9947445266047,20
431.7,18.6223832380181,19.561118567509,20.0441654733384,19.9947445266047,20
431.75,18.6223832380181,19.561118567509,20.0441654733384,19.9947445266047,20
431.8,18.6223832380181,19.561118567509,20.0441654733384,19.9947445266047,20
431.85,18.6223832380181,19.561118567509,20.0441654733384,19.9947445266047,20
431.9,18.6223832380181,19.561118567509,20.0441654733384,19.9947445266047,20
431.95,18.6223832380181,19.561118567509,20.0441654733384,19.9947445266047,20
432.0,18.5687488544756,19.5342900728234,20.0173218845233,19.9952267838092,20
432.05,18.5687488544756,19.5342900728234,20.0173218845233,19.9952267838092,20
432.1,18.5687488544756,19.5342900728234,20.0173218845233,19.9952267838092,20
432.15,18.5687488544756,19.5342900728234,20.0173218845233,19.9952267838092,20
432.2,18.5687488544756,19.5342900728234,20.0173218845233,19.9952267838092,20
432.25,18.5687488544756,19.5342900728234,20.0173218845233,19.9952267838092,20
432.3,18.5687488544756,19.5342900728234,20.0173218845233,19.9952267838092,20
432.35,18.5687488544756,19.5342900728234,20.0173218845233,19.9952267838092,20
432.4,18.5687488544756,19.5342900728234,20.0173218845233,19.9952267838092,20
432.45,18.5687488544756,19.5342900728234,20.0173218845233,19.9952267838092,20
432.5,18.5687488544756,19.5074622324324,19.9904792989936,19.9949607112987,20
432.55,18.5687488544756,19.5074622324324,19.9904792989936,19.9949607112987,20
432.6,18.5687488544756,19.5074622324324,19.9904792989936,19.9949607112987,20
432.65,18.5687488544756,19.5074622324324,19.9904792989936,19.9949607112987,20
432.7,18.5687488544756,19.5074622324324,19.9904792989936,19.9949607112987,20
432.75,18.5687488544756,19.5074622324324,19.9904792989936,19.9949607112987,20
432.8,18.5687488544756,19.5074622324324,19.9904792989936,19.9949607112987,20
432.85,18.5687488544756,19.5074622324324,19.9904792989936,19.9949607112987,20
432.9,18.5687488544756,19.5074622324324,19.9904792989936,19.9949607112987,20
432.95,18.5687488544756,19.5074622324324,19.9904792989936,19.9949607112987,20
433.0,18.5687488544756,19.5074622324324,19.9904792989936,19.9939711202737,20
433.05,18.5687488544756,19.5074622324324,19.9904792989936,19.9939711202737,20
433.1,18.5687488544756,19.5074622324324,19.9904792989936,19.9939711202737,20
433.15,18.5687488544756,19.5074622324324,19.9904792989936,19.9939711202737,20
433.2,18.5687488544756,19.5074622324324,19.9904792989936,19.9939711202737,20
433.25,18.5687488544756,19.5074622324324,19.9904792989936,19.9939711202737,20
433.3,18.5687488544756,19.5074622324324,19.9904792989936,19.9939711202737,20
433.35,18.5687488544756,19.5074622324324,19.9904792989936,19.9939711202737,20
433.4,18.5687488544756,19.5074622324324,19.9904792989936,19.9939711202737,20
433.45,18.5687488544756,19.5074622324324,19.9904792989936,19.9939711202737,20
433.5,18.5955660603305,19.5342900728234,20.0173218845233,19.9930145824564,20
433.55,18.5955660603305,19.5342900728234,20.0173218845233,19.9930145824564,20
433.6,18.5955660603305,19.5342900728234,20.0173218845233,19.9930145824564,20
433.65,18.5955660603305,19.5342900728234,20.0173218845233,19.9930145824564,20
433.7,18.5955660603305,19.5342900728234,20.0173218845233,19.9930145824564,20
433.75,18.5955660603305,19.5342900728234,20.0173218845233,19.9930145824564,20
433.8,18.5955660603305,19.5342900728234,20.0173218845233,19.9930145824564,20
433.85,18.5955660603305,19.5342900728234,20.0173218845233,19.9930145824564,20
433.9,18.5955660603305,19.5342900728234,20.0173218845233,19.9930145824564,20
433.95,18.5955660603305,19.5342900728234,20.0173218845233,19.9930145824564,20
434.0,18.6492004071338,19.5879477359044,20.0710100848024,19.9928220885898,20
434.05,18.6492004071338,19.5879477359044,20.0710100848024,19.9928220885898,20
434.1,18.6492004071338,19.5879477359044,20.0710100848024,19.9928220885898,20
434.15,18.6492004071338,19.5879477359044,20.0710100848024,19.9928220885898,20
434.2,18.6492004071338,19.5879477359044,20.0710100848024,19.9928220885898,20
434.25,18.6492004071338,19.5879477359044,20.0710100848024,19.9928220885898,20
434.3,18.6492004071338,19.5879477359044,20.0710100848024,19.9928220885898,20
434.35,18.6492004071338,19.5879477359044,20.0710100848024,19.9928220885898,20
434.4,18.6492004071338,19.5879477359044,20.0710100848024,19.9928220885898,20
434.45,18.6492004071338,19.5879477359044,20.0710100848024,19.9928220885898,20
434.5,18.6223832380181,19.561118567509,20.0441654733384,19.9941004903532,20
434.55,18.6223832380181,19.561118567509,20.0441654733384,19.9941004903532,20
434.6,18.6223832380181,19.561118567509,20.0441654733384,19.9941004903532,20
434.65,18.6223832380181,19.561118567509,20.0441654733384,19.9941004903532,20
434.7,18.6223832380181,19.561118567509,20.0441654733384,19.9941004903532,20
434.75,18.6223832380181,19.561118567509,20.0441654733384,19.9941004903532,20
434.8,18.6223832380181,19.561118567509,20.0441654733384,19.9941004903532,20
434.85,18.6223832380181,19.561118567509,20.0441654733384,19.9941004903532,20
434.9,18.6223832380181,19.561118567509,20.0441654733384,19.9941004903532,20
434.95,18.6223832380181,19.561118567509,20.0441654733384,19.9941004903532,20
435.0,18.6223832380181,19.561118567509,20.0441654733384,19.9946046560753,20
435.05,18.6223832380181,19.561118567509,20.0441654733384,19.9946046560753,20
435.1,18.6223832380181,19.561118567509,20.0441654733384,19.9946046560753,20
435.15,18.6223832380181,19.561118567509,20.0441654733384,19.9946046560753,20
435.2,18.6223832380181,19.561118567509,20.0441654733384,19.9946046560753,20
435.25,18.6223832380181,19.561118567509,20.0441654733384,19.9946046560753,20
435.3,18.6223832380181,19.561118567509,20.0441654733384,19.9946046560753,20
435.35,18.6223832380181,19.561118567509,20.0441654733384,19.9946046560753,20
435.4,18.6223832380181,19.561118567509,20.0441654733384,19.9946046560753,20
435.45,18.6223832380181,19.561118567509,20.0441654733384,19.9946046560753,20
435.5,18.6223832380181,19.561118567509,20.0441654733384,19.9950923950715,20
435.55,18.6223832380181,19.561118567509,20.0441654733384,19.9950923950715,20
435.6,18.6223832380181,19.561118567509,20.0441654733384,19.9950923950715,20
435.65,18.6223832380181,19.561118567509,20.0441654733384,19.9950923950715,20
435.7,18.6223832380181,19.561118567509,20.0441654733384,19.9950923950715,20
435.75,18.6223832380181,19.561118567509,20.0441654733384,19.9950923950715,20
435.8,18.6223832380181,19.561118567509,20.0441654733384,19.9950923950715,20
435.85,18.6223832380181,19.561118567509,20.0441654733384,19.9950923950715,20
435.9,18.6223832380181,19.561118567509,20.0441654733384,19.9950923950715,20
435.95,18.6223832380181,19.561118567509,20.0441654733384,19.9950923950715,20
436.0,18.6223832380181,19.561118567509,20.0441654733384,19.9955642606409,20
436.05,18.6223832380181,19.561118567509,20.0441654733384,19.9955642606409,20
436.1,18.6223832380181,19.561118567509,20.0441654733384,19.9955642606409,20
436.15,18.6223832380181,19.561118567509,20.0441654733384,19.9955642606409,20
436.2,18.6223832380181,19.561118567509,20.0441654733384,19.9955642606409,20
436.25,18.6223832380181,19.561118567509,20.0441654733384,19.9955642606409,20
436.3,18.6223832380181,19.561118567509,20.0441654733384,19.9955642606409,20
436.35,18.6223832380181,19.561118567509,20.0441654733384,19.9955642606409,20
436.4,18.6223832380181,19.561118567509,20.0441654733384,19.9955642606409,20
436.45,18.6223832380181,19.561118567509,20.0441654733384,19.9955642606409,20
436.5,18.6223832380181,19.561118567509,20.0441654733384,19.9960207871588,20
436.55,18.6223832380181,19.561118567509,20.0441654733384,19.9960207871588,20
436.6,18.6223832380181,19.561118567509,20.0441654733384,19.9960207871588,20
436.65,18.6223832380181,19.561118567509,20.0441654733384,19.9960207871588,20
436.7,18.6223832380181,19.561118567509,20.0441654733384,19.9960207871588,20
436.75,18.6223832380181,19.561118567509,20.0441654733384,19.9960207871588,20
436.8,18.6223832380181,19.561118567509,20.0441654733384,19.9960207871588,20
436.85,18.6223832380181,19.561118567509,20.0441654733384,19.9960207871588,20
436.9,18.6223832380181,19.561118567509,20.0441654733384,19.9960207871588,20
436.95,18.6223832380181,19.561118567509,20.0441654733384,19.9960207871588,20
437.0,18.5687488544756,19.5074622324324,19.9904792989936,19.9964624907282,20
437.05,18.5687488544756,19.5074622324324,19.9904792989936,19.9964624907282,20
437.1,18.5687488544756,19.5074622324324,19.9904792989936,19.9964624907282,20
437.15,18.5687488544756,19.5074622324324,19.9904792989936,19.9964624907282,20
437.2,18.5687488544756,19.5074622324324,19.9904792989936,19.9964624907282,20
437.25,18.5687488544756,19.5074622324324,19.9904792989936,19.9964624907282,20
437.3,18.5687488544756,19.5074622324324,19.9904792989936,19.9964624907282,20
437.35,18.5687488544756,19.5074622324324,19.9904792989936,19.9964624907282,20
437.4,18.5687488544756,19.5074622324324,19.9904792989936,19.9964624907282,20
437.45,18.5687488544756,19.5074622324324,19.9904792989936,19.9964624907282,20
437.5,18.5955660603305,19.5342900728234,20.0173218845233,19.9954256197031,20
437.55,18.5955660603305,19.5342900728234,20.0173218845233,19.9954256197031,20
437.6,18.5955660603305,19.5342900728234,20.0173218845233,19.9954256197031,20
437.65,18.5955660603305,19.5342900728234,20.0173218845233,19.9954256197031,20
437.7,18.5955660603305,19.5342900728234,20.0173218845233,19.9954256197031,20
437.75,18.5955660603305,19.5342900728234,20.0173218845233,19.9954256197031,20
437.8,18.5955660603305,19.5342900728234,20.0173218845233,19.9954256197031,20
437.85,18.5955660603305,19.5342900728234,20.0173218845233,19.9954256197031,20
437.9,18.5955660603305,19.5342900728234,20.0173218845233,19.9954256197031,20
437.95,18.5955660603305,19.5342900728234,20.0173218845233,19.9954256197031,20
438.0,18.5687488544756,19.5074622324324,19.9904792989936,19.9951554858961,20
438.05,18.5687488544756,19.5074622324324,19.9904792989936,19.9951554858961,20
438.1,18.5687488544756,19.5074622324324,19.9904792989936,19.9951554858961,20
438.15,18.5687488544756,19.5074622324324,19.9904792989936,19.9951554858961,20
438.2,18.5687488544756,19.5074622324324,19.9904792989936,19.9951554858961,20
438.25,18.5687488544756,19.5074622324324,19.9904792989936,19.9951554858961,20
438.3,18.5687488544756,19.5074622324324,19.9904792989936,19.9951554858961,20
438.35,18.5687488544756,19.5074622324324,19.9904792989936,19.9951554858961,20
438.4,18.5687488544756,19.5074622324324,19.9904792989936,19.9951554858961,20
438.45,18.5687488544756,19.5074622324324,19.9904792989936,19.9951554858961,20
438.5,18.5687488544756,19.5342900728234,19.9904792989936,19.9941624465864,20
438.55,18.5687488544756,19.5342900728234,19.9904792989936,19.9941624465864,20
438.6,18.5687488544756,19.5342900728234,19.9904792989936,19.9941624465864,20
438.65,18.5687488544756,19.5342900728234,19.9904792989936,19.9941624465864,20
438.7,18.5687488544756,19.5342900728234,19.9904792989936,19.9941624465864,20
438.75,18.5687488544756,19.5342900728234,19.9904792989936,19.9941624465864,20
438.8,18.5687488544756,19.5342900728234,19.9904792989936,19.9941624465864,20
438.85,18.5687488544756,19.5342900728234,19.9904792989936,19.9941624465864,20
438.9,18.5687488544756,19.5342900728234,19.9904792989936,19.9941624465864,20
438.95,18.5687488544756,19.5342900728234,19.9904792989936,19.9941624465864,20
439.0,18.5955660603305,19.5342900728234,20.0173218845233,19.9939341284927,20
439.05,18.5955660603305,19.5342900728234,20.0173218845233,19.9939341284927,20
439.1,18.5955660603305,19.5342900728234,20.0173218845233,19.9939341284927,20
439.15,18.5955660603305,19.5342900728234,20.0173218845233,19.9939341284927,20
439.2,18.5955660603305,19.5342900728234,20.0173218845233,19.9939341284927,20
439.25,18.5955660603305,19.5342900728234,20.0173218845233,19.9939341284927,20
439.3,18.5955660603305,19.5342900728234,20.0173218845233,19.9939341284927,20
439.35,18.5955660603305,19.5342900728234,20.0173218845233,19.9939341284927,20
439.4,18.5955660603305,19.5342900728234,20.0173218845233,19.9939341284927,20
439.45,18.5955660603305,19.5342900728234,20.0173218845233,19.9939341284927,20
439.5,18.5955660603305,19.5342900728234,20.0173218845233,19.9937130899905,20
439.55,18.5955660603305,19.5342900728234,20.0173218845233,19.9937130899905,20
439.6,18.5955660603305,19.5342900728234,20.0173218845233,19.9937130899905,20
439.65,18.5955660603305,19.5342900728234,20.0173218845233,19.9937130899905,20
439.7,18.5955660603305,19.5342900728234,20.0173218845233,19.9937130899905,20
439.75,18.5955660603305,19.5342900728234,20.0173218845233,19.9937130899905,20
439.8,18.5955660603305,19.5342900728234,20.0173218845233,19.9937130899905,20
439.85,18.5955660603305,19.5342900728234,20.0173218845233,19.9937130899905,20
439.9,18.5955660603305,19.5342900728234,20.0173218845233,19.9937130899905,20
439.95,18.5955660603305,19.5342900728234,20.0173218845233,19.9937130899905,20
440.0,18.6223832380181,19.5879477359044,20.0710100848024,19.9934996006061,20
440.05,18.6223832380181,19.5879477359044,20.0710100848024,19.9934996006061,20
440.1,18.6223832380181,19.5879477359044,20.0710100848024,19.9934996006061,20
440.15,18.6223832380181,19.5879477359044,20.0710100848024,19.9934996006061,20
440.2,18.6223832380181,19.5879477359044,20.0710100848024,19.9934996006061,20
440.25,18.6223832380181,19.5879477359044,20.0710100848024,19.9934996006061,20
440.3,18.6223832380181,19.5879477359044,20.0710100848024,19.9934996006061,20
440.35,18.6223832380181,19.5879477359044,20.0710100848024,19.9934996006061,20
440.4,18.6223832380181,19.5879477359044,20.0710100848024,19.9934996006061,20
440.45,18.6223832380181,19.5879477359044,20.0710100848024,19.9934996006061,20
440.5,18.5955660603305,19.5342900728234,20.0173218845233,19.994757166291,20
440.55,18.5955660603305,19.5342900728234,20.0173218845233,19.994757166291,20
440.6,18.5955660603305,19.5342900728234,20.0173218845233,19.994757166291,20
440.65,18.5955660603305,19.5342900728234,20.0173218845233,19.994757166291,20
440.7,18.5955660603305,19.5342900728234,20.0173218845233,19.994757166291,20
440.75,18.5955660603305,19.5342900728234,20.0173218845233,19.994757166291,20
440.8,18.5955660603305,19.5342900728234,20.0173218845233,19.994757166291,20
440.85,18.5955660603305,19.5342900728234,20.0173218845233,19.994757166291,20
440.9,18.5955660603305,19.5342900728234,20.0173218845233,19.994757166291,20
440.95,18.5955660603305,19.5342900728234,20.0173218845233,19.994757166291,20
441.0,18.6223832380181,19.561118567509,20.0441654733384,19.9945085320817,20
441.05,18.6223832380181,19.561118567509,20.0441654733384,19.9945085320817,20
441.1,18.6223832380181,19.561118567509,20.0441654733384,19.9945085320817,20
441.15,18.6223832380181,19.561118567509,20.0441654733384,19.9945085320817,20
441.2,18.6223832380181,19.561118567509,20.0441654733384,19.9945085320817,20
441.25,18.6223832380181,19.561118567509,20.0441654733384,19.9945085320817,20
441.3,18.6223832380181,19.561118567509,20.0441654733384,19.9945085320817,20
441.35,18.6223832380181,19.561118567509,20.0441654733384,19.9945085320817,20
441.4,18.6223832380181,19.561118567509,20.0441654733384,19.9945085320817,20
441.45,18.6223832380181,19.561118567509,20.0441654733384,19.9945085320817,20
441.5,18.5955660603305,19.5342900728234,20.0173218845233,19.9950005218118,20
441.55,18.5955660603305,19.5342900728234,20.0173218845233,19.9950005218118,20
441.6,18.5955660603305,19.5342900728234,20.0173218845233,19.9950005218118,20
441.65,18.5955660603305,19.5342900728234,20.0173218845233,19.9950005218118,20
441.7,18.5955660603305,19.5342900728234,20.0173218845233,19.9950005218118,20
441.75,18.5955660603305,19.5342900728234,20.0173218845233,19.9950005218118,20
441.8,18.5955660603305,19.5342900728234,20.0173218845233,19.9950005218118,20
441.85,18.5955660603305,19.5342900728234,20.0173218845233,19.9950005218118,20
441.9,18.5955660603305,19.5342900728234,20.0173218845233,19.9950005218118,20
441.95,18.5955660603305,19.5342900728234,20.0173218845233,19.9950005218118,20
442.0,18.5955660603305,19.5342900728234,20.0173218845233,19.9947443433875,20
442.05,18.5955660603305,19.5342900728234,20.0173218845233,19.9947443433875,20
442.1,18.5955660603305,19.5342900728234,20.0173218845233,19.9947443433875,20
442.15,18.5955660603305,19.5342900728234,20.0173218845233,19.9947443433875,20
442.2,18.5955660603305,19.5342900728234,20.0173218845233,19.9947443433875,20
442.25,18.5955660603305,19.5342900728234,20.0173218845233,19.9947443433875,20
442.3,18.5955660603305,19.5342900728234,20.0173218845233,19.9947443433875,20
442.35,18.5955660603305,19.5342900728234,20.0173218845233,19.9947443433875,20
442.4,18.5955660603305,19.5342900728234,20.0173218845233,19.9947443433875,20
442.45,18.5955660603305,19.5342900728234,20.0173218845233,19.9947443433875,20
442.5,18.5955660603305,19.5342900728234,20.0173218845233,19.994496903302,20
442.55,18.5955660603305,19.5342900728234,20.0173218845233,19.994496903302,20
442.6,18.5955660603305,19.5342900728234,20.0173218845233,19.994496903302,20
442.65,18.5955660603305,19.5342900728234,20.0173218845233,19.994496903302,20
442.7,18.5955660603305,19.5342900728234,20.0173218845233,19.994496903302,20
442.75,18.5955660603305,19.5342900728234,20.0173218845233,19.994496903302,20
442.8,18.5955660603305,19.5342900728234,20.0173218845233,19.994496903302,20
442.85,18.5955660603305,19.5342900728234,20.0173218845233,19.994496903302,20
442.9,18.5955660603305,19.5342900728234,20.0173218845233,19.994496903302,20
442.95,18.5955660603305,19.5342900728234,20.0173218845233,19.994496903302,20
443.0,18.5955660603305,19.5342900728234,20.0173218845233,19.9942579013734,20
443.05,18.5955660603305,19.5342900728234,20.0173218845233,19.9942579013734,20
443.1,18.5955660603305,19.5342900728234,20.0173218845233,19.9942579013734,20
443.15,18.5955660603305,19.5342900728234,20.0173218845233,19.9942579013734,20
443.2,18.5955660603305,19.5342900728234,20.0173218845233,19.9942579013734,20
443.25,18.5955660603305,19.5342900728234,20.0173218845233,19.9942579013734,20
443.3,18.5955660603305,19.5342900728234,20.0173218845233,19.9942579013734,20
443.35,18.5955660603305,19.5342900728234,20.0173218845233,19.9942579013734,20
443.4,18.5955660603305,19.5342900728234,20.0173218845233,19.9942579013734,20
443.45,18.5955660603305,19.5342900728234,20.0173218845233,19.9942579013734,20
443.5,18.6492004071338,19.5879477359044,20.0710100848024,19.9940270477637,20
443.55,18.6492004071338,19.5879477359044,20.0710100848024,19.9940270477637,20
443.6,18.6492004071338,19.5879477359044,20.0710100848024,19.9940270477637,20
443.65,18.6492004071338,19.5879477359044,20.0710100848024,19.9940270477637,20
443.7,18.6492004071338,19.5879477359044,20.0710100848024,19.9940270477637,20
443.75,18.6492004071338,19.5879477359044,20.0710100848024,19.9940270477637,20
443.8,18.6492004071338,19.5879477359044,20.0710100848024,19.9940270477637,20
443.85,18.6492004071338,19.5879477359044,20.0710100848024,19.9940270477637,20
443.9,18.6492004071338,19.5879477359044,20.0710100848024,19.9940270477637,20
443.95,18.6492004071338,19.5879477359044,20.0710100848024,19.9940270477637,20
444.0,18.6223832380181,19.561118567509,20.0441654733384,19.9952683489412,20
444.05,18.6223832380181,19.561118567509,20.0441654733384,19.9952683489412,20
444.1,18.6223832380181,19.561118567509,20.0441654733384,19.9952683489412,20
444.15,18.6223832380181,19.561118567509,20.0441654733384,19.9952683489412,20
444.2,18.6223832380181,19.561118567509,20.0441654733384,19.9952683489412,20
444.25,18.6223832380181,19.561118567509,20.0441654733384,19.9952683489412,20
444.3,18.6223832380181,19.561118567509,20.0441654733384,19.9952683489412,20
444.35,18.6223832380181,19.561118567509,20.0441654733384,19.9952683489412,20
444.4,18.6223832380181,19.561118567509,20.0441654733384,19.9952683489412,20
444.45,18.6223832380181,19.561118567509,20.0441654733384,19.9952683489412,20
444.5,18.6223832380181,19.561118567509,20.0441654733384,19.9957366306297,20
444.55,18.6223832380181,19.561118567509,20.0441654733384,19.9957366306297,20
444.6,18.6223832380181,19.561118567509,20.0441654733384,19.9957366306297,20
444.65,18.6223832380181,19.561118567509,20.0441654733384,19.9957366306297,20
444.7,18.6223832380181,19.561118567509,20.0441654733384,19.9957366306297,20
444.75,18.6223832380181,19.561118567509,20.0441654733384,19.9957366306297,20
444.8,18.6223832380181,19.561118567509,20.0441654733384,19.9957366306297,20
444.85,18.6223832380181,19.561118567509,20.0441654733384,19.9957366306297,20
444.9,18.6223832380181,19.561118567509,20.0441654733384,19.9957366306297,20
444.95,18.6223832380181,19.561118567509,20.0441654733384,19.9957366306297,20
445.0,18.5955660603305,19.5342900728234,20.0173218845233,19.9961896610013,20
445.05,18.5955660603305,19.5342900728234,20.0173218845233,19.9961896610013,20
445.1,18.5955660603305,19.5342900728234,20.0173218845233,19.9961896610013,20
445.15,18.5955660603305,19.5342900728234,20.0173218845233,19.9961896610013,20
445.2,18.5955660603305,19.5342900728234,20.0173218845233,19.9961896610013,20
445.25,18.5955660603305,19.5342900728234,20.0173218845233,19.9961896610013,20
445.3,18.5955660603305,19.5342900728234,20.0173218845233,19.9961896610013,20
445.35,18.5955660603305,19.5342900728234,20.0173218845233,19.9961896610013,20
445.4,18.5955660603305,19.5342900728234,20.0173218845233,19.9961896610013,20
445.45,18.5955660603305,19.5342900728234,20.0173218845233,19.9961896610013,20
445.5,18.6223832380181,19.561118567509,20.0441654733384,19.9958958196495,20
445.55,18.6223832380181,19.561118567509,20.0441654733384,19.9958958196495,20
445.6,18.6223832380181,19.561118567509,20.0441654733384,19.9958958196495,20
445.65,18.6223832380181,19.561118567509,20.0441654733384,19.9958958196495,20
445.7,18.6223832380181,19.561118567509,20.0441654733384,19.9958958196495,20
445.75,18.6223832380181,19.561118567509,20.0441654733384,19.9958958196495,20
445.8,18.6223832380181,19.561118567509,20.0441654733384,19.9958958196495,20
445.85,18.6223832380181,19.561118567509,20.0441654733384,19.9958958196495,20
445.9,18.6223832380181,19.561118567509,20.0441654733384,19.9958958196495,20
445.95,18.6223832380181,19.561118567509,20.0441654733384,19.9958958196495,20
446.0,18.5955660603305,19.5342900728234,20.0173218845233,19.9963441029116,20
446.05,18.5955660603305,19.5342900728234,20.0173218845233,19.9963441029116,20
446.1,18.5955660603305,19.5342900728234,20.0173218845233,19.9963441029116,20
446.15,18.5955660603305,19.5342900728234,20.0173218845233,19.9963441029116,20
446.2,18.5955660603305,19.5342900728234,20.0173218845233,19.9963441029116,20
446.25,18.5955660603305,19.5342900728234,20.0173218845233,19.9963441029116,20
446.3,18.5955660603305,19.5342900728234,20.0173218845233,19.9963441029116,20
446.35,18.5955660603305,19.5342900728234,20.0173218845233,19.9963441029116,20
446.4,18.5955660603305,19.5342900728234,20.0173218845233,19.9963441029116,20
446.45,18.5955660603305,19.5342900728234,20.0173218845233,19.9963441029116,20
446.5,18.5955660603305,19.5342900728234,20.0173218845233,19.9960456676618,20
446.55,18.5955660603305,19.5342900728234,20.0173218845233,19.9960456676618,20
446.6,18.5955660603305,19.5342900728234,20.0173218845233,19.9960456676618,20
446.65,18.5955660603305,19.5342900728234,20.0173218845233,19.9960456676618,20
446.7,18.5955660603305,19.5342900728234,20.0173218845233,19.9960456676618,20
446.75,18.5955660603305,19.5342900728234,20.0173218845233,19.9960456676618,20
446.8,18.5955660603305,19.5342900728234,20.0173218845233,19.9960456676618,20
446.85,18.5955660603305,19.5342900728234,20.0173218845233,19.9960456676618,20
446.9,18.5955660603305,19.5342900728234,20.0173218845233,19.9960456676618,20
446.95,18.5955660603305,19.5342900728234,20.0173218845233,19.9960456676618,20
447.0,18.5955660603305,19.5342900728234,20.0173218845233,19.9957573711158,20
447.05,18.5955660603305,19.5342900728234,20.0173218845233,19.9957573711158,20
447.1,18.5955660603305,19.5342900728234,20.0173218845233,19.9957573711158,20
447.15,18.5955660603305,19.5342900728234,20.0173218845233,19.9957573711158,20
447.2,18.5955660603305,19.5342900728234,20.0173218845233,19.9957573711158,20
447.25,18.5955660603305,19.5342900728234,20.0173218845233,19.9957573711158,20
447.3,18.5955660603305,19.5342900728234,20.0173218845233,19.9957573711158,20
447.35,18.5955660603305,19.5342900728234,20.0173218845233,19.9957573711158,20
447.4,18.5955660603305,19.5342900728234,20.0173218845233,19.9957573711158,20
447.45,18.5955660603305,19.5342900728234,20.0173218845233,19.9957573711158,20
447.5,18.5955660603305,19.5342900728234,20.0173218845233,19.9954788655077,20
447.55,18.5955660603305,19.5342900728234,20.0173218845233,19.9954788655077,20
447.6,18.5955660603305,19.5342900728234,20.0173218845233,19.9954788655077,20
447.65,18.5955660603305,19.5342900728234,20.0173218845233,19.9954788655077,20
447.7,18.5955660603305,19.5342900728234,20.0173218845233,19.9954788655077,20
447.75,18.5955660603305,19.5342900728234,20.0173218845233,19.9954788655077,20
447.8,18.5955660603305,19.5342900728234,20.0173218845233,19.9954788655077,20
447.85,18.5955660603305,19.5342900728234,20.0173218845233,19.9954788655077,20
447.9,18.5955660603305,19.5342900728234,20.0173218845233,19.9954788655077,20
447.95,18.5955660603305,19.5342900728234,20.0173218845233,19.9954788655077,20
448.0,18.6223832380181,19.561118567509,20.0441654733384,19.9952098150507,20
448.05,18.6223832380181,19.561118567509,20.0441654733384,19.9952098150507,20
448.1,18.6223832380181,19.561118567509,20.0441654733384,19.9952098150507,20
448.15,18.6223832380181,19.561118567509,20.0441654733384,19.9952098150507,20
448.2,18.6223832380181,19.561118567509,20.0441654733384,19.9952098150507,20
448.25,18.6223832380181,19.561118567509,20.0441654733384,19.9952098150507,20
448.3,18.6223832380181,19.561118567509,20.0441654733384,19.9952098150507,20
448.35,18.6223832380181,19.561118567509,20.0441654733384,19.9952098150507,20
448.4,18.6223832380181,19.561118567509,20.0441654733384,19.9952098150507,20
448.45,18.6223832380181,19.561118567509,20.0441654733384,19.9952098150507,20
448.5,18.6223832380181,19.561118567509,20.0441654733384,19.9956820294976,20
448.55,18.6223832380181,19.561118567509,20.0441654733384,19.9956820294976,20
448.6,18.6223832380181,19.561118567509,20.0441654733384,19.9956820294976,20
448.65,18.6223832380181,19.561118567509,20.0441654733384,19.9956820294976,20
448.7,18.6223832380181,19.561118567509,20.0441654733384,19.9956820294976,20
448.75,18.6223832380181,19.561118567509,20.0441654733384,19.9956820294976,20
448.8,18.6223832380181,19.561118567509,20.0441654733384,19.9956820294976,20
448.85,18.6223832380181,19.561118567509,20.0441654733384,19.9956820294976,20
448.9,18.6223832380181,19.561118567509,20.0441654733384,19.9956820294976,20
448.95,18.6223832380181,19.561118567509,20.0441654733384,19.9956820294976,20
449.0,18.5955660603305,19.5342900728234,20.0173218845233,19.9961388294359,20
449.05,18.5955660603305,19.5342900728234,20.0173218845233,19.9961388294359,20
449.1,18.5955660603305,19.5342900728234,20.0173218845233,19.9961388294359,20
449.15,18.5955660603305,19.5342900728234,20.0173218845233,19.9961388294359,20
449.2,18.5955660603305,19.5342900728234,20.0173218845233,19.9961388294359,20
449.25,18.5955660603305,19.5342900728234,20.0173218845233,19.9961388294359,20
449.3,18.5955660603305,19.5342900728234,20.0173218845233,19.9961388294359,20
449.35,18.5955660603305,19.5342900728234,20.0173218845233,19.9961388294359,20
449.4,18.5955660603305,19.5342900728234,20.0173218845233,19.9961388294359,20
449.45,18.5955660603305,19.5342900728234,20.0173218845233,19.9961388294359,20
449.5,18.5955660603305,19.5342900728234,20.0173218845233,19.9958486004614,20
449.55,18.5955660603305,19.5342900728234,20.0173218845233,19.9958486004614,20
449.6,18.5955660603305,19.5342900728234,20.0173218845233,19.9958486004614,20
449.65,18.5955660603305,19.5342900728234,20.0173218845233,19.9958486004614,20
449.7,18.5955660603305,19.5342900728234,20.0173218845233,19.9958486004614,20
449.75,18.5955660603305,19.5342900728234,20.0173218845233,19.9958486004614,20
449.8,18.5955660603305,19.5342900728234,20.0173218845233,19.9958486004614,20
449.85,18.5955660603305,19.5342900728234,20.0173218845233,19.9958486004614,20
449.9,18.5955660603305,19.5342900728234,20.0173218845233,19.9958486004614,20
449.95,18.5955660603305,19.5342900728234,20.0173218845233,19.9958486004614,20
450.0,18.5687488544756,19.5074622324324,19.9904792989936,19.9955682107285,20
450.05,18.5687488544756,19.5074622324324,19.9904792989936,19.9955682107285,20
450.1,18.5687488544756,19.5074622324324,19.9904792989936,19.9955682107285,20
450.15,18.5687488544756,19.5074622324324,19.9904792989936,19.9955682107285,20
450.2,18.5687488544756,19.5074622324324,19.9904792989936,19.9955682107285,20
450.25,18.5687488544756,19.5074622324324,19.9904792989936,19.9955682107285,20
450.3,18.5687488544756,19.5074622324324,19.9904792989936,19.9955682107285,20
450.35,18.5687488544756,19.5074622324324,19.9904792989936,19.9955682107285,20
450.4,18.5687488544756,19.5074622324324,19.9904792989936,19.9955682107285,20
450.45,18.5687488544756,19.5074622324324,19.9904792989936,19.9955682107285,20
450.5,18.5955660603305,19.5342900728234,20.0173218845233,19.9945652068985,20
450.55,18.5955660603305,19.5342900728234,20.0173218845233,19.9945652068985,20
450.6,18.5955660603305,19.5342900728234,20.0173218845233,19.9945652068985,20
450.65,18.5955660603305,19.5342900728234,20.0173218845233,19.9945652068985,20
450.7,18.5955660603305,19.5342900728234,20.0173218845233,19.9945652068985,20
450.75,18.5955660603305,19.5342900728234,20.0173218845233,19.9945652068985,20
450.8,18.5955660603305,19.5342900728234,20.0173218845233,19.9945652068985,20
450.85,18.5955660603305,19.5342900728234,20.0173218845233,19.9945652068985,20
450.9,18.5955660603305,19.5342900728234,20.0173218845233,19.9945652068985,20
450.95,18.5955660603305,19.5342900728234,20.0173218845233,19.9945652068985,20
451.0,18.5955660603305,19.5342900728234,20.0173218845233,19.9943277274071,20
451.05,18.5955660603305,19.5342900728234,20.0173218845233,19.9943277274071,20
451.1,18.5955660603305,19.5342900728234,20.0173218845233,19.9943277274071,20
451.15,18.5955660603305,19.5342900728234,20.0173218845233,19.9943277274071,20
451.2,18.5955660603305,19.5342900728234,20.0173218845233,19.9943277274071,20
451.25,18.5955660603305,19.5342900728234,20.0173218845233,19.9943277274071,20
451.3,18.5955660603305,19.5342900728234,20.0173218845233,19.9943277274071,20
451.35,18.5955660603305,19.5342900728234,20.0173218845233,19.9943277274071,20
451.4,18.5955660603305,19.5342900728234,20.0173218845233,19.9943277274071,20
451.45,18.5955660603305,19.5342900728234,20.0173218845233,19.9943277274071,20
451.5,18.5955660603305,19.5342900728234,20.0173218845233,19.9940982881499,20
451.55,18.5955660603305,19.5342900728234,20.0173218845233,19.9940982881499,20
451.6,18.5955660603305,19.5342900728234,20.0173218845233,19.9940982881499,20
451.65,18.5955660603305,19.5342900728234,20.0173218845233,19.9940982881499,20
451.7,18.5955660603305,19.5342900728234,20.0173218845233,19.9940982881499,20
451.75,18.5955660603305,19.5342900728234,20.0173218845233,19.9940982881499,20
451.8,18.5955660603305,19.5342900728234,20.0173218845233,19.9940982881499,20
451.85,18.5955660603305,19.5342900728234,20.0173218845233,19.9940982881499,20
451.9,18.5955660603305,19.5342900728234,20.0173218845233,19.9940982881499,20
451.95,18.5955660603305,19.5342900728234,20.0173218845233,19.9940982881499,20
452.0,18.5955660603305,19.5342900728234,20.0173218845233,19.993876613749,20
452.05,18.5955660603305,19.5342900728234,20.0173218845233,19.993876613749,20
452.1,18.5955660603305,19.5342900728234,20.0173218845233,19.993876613749,20
452.15,18.5955660603305,19.5342900728234,20.0173218845233,19.993876613749,20
452.2,18.5955660603305,19.5342900728234,20.0173218845233,19.993876613749,20
452.25,18.5955660603305,19.5342900728234,20.0173218845233,19.993876613749,20
452.3,18.5955660603305,19.5342900728234,20.0173218845233,19.993876613749,20
452.35,18.5955660603305,19.5342900728234,20.0173218845233,19.993876613749,20
452.4,18.5955660603305,19.5342900728234,20.0173218845233,19.993876613749,20
452.45,18.5955660603305,19.5342900728234,20.0173218845233,19.993876613749,20
452.5,18.5151142798487,19.453808436856,19.9367970603266,19.9936624383061,20
452.55,18.5151142798487,19.453808436856,19.9367970603266,19.9936624383061,20
452.6,18.5151142798487,19.453808436856,19.9367970603266,19.9936624383061,20
452.65,18.5151142798487,19.453808436856,19.9367970603266,19.9936624383061,20
452.7,18.5151142798487,19.453808436856,19.9367970603266,19.9936624383061,20
452.75,18.5151142798487,19.453808436856,19.9367970603266,19.9936624383061,20
452.8,18.5151142798487,19.453808436856,19.9367970603266,19.9936624383061,20
452.85,18.5151142798487,19.453808436856,19.9367970603266,19.9936624383061,20
452.9,18.5151142798487,19.453808436856,19.9367970603266,19.9936624383061,20
452.95,18.5151142798487,19.453808436856,19.9367970603266,19.9936624383061,20
453.0,18.5955660603305,19.5342900728234,20.0173218845233,19.9912592080872,20
453.05,18.5955660603305,19.5342900728234,20.0173218845233,19.9912592080872,20
453.1,18.5955660603305,19.5342900728234,20.0173218845233,19.9912592080872,20
453.15,18.5955660603305,19.5342900728234,20.0173218845233,19.9912592080872,20
453.2,18.5955660603305,19.5342900728234,20.0173218845233,19.9912592080872,20
453.25,18.5955660603305,19.5342900728234,20.0173218845233,19.9912592080872,20
453.3,18.5955660603305,19.5342900728234,20.0173218845233,19.9912592080872,20
453.35,18.5955660603305,19.5342900728234,20.0173218845233,19.9912592080872,20
453.4,18.5955660603305,19.5342900728234,20.0173218845233,19.9912592080872,20
453.45,18.5955660603305,19.5342900728234,20.0173218845233,19.9912592080872,20
453.5,18.5955660603305,19.5342900728234,20.0173218845233,19.9911319626837,20
453.55,18.5955660603305,19.5342900728234,20.0173218845233,19.9911319626837,20
453.6,18.5955660603305,19.5342900728234,20.0173218845233,19.9911319626837,20
453.65,18.5955660603305,19.5342900728234,20.0173218845233,19.9911319626837,20
453.7,18.5955660603305,19.5342900728234,20.0173218845233,19.9911319626837,20
453.75,18.5955660603305,19.5342900728234,20.0173218845233,19.9911319626837,20
453.8,18.5955660603305,19.5342900728234,20.0173218845233,19.9911319626837,20
453.85,18.5955660603305,19.5342900728234,20.0173218845233,19.9911319626837,20
453.9,18.5955660603305,19.5342900728234,20.0173218845233,19.9911319626837,20
453.95,18.5955660603305,19.5342900728234,20.0173218845233,19.9911319626837,20
454.0,18.6223832380181,19.561118567509,20.0441654733384,19.9910090068055,20
454.05,18.6223832380181,19.561118567509,20.0441654733384,19.9910090068055,20
454.1,18.6223832380181,19.561118567509,20.0441654733384,19.9910090068055,20
454.15,18.6223832380181,19.561118567509,20.0441654733384,19.9910090068055,20
454.2,18.6223832380181,19.561118567509,20.0441654733384,19.9910090068055,20
454.25,18.6223832380181,19.561118567509,20.0441654733384,19.9910090068055,20
454.3,18.6223832380181,19.561118567509,20.0441654733384,19.9910090068055,20
454.35,18.6223832380181,19.561118567509,20.0441654733384,19.9910090068055,20
454.4,18.6223832380181,19.561118567509,20.0441654733384,19.9910090068055,20
454.45,18.6223832380181,19.561118567509,20.0441654733384,19.9910090068055,20
454.5,18.5955660603305,19.5342900728234,20.0173218845233,19.9916223278298,20
454.55,18.5955660603305,19.5342900728234,20.0173218845233,19.9916223278298,20
454.6,18.5955660603305,19.5342900728234,20.0173218845233,19.9916223278298,20
454.65,18.5955660603305,19.5342900728234,20.0173218845233,19.9916223278298,20
454.7,18.5955660603305,19.5342900728234,20.0173218845233,19.9916223278298,20
454.75,18.5955660603305,19.5342900728234,20.0173218845233,19.9916223278298,20
454.8,18.5955660603305,19.5342900728234,20.0173218845233,19.9916223278298,20
454.85,18.5955660603305,19.5342900728234,20.0173218845233,19.9916223278298,20
454.9,18.5955660603305,19.5342900728234,20.0173218845233,19.9916223278298,20
454.95,18.5955660603305,19.5342900728234,20.0173218845233,19.9916223278298,20
455.0,18.5955660603305,19.5342900728234,20.0173218845233,19.9914832838691,20
455.05,18.5955660603305,19.5342900728234,20.0173218845233,19.9914832838691,20
455.1,18.5955660603305,19.5342900728234,20.0173218845233,19.9914832838691,20
455.15,18.5955660603305,19.5342900728234,20.0173218845233,19.9914832838691,20
455.2,18.5955660603305,19.5342900728234,20.0173218845233,19.9914832838691,20
455.25,18.5955660603305,19.5342900728234,20.0173218845233,19.9914832838691,20
455.3,18.5955660603305,19.5342900728234,20.0173218845233,19.9914832838691,20
455.35,18.5955660603305,19.5342900728234,20.0173218845233,19.9914832838691,20
455.4,18.5955660603305,19.5342900728234,20.0173218845233,19.9914832838691,20
455.45,18.5955660603305,19.5342900728234,20.0173218845233,19.9914832838691,20
455.5,18.6223832380181,19.561118567509,20.0173218845233,19.9913489264348,20
455.55,18.6223832380181,19.561118567509,20.0173218845233,19.9913489264348,20
455.6,18.6223832380181,19.561118567509,20.0173218845233,19.9913489264348,20
455.65,18.6223832380181,19.561118567509,20.0173218845233,19.9913489264348,20
455.7,18.6223832380181,19.561118567509,20.0173218845233,19.9913489264348,20
455.75,18.6223832380181,19.561118567509,20.0173218845233,19.9913489264348,20
455.8,18.6223832380181,19.561118567509,20.0173218845233,19.9913489264348,20
455.85,18.6223832380181,19.561118567509,20.0173218845233,19.9913489264348,20
455.9,18.6223832380181,19.561118567509,20.0173218845233,19.9913489264348,20
455.95,18.6223832380181,19.561118567509,20.0173218845233,19.9913489264348,20
456.0,18.5955660603305,19.5342900728234,20.0173218845233,19.9919512293285,20
456.05,18.5955660603305,19.5342900728234,20.0173218845233,19.9919512293285,20
456.1,18.5955660603305,19.5342900728234,20.0173218845233,19.9919512293285,20
456.15,18.5955660603305,19.5342900728234,20.0173218845233,19.9919512293285,20
456.2,18.5955660603305,19.5342900728234,20.0173218845233,19.9919512293285,20
456.25,18.5955660603305,19.5342900728234,20.0173218845233,19.9919512293285,20
456.3,18.5955660603305,19.5342900728234,20.0173218845233,19.9919512293285,20
456.35,18.5955660603305,19.5342900728234,20.0173218845233,19.9919512293285,20
456.4,18.5955660603305,19.5342900728234,20.0173218845233,19.9919512293285,20
456.45,18.5955660603305,19.5342900728234,20.0173218845233,19.9919512293285,20
456.5,18.5955660603305,19.5342900728234,20.0173218845233,19.9918015375544,20
456.55,18.5955660603305,19.5342900728234,20.0173218845233,19.9918015375544,20
456.6,18.5955660603305,19.5342900728234,20.0173218845233,19.9918015375544,20
456.65,18.5955660603305,19.5342900728234,20.0173218845233,19.9918015375544,20
456.7,18.5955660603305,19.5342900728234,20.0173218845233,19.9918015375544,20
456.75,18.5955660603305,19.5342900728234,20.0173218845233,19.9918015375544,20
456.8,18.5955660603305,19.5342900728234,20.0173218845233,19.9918015375544,20
456.85,18.5955660603305,19.5342900728234,20.0173218845233,19.9918015375544,20
456.9,18.5955660603305,19.5342900728234,20.0173218845233,19.9918015375544,20
456.95,18.5955660603305,19.5342900728234,20.0173218845233,19.9918015375544,20
457.0,18.6223832380181,19.561118567509,20.0441654733384,19.9916568899672,20
457.05,18.6223832380181,19.561118567509,20.0441654733384,19.9916568899672,20
457.1,18.6223832380181,19.561118567509,20.0441654733384,19.9916568899672,20
457.15,18.6223832380181,19.561118567509,20.0441654733384,19.9916568899672,20
457.2,18.6223832380181,19.561118567509,20.0441654733384,19.9916568899672,20
457.25,18.6223832380181,19.561118567509,20.0441654733384,19.9916568899672,20
457.3,18.6223832380181,19.561118567509,20.0441654733384,19.9916568899672,20
457.35,18.6223832380181,19.561118567509,20.0441654733384,19.9916568899672,20
457.4,18.6223832380181,19.561118567509,20.0441654733384,19.9916568899672,20
457.45,18.6223832380181,19.561118567509,20.0441654733384,19.9916568899672,20
457.5,18.5955660603305,19.5342900728234,20.0173218845233,19.9922492481475,20
457.55,18.5955660603305,19.5342900728234,20.0173218845233,19.9922492481475,20
457.6,18.5955660603305,19.5342900728234,20.0173218845233,19.9922492481475,20
457.65,18.5955660603305,19.5342900728234,20.0173218845233,19.9922492481475,20
457.7,18.5955660603305,19.5342900728234,20.0173218845233,19.9922492481475,20
457.75,18.5955660603305,19.5342900728234,20.0173218845233,19.9922492481475,20
457.8,18.5955660603305,19.5342900728234,20.0173218845233,19.9922492481475,20
457.85,18.5955660603305,19.5342900728234,20.0173218845233,19.9922492481475,20
457.9,18.5955660603305,19.5342900728234,20.0173218845233,19.9922492481475,20
457.95,18.5955660603305,19.5342900728234,20.0173218845233,19.9922492481475,20
458.0,18.5687488544756,19.5074622324324,19.9904792989936,19.9920899452995,20
458.05,18.5687488544756,19.5074622324324,19.9904792989936,19.9920899452995,20
458.1,18.5687488544756,19.5074622324324,19.9904792989936,19.9920899452995,20
458.15,18.5687488544756,19.5074622324324,19.9904792989936,19.9920899452995,20
458.2,18.5687488544756,19.5074622324324,19.9904792989936,19.9920899452995,20
458.25,18.5687488544756,19.5074622324324,19.9904792989936,19.9920899452995,20
458.3,18.5687488544756,19.5074622324324,19.9904792989936,19.9920899452995,20
458.35,18.5687488544756,19.5074622324324,19.9904792989936,19.9920899452995,20
458.4,18.5687488544756,19.5074622324324,19.9904792989936,19.9920899452995,20
458.45,18.5687488544756,19.5074622324324,19.9904792989936,19.9920899452995,20
458.5,18.6223832380181,19.561118567509,20.0441654733384,19.9912038927521,20
458.55,18.6223832380181,19.561118567509,20.0441654733384,19.9912038927521,20
458.6,18.6223832380181,19.561118567509,20.0441654733384,19.9912038927521,20
458.65,18.6223832380181,19.561118567509,20.0441654733384,19.9912038927521,20
458.7,18.6223832380181,19.561118567509,20.0441654733384,19.9912038927521,20
458.75,18.6223832380181,19.561118567509,20.0441654733384,19.9912038927521,20
458.8,18.6223832380181,19.561118567509,20.0441654733384,19.9912038927521,20
458.85,18.6223832380181,19.561118567509,20.0441654733384,19.9912038927521,20
458.9,18.6223832380181,19.561118567509,20.0441654733384,19.9912038927521,20
458.95,18.6223832380181,19.561118567509,20.0441654733384,19.9912038927521,20
459.0,18.5955660603305,19.5342900728234,20.0173218845233,19.9918115051149,20
459.05,18.5955660603305,19.5342900728234,20.0173218845233,19.9918115051149,20
459.1,18.5955660603305,19.5342900728234,20.0173218845233,19.9918115051149,20
459.15,18.5955660603305,19.5342900728234,20.0173218845233,19.9918115051149,20
459.2,18.5955660603305,19.5342900728234,20.0173218845233,19.9918115051149,20
459.25,18.5955660603305,19.5342900728234,20.0173218845233,19.9918115051149,20
459.3,18.5955660603305,19.5342900728234,20.0173218845233,19.9918115051149,20
459.35,18.5955660603305,19.5342900728234,20.0173218845233,19.9918115051149,20
459.4,18.5955660603305,19.5342900728234,20.0173218845233,19.9918115051149,20
459.45,18.5955660603305,19.5342900728234,20.0173218845233,19.9918115051149,20
459.5,18.5955660603305,19.5342900728234,20.0173218845233,19.9916669352484,20
459.55,18.5955660603305,19.5342900728234,20.0173218845233,19.9916669352484,20
459.6,18.5955660603305,19.5342900728234,20.0173218845233,19.9916669352484,20
459.65,18.5955660603305,19.5342900728234,20.0173218845233,19.9916669352484,20
459.7,18.5955660603305,19.5342900728234,20.0173218845233,19.9916669352484,20
459.75,18.5955660603305,19.5342900728234,20.0173218845233,19.9916669352484,20
459.8,18.5955660603305,19.5342900728234,20.0173218845233,19.9916669352484,20
459.85,18.5955660603305,19.5342900728234,20.0173218845233,19.9916669352484,20
459.9,18.5955660603305,19.5342900728234,20.0173218845233,19.9916669352484,20
459.95,18.5955660603305,19.5342900728234,20.0173218845233,19.9916669352484,20
460.0,18.5955660603305,19.5342900728234,20.0173218845233,19.9915272285369,20
460.05,18.5955660603305,19.5342900728234,20.0173218845233,19.9915272285369,20
460.1,18.5955660603305,19.5342900728234,20.0173218845233,19.9915272285369,20
460.15,18.5955660603305,19.5342900728234,20.0173218845233,19.9915272285369,20
460.2,18.5955660603305,19.5342900728234,20.0173218845233,19.9915272285369,20
460.25,18.5955660603305,19.5342900728234,20.0173218845233,19.9915272285369,20
460.3,18.5955660603305,19.5342900728234,20.0173218845233,19.9915272285369,20
460.35,18.5955660603305,19.5342900728234,20.0173218845233,19.9915272285369,20
460.4,18.5955660603305,19.5342900728234,20.0173218845233,19.9915272285369,20
460.45,18.5955660603305,19.5342900728234,20.0173218845233,19.9915272285369,20
460.5,18.6760175872661,19.6147775974212,20.0978557382766,19.9913922188912,20
460.55,18.6760175872661,19.6147775974212,20.0978557382766,19.9913922188912,20
460.6,18.6760175872661,19.6147775974212,20.0978557382766,19.9913922188912,20
460.65,18.6760175872661,19.6147775974212,20.0978557382766,19.9913922188912,20
460.7,18.6760175872661,19.6147775974212,20.0978557382766,19.9913922188912,20
460.75,18.6760175872661,19.6147775974212,20.0978557382766,19.9913922188912,20
460.8,18.6760175872661,19.6147775974212,20.0978557382766,19.9913922188912,20
460.85,18.6760175872661,19.6147775974212,20.0978557382766,19.9913922188912,20
460.9,18.6760175872661,19.6147775974212,20.0978557382766,19.9913922188912,20
460.95,18.6760175872661,19.6147775974212,20.0978557382766,19.9913922188912,20
461.0,18.5687488544756,19.5074622324324,19.9904792989936,19.9934582034994,20
461.05,18.5687488544756,19.5074622324324,19.9904792989936,19.9934582034994,20
461.1,18.5687488544756,19.5074622324324,19.9904792989936,19.9934582034994,20
461.15,18.5687488544756,19.5074622324324,19.9904792989936,19.9934582034994,20
461.2,18.5687488544756,19.5074622324324,19.9904792989936,19.9934582034994,20
461.25,18.5687488544756,19.5074622324324,19.9904792989936,19.9934582034994,20
461.3,18.5687488544756,19.5074622324324,19.9904792989936,19.9934582034994,20
461.35,18.5687488544756,19.5074622324324,19.9904792989936,19.9934582034994,20
461.4,18.5687488544756,19.5074622324324,19.9904792989936,19.9934582034994,20
461.45,18.5687488544756,19.5074622324324,19.9904792989936,19.9934582034994,20
461.5,18.5687488544756,19.5074622324324,19.963637697384,19.9925272971593,20
461.55,18.5687488544756,19.5074622324324,19.963637697384,19.9925272971593,20
461.6,18.5687488544756,19.5074622324324,19.963637697384,19.9925272971593,20
461.65,18.5687488544756,19.5074622324324,19.963637697384,19.9925272971593,20
461.7,18.5687488544756,19.5074622324324,19.963637697384,19.9925272971593,20
461.75,18.5687488544756,19.5074622324324,19.963637697384,19.9925272971593,20
461.8,18.5687488544756,19.5074622324324,19.963637697384,19.9925272971593,20
461.85,18.5687488544756,19.5074622324324,19.963637697384,19.9925272971593,20
461.9,18.5687488544756,19.5074622324324,19.963637697384,19.9925272971593,20
461.95,18.5687488544756,19.5074622324324,19.963637697384,19.9925272971593,20
462.0,18.6223832380181,19.561118567509,20.0441654733384,19.9916273204622,20
462.05,18.6223832380181,19.561118567509,20.0441654733384,19.9916273204622,20
462.1,18.6223832380181,19.561118567509,20.0441654733384,19.9916273204622,20
462.15,18.6223832380181,19.561118567509,20.0441654733384,19.9916273204622,20
462.2,18.6223832380181,19.561118567509,20.0441654733384,19.9916273204622,20
462.25,18.6223832380181,19.561118567509,20.0441654733384,19.9916273204622,20
462.3,18.6223832380181,19.561118567509,20.0441654733384,19.9916273204622,20
462.35,18.6223832380181,19.561118567509,20.0441654733384,19.9916273204622,20
462.4,18.6223832380181,19.561118567509,20.0441654733384,19.9916273204622,20
462.45,18.6223832380181,19.561118567509,20.0441654733384,19.9916273204622,20
462.5,18.5955660603305,19.5342900728234,20.0173218845233,19.9922214727428,20
462.55,18.5955660603305,19.5342900728234,20.0173218845233,19.9922214727428,20
462.6,18.5955660603305,19.5342900728234,20.0173218845233,19.9922214727428,20
462.65,18.5955660603305,19.5342900728234,20.0173218845233,19.9922214727428,20
462.7,18.5955660603305,19.5342900728234,20.0173218845233,19.9922214727428,20
462.75,18.5955660603305,19.5342900728234,20.0173218845233,19.9922214727428,20
462.8,18.5955660603305,19.5342900728234,20.0173218845233,19.9922214727428,20
462.85,18.5955660603305,19.5342900728234,20.0173218845233,19.9922214727428,20
462.9,18.5955660603305,19.5342900728234,20.0173218845233,19.9922214727428,20
462.95,18.5955660603305,19.5342900728234,20.0173218845233,19.9922214727428,20
463.0,18.5955660603305,19.5342900728234,20.0173218845233,19.992063891057,20
463.05,18.5955660603305,19.5342900728234,20.0173218845233,19.992063891057,20
463.1,18.5955660603305,19.5342900728234,20.0173218845233,19.992063891057,20
463.15,18.5955660603305,19.5342900728234,20.0173218845233,19.992063891057,20
463.2,18.5955660603305,19.5342900728234,20.0173218845233,19.992063891057,20
463.25,18.5955660603305,19.5342900728234,20.0173218845233,19.992063891057,20
463.3,18.5955660603305,19.5342900728234,20.0173218845233,19.992063891057,20
463.35,18.5955660603305,19.5342900728234,20.0173218845233,19.992063891057,20
463.4,18.5955660603305,19.5342900728234,20.0173218845233,19.992063891057,20
463.45,18.5955660603305,19.5342900728234,20.0173218845233,19.992063891057,20
463.5,18.5687488544756,19.5074622324324,19.9904792989936,19.9919116055279,20
463.55,18.5687488544756,19.5074622324324,19.9904792989936,19.9919116055279,20
463.6,18.5687488544756,19.5074622324324,19.9904792989936,19.9919116055279,20
463.65,18.5687488544756,19.5074622324324,19.9904792989936,19.9919116055279,20
463.7,18.5687488544756,19.5074622324324,19.9904792989936,19.9919116055279,20
463.75,18.5687488544756,19.5074622324324,19.9904792989936,19.9919116055279,20
463.8,18.5687488544756,19.5074622324324,19.9904792989936,19.9919116055279,20
463.85,18.5687488544756,19.5074622324324,19.9904792989936,19.9919116055279,20
463.9,18.5687488544756,19.5074622324324,19.9904792989936,19.9919116055279,20
463.95,18.5687488544756,19.5074622324324,19.9904792989936,19.9919116055279,20
464.0,18.5955660603305,19.5342900728234,20.0173218845233,19.9910323191985,20
464.05,18.5955660603305,19.5342900728234,20.0173218845233,19.9910323191985,20
464.1,18.5955660603305,19.5342900728234,20.0173218845233,19.9910323191985,20
464.15,18.5955660603305,19.5342900728234,20.0173218845233,19.9910323191985,20
464.2,18.5955660603305,19.5342900728234,20.0173218845233,19.9910323191985,20
464.25,18.5955660603305,19.5342900728234,20.0173218845233,19.9910323191985,20
464.3,18.5955660603305,19.5342900728234,20.0173218845233,19.9910323191985,20
464.35,18.5955660603305,19.5342900728234,20.0173218845233,19.9910323191985,20
464.4,18.5955660603305,19.5342900728234,20.0173218845233,19.9910323191985,20
464.45,18.5955660603305,19.5342900728234,20.0173218845233,19.9910323191985,20
464.5,18.5955660603305,19.5342900728234,20.0173218845233,19.990914321491,20
464.55,18.5955660603305,19.5342900728234,20.0173218845233,19.990914321491,20
464.6,18.5955660603305,19.5342900728234,20.0173218845233,19.990914321491,20
464.65,18.5955660603305,19.5342900728234,20.0173218845233,19.990914321491,20
464.7,18.5955660603305,19.5342900728234,20.0173218845233,19.990914321491,20
464.75,18.5955660603305,19.5342900728234,20.0173218845233,19.990914321491,20
464.8,18.5955660603305,19.5342900728234,20.0173218845233,19.990914321491,20
464.85,18.5955660603305,19.5342900728234,20.0173218845233,19.990914321491,20
464.9,18.5955660603305,19.5342900728234,20.0173218845233,19.990914321491,20
464.95,18.5955660603305,19.5342900728234,20.0173218845233,19.990914321491,20
465.0,18.6223832380181,19.561118567509,20.0441654733384,19.9908002740796,20
465.05,18.6223832380181,19.561118567509,20.0441654733384,19.9908002740796,20
465.1,18.6223832380181,19.561118567509,20.0441654733384,19.9908002740796,20
465.15,18.6223832380181,19.561118567509,20.0441654733384,19.9908002740796,20
465.2,18.6223832380181,19.561118567509,20.0441654733384,19.9908002740796,20
465.25,18.6223832380181,19.561118567509,20.0441654733384,19.9908002740796,20
465.3,18.6223832380181,19.561118567509,20.0441654733384,19.9908002740796,20
465.35,18.6223832380181,19.561118567509,20.0441654733384,19.9908002740796,20
465.4,18.6223832380181,19.561118567509,20.0441654733384,19.9908002740796,20
465.45,18.6223832380181,19.561118567509,20.0441654733384,19.9908002740796,20
465.5,18.6223832380181,19.561118567509,20.0173218845233,19.9914221763097,20
465.55,18.6223832380181,19.561118567509,20.0173218845233,19.9914221763097,20
465.6,18.6223832380181,19.561118567509,20.0173218845233,19.9914221763097,20
465.65,18.6223832380181,19.561118567509,20.0173218845233,19.9914221763097,20
465.7,18.6223832380181,19.561118567509,20.0173218845233,19.9914221763097,20
465.75,18.6223832380181,19.561118567509,20.0173218845233,19.9914221763097,20
465.8,18.6223832380181,19.561118567509,20.0173218845233,19.9914221763097,20
465.85,18.6223832380181,19.561118567509,20.0173218845233,19.9914221763097,20
465.9,18.6223832380181,19.561118567509,20.0173218845233,19.9914221763097,20
465.95,18.6223832380181,19.561118567509,20.0173218845233,19.9914221763097,20
466.0,18.5687488544756,19.5074622324324,19.9904792989936,19.9920235318203,20
466.05,18.5687488544756,19.5074622324324,19.9904792989936,19.9920235318203,20
466.1,18.5687488544756,19.5074622324324,19.9904792989936,19.9920235318203,20
466.15,18.5687488544756,19.5074622324324,19.9904792989936,19.9920235318203,20
466.2,18.5687488544756,19.5074622324324,19.9904792989936,19.9920235318203,20
466.25,18.5687488544756,19.5074622324324,19.9904792989936,19.9920235318203,20
466.3,18.5687488544756,19.5074622324324,19.9904792989936,19.9920235318203,20
466.35,18.5687488544756,19.5074622324324,19.9904792989936,19.9920235318203,20
466.4,18.5687488544756,19.5074622324324,19.9904792989936,19.9920235318203,20
466.45,18.5687488544756,19.5074622324324,19.9904792989936,19.9920235318203,20
466.5,18.5955660603305,19.5342900728234,19.9904792989936,19.9911407868108,20
466.55,18.5955660603305,19.5342900728234,19.9904792989936,19.9911407868108,20
466.6,18.5955660603305,19.5342900728234,19.9904792989936,19.9911407868108,20
466.65,18.5955660603305,19.5342900728234,19.9904792989936,19.9911407868108,20
466.7,18.5955660603305,19.5342900728234,19.9904792989936,19.9911407868108,20
466.75,18.5955660603305,19.5342900728234,19.9904792989936,19.9911407868108,20
466.8,18.5955660603305,19.5342900728234,19.9904792989936,19.9911407868108,20
466.85,18.5955660603305,19.5342900728234,19.9904792989936,19.9911407868108,20
466.9,18.5955660603305,19.5342900728234,19.9904792989936,19.9911407868108,20
466.95,18.5955660603305,19.5342900728234,19.9904792989936,19.9911407868108,20
467.0,18.5687488544756,19.5074622324324,19.9904792989936,19.9910194441044,20
467.05,18.5687488544756,19.5074622324324,19.9904792989936,19.9910194441044,20
467.1,18.5687488544756,19.5074622324324,19.9904792989936,19.9910194441044,20
467.15,18.5687488544756,19.5074622324324,19.9904792989936,19.9910194441044,20
467.2,18.5687488544756,19.5074622324324,19.9904792989936,19.9910194441044,20
467.25,18.5687488544756,19.5074622324324,19.9904792989936,19.9910194441044,20
467.3,18.5687488544756,19.5074622324324,19.9904792989936,19.9910194441044,20
467.35,18.5687488544756,19.5074622324324,19.9904792989936,19.9910194441044,20
467.4,18.5687488544756,19.5074622324324,19.9904792989936,19.9910194441044,20
467.45,18.5687488544756,19.5074622324324,19.9904792989936,19.9910194441044,20
467.5,18.6223832380181,19.561118567509,20.0441654733384,19.9901700453926,20
467.55,18.6223832380181,19.561118567509,20.0441654733384,19.9901700453926,20
467.6,18.6223832380181,19.561118567509,20.0441654733384,19.9901700453926,20
467.65,18.6223832380181,19.561118567509,20.0441654733384,19.9901700453926,20
467.7,18.6223832380181,19.561118567509,20.0441654733384,19.9901700453926,20
467.75,18.6223832380181,19.561118567509,20.0441654733384,19.9901700453926,20
467.8,18.6223832380181,19.561118567509,20.0441654733384,19.9901700453926,20
467.85,18.6223832380181,19.561118567509,20.0441654733384,19.9901700453926,20
467.9,18.6223832380181,19.561118567509,20.0441654733384,19.9901700453926,20
467.95,18.6223832380181,19.561118567509,20.0441654733384,19.9901700453926,20
468.0,18.6223832380181,19.561118567509,20.0441654733384,19.9908130503333,20
468.05,18.6223832380181,19.561118567509,20.0441654733384,19.9908130503333,20
468.1,18.6223832380181,19.561118567509,20.0441654733384,19.9908130503333,20
468.15,18.6223832380181,19.561118567509,20.0441654733384,19.9908130503333,20
468.2,18.6223832380181,19.561118567509,20.0441654733384,19.9908130503333,20
468.25,18.6223832380181,19.561118567509,20.0441654733384,19.9908130503333,20
468.3,18.6223832380181,19.561118567509,20.0441654733384,19.9908130503333,20
468.35,18.6223832380181,19.561118567509,20.0441654733384,19.9908130503333,20
468.4,18.6223832380181,19.561118567509,20.0441654733384,19.9908130503333,20
468.45,18.6223832380181,19.561118567509,20.0441654733384,19.9908130503333,20
468.5,18.6492004071338,19.5879477359044,20.0710100848024,19.9914347892536,20
468.55,18.6492004071338,19.5879477359044,20.0710100848024,19.9914347892536,20
468.6,18.6492004071338,19.5879477359044,20.0710100848024,19.9914347892536,20
468.65,18.6492004071338,19.5879477359044,20.0710100848024,19.9914347892536,20
468.7,18.6492004071338,19.5879477359044,20.0710100848024,19.9914347892536,20
468.75,18.6492004071338,19.5879477359044,20.0710100848024,19.9914347892536,20
468.8,18.6492004071338,19.5879477359044,20.0710100848024,19.9914347892536,20
468.85,18.6492004071338,19.5879477359044,20.0710100848024,19.9914347892536,20
468.9,18.6492004071338,19.5879477359044,20.0710100848024,19.9914347892536,20
468.95,18.6492004071338,19.5879477359044,20.0710100848024,19.9914347892536,20
469.0,18.5687488544756,19.5074622324324,19.9904792989936,19.9927681355181,20
469.05,18.5687488544756,19.5074622324324,19.9904792989936,19.9927681355181,20
469.1,18.5687488544756,19.5074622324324,19.9904792989936,19.9927681355181,20
469.15,18.5687488544756,19.5074622324324,19.9904792989936,19.9927681355181,20
469.2,18.5687488544756,19.5074622324324,19.9904792989936,19.9927681355181,20
469.25,18.5687488544756,19.5074622324324,19.9904792989936,19.9927681355181,20
469.3,18.5687488544756,19.5074622324324,19.9904792989936,19.9927681355181,20
469.35,18.5687488544756,19.5074622324324,19.9904792989936,19.9927681355181,20
469.4,18.5687488544756,19.5074622324324,19.9904792989936,19.9927681355181,20
469.45,18.5687488544756,19.5074622324324,19.9904792989936,19.9927681355181,20
469.5,18.5687488544756,19.5074622324324,19.9904792989936,19.9918609976078,20
469.55,18.5687488544756,19.5074622324324,19.9904792989936,19.9918609976078,20
469.6,18.5687488544756,19.5074622324324,19.9904792989936,19.9918609976078,20
469.65,18.5687488544756,19.5074622324324,19.9904792989936,19.9918609976078,20
469.7,18.5687488544756,19.5074622324324,19.9904792989936,19.9918609976078,20
469.75,18.5687488544756,19.5074622324324,19.9904792989936,19.9918609976078,20
469.8,18.5687488544756,19.5074622324324,19.9904792989936,19.9918609976078,20
469.85,18.5687488544756,19.5074622324324,19.9904792989936,19.9918609976078,20
469.9,18.5687488544756,19.5074622324324,19.9904792989936,19.9918609976078,20
469.95,18.5687488544756,19.5074622324324,19.9904792989936,19.9918609976078,20
470.0,18.6223832380181,19.561118567509,20.0441654733384,19.9909839694337,20
470.05,18.6223832380181,19.561118567509,20.0441654733384,19.9909839694337,20
470.1,18.6223832380181,19.561118567509,20.0441654733384,19.9909839694337,20
470.15,18.6223832380181,19.561118567509,20.0441654733384,19.9909839694337,20
470.2,18.6223832380181,19.561118567509,20.0441654733384,19.9909839694337,20
470.25,18.6223832380181,19.561118567509,20.0441654733384,19.9909839694337,20
470.3,18.6223832380181,19.561118567509,20.0441654733384,19.9909839694337,20
470.35,18.6223832380181,19.561118567509,20.0441654733384,19.9909839694337,20
470.4,18.6223832380181,19.561118567509,20.0441654733384,19.9909839694337,20
470.45,18.6223832380181,19.561118567509,20.0441654733384,19.9909839694337,20
470.5,18.6223832380181,19.561118567509,20.0441654733384,19.9916002786314,20
470.55,18.6223832380181,19.561118567509,20.0441654733384,19.9916002786314,20
470.6,18.6223832380181,19.561118567509,20.0441654733384,19.9916002786314,20
470.65,18.6223832380181,19.561118567509,20.0441654733384,19.9916002786314,20
470.7,18.6223832380181,19.561118567509,20.0441654733384,19.9916002786314,20
470.75,18.6223832380181,19.561118567509,20.0441654733384,19.9916002786314,20
470.8,18.6223832380181,19.561118567509,20.0441654733384,19.9916002786314,20
470.85,18.6223832380181,19.561118567509,20.0441654733384,19.9916002786314,20
470.9,18.6223832380181,19.561118567509,20.0441654733384,19.9916002786314,20
470.95,18.6223832380181,19.561118567509,20.0441654733384,19.9916002786314,20
471.0,18.5955660603305,19.5342900728234,20.0173218845233,19.9921962235547,20
471.05,18.5955660603305,19.5342900728234,20.0173218845233,19.9921962235547,20
471.1,18.5955660603305,19.5342900728234,20.0173218845233,19.9921962235547,20
471.15,18.5955660603305,19.5342900728234,20.0173218845233,19.9921962235547,20
471.2,18.5955660603305,19.5342900728234,20.0173218845233,19.9921962235547,20
471.25,18.5955660603305,19.5342900728234,20.0173218845233,19.9921962235547,20
471.3,18.5955660603305,19.5342900728234,20.0173218845233,19.9921962235547,20
471.35,18.5955660603305,19.5342900728234,20.0173218845233,19.9921962235547,20
471.4,18.5955660603305,19.5342900728234,20.0173218845233,19.9921962235547,20
471.45,18.5955660603305,19.5342900728234,20.0173218845233,19.9921962235547,20
471.5,18.6223832380181,19.561118567509,20.0441654733384,19.9920403603761,20
471.55,18.6223832380181,19.561118567509,20.0441654733384,19.9920403603761,20
471.6,18.6223832380181,19.561118567509,20.0441654733384,19.9920403603761,20
471.65,18.6223832380181,19.561118567509,20.0441654733384,19.9920403603761,20
471.7,18.6223832380181,19.561118567509,20.0441654733384,19.9920403603761,20
471.75,18.6223832380181,19.561118567509,20.0441654733384,19.9920403603761,20
471.8,18.6223832380181,19.561118567509,20.0441654733384,19.9920403603761,20
471.85,18.6223832380181,19.561118567509,20.0441654733384,19.9920403603761,20
471.9,18.6223832380181,19.561118567509,20.0441654733384,19.9920403603761,20
471.95,18.6223832380181,19.561118567509,20.0441654733384,19.9920403603761,20
472.0,18.6223832380181,19.561118567509,20.0441654733384,19.9926218559141,20
472.05,18.6223832380181,19.561118567509,20.0441654733384,19.9926218559141,20
472.1,18.6223832380181,19.561118567509,20.0441654733384,19.9926218559141,20
472.15,18.6223832380181,19.561118567509,20.0441654733384,19.9926218559141,20
472.2,18.6223832380181,19.561118567509,20.0441654733384,19.9926218559141,20
472.25,18.6223832380181,19.561118567509,20.0441654733384,19.9926218559141,20
472.3,18.6223832380181,19.561118567509,20.0441654733384,19.9926218559141,20
472.35,18.6223832380181,19.561118567509,20.0441654733384,19.9926218559141,20
472.4,18.6223832380181,19.561118567509,20.0441654733384,19.9926218559141,20
472.45,18.6223832380181,19.561118567509,20.0441654733384,19.9926218559141,20
472.5,18.6223832380181,19.561118567509,20.0441654733384,19.993184165611,20
472.55,18.6223832380181,19.561118567509,20.0441654733384,19.993184165611,20
472.6,18.6223832380181,19.561118567509,20.0441654733384,19.993184165611,20
472.65,18.6223832380181,19.561118567509,20.0441654733384,19.993184165611,20
472.7,18.6223832380181,19.561118567509,20.0441654733384,19.993184165611,20
472.75,18.6223832380181,19.561118567509,20.0441654733384,19.993184165611,20
472.8,18.6223832380181,19.561118567509,20.0441654733384,19.993184165611,20
472.85,18.6223832380181,19.561118567509,20.0441654733384,19.993184165611,20
472.9,18.6223832380181,19.561118567509,20.0441654733384,19.993184165611,20
472.95,18.6223832380181,19.561118567509,20.0441654733384,19.993184165611,20
473.0,18.6223832380181,19.561118567509,20.0441654733384,19.9937279392345,20
473.05,18.6223832380181,19.561118567509,20.0441654733384,19.9937279392345,20
473.1,18.6223832380181,19.561118567509,20.0441654733384,19.9937279392345,20
473.15,18.6223832380181,19.561118567509,20.0441654733384,19.9937279392345,20
473.2,18.6223832380181,19.561118567509,20.0441654733384,19.9937279392345,20
473.25,18.6223832380181,19.561118567509,20.0441654733384,19.9937279392345,20
473.3,18.6223832380181,19.561118567509,20.0441654733384,19.9937279392345,20
473.35,18.6223832380181,19.561118567509,20.0441654733384,19.9937279392345,20
473.4,18.6223832380181,19.561118567509,20.0441654733384,19.9937279392345,20
473.45,18.6223832380181,19.561118567509,20.0441654733384,19.9937279392345,20
473.5,18.6223832380181,19.561118567509,20.0441654733384,19.9942538042841,20
473.55,18.6223832380181,19.561118567509,20.0441654733384,19.9942538042841,20
473.6,18.6223832380181,19.561118567509,20.0441654733384,19.9942538042841,20
473.65,18.6223832380181,19.561118567509,20.0441654733384,19.9942538042841,20
473.7,18.6223832380181,19.561118567509,20.0441654733384,19.9942538042841,20
473.75,18.6223832380181,19.561118567509,20.0441654733384,19.9942538042841,20
473.8,18.6223832380181,19.561118567509,20.0441654733384,19.9942538042841,20
473.85,18.6223832380181,19.561118567509,20.0441654733384,19.9942538042841,20
473.9,18.6223832380181,19.561118567509,20.0441654733384,19.9942538042841,20
473.95,18.6223832380181,19.561118567509,20.0441654733384,19.9942538042841,20
474.0,18.6223832380181,19.561118567509,20.0441654733384,19.994762366758,20
474.05,18.6223832380181,19.561118567509,20.0441654733384,19.994762366758,20
474.1,18.6223832380181,19.561118567509,20.0441654733384,19.994762366758,20
474.15,18.6223832380181,19.561118567509,20.0441654733384,19.994762366758,20
474.2,18.6223832380181,19.561118567509,20.0441654733384,19.994762366758,20
474.25,18.6223832380181,19.561118567509,20.0441654733384,19.994762366758,20
474.3,18.6223832380181,19.561118567509,20.0441654733384,19.994762366758,20
474.35,18.6223832380181,19.561118567509,20.0441654733384,19.994762366758,20
474.4,18.6223832380181,19.561118567509,20.0441654733384,19.994762366758,20
474.45,18.6223832380181,19.561118567509,20.0441654733384,19.994762366758,20
474.5,18.5687488544756,19.5074622324324,19.9904792989936,19.995254211894,20
474.55,18.5687488544756,19.5074622324324,19.9904792989936,19.995254211894,20
474.6,18.5687488544756,19.5074622324324,19.9904792989936,19.995254211894,20
474.65,18.5687488544756,19.5074622324324,19.9904792989936,19.995254211894,20
474.7,18.5687488544756,19.5074622324324,19.9904792989936,19.995254211894,20
474.75,18.5687488544756,19.5074622324324,19.9904792989936,19.995254211894,20
474.8,18.5687488544756,19.5074622324324,19.9904792989936,19.995254211894,20
474.85,18.5687488544756,19.5074622324324,19.9904792989936,19.995254211894,20
474.9,18.5687488544756,19.5074622324324,19.9904792989936,19.995254211894,20
474.95,18.5687488544756,19.5074622324324,19.9904792989936,19.995254211894,20
475.0,18.5955660603305,19.5342900728234,20.0173218845233,19.9942656547791,20
475.05,18.5955660603305,19.5342900728234,20.0173218845233,19.9942656547791,20
475.1,18.5955660603305,19.5342900728234,20.0173218845233,19.9942656547791,20
475.15,18.5955660603305,19.5342900728234,20.0173218845233,19.9942656547791,20
475.2,18.5955660603305,19.5342900728234,20.0173218845233,19.9942656547791,20
475.25,18.5955660603305,19.5342900728234,20.0173218845233,19.9942656547791,20
475.3,18.5955660603305,19.5342900728234,20.0173218845233,19.9942656547791,20
475.35,18.5955660603305,19.5342900728234,20.0173218845233,19.9942656547791,20
475.4,18.5955660603305,19.5342900728234,20.0173218845233,19.9942656547791,20
475.45,18.5955660603305,19.5342900728234,20.0173218845233,19.9942656547791,20
475.5,18.5687488544756,19.5074622324324,19.9904792989936,19.9940420716392,20
475.55,18.5687488544756,19.5074622324324,19.9904792989936,19.9940420716392,20
475.6,18.5687488544756,19.5074622324324,19.9904792989936,19.9940420716392,20
475.65,18.5687488544756,19.5074622324324,19.9904792989936,19.9940420716392,20
475.7,18.5687488544756,19.5074622324324,19.9904792989936,19.9940420716392,20
475.75,18.5687488544756,19.5074622324324,19.9904792989936,19.9940420716392,20
475.8,18.5687488544756,19.5074622324324,19.9904792989936,19.9940420716392,20
475.85,18.5687488544756,19.5074622324324,19.9904792989936,19.9940420716392,20
475.9,18.5687488544756,19.5074622324324,19.9904792989936,19.9940420716392,20
475.95,18.5687488544756,19.5074622324324,19.9904792989936,19.9940420716392,20
476.0,18.6223832380181,19.561118567509,20.0441654733384,19.9930938819281,20
476.05,18.6223832380181,19.561118567509,20.0441654733384,19.9930938819281,20
476.1,18.6223832380181,19.561118567509,20.0441654733384,19.9930938819281,20
476.15,18.6223832380181,19.561118567509,20.0441654733384,19.9930938819281,20
476.2,18.6223832380181,19.561118567509,20.0441654733384,19.9930938819281,20
476.25,18.6223832380181,19.561118567509,20.0441654733384,19.9930938819281,20
476.3,18.6223832380181,19.561118567509,20.0441654733384,19.9930938819281,20
476.35,18.6223832380181,19.561118567509,20.0441654733384,19.9930938819281,20
476.4,18.6223832380181,19.561118567509,20.0441654733384,19.9930938819281,20
476.45,18.6223832380181,19.561118567509,20.0441654733384,19.9930938819281,20
476.5,18.5687488544756,19.5074622324324,19.9904792989936,19.9936414272752,20
476.55,18.5687488544756,19.5074622324324,19.9904792989936,19.9936414272752,20
476.6,18.5687488544756,19.5074622324324,19.9904792989936,19.9936414272752,20
476.65,18.5687488544756,19.5074622324324,19.9904792989936,19.9936414272752,20
476.7,18.5687488544756,19.5074622324324,19.9904792989936,19.9936414272752,20
476.75,18.5687488544756,19.5074622324324,19.9904792989936,19.9936414272752,20
476.8,18.5687488544756,19.5074622324324,19.9904792989936,19.9936414272752,20
476.85,18.5687488544756,19.5074622324324,19.9904792989936,19.9936414272752,20
476.9,18.5687488544756,19.5074622324324,19.9904792989936,19.9936414272752,20
476.95,18.5687488544756,19.5074622324324,19.9904792989936,19.9936414272752,20
477.0,18.6223832380181,19.561118567509,20.0441654733384,19.9927066739375,20
477.05,18.6223832380181,19.561118567509,20.0441654733384,19.9927066739375,20
477.1,18.6223832380181,19.561118567509,20.0441654733384,19.9927066739375,20
477.15,18.6223832380181,19.561118567509,20.0441654733384,19.9927066739375,20
477.2,18.6223832380181,19.561118567509,20.0441654733384,19.9927066739375,20
477.25,18.6223832380181,19.561118567509,20.0441654733384,19.9927066739375,20
477.3,18.6223832380181,19.561118567509,20.0441654733384,19.9927066739375,20
477.35,18.6223832380181,19.561118567509,20.0441654733384,19.9927066739375,20
477.4,18.6223832380181,19.561118567509,20.0441654733384,19.9927066739375,20
477.45,18.6223832380181,19.561118567509,20.0441654733384,19.9927066739375,20
477.5,18.6223832380181,19.561118567509,20.0441654733384,19.9932671972547,20
477.55,18.6223832380181,19.561118567509,20.0441654733384,19.9932671972547,20
477.6,18.6223832380181,19.561118567509,20.0441654733384,19.9932671972547,20
477.65,18.6223832380181,19.561118567509,20.0441654733384,19.9932671972547,20
477.7,18.6223832380181,19.561118567509,20.0441654733384,19.9932671972547,20
477.75,18.6223832380181,19.561118567509,20.0441654733384,19.9932671972547,20
477.8,18.6223832380181,19.561118567509,20.0441654733384,19.9932671972547,20
477.85,18.6223832380181,19.561118567509,20.0441654733384,19.9932671972547,20
477.9,18.6223832380181,19.561118567509,20.0441654733384,19.9932671972547,20
477.95,18.6223832380181,19.561118567509,20.0441654733384,19.9932671972547,20
478.0,18.5687488544756,19.5074622324324,19.9904792989936,19.9938092293484,20
478.05,18.5687488544756,19.5074622324324,19.9904792989936,19.9938092293484,20
478.1,18.5687488544756,19.5074622324324,19.9904792989936,19.9938092293484,20
478.15,18.5687488544756,19.5074622324324,19.9904792989936,19.9938092293484,20
478.2,18.5687488544756,19.5074622324324,19.9904792989936,19.9938092293484,20
478.25,18.5687488544756,19.5074622324324,19.9904792989936,19.9938092293484,20
478.3,18.5687488544756,19.5074622324324,19.9904792989936,19.9938092293484,20
478.35,18.5687488544756,19.5074622324324,19.9904792989936,19.9938092293484,20
478.4,18.5687488544756,19.5074622324324,19.9904792989936,19.9938092293484,20
478.45,18.5687488544756,19.5074622324324,19.9904792989936,19.9938092293484,20
478.5,18.6492004071338,19.5879477359044,20.0710100848024,19.9928691463059,20
478.55,18.6492004071338,19.5879477359044,20.0710100848024,19.9928691463059,20
478.6,18.6492004071338,19.5879477359044,20.0710100848024,19.9928691463059,20
478.65,18.6492004071338,19.5879477359044,20.0710100848024,19.9928691463059,20
478.7,18.6492004071338,19.5879477359044,20.0710100848024,19.9928691463059,20
478.75,18.6492004071338,19.5879477359044,20.0710100848024,19.9928691463059,20
478.8,18.6492004071338,19.5879477359044,20.0710100848024,19.9928691463059,20
478.85,18.6492004071338,19.5879477359044,20.0710100848024,19.9928691463059,20
478.9,18.6492004071338,19.5879477359044,20.0710100848024,19.9928691463059,20
478.95,18.6492004071338,19.5879477359044,20.0710100848024,19.9928691463059,20
479.0,18.5955660603305,19.5342900728234,20.0173218845233,19.9941566695685,20
479.05,18.5955660603305,19.5342900728234,20.0173218845233,19.9941566695685,20
479.1,18.5955660603305,19.5342900728234,20.0173218845233,19.9941566695685,20
479.15,18.5955660603305,19.5342900728234,20.0173218845233,19.9941566695685,20
479.2,18.5955660603305,19.5342900728234,20.0173218845233,19.9941566695685,20
479.25,18.5955660603305,19.5342900728234,20.0173218845233,19.9941566695685,20
479.3,18.5955660603305,19.5342900728234,20.0173218845233,19.9941566695685,20
479.35,18.5955660603305,19.5342900728234,20.0173218845233,19.9941566695685,20
479.4,18.5955660603305,19.5342900728234,20.0173218845233,19.9941566695685,20
479.45,18.5955660603305,19.5342900728234,20.0173218845233,19.9941566695685,20
479.5,18.5955660603305,19.5342900728234,20.0173218845233,19.9939373535452,20
479.55,18.5955660603305,19.5342900728234,20.0173218845233,19.9939373535452,20
479.6,18.5955660603305,19.5342900728234,20.0173218845233,19.9939373535452,20
479.65,18.5955660603305,19.5342900728234,20.0173218845233,19.9939373535452,20
479.7,18.5955660603305,19.5342900728234,20.0173218845233,19.9939373535452,20
479.75,18.5955660603305,19.5342900728234,20.0173218845233,19.9939373535452,20
479.8,18.5955660603305,19.5342900728234,20.0173218845233,19.9939373535452,20
479.85,18.5955660603305,19.5342900728234,20.0173218845233,19.9939373535452,20
479.9,18.5955660603305,19.5342900728234,20.0173218845233,19.9939373535452,20
479.95,18.5955660603305,19.5342900728234,20.0173218845233,19.9939373535452,20
480.0,18.5955660603305,19.5342900728234,20.0173218845233,19.9937253921928,20
480.05,18.5955660603305,19.5342900728234,20.0173218845233,19.9937253921928,20
480.1,18.5955660603305,19.5342900728234,20.0173218845233,19.9937253921928,20
480.15,18.5955660603305,19.5342900728234,20.0173218845233,19.9937253921928,20
480.2,18.5955660603305,19.5342900728234,20.0173218845233,19.9937253921928,20
480.25,18.5955660603305,19.5342900728234,20.0173218845233,19.9937253921928,20
480.3,18.5955660603305,19.5342900728234,20.0173218845233,19.9937253921928,20
480.35,18.5955660603305,19.5342900728234,20.0173218845233,19.9937253921928,20
480.4,18.5955660603305,19.5342900728234,20.0173218845233,19.9937253921928,20
480.45,18.5955660603305,19.5342900728234,20.0173218845233,19.9937253921928,20
480.5,18.5687488544756,19.5074622324324,19.9904792989936,19.9935205345965,20
480.55,18.5687488544756,19.5074622324324,19.9904792989936,19.9935205345965,20
480.6,18.5687488544756,19.5074622324324,19.9904792989936,19.9935205345965,20
480.65,18.5687488544756,19.5074622324324,19.9904792989936,19.9935205345965,20
480.7,18.5687488544756,19.5074622324324,19.9904792989936,19.9935205345965,20
480.75,18.5687488544756,19.5074622324324,19.9904792989936,19.9935205345965,20
480.8,18.5687488544756,19.5074622324324,19.9904792989936,19.9935205345965,20
480.85,18.5687488544756,19.5074622324324,19.9904792989936,19.9935205345965,20
480.9,18.5687488544756,19.5074622324324,19.9904792989936,19.9935205345965,20
480.95,18.5687488544756,19.5074622324324,19.9904792989936,19.9935205345965,20
481.0,18.5687488544756,19.5074622324324,19.9904792989936,19.9925904223363,20
481.05,18.5687488544756,19.5074622324324,19.9904792989936,19.9925904223363,20
481.1,18.5687488544756,19.5074622324324,19.9904792989936,19.9925904223363,20
481.15,18.5687488544756,19.5074622324324,19.9904792989936,19.9925904223363,20
481.2,18.5687488544756,19.5074622324324,19.9904792989936,19.9925904223363,20
481.25,18.5687488544756,19.5074622324324,19.9904792989936,19.9925904223363,20
481.3,18.5687488544756,19.5074622324324,19.9904792989936,19.9925904223363,20
481.35,18.5687488544756,19.5074622324324,19.9904792989936,19.9925904223363,20
481.4,18.5687488544756,19.5074622324324,19.9904792989936,19.9925904223363,20
481.45,18.5687488544756,19.5074622324324,19.9904792989936,19.9925904223363,20
481.5,18.6223832380181,19.561118567509,20.0441654733384,19.9916911693515,20
481.55,18.6223832380181,19.561118567509,20.0441654733384,19.9916911693515,20
481.6,18.6223832380181,19.561118567509,20.0441654733384,19.9916911693515,20
481.65,18.6223832380181,19.561118567509,20.0441654733384,19.9916911693515,20
481.7,18.6223832380181,19.561118567509,20.0441654733384,19.9916911693515,20
481.75,18.6223832380181,19.561118567509,20.0441654733384,19.9916911693515,20
481.8,18.6223832380181,19.561118567509,20.0441654733384,19.9916911693515,20
481.85,18.6223832380181,19.561118567509,20.0441654733384,19.9916911693515,20
481.9,18.6223832380181,19.561118567509,20.0441654733384,19.9916911693515,20
481.95,18.6223832380181,19.561118567509,20.0441654733384,19.9916911693515,20
482.0,18.6223832380181,19.561118567509,20.0441654733384,19.9922859780076,20
482.05,18.6223832380181,19.561118567509,20.0441654733384,19.9922859780076,20
482.1,18.6223832380181,19.561118567509,20.0441654733384,19.9922859780076,20
482.15,18.6223832380181,19.561118567509,20.0441654733384,19.9922859780076,20
482.2,18.6223832380181,19.561118567509,20.0441654733384,19.9922859780076,20
482.25,18.6223832380181,19.561118567509,20.0441654733384,19.9922859780076,20
482.3,18.6223832380181,19.561118567509,20.0441654733384,19.9922859780076,20
482.35,18.6223832380181,19.561118567509,20.0441654733384,19.9922859780076,20
482.4,18.6223832380181,19.561118567509,20.0441654733384,19.9922859780076,20
482.45,18.6223832380181,19.561118567509,20.0441654733384,19.9922859780076,20
482.5,18.5955660603305,19.5342900728234,20.0173218845233,19.9928611222529,20
482.55,18.5955660603305,19.5342900728234,20.0173218845233,19.9928611222529,20
482.6,18.5955660603305,19.5342900728234,20.0173218845233,19.9928611222529,20
482.65,18.5955660603305,19.5342900728234,20.0173218845233,19.9928611222529,20
482.7,18.5955660603305,19.5342900728234,20.0173218845233,19.9928611222529,20
482.75,18.5955660603305,19.5342900728234,20.0173218845233,19.9928611222529,20
482.8,18.5955660603305,19.5342900728234,20.0173218845233,19.9928611222529,20
482.85,18.5955660603305,19.5342900728234,20.0173218845233,19.9928611222529,20
482.9,18.5955660603305,19.5342900728234,20.0173218845233,19.9928611222529,20
482.95,18.5955660603305,19.5342900728234,20.0173218845233,19.9928611222529,20
483.0,18.6492004071338,19.5879477359044,20.0441654733384,19.9926851346899,20
483.05,18.6492004071338,19.5879477359044,20.0441654733384,19.9926851346899,20
483.1,18.6492004071338,19.5879477359044,20.0441654733384,19.9926851346899,20
483.15,18.6492004071338,19.5879477359044,20.0441654733384,19.9926851346899,20
483.2,18.6492004071338,19.5879477359044,20.0441654733384,19.9926851346899,20
483.25,18.6492004071338,19.5879477359044,20.0441654733384,19.9926851346899,20
483.3,18.6492004071338,19.5879477359044,20.0441654733384,19.9926851346899,20
483.35,18.6492004071338,19.5879477359044,20.0441654733384,19.9926851346899,20
483.4,18.6492004071338,19.5879477359044,20.0441654733384,19.9926851346899,20
483.45,18.6492004071338,19.5879477359044,20.0441654733384,19.9926851346899,20
483.5,18.6492004071338,19.561118567509,20.0441654733384,19.9939793117186,20
483.55,18.6492004071338,19.561118567509,20.0441654733384,19.9939793117186,20
483.6,18.6492004071338,19.561118567509,20.0441654733384,19.9939793117186,20
483.65,18.6492004071338,19.561118567509,20.0441654733384,19.9939793117186,20
483.7,18.6492004071338,19.561118567509,20.0441654733384,19.9939793117186,20
483.75,18.6492004071338,19.561118567509,20.0441654733384,19.9939793117186,20
483.8,18.6492004071338,19.561118567509,20.0441654733384,19.9939793117186,20
483.85,18.6492004071338,19.561118567509,20.0441654733384,19.9939793117186,20
483.9,18.6492004071338,19.561118567509,20.0441654733384,19.9939793117186,20
483.95,18.6492004071338,19.561118567509,20.0441654733384,19.9939793117186,20
484.0,18.6223832380181,19.5342900728234,20.0173218845233,19.9944990700102,20
484.05,18.6223832380181,19.5342900728234,20.0173218845233,19.9944990700102,20
484.1,18.6223832380181,19.5342900728234,20.0173218845233,19.9944990700102,20
484.15,18.6223832380181,19.5342900728234,20.0173218845233,19.9944990700102,20
484.2,18.6223832380181,19.5342900728234,20.0173218845233,19.9944990700102,20
484.25,18.6223832380181,19.5342900728234,20.0173218845233,19.9944990700102,20
484.3,18.6223832380181,19.5342900728234,20.0173218845233,19.9944990700102,20
484.35,18.6223832380181,19.5342900728234,20.0173218845233,19.9944990700102,20
484.4,18.6223832380181,19.5342900728234,20.0173218845233,19.9944990700102,20
484.45,18.6223832380181,19.5342900728234,20.0173218845233,19.9944990700102,20
484.5,18.6223832380181,19.561118567509,20.0441654733384,19.994270598696,20
484.55,18.6223832380181,19.561118567509,20.0441654733384,19.994270598696,20
484.6,18.6223832380181,19.561118567509,20.0441654733384,19.994270598696,20
484.65,18.6223832380181,19.561118567509,20.0441654733384,19.994270598696,20
484.7,18.6223832380181,19.561118567509,20.0441654733384,19.994270598696,20
484.75,18.6223832380181,19.561118567509,20.0441654733384,19.994270598696,20
484.8,18.6223832380181,19.561118567509,20.0441654733384,19.994270598696,20
484.85,18.6223832380181,19.561118567509,20.0441654733384,19.994270598696,20
484.9,18.6223832380181,19.561118567509,20.0441654733384,19.994270598696,20
484.95,18.6223832380181,19.561118567509,20.0441654733384,19.994270598696,20
485.0,18.5955660603305,19.5342900728234,20.0173218845233,19.9947824070333,20
485.05,18.5955660603305,19.5342900728234,20.0173218845233,19.9947824070333,20
485.1,18.5955660603305,19.5342900728234,20.0173218845233,19.9947824070333,20
485.15,18.5955660603305,19.5342900728234,20.0173218845233,19.9947824070333,20
485.2,18.5955660603305,19.5342900728234,20.0173218845233,19.9947824070333,20
485.25,18.5955660603305,19.5342900728234,20.0173218845233,19.9947824070333,20
485.3,18.5955660603305,19.5342900728234,20.0173218845233,19.9947824070333,20
485.35,18.5955660603305,19.5342900728234,20.0173218845233,19.9947824070333,20
485.4,18.5955660603305,19.5342900728234,20.0173218845233,19.9947824070333,20
485.45,18.5955660603305,19.5342900728234,20.0173218845233,19.9947824070333,20
485.5,18.5687488544756,19.5074622324324,19.9904792989936,19.9945451973861,20
485.55,18.5687488544756,19.5074622324324,19.9904792989936,19.9945451973861,20
485.6,18.5687488544756,19.5074622324324,19.9904792989936,19.9945451973861,20
485.65,18.5687488544756,19.5074622324324,19.9904792989936,19.9945451973861,20
485.7,18.5687488544756,19.5074622324324,19.9904792989936,19.9945451973861,20
485.75,18.5687488544756,19.5074622324324,19.9904792989936,19.9945451973861,20
485.8,18.5687488544756,19.5074622324324,19.9904792989936,19.9945451973861,20
485.85,18.5687488544756,19.5074622324324,19.9904792989936,19.9945451973861,20
485.9,18.5687488544756,19.5074622324324,19.9904792989936,19.9945451973861,20
485.95,18.5687488544756,19.5074622324324,19.9904792989936,19.9945451973861,20
486.0,18.5687488544756,19.5074622324324,19.9904792989936,19.9935837916519,20
486.05,18.5687488544756,19.5074622324324,19.9904792989936,19.9935837916519,20
486.1,18.5687488544756,19.5074622324324,19.9904792989936,19.9935837916519,20
486.15,18.5687488544756,19.5074622324324,19.9904792989936,19.9935837916519,20
486.2,18.5687488544756,19.5074622324324,19.9904792989936,19.9935837916519,20
486.25,18.5687488544756,19.5074622324324,19.9904792989936,19.9935837916519,20
486.3,18.5687488544756,19.5074622324324,19.9904792989936,19.9935837916519,20
486.35,18.5687488544756,19.5074622324324,19.9904792989936,19.9935837916519,20
486.4,18.5687488544756,19.5074622324324,19.9904792989936,19.9935837916519,20
486.45,18.5687488544756,19.5074622324324,19.9904792989936,19.9935837916519,20
486.5,18.6492004071338,19.5879477359044,20.0710100848024,19.9926542679723,20
486.55,18.6492004071338,19.5879477359044,20.0710100848024,19.9926542679723,20
486.6,18.6492004071338,19.5879477359044,20.0710100848024,19.9926542679723,20
486.65,18.6492004071338,19.5879477359044,20.0710100848024,19.9926542679723,20
486.7,18.6492004071338,19.5879477359044,20.0710100848024,19.9926542679723,20
486.75,18.6492004071338,19.5879477359044,20.0710100848024,19.9926542679723,20
486.8,18.6492004071338,19.5879477359044,20.0710100848024,19.9926542679723,20
486.85,18.6492004071338,19.5879477359044,20.0710100848024,19.9926542679723,20
486.9,18.6492004071338,19.5879477359044,20.0710100848024,19.9926542679723,20
486.95,18.6492004071338,19.5879477359044,20.0710100848024,19.9926542679723,20
487.0,18.5955660603305,19.5342900728234,20.0173218845233,19.9939519464895,20
487.05,18.5955660603305,19.5342900728234,20.0173218845233,19.9939519464895,20
487.1,18.5955660603305,19.5342900728234,20.0173218845233,19.9939519464895,20
487.15,18.5955660603305,19.5342900728234,20.0173218845233,19.9939519464895,20
487.2,18.5955660603305,19.5342900728234,20.0173218845233,19.9939519464895,20
487.25,18.5955660603305,19.5342900728234,20.0173218845233,19.9939519464895,20
487.3,18.5955660603305,19.5342900728234,20.0173218845233,19.9939519464895,20
487.35,18.5955660603305,19.5342900728234,20.0173218845233,19.9939519464895,20
487.4,18.5955660603305,19.5342900728234,20.0173218845233,19.9939519464895,20
487.45,18.5955660603305,19.5342900728234,20.0173218845233,19.9939519464895,20
487.5,18.6223832380181,19.561118567509,20.0441654733384,19.9937423960861,20
487.55,18.6223832380181,19.561118567509,20.0441654733384,19.9937423960861,20
487.6,18.6223832380181,19.561118567509,20.0441654733384,19.9937423960861,20
487.65,18.6223832380181,19.561118567509,20.0441654733384,19.9937423960861,20
487.7,18.6223832380181,19.561118567509,20.0441654733384,19.9937423960861,20
487.75,18.6223832380181,19.561118567509,20.0441654733384,19.9937423960861,20
487.8,18.6223832380181,19.561118567509,20.0441654733384,19.9937423960861,20
487.85,18.6223832380181,19.561118567509,20.0441654733384,19.9937423960861,20
487.9,18.6223832380181,19.561118567509,20.0441654733384,19.9937423960861,20
487.95,18.6223832380181,19.561118567509,20.0441654733384,19.9937423960861,20
488.0,18.5687488544756,19.5074622324324,19.9904792989936,19.9942719586611,20
488.05,18.5687488544756,19.5074622324324,19.9904792989936,19.9942719586611,20
488.1,18.5687488544756,19.5074622324324,19.9904792989936,19.9942719586611,20
488.15,18.5687488544756,19.5074622324324,19.9904792989936,19.9942719586611,20
488.2,18.5687488544756,19.5074622324324,19.9904792989936,19.9942719586611,20
488.25,18.5687488544756,19.5074622324324,19.9904792989936,19.9942719586611,20
488.3,18.5687488544756,19.5074622324324,19.9904792989936,19.9942719586611,20
488.35,18.5687488544756,19.5074622324324,19.9904792989936,19.9942719586611,20
488.4,18.5687488544756,19.5074622324324,19.9904792989936,19.9942719586611,20
488.45,18.5687488544756,19.5074622324324,19.9904792989936,19.9942719586611,20
488.5,18.5955660603305,19.5342900728234,20.0173218845233,19.9933197803174,20
488.55,18.5955660603305,19.5342900728234,20.0173218845233,19.9933197803174,20
488.6,18.5955660603305,19.5342900728234,20.0173218845233,19.9933197803174,20
488.65,18.5955660603305,19.5342900728234,20.0173218845233,19.9933197803174,20
488.7,18.5955660603305,19.5342900728234,20.0173218845233,19.9933197803174,20
488.75,18.5955660603305,19.5342900728234,20.0173218845233,19.9933197803174,20
488.8,18.5955660603305,19.5342900728234,20.0173218845233,19.9933197803174,20
488.85,18.5955660603305,19.5342900728234,20.0173218845233,19.9933197803174,20
488.9,18.5955660603305,19.5342900728234,20.0173218845233,19.9933197803174,20
488.95,18.5955660603305,19.5342900728234,20.0173218845233,19.9933197803174,20
489.0,18.6223832380181,19.561118567509,20.0441654733384,19.9931312840082,20
489.05,18.6223832380181,19.561118567509,20.0441654733384,19.9931312840082,20
489.1,18.6223832380181,19.561118567509,20.0441654733384,19.9931312840082,20
489.15,18.6223832380181,19.561118567509,20.0441654733384,19.9931312840082,20
489.2,18.6223832380181,19.561118567509,20.0441654733384,19.9931312840082,20
489.25,18.6223832380181,19.561118567509,20.0441654733384,19.9931312840082,20
489.3,18.6223832380181,19.561118567509,20.0441654733384,19.9931312840082,20
489.35,18.6223832380181,19.561118567509,20.0441654733384,19.9931312840082,20
489.4,18.6223832380181,19.561118567509,20.0441654733384,19.9931312840082,20
489.45,18.6223832380181,19.561118567509,20.0441654733384,19.9931312840082,20
489.5,18.5955660603305,19.5342900728234,20.0173218845233,19.9936811844001,20
489.55,18.5955660603305,19.5342900728234,20.0173218845233,19.9936811844001,20
489.6,18.5955660603305,19.5342900728234,20.0173218845233,19.9936811844001,20
489.65,18.5955660603305,19.5342900728234,20.0173218845233,19.9936811844001,20
489.7,18.5955660603305,19.5342900728234,20.0173218845233,19.9936811844001,20
489.75,18.5955660603305,19.5342900728234,20.0173218845233,19.9936811844001,20
489.8,18.5955660603305,19.5342900728234,20.0173218845233,19.9936811844001,20
489.85,18.5955660603305,19.5342900728234,20.0173218845233,19.9936811844001,20
489.9,18.5955660603305,19.5342900728234,20.0173218845233,19.9936811844001,20
489.95,18.5955660603305,19.5342900728234,20.0173218845233,19.9936811844001,20
490.0,18.5955660603305,19.5342900728234,20.0173218845233,19.99348076833,20
490.05,18.5955660603305,19.5342900728234,20.0173218845233,19.99348076833,20
490.1,18.5955660603305,19.5342900728234,20.0173218845233,19.99348076833,20
490.15,18.5955660603305,19.5342900728234,20.0173218845233,19.99348076833,20
490.2,18.5955660603305,19.5342900728234,20.0173218845233,19.99348076833,20
490.25,18.5955660603305,19.5342900728234,20.0173218845233,19.99348076833,20
490.3,18.5955660603305,19.5342900728234,20.0173218845233,19.99348076833,20
490.35,18.5955660603305,19.5342900728234,20.0173218845233,19.99348076833,20
490.4,18.5955660603305,19.5342900728234,20.0173218845233,19.99348076833,20
490.45,18.5955660603305,19.5342900728234,20.0173218845233,19.99348076833,20
490.5,18.5955660603305,19.5342900728234,20.0173218845233,19.9932870184735,20
490.55,18.5955660603305,19.5342900728234,20.0173218845233,19.9932870184735,20
490.6,18.5955660603305,19.5342900728234,20.0173218845233,19.9932870184735,20
490.65,18.5955660603305,19.5342900728234,20.0173218845233,19.9932870184735,20
490.7,18.5955660603305,19.5342900728234,20.0173218845233,19.9932870184735,20
490.75,18.5955660603305,19.5342900728234,20.0173218845233,19.9932870184735,20
490.8,18.5955660603305,19.5342900728234,20.0173218845233,19.9932870184735,20
490.85,18.5955660603305,19.5342900728234,20.0173218845233,19.9932870184735,20
490.9,18.5955660603305,19.5342900728234,20.0173218845233,19.9932870184735,20
490.95,18.5955660603305,19.5342900728234,20.0173218845233,19.9932870184735,20
491.0,18.5955660603305,19.5342900728234,20.0173218845233,19.9930997081785,20
491.05,18.5955660603305,19.5342900728234,20.0173218845233,19.9930997081785,20
491.1,18.5955660603305,19.5342900728234,20.0173218845233,19.9930997081785,20
491.15,18.5955660603305,19.5342900728234,20.0173218845233,19.9930997081785,20
491.2,18.5955660603305,19.5342900728234,20.0173218845233,19.9930997081785,20
491.25,18.5955660603305,19.5342900728234,20.0173218845233,19.9930997081785,20
491.3,18.5955660603305,19.5342900728234,20.0173218845233,19.9930997081785,20
491.35,18.5955660603305,19.5342900728234,20.0173218845233,19.9930997081785,20
491.4,18.5955660603305,19.5342900728234,20.0173218845233,19.9930997081785,20
491.45,18.5955660603305,19.5342900728234,20.0173218845233,19.9930997081785,20
491.5,18.5687488544756,19.5074622324324,19.9904792989936,19.9929186185756,20
491.55,18.5687488544756,19.5074622324324,19.9904792989936,19.9929186185756,20
491.6,18.5687488544756,19.5074622324324,19.9904792989936,19.9929186185756,20
491.65,18.5687488544756,19.5074622324324,19.9904792989936,19.9929186185756,20
491.7,18.5687488544756,19.5074622324324,19.9904792989936,19.9929186185756,20
491.75,18.5687488544756,19.5074622324324,19.9904792989936,19.9929186185756,20
491.8,18.5687488544756,19.5074622324324,19.9904792989936,19.9929186185756,20
491.85,18.5687488544756,19.5074622324324,19.9904792989936,19.9929186185756,20
491.9,18.5687488544756,19.5074622324324,19.9904792989936,19.9929186185756,20
491.95,18.5687488544756,19.5074622324324,19.9904792989936,19.9929186185756,20
492.0,18.6223832380181,19.561118567509,20.0441654733384,19.9920114221777,20
492.05,18.6223832380181,19.561118567509,20.0441654733384,19.9920114221777,20
492.1,18.6223832380181,19.561118567509,20.0441654733384,19.9920114221777,20
492.15,18.6223832380181,19.561118567509,20.0441654733384,19.9920114221777,20
492.2,18.6223832380181,19.561118567509,20.0441654733384,19.9920114221777,20
492.25,18.6223832380181,19.561118567509,20.0441654733384,19.9920114221777,20
492.3,18.6223832380181,19.561118567509,20.0441654733384,19.9920114221777,20
492.35,18.6223832380181,19.561118567509,20.0441654733384,19.9920114221777,20
492.4,18.6223832380181,19.561118567509,20.0441654733384,19.9920114221777,20
492.45,18.6223832380181,19.561118567509,20.0441654733384,19.9920114221777,20
492.5,18.5687488544756,19.5074622324324,19.9904792989936,19.9925985128895,20
492.55,18.5687488544756,19.5074622324324,19.9904792989936,19.9925985128895,20
492.6,18.5687488544756,19.5074622324324,19.9904792989936,19.9925985128895,20
492.65,18.5687488544756,19.5074622324324,19.9904792989936,19.9925985128895,20
492.7,18.5687488544756,19.5074622324324,19.9904792989936,19.9925985128895,20
492.75,18.5687488544756,19.5074622324324,19.9904792989936,19.9925985128895,20
492.8,18.5687488544756,19.5074622324324,19.9904792989936,19.9925985128895,20
492.85,18.5687488544756,19.5074622324324,19.9904792989936,19.9925985128895,20
492.9,18.5687488544756,19.5074622324324,19.9904792989936,19.9925985128895,20
492.95,18.5687488544756,19.5074622324324,19.9904792989936,19.9925985128895,20
493.0,18.6223832380181,19.561118567509,20.0441654733384,19.9917019074317,20
493.05,18.6223832380181,19.561118567509,20.0441654733384,19.9917019074317,20
493.1,18.6223832380181,19.561118567509,20.0441654733384,19.9917019074317,20
493.15,18.6223832380181,19.561118567509,20.0441654733384,19.9917019074317,20
493.2,18.6223832380181,19.561118567509,20.0441654733384,19.9917019074317,20
493.25,18.6223832380181,19.561118567509,20.0441654733384,19.9917019074317,20
493.3,18.6223832380181,19.561118567509,20.0441654733384,19.9917019074317,20
493.35,18.6223832380181,19.561118567509,20.0441654733384,19.9917019074317,20
493.4,18.6223832380181,19.561118567509,20.0441654733384,19.9917019074317,20
493.45,18.6223832380181,19.561118567509,20.0441654733384,19.9917019074317,20
493.5,18.6223832380181,19.561118567509,20.0441654733384,19.9922992298592,20
493.55,18.6223832380181,19.561118567509,20.0441654733384,19.9922992298592,20
493.6,18.6223832380181,19.561118567509,20.0441654733384,19.9922992298592,20
493.65,18.6223832380181,19.561118567509,20.0441654733384,19.9922992298592,20
493.7,18.6223832380181,19.561118567509,20.0441654733384,19.9922992298592,20
493.75,18.6223832380181,19.561118567509,20.0441654733384,19.9922992298592,20
493.8,18.6223832380181,19.561118567509,20.0441654733384,19.9922992298592,20
493.85,18.6223832380181,19.561118567509,20.0441654733384,19.9922992298592,20
493.9,18.6223832380181,19.561118567509,20.0441654733384,19.9922992298592,20
493.95,18.6223832380181,19.561118567509,20.0441654733384,19.9922992298592,20
494.0,18.5687488544756,19.5074622324324,19.9904792989936,19.9928767593203,20
494.05,18.5687488544756,19.5074622324324,19.9904792989936,19.9928767593203,20
494.1,18.5687488544756,19.5074622324324,19.9904792989936,19.9928767593203,20
494.15,18.5687488544756,19.5074622324324,19.9904792989936,19.9928767593203,20
494.2,18.5687488544756,19.5074622324324,19.9904792989936,19.9928767593203,20
494.25,18.5687488544756,19.5074622324324,19.9904792989936,19.9928767593203,20
494.3,18.5687488544756,19.5074622324324,19.9904792989936,19.9928767593203,20
494.35,18.5687488544756,19.5074622324324,19.9904792989936,19.9928767593203,20
494.4,18.5687488544756,19.5074622324324,19.9904792989936,19.9928767593203,20
494.45,18.5687488544756,19.5074622324324,19.9904792989936,19.9928767593203,20
494.5,18.6223832380181,19.561118567509,20.0441654733384,19.991970917299,20
494.55,18.6223832380181,19.561118567509,20.0441654733384,19.991970917299,20
494.6,18.6223832380181,19.561118567509,20.0441654733384,19.991970917299,20
494.65,18.6223832380181,19.561118567509,20.0441654733384,19.991970917299,20
494.7,18.6223832380181,19.561118567509,20.0441654733384,19.991970917299,20
494.75,18.6223832380181,19.561118567509,20.0441654733384,19.991970917299,20
494.8,18.6223832380181,19.561118567509,20.0441654733384,19.991970917299,20
494.85,18.6223832380181,19.561118567509,20.0441654733384,19.991970917299,20
494.9,18.6223832380181,19.561118567509,20.0441654733384,19.991970917299,20
494.95,18.6223832380181,19.561118567509,20.0441654733384,19.991970917299,20
495.0,18.5955660603305,19.5342900728234,20.0173218845233,19.9925593167143,20
495.05,18.5955660603305,19.5342900728234,20.0173218845233,19.9925593167143,20
495.1,18.5955660603305,19.5342900728234,20.0173218845233,19.9925593167143,20
495.15,18.5955660603305,19.5342900728234,20.0173218845233,19.9925593167143,20
495.2,18.5955660603305,19.5342900728234,20.0173218845233,19.9925593167143,20
495.25,18.5955660603305,19.5342900728234,20.0173218845233,19.9925593167143,20
495.3,18.5955660603305,19.5342900728234,20.0173218845233,19.9925593167143,20
495.35,18.5955660603305,19.5342900728234,20.0173218845233,19.9925593167143,20
495.4,18.5955660603305,19.5342900728234,20.0173218845233,19.9925593167143,20
495.45,18.5955660603305,19.5342900728234,20.0173218845233,19.9925593167143,20
495.5,18.5687488544756,19.4806350269175,19.963637697384,19.9923960919885,20
495.55,18.5687488544756,19.4806350269175,19.963637697384,19.9923960919885,20
495.6,18.5687488544756,19.4806350269175,19.963637697384,19.9923960919885,20
495.65,18.5687488544756,19.4806350269175,19.963637697384,19.9923960919885,20
495.7,18.5687488544756,19.4806350269175,19.963637697384,19.9923960919885,20
495.75,18.5687488544756,19.4806350269175,19.963637697384,19.9923960919885,20
495.8,18.5687488544756,19.4806350269175,19.963637697384,19.9923960919885,20
495.85,18.5687488544756,19.4806350269175,19.963637697384,19.9923960919885,20
495.9,18.5687488544756,19.4806350269175,19.963637697384,19.9923960919885,20
495.95,18.5687488544756,19.4806350269175,19.963637697384,19.9923960919885,20
496.0,18.5955660603305,19.5342900728234,20.0173218845233,19.9907745766612,20
496.05,18.5955660603305,19.5342900728234,20.0173218845233,19.9907745766612,20
496.1,18.5955660603305,19.5342900728234,20.0173218845233,19.9907745766612,20
496.15,18.5955660603305,19.5342900728234,20.0173218845233,19.9907745766612,20
496.2,18.5955660603305,19.5342900728234,20.0173218845233,19.9907745766612,20
496.25,18.5955660603305,19.5342900728234,20.0173218845233,19.9907745766612,20
496.3,18.5955660603305,19.5342900728234,20.0173218845233,19.9907745766612,20
496.35,18.5955660603305,19.5342900728234,20.0173218845233,19.9907745766612,20
496.4,18.5955660603305,19.5342900728234,20.0173218845233,19.9907745766612,20
496.45,18.5955660603305,19.5342900728234,20.0173218845233,19.9907745766612,20
496.5,18.5955660603305,19.5342900728234,20.0173218845233,19.9906714466789,20
496.55,18.5955660603305,19.5342900728234,20.0173218845233,19.9906714466789,20
496.6,18.5955660603305,19.5342900728234,20.0173218845233,19.9906714466789,20
496.65,18.5955660603305,19.5342900728234,20.0173218845233,19.9906714466789,20
496.7,18.5955660603305,19.5342900728234,20.0173218845233,19.9906714466789,20
496.75,18.5955660603305,19.5342900728234,20.0173218845233,19.9906714466789,20
496.8,18.5955660603305,19.5342900728234,20.0173218845233,19.9906714466789,20
496.85,18.5955660603305,19.5342900728234,20.0173218845233,19.9906714466789,20
496.9,18.5955660603305,19.5342900728234,20.0173218845233,19.9906714466789,20
496.95,18.5955660603305,19.5342900728234,20.0173218845233,19.9906714466789,20
497.0,18.5419316008513,19.4806350269175,19.963637697384,19.9905716672062,20
497.05,18.5419316008513,19.4806350269175,19.963637697384,19.9905716672062,20
497.1,18.5419316008513,19.4806350269175,19.963637697384,19.9905716672062,20
497.15,18.5419316008513,19.4806350269175,19.963637697384,19.9905716672062,20
497.2,18.5419316008513,19.4806350269175,19.963637697384,19.9905716672062,20
497.25,18.5419316008513,19.4806350269175,19.963637697384,19.9905716672062,20
497.3,18.5419316008513,19.4806350269175,19.963637697384,19.9905716672062,20
497.35,18.5419316008513,19.4806350269175,19.963637697384,19.9905716672062,20
497.4,18.5419316008513,19.4806350269175,19.963637697384,19.9905716672062,20
497.45,18.5419316008513,19.4806350269175,19.963637697384,19.9905716672062,20
497.5,18.5955660603305,19.5074622324324,19.9904792989936,19.9890109105634,20
497.55,18.5955660603305,19.5074622324324,19.9904792989936,19.9890109105634,20
497.6,18.5955660603305,19.5074622324324,19.9904792989936,19.9890109105634,20
497.65,18.5955660603305,19.5074622324324,19.9904792989936,19.9890109105634,20
497.7,18.5955660603305,19.5074622324324,19.9904792989936,19.9890109105634,20
497.75,18.5955660603305,19.5074622324324,19.9904792989936,19.9890109105634,20
497.8,18.5955660603305,19.5074622324324,19.9904792989936,19.9890109105634,20
497.85,18.5955660603305,19.5074622324324,19.9904792989936,19.9890109105634,20
497.9,18.5955660603305,19.5074622324324,19.9904792989936,19.9890109105634,20
497.95,18.5955660603305,19.5074622324324,19.9904792989936,19.9890109105634,20
498.0,18.5955660603305,19.5342900728234,20.0173218845233,19.9882343655072,20
498.05,18.5955660603305,19.5342900728234,20.0173218845233,19.9882343655072,20
498.1,18.5955660603305,19.5342900728234,20.0173218845233,19.9882343655072,20
498.15,18.5955660603305,19.5342900728234,20.0173218845233,19.9882343655072,20
498.2,18.5955660603305,19.5342900728234,20.0173218845233,19.9882343655072,20
498.25,18.5955660603305,19.5342900728234,20.0173218845233,19.9882343655072,20
498.3,18.5955660603305,19.5342900728234,20.0173218845233,19.9882343655072,20
498.35,18.5955660603305,19.5342900728234,20.0173218845233,19.9882343655072,20
498.4,18.5955660603305,19.5342900728234,20.0173218845233,19.9882343655072,20
498.45,18.5955660603305,19.5342900728234,20.0173218845233,19.9882343655072,20
498.5,18.5955660603305,19.5342900728234,19.9904792989936,19.9882160358259,20
498.55,18.5955660603305,19.5342900728234,19.9904792989936,19.9882160358259,20
498.6,18.5955660603305,19.5342900728234,19.9904792989936,19.9882160358259,20
498.65,18.5955660603305,19.5342900728234,19.9904792989936,19.9882160358259,20
498.7,18.5955660603305,19.5342900728234,19.9904792989936,19.9882160358259,20
498.75,18.5955660603305,19.5342900728234,19.9904792989936,19.9882160358259,20
498.8,18.5955660603305,19.5342900728234,19.9904792989936,19.9882160358259,20
498.85,18.5955660603305,19.5342900728234,19.9904792989936,19.9882160358259,20
498.9,18.5955660603305,19.5342900728234,19.9904792989936,19.9882160358259,20
498.95,18.5955660603305,19.5342900728234,19.9904792989936,19.9882160358259,20
499.0,18.5687488544756,19.5074622324324,19.9904792989936,19.9881981702994,20
499.05,18.5687488544756,19.5074622324324,19.9904792989936,19.9881981702994,20
499.1,18.5687488544756,19.5074622324324,19.9904792989936,19.9881981702994,20
499.15,18.5687488544756,19.5074622324324,19.9904792989936,19.9881981702994,20
499.2,18.5687488544756,19.5074622324324,19.9904792989936,19.9881981702994,20
499.25,18.5687488544756,19.5074622324324,19.9904792989936,19.9881981702994,20
499.3,18.5687488544756,19.5074622324324,19.9904792989936,19.9881981702994,20
499.35,18.5687488544756,19.5074622324324,19.9904792989936,19.9881981702994,20
499.4,18.5687488544756,19.5074622324324,19.9904792989936,19.9881981702994,20
499.45,18.5687488544756,19.5074622324324,19.9904792989936,19.9881981702994,20
499.5,18.5955660603305,19.5342900728234,20.0173218845233,19.9874486391693,20
499.55,18.5955660603305,19.5342900728234,20.0173218845233,19.9874486391693,20
499.6,18.5955660603305,19.5342900728234,20.0173218845233,19.9874486391693,20
499.65,18.5955660603305,19.5342900728234,20.0173218845233,19.9874486391693,20
499.7,18.5955660603305,19.5342900728234,20.0173218845233,19.9874486391693,20
499.75,18.5955660603305,19.5342900728234,20.0173218845233,19.9874486391693,20
499.8,18.5955660603305,19.5342900728234,20.0173218845233,19.9874486391693,20
499.85,18.5955660603305,19.5342900728234,20.0173218845233,19.9874486391693,20
499.9,18.5955660603305,19.5342900728234,20.0173218845233,19.9874486391693,20
499.95,18.5955660603305,19.5342900728234,20.0173218845233,19.9874486391693,20
500.0,18.5955660603305,19.5342900728234,20.0173218845233,19.9874558932784,30
500.05,18.5955660603305,19.5342900728234,20.0173218845233,19.9874558932784,30
500.1,18.5955660603305,19.5342900728234,20.0173218845233,19.9874558932784,30
500.15,18.5955660603305,19.5342900728234,20.0173218845233,19.9874558932784,30
500.2,18.5955660603305,19.5342900728234,20.0173218845233,19.9874558932784,30
500.25,18.5955660603305,19.5342900728234,20.0173218845233,19.9874558932784,30
500.3,18.5955660603305,19.5342900728234,20.0173218845233,19.9874558932784,30
500.35,18.5955660603305,19.5342900728234,20.0173218845233,19.9874558932784,30
500.4,18.5955660603305,19.5342900728234,20.0173218845233,19.9874558932784,30
500.45,18.5955660603305,19.5342900728234,20.0173218845233,19.9874558932784,30
500.5,18.7832868095102,19.561118567509,20.0173218845233,19.9874627501424,30
500.55,18.7832868095102,19.561118567509,20.0173218845233,19.9874627501424,30
500.6,18.7832868095102,19.561118567509,20.0173218845233,19.9874627501424,30
500.65,18.7832868095102,19.561118567509,20.0173218845233,19.9874627501424,30
500.7,18.7832868095102,19.561118567509,20.0173218845233,19.9874627501424,30
500.75,18.7832868095102,19.561118567509,20.0173218845233,19.9874627501424,30
500.8,18.7832868095102,19.561118567509,20.0173218845233,19.9874627501424,30
500.85,18.7832868095102,19.561118567509,20.0173218845233,19.9874627501424,30
500.9,18.7832868095102,19.561118567509,20.0173218845233,19.9874627501424,30
500.95,18.7832868095102,19.561118567509,20.0173218845233,19.9874627501424,30
501.0,18.944194299459,19.5342900728234,20.0173218845233,19.9882044851144,30
501.05,18.944194299459,19.5342900728234,20.0173218845233,19.9882044851144,30
501.1,18.944194299459,19.5342900728234,20.0173218845233,19.9882044851144,30
501.15,18.944194299459,19.5342900728234,20.0173218845233,19.9882044851144,30
501.2,18.944194299459,19.5342900728234,20.0173218845233,19.9882044851144,30
501.25,18.944194299459,19.5342900728234,20.0173218845233,19.9882044851144,30
501.3,18.944194299459,19.5342900728234,20.0173218845233,19.9882044851144,30
501.35,18.944194299459,19.5342900728234,20.0173218845233,19.9882044851144,30
501.4,18.944194299459,19.5342900728234,20.0173218845233,19.9882044851144,30
501.45,18.944194299459,19.5342900728234,20.0173218845233,19.9882044851144,30
501.5,19.1319302861772,19.561118567509,20.0441654733384,19.9881991837307,30
501.55,19.1319302861772,19.561118567509,20.0441654733384,19.9881991837307,30
501.6,19.1319302861772,19.561118567509,20.0441654733384,19.9881991837307,30
501.65,19.1319302861772,19.561118567509,20.0441654733384,19.9881991837307,30
501.7,19.1319302861772,19.561118567509,20.0441654733384,19.9881991837307,30
501.75,19.1319302861772,19.561118567509,20.0441654733384,19.9881991837307,30
501.8,19.1319302861772,19.561118567509,20.0441654733384,19.9881991837307,30
501.85,19.1319302861772,19.561118567509,20.0441654733384,19.9881991837307,30
501.9,19.1319302861772,19.561118567509,20.0441654733384,19.9881991837307,30
501.95,19.1319302861772,19.561118567509,20.0441654733384,19.9881991837307,30
502.0,19.346507842558,19.6147775974212,20.0441654733384,19.9889424264293,30
502.05,19.346507842558,19.6147775974212,20.0441654733384,19.9889424264293,30
502.1,19.346507842558,19.6147775974212,20.0441654733384,19.9889424264293,30
502.15,19.346507842558,19.6147775974212,20.0441654733384,19.9889424264293,30
502.2,19.346507842558,19.6147775974212,20.0441654733384,19.9889424264293,30
502.25,19.346507842558,19.6147775974212,20.0441654733384,19.9889424264293,30
502.3,19.346507842558,19.6147775974212,20.0441654733384,19.9889424264293,30
502.35,19.346507842558,19.6147775974212,20.0441654733384,19.9889424264293,30
502.4,19.346507842558,19.6147775974212,20.0441654733384,19.9889424264293,30
502.45,19.346507842558,19.6147775974212,20.0441654733384,19.9889424264293,30
502.5,19.453808436856,19.5879477359044,20.0173218845233,19.9911475817666,30
502.55,19.453808436856,19.5879477359044,20.0173218845233,19.9911475817666,30
502.6,19.453808436856,19.5879477359044,20.0173218845233,19.9911475817666,30
502.65,19.453808436856,19.5879477359044,20.0173218845233,19.9911475817666,30
502.7,19.453808436856,19.5879477359044,20.0173218845233,19.9911475817666,30
502.75,19.453808436856,19.5879477359044,20.0173218845233,19.9911475817666,30
502.8,19.453808436856,19.5879477359044,20.0173218845233,19.9911475817666,30
502.85,19.453808436856,19.5879477359044,20.0173218845233,19.9911475817666,30
502.9,19.453808436856,19.5879477359044,20.0173218845233,19.9911475817666,30
502.95,19.453808436856,19.5879477359044,20.0173218845233,19.9911475817666,30
503.0,19.6684394774471,19.6416081714673,20.0441654733384,19.9925751312008,30
503.05,19.6684394774471,19.6416081714673,20.0441654733384,19.9925751312008,30
503.1,19.6684394774471,19.6416081714673,20.0441654733384,19.9925751312008,30
503.15,19.6684394774471,19.6416081714673,20.0441654733384,19.9925751312008,30
503.2,19.6684394774471,19.6416081714673,20.0441654733384,19.9925751312008,30
503.25,19.6684394774471,19.6416081714673,20.0441654733384,19.9925751312008,30
503.3,19.6684394774471,19.6416081714673,20.0441654733384,19.9925751312008,30
503.35,19.6684394774471,19.6416081714673,20.0441654733384,19.9925751312008,30
503.4,19.6684394774471,19.6416081714673,20.0441654733384,19.9925751312008,30
503.45,19.6684394774471,19.6416081714673,20.0441654733384,19.9925751312008,30
503.5,19.8026076652835,19.6416081714673,20.0441654733384,19.9954526754927,30
503.55,19.8026076652835,19.6416081714673,20.0441654733384,19.9954526754927,30
503.6,19.8026076652835,19.6416081714673,20.0441654733384,19.9954526754927,30
503.65,19.8026076652835,19.6416081714673,20.0441654733384,19.9954526754927,30
503.7,19.8026076652835,19.6416081714673,20.0441654733384,19.9954526754927,30
503.75,19.8026076652835,19.6416081714673,20.0441654733384,19.9954526754927,30
503.8,19.8026076652835,19.6416081714673,20.0441654733384,19.9954526754927,30
503.85,19.8026076652835,19.6416081714673,20.0441654733384,19.9954526754927,30
503.9,19.8026076652835,19.6416081714673,20.0441654733384,19.9954526754927,30
503.95,19.8026076652835,19.6416081714673,20.0441654733384,19.9954526754927,30
504.0,20.0173218845233,19.7221043628098,20.0710100848024,19.9982730801391,30
504.05,20.0173218845233,19.7221043628098,20.0710100848024,19.9982730801391,30
504.1,20.0173218845233,19.7221043628098,20.0710100848024,19.9982730801391,30
504.15,20.0173218845233,19.7221043628098,20.0710100848024,19.9982730801391,30
504.2,20.0173218845233,19.7221043628098,20.0710100848024,19.9982730801391,30
504.25,20.0173218845233,19.7221043628098,20.0710100848024,19.9982730801391,30
504.3,20.0173218845233,19.7221043628098,20.0710100848024,19.9982730801391,30
504.35,20.0173218845233,19.7221043628098,20.0710100848024,19.9982730801391,30
504.4,20.0173218845233,19.7221043628098,20.0710100848024,19.9982730801391,30
504.45,20.0173218845233,19.7221043628098,20.0710100848024,19.9982730801391,30
504.5,20.2052491594338,19.7757724086803,20.1247024531203,20.0032395983763,30
504.55,20.2052491594338,19.7757724086803,20.1247024531203,20.0032395983763,30
504.6,20.2052491594338,19.7757724086803,20.1247024531203,20.0032395983763,30
504.65,20.2052491594338,19.7757724086803,20.1247024531203,20.0032395983763,30
504.7,20.2052491594338,19.7757724086803,20.1247024531203,20.0032395983763,30
504.75,20.2052491594338,19.7757724086803,20.1247024531203,20.0032395983763,30
504.8,20.2052491594338,19.7757724086803,20.1247024531203,20.0032395983763,30
504.85,20.2052491594338,19.7757724086803,20.1247024531203,20.0032395983763,30
504.9,20.2052491594338,19.7757724086803,20.1247024531203,20.0032395983763,30
504.95,20.2052491594338,19.7757724086803,20.1247024531203,20.0032395983763,30
505.0,20.3663738417571,19.8026076652835,20.1247024531203,20.0095536697217,30
505.05,20.3663738417571,19.8026076652835,20.1247024531203,20.0095536697217,30
505.1,20.3663738417571,19.8026076652835,20.1247024531203,20.0095536697217,30
505.15,20.3663738417571,19.8026076652835,20.1247024531203,20.0095536697217,30
505.2,20.3663738417571,19.8026076652835,20.1247024531203,20.0095536697217,30
505.25,20.3663738417571,19.8026076652835,20.1247024531203,20.0095536697217,30
505.3,20.3663738417571,19.8026076652835,20.1247024531203,20.0095536697217,30
505.35,20.3663738417571,19.8026076652835,20.1247024531203,20.0095536697217,30
505.4,20.3663738417571,19.8026076652835,20.1247024531203,20.0095536697217,30
505.45,20.3663738417571,19.8026076652835,20.1247024531203,20.0095536697217,30
505.5,20.4738151361183,19.8026076652835,20.0710100848024,20.0164430260381,30
505.55,20.4738151361183,19.8026076652835,20.0710100848024,20.0164430260381,30
505.6,20.4738151361183,19.8026076652835,20.0710100848024,20.0164430260381,30
505.65,20.4738151361183,19.8026076652835,20.0710100848024,20.0164430260381,30
505.7,20.4738151361183,19.8026076652835,20.0710100848024,20.0164430260381,30
505.75,20.4738151361183,19.8026076652835,20.0710100848024,20.0164430260381,30
505.8,20.4738151361183,19.8026076652835,20.0710100848024,20.0164430260381,30
505.85,20.4738151361183,19.8026076652835,20.0710100848024,20.0164430260381,30
505.9,20.4738151361183,19.8026076652835,20.0710100848024,20.0164430260381,30
505.95,20.4738151361183,19.8026076652835,20.0710100848024,20.0164430260381,30
506.0,20.715637869885,19.9367970603266,20.151550248691,20.0231603368201,30
506.05,20.715637869885,19.9367970603266,20.151550248691,20.0231603368201,30
506.1,20.715637869885,19.9367970603266,20.151550248691,20.0231603368201,30
506.15,20.715637869885,19.9367970603266,20.151550248691,20.0231603368201,30
506.2,20.715637869885,19.9367970603266,20.151550248691,20.0231603368201,30
506.25,20.715637869885,19.9367970603266,20.151550248691,20.0231603368201,30
506.3,20.715637869885,19.9367970603266,20.151550248691,20.0231603368201,30
506.35,20.715637869885,19.9367970603266,20.151550248691,20.0231603368201,30
506.4,20.715637869885,19.9367970603266,20.151550248691,20.0231603368201,30
506.45,20.715637869885,19.9367970603266,20.151550248691,20.0231603368201,30
506.5,20.8500356504771,19.963637697384,20.151550248691,20.0333767203277,30
506.55,20.8500356504771,19.963637697384,20.151550248691,20.0333767203277,30
506.6,20.8500356504771,19.963637697384,20.151550248691,20.0333767203277,30
506.65,20.8500356504771,19.963637697384,20.151550248691,20.0333767203277,30
506.7,20.8500356504771,19.963637697384,20.151550248691,20.0333767203277,30
506.75,20.8500356504771,19.963637697384,20.151550248691,20.0333767203277,30
506.8,20.8500356504771,19.963637697384,20.151550248691,20.0333767203277,30
506.85,20.8500356504771,19.963637697384,20.151550248691,20.0333767203277,30
506.9,20.8500356504771,19.963637697384,20.151550248691,20.0333767203277,30
506.95,20.8500356504771,19.963637697384,20.151550248691,20.0333767203277,30
507.0,21.0113660978265,19.9904792989936,20.1783991443442,20.0440502953533,30
507.05,21.0113660978265,19.9904792989936,20.1783991443442,20.0440502953533,30
507.1,21.0113660978265,19.9904792989936,20.1783991443442,20.0440502953533,30
507.15,21.0113660978265,19.9904792989936,20.1783991443442,20.0440502953533,30
507.2,21.0113660978265,19.9904792989936,20.1783991443442,20.0440502953533,30
507.25,21.0113660978265,19.9904792989936,20.1783991443442,20.0440502953533,30
507.3,21.0113660978265,19.9904792989936,20.1783991443442,20.0440502953533,30
507.35,21.0113660978265,19.9904792989936,20.1783991443442,20.0440502953533,30
507.4,21.0113660978265,19.9904792989936,20.1783991443442,20.0440502953533,30
507.45,21.0113660978265,19.9904792989936,20.1783991443442,20.0440502953533,30
507.5,21.226570347597,20.1247024531203,20.2589526253297,20.0551699351967,30
507.55,21.226570347597,20.1247024531203,20.2589526253297,20.0551699351967,30
507.6,21.226570347597,20.1247024531203,20.2589526253297,20.0551699351967,30
507.65,21.226570347597,20.1247024531203,20.2589526253297,20.0551699351967,30
507.7,21.226570347597,20.1247024531203,20.2589526253297,20.0551699351967,30
507.75,21.226570347597,20.1247024531203,20.2589526253297,20.0551699351967,30
507.8,21.226570347597,20.1247024531203,20.2589526253297,20.0551699351967,30
507.85,21.226570347597,20.1247024531203,20.2589526253297,20.0551699351967,30
507.9,21.226570347597,20.1247024531203,20.2589526253297,20.0551699351967,30
507.95,21.226570347597,20.1247024531203,20.2589526253297,20.0551699351967,30
508.0,21.3880516920814,20.1783991443442,20.2589526253297,20.0696546615945,30
508.05,21.3880516920814,20.1783991443442,20.2589526253297,20.0696546615945,30
508.1,21.3880516920814,20.1783991443442,20.2589526253297,20.0696546615945,30
508.15,21.3880516920814,20.1783991443442,20.2589526253297,20.0696546615945,30
508.2,21.3880516920814,20.1783991443442,20.2589526253297,20.0696546615945,30
508.25,21.3880516920814,20.1783991443442,20.2589526253297,20.0696546615945,30
508.3,21.3880516920814,20.1783991443442,20.2589526253297,20.0696546615945,30
508.35,21.3880516920814,20.1783991443442,20.2589526253297,20.0696546615945,30
508.4,21.3880516920814,20.1783991443442,20.2589526253297,20.0696546615945,30
508.45,21.3880516920814,20.1783991443442,20.2589526253297,20.0696546615945,30
508.5,21.5226740247477,20.2321003133121,20.2858061148359,20.0851984384885,30
508.55,21.5226740247477,20.2321003133121,20.2858061148359,20.0851984384885,30
508.6,21.5226740247477,20.2321003133121,20.2858061148359,20.0851984384885,30
508.65,21.5226740247477,20.2321003133121,20.2858061148359,20.0851984384885,30
508.7,21.5226740247477,20.2321003133121,20.2858061148359,20.0851984384885,30
508.75,21.5226740247477,20.2321003133121,20.2858061148359,20.0851984384885,30
508.8,21.5226740247477,20.2321003133121,20.2858061148359,20.0851984384885,30
508.85,21.5226740247477,20.2321003133121,20.2858061148359,20.0851984384885,30
508.9,21.5226740247477,20.2321003133121,20.2858061148359,20.0851984384885,30
508.95,21.5226740247477,20.2321003133121,20.2858061148359,20.0851984384885,30
509.0,21.6842899007142,20.2858061148359,20.2858061148359,20.1017692336896,30
509.05,21.6842899007142,20.2858061148359,20.2858061148359,20.1017692336896,30
509.1,21.6842899007142,20.2858061148359,20.2858061148359,20.1017692336896,30
509.15,21.6842899007142,20.2858061148359,20.2858061148359,20.1017692336896,30
509.2,21.6842899007142,20.2858061148359,20.2858061148359,20.1017692336896,30
509.25,21.6842899007142,20.2858061148359,20.2858061148359,20.1017692336896,30
509.3,21.6842899007142,20.2858061148359,20.2858061148359,20.1017692336896,30
509.35,21.6842899007142,20.2858061148359,20.2858061148359,20.1017692336896,30
509.4,21.6842899007142,20.2858061148359,20.2858061148359,20.1017692336896,30
509.45,21.6842899007142,20.2858061148359,20.2858061148359,20.1017692336896,30
509.5,21.8729422902206,20.3663738417571,20.3395167037037,20.119336073148,30
509.55,21.8729422902206,20.3663738417571,20.3395167037037,20.119336073148,30
509.6,21.8729422902206,20.3663738417571,20.3395167037037,20.119336073148,30
509.65,21.8729422902206,20.3663738417571,20.3395167037037,20.119336073148,30
509.7,21.8729422902206,20.3663738417571,20.3395167037037,20.119336073148,30
509.75,21.8729422902206,20.3663738417571,20.3395167037037,20.119336073148,30
509.8,21.8729422902206,20.3663738417571,20.3395167037037,20.119336073148,30
509.85,21.8729422902206,20.3663738417571,20.3395167037037,20.119336073148,30
509.9,21.8729422902206,20.3663738417571,20.3395167037037,20.119336073148,30
509.95,21.8729422902206,20.3663738417571,20.3395167037037,20.119336073148,30
510.0,22.0077637756852,20.4200919018235,20.3395167037037,20.1386024292737,30
510.05,22.0077637756852,20.4200919018235,20.3395167037037,20.1386024292737,30
510.1,22.0077637756852,20.4200919018235,20.3395167037037,20.1386024292737,30
510.15,22.0077637756852,20.4200919018235,20.3395167037037,20.1386024292737,30
510.2,22.0077637756852,20.4200919018235,20.3395167037037,20.1386024292737,30
510.25,22.0077637756852,20.4200919018235,20.3395167037037,20.1386024292737,30
510.3,22.0077637756852,20.4200919018235,20.3395167037037,20.1386024292737,30
510.35,22.0077637756852,20.4200919018235,20.3395167037037,20.1386024292737,30
510.4,22.0077637756852,20.4200919018235,20.3395167037037,20.1386024292737,30
510.45,22.0077637756852,20.4200919018235,20.3395167037037,20.1386024292737,30
510.5,22.1966167123213,20.5275436993682,20.4200919018235,20.1587821854514,30
510.55,22.1966167123213,20.5275436993682,20.4200919018235,20.1587821854514,30
510.6,22.1966167123213,20.5275436993682,20.4200919018235,20.1587821854514,30
510.65,22.1966167123213,20.5275436993682,20.4200919018235,20.1587821854514,30
510.7,22.1966167123213,20.5275436993682,20.4200919018235,20.1587821854514,30
510.75,22.1966167123213,20.5275436993682,20.4200919018235,20.1587821854514,30
510.8,22.1966167123213,20.5275436993682,20.4200919018235,20.1587821854514,30
510.85,22.1966167123213,20.5275436993682,20.4200919018235,20.1587821854514,30
510.9,22.1966167123213,20.5275436993682,20.4200919018235,20.1587821854514,30
510.95,22.1966167123213,20.5275436993682,20.4200919018235,20.1587821854514,30
511.0,22.3585907192568,20.6081468744696,20.4469528625216,20.1813138094605,30
511.05,22.3585907192568,20.6081468744696,20.4469528625216,20.1813138094605,30
511.1,22.3585907192568,20.6081468744696,20.4469528625216,20.1813138094605,30
511.15,22.3585907192568,20.6081468744696,20.4469528625216,20.1813138094605,30
511.2,22.3585907192568,20.6081468744696,20.4469528625216,20.1813138094605,30
511.25,22.3585907192568,20.6081468744696,20.4469528625216,20.1813138094605,30
511.3,22.3585907192568,20.6081468744696,20.4469528625216,20.1813138094605,30
511.35,22.3585907192568,20.6081468744696,20.4469528625216,20.1813138094605,30
511.4,22.3585907192568,20.6081468744696,20.4469528625216,20.1813138094605,30
511.45,22.3585907192568,20.6081468744696,20.4469528625216,20.1813138094605,30
511.5,22.4936428278625,20.6618894369654,20.4738151361183,20.2053891051844,30
511.55,22.4936428278625,20.6618894369654,20.4738151361183,20.2053891051844,30
511.6,22.4936428278625,20.6618894369654,20.4738151361183,20.2053891051844,30
511.65,22.4936428278625,20.6618894369654,20.4738151361183,20.2053891051844,30
511.7,22.4936428278625,20.6618894369654,20.4738151361183,20.2053891051844,30
511.75,22.4936428278625,20.6618894369654,20.4738151361183,20.2053891051844,30
511.8,22.4936428278625,20.6618894369654,20.4738151361183,20.2053891051844,30
511.85,22.4936428278625,20.6618894369654,20.4738151361183,20.2053891051844,30
511.9,22.4936428278625,20.6618894369654,20.4738151361183,20.2053891051844,30
511.95,22.4936428278625,20.6618894369654,20.4738151361183,20.2053891051844,30
512.0,22.6828333618556,20.7693923279235,20.5275436993682,20.2302263232117,30
512.05,22.6828333618556,20.7693923279235,20.5275436993682,20.2302263232117,30
512.1,22.6828333618556,20.7693923279235,20.5275436993682,20.2302263232117,30
512.15,22.6828333618556,20.7693923279235,20.5275436993682,20.2302263232117,30
512.2,22.6828333618556,20.7693923279235,20.5275436993682,20.2302263232117,30
512.25,22.6828333618556,20.7693923279235,20.5275436993682,20.2302263232117,30
512.3,22.6828333618556,20.7693923279235,20.5275436993682,20.2302263232117,30
512.35,22.6828333618556,20.7693923279235,20.5275436993682,20.2302263232117,30
512.4,22.6828333618556,20.7693923279235,20.5275436993682,20.2302263232117,30
512.45,22.6828333618556,20.7693923279235,20.5275436993682,20.2302263232117,30
512.5,22.8180567663066,20.8231529657767,20.5275436993682,20.2572696974874,30
512.55,22.8180567663066,20.8231529657767,20.5275436993682,20.2572696974874,30
512.6,22.8180567663066,20.8231529657767,20.5275436993682,20.2572696974874,30
512.65,22.8180567663066,20.8231529657767,20.5275436993682,20.2572696974874,30
512.7,22.8180567663066,20.8231529657767,20.5275436993682,20.2572696974874,30
512.75,22.8180567663066,20.8231529657767,20.5275436993682,20.2572696974874,30
512.8,22.8180567663066,20.8231529657767,20.5275436993682,20.2572696974874,30
512.85,22.8180567663066,20.8231529657767,20.5275436993682,20.2572696974874,30
512.9,22.8180567663066,20.8231529657767,20.5275436993682,20.2572696974874,30
512.95,22.8180567663066,20.8231529657767,20.5275436993682,20.2572696974874,30
513.0,22.9804247668525,20.9306933997282,20.6081468744696,20.2849819629697,30
513.05,22.9804247668525,20.9306933997282,20.6081468744696,20.2849819629697,30
513.1,22.9804247668525,20.9306933997282,20.6081468744696,20.2849819629697,30
513.15,22.9804247668525,20.9306933997282,20.6081468744696,20.2849819629697,30
513.2,22.9804247668525,20.9306933997282,20.6081468744696,20.2849819629697,30
513.25,22.9804247668525,20.9306933997282,20.6081468744696,20.2849819629697,30
513.3,22.9804247668525,20.9306933997282,20.6081468744696,20.2849819629697,30
513.35,22.9804247668525,20.9306933997282,20.6081468744696,20.2849819629697,30
513.4,22.9804247668525,20.9306933997282,20.6081468744696,20.2849819629697,30
513.45,22.9804247668525,20.9306933997282,20.6081468744696,20.2849819629697,30
513.5,23.0887326161478,20.9575826123248,20.6081468744696,20.3148104496513,30
513.55,23.0887326161478,20.9575826123248,20.6081468744696,20.3148104496513,30
513.6,23.0887326161478,20.9575826123248,20.6081468744696,20.3148104496513,30
513.65,23.0887326161478,20.9575826123248,20.6081468744696,20.3148104496513,30
513.7,23.0887326161478,20.9575826123248,20.6081468744696,20.3148104496513,30
513.75,23.0887326161478,20.9575826123248,20.6081468744696,20.3148104496513,30
513.8,23.0887326161478,20.9575826123248,20.6081468744696,20.3148104496513,30
513.85,23.0887326161478,20.9575826123248,20.6081468744696,20.3148104496513,30
513.9,23.0887326161478,20.9575826123248,20.6081468744696,20.3148104496513,30
513.95,23.0887326161478,20.9575826123248,20.6081468744696,20.3148104496513,30
514.0,23.2241899677538,21.0113660978265,20.6081468744696,20.3444860344168,30
514.05,23.2241899677538,21.0113660978265,20.6081468744696,20.3444860344168,30
514.1,23.2241899677538,21.0113660978265,20.6081468744696,20.3444860344168,30
514.15,23.2241899677538,21.0113660978265,20.6081468744696,20.3444860344168,30
514.2,23.2241899677538,21.0113660978265,20.6081468744696,20.3444860344168,30
514.25,23.2241899677538,21.0113660978265,20.6081468744696,20.3444860344168,30
514.3,23.2241899677538,21.0113660978265,20.6081468744696,20.3444860344168,30
514.35,23.2241899677538,21.0113660978265,20.6081468744696,20.3444860344168,30
514.4,23.2241899677538,21.0113660978265,20.6081468744696,20.3444860344168,30
514.45,23.2241899677538,21.0113660978265,20.6081468744696,20.3444860344168,30
514.5,23.4410951792239,21.1458552326866,20.715637869885,20.3747500918182,30
514.55,23.4410951792239,21.1458552326866,20.715637869885,20.3747500918182,30
514.6,23.4410951792239,21.1458552326866,20.715637869885,20.3747500918182,30
514.65,23.4410951792239,21.1458552326866,20.715637869885,20.3747500918182,30
514.7,23.4410951792239,21.1458552326866,20.715637869885,20.3747500918182,30
514.75,23.4410951792239,21.1458552326866,20.715637869885,20.3747500918182,30
514.8,23.4410951792239,21.1458552326866,20.715637869885,20.3747500918182,30
514.85,23.4410951792239,21.1458552326866,20.715637869885,20.3747500918182,30
514.9,23.4410951792239,21.1458552326866,20.715637869885,20.3747500918182,30
514.95,23.4410951792239,21.1458552326866,20.715637869885,20.3747500918182,30
515.0,23.5767731892406,21.226570347597,20.7425143360959,20.4077879168795,30
515.05,23.5767731892406,21.226570347597,20.7425143360959,20.4077879168795,30
515.1,23.5767731892406,21.226570347597,20.7425143360959,20.4077879168795,30
515.15,23.5767731892406,21.226570347597,20.7425143360959,20.4077879168795,30
515.2,23.5767731892406,21.226570347597,20.7425143360959,20.4077879168795,30
515.25,23.5767731892406,21.226570347597,20.7425143360959,20.4077879168795,30
515.3,23.5767731892406,21.226570347597,20.7425143360959,20.4077879168795,30
515.35,23.5767731892406,21.226570347597,20.7425143360959,20.4077879168795,30
515.4,23.5767731892406,21.226570347597,20.7425143360959,20.4077879168795,30
515.45,23.5767731892406,21.226570347597,20.7425143360959,20.4077879168795,30
515.5,23.712540514227,21.2803897608525,20.7693923279235,20.4420420623154,30
515.55,23.712540514227,21.2803897608525,20.7693923279235,20.4420420623154,30
515.6,23.712540514227,21.2803897608525,20.7693923279235,20.4420420623154,30
515.65,23.712540514227,21.2803897608525,20.7693923279235,20.4420420623154,30
515.7,23.712540514227,21.2803897608525,20.7693923279235,20.4420420623154,30
515.75,23.712540514227,21.2803897608525,20.7693923279235,20.4420420623154,30
515.8,23.712540514227,21.2803897608525,20.7693923279235,20.4420420623154,30
515.85,23.712540514227,21.2803897608525,20.7693923279235,20.4420420623154,30
515.9,23.712540514227,21.2803897608525,20.7693923279235,20.4420420623154,30
515.95,23.712540514227,21.2803897608525,20.7693923279235,20.4420420623154,30
516.0,23.9027695385323,21.414972101299,20.8500356504771,20.476740167342,30
516.05,23.9027695385323,21.414972101299,20.8500356504771,20.476740167342,30
516.1,23.9027695385323,21.414972101299,20.8500356504771,20.476740167342,30
516.15,23.9027695385323,21.414972101299,20.8500356504771,20.476740167342,30
516.2,23.9027695385323,21.414972101299,20.8500356504771,20.476740167342,30
516.25,23.9027695385323,21.414972101299,20.8500356504771,20.476740167342,30
516.3,23.9027695385323,21.414972101299,20.8500356504771,20.476740167342,30
516.35,23.9027695385323,21.414972101299,20.8500356504771,20.476740167342,30
516.4,23.9027695385323,21.414972101299,20.8500356504771,20.476740167342,30
516.45,23.9027695385323,21.414972101299,20.8500356504771,20.476740167342,30
516.5,24.0387613428366,21.4957454621609,20.8769199381435,20.5140733837664,30
516.55,24.0387613428366,21.4957454621609,20.8769199381435,20.5140733837664,30
516.6,24.0387613428366,21.4957454621609,20.8769199381435,20.5140733837664,30
516.65,24.0387613428366,21.4957454621609,20.8769199381435,20.5140733837664,30
516.7,24.0387613428366,21.4957454621609,20.8769199381435,20.5140733837664,30
516.75,24.0387613428366,21.4957454621609,20.8769199381435,20.5140733837664,30
516.8,24.0387613428366,21.4957454621609,20.8769199381435,20.5140733837664,30
516.85,24.0387613428366,21.4957454621609,20.8769199381435,20.5140733837664,30
516.9,24.0387613428366,21.4957454621609,20.8769199381435,20.5140733837664,30
516.95,24.0387613428366,21.4957454621609,20.8769199381435,20.5140733837664,30
517.0,24.1748509131781,21.5765374296099,20.9306933997282,20.552487421722,30
517.05,24.1748509131781,21.5765374296099,20.9306933997282,20.552487421722,30
517.1,24.1748509131781,21.5765374296099,20.9306933997282,20.552487421722,30
517.15,24.1748509131781,21.5765374296099,20.9306933997282,20.552487421722,30
517.2,24.1748509131781,21.5765374296099,20.9306933997282,20.552487421722,30
517.25,24.1748509131781,21.5765374296099,20.9306933997282,20.552487421722,30
517.3,24.1748509131781,21.5765374296099,20.9306933997282,20.552487421722,30
517.35,24.1748509131781,21.5765374296099,20.9306933997282,20.552487421722,30
517.4,24.1748509131781,21.5765374296099,20.9306933997282,20.552487421722,30
517.45,24.1748509131781,21.5765374296099,20.9306933997282,20.552487421722,30
517.5,24.3382909682296,21.6573485268066,20.9575826123248,20.5919484006511,30
517.55,24.3382909682296,21.6573485268066,20.9575826123248,20.5919484006511,30
517.6,24.3382909682296,21.6573485268066,20.9575826123248,20.5919484006511,30
517.65,24.3382909682296,21.6573485268066,20.9575826123248,20.5919484006511,30
517.7,24.3382909682296,21.6573485268066,20.9575826123248,20.5919484006511,30
517.75,24.3382909682296,21.6573485268066,20.9575826123248,20.5919484006511,30
517.8,24.3382909682296,21.6573485268066,20.9575826123248,20.5919484006511,30
517.85,24.3382909682296,21.6573485268066,20.9575826123248,20.5919484006511,30
517.9,24.3382909682296,21.6573485268066,20.9575826123248,20.5919484006511,30
517.95,24.3382909682296,21.6573485268066,20.9575826123248,20.5919484006511,30
518.0,24.5018797372807,21.765127318424,21.0382604094143,20.6324241140062,30
518.05,24.5018797372807,21.765127318424,21.0382604094143,20.6324241140062,30
518.1,24.5018797372807,21.765127318424,21.0382604094143,20.6324241140062,30
518.15,24.5018797372807,21.765127318424,21.0382604094143,20.6324241140062,30
518.2,24.5018797372807,21.765127318424,21.0382604094143,20.6324241140062,30
518.25,24.5018797372807,21.765127318424,21.0382604094143,20.6324241140062,30
518.3,24.5018797372807,21.765127318424,21.0382604094143,20.6324241140062,30
518.35,24.5018797372807,21.765127318424,21.0382604094143,20.6324241140062,30
518.4,24.5018797372807,21.765127318424,21.0382604094143,20.6324241140062,30
518.45,24.5018797372807,21.765127318424,21.0382604094143,20.6324241140062,30
518.5,24.6383204475379,21.8459850874676,21.0920542669772,20.6746188302563,30
518.55,24.6383204475379,21.8459850874676,21.0920542669772,20.6746188302563,30
518.6,24.6383204475379,21.8459850874676,21.0920542669772,20.6746188302563,30
518.65,24.6383204475379,21.8459850874676,21.0920542669772,20.6746188302563,30
518.7,24.6383204475379,21.8459850874676,21.0920542669772,20.6746188302563,30
518.75,24.6383204475379,21.8459850874676,21.0920542669772,20.6746188302563,30
518.8,24.6383204475379,21.8459850874676,21.0920542669772,20.6746188302563,30
518.85,24.6383204475379,21.8459850874676,21.0920542669772,20.6746188302563,30
518.9,24.6383204475379,21.8459850874676,21.0920542669772,20.6746188302563,30
518.95,24.6383204475379,21.8459850874676,21.0920542669772,20.6746188302563,30
519.0,24.7475512409528,21.8999018318613,21.0920542669772,20.7177423951551,30
519.05,24.7475512409528,21.8999018318613,21.0920542669772,20.7177423951551,30
519.1,24.7475512409528,21.8999018318613,21.0920542669772,20.7177423951551,30
519.15,24.7475512409528,21.8999018318613,21.0920542669772,20.7177423951551,30
519.2,24.7475512409528,21.8999018318613,21.0920542669772,20.7177423951551,30
519.25,24.7475512409528,21.8999018318613,21.0920542669772,20.7177423951551,30
519.3,24.7475512409528,21.8999018318613,21.0920542669772,20.7177423951551,30
519.35,24.7475512409528,21.8999018318613,21.0920542669772,20.7177423951551,30
519.4,24.7475512409528,21.8999018318613,21.0920542669772,20.7177423951551,30
519.45,24.7475512409528,21.8999018318613,21.0920542669772,20.7177423951551,30
519.5,24.9115308429423,22.0077637756852,21.172758429462,20.7610302743015,30
519.55,24.9115308429423,22.0077637756852,21.172758429462,20.7610302743015,30
519.6,24.9115308429423,22.0077637756852,21.172758429462,20.7610302743015,30
519.65,24.9115308429423,22.0077637756852,21.172758429462,20.7610302743015,30
519.7,24.9115308429423,22.0077637756852,21.172758429462,20.7610302743015,30
519.75,24.9115308429423,22.0077637756852,21.172758429462,20.7610302743015,30
519.8,24.9115308429423,22.0077637756852,21.172758429462,20.7610302743015,30
519.85,24.9115308429423,22.0077637756852,21.172758429462,20.7610302743015,30
519.9,24.9115308429423,22.0077637756852,21.172758429462,20.7610302743015,30
519.95,24.9115308429423,22.0077637756852,21.172758429462,20.7610302743015,30
520.0,24.9935818668352,22.0347353030852,21.1458552326866,20.8059505880198,30
520.05,24.9935818668352,22.0347353030852,21.1458552326866,20.8059505880198,30
520.1,24.9935818668352,22.0347353030852,21.1458552326866,20.8059505880198,30
520.15,24.9935818668352,22.0347353030852,21.1458552326866,20.8059505880198,30
520.2,24.9935818668352,22.0347353030852,21.1458552326866,20.8059505880198,30
520.25,24.9935818668352,22.0347353030852,21.1458552326866,20.8059505880198,30
520.3,24.9935818668352,22.0347353030852,21.1458552326866,20.8059505880198,30
520.35,24.9935818668352,22.0347353030852,21.1458552326866,20.8059505880198,30
520.4,24.9935818668352,22.0347353030852,21.1458552326866,20.8059505880198,30
520.45,24.9935818668352,22.0347353030852,21.1458552326866,20.8059505880198,30
520.5,25.2125892171028,22.1966167123213,21.2803897608525,20.850243254526,30
520.55,25.2125892171028,22.1966167123213,21.2803897608525,20.850243254526,30
520.6,25.2125892171028,22.1966167123213,21.2803897608525,20.850243254526,30
520.65,25.2125892171028,22.1966167123213,21.2803897608525,20.850243254526,30
520.7,25.2125892171028,22.1966167123213,21.2803897608525,20.850243254526,30
520.75,25.2125892171028,22.1966167123213,21.2803897608525,20.850243254526,30
520.8,25.2125892171028,22.1966167123213,21.2803897608525,20.850243254526,30
520.85,25.2125892171028,22.1966167123213,21.2803897608525,20.850243254526,30
520.9,25.2125892171028,22.1966167123213,21.2803897608525,20.850243254526,30
520.95,25.2125892171028,22.1966167123213,21.2803897608525,20.850243254526,30
521.0,25.3222069558312,22.2775918782693,21.3073023265344,20.897612102158,30
521.05,25.3222069558312,22.2775918782693,21.3073023265344,20.897612102158,30
521.1,25.3222069558312,22.2775918782693,21.3073023265344,20.897612102158,30
521.15,25.3222069558312,22.2775918782693,21.3073023265344,20.897612102158,30
521.2,25.3222069558312,22.2775918782693,21.3073023265344,20.897612102158,30
521.25,25.3222069558312,22.2775918782693,21.3073023265344,20.897612102158,30
521.3,25.3222069558312,22.2775918782693,21.3073023265344,20.897612102158,30
521.35,25.3222069558312,22.2775918782693,21.3073023265344,20.897612102158,30
521.4,25.3222069558312,22.2775918782693,21.3073023265344,20.897612102158,30
521.45,25.3222069558312,22.2775918782693,21.3073023265344,20.897612102158,30
521.5,25.4867798357547,22.385595684958,21.3880516920814,20.9457483178053,30
521.55,25.4867798357547,22.385595684958,21.3880516920814,20.9457483178053,30
521.6,25.4867798357547,22.385595684958,21.3880516920814,20.9457483178053,30
521.65,25.4867798357547,22.385595684958,21.3880516920814,20.9457483178053,30
521.7,25.4867798357547,22.385595684958,21.3880516920814,20.9457483178053,30
521.75,25.4867798357547,22.385595684958,21.3880516920814,20.9457483178053,30
521.8,25.4867798357547,22.385595684958,21.3880516920814,20.9457483178053,30
521.85,25.4867798357547,22.385595684958,21.3880516920814,20.9457483178053,30
521.9,25.4867798357547,22.385595684958,21.3880516920814,20.9457483178053,30
521.95,25.4867798357547,22.385595684958,21.3880516920814,20.9457483178053,30
522.0,25.6240608168347,22.4666269111104,21.4418945198066,20.9953650513781,30
522.05,25.6240608168347,22.4666269111104,21.4418945198066,20.9953650513781,30
522.1,25.6240608168347,22.4666269111104,21.4418945198066,20.9953650513781,30
522.15,25.6240608168347,22.4666269111104,21.4418945198066,20.9953650513781,30
522.2,25.6240608168347,22.4666269111104,21.4418945198066,20.9953650513781,30
522.25,25.6240608168347,22.4666269111104,21.4418945198066,20.9953650513781,30
522.3,25.6240608168347,22.4666269111104,21.4418945198066,20.9953650513781,30
522.35,25.6240608168347,22.4666269111104,21.4418945198066,20.9953650513781,30
522.4,25.6240608168347,22.4666269111104,21.4418945198066,20.9953650513781,30
522.45,25.6240608168347,22.4666269111104,21.4418945198066,20.9953650513781,30
522.5,25.7614690217467,22.5206615311544,21.4688189669709,21.045678718464,30
522.55,25.7614690217467,22.5206615311544,21.4688189669709,21.045678718464,30
522.6,25.7614690217467,22.5206615311544,21.4688189669709,21.045678718464,30
522.65,25.7614690217467,22.5206615311544,21.4688189669709,21.045678718464,30
522.7,25.7614690217467,22.5206615311544,21.4688189669709,21.045678718464,30
522.75,25.7614690217467,22.5206615311544,21.4688189669709,21.045678718464,30
522.8,25.7614690217467,22.5206615311544,21.4688189669709,21.045678718464,30
522.85,25.7614690217467,22.5206615311544,21.4688189669709,21.045678718464,30
522.9,25.7614690217467,22.5206615311544,21.4688189669709,21.045678718464,30
522.95,25.7614690217467,22.5206615311544,21.4688189669709,21.045678718464,30
523.0,25.871488929665,22.6017345555148,21.4957454621609,21.0959315499375,30
523.05,25.871488929665,22.6017345555148,21.4957454621609,21.0959315499375,30
523.1,25.871488929665,22.6017345555148,21.4957454621609,21.0959315499375,30
523.15,25.871488929665,22.6017345555148,21.4957454621609,21.0959315499375,30
523.2,25.871488929665,22.6017345555148,21.4957454621609,21.0959315499375,30
523.25,25.871488929665,22.6017345555148,21.4957454621609,21.0959315499375,30
523.3,25.871488929665,22.6017345555148,21.4957454621609,21.0959315499375,30
523.35,25.871488929665,22.6017345555148,21.4957454621609,21.0959315499375,30
523.4,25.871488929665,22.6017345555148,21.4957454621609,21.0959315499375,30
523.45,25.871488929665,22.6017345555148,21.4957454621609,21.0959315499375,30
523.5,26.0366774889675,22.7098721178532,21.5765374296099,21.1468648885371,30
523.55,26.0366774889675,22.7098721178532,21.5765374296099,21.1468648885371,30
523.6,26.0366774889675,22.7098721178532,21.5765374296099,21.1468648885371,30
523.65,26.0366774889675,22.7098721178532,21.5765374296099,21.1468648885371,30
523.7,26.0366774889675,22.7098721178532,21.5765374296099,21.1468648885371,30
523.75,26.0366774889675,22.7098721178532,21.5765374296099,21.1468648885371,30
523.8,26.0366774889675,22.7098721178532,21.5765374296099,21.1468648885371,30
523.85,26.0366774889675,22.7098721178532,21.5765374296099,21.1468648885371,30
523.9,26.0366774889675,22.7098721178532,21.5765374296099,21.1468648885371,30
523.95,26.0366774889675,22.7098721178532,21.5765374296099,21.1468648885371,30
524.0,26.1469109445846,22.7639584780406,21.6034723106401,21.199195733083,30
524.05,26.1469109445846,22.7639584780406,21.6034723106401,21.199195733083,30
524.1,26.1469109445846,22.7639584780406,21.6034723106401,21.199195733083,30
524.15,26.1469109445846,22.7639584780406,21.6034723106401,21.199195733083,30
524.2,26.1469109445846,22.7639584780406,21.6034723106401,21.199195733083,30
524.25,26.1469109445846,22.7639584780406,21.6034723106401,21.199195733083,30
524.3,26.1469109445846,22.7639584780406,21.6034723106401,21.199195733083,30
524.35,26.1469109445846,22.7639584780406,21.6034723106401,21.199195733083,30
524.4,26.1469109445846,22.7639584780406,21.6034723106401,21.199195733083,30
524.45,26.1469109445846,22.7639584780406,21.6034723106401,21.199195733083,30
524.5,26.3124261103727,22.8992269066088,21.6842899007142,21.2514042708925,30
524.55,26.3124261103727,22.8992269066088,21.6842899007142,21.2514042708925,30
524.6,26.3124261103727,22.8992269066088,21.6842899007142,21.2514042708925,30
524.65,26.3124261103727,22.8992269066088,21.6842899007142,21.2514042708925,30
524.7,26.3124261103727,22.8992269066088,21.6842899007142,21.2514042708925,30
524.75,26.3124261103727,22.8992269066088,21.6842899007142,21.2514042708925,30
524.8,26.3124261103727,22.8992269066088,21.6842899007142,21.2514042708925,30
524.85,26.3124261103727,22.8992269066088,21.6842899007142,21.2514042708925,30
524.9,26.3124261103727,22.8992269066088,21.6842899007142,21.2514042708925,30
524.95,26.3124261103727,22.8992269066088,21.6842899007142,21.2514042708925,30
525.0,26.4781433031441,23.0074969718028,21.792077620977,21.3057109227632,30
525.05,26.4781433031441,23.0074969718028,21.792077620977,21.3057109227632,30
525.1,26.4781433031441,23.0074969718028,21.792077620977,21.3057109227632,30
525.15,26.4781433031441,23.0074969718028,21.792077620977,21.3057109227632,30
525.2,26.4781433031441,23.0074969718028,21.792077620977,21.3057109227632,30
525.25,26.4781433031441,23.0074969718028,21.792077620977,21.3057109227632,30
525.3,26.4781433031441,23.0074969718028,21.792077620977,21.3057109227632,30
525.35,26.4781433031441,23.0074969718028,21.792077620977,21.3057109227632,30
525.4,26.4781433031441,23.0074969718028,21.792077620977,21.3057109227632,30
525.45,26.4781433031441,23.0074969718028,21.792077620977,21.3057109227632,30
525.5,26.6163985901308,23.1158175729245,21.8459850874676,21.361310450242,30
525.55,26.6163985901308,23.1158175729245,21.8459850874676,21.361310450242,30
525.6,26.6163985901308,23.1158175729245,21.8459850874676,21.361310450242,30
525.65,26.6163985901308,23.1158175729245,21.8459850874676,21.361310450242,30
525.7,26.6163985901308,23.1158175729245,21.8459850874676,21.361310450242,30
525.75,26.6163985901308,23.1158175729245,21.8459850874676,21.361310450242,30
525.8,26.6163985901308,23.1158175729245,21.8459850874676,21.361310450242,30
525.85,26.6163985901308,23.1158175729245,21.8459850874676,21.361310450242,30
525.9,26.6163985901308,23.1158175729245,21.8459850874676,21.361310450242,30
525.95,26.6163985901308,23.1158175729245,21.8459850874676,21.361310450242,30
526.0,26.6717414730115,23.1158175729245,21.8190302041895,21.4181624405911,30
526.05,26.6717414730115,23.1158175729245,21.8190302041895,21.4181624405911,30
526.1,26.6717414730115,23.1158175729245,21.8190302041895,21.4181624405911,30
526.15,26.6717414730115,23.1158175729245,21.8190302041895,21.4181624405911,30
526.2,26.6717414730115,23.1158175729245,21.8190302041895,21.4181624405911,30
526.25,26.6717414730115,23.1158175729245,21.8190302041895,21.4181624405911,30
526.3,26.6717414730115,23.1158175729245,21.8190302041895,21.4181624405911,30
526.35,26.6717414730115,23.1158175729245,21.8190302041895,21.4181624405911,30
526.4,26.6717414730115,23.1158175729245,21.8190302041895,21.4181624405911,30
526.45,26.6717414730115,23.1158175729245,21.8190302041895,21.4181624405911,30
526.5,26.8933502375957,23.2783959813811,21.9538280094753,21.4732704180719,30
526.55,26.8933502375957,23.2783959813811,21.9538280094753,21.4732704180719,30
526.6,26.8933502375957,23.2783959813811,21.9538280094753,21.4732704180719,30
526.65,26.8933502375957,23.2783959813811,21.9538280094753,21.4732704180719,30
526.7,26.8933502375957,23.2783959813811,21.9538280094753,21.4732704180719,30
526.75,26.8933502375957,23.2783959813811,21.9538280094753,21.4732704180719,30
526.8,26.8933502375957,23.2783959813811,21.9538280094753,21.4732704180719,30
526.85,26.8933502375957,23.2783959813811,21.9538280094753,21.4732704180719,30
526.9,26.8933502375957,23.2783959813811,21.9538280094753,21.4732704180719,30
526.95,26.8933502375957,23.2783959813811,21.9538280094753,21.4732704180719,30
527.0,26.9765529165875,23.3055040111966,21.9538280094753,21.5311303356304,30
527.05,26.9765529165875,23.3055040111966,21.9538280094753,21.5311303356304,30
527.1,26.9765529165875,23.3055040111966,21.9538280094753,21.5311303356304,30
527.15,26.9765529165875,23.3055040111966,21.9538280094753,21.5311303356304,30
527.2,26.9765529165875,23.3055040111966,21.9538280094753,21.5311303356304,30
527.25,26.9765529165875,23.3055040111966,21.9538280094753,21.5311303356304,30
527.3,26.9765529165875,23.3055040111966,21.9538280094753,21.5311303356304,30
527.35,26.9765529165875,23.3055040111966,21.9538280094753,21.5311303356304,30
527.4,26.9765529165875,23.3055040111966,21.9538280094753,21.5311303356304,30
527.45,26.9765529165875,23.3055040111966,21.9538280094753,21.5311303356304,30
527.5,27.1153468211176,23.4139700773003,22.0077637756852,21.5879557009896,30
527.55,27.1153468211176,23.4139700773003,22.0077637756852,21.5879557009896,30
527.6,27.1153468211176,23.4139700773003,22.0077637756852,21.5879557009896,30
527.65,27.1153468211176,23.4139700773003,22.0077637756852,21.5879557009896,30
527.7,27.1153468211176,23.4139700773003,22.0077637756852,21.5879557009896,30
527.75,27.1153468211176,23.4139700773003,22.0077637756852,21.5879557009896,30
527.8,27.1153468211176,23.4139700773003,22.0077637756852,21.5879557009896,30
527.85,27.1153468211176,23.4139700773003,22.0077637756852,21.5879557009896,30
527.9,27.1153468211176,23.4139700773003,22.0077637756852,21.5879557009896,30
527.95,27.1153468211176,23.4139700773003,22.0077637756852,21.5879557009896,30
528.0,27.2264939983205,23.4682237548101,22.0617092859281,21.64600196185,30
528.05,27.2264939983205,23.4682237548101,22.0617092859281,21.64600196185,30
528.1,27.2264939983205,23.4682237548101,22.0617092859281,21.64600196185,30
528.15,27.2264939983205,23.4682237548101,22.0617092859281,21.64600196185,30
528.2,27.2264939983205,23.4682237548101,22.0617092859281,21.64600196185,30
528.25,27.2264939983205,23.4682237548101,22.0617092859281,21.64600196185,30
528.3,27.2264939983205,23.4682237548101,22.0617092859281,21.64600196185,30
528.35,27.2264939983205,23.4682237548101,22.0617092859281,21.64600196185,30
528.4,27.2264939983205,23.4682237548101,22.0617092859281,21.64600196185,30
528.45,27.2264939983205,23.4682237548101,22.0617092859281,21.64600196185,30
528.5,27.3655703180748,23.6039194298093,22.1426461615316,21.7037502553366,30
528.55,27.3655703180748,23.6039194298093,22.1426461615316,21.7037502553366,30
528.6,27.3655703180748,23.6039194298093,22.1426461615316,21.7037502553366,30
528.65,27.3655703180748,23.6039194298093,22.1426461615316,21.7037502553366,30
528.7,27.3655703180748,23.6039194298093,22.1426461615316,21.7037502553366,30
528.75,27.3655703180748,23.6039194298093,22.1426461615316,21.7037502553366,30
528.8,27.3655703180748,23.6039194298093,22.1426461615316,21.7037502553366,30
528.85,27.3655703180748,23.6039194298093,22.1426461615316,21.7037502553366,30
528.9,27.3655703180748,23.6039194298093,22.1426461615316,21.7037502553366,30
528.95,27.3655703180748,23.6039194298093,22.1426461615316,21.7037502553366,30
529.0,27.5605477740287,23.7397049150291,22.2505975516954,21.7634334041441,30
529.05,27.5605477740287,23.7397049150291,22.2505975516954,21.7634334041441,30
529.1,27.5605477740287,23.7397049150291,22.2505975516954,21.7634334041441,30
529.15,27.5605477740287,23.7397049150291,22.2505975516954,21.7634334041441,30
529.2,27.5605477740287,23.7397049150291,22.2505975516954,21.7634334041441,30
529.25,27.5605477740287,23.7397049150291,22.2505975516954,21.7634334041441,30
529.3,27.5605477740287,23.7397049150291,22.2505975516954,21.7634334041441,30
529.35,27.5605477740287,23.7397049150291,22.2505975516954,21.7634334041441,30
529.4,27.5605477740287,23.7397049150291,22.2505975516954,21.7634334041441,30
529.45,27.5605477740287,23.7397049150291,22.2505975516954,21.7634334041441,30
529.5,27.6442078321866,23.7940448112256,22.2775918782693,21.8249903197674,30
529.55,27.6442078321866,23.7940448112256,22.2775918782693,21.8249903197674,30
529.6,27.6442078321866,23.7940448112256,22.2775918782693,21.8249903197674,30
529.65,27.6442078321866,23.7940448112256,22.2775918782693,21.8249903197674,30
529.7,27.6442078321866,23.7940448112256,22.2775918782693,21.8249903197674,30
529.75,27.6442078321866,23.7940448112256,22.2775918782693,21.8249903197674,30
529.8,27.6442078321866,23.7940448112256,22.2775918782693,21.8249903197674,30
529.85,27.6442078321866,23.7940448112256,22.2775918782693,21.8249903197674,30
529.9,27.6442078321866,23.7940448112256,22.2775918782693,21.8249903197674,30
529.95,27.6442078321866,23.7940448112256,22.2775918782693,21.8249903197674,30
530.0,27.7558477552299,23.8483996326908,22.3045888354,21.8861374106135,30
530.05,27.7558477552299,23.8483996326908,22.3045888354,21.8861374106135,30
530.1,27.7558477552299,23.8483996326908,22.3045888354,21.8861374106135,30
530.15,27.7558477552299,23.8483996326908,22.3045888354,21.8861374106135,30
530.2,27.7558477552299,23.8483996326908,22.3045888354,21.8861374106135,30
530.25,27.7558477552299,23.8483996326908,22.3045888354,21.8861374106135,30
530.3,27.7558477552299,23.8483996326908,22.3045888354,21.8861374106135,30
530.35,27.7558477552299,23.8483996326908,22.3045888354,21.8861374106135,30
530.4,27.7558477552299,23.8483996326908,22.3045888354,21.8861374106135,30
530.45,27.7558477552299,23.8483996326908,22.3045888354,21.8861374106135,30
530.5,27.8396483565626,23.9027695385323,22.3315884425674,21.9468896827821,30
530.55,27.8396483565626,23.9027695385323,22.3315884425674,21.9468896827821,30
530.6,27.8396483565626,23.9027695385323,22.3315884425674,21.9468896827821,30
530.65,27.8396483565626,23.9027695385323,22.3315884425674,21.9468896827821,30
530.7,27.8396483565626,23.9027695385323,22.3315884425674,21.9468896827821,30
530.75,27.8396483565626,23.9027695385323,22.3315884425674,21.9468896827821,30
530.8,27.8396483565626,23.9027695385323,22.3315884425674,21.9468896827821,30
530.85,27.8396483565626,23.9027695385323,22.3315884425674,21.9468896827821,30
530.9,27.8396483565626,23.9027695385323,22.3315884425674,21.9468896827821,30
530.95,27.8396483565626,23.9027695385323,22.3315884425674,21.9468896827821,30
531.0,28.0074338551698,24.0387613428366,22.439613761382,22.0072616146773,30
531.05,28.0074338551698,24.0387613428366,22.439613761382,22.0072616146773,30
531.1,28.0074338551698,24.0387613428366,22.439613761382,22.0072616146773,30
531.15,28.0074338551698,24.0387613428366,22.439613761382,22.0072616146773,30
531.2,28.0074338551698,24.0387613428366,22.439613761382,22.0072616146773,30
531.25,28.0074338551698,24.0387613428366,22.439613761382,22.0072616146773,30
531.3,28.0074338551698,24.0387613428366,22.439613761382,22.0072616146773,30
531.35,28.0074338551698,24.0387613428366,22.439613761382,22.0072616146773,30
531.4,28.0074338551698,24.0387613428366,22.439613761382,22.0072616146773,30
531.45,28.0074338551698,24.0387613428366,22.439613761382,22.0072616146773,30
531.5,28.1754691036979,24.1476250579556,22.5206615311544,22.0694936943732,30
531.55,28.1754691036979,24.1476250579556,22.5206615311544,22.0694936943732,30
531.6,28.1754691036979,24.1476250579556,22.5206615311544,22.0694936943732,30
531.65,28.1754691036979,24.1476250579556,22.5206615311544,22.0694936943732,30
531.7,28.1754691036979,24.1476250579556,22.5206615311544,22.0694936943732,30
531.75,28.1754691036979,24.1476250579556,22.5206615311544,22.0694936943732,30
531.8,28.1754691036979,24.1476250579556,22.5206615311544,22.0694936943732,30
531.85,28.1754691036979,24.1476250579556,22.5206615311544,22.0694936943732,30
531.9,28.1754691036979,24.1476250579556,22.5206615311544,22.0694936943732,30
531.95,28.1754691036979,24.1476250579556,22.5206615311544,22.0694936943732,30
532.0,28.2876337482327,24.2293146754243,22.5747073754504,22.1327850878064,30
532.05,28.2876337482327,24.2293146754243,22.5747073754504,22.1327850878064,30
532.1,28.2876337482327,24.2293146754243,22.5747073754504,22.1327850878064,30
532.15,28.2876337482327,24.2293146754243,22.5747073754504,22.1327850878064,30
532.2,28.2876337482327,24.2293146754243,22.5747073754504,22.1327850878064,30
532.25,28.2876337482327,24.2293146754243,22.5747073754504,22.1327850878064,30
532.3,28.2876337482327,24.2293146754243,22.5747073754504,22.1327850878064,30
532.35,28.2876337482327,24.2293146754243,22.5747073754504,22.1327850878064,30
532.4,28.2876337482327,24.2293146754243,22.5747073754504,22.1327850878064,30
532.45,28.2876337482327,24.2293146754243,22.5747073754504,22.1327850878064,30
532.5,28.3718323601727,24.2837946402995,22.6017345555148,22.1963602096295,30
532.55,28.3718323601727,24.2837946402995,22.6017345555148,22.1963602096295,30
532.6,28.3718323601727,24.2837946402995,22.6017345555148,22.1963602096295,30
532.65,28.3718323601727,24.2837946402995,22.6017345555148,22.1963602096295,30
532.7,28.3718323601727,24.2837946402995,22.6017345555148,22.1963602096295,30
532.75,28.3718323601727,24.2837946402995,22.6017345555148,22.1963602096295,30
532.8,28.3718323601727,24.2837946402995,22.6017345555148,22.1963602096295,30
532.85,28.3718323601727,24.2837946402995,22.6017345555148,22.1963602096295,30
532.9,28.3718323601727,24.2837946402995,22.6017345555148,22.1963602096295,30
532.95,28.3718323601727,24.2837946402995,22.6017345555148,22.1963602096295,30
533.0,28.4841985117528,24.3655453185216,22.6557975291699,22.2594676222452,30
533.05,28.4841985117528,24.3655453185216,22.6557975291699,22.2594676222452,30
533.1,28.4841985117528,24.3655453185216,22.6557975291699,22.2594676222452,30
533.15,28.4841985117528,24.3655453185216,22.6557975291699,22.2594676222452,30
533.2,28.4841985117528,24.3655453185216,22.6557975291699,22.2594676222452,30
533.25,28.4841985117528,24.3655453185216,22.6557975291699,22.2594676222452,30
533.3,28.4841985117528,24.3655453185216,22.6557975291699,22.2594676222452,30
533.35,28.4841985117528,24.3655453185216,22.6557975291699,22.2594676222452,30
533.4,28.4841985117528,24.3655453185216,22.6557975291699,22.2594676222452,30
533.45,28.4841985117528,24.3655453185216,22.6557975291699,22.2594676222452,30
533.5,28.5685499241186,24.4200664922206,22.6828333618556,22.3228674982015,30
533.55,28.5685499241186,24.4200664922206,22.6828333618556,22.3228674982015,30
533.6,28.5685499241186,24.4200664922206,22.6828333618556,22.3228674982015,30
533.65,28.5685499241186,24.4200664922206,22.6828333618556,22.3228674982015,30
533.7,28.5685499241186,24.4200664922206,22.6828333618556,22.3228674982015,30
533.75,28.5685499241186,24.4200664922206,22.6828333618556,22.3228674982015,30
533.8,28.5685499241186,24.4200664922206,22.6828333618556,22.3228674982015,30
533.85,28.5685499241186,24.4200664922206,22.6828333618556,22.3228674982015,30
533.9,28.5685499241186,24.4200664922206,22.6828333618556,22.3228674982015,30
533.95,28.5685499241186,24.4200664922206,22.6828333618556,22.3228674982015,30
534.0,28.765629618902,24.5564431252728,22.8180567663066,22.38580755052,30
534.05,28.765629618902,24.5564431252728,22.8180567663066,22.38580755052,30
534.1,28.765629618902,24.5564431252728,22.8180567663066,22.38580755052,30
534.15,28.765629618902,24.5564431252728,22.8180567663066,22.38580755052,30
534.2,28.765629618902,24.5564431252728,22.8180567663066,22.38580755052,30
534.25,28.765629618902,24.5564431252728,22.8180567663066,22.38580755052,30
534.3,28.765629618902,24.5564431252728,22.8180567663066,22.38580755052,30
534.35,28.765629618902,24.5564431252728,22.8180567663066,22.38580755052,30
534.4,28.765629618902,24.5564431252728,22.8180567663066,22.38580755052,30
534.45,28.765629618902,24.5564431252728,22.8180567663066,22.38580755052,30
534.5,28.8502051536502,24.6110236811615,22.8451104324261,22.4505378409144,30
534.55,28.8502051536502,24.6110236811615,22.8451104324261,22.4505378409144,30
534.6,28.8502051536502,24.6110236811615,22.8451104324261,22.4505378409144,30
534.65,28.8502051536502,24.6110236811615,22.8451104324261,22.4505378409144,30
534.7,28.8502051536502,24.6110236811615,22.8451104324261,22.4505378409144,30
534.75,28.8502051536502,24.6110236811615,22.8451104324261,22.4505378409144,30
534.8,28.8502051536502,24.6110236811615,22.8451104324261,22.4505378409144,30
534.85,28.8502051536502,24.6110236811615,22.8451104324261,22.4505378409144,30
534.9,28.8502051536502,24.6110236811615,22.8451104324261,22.4505378409144,30
534.95,28.8502051536502,24.6110236811615,22.8451104324261,22.4505378409144,30
535.0,28.9913171006589,24.7202369429448,22.9262897538799,22.5147679663045,30
535.05,28.9913171006589,24.7202369429448,22.9262897538799,22.5147679663045,30
535.1,28.9913171006589,24.7202369429448,22.9262897538799,22.5147679663045,30
535.15,28.9913171006589,24.7202369429448,22.9262897538799,22.5147679663045,30
535.2,28.9913171006589,24.7202369429448,22.9262897538799,22.5147679663045,30
535.25,28.9913171006589,24.7202369429448,22.9262897538799,22.5147679663045,30
535.3,28.9913171006589,24.7202369429448,22.9262897538799,22.5147679663045,30
535.35,28.9913171006589,24.7202369429448,22.9262897538799,22.5147679663045,30
535.4,28.9913171006589,24.7202369429448,22.9262897538799,22.5147679663045,30
535.45,28.9913171006589,24.7202369429448,22.9262897538799,22.5147679663045,30
535.5,29.104345781869,24.8021931578117,22.9804247668525,22.5800058752019,30
535.55,29.104345781869,24.8021931578117,22.9804247668525,22.5800058752019,30
535.6,29.104345781869,24.8021931578117,22.9804247668525,22.5800058752019,30
535.65,29.104345781869,24.8021931578117,22.9804247668525,22.5800058752019,30
535.7,29.104345781869,24.8021931578117,22.9804247668525,22.5800058752019,30
535.75,29.104345781869,24.8021931578117,22.9804247668525,22.5800058752019,30
535.8,29.104345781869,24.8021931578117,22.9804247668525,22.5800058752019,30
535.85,29.104345781869,24.8021931578117,22.9804247668525,22.5800058752019,30
535.9,29.104345781869,24.8021931578117,22.9804247668525,22.5800058752019,30
535.95,29.104345781869,24.8021931578117,22.9804247668525,22.5800058752019,30
536.0,29.2174997476691,24.8841896394671,23.0345723352396,22.645474879821,30
536.05,29.2174997476691,24.8841896394671,23.0345723352396,22.645474879821,30
536.1,29.2174997476691,24.8841896394671,23.0345723352396,22.645474879821,30
536.15,29.2174997476691,24.8841896394671,23.0345723352396,22.645474879821,30
536.2,29.2174997476691,24.8841896394671,23.0345723352396,22.645474879821,30
536.25,29.2174997476691,24.8841896394671,23.0345723352396,22.645474879821,30
536.3,29.2174997476691,24.8841896394671,23.0345723352396,22.645474879821,30
536.35,29.2174997476691,24.8841896394671,23.0345723352396,22.645474879821,30
536.4,29.2174997476691,24.8841896394671,23.0345723352396,22.645474879821,30
536.45,29.2174997476691,24.8841896394671,23.0345723352396,22.645474879821,30
536.5,29.3307805003777,24.9388766017609,23.0887326161478,22.7111689309582,30
536.55,29.3307805003777,24.9388766017609,23.0887326161478,22.7111689309582,30
536.6,29.3307805003777,24.9388766017609,23.0887326161478,22.7111689309582,30
536.65,29.3307805003777,24.9388766017609,23.0887326161478,22.7111689309582,30
536.7,29.3307805003777,24.9388766017609,23.0887326161478,22.7111689309582,30
536.75,29.3307805003777,24.9388766017609,23.0887326161478,22.7111689309582,30
536.8,29.3307805003777,24.9388766017609,23.0887326161478,22.7111689309582,30
536.85,29.3307805003777,24.9388766017609,23.0887326161478,22.7111689309582,30
536.9,29.3307805003777,24.9388766017609,23.0887326161478,22.7111689309582,30
536.95,29.3307805003777,24.9388766017609,23.0887326161478,22.7111689309582,30
537.0,29.4725620359941,25.0483055976371,23.1699972174414,22.7763363513494,30
537.05,29.4725620359941,25.0483055976371,23.1699972174414,22.7763363513494,30
537.1,29.4725620359941,25.0483055976371,23.1699972174414,22.7763363513494,30
537.15,29.4725620359941,25.0483055976371,23.1699972174414,22.7763363513494,30
537.2,29.4725620359941,25.0483055976371,23.1699972174414,22.7763363513494,30
537.25,29.4725620359941,25.0483055976371,23.1699972174414,22.7763363513494,30
537.3,29.4725620359941,25.0483055976371,23.1699972174414,22.7763363513494,30
537.35,29.4725620359941,25.0483055976371,23.1699972174414,22.7763363513494,30
537.4,29.4725620359941,25.0483055976371,23.1699972174414,22.7763363513494,30
537.45,29.4725620359941,25.0483055976371,23.1699972174414,22.7763363513494,30
537.5,29.586133590513,25.1304261740528,23.2512913068032,22.8424894856942,30
537.55,29.586133590513,25.1304261740528,23.2512913068032,22.8424894856942,30
537.6,29.586133590513,25.1304261740528,23.2512913068032,22.8424894856942,30
537.65,29.586133590513,25.1304261740528,23.2512913068032,22.8424894856942,30
537.7,29.586133590513,25.1304261740528,23.2512913068032,22.8424894856942,30
537.75,29.586133590513,25.1304261740528,23.2512913068032,22.8424894856942,30
537.8,29.586133590513,25.1304261740528,23.2512913068032,22.8424894856942,30
537.85,29.586133590513,25.1304261740528,23.2512913068032,22.8424894856942,30
537.9,29.586133590513,25.1304261740528,23.2512913068032,22.8424894856942,30
537.95,29.586133590513,25.1304261740528,23.2512913068032,22.8424894856942,30
538.0,29.6998368660658,25.2125892171028,23.3055040111966,22.9088509633798,30
538.05,29.6998368660658,25.2125892171028,23.3055040111966,22.9088509633798,30
538.1,29.6998368660658,25.2125892171028,23.3055040111966,22.9088509633798,30
538.15,29.6998368660658,25.2125892171028,23.3055040111966,22.9088509633798,30
538.2,29.6998368660658,25.2125892171028,23.3055040111966,22.9088509633798,30
538.25,29.6998368660658,25.2125892171028,23.3055040111966,22.9088509633798,30
538.3,29.6998368660658,25.2125892171028,23.3055040111966,22.9088509633798,30
538.35,29.6998368660658,25.2125892171028,23.3055040111966,22.9088509633798,30
538.4,29.6998368660658,25.2125892171028,23.3055040111966,22.9088509633798,30
538.45,29.6998368660658,25.2125892171028,23.3055040111966,22.9088509633798,30
538.5,29.8136733971787,25.3222069558312,23.3597302154175,22.9754155352602,30
538.55,29.8136733971787,25.3222069558312,23.3597302154175,22.9754155352602,30
538.6,29.8136733971787,25.3222069558312,23.3597302154175,22.9754155352602,30
538.65,29.8136733971787,25.3222069558312,23.3597302154175,22.9754155352602,30
538.7,29.8136733971787,25.3222069558312,23.3597302154175,22.9754155352602,30
538.75,29.8136733971787,25.3222069558312,23.3597302154175,22.9754155352602,30
538.8,29.8136733971787,25.3222069558312,23.3597302154175,22.9754155352602,30
538.85,29.8136733971787,25.3222069558312,23.3597302154175,22.9754155352602,30
538.9,29.8136733971787,25.3222069558312,23.3597302154175,22.9754155352602,30
538.95,29.8136733971787,25.3222069558312,23.3597302154175,22.9754155352602,30
539.0,29.8991391720432,25.3496234941684,23.4139700773003,23.0429256576533,30
539.05,29.8991391720432,25.3496234941684,23.4139700773003,23.0429256576533,30
539.1,29.8991391720432,25.3496234941684,23.4139700773003,23.0429256576533,30
539.15,29.8991391720432,25.3496234941684,23.4139700773003,23.0429256576533,30
539.2,29.8991391720432,25.3496234941684,23.4139700773003,23.0429256576533,30
539.25,29.8991391720432,25.3496234941684,23.4139700773003,23.0429256576533,30
539.3,29.8991391720432,25.3496234941684,23.4139700773003,23.0429256576533,30
539.35,29.8991391720432,25.3496234941684,23.4139700773003,23.0429256576533,30
539.4,29.8991391720432,25.3496234941684,23.4139700773003,23.0429256576533,30
539.45,29.8991391720432,25.3496234941684,23.4139700773003,23.0429256576533,30
539.5,30.013212616692,25.4319024867862,23.4410951792239,23.1091072951997,30
539.55,30.013212616692,25.4319024867862,23.4410951792239,23.1091072951997,30
539.6,30.013212616692,25.4319024867862,23.4410951792239,23.1091072951997,30
539.65,30.013212616692,25.4319024867862,23.4410951792239,23.1091072951997,30
539.7,30.013212616692,25.4319024867862,23.4410951792239,23.1091072951997,30
539.75,30.013212616692,25.4319024867862,23.4410951792239,23.1091072951997,30
539.8,30.013212616692,25.4319024867862,23.4410951792239,23.1091072951997,30
539.85,30.013212616692,25.4319024867862,23.4410951792239,23.1091072951997,30
539.9,30.013212616692,25.4319024867862,23.4410951792239,23.1091072951997,30
539.95,30.013212616692,25.4319024867862,23.4410951792239,23.1091072951997,30
540.0,30.2131729853164,25.5965945255481,23.6039194298093,23.1755026018073,30
540.05,30.2131729853164,25.5965945255481,23.6039194298093,23.1755026018073,30
540.1,30.2131729853164,25.5965945255481,23.6039194298093,23.1755026018073,30
540.15,30.2131729853164,25.5965945255481,23.6039194298093,23.1755026018073,30
540.2,30.2131729853164,25.5965945255481,23.6039194298093,23.1755026018073,30
540.25,30.2131729853164,25.5965945255481,23.6039194298093,23.1755026018073,30
540.3,30.2131729853164,25.5965945255481,23.6039194298093,23.1755026018073,30
540.35,30.2131729853164,25.5965945255481,23.6039194298093,23.1755026018073,30
540.4,30.2131729853164,25.5965945255481,23.6039194298093,23.1755026018073,30
540.45,30.2131729853164,25.5965945255481,23.6039194298093,23.1755026018073,30
540.5,30.2703830471568,25.6240608168347,23.6039194298093,23.2443540423787,30
540.55,30.2703830471568,25.6240608168347,23.6039194298093,23.2443540423787,30
540.6,30.2703830471568,25.6240608168347,23.6039194298093,23.2443540423787,30
540.65,30.2703830471568,25.6240608168347,23.6039194298093,23.2443540423787,30
540.7,30.2703830471568,25.6240608168347,23.6039194298093,23.2443540423787,30
540.75,30.2703830471568,25.6240608168347,23.6039194298093,23.2443540423787,30
540.8,30.2703830471568,25.6240608168347,23.6039194298093,23.2443540423787,30
540.85,30.2703830471568,25.6240608168347,23.6039194298093,23.2443540423787,30
540.9,30.2703830471568,25.6240608168347,23.6039194298093,23.2443540423787,30
540.95,30.2703830471568,25.6240608168347,23.6039194298093,23.2443540423787,30
541.0,30.384909155169,25.7064903071262,23.6853797851455,23.31183600046,30
541.05,30.384909155169,25.7064903071262,23.6853797851455,23.31183600046,30
541.1,30.384909155169,25.7064903071262,23.6853797851455,23.31183600046,30
541.15,30.384909155169,25.7064903071262,23.6853797851455,23.31183600046,30
541.2,30.384909155169,25.7064903071262,23.6853797851455,23.31183600046,30
541.25,30.384909155169,25.7064903071262,23.6853797851455,23.31183600046,30
541.3,30.384909155169,25.7064903071262,23.6853797851455,23.31183600046,30
541.35,30.384909155169,25.7064903071262,23.6853797851455,23.31183600046,30
541.4,30.384909155169,25.7064903071262,23.6853797851455,23.31183600046,30
541.45,30.384909155169,25.7064903071262,23.6853797851455,23.31183600046,30
541.5,30.4708972523077,25.7614690217467,23.712540514227,23.3794942024057,30
541.55,30.4708972523077,25.7614690217467,23.712540514227,23.3794942024057,30
541.6,30.4708972523077,25.7614690217467,23.712540514227,23.3794942024057,30
541.65,30.4708972523077,25.7614690217467,23.712540514227,23.3794942024057,30
541.7,30.4708972523077,25.7614690217467,23.712540514227,23.3794942024057,30
541.75,30.4708972523077,25.7614690217467,23.712540514227,23.3794942024057,30
541.8,30.4708972523077,25.7614690217467,23.712540514227,23.3794942024057,30
541.85,30.4708972523077,25.7614690217467,23.712540514227,23.3794942024057,30
541.9,30.4708972523077,25.7614690217467,23.712540514227,23.3794942024057,30
541.95,30.4708972523077,25.7614690217467,23.712540514227,23.3794942024057,30
542.0,30.5856740131792,25.8439760908229,23.7668730074071,23.4465741627031,30
542.05,30.5856740131792,25.8439760908229,23.7668730074071,23.4465741627031,30
542.1,30.5856740131792,25.8439760908229,23.7668730074071,23.4465741627031,30
542.15,30.5856740131792,25.8439760908229,23.7668730074071,23.4465741627031,30
542.2,30.5856740131792,25.8439760908229,23.7668730074071,23.4465741627031,30
542.25,30.5856740131792,25.8439760908229,23.7668730074071,23.4465741627031,30
542.3,30.5856740131792,25.8439760908229,23.7668730074071,23.4465741627031,30
542.35,30.5856740131792,25.8439760908229,23.7668730074071,23.4465741627031,30
542.4,30.5856740131792,25.8439760908229,23.7668730074071,23.4465741627031,30
542.45,30.5856740131792,25.8439760908229,23.7668730074071,23.4465741627031,30
542.5,30.7581123305819,25.9815932534887,23.9027695385323,23.5138467165991,30
542.55,30.7581123305819,25.9815932534887,23.9027695385323,23.5138467165991,30
542.6,30.7581123305819,25.9815932534887,23.9027695385323,23.5138467165991,30
542.65,30.7581123305819,25.9815932534887,23.9027695385323,23.5138467165991,30
542.7,30.7581123305819,25.9815932534887,23.9027695385323,23.5138467165991,30
542.75,30.7581123305819,25.9815932534887,23.9027695385323,23.5138467165991,30
542.8,30.7581123305819,25.9815932534887,23.9027695385323,23.5138467165991,30
542.85,30.7581123305819,25.9815932534887,23.9027695385323,23.5138467165991,30
542.9,30.7581123305819,25.9815932534887,23.9027695385323,23.5138467165991,30
542.95,30.7581123305819,25.9815932534887,23.9027695385323,23.5138467165991,30
543.0,30.7868842432706,25.9815932534887,23.8755826901142,23.5828099260068,30
543.05,30.7868842432706,25.9815932534887,23.8755826901142,23.5828099260068,30
543.1,30.7868842432706,25.9815932534887,23.8755826901142,23.5828099260068,30
543.15,30.7868842432706,25.9815932534887,23.8755826901142,23.5828099260068,30
543.2,30.7868842432706,25.9815932534887,23.8755826901142,23.5828099260068,30
543.25,30.7868842432706,25.9815932534887,23.8755826901142,23.5828099260068,30
543.3,30.7868842432706,25.9815932534887,23.8755826901142,23.5828099260068,30
543.35,30.7868842432706,25.9815932534887,23.8755826901142,23.5828099260068,30
543.4,30.7868842432706,25.9815932534887,23.8755826901142,23.5828099260068,30
543.45,30.7868842432706,25.9815932534887,23.8755826901142,23.5828099260068,30
543.5,30.9308832938978,26.0917833300749,23.9843530289317,23.6496527819153,30
543.55,30.9308832938978,26.0917833300749,23.9843530289317,23.6496527819153,30
543.6,30.9308832938978,26.0917833300749,23.9843530289317,23.6496527819153,30
543.65,30.9308832938978,26.0917833300749,23.9843530289317,23.6496527819153,30
543.7,30.9308832938978,26.0917833300749,23.9843530289317,23.6496527819153,30
543.75,30.9308832938978,26.0917833300749,23.9843530289317,23.6496527819153,30
543.8,30.9308832938978,26.0917833300749,23.9843530289317,23.6496527819153,30
543.85,30.9308832938978,26.0917833300749,23.9843530289317,23.6496527819153,30
543.9,30.9308832938978,26.0917833300749,23.9843530289317,23.6496527819153,30
543.95,30.9308832938978,26.0917833300749,23.9843530289317,23.6496527819153,30
544.0,31.0173952288743,26.1469109445846,24.0387613428366,23.7174529481282,30
544.05,31.0173952288743,26.1469109445846,24.0387613428366,23.7174529481282,30
544.1,31.0173952288743,26.1469109445846,24.0387613428366,23.7174529481282,30
544.15,31.0173952288743,26.1469109445846,24.0387613428366,23.7174529481282,30
544.2,31.0173952288743,26.1469109445846,24.0387613428366,23.7174529481282,30
544.25,31.0173952288743,26.1469109445846,24.0387613428366,23.7174529481282,30
544.3,31.0173952288743,26.1469109445846,24.0387613428366,23.7174529481282,30
544.35,31.0173952288743,26.1469109445846,24.0387613428366,23.7174529481282,30
544.4,31.0173952288743,26.1469109445846,24.0387613428366,23.7174529481282,30
544.45,31.0173952288743,26.1469109445846,24.0387613428366,23.7174529481282,30
544.5,31.1039923845277,26.2296435591556,24.0931852992354,23.7846765617282,30
544.55,31.1039923845277,26.2296435591556,24.0931852992354,23.7846765617282,30
544.6,31.1039923845277,26.2296435591556,24.0931852992354,23.7846765617282,30
544.65,31.1039923845277,26.2296435591556,24.0931852992354,23.7846765617282,30
544.7,31.1039923845277,26.2296435591556,24.0931852992354,23.7846765617282,30
544.75,31.1039923845277,26.2296435591556,24.0931852992354,23.7846765617282,30
544.8,31.1039923845277,26.2296435591556,24.0931852992354,23.7846765617282,30
544.85,31.1039923845277,26.2296435591556,24.0931852992354,23.7846765617282,30
544.9,31.1039923845277,26.2296435591556,24.0931852992354,23.7846765617282,30
544.95,31.1039923845277,26.2296435591556,24.0931852992354,23.7846765617282,30
545.0,31.2485122390177,26.3124261103727,24.1748509131781,23.8520959117861,30
545.05,31.2485122390177,26.3124261103727,24.1748509131781,23.8520959117861,30
545.1,31.2485122390177,26.3124261103727,24.1748509131781,23.8520959117861,30
545.15,31.2485122390177,26.3124261103727,24.1748509131781,23.8520959117861,30
545.2,31.2485122390177,26.3124261103727,24.1748509131781,23.8520959117861,30
545.25,31.2485122390177,26.3124261103727,24.1748509131781,23.8520959117861,30
545.3,31.2485122390177,26.3124261103727,24.1748509131781,23.8520959117861,30
545.35,31.2485122390177,26.3124261103727,24.1748509131781,23.8520959117861,30
545.4,31.2485122390177,26.3124261103727,24.1748509131781,23.8520959117861,30
545.45,31.2485122390177,26.3124261103727,24.1748509131781,23.8520959117861,30
545.5,31.335340043996,26.3952591679754,24.2293146754243,23.9197063479135,30
545.55,31.335340043996,26.3952591679754,24.2293146754243,23.9197063479135,30
545.6,31.335340043996,26.3952591679754,24.2293146754243,23.9197063479135,30
545.65,31.335340043996,26.3952591679754,24.2293146754243,23.9197063479135,30
545.7,31.335340043996,26.3952591679754,24.2293146754243,23.9197063479135,30
545.75,31.335340043996,26.3952591679754,24.2293146754243,23.9197063479135,30
545.8,31.335340043996,26.3952591679754,24.2293146754243,23.9197063479135,30
545.85,31.335340043996,26.3952591679754,24.2293146754243,23.9197063479135,30
545.9,31.335340043996,26.3952591679754,24.2293146754243,23.9197063479135,30
545.95,31.335340043996,26.3952591679754,24.2293146754243,23.9197063479135,30
546.0,31.4222556240059,26.4505095474847,24.2837946402995,23.9875033707436,30
546.05,31.4222556240059,26.4505095474847,24.2837946402995,23.9875033707436,30
546.1,31.4222556240059,26.4505095474847,24.2837946402995,23.9875033707436,30
546.15,31.4222556240059,26.4505095474847,24.2837946402995,23.9875033707436,30
546.2,31.4222556240059,26.4505095474847,24.2837946402995,23.9875033707436,30
546.25,31.4222556240059,26.4505095474847,24.2837946402995,23.9875033707436,30
546.3,31.4222556240059,26.4505095474847,24.2837946402995,23.9875033707436,30
546.35,31.4222556240059,26.4505095474847,24.2837946402995,23.9875033707436,30
546.4,31.4222556240059,26.4505095474847,24.2837946402995,23.9875033707436,30
546.45,31.4222556240059,26.4505095474847,24.2837946402995,23.9875033707436,30
546.5,31.5382808199399,26.5334280524085,24.3382909682296,24.0547279674643,30
546.55,31.5382808199399,26.5334280524085,24.3382909682296,24.0547279674643,30
546.6,31.5382808199399,26.5334280524085,24.3382909682296,24.0547279674643,30
546.65,31.5382808199399,26.5334280524085,24.3382909682296,24.0547279674643,30
546.7,31.5382808199399,26.5334280524085,24.3382909682296,24.0547279674643,30
546.75,31.5382808199399,26.5334280524085,24.3382909682296,24.0547279674643,30
546.8,31.5382808199399,26.5334280524085,24.3382909682296,24.0547279674643,30
546.85,31.5382808199399,26.5334280524085,24.3382909682296,24.0547279674643,30
546.9,31.5382808199399,26.5334280524085,24.3382909682296,24.0547279674643,30
546.95,31.5382808199399,26.5334280524085,24.3382909682296,24.0547279674643,30
547.0,31.6544649891499,26.6440670982449,24.4200664922206,24.1221545722241,30
547.05,31.6544649891499,26.6440670982449,24.4200664922206,24.1221545722241,30
547.1,31.6544649891499,26.6440670982449,24.4200664922206,24.1221545722241,30
547.15,31.6544649891499,26.6440670982449,24.4200664922206,24.1221545722241,30
547.2,31.6544649891499,26.6440670982449,24.4200664922206,24.1221545722241,30
547.25,31.6544649891499,26.6440670982449,24.4200664922206,24.1221545722241,30
547.3,31.6544649891499,26.6440670982449,24.4200664922206,24.1221545722241,30
547.35,31.6544649891499,26.6440670982449,24.4200664922206,24.1221545722241,30
547.4,31.6544649891499,26.6440670982449,24.4200664922206,24.1221545722241,30
547.45,31.6544649891499,26.6440670982449,24.4200664922206,24.1221545722241,30
547.5,31.799921328223,26.7271079079524,24.5018797372807,24.1905328865962,30
547.55,31.799921328223,26.7271079079524,24.5018797372807,24.1905328865962,30
547.6,31.799921328223,26.7271079079524,24.5018797372807,24.1905328865962,30
547.65,31.799921328223,26.7271079079524,24.5018797372807,24.1905328865962,30
547.7,31.799921328223,26.7271079079524,24.5018797372807,24.1905328865962,30
547.75,31.799921328223,26.7271079079524,24.5018797372807,24.1905328865962,30
547.8,31.799921328223,26.7271079079524,24.5018797372807,24.1905328865962,30
547.85,31.799921328223,26.7271079079524,24.5018797372807,24.1905328865962,30
547.9,31.799921328223,26.7271079079524,24.5018797372807,24.1905328865962,30
547.95,31.799921328223,26.7271079079524,24.5018797372807,24.1905328865962,30
548.0,31.8581748954252,26.7824980660451,24.5564431252728,24.2590787650351,30
548.05,31.8581748954252,26.7824980660451,24.5564431252728,24.2590787650351,30
548.1,31.8581748954252,26.7824980660451,24.5564431252728,24.2590787650351,30
548.15,31.8581748954252,26.7824980660451,24.5564431252728,24.2590787650351,30
548.2,31.8581748954252,26.7824980660451,24.5564431252728,24.2590787650351,30
548.25,31.8581748954252,26.7824980660451,24.5564431252728,24.2590787650351,30
548.3,31.8581748954252,26.7824980660451,24.5564431252728,24.2590787650351,30
548.35,31.8581748954252,26.7824980660451,24.5564431252728,24.2590787650351,30
548.4,31.8581748954252,26.7824980660451,24.5564431252728,24.2590787650351,30
548.45,31.8581748954252,26.7824980660451,24.5564431252728,24.2590787650351,30
548.5,31.9748049720021,26.8933502375957,24.6383204475379,24.3270325324159,30
548.55,31.9748049720021,26.8933502375957,24.6383204475379,24.3270325324159,30
548.6,31.9748049720021,26.8933502375957,24.6383204475379,24.3270325324159,30
548.65,31.9748049720021,26.8933502375957,24.6383204475379,24.3270325324159,30
548.7,31.9748049720021,26.8933502375957,24.6383204475379,24.3270325324159,30
548.75,31.9748049720021,26.8933502375957,24.6383204475379,24.3270325324159,30
548.8,31.9748049720021,26.8933502375957,24.6383204475379,24.3270325324159,30
548.85,31.9748049720021,26.8933502375957,24.6383204475379,24.3270325324159,30
548.9,31.9748049720021,26.8933502375957,24.6383204475379,24.3270325324159,30
548.95,31.9748049720021,26.8933502375957,24.6383204475379,24.3270325324159,30
549.0,32.0623859486905,26.9210783756425,24.6656215664773,24.3959266693912,30
549.05,32.0623859486905,26.9210783756425,24.6656215664773,24.3959266693912,30
549.1,32.0623859486905,26.9210783756425,24.6656215664773,24.3959266693912,30
549.15,32.0623859486905,26.9210783756425,24.6656215664773,24.3959266693912,30
549.2,32.0623859486905,26.9210783756425,24.6656215664773,24.3959266693912,30
549.25,32.0623859486905,26.9210783756425,24.6656215664773,24.3959266693912,30
549.3,32.0623859486905,26.9210783756425,24.6656215664773,24.3959266693912,30
549.35,32.0623859486905,26.9210783756425,24.6656215664773,24.3959266693912,30
549.4,32.0623859486905,26.9210783756425,24.6656215664773,24.3959266693912,30
549.45,32.0623859486905,26.9210783756425,24.6656215664773,24.3959266693912,30
549.5,32.1793065270588,27.0042993626112,24.7202369429448,24.463462100479,30
549.55,32.1793065270588,27.0042993626112,24.7202369429448,24.463462100479,30
549.6,32.1793065270588,27.0042993626112,24.7202369429448,24.463462100479,30
549.65,32.1793065270588,27.0042993626112,24.7202369429448,24.463462100479,30
549.7,32.1793065270588,27.0042993626112,24.7202369429448,24.463462100479,30
549.75,32.1793065270588,27.0042993626112,24.7202369429448,24.463462100479,30
549.8,32.1793065270588,27.0042993626112,24.7202369429448,24.463462100479,30
549.85,32.1793065270588,27.0042993626112,24.7202369429448,24.463462100479,30
549.9,32.1793065270588,27.0042993626112,24.7202369429448,24.463462100479,30
549.95,32.1793065270588,27.0042993626112,24.7202369429448,24.463462100479,30
550.0,32.2963954879518,27.1153468211176,24.8295208172179,24.5311991624113,30
550.05,32.2963954879518,27.1153468211176,24.8295208172179,24.5311991624113,30
550.1,32.2963954879518,27.1153468211176,24.8295208172179,24.5311991624113,30
550.15,32.2963954879518,27.1153468211176,24.8295208172179,24.5311991624113,30
550.2,32.2963954879518,27.1153468211176,24.8295208172179,24.5311991624113,30
550.25,32.2963954879518,27.1153468211176,24.8295208172179,24.5311991624113,30
550.3,32.2963954879518,27.1153468211176,24.8295208172179,24.5311991624113,30
550.35,32.2963954879518,27.1153468211176,24.8295208172179,24.5311991624113,30
550.4,32.2963954879518,27.1153468211176,24.8295208172179,24.5311991624113,30
550.45,32.2963954879518,27.1153468211176,24.8295208172179,24.5311991624113,30
550.5,32.3843237593788,27.1709078581015,24.8841896394671,24.5998904589962,30
550.55,32.3843237593788,27.1709078581015,24.8841896394671,24.5998904589962,30
550.6,32.3843237593788,27.1709078581015,24.8841896394671,24.5998904589962,30
550.65,32.3843237593788,27.1709078581015,24.8841896394671,24.5998904589962,30
550.7,32.3843237593788,27.1709078581015,24.8841896394671,24.5998904589962,30
550.75,32.3843237593788,27.1709078581015,24.8841896394671,24.5998904589962,30
550.8,32.3843237593788,27.1709078581015,24.8841896394671,24.5998904589962,30
550.85,32.3843237593788,27.1709078581015,24.8841896394671,24.5998904589962,30
550.9,32.3843237593788,27.1709078581015,24.8841896394671,24.5998904589962,30
550.95,32.3843237593788,27.1709078581015,24.8841896394671,24.5998904589962,30
551.0,32.5017115969605,27.2542965364979,24.9388766017609,24.6679901124974,30
551.05,32.5017115969605,27.2542965364979,24.9388766017609,24.6679901124974,30
551.1,32.5017115969605,27.2542965364979,24.9388766017609,24.6679901124974,30
551.15,32.5017115969605,27.2542965364979,24.9388766017609,24.6679901124974,30
551.2,32.5017115969605,27.2542965364979,24.9388766017609,24.6679901124974,30
551.25,32.5017115969605,27.2542965364979,24.9388766017609,24.6679901124974,30
551.3,32.5017115969605,27.2542965364979,24.9388766017609,24.6679901124974,30
551.35,32.5017115969605,27.2542965364979,24.9388766017609,24.6679901124974,30
551.4,32.5017115969605,27.2542965364979,24.9388766017609,24.6679901124974,30
551.45,32.5017115969605,27.2542965364979,24.9388766017609,24.6679901124974,30
551.5,32.5898660473044,27.3377422847085,24.9935818668352,24.7362775644611,30
551.55,32.5898660473044,27.3377422847085,24.9935818668352,24.7362775644611,30
551.6,32.5898660473044,27.3377422847085,24.9935818668352,24.7362775644611,30
551.65,32.5898660473044,27.3377422847085,24.9935818668352,24.7362775644611,30
551.7,32.5898660473044,27.3377422847085,24.9935818668352,24.7362775644611,30
551.75,32.5898660473044,27.3377422847085,24.9935818668352,24.7362775644611,30
551.8,32.5898660473044,27.3377422847085,24.9935818668352,24.7362775644611,30
551.85,32.5898660473044,27.3377422847085,24.9935818668352,24.7362775644611,30
551.9,32.5898660473044,27.3377422847085,24.9935818668352,24.7362775644611,30
551.95,32.5898660473044,27.3377422847085,24.9935818668352,24.7362775644611,30
552.0,32.6781186770451,27.3934047798444,25.0483055976371,24.8047480542549,30
552.05,32.6781186770451,27.3934047798444,25.0483055976371,24.8047480542549,30
552.1,32.6781186770451,27.3934047798444,25.0483055976371,24.8047480542549,30
552.15,32.6781186770451,27.3934047798444,25.0483055976371,24.8047480542549,30
552.2,32.6781186770451,27.3934047798444,25.0483055976371,24.8047480542549,30
552.25,32.6781186770451,27.3934047798444,25.0483055976371,24.8047480542549,30
552.3,32.6781186770451,27.3934047798444,25.0483055976371,24.8047480542549,30
552.35,32.6781186770451,27.3934047798444,25.0483055976371,24.8047480542549,30
552.4,32.6781186770451,27.3934047798444,25.0483055976371,24.8047480542549,30
552.45,32.6781186770451,27.3934047798444,25.0483055976371,24.8047480542549,30
552.5,32.7664702387926,27.449093076156,25.1304261740528,24.8726372201422,30
552.55,32.7664702387926,27.449093076156,25.1304261740528,24.8726372201422,30
552.6,32.7664702387926,27.449093076156,25.1304261740528,24.8726372201422,30
552.65,32.7664702387926,27.449093076156,25.1304261740528,24.8726372201422,30
552.7,32.7664702387926,27.449093076156,25.1304261740528,24.8726372201422,30
552.75,32.7664702387926,27.449093076156,25.1304261740528,24.8726372201422,30
552.8,32.7664702387926,27.449093076156,25.1304261740528,24.8726372201422,30
552.85,32.7664702387926,27.449093076156,25.1304261740528,24.8726372201422,30
552.9,32.7664702387926,27.449093076156,25.1304261740528,24.8726372201422,30
552.95,32.7664702387926,27.449093076156,25.1304261740528,24.8726372201422,30
553.0,32.8549214888558,27.5326742814867,25.1578091092837,24.9399654323502,30
553.05,32.8549214888558,27.5326742814867,25.1578091092837,24.9399654323502,30
553.1,32.8549214888558,27.5326742814867,25.1578091092837,24.9399654323502,30
553.15,32.8549214888558,27.5326742814867,25.1578091092837,24.9399654323502,30
553.2,32.8549214888558,27.5326742814867,25.1578091092837,24.9399654323502,30
553.25,32.8549214888558,27.5326742814867,25.1578091092837,24.9399654323502,30
553.3,32.8549214888558,27.5326742814867,25.1578091092837,24.9399654323502,30
553.35,32.8549214888558,27.5326742814867,25.1578091092837,24.9399654323502,30
553.4,32.8549214888558,27.5326742814867,25.1578091092837,24.9399654323502,30
553.45,32.8549214888558,27.5326742814867,25.1578091092837,24.9399654323502,30
553.5,32.9434731872823,27.5884278486296,25.2399864306456,25.0075123028842,30
553.55,32.9434731872823,27.5884278486296,25.2399864306456,25.0075123028842,30
553.6,32.9434731872823,27.5884278486296,25.2399864306456,25.0075123028842,30
553.65,32.9434731872823,27.5884278486296,25.2399864306456,25.0075123028842,30
553.7,32.9434731872823,27.5884278486296,25.2399864306456,25.0075123028842,30
553.75,32.9434731872823,27.5884278486296,25.2399864306456,25.0075123028842,30
553.8,32.9434731872823,27.5884278486296,25.2399864306456,25.0075123028842,30
553.85,32.9434731872823,27.5884278486296,25.2399864306456,25.0075123028842,30
553.9,32.9434731872823,27.5884278486296,25.2399864306456,25.0075123028842,30
553.95,32.9434731872823,27.5884278486296,25.2399864306456,25.0075123028842,30
554.0,33.0912846462348,27.700014408739,25.3222069558312,25.0745110562765,30
554.05,33.0912846462348,27.700014408739,25.3222069558312,25.0745110562765,30
554.1,33.0912846462348,27.700014408739,25.3222069558312,25.0745110562765,30
554.15,33.0912846462348,27.700014408739,25.3222069558312,25.0745110562765,30
554.2,33.0912846462348,27.700014408739,25.3222069558312,25.0745110562765,30
554.25,33.0912846462348,27.700014408739,25.3222069558312,25.0745110562765,30
554.3,33.0912846462348,27.700014408739,25.3222069558312,25.0745110562765,30
554.35,33.0912846462348,27.700014408739,25.3222069558312,25.0745110562765,30
554.4,33.0912846462348,27.700014408739,25.3222069558312,25.0745110562765,30
554.45,33.0912846462348,27.700014408739,25.3222069558312,25.0745110562765,30
554.5,33.1801079516325,27.7837745225968,25.4044712390684,25.1425039537874,30
554.55,33.1801079516325,27.7837745225968,25.4044712390684,25.1425039537874,30
554.6,33.1801079516325,27.7837745225968,25.4044712390684,25.1425039537874,30
554.65,33.1801079516325,27.7837745225968,25.4044712390684,25.1425039537874,30
554.7,33.1801079516325,27.7837745225968,25.4044712390684,25.1425039537874,30
554.75,33.1801079516325,27.7837745225968,25.4044712390684,25.1425039537874,30
554.8,33.1801079516325,27.7837745225968,25.4044712390684,25.1425039537874,30
554.85,33.1801079516325,27.7837745225968,25.4044712390684,25.1425039537874,30
554.9,33.1801079516325,27.7837745225968,25.4044712390684,25.1425039537874,30
554.95,33.1801079516325,27.7837745225968,25.4044712390684,25.1425039537874,30
555.0,33.2097386301718,27.7837745225968,25.4044712390684,25.2106986310024,30
555.05,33.2097386301718,27.7837745225968,25.4044712390684,25.2106986310024,30
555.1,33.2097386301718,27.7837745225968,25.4044712390684,25.2106986310024,30
555.15,33.2097386301718,27.7837745225968,25.4044712390684,25.2106986310024,30
555.2,33.2097386301718,27.7837745225968,25.4044712390684,25.2106986310024,30
555.25,33.2097386301718,27.7837745225968,25.4044712390684,25.2106986310024,30
555.3,33.2097386301718,27.7837745225968,25.4044712390684,25.2106986310024,30
555.35,33.2097386301718,27.7837745225968,25.4044712390684,25.2106986310024,30
555.4,33.2097386301718,27.7837745225968,25.4044712390684,25.2106986310024,30
555.45,33.2097386301718,27.7837745225968,25.4044712390684,25.2106986310024,30
555.5,33.328376662161,27.8955494044277,25.4867798357547,25.2768024607447,30
555.55,33.328376662161,27.8955494044277,25.4867798357547,25.2768024607447,30
555.6,33.328376662161,27.8955494044277,25.4867798357547,25.2768024607447,30
555.65,33.328376662161,27.8955494044277,25.4867798357547,25.2768024607447,30
555.7,33.328376662161,27.8955494044277,25.4867798357547,25.2768024607447,30
555.75,33.328376662161,27.8955494044277,25.4867798357547,25.2768024607447,30
555.8,33.328376662161,27.8955494044277,25.4867798357547,25.2768024607447,30
555.85,33.328376662161,27.8955494044277,25.4867798357547,25.2768024607447,30
555.9,33.328376662161,27.8955494044277,25.4867798357547,25.2768024607447,30
555.95,33.328376662161,27.8955494044277,25.4867798357547,25.2768024607447,30
556.0,33.5066828483206,28.0354222554905,25.6240608168347,25.3439347690452,30
556.05,33.5066828483206,28.0354222554905,25.6240608168347,25.3439347690452,30
556.1,33.5066828483206,28.0354222554905,25.6240608168347,25.3439347690452,30
556.15,33.5066828483206,28.0354222554905,25.6240608168347,25.3439347690452,30
556.2,33.5066828483206,28.0354222554905,25.6240608168347,25.3439347690452,30
556.25,33.5066828483206,28.0354222554905,25.6240608168347,25.3439347690452,30
556.3,33.5066828483206,28.0354222554905,25.6240608168347,25.3439347690452,30
556.35,33.5066828483206,28.0354222554905,25.6240608168347,25.3439347690452,30
556.4,33.5066828483206,28.0354222554905,25.6240608168347,25.3439347690452,30
556.45,33.5066828483206,28.0354222554905,25.6240608168347,25.3439347690452,30
556.5,33.5662122788355,28.0634176156488,25.6515321970437,25.4128282678781,30
556.55,33.5662122788355,28.0634176156488,25.6515321970437,25.4128282678781,30
556.6,33.5662122788355,28.0634176156488,25.6515321970437,25.4128282678781,30
556.65,33.5662122788355,28.0634176156488,25.6515321970437,25.4128282678781,30
556.7,33.5662122788355,28.0634176156488,25.6515321970437,25.4128282678781,30
556.75,33.5662122788355,28.0634176156488,25.6515321970437,25.4128282678781,30
556.8,33.5662122788355,28.0634176156488,25.6515321970437,25.4128282678781,30
556.85,33.5662122788355,28.0634176156488,25.6515321970437,25.4128282678781,30
556.9,33.5662122788355,28.0634176156488,25.6515321970437,25.4128282678781,30
556.95,33.5662122788355,28.0634176156488,25.6515321970437,25.4128282678781,30
557.0,33.5959947574212,28.0914199580785,25.6790086868955,25.480372065366,30
557.05,33.5959947574212,28.0914199580785,25.6790086868955,25.480372065366,30
557.1,33.5959947574212,28.0914199580785,25.6790086868955,25.480372065366,30
557.15,33.5959947574212,28.0914199580785,25.6790086868955,25.480372065366,30
557.2,33.5959947574212,28.0914199580785,25.6790086868955,25.480372065366,30
557.25,33.5959947574212,28.0914199580785,25.6790086868955,25.480372065366,30
557.3,33.5959947574212,28.0914199580785,25.6790086868955,25.480372065366,30
557.35,33.5959947574212,28.0914199580785,25.6790086868955,25.480372065366,30
557.4,33.5959947574212,28.0914199580785,25.6790086868955,25.480372065366,30
557.45,33.5959947574212,28.0914199580785,25.6790086868955,25.480372065366,30
557.5,33.6854135996286,28.1754691036979,25.7339770784875,25.5466108260906,30
557.55,33.6854135996286,28.1754691036979,25.7339770784875,25.5466108260906,30
557.6,33.6854135996286,28.1754691036979,25.7339770784875,25.5466108260906,30
557.65,33.6854135996286,28.1754691036979,25.7339770784875,25.5466108260906,30
557.7,33.6854135996286,28.1754691036979,25.7339770784875,25.5466108260906,30
557.75,33.6854135996286,28.1754691036979,25.7339770784875,25.5466108260906,30
557.8,33.6854135996286,28.1754691036979,25.7339770784875,25.5466108260906,30
557.85,33.6854135996286,28.1754691036979,25.7339770784875,25.5466108260906,30
557.9,33.6854135996286,28.1754691036979,25.7339770784875,25.5466108260906,30
557.95,33.6854135996286,28.1754691036979,25.7339770784875,25.5466108260906,30
558.0,33.8048064410604,28.2595818997112,25.8164685071073,25.6131164979,30
558.05,33.8048064410604,28.2595818997112,25.8164685071073,25.6131164979,30
558.1,33.8048064410604,28.2595818997112,25.8164685071073,25.6131164979,30
558.15,33.8048064410604,28.2595818997112,25.8164685071073,25.6131164979,30
558.2,33.8048064410604,28.2595818997112,25.8164685071073,25.6131164979,30
558.25,33.8048064410604,28.2595818997112,25.8164685071073,25.6131164979,30
558.3,33.8048064410604,28.2595818997112,25.8164685071073,25.6131164979,30
558.35,33.8048064410604,28.2595818997112,25.8164685071073,25.6131164979,30
558.4,33.8048064410604,28.2595818997112,25.8164685071073,25.6131164979,30
558.45,33.8048064410604,28.2595818997112,25.8164685071073,25.6131164979,30
558.5,33.9543197156673,28.3718323601727,25.8990070444807,25.6798818776907,30
558.55,33.9543197156673,28.3718323601727,25.8990070444807,25.6798818776907,30
558.6,33.9543197156673,28.3718323601727,25.8990070444807,25.6798818776907,30
558.65,33.9543197156673,28.3718323601727,25.8990070444807,25.6798818776907,30
558.7,33.9543197156673,28.3718323601727,25.8990070444807,25.6798818776907,30
558.75,33.9543197156673,28.3718323601727,25.8990070444807,25.6798818776907,30
558.8,33.9543197156673,28.3718323601727,25.8990070444807,25.6798818776907,30
558.85,33.9543197156673,28.3718323601727,25.8990070444807,25.6798818776907,30
558.9,33.9543197156673,28.3718323601727,25.8990070444807,25.6798818776907,30
558.95,33.9543197156673,28.3718323601727,25.8990070444807,25.6798818776907,30
559.0,34.0142104847041,28.4280008836479,25.9540591855044,25.7476667430366,30
559.05,34.0142104847041,28.4280008836479,25.9540591855044,25.7476667430366,30
559.1,34.0142104847041,28.4280008836479,25.9540591855044,25.7476667430366,30
559.15,34.0142104847041,28.4280008836479,25.9540591855044,25.7476667430366,30
559.2,34.0142104847041,28.4280008836479,25.9540591855044,25.7476667430366,30
559.25,34.0142104847041,28.4280008836479,25.9540591855044,25.7476667430366,30
559.3,34.0142104847041,28.4280008836479,25.9540591855044,25.7476667430366,30
559.35,34.0142104847041,28.4280008836479,25.9540591855044,25.7476667430366,30
559.4,34.0142104847041,28.4280008836479,25.9540591855044,25.7476667430366,30
559.45,34.0142104847041,28.4280008836479,25.9540591855044,25.7476667430366,30
559.5,34.0142104847041,28.3999129952132,25.9540591855044,25.8149068053371,30
559.55,34.0142104847041,28.3999129952132,25.9540591855044,25.8149068053371,30
559.6,34.0142104847041,28.3999129952132,25.9540591855044,25.8149068053371,30
559.65,34.0142104847041,28.3999129952132,25.9540591855044,25.8149068053371,30
559.7,34.0142104847041,28.3999129952132,25.9540591855044,25.8149068053371,30
559.75,34.0142104847041,28.3999129952132,25.9540591855044,25.8149068053371,30
559.8,34.0142104847041,28.3999129952132,25.9540591855044,25.8149068053371,30
559.85,34.0142104847041,28.3999129952132,25.9540591855044,25.8149068053371,30
559.9,34.0142104847041,28.3999129952132,25.9540591855044,25.8149068053371,30
559.95,34.0142104847041,28.3999129952132,25.9540591855044,25.8149068053371,30
560.0,34.1941789287592,28.5404254268485,26.0642276983381,25.8793205461691,30
560.05,34.1941789287592,28.5404254268485,26.0642276983381,25.8793205461691,30
560.1,34.1941789287592,28.5404254268485,26.0642276983381,25.8793205461691,30
560.15,34.1941789287592,28.5404254268485,26.0642276983381,25.8793205461691,30
560.2,34.1941789287592,28.5404254268485,26.0642276983381,25.8793205461691,30
560.25,34.1941789287592,28.5404254268485,26.0642276983381,25.8793205461691,30
560.3,34.1941789287592,28.5404254268485,26.0642276983381,25.8793205461691,30
560.35,34.1941789287592,28.5404254268485,26.0642276983381,25.8793205461691,30
560.4,34.1941789287592,28.5404254268485,26.0642276983381,25.8793205461691,30
560.45,34.1941789287592,28.5404254268485,26.0642276983381,25.8793205461691,30
560.5,34.2242171744659,28.5685499241186,26.0917833300749,25.9456029499465,30
560.55,34.2242171744659,28.5685499241186,26.0917833300749,25.9456029499465,30
560.6,34.2242171744659,28.5685499241186,26.0917833300749,25.9456029499465,30
560.65,34.2242171744659,28.5685499241186,26.0917833300749,25.9456029499465,30
560.7,34.2242171744659,28.5685499241186,26.0917833300749,25.9456029499465,30
560.75,34.2242171744659,28.5685499241186,26.0917833300749,25.9456029499465,30
560.8,34.2242171744659,28.5685499241186,26.0917833300749,25.9456029499465,30
560.85,34.2242171744659,28.5685499241186,26.0917833300749,25.9456029499465,30
560.9,34.2242171744659,28.5685499241186,26.0917833300749,25.9456029499465,30
560.95,34.2242171744659,28.5685499241186,26.0917833300749,25.9456029499465,30
561.0,34.404710456954,28.7374529073128,26.2296435591556,26.0106250045926,30
561.05,34.404710456954,28.7374529073128,26.2296435591556,26.0106250045926,30
561.1,34.404710456954,28.7374529073128,26.2296435591556,26.0106250045926,30
561.15,34.404710456954,28.7374529073128,26.2296435591556,26.0106250045926,30
561.2,34.404710456954,28.7374529073128,26.2296435591556,26.0106250045926,30
561.25,34.404710456954,28.7374529073128,26.2296435591556,26.0106250045926,30
561.3,34.404710456954,28.7374529073128,26.2296435591556,26.0106250045926,30
561.35,34.404710456954,28.7374529073128,26.2296435591556,26.0106250045926,30
561.4,34.404710456954,28.7374529073128,26.2296435591556,26.0106250045926,30
561.45,34.404710456954,28.7374529073128,26.2296435591556,26.0106250045926,30
561.5,34.4649761204862,28.765629618902,26.2572321662724,26.0782695503896,30
561.55,34.4649761204862,28.765629618902,26.2572321662724,26.0782695503896,30
561.6,34.4649761204862,28.765629618902,26.2572321662724,26.0782695503896,30
561.65,34.4649761204862,28.765629618902,26.2572321662724,26.0782695503896,30
561.7,34.4649761204862,28.765629618902,26.2572321662724,26.0782695503896,30
561.75,34.4649761204862,28.765629618902,26.2572321662724,26.0782695503896,30
561.8,34.4649761204862,28.765629618902,26.2572321662724,26.0782695503896,30
561.85,34.4649761204862,28.765629618902,26.2572321662724,26.0782695503896,30
561.9,34.4649761204862,28.765629618902,26.2572321662724,26.0782695503896,30
561.95,34.4649761204862,28.765629618902,26.2572321662724,26.0782695503896,30
562.0,34.4951280729493,28.7938138817513,26.2848263429777,26.1446093699755,30
562.05,34.4951280729493,28.7938138817513,26.2848263429777,26.1446093699755,30
562.1,34.4951280729493,28.7938138817513,26.2848263429777,26.1446093699755,30
562.15,34.4951280729493,28.7938138817513,26.2848263429777,26.1446093699755,30
562.2,34.4951280729493,28.7938138817513,26.2848263429777,26.1446093699755,30
562.25,34.4951280729493,28.7938138817513,26.2848263429777,26.1446093699755,30
562.3,34.4951280729493,28.7938138817513,26.2848263429777,26.1446093699755,30
562.35,34.4951280729493,28.7938138817513,26.2848263429777,26.1446093699755,30
562.4,34.4951280729493,28.7938138817513,26.2848263429777,26.1446093699755,30
562.45,34.4951280729493,28.7938138817513,26.2848263429777,26.1446093699755,30
562.5,34.5252928138993,28.7938138817513,26.2848263429777,26.2096876514846,30
562.55,34.5252928138993,28.7938138817513,26.2848263429777,26.2096876514846,30
562.6,34.5252928138993,28.7938138817513,26.2848263429777,26.2096876514846,30
562.65,34.5252928138993,28.7938138817513,26.2848263429777,26.2096876514846,30
562.7,34.5252928138993,28.7938138817513,26.2848263429777,26.2096876514846,30
562.75,34.5252928138993,28.7938138817513,26.2848263429777,26.2096876514846,30
562.8,34.5252928138993,28.7938138817513,26.2848263429777,26.2096876514846,30
562.85,34.5252928138993,28.7938138817513,26.2848263429777,26.2096876514846,30
562.9,34.5252928138993,28.7938138817513,26.2848263429777,26.2096876514846,30
562.95,34.5252928138993,28.7938138817513,26.2848263429777,26.2096876514846,30
563.0,34.7065515627466,28.9630793307132,26.4505095474847,26.2727767547506,30
563.05,34.7065515627466,28.9630793307132,26.4505095474847,26.2727767547506,30
563.1,34.7065515627466,28.9630793307132,26.4505095474847,26.2727767547506,30
563.15,34.7065515627466,28.9630793307132,26.4505095474847,26.2727767547506,30
563.2,34.7065515627466,28.9630793307132,26.4505095474847,26.2727767547506,30
563.25,34.7065515627466,28.9630793307132,26.4505095474847,26.2727767547506,30
563.3,34.7065515627466,28.9630793307132,26.4505095474847,26.2727767547506,30
563.35,34.7065515627466,28.9630793307132,26.4505095474847,26.2727767547506,30
563.4,34.7065515627466,28.9630793307132,26.4505095474847,26.2727767547506,30
563.45,34.7065515627466,28.9630793307132,26.4505095474847,26.2727767547506,30
563.5,34.8276504579133,29.0478158743001,26.5334280524085,26.3385615674105,30
563.55,34.8276504579133,29.0478158743001,26.5334280524085,26.3385615674105,30
563.6,34.8276504579133,29.0478158743001,26.5334280524085,26.3385615674105,30
563.65,34.8276504579133,29.0478158743001,26.5334280524085,26.3385615674105,30
563.7,34.8276504579133,29.0478158743001,26.5334280524085,26.3385615674105,30
563.75,34.8276504579133,29.0478158743001,26.5334280524085,26.3385615674105,30
563.8,34.8276504579133,29.0478158743001,26.5334280524085,26.3385615674105,30
563.85,34.8276504579133,29.0478158743001,26.5334280524085,26.3385615674105,30
563.9,34.8276504579133,29.0478158743001,26.5334280524085,26.3385615674105,30
563.95,34.8276504579133,29.0478158743001,26.5334280524085,26.3385615674105,30
564.0,34.7973561127776,29.0195626074151,26.5057827977034,26.4046460897944,30
564.05,34.7973561127776,29.0195626074151,26.5057827977034,26.4046460897944,30
564.1,34.7973561127776,29.0195626074151,26.5057827977034,26.4046460897944,30
564.15,34.7973561127776,29.0195626074151,26.5057827977034,26.4046460897944,30
564.2,34.7973561127776,29.0195626074151,26.5057827977034,26.4046460897944,30
564.25,34.7973561127776,29.0195626074151,26.5057827977034,26.4046460897944,30
564.3,34.7973561127776,29.0195626074151,26.5057827977034,26.4046460897944,30
564.35,34.7973561127776,29.0195626074151,26.5057827977034,26.4046460897944,30
564.4,34.7973561127776,29.0195626074151,26.5057827977034,26.4046460897944,30
564.45,34.7973561127776,29.0195626074151,26.5057827977034,26.4046460897944,30
564.5,34.8882785807932,29.07607692466,26.5610790885232,26.4679367355699,30
564.55,34.8882785807932,29.07607692466,26.5610790885232,26.4679367355699,30
564.6,34.8882785807932,29.07607692466,26.5610790885232,26.4679367355699,30
564.65,34.8882785807932,29.07607692466,26.5610790885232,26.4679367355699,30
564.7,34.8882785807932,29.07607692466,26.5610790885232,26.4679367355699,30
564.75,34.8882785807932,29.07607692466,26.5610790885232,26.4679367355699,30
564.8,34.8882785807932,29.07607692466,26.5610790885232,26.4679367355699,30
564.85,34.8882785807932,29.07607692466,26.5610790885232,26.4679367355699,30
564.9,34.8882785807932,29.07607692466,26.5610790885232,26.4679367355699,30
564.95,34.8882785807932,29.07607692466,26.5610790885232,26.4679367355699,30
565.0,34.9793198234373,29.1891994287559,26.6440670982449,26.5308389802129,30
565.05,34.9793198234373,29.1891994287559,26.6440670982449,26.5308389802129,30
565.1,34.9793198234373,29.1891994287559,26.6440670982449,26.5308389802129,30
565.15,34.9793198234373,29.1891994287559,26.6440670982449,26.5308389802129,30
565.2,34.9793198234373,29.1891994287559,26.6440670982449,26.5308389802129,30
565.25,34.9793198234373,29.1891994287559,26.6440670982449,26.5308389802129,30
565.3,34.9793198234373,29.1891994287559,26.6440670982449,26.5308389802129,30
565.35,34.9793198234373,29.1891994287559,26.6440670982449,26.5308389802129,30
565.4,34.9793198234373,29.1891994287559,26.6440670982449,26.5308389802129,30
565.45,34.9793198234373,29.1891994287559,26.6440670982449,26.5308389802129,30
565.5,35.1313215134745,29.3024483434936,26.7548000108995,26.5949097570904,30
565.55,35.1313215134745,29.3024483434936,26.7548000108995,26.5949097570904,30
565.6,35.1313215134745,29.3024483434936,26.7548000108995,26.5949097570904,30
565.65,35.1313215134745,29.3024483434936,26.7548000108995,26.5949097570904,30
565.7,35.1313215134745,29.3024483434936,26.7548000108995,26.5949097570904,30
565.75,35.1313215134745,29.3024483434936,26.7548000108995,26.5949097570904,30
565.8,35.1313215134745,29.3024483434936,26.7548000108995,26.5949097570904,30
565.85,35.1313215134745,29.3024483434936,26.7548000108995,26.5949097570904,30
565.9,35.1313215134745,29.3024483434936,26.7548000108995,26.5949097570904,30
565.95,35.1313215134745,29.3024483434936,26.7548000108995,26.5949097570904,30
566.0,35.1313215134745,29.3024483434936,26.7548000108995,26.6601132160219,30
566.05,35.1313215134745,29.3024483434936,26.7548000108995,26.6601132160219,30
566.1,35.1313215134745,29.3024483434936,26.7548000108995,26.6601132160219,30
566.15,35.1313215134745,29.3024483434936,26.7548000108995,26.6601132160219,30
566.2,35.1313215134745,29.3024483434936,26.7548000108995,26.6601132160219,30
566.25,35.1313215134745,29.3024483434936,26.7548000108995,26.6601132160219,30
566.3,35.1313215134745,29.3024483434936,26.7548000108995,26.6601132160219,30
566.35,35.1313215134745,29.3024483434936,26.7548000108995,26.6601132160219,30
566.4,35.1313215134745,29.3024483434936,26.7548000108995,26.6601132160219,30
566.45,35.1313215134745,29.3024483434936,26.7548000108995,26.6601132160219,30
566.5,35.1922161392252,29.3307805003777,26.7824980660451,26.7233211967856,30
566.55,35.1922161392252,29.3307805003777,26.7824980660451,26.7233211967856,30
566.6,35.1922161392252,29.3307805003777,26.7824980660451,26.7233211967856,30
566.65,35.1922161392252,29.3307805003777,26.7824980660451,26.7233211967856,30
566.7,35.1922161392252,29.3307805003777,26.7824980660451,26.7233211967856,30
566.75,35.1922161392252,29.3307805003777,26.7824980660451,26.7233211967856,30
566.8,35.1922161392252,29.3307805003777,26.7824980660451,26.7233211967856,30
566.85,35.1922161392252,29.3307805003777,26.7824980660451,26.7233211967856,30
566.9,35.1922161392252,29.3307805003777,26.7824980660451,26.7233211967856,30
566.95,35.1922161392252,29.3307805003777,26.7824980660451,26.7233211967856,30
567.0,35.3446898432957,29.5009426594027,26.9488125947889,26.7853726651955,30
567.05,35.3446898432957,29.5009426594027,26.9488125947889,26.7853726651955,30
567.1,35.3446898432957,29.5009426594027,26.9488125947889,26.7853726651955,30
567.15,35.3446898432957,29.5009426594027,26.9488125947889,26.7853726651955,30
567.2,35.3446898432957,29.5009426594027,26.9488125947889,26.7853726651955,30
567.25,35.3446898432957,29.5009426594027,26.9488125947889,26.7853726651955,30
567.3,35.3446898432957,29.5009426594027,26.9488125947889,26.7853726651955,30
567.35,35.3446898432957,29.5009426594027,26.9488125947889,26.7853726651955,30
567.4,35.3446898432957,29.5009426594027,26.9488125947889,26.7853726651955,30
567.45,35.3446898432957,29.5009426594027,26.9488125947889,26.7853726651955,30
567.5,35.3446898432957,29.4725620359941,26.9210783756425,26.8501757060166,30
567.55,35.3446898432957,29.4725620359941,26.9210783756425,26.8501757060166,30
567.6,35.3446898432957,29.4725620359941,26.9210783756425,26.8501757060166,30
567.65,35.3446898432957,29.4725620359941,26.9210783756425,26.8501757060166,30
567.7,35.3446898432957,29.4725620359941,26.9210783756425,26.8501757060166,30
567.75,35.3446898432957,29.4725620359941,26.9210783756425,26.8501757060166,30
567.8,35.3446898432957,29.4725620359941,26.9210783756425,26.8501757060166,30
567.85,35.3446898432957,29.4725620359941,26.9210783756425,26.8501757060166,30
567.9,35.3446898432957,29.4725620359941,26.9210783756425,26.8501757060166,30
567.95,35.3446898432957,29.4725620359941,26.9210783756425,26.8501757060166,30
568.0,35.4363379795973,29.5577284128069,27.0042993626112,26.9122203909504,30
568.05,35.4363379795973,29.5577284128069,27.0042993626112,26.9122203909504,30
568.1,35.4363379795973,29.5577284128069,27.0042993626112,26.9122203909504,30
568.15,35.4363379795973,29.5577284128069,27.0042993626112,26.9122203909504,30
568.2,35.4363379795973,29.5577284128069,27.0042993626112,26.9122203909504,30
568.25,35.4363379795973,29.5577284128069,27.0042993626112,26.9122203909504,30
568.3,35.4363379795973,29.5577284128069,27.0042993626112,26.9122203909504,30
568.35,35.4363379795973,29.5577284128069,27.0042993626112,26.9122203909504,30
568.4,35.4363379795973,29.5577284128069,27.0042993626112,26.9122203909504,30
568.45,35.4363379795973,29.5577284128069,27.0042993626112,26.9122203909504,30
568.5,35.4975055809526,29.6145470007457,27.0598107137253,26.9746964490704,30
568.55,35.4975055809526,29.6145470007457,27.0598107137253,26.9746964490704,30
568.6,35.4975055809526,29.6145470007457,27.0598107137253,26.9746964490704,30
568.65,35.4975055809526,29.6145470007457,27.0598107137253,26.9746964490704,30
568.7,35.4975055809526,29.6145470007457,27.0598107137253,26.9746964490704,30
568.75,35.4975055809526,29.6145470007457,27.0598107137253,26.9746964490704,30
568.8,35.4975055809526,29.6145470007457,27.0598107137253,26.9746964490704,30
568.85,35.4975055809526,29.6145470007457,27.0598107137253,26.9746964490704,30
568.9,35.4975055809526,29.6145470007457,27.0598107137253,26.9746964490704,30
568.95,35.4975055809526,29.6145470007457,27.0598107137253,26.9746964490704,30
569.0,35.5587285651112,29.6713986145454,27.1153468211176,27.0368152779577,30
569.05,35.5587285651112,29.6713986145454,27.1153468211176,27.0368152779577,30
569.1,35.5587285651112,29.6713986145454,27.1153468211176,27.0368152779577,30
569.15,35.5587285651112,29.6713986145454,27.1153468211176,27.0368152779577,30
569.2,35.5587285651112,29.6713986145454,27.1153468211176,27.0368152779577,30
569.25,35.5587285651112,29.6713986145454,27.1153468211176,27.0368152779577,30
569.3,35.5587285651112,29.6713986145454,27.1153468211176,27.0368152779577,30
569.35,35.5587285651112,29.6713986145454,27.1153468211176,27.0368152779577,30
569.4,35.5587285651112,29.6713986145454,27.1153468211176,27.0368152779577,30
569.45,35.5587285651112,29.6713986145454,27.1153468211176,27.0368152779577,30
569.5,35.6813417426089,29.7852016874762,27.1986977794409,27.0985888547051,30
569.55,35.6813417426089,29.7852016874762,27.1986977794409,27.0985888547051,30
569.6,35.6813417426089,29.7852016874762,27.1986977794409,27.0985888547051,30
569.65,35.6813417426089,29.7852016874762,27.1986977794409,27.0985888547051,30
569.7,35.6813417426089,29.7852016874762,27.1986977794409,27.0985888547051,30
569.75,35.6813417426089,29.7852016874762,27.1986977794409,27.0985888547051,30
569.8,35.6813417426089,29.7852016874762,27.1986977794409,27.0985888547051,30
569.85,35.6813417426089,29.7852016874762,27.1986977794409,27.0985888547051,30
569.9,35.6813417426089,29.7852016874762,27.1986977794409,27.0985888547051,30
569.95,35.6813417426089,29.7852016874762,27.1986977794409,27.0985888547051,30
570.0,35.7120300664475,29.8421535317164,27.2542965364979,27.1615821196918,30
570.05,35.7120300664475,29.8421535317164,27.2542965364979,27.1615821196918,30
570.1,35.7120300664475,29.8421535317164,27.2542965364979,27.1615821196918,30
570.15,35.7120300664475,29.8421535317164,27.2542965364979,27.1615821196918,30
570.2,35.7120300664475,29.8421535317164,27.2542965364979,27.1615821196918,30
570.25,35.7120300664475,29.8421535317164,27.2542965364979,27.1615821196918,30
570.3,35.7120300664475,29.8421535317164,27.2542965364979,27.1615821196918,30
570.35,35.7120300664475,29.8421535317164,27.2542965364979,27.1615821196918,30
570.4,35.7120300664475,29.8421535317164,27.2542965364979,27.1615821196918,30
570.45,35.7120300664475,29.8421535317164,27.2542965364979,27.1615821196918,30
570.5,35.6813417426089,29.870642115268,27.3099206578815,27.2242020117221,30
570.55,35.6813417426089,29.870642115268,27.3099206578815,27.2242020117221,30
570.6,35.6813417426089,29.870642115268,27.3099206578815,27.2242020117221,30
570.65,35.6813417426089,29.870642115268,27.3099206578815,27.2242020117221,30
570.7,35.6813417426089,29.870642115268,27.3099206578815,27.2242020117221,30
570.75,35.6813417426089,29.870642115268,27.3099206578815,27.2242020117221,30
570.8,35.6813417426089,29.870642115268,27.3099206578815,27.2242020117221,30
570.85,35.6813417426089,29.870642115268,27.3099206578815,27.2242020117221,30
570.9,35.6813417426089,29.870642115268,27.3099206578815,27.2242020117221,30
570.95,35.6813417426089,29.870642115268,27.3099206578815,27.2242020117221,30
571.0,35.7120300664475,29.9561588022635,27.3655703180748,27.285681630101,30
571.05,35.7120300664475,29.9561588022635,27.3655703180748,27.285681630101,30
571.1,35.7120300664475,29.9561588022635,27.3655703180748,27.285681630101,30
571.15,35.7120300664475,29.9561588022635,27.3655703180748,27.285681630101,30
571.2,35.7120300664475,29.9561588022635,27.3655703180748,27.285681630101,30
571.25,35.7120300664475,29.9561588022635,27.3655703180748,27.285681630101,30
571.3,35.7120300664475,29.9561588022635,27.3655703180748,27.285681630101,30
571.35,35.7120300664475,29.9561588022635,27.3655703180748,27.285681630101,30
571.4,35.7120300664475,29.9561588022635,27.3655703180748,27.285681630101,30
571.45,35.7120300664475,29.9561588022635,27.3655703180748,27.285681630101,30
571.5,35.7427324689211,30.0417524038476,27.4769469545339,27.3476119505842,30
571.55,35.7427324689211,30.0417524038476,27.4769469545339,27.3476119505842,30
571.6,35.7427324689211,30.0417524038476,27.4769469545339,27.3476119505842,30
571.65,35.7427324689211,30.0417524038476,27.4769469545339,27.3476119505842,30
571.7,35.7427324689211,30.0417524038476,27.4769469545339,27.3476119505842,30
571.75,35.7427324689211,30.0417524038476,27.4769469545339,27.3476119505842,30
571.8,35.7427324689211,30.0417524038476,27.4769469545339,27.3476119505842,30
571.85,35.7427324689211,30.0417524038476,27.4769469545339,27.3476119505842,30
571.9,35.7427324689211,30.0417524038476,27.4769469545339,27.3476119505842,30
571.95,35.7427324689211,30.0417524038476,27.4769469545339,27.3476119505842,30
572.0,35.6813417426089,30.0417524038476,27.4769469545339,27.4099772233233,30
572.05,35.6813417426089,30.0417524038476,27.4769469545339,27.4099772233233,30
572.1,35.6813417426089,30.0417524038476,27.4769469545339,27.4099772233233,30
572.15,35.6813417426089,30.0417524038476,27.4769469545339,27.4099772233233,30
572.2,35.6813417426089,30.0417524038476,27.4769469545339,27.4099772233233,30
572.25,35.6813417426089,30.0417524038476,27.4769469545339,27.4099772233233,30
572.3,35.6813417426089,30.0417524038476,27.4769469545339,27.4099772233233,30
572.35,35.6813417426089,30.0417524038476,27.4769469545339,27.4099772233233,30
572.4,35.6813417426089,30.0417524038476,27.4769469545339,27.4099772233233,30
572.45,35.6813417426089,30.0417524038476,27.4769469545339,27.4099772233233,30
572.5,35.7120300664475,30.0988578600504,27.5326742814867,27.4704242501765,30
572.55,35.7120300664475,30.0988578600504,27.5326742814867,27.4704242501765,30
572.6,35.7120300664475,30.0988578600504,27.5326742814867,27.4704242501765,30
572.65,35.7120300664475,30.0988578600504,27.5326742814867,27.4704242501765,30
572.7,35.7120300664475,30.0988578600504,27.5326742814867,27.4704242501765,30
572.75,35.7120300664475,30.0988578600504,27.5326742814867,27.4704242501765,30
572.8,35.7120300664475,30.0988578600504,27.5326742814867,27.4704242501765,30
572.85,35.7120300664475,30.0988578600504,27.5326742814867,27.4704242501765,30
572.9,35.7120300664475,30.0988578600504,27.5326742814867,27.4704242501765,30
572.95,35.7120300664475,30.0988578600504,27.5326742814867,27.4704242501765,30
573.0,35.7120300664475,30.1845811160826,27.5884278486296,27.5305725065286,30
573.05,35.7120300664475,30.1845811160826,27.5884278486296,27.5305725065286,30
573.1,35.7120300664475,30.1845811160826,27.5884278486296,27.5305725065286,30
573.15,35.7120300664475,30.1845811160826,27.5884278486296,27.5305725065286,30
573.2,35.7120300664475,30.1845811160826,27.5884278486296,27.5305725065286,30
573.25,35.7120300664475,30.1845811160826,27.5884278486296,27.5305725065286,30
573.3,35.7120300664475,30.1845811160826,27.5884278486296,27.5305725065286,30
573.35,35.7120300664475,30.1845811160826,27.5884278486296,27.5305725065286,30
573.4,35.7120300664475,30.1845811160826,27.5884278486296,27.5305725065286,30
573.45,35.7120300664475,30.1845811160826,27.5884278486296,27.5305725065286,30
573.5,35.6813417426089,30.2131729853164,27.6442078321866,27.5912099562336,30
573.55,35.6813417426089,30.2131729853164,27.6442078321866,27.5912099562336,30
573.6,35.6813417426089,30.2131729853164,27.6442078321866,27.5912099562336,30
573.65,35.6813417426089,30.2131729853164,27.6442078321866,27.5912099562336,30
573.7,35.6813417426089,30.2131729853164,27.6442078321866,27.5912099562336,30
573.75,35.6813417426089,30.2131729853164,27.6442078321866,27.5912099562336,30
573.8,35.6813417426089,30.2131729853164,27.6442078321866,27.5912099562336,30
573.85,35.6813417426089,30.2131729853164,27.6442078321866,27.5912099562336,30
573.9,35.6813417426089,30.2131729853164,27.6442078321866,27.5912099562336,30
573.95,35.6813417426089,30.2131729853164,27.6442078321866,27.5912099562336,30
574.0,35.7427324689211,30.3276283712019,27.727927724669,27.650757853888,30
574.05,35.7427324689211,30.3276283712019,27.727927724669,27.650757853888,30
574.1,35.7427324689211,30.3276283712019,27.727927724669,27.650757853888,30
574.15,35.7427324689211,30.3276283712019,27.727927724669,27.650757853888,30
574.2,35.7427324689211,30.3276283712019,27.727927724669,27.650757853888,30
574.25,35.7427324689211,30.3276283712019,27.727927724669,27.650757853888,30
574.3,35.7427324689211,30.3276283712019,27.727927724669,27.650757853888,30
574.35,35.7427324689211,30.3276283712019,27.727927724669,27.650757853888,30
574.4,35.7427324689211,30.3276283712019,27.727927724669,27.650757853888,30
574.45,35.7427324689211,30.3276283712019,27.727927724669,27.650757853888,30
574.5,35.7120300664475,30.3562643183168,27.7837745225968,27.7115926482331,30
574.55,35.7120300664475,30.3562643183168,27.7837745225968,27.7115926482331,30
574.6,35.7120300664475,30.3562643183168,27.7837745225968,27.7115926482331,30
574.65,35.7120300664475,30.3562643183168,27.7837745225968,27.7115926482331,30
574.7,35.7120300664475,30.3562643183168,27.7837745225968,27.7115926482331,30
574.75,35.7120300664475,30.3562643183168,27.7837745225968,27.7115926482331,30
574.8,35.7120300664475,30.3562643183168,27.7837745225968,27.7115926482331,30
574.85,35.7120300664475,30.3562643183168,27.7837745225968,27.7115926482331,30
574.9,35.7120300664475,30.3562643183168,27.7837745225968,27.7115926482331,30
574.95,35.7120300664475,30.3562643183168,27.7837745225968,27.7115926482331,30
575.0,35.6506674639318,30.3276283712019,27.7558477552299,27.771327014145,30
575.05,35.6506674639318,30.3276283712019,27.7558477552299,27.771327014145,30
575.1,35.6506674639318,30.3276283712019,27.7558477552299,27.771327014145,30
575.15,35.6506674639318,30.3276283712019,27.7558477552299,27.771327014145,30
575.2,35.6506674639318,30.3276283712019,27.7558477552299,27.771327014145,30
575.25,35.6506674639318,30.3276283712019,27.7558477552299,27.771327014145,30
575.3,35.6506674639318,30.3276283712019,27.7558477552299,27.771327014145,30
575.35,35.6506674639318,30.3276283712019,27.7558477552299,27.771327014145,30
575.4,35.6506674639318,30.3276283712019,27.7558477552299,27.771327014145,30
575.45,35.6506674639318,30.3276283712019,27.7558477552299,27.771327014145,30
575.5,35.6813417426089,30.4422255973145,27.8675954676269,27.8284321621225,30
575.55,35.6813417426089,30.4422255973145,27.8675954676269,27.8284321621225,30
575.6,35.6813417426089,30.4422255973145,27.8675954676269,27.8284321621225,30
575.65,35.6813417426089,30.4422255973145,27.8675954676269,27.8284321621225,30
575.7,35.6813417426089,30.4422255973145,27.8675954676269,27.8284321621225,30
575.75,35.6813417426089,30.4422255973145,27.8675954676269,27.8284321621225,30
575.8,35.6813417426089,30.4422255973145,27.8675954676269,27.8284321621225,30
575.85,35.6813417426089,30.4422255973145,27.8675954676269,27.8284321621225,30
575.9,35.6813417426089,30.4422255973145,27.8675954676269,27.8284321621225,30
575.95,35.6813417426089,30.4422255973145,27.8675954676269,27.8284321621225,30
576.0,35.7120300664475,30.499577896438,27.9235101892561,27.8869010899322,30
576.05,35.7120300664475,30.499577896438,27.9235101892561,27.8869010899322,30
576.1,35.7120300664475,30.499577896438,27.9235101892561,27.8869010899322,30
576.15,35.7120300664475,30.499577896438,27.9235101892561,27.8869010899322,30
576.2,35.7120300664475,30.499577896438,27.9235101892561,27.8869010899322,30
576.25,35.7120300664475,30.499577896438,27.9235101892561,27.8869010899322,30
576.3,35.7120300664475,30.499577896438,27.9235101892561,27.8869010899322,30
576.35,35.7120300664475,30.499577896438,27.9235101892561,27.8869010899322,30
576.4,35.7120300664475,30.499577896438,27.9235101892561,27.8869010899322,30
576.45,35.7120300664475,30.499577896438,27.9235101892561,27.8869010899322,30
576.5,35.6813417426089,30.5282675546409,27.9514778444264,27.9451238098434,30
576.55,35.6813417426089,30.5282675546409,27.9514778444264,27.9451238098434,30
576.6,35.6813417426089,30.5282675546409,27.9514778444264,27.9451238098434,30
576.65,35.6813417426089,30.5282675546409,27.9514778444264,27.9451238098434,30
576.7,35.6813417426089,30.5282675546409,27.9514778444264,27.9451238098434,30
576.75,35.6813417426089,30.5282675546409,27.9514778444264,27.9451238098434,30
576.8,35.6813417426089,30.5282675546409,27.9514778444264,27.9451238098434,30
576.85,35.6813417426089,30.5282675546409,27.9514778444264,27.9451238098434,30
576.9,35.6813417426089,30.5282675546409,27.9514778444264,27.9451238098434,30
576.95,35.6813417426089,30.5282675546409,27.9514778444264,27.9451238098434,30
577.0,35.7120300664475,30.5856740131792,28.0074338551698,28.0023241522726,30
577.05,35.7120300664475,30.5856740131792,28.0074338551698,28.0023241522726,30
577.1,35.7120300664475,30.5856740131792,28.0074338551698,28.0023241522726,30
577.15,35.7120300664475,30.5856740131792,28.0074338551698,28.0023241522726,30
577.2,35.7120300664475,30.5856740131792,28.0074338551698,28.0023241522726,30
577.25,35.7120300664475,30.5856740131792,28.0074338551698,28.0023241522726,30
577.3,35.7120300664475,30.5856740131792,28.0074338551698,28.0023241522726,30
577.35,35.7120300664475,30.5856740131792,28.0074338551698,28.0023241522726,30
577.4,35.7120300664475,30.5856740131792,28.0074338551698,28.0023241522726,30
577.45,35.7120300664475,30.5856740131792,28.0074338551698,28.0023241522726,30
577.5,35.6813417426089,30.6143908635585,28.0634176156488,28.0593175248234,30
577.55,35.6813417426089,30.6143908635585,28.0634176156488,28.0593175248234,30
577.6,35.6813417426089,30.6143908635585,28.0634176156488,28.0593175248234,30
577.65,35.6813417426089,30.6143908635585,28.0634176156488,28.0593175248234,30
577.7,35.6813417426089,30.6143908635585,28.0634176156488,28.0593175248234,30
577.75,35.6813417426089,30.6143908635585,28.0634176156488,28.0593175248234,30
577.8,35.6813417426089,30.6143908635585,28.0634176156488,28.0593175248234,30
577.85,35.6813417426089,30.6143908635585,28.0634176156488,28.0593175248234,30
577.9,35.6813417426089,30.6143908635585,28.0634176156488,28.0593175248234,30
577.95,35.6813417426089,30.6143908635585,28.0634176156488,28.0593175248234,30
578.0,35.6813417426089,30.6718519319091,28.1194293052378,28.1153257533944,30
578.05,35.6813417426089,30.6718519319091,28.1194293052378,28.1153257533944,30
578.1,35.6813417426089,30.6718519319091,28.1194293052378,28.1153257533944,30
578.15,35.6813417426089,30.6718519319091,28.1194293052378,28.1153257533944,30
578.2,35.6813417426089,30.6718519319091,28.1194293052378,28.1153257533944,30
578.25,35.6813417426089,30.6718519319091,28.1194293052378,28.1153257533944,30
578.3,35.6813417426089,30.6718519319091,28.1194293052378,28.1153257533944,30
578.35,35.6813417426089,30.6718519319091,28.1194293052378,28.1153257533944,30
578.4,35.6813417426089,30.6718519319091,28.1194293052378,28.1153257533944,30
578.45,35.6813417426089,30.6718519319091,28.1194293052378,28.1153257533944,30
578.5,35.7427324689211,30.7581123305819,28.2034996000368,28.1711631960987,30
578.55,35.7427324689211,30.7581123305819,28.2034996000368,28.1711631960987,30
578.6,35.7427324689211,30.7581123305819,28.2034996000368,28.1711631960987,30
578.65,35.7427324689211,30.7581123305819,28.2034996000368,28.1711631960987,30
578.7,35.7427324689211,30.7581123305819,28.2034996000368,28.1711631960987,30
578.75,35.7427324689211,30.7581123305819,28.2034996000368,28.1711631960987,30
578.8,35.7427324689211,30.7581123305819,28.2034996000368,28.1711631960987,30
578.85,35.7427324689211,30.7581123305819,28.2034996000368,28.1711631960987,30
578.9,35.7427324689211,30.7581123305819,28.2034996000368,28.1711631960987,30
578.95,35.7427324689211,30.7581123305819,28.2034996000368,28.1711631960987,30
579.0,35.6813417426089,30.7581123305819,28.2034996000368,28.2276194466505,30
579.05,35.6813417426089,30.7581123305819,28.2034996000368,28.2276194466505,30
579.1,35.6813417426089,30.7581123305819,28.2034996000368,28.2276194466505,30
579.15,35.6813417426089,30.7581123305819,28.2034996000368,28.2276194466505,30
579.2,35.6813417426089,30.7581123305819,28.2034996000368,28.2276194466505,30
579.25,35.6813417426089,30.7581123305819,28.2034996000368,28.2276194466505,30
579.3,35.6813417426089,30.7581123305819,28.2034996000368,28.2276194466505,30
579.35,35.6813417426089,30.7581123305819,28.2034996000368,28.2276194466505,30
579.4,35.6813417426089,30.7581123305819,28.2034996000368,28.2276194466505,30
579.45,35.6813417426089,30.7581123305819,28.2034996000368,28.2276194466505,30
579.5,35.7120300664475,30.8156654213059,28.2876337482327,28.2823179910451,30
579.55,35.7120300664475,30.8156654213059,28.2876337482327,28.2823179910451,30
579.6,35.7120300664475,30.8156654213059,28.2876337482327,28.2823179910451,30
579.65,35.7120300664475,30.8156654213059,28.2876337482327,28.2823179910451,30
579.7,35.7120300664475,30.8156654213059,28.2876337482327,28.2823179910451,30
579.75,35.7120300664475,30.8156654213059,28.2876337482327,28.2823179910451,30
579.8,35.7120300664475,30.8156654213059,28.2876337482327,28.2823179910451,30
579.85,35.7120300664475,30.8156654213059,28.2876337482327,28.2823179910451,30
579.9,35.7120300664475,30.8156654213059,28.2876337482327,28.2823179910451,30
579.95,35.7120300664475,30.8156654213059,28.2876337482327,28.2823179910451,30
580.0,35.7120300664475,30.873255674741,28.3156927593756,28.3368855812903,30
580.05,35.7120300664475,30.873255674741,28.3156927593756,28.3368855812903,30
580.1,35.7120300664475,30.873255674741,28.3156927593756,28.3368855812903,30
580.15,35.7120300664475,30.873255674741,28.3156927593756,28.3368855812903,30
580.2,35.7120300664475,30.873255674741,28.3156927593756,28.3368855812903,30
580.25,35.7120300664475,30.873255674741,28.3156927593756,28.3368855812903,30
580.3,35.7120300664475,30.873255674741,28.3156927593756,28.3368855812903,30
580.35,35.7120300664475,30.873255674741,28.3156927593756,28.3368855812903,30
580.4,35.7120300664475,30.873255674741,28.3156927593756,28.3368855812903,30
580.45,35.7120300664475,30.873255674741,28.3156927593756,28.3368855812903,30
580.5,35.6813417426089,30.873255674741,28.3437589557955,28.3913255981337,30
580.55,35.6813417426089,30.873255674741,28.3437589557955,28.3913255981337,30
580.6,35.6813417426089,30.873255674741,28.3437589557955,28.3913255981337,30
580.65,35.6813417426089,30.873255674741,28.3437589557955,28.3913255981337,30
580.7,35.6813417426089,30.873255674741,28.3437589557955,28.3913255981337,30
580.75,35.6813417426089,30.873255674741,28.3437589557955,28.3913255981337,30
580.8,35.6813417426089,30.873255674741,28.3437589557955,28.3913255981337,30
580.85,35.6813417426089,30.873255674741,28.3437589557955,28.3913255981337,30
580.9,35.6813417426089,30.873255674741,28.3437589557955,28.3913255981337,30
580.95,35.6813417426089,30.873255674741,28.3437589557955,28.3913255981337,30
581.0,35.7120300664475,30.9597111792208,28.4280008836479,28.4440686542151,30
581.05,35.7120300664475,30.9597111792208,28.4280008836479,28.4440686542151,30
581.1,35.7120300664475,30.9597111792208,28.4280008836479,28.4440686542151,30
581.15,35.7120300664475,30.9597111792208,28.4280008836479,28.4440686542151,30
581.2,35.7120300664475,30.9597111792208,28.4280008836479,28.4440686542151,30
581.25,35.7120300664475,30.9597111792208,28.4280008836479,28.4440686542151,30
581.3,35.7120300664475,30.9597111792208,28.4280008836479,28.4440686542151,30
581.35,35.7120300664475,30.9597111792208,28.4280008836479,28.4440686542151,30
581.4,35.7120300664475,30.9597111792208,28.4280008836479,28.4440686542151,30
581.45,35.7120300664475,30.9597111792208,28.4280008836479,28.4440686542151,30
581.5,35.6813417426089,30.9885484823664,28.4560960482337,28.4975282862934,30
581.55,35.6813417426089,30.9885484823664,28.4560960482337,28.4975282862934,30
581.6,35.6813417426089,30.9885484823664,28.4560960482337,28.4975282862934,30
581.65,35.6813417426089,30.9885484823664,28.4560960482337,28.4975282862934,30
581.7,35.6813417426089,30.9885484823664,28.4560960482337,28.4975282862934,30
581.75,35.6813417426089,30.9885484823664,28.4560960482337,28.4975282862934,30
581.8,35.6813417426089,30.9885484823664,28.4560960482337,28.4975282862934,30
581.85,35.6813417426089,30.9885484823664,28.4560960482337,28.4975282862934,30
581.9,35.6813417426089,30.9885484823664,28.4560960482337,28.4975282862934,30
581.95,35.6813417426089,30.9885484823664,28.4560960482337,28.4975282862934,30
582.0,35.6813417426089,31.0462514443218,28.5123082970131,28.5501058925965,30
582.05,35.6813417426089,31.0462514443218,28.5123082970131,28.5501058925965,30
582.1,35.6813417426089,31.0462514443218,28.5123082970131,28.5501058925965,30
582.15,35.6813417426089,31.0462514443218,28.5123082970131,28.5501058925965,30
582.2,35.6813417426089,31.0462514443218,28.5123082970131,28.5501058925965,30
582.25,35.6813417426089,31.0462514443218,28.5123082970131,28.5501058925965,30
582.3,35.6813417426089,31.0462514443218,28.5123082970131,28.5501058925965,30
582.35,35.6813417426089,31.0462514443218,28.5123082970131,28.5501058925965,30
582.4,35.6813417426089,31.0462514443218,28.5123082970131,28.5501058925965,30
582.45,35.6813417426089,31.0462514443218,28.5123082970131,28.5501058925965,30
582.5,35.6506674639318,31.0462514443218,28.5404254268485,28.6026158986181,30
582.55,35.6506674639318,31.0462514443218,28.5404254268485,28.6026158986181,30
582.6,35.6506674639318,31.0462514443218,28.5404254268485,28.6026158986181,30
582.65,35.6506674639318,31.0462514443218,28.5404254268485,28.6026158986181,30
582.7,35.6506674639318,31.0462514443218,28.5404254268485,28.6026158986181,30
582.75,35.6506674639318,31.0462514443218,28.5404254268485,28.6026158986181,30
582.8,35.6506674639318,31.0462514443218,28.5404254268485,28.6026158986181,30
582.85,35.6506674639318,31.0462514443218,28.5404254268485,28.6026158986181,30
582.9,35.6506674639318,31.0462514443218,28.5404254268485,28.6026158986181,30
582.95,35.6506674639318,31.0462514443218,28.5404254268485,28.6026158986181,30
583.0,35.6813417426089,31.1039923845277,28.5966818117093,28.6534839414727,30
583.05,35.6813417426089,31.1039923845277,28.5966818117093,28.6534839414727,30
583.1,35.6813417426089,31.1039923845277,28.5966818117093,28.6534839414727,30
583.15,35.6813417426089,31.1039923845277,28.5966818117093,28.6534839414727,30
583.2,35.6813417426089,31.1039923845277,28.5966818117093,28.6534839414727,30
583.25,35.6813417426089,31.1039923845277,28.5966818117093,28.6534839414727,30
583.3,35.6813417426089,31.1039923845277,28.5966818117093,28.6534839414727,30
583.35,35.6813417426089,31.1039923845277,28.5966818117093,28.6534839414727,30
583.4,35.6813417426089,31.1039923845277,28.5966818117093,28.6534839414727,30
583.45,35.6813417426089,31.1039923845277,28.5966818117093,28.6534839414727,30
583.5,35.7120300664475,31.1617715083414,28.6529678495268,28.7043387789815,30
583.55,35.7120300664475,31.1617715083414,28.6529678495268,28.7043387789815,30
583.6,35.7120300664475,31.1617715083414,28.6529678495268,28.7043387789815,30
583.65,35.7120300664475,31.1617715083414,28.6529678495268,28.7043387789815,30
583.7,35.7120300664475,31.1617715083414,28.6529678495268,28.7043387789815,30
583.75,35.7120300664475,31.1617715083414,28.6529678495268,28.7043387789815,30
583.8,35.7120300664475,31.1617715083414,28.6529678495268,28.7043387789815,30
583.85,35.7120300664475,31.1617715083414,28.6529678495268,28.7043387789815,30
583.9,35.7120300664475,31.1617715083414,28.6529678495268,28.7043387789815,30
583.95,35.7120300664475,31.1617715083414,28.6529678495268,28.7043387789815,30
584.0,35.6813417426089,31.1617715083414,28.6811220456564,28.7551806309122,30
584.05,35.6813417426089,31.1617715083414,28.6811220456564,28.7551806309122,30
584.1,35.6813417426089,31.1617715083414,28.6811220456564,28.7551806309122,30
584.15,35.6813417426089,31.1617715083414,28.6811220456564,28.7551806309122,30
584.2,35.6813417426089,31.1617715083414,28.6811220456564,28.7551806309122,30
584.25,35.6813417426089,31.1617715083414,28.6811220456564,28.7551806309122,30
584.3,35.6813417426089,31.1617715083414,28.6811220456564,28.7551806309122,30
584.35,35.6813417426089,31.1617715083414,28.6811220456564,28.7551806309122,30
584.4,35.6813417426089,31.1617715083414,28.6811220456564,28.7551806309122,30
584.45,35.6813417426089,31.1617715083414,28.6811220456564,28.7551806309122,30
584.5,35.7120300664475,31.2485122390177,28.765629618902,28.8044318584045,30
584.55,35.7120300664475,31.2485122390177,28.765629618902,28.8044318584045,30
584.6,35.7120300664475,31.2485122390177,28.765629618902,28.8044318584045,30
584.65,35.7120300664475,31.2485122390177,28.765629618902,28.8044318584045,30
584.7,35.7120300664475,31.2485122390177,28.765629618902,28.8044318584045,30
584.75,35.7120300664475,31.2485122390177,28.765629618902,28.8044318584045,30
584.8,35.7120300664475,31.2485122390177,28.765629618902,28.8044318584045,30
584.85,35.7120300664475,31.2485122390177,28.765629618902,28.8044318584045,30
584.9,35.7120300664475,31.2485122390177,28.765629618902,28.8044318584045,30
584.95,35.7120300664475,31.2485122390177,28.765629618902,28.8044318584045,30
585.0,35.6813417426089,31.2485122390177,28.765629618902,28.8545103619184,30
585.05,35.6813417426089,31.2485122390177,28.765629618902,28.8545103619184,30
585.1,35.6813417426089,31.2485122390177,28.765629618902,28.8545103619184,30
585.15,35.6813417426089,31.2485122390177,28.765629618902,28.8545103619184,30
585.2,35.6813417426089,31.2485122390177,28.765629618902,28.8545103619184,30
585.25,35.6813417426089,31.2485122390177,28.765629618902,28.8545103619184,30
585.3,35.6813417426089,31.2485122390177,28.765629618902,28.8545103619184,30
585.35,35.6813417426089,31.2485122390177,28.765629618902,28.8545103619184,30
585.4,35.6813417426089,31.2485122390177,28.765629618902,28.8545103619184,30
585.45,35.6813417426089,31.2485122390177,28.765629618902,28.8545103619184,30
585.5,35.6813417426089,31.2774451312146,28.8220057189589,28.9030197999649,30
585.55,35.6813417426089,31.2774451312146,28.8220057189589,28.9030197999649,30
585.6,35.6813417426089,31.2774451312146,28.8220057189589,28.9030197999649,30
585.65,35.6813417426089,31.2774451312146,28.8220057189589,28.9030197999649,30
585.7,35.6813417426089,31.2774451312146,28.8220057189589,28.9030197999649,30
585.75,35.6813417426089,31.2774451312146,28.8220057189589,28.9030197999649,30
585.8,35.6813417426089,31.2774451312146,28.8220057189589,28.9030197999649,30
585.85,35.6813417426089,31.2774451312146,28.8220057189589,28.9030197999649,30
585.9,35.6813417426089,31.2774451312146,28.8220057189589,28.9030197999649,30
585.95,35.6813417426089,31.2774451312146,28.8220057189589,28.9030197999649,30
586.0,35.6813417426089,31.335340043996,28.8784122089777,28.9508003818292,30
586.05,35.6813417426089,31.335340043996,28.8784122089777,28.9508003818292,30
586.1,35.6813417426089,31.335340043996,28.8784122089777,28.9508003818292,30
586.15,35.6813417426089,31.335340043996,28.8784122089777,28.9508003818292,30
586.2,35.6813417426089,31.335340043996,28.8784122089777,28.9508003818292,30
586.25,35.6813417426089,31.335340043996,28.8784122089777,28.9508003818292,30
586.3,35.6813417426089,31.335340043996,28.8784122089777,28.9508003818292,30
586.35,35.6813417426089,31.335340043996,28.8784122089777,28.9508003818292,30
586.4,35.6813417426089,31.335340043996,28.8784122089777,28.9508003818292,30
586.45,35.6813417426089,31.335340043996,28.8784122089777,28.9508003818292,30
586.5,35.7120300664475,31.3932739678384,28.9348492742883,28.9986647520389,30
586.55,35.7120300664475,31.3932739678384,28.9348492742883,28.9986647520389,30
586.6,35.7120300664475,31.3932739678384,28.9348492742883,28.9986647520389,30
586.65,35.7120300664475,31.3932739678384,28.9348492742883,28.9986647520389,30
586.7,35.7120300664475,31.3932739678384,28.9348492742883,28.9986647520389,30
586.75,35.7120300664475,31.3932739678384,28.9348492742883,28.9986647520389,30
586.8,35.7120300664475,31.3932739678384,28.9348492742883,28.9986647520389,30
586.85,35.7120300664475,31.3932739678384,28.9348492742883,28.9986647520389,30
586.9,35.7120300664475,31.3932739678384,28.9348492742883,28.9986647520389,30
586.95,35.7120300664475,31.3932739678384,28.9348492742883,28.9986647520389,30
587.0,35.6813417426089,31.3932739678384,28.9348492742883,29.0466094175404,30
587.05,35.6813417426089,31.3932739678384,28.9348492742883,29.0466094175404,30
587.1,35.6813417426089,31.3932739678384,28.9348492742883,29.0466094175404,30
587.15,35.6813417426089,31.3932739678384,28.9348492742883,29.0466094175404,30
587.2,35.6813417426089,31.3932739678384,28.9348492742883,29.0466094175404,30
587.25,35.6813417426089,31.3932739678384,28.9348492742883,29.0466094175404,30
587.3,35.6813417426089,31.3932739678384,28.9348492742883,29.0466094175404,30
587.35,35.6813417426089,31.3932739678384,28.9348492742883,29.0466094175404,30
587.4,35.6813417426089,31.3932739678384,28.9348492742883,29.0466094175404,30
587.45,35.6813417426089,31.3932739678384,28.9348492742883,29.0466094175404,30
587.5,35.6506674639318,31.3932739678384,28.9630793307132,29.0930495024297,30
587.55,35.6506674639318,31.3932739678384,28.9630793307132,29.0930495024297,30
587.6,35.6506674639318,31.3932739678384,28.9630793307132,29.0930495024297,30
587.65,35.6506674639318,31.3932739678384,28.9630793307132,29.0930495024297,30
587.7,35.6506674639318,31.3932739678384,28.9630793307132,29.0930495024297,30
587.75,35.6506674639318,31.3932739678384,28.9630793307132,29.0930495024297,30
587.8,35.6506674639318,31.3932739678384,28.9630793307132,29.0930495024297,30
587.85,35.6506674639318,31.3932739678384,28.9630793307132,29.0930495024297,30
587.9,35.6506674639318,31.3932739678384,28.9630793307132,29.0930495024297,30
587.95,35.6506674639318,31.3932739678384,28.9630793307132,29.0930495024297,30
588.0,35.6813417426089,31.4512471111341,29.0195626074151,29.1380335267767,30
588.05,35.6813417426089,31.4512471111341,29.0195626074151,29.1380335267767,30
588.1,35.6813417426089,31.4512471111341,29.0195626074151,29.1380335267767,30
588.15,35.6813417426089,31.4512471111341,29.0195626074151,29.1380335267767,30
588.2,35.6813417426089,31.4512471111341,29.0195626074151,29.1380335267767,30
588.25,35.6813417426089,31.4512471111341,29.0195626074151,29.1380335267767,30
588.3,35.6813417426089,31.4512471111341,29.0195626074151,29.1380335267767,30
588.35,35.6813417426089,31.4512471111341,29.0195626074151,29.1380335267767,30
588.4,35.6813417426089,31.4512471111341,29.0195626074151,29.1380335267767,30
588.45,35.6813417426089,31.4512471111341,29.0195626074151,29.1380335267767,30
588.5,35.7427324689211,31.5382808199399,29.1326224693293,29.1831905043834,30
588.55,35.7427324689211,31.5382808199399,29.1326224693293,29.1831905043834,30
588.6,35.7427324689211,31.5382808199399,29.1326224693293,29.1831905043834,30
588.65,35.7427324689211,31.5382808199399,29.1326224693293,29.1831905043834,30
588.7,35.7427324689211,31.5382808199399,29.1326224693293,29.1831905043834,30
588.75,35.7427324689211,31.5382808199399,29.1326224693293,29.1831905043834,30
588.8,35.7427324689211,31.5382808199399,29.1326224693293,29.1831905043834,30
588.85,35.7427324689211,31.5382808199399,29.1326224693293,29.1831905043834,30
588.9,35.7427324689211,31.5382808199399,29.1326224693293,29.1831905043834,30
588.95,35.7427324689211,31.5382808199399,29.1326224693293,29.1831905043834,30
589.0,35.6506674639318,31.5092596828963,29.104345781869,29.2293066021939,30
589.05,35.6506674639318,31.5092596828963,29.104345781869,29.2293066021939,30
589.1,35.6506674639318,31.5092596828963,29.104345781869,29.2293066021939,30
589.15,35.6506674639318,31.5092596828963,29.104345781869,29.2293066021939,30
589.2,35.6506674639318,31.5092596828963,29.104345781869,29.2293066021939,30
589.25,35.6506674639318,31.5092596828963,29.104345781869,29.2293066021939,30
589.3,35.6506674639318,31.5092596828963,29.104345781869,29.2293066021939,30
589.35,35.6506674639318,31.5092596828963,29.104345781869,29.2293066021939,30
589.4,35.6506674639318,31.5092596828963,29.104345781869,29.2293066021939,30
589.45,35.6506674639318,31.5092596828963,29.104345781869,29.2293066021939,30
589.5,35.6813417426089,31.5673118927639,29.1609070104719,29.2731811794463,30
589.55,35.6813417426089,31.5673118927639,29.1609070104719,29.2731811794463,30
589.6,35.6813417426089,31.5673118927639,29.1609070104719,29.2731811794463,30
589.65,35.6813417426089,31.5673118927639,29.1609070104719,29.2731811794463,30
589.7,35.6813417426089,31.5673118927639,29.1609070104719,29.2731811794463,30
589.75,35.6813417426089,31.5673118927639,29.1609070104719,29.2731811794463,30
589.8,35.6813417426089,31.5673118927639,29.1609070104719,29.2731811794463,30
589.85,35.6813417426089,31.5673118927639,29.1609070104719,29.2731811794463,30
589.9,35.6813417426089,31.5673118927639,29.1609070104719,29.2731811794463,30
589.95,35.6813417426089,31.5673118927639,29.1609070104719,29.2731811794463,30
590.0,35.6813417426089,31.5963529276715,29.1891994287559,29.3172628139078,30
590.05,35.6813417426089,31.5963529276715,29.1891994287559,29.3172628139078,30
590.1,35.6813417426089,31.5963529276715,29.1891994287559,29.3172628139078,30
590.15,35.6813417426089,31.5963529276715,29.1891994287559,29.3172628139078,30
590.2,35.6813417426089,31.5963529276715,29.1891994287559,29.3172628139078,30
590.25,35.6813417426089,31.5963529276715,29.1891994287559,29.3172628139078,30
590.3,35.6813417426089,31.5963529276715,29.1891994287559,29.3172628139078,30
590.35,35.6813417426089,31.5963529276715,29.1891994287559,29.3172628139078,30
590.4,35.6813417426089,31.5963529276715,29.1891994287559,29.3172628139078,30
590.45,35.6813417426089,31.5963529276715,29.1891994287559,29.3172628139078,30
590.5,35.6506674639318,31.5963529276715,29.2174997476691,29.3607517784608,30
590.55,35.6506674639318,31.5963529276715,29.2174997476691,29.3607517784608,30
590.6,35.6506674639318,31.5963529276715,29.2174997476691,29.3607517784608,30
590.65,35.6506674639318,31.5963529276715,29.2174997476691,29.3607517784608,30
590.7,35.6506674639318,31.5963529276715,29.2174997476691,29.3607517784608,30
590.75,35.6506674639318,31.5963529276715,29.2174997476691,29.3607517784608,30
590.8,35.6506674639318,31.5963529276715,29.2174997476691,29.3607517784608,30
590.85,35.6506674639318,31.5963529276715,29.2174997476691,29.3607517784608,30
590.9,35.6506674639318,31.5963529276715,29.2174997476691,29.3607517784608,30
590.95,35.6506674639318,31.5963529276715,29.2174997476691,29.3607517784608,30
591.0,35.6506674639318,31.6254039510059,29.2458079907281,29.4028739616114,30
591.05,35.6506674639318,31.6254039510059,29.2458079907281,29.4028739616114,30
591.1,35.6506674639318,31.6254039510059,29.2458079907281,29.4028739616114,30
591.15,35.6506674639318,31.6254039510059,29.2458079907281,29.4028739616114,30
591.2,35.6506674639318,31.6254039510059,29.2458079907281,29.4028739616114,30
591.25,35.6506674639318,31.6254039510059,29.2458079907281,29.4028739616114,30
591.3,35.6506674639318,31.6254039510059,29.2458079907281,29.4028739616114,30
591.35,35.6506674639318,31.6254039510059,29.2458079907281,29.4028739616114,30
591.4,35.6506674639318,31.6254039510059,29.2458079907281,29.4028739616114,30
591.45,35.6506674639318,31.6254039510059,29.2458079907281,29.4028739616114,30
591.5,35.6813417426089,31.6835360685264,29.3307805003777,29.4444661761599,30
591.55,35.6813417426089,31.6835360685264,29.3307805003777,29.4444661761599,30
591.6,35.6813417426089,31.6835360685264,29.3307805003777,29.4444661761599,30
591.65,35.6813417426089,31.6835360685264,29.3307805003777,29.4444661761599,30
591.7,35.6813417426089,31.6835360685264,29.3307805003777,29.4444661761599,30
591.75,35.6813417426089,31.6835360685264,29.3307805003777,29.4444661761599,30
591.8,35.6813417426089,31.6835360685264,29.3307805003777,29.4444661761599,30
591.85,35.6813417426089,31.6835360685264,29.3307805003777,29.4444661761599,30
591.9,35.6813417426089,31.6835360685264,29.3307805003777,29.4444661761599,30
591.95,35.6813417426089,31.6835360685264,29.3307805003777,29.4444661761599,30
592.0,35.6813417426089,31.6835360685264,29.3307805003777,29.4863384037146,30
592.05,35.6813417426089,31.6835360685264,29.3307805003777,29.4863384037146,30
592.1,35.6813417426089,31.6835360685264,29.3307805003777,29.4863384037146,30
592.15,35.6813417426089,31.6835360685264,29.3307805003777,29.4863384037146,30
592.2,35.6813417426089,31.6835360685264,29.3307805003777,29.4863384037146,30
592.25,35.6813417426089,31.6835360685264,29.3307805003777,29.4863384037146,30
592.3,35.6813417426089,31.6835360685264,29.3307805003777,29.4863384037146,30
592.35,35.6813417426089,31.6835360685264,29.3307805003777,29.4863384037146,30
592.4,35.6813417426089,31.6835360685264,29.3307805003777,29.4863384037146,30
592.45,35.6813417426089,31.6835360685264,29.3307805003777,29.4863384037146,30
592.5,35.7427324689211,31.7708098188828,29.4441895496913,29.5268943875501,30
592.55,35.7427324689211,31.7708098188828,29.4441895496913,29.5268943875501,30
592.6,35.7427324689211,31.7708098188828,29.4441895496913,29.5268943875501,30
592.65,35.7427324689211,31.7708098188828,29.4441895496913,29.5268943875501,30
592.7,35.7427324689211,31.7708098188828,29.4441895496913,29.5268943875501,30
592.75,35.7427324689211,31.7708098188828,29.4441895496913,29.5268943875501,30
592.8,35.7427324689211,31.7708098188828,29.4441895496913,29.5268943875501,30
592.85,35.7427324689211,31.7708098188828,29.4441895496913,29.5268943875501,30
592.9,35.7427324689211,31.7708098188828,29.4441895496913,29.5268943875501,30
592.95,35.7427324689211,31.7708098188828,29.4441895496913,29.5268943875501,30
593.0,35.7120300664475,31.7708098188828,29.4441895496913,29.5685587859026,30
593.05,35.7120300664475,31.7708098188828,29.4441895496913,29.5685587859026,30
593.1,35.7120300664475,31.7708098188828,29.4441895496913,29.5685587859026,30
593.15,35.7120300664475,31.7708098188828,29.4441895496913,29.5685587859026,30
593.2,35.7120300664475,31.7708098188828,29.4441895496913,29.5685587859026,30
593.25,35.7120300664475,31.7708098188828,29.4441895496913,29.5685587859026,30
593.3,35.7120300664475,31.7708098188828,29.4441895496913,29.5685587859026,30
593.35,35.7120300664475,31.7708098188828,29.4441895496913,29.5685587859026,30
593.4,35.7120300664475,31.7708098188828,29.4441895496913,29.5685587859026,30
593.45,35.7120300664475,31.7708098188828,29.4441895496913,29.5685587859026,30
593.5,35.7120300664475,31.799921328223,29.4725620359941,29.6089120914161,30
593.55,35.7120300664475,31.799921328223,29.4725620359941,29.6089120914161,30
593.6,35.7120300664475,31.799921328223,29.4725620359941,29.6089120914161,30
593.65,35.7120300664475,31.799921328223,29.4725620359941,29.6089120914161,30
593.7,35.7120300664475,31.799921328223,29.4725620359941,29.6089120914161,30
593.75,35.7120300664475,31.799921328223,29.4725620359941,29.6089120914161,30
593.8,35.7120300664475,31.799921328223,29.4725620359941,29.6089120914161,30
593.85,35.7120300664475,31.799921328223,29.4725620359941,29.6089120914161,30
593.9,35.7120300664475,31.799921328223,29.4725620359941,29.6089120914161,30
593.95,35.7120300664475,31.799921328223,29.4725620359941,29.6089120914161,30
594.0,35.6813417426089,31.799921328223,29.5009426594027,29.6487909516172,30
594.05,35.6813417426089,31.799921328223,29.5009426594027,29.6487909516172,30
594.1,35.6813417426089,31.799921328223,29.5009426594027,29.6487909516172,30
594.15,35.6813417426089,31.799921328223,29.5009426594027,29.6487909516172,30
594.2,35.6813417426089,31.799921328223,29.5009426594027,29.6487909516172,30
594.25,35.6813417426089,31.799921328223,29.5009426594027,29.6487909516172,30
594.3,35.6813417426089,31.799921328223,29.5009426594027,29.6487909516172,30
594.35,35.6813417426089,31.799921328223,29.5009426594027,29.6487909516172,30
594.4,35.6813417426089,31.799921328223,29.5009426594027,29.6487909516172,30
594.45,35.6813417426089,31.799921328223,29.5009426594027,29.6487909516172,30
594.5,35.6813417426089,31.8290430115152,29.5293314437268,29.6874154338258,30
594.55,35.6813417426089,31.8290430115152,29.5293314437268,29.6874154338258,30
594.6,35.6813417426089,31.8290430115152,29.5293314437268,29.6874154338258,30
594.65,35.6813417426089,31.8290430115152,29.5293314437268,29.6874154338258,30
594.7,35.6813417426089,31.8290430115152,29.5293314437268,29.6874154338258,30
594.75,35.6813417426089,31.8290430115152,29.5293314437268,29.6874154338258,30
594.8,35.6813417426089,31.8290430115152,29.5293314437268,29.6874154338258,30
594.85,35.6813417426089,31.8290430115152,29.5293314437268,29.6874154338258,30
594.9,35.6813417426089,31.8290430115152,29.5293314437268,29.6874154338258,30
594.95,35.6813417426089,31.8290430115152,29.5293314437268,29.6874154338258,30
595.0,35.6813417426089,31.8581748954252,29.5577284128069,29.7256205767135,30
595.05,35.6813417426089,31.8581748954252,29.5577284128069,29.7256205767135,30
595.1,35.6813417426089,31.8581748954252,29.5577284128069,29.7256205767135,30
595.15,35.6813417426089,31.8581748954252,29.5577284128069,29.7256205767135,30
595.2,35.6813417426089,31.8581748954252,29.5577284128069,29.7256205767135,30
595.25,35.6813417426089,31.8581748954252,29.5577284128069,29.7256205767135,30
595.3,35.6813417426089,31.8581748954252,29.5577284128069,29.7256205767135,30
595.35,35.6813417426089,31.8581748954252,29.5577284128069,29.7256205767135,30
595.4,35.6813417426089,31.8581748954252,29.5577284128069,29.7256205767135,30
595.45,35.6813417426089,31.8581748954252,29.5577284128069,29.7256205767135,30
595.5,35.7120300664475,31.9164693719678,29.642968667436,29.7634193607426,30
595.55,35.7120300664475,31.9164693719678,29.642968667436,29.7634193607426,30
595.6,35.7120300664475,31.9164693719678,29.642968667436,29.7634193607426,30
595.65,35.7120300664475,31.9164693719678,29.642968667436,29.7634193607426,30
595.7,35.7120300664475,31.9164693719678,29.642968667436,29.7634193607426,30
595.75,35.7120300664475,31.9164693719678,29.642968667436,29.7634193607426,30
595.8,35.7120300664475,31.9164693719678,29.642968667436,29.7634193607426,30
595.85,35.7120300664475,31.9164693719678,29.642968667436,29.7634193607426,30
595.9,35.7120300664475,31.9164693719678,29.642968667436,29.7634193607426,30
595.95,35.7120300664475,31.9164693719678,29.642968667436,29.7634193607426,30
596.0,35.6813417426089,31.88731700666,29.6145470007457,29.8016199261175,30
596.05,35.6813417426089,31.88731700666,29.6145470007457,29.8016199261175,30
596.1,35.6813417426089,31.88731700666,29.6145470007457,29.8016199261175,30
596.15,35.6813417426089,31.88731700666,29.6145470007457,29.8016199261175,30
596.2,35.6813417426089,31.88731700666,29.6145470007457,29.8016199261175,30
596.25,35.6813417426089,31.88731700666,29.6145470007457,29.8016199261175,30
596.3,35.6813417426089,31.88731700666,29.6145470007457,29.8016199261175,30
596.35,35.6813417426089,31.88731700666,29.6145470007457,29.8016199261175,30
596.4,35.6813417426089,31.88731700666,29.6145470007457,29.8016199261175,30
596.45,35.6813417426089,31.88731700666,29.6145470007457,29.8016199261175,30
596.5,35.6813417426089,31.9164693719678,29.6713986145454,29.8378220043011,30
596.55,35.6813417426089,31.9164693719678,29.6713986145454,29.8378220043011,30
596.6,35.6813417426089,31.9164693719678,29.6713986145454,29.8378220043011,30
596.65,35.6813417426089,31.9164693719678,29.6713986145454,29.8378220043011,30
596.7,35.6813417426089,31.9164693719678,29.6713986145454,29.8378220043011,30
596.75,35.6813417426089,31.9164693719678,29.6713986145454,29.8378220043011,30
596.8,35.6813417426089,31.9164693719678,29.6713986145454,29.8378220043011,30
596.85,35.6813417426089,31.9164693719678,29.6713986145454,29.8378220043011,30
596.9,35.6813417426089,31.9164693719678,29.6713986145454,29.8378220043011,30
596.95,35.6813417426089,31.9164693719678,29.6713986145454,29.8378220043011,30
597.0,35.6813417426089,31.9164693719678,29.6998368660658,29.8736822297877,30
597.05,35.6813417426089,31.9164693719678,29.6998368660658,29.8736822297877,30
597.1,35.6813417426089,31.9164693719678,29.6998368660658,29.8736822297877,30
597.15,35.6813417426089,31.9164693719678,29.6998368660658,29.8736822297877,30
597.2,35.6813417426089,31.9164693719678,29.6998368660658,29.8736822297877,30
597.25,35.6813417426089,31.9164693719678,29.6998368660658,29.8736822297877,30
597.3,35.6813417426089,31.9164693719678,29.6998368660658,29.8736822297877,30
597.35,35.6813417426089,31.9164693719678,29.6998368660658,29.8736822297877,30
597.4,35.6813417426089,31.9164693719678,29.6998368660658,29.8736822297877,30
597.45,35.6813417426089,31.9164693719678,29.6998368660658,29.8736822297877,30
597.5,35.7427324689211,32.003988260432,29.7852016874762,29.9084157475023,30
597.55,35.7427324689211,32.003988260432,29.7852016874762,29.9084157475023,30
597.6,35.7427324689211,32.003988260432,29.7852016874762,29.9084157475023,30
597.65,35.7427324689211,32.003988260432,29.7852016874762,29.9084157475023,30
597.7,35.7427324689211,32.003988260432,29.7852016874762,29.9084157475023,30
597.75,35.7427324689211,32.003988260432,29.7852016874762,29.9084157475023,30
597.8,35.7427324689211,32.003988260432,29.7852016874762,29.9084157475023,30
597.85,35.7427324689211,32.003988260432,29.7852016874762,29.9084157475023,30
597.9,35.7427324689211,32.003988260432,29.7852016874762,29.9084157475023,30
597.95,35.7427324689211,32.003988260432,29.7852016874762,29.9084157475023,30
598.0,35.7120300664475,32.003988260432,29.7852016874762,29.9444476217788,30
598.05,35.7120300664475,32.003988260432,29.7852016874762,29.9444476217788,30
598.1,35.7120300664475,32.003988260432,29.7852016874762,29.9444476217788,30
598.15,35.7120300664475,32.003988260432,29.7852016874762,29.9444476217788,30
598.2,35.7120300664475,32.003988260432,29.7852016874762,29.9444476217788,30
598.25,35.7120300664475,32.003988260432,29.7852016874762,29.9444476217788,30
598.3,35.7120300664475,32.003988260432,29.7852016874762,29.9444476217788,30
598.35,35.7120300664475,32.003988260432,29.7852016874762,29.9444476217788,30
598.4,35.7120300664475,32.003988260432,29.7852016874762,29.9444476217788,30
598.45,35.7120300664475,32.003988260432,29.7852016874762,29.9444476217788,30
598.5,35.7427324689211,32.0331819103428,29.8421535317164,29.9793453638894,30
598.55,35.7427324689211,32.0331819103428,29.8421535317164,29.9793453638894,30
598.6,35.7427324689211,32.0331819103428,29.8421535317164,29.9793453638894,30
598.65,35.7427324689211,32.0331819103428,29.8421535317164,29.9793453638894,30
598.7,35.7427324689211,32.0331819103428,29.8421535317164,29.9793453638894,30
598.75,35.7427324689211,32.0331819103428,29.8421535317164,29.9793453638894,30
598.8,35.7427324689211,32.0331819103428,29.8421535317164,29.9793453638894,30
598.85,35.7427324689211,32.0331819103428,29.8421535317164,29.9793453638894,30
598.9,35.7427324689211,32.0331819103428,29.8421535317164,29.9793453638894,30
598.95,35.7427324689211,32.0331819103428,29.8421535317164,29.9793453638894,30
599.0,35.6813417426089,32.003988260432,29.8136733971787,30.0139426055477,30
599.05,35.6813417426089,32.003988260432,29.8136733971787,30.0139426055477,30
599.1,35.6813417426089,32.003988260432,29.8136733971787,30.0139426055477,30
599.15,35.6813417426089,32.003988260432,29.8136733971787,30.0139426055477,30
599.2,35.6813417426089,32.003988260432,29.8136733971787,30.0139426055477,30
599.25,35.6813417426089,32.003988260432,29.8136733971787,30.0139426055477,30
599.3,35.6813417426089,32.003988260432,29.8136733971787,30.0139426055477,30
599.35,35.6813417426089,32.003988260432,29.8136733971787,30.0139426055477,30
599.4,35.6813417426089,32.003988260432,29.8136733971787,30.0139426055477,30
599.45,35.6813417426089,32.003988260432,29.8136733971787,30.0139426055477,30
599.5,35.6813417426089,32.0331819103428,29.870642115268,30.0466552937237,30
599.55,35.6813417426089,32.0331819103428,29.870642115268,30.0466552937237,30
599.6,35.6813417426089,32.0331819103428,29.870642115268,30.0466552937237,30
599.65,35.6813417426089,32.0331819103428,29.870642115268,30.0466552937237,30
599.7,35.6813417426089,32.0331819103428,29.870642115268,30.0466552937237,30
599.75,35.6813417426089,32.0331819103428,29.870642115268,30.0466552937237,30
599.8,35.6813417426089,32.0331819103428,29.870642115268,30.0466552937237,30
599.85,35.6813417426089,32.0331819103428,29.870642115268,30.0466552937237,30
599.9,35.6813417426089,32.0331819103428,29.870642115268,30.0466552937237,30
599.95,35.6813417426089,32.0331819103428,29.870642115268,30.0466552937237,30
600.0,35.7427324689211,32.1208252987339,29.927644726284,30.0791379326869,30
600.05,35.7427324689211,32.1208252987339,29.927644726284,30.0791379326869,30
600.1,35.7427324689211,32.1208252987339,29.927644726284,30.0791379326869,30
600.15,35.7427324689211,32.1208252987339,29.927644726284,30.0791379326869,30
600.2,35.7427324689211,32.1208252987339,29.927644726284,30.0791379326869,30
600.25,35.7427324689211,32.1208252987339,29.927644726284,30.0791379326869,30
600.3,35.7427324689211,32.1208252987339,29.927644726284,30.0791379326869,30
600.35,35.7427324689211,32.1208252987339,29.927644726284,30.0791379326869,30
600.4,35.7427324689211,32.1208252987339,29.927644726284,30.0791379326869,30
600.45,35.7427324689211,32.1208252987339,29.927644726284,30.0791379326869,30
600.5,35.7120300664475,32.0916004024739,29.9561588022635,30.112992053783,30
600.55,35.7120300664475,32.0916004024739,29.9561588022635,30.112992053783,30
600.6,35.7120300664475,32.0916004024739,29.9561588022635,30.112992053783,30
600.65,35.7120300664475,32.0916004024739,29.9561588022635,30.112992053783,30
600.7,35.7120300664475,32.0916004024739,29.9561588022635,30.112992053783,30
600.75,35.7120300664475,32.0916004024739,29.9561588022635,30.112992053783,30
600.8,35.7120300664475,32.0916004024739,29.9561588022635,30.112992053783,30
600.85,35.7120300664475,32.0916004024739,29.9561588022635,30.112992053783,30
600.9,35.7120300664475,32.0916004024739,29.9561588022635,30.112992053783,30
600.95,35.7120300664475,32.0916004024739,29.9561588022635,30.112992053783,30
601.0,35.6813417426089,32.0916004024739,29.9561588022635,30.1449824032179,30
601.05,35.6813417426089,32.0916004024739,29.9561588022635,30.1449824032179,30
601.1,35.6813417426089,32.0916004024739,29.9561588022635,30.1449824032179,30
601.15,35.6813417426089,32.0916004024739,29.9561588022635,30.1449824032179,30
601.2,35.6813417426089,32.0916004024739,29.9561588022635,30.1449824032179,30
601.25,35.6813417426089,32.0916004024739,29.9561588022635,30.1449824032179,30
601.3,35.6813417426089,32.0916004024739,29.9561588022635,30.1449824032179,30
601.35,35.6813417426089,32.0916004024739,29.9561588022635,30.1449824032179,30
601.4,35.6813417426089,32.0916004024739,29.9561588022635,30.1449824032179,30
601.45,35.6813417426089,32.0916004024739,29.9561588022635,30.1449824032179,30
601.5,35.6813417426089,32.1208252987339,29.984681424287,30.1759675590105,30
601.55,35.6813417426089,32.1208252987339,29.984681424287,30.1759675590105,30
601.6,35.6813417426089,32.1208252987339,29.984681424287,30.1759675590105,30
601.65,35.6813417426089,32.1208252987339,29.984681424287,30.1759675590105,30
601.7,35.6813417426089,32.1208252987339,29.984681424287,30.1759675590105,30
601.75,35.6813417426089,32.1208252987339,29.984681424287,30.1759675590105,30
601.8,35.6813417426089,32.1208252987339,29.984681424287,30.1759675590105,30
601.85,35.6813417426089,32.1208252987339,29.984681424287,30.1759675590105,30
601.9,35.6813417426089,32.1208252987339,29.984681424287,30.1759675590105,30
601.95,35.6813417426089,32.1208252987339,29.984681424287,30.1759675590105,30
602.0,35.6813417426089,32.1208252987339,29.984681424287,30.2067771129259,30
602.05,35.6813417426089,32.1208252987339,29.984681424287,30.2067771129259,30
602.1,35.6813417426089,32.1208252987339,29.984681424287,30.2067771129259,30
602.15,35.6813417426089,32.1208252987339,29.984681424287,30.2067771129259,30
602.2,35.6813417426089,32.1208252987339,29.984681424287,30.2067771129259,30
602.25,35.6813417426089,32.1208252987339,29.984681424287,30.2067771129259,30
602.3,35.6813417426089,32.1208252987339,29.984681424287,30.2067771129259,30
602.35,35.6813417426089,32.1208252987339,29.984681424287,30.2067771129259,30
602.4,35.6813417426089,32.1208252987339,29.984681424287,30.2067771129259,30
602.45,35.6813417426089,32.1208252987339,29.984681424287,30.2067771129259,30
602.5,35.7120300664475,32.1500606645535,30.0417524038476,30.2366187260169,30
602.55,35.7120300664475,32.1500606645535,30.0417524038476,30.2366187260169,30
602.6,35.7120300664475,32.1500606645535,30.0417524038476,30.2366187260169,30
602.65,35.7120300664475,32.1500606645535,30.0417524038476,30.2366187260169,30
602.7,35.7120300664475,32.1500606645535,30.0417524038476,30.2366187260169,30
602.75,35.7120300664475,32.1500606645535,30.0417524038476,30.2366187260169,30
602.8,35.7120300664475,32.1500606645535,30.0417524038476,30.2366187260169,30
602.85,35.7120300664475,32.1500606645535,30.0417524038476,30.2366187260169,30
602.9,35.7120300664475,32.1500606645535,30.0417524038476,30.2366187260169,30
602.95,35.7120300664475,32.1500606645535,30.0417524038476,30.2366187260169,30
603.0,35.7120300664475,32.1793065270588,30.0988578600504,30.2663222235621,30
603.05,35.7120300664475,32.1793065270588,30.0988578600504,30.2663222235621,30
603.1,35.7120300664475,32.1793065270588,30.0988578600504,30.2663222235621,30
603.15,35.7120300664475,32.1793065270588,30.0988578600504,30.2663222235621,30
603.2,35.7120300664475,32.1793065270588,30.0988578600504,30.2663222235621,30
603.25,35.7120300664475,32.1793065270588,30.0988578600504,30.2663222235621,30
603.3,35.7120300664475,32.1793065270588,30.0988578600504,30.2663222235621,30
603.35,35.7120300664475,32.1793065270588,30.0988578600504,30.2663222235621,30
603.4,35.7120300664475,32.1793065270588,30.0988578600504,30.2663222235621,30
603.45,35.7120300664475,32.1793065270588,30.0988578600504,30.2663222235621,30
603.5,35.6813417426089,32.1500606645535,30.0703008101557,30.2958918425886,30
603.55,35.6813417426089,32.1500606645535,30.0703008101557,30.2958918425886,30
603.6,35.6813417426089,32.1500606645535,30.0703008101557,30.2958918425886,30
603.65,35.6813417426089,32.1500606645535,30.0703008101557,30.2958918425886,30
603.7,35.6813417426089,32.1500606645535,30.0703008101557,30.2958918425886,30
603.75,35.6813417426089,32.1500606645535,30.0703008101557,30.2958918425886,30
603.8,35.6813417426089,32.1500606645535,30.0703008101557,30.2958918425886,30
603.85,35.6813417426089,32.1500606645535,30.0703008101557,30.2958918425886,30
603.9,35.6813417426089,32.1500606645535,30.0703008101557,30.2958918425886,30
603.95,35.6813417426089,32.1500606645535,30.0703008101557,30.2958918425886,30
604.0,35.7427324689211,32.2085629134182,30.1559979884982,30.3237351482292,30
604.05,35.7427324689211,32.2085629134182,30.1559979884982,30.3237351482292,30
604.1,35.7427324689211,32.2085629134182,30.1559979884982,30.3237351482292,30
604.15,35.7427324689211,32.2085629134182,30.1559979884982,30.3237351482292,30
604.2,35.7427324689211,32.2085629134182,30.1559979884982,30.3237351482292,30
604.25,35.7427324689211,32.2085629134182,30.1559979884982,30.3237351482292,30
604.3,35.7427324689211,32.2085629134182,30.1559979884982,30.3237351482292,30
604.35,35.7427324689211,32.2085629134182,30.1559979884982,30.3237351482292,30
604.4,35.7427324689211,32.2085629134182,30.1559979884982,30.3237351482292,30
604.45,35.7427324689211,32.2085629134182,30.1559979884982,30.3237351482292,30
604.5,35.7427324689211,32.2378298508432,30.2131729853164,30.3523038357071,30
604.55,35.7427324689211,32.2378298508432,30.2131729853164,30.3523038357071,30
604.6,35.7427324689211,32.2378298508432,30.2131729853164,30.3523038357071,30
604.65,35.7427324689211,32.2378298508432,30.2131729853164,30.3523038357071,30
604.7,35.7427324689211,32.2378298508432,30.2131729853164,30.3523038357071,30
604.75,35.7427324689211,32.2378298508432,30.2131729853164,30.3523038357071,30
604.8,35.7427324689211,32.2378298508432,30.2131729853164,30.3523038357071,30
604.85,35.7427324689211,32.2378298508432,30.2131729853164,30.3523038357071,30
604.9,35.7427324689211,32.2378298508432,30.2131729853164,30.3523038357071,30
604.95,35.7427324689211,32.2378298508432,30.2131729853164,30.3523038357071,30
605.0,35.6813417426089,32.2085629134182,30.1559979884982,30.3807754576477,30
605.05,35.6813417426089,32.2085629134182,30.1559979884982,30.3807754576477,30
605.1,35.6813417426089,32.2085629134182,30.1559979884982,30.3807754576477,30
605.15,35.6813417426089,32.2085629134182,30.1559979884982,30.3807754576477,30
605.2,35.6813417426089,32.2085629134182,30.1559979884982,30.3807754576477,30
605.25,35.6813417426089,32.2085629134182,30.1559979884982,30.3807754576477,30
605.3,35.6813417426089,32.2085629134182,30.1559979884982,30.3807754576477,30
605.35,35.6813417426089,32.2085629134182,30.1559979884982,30.3807754576477,30
605.4,35.6813417426089,32.2085629134182,30.1559979884982,30.3807754576477,30
605.45,35.6813417426089,32.2085629134182,30.1559979884982,30.3807754576477,30
605.5,35.7120300664475,32.2085629134182,30.1845811160826,30.4075546071416,30
605.55,35.7120300664475,32.2085629134182,30.1845811160826,30.4075546071416,30
605.6,35.7120300664475,32.2085629134182,30.1845811160826,30.4075546071416,30
605.65,35.7120300664475,32.2085629134182,30.1845811160826,30.4075546071416,30
605.7,35.7120300664475,32.2085629134182,30.1845811160826,30.4075546071416,30
605.75,35.7120300664475,32.2085629134182,30.1845811160826,30.4075546071416,30
605.8,35.7120300664475,32.2085629134182,30.1845811160826,30.4075546071416,30
605.85,35.7120300664475,32.2085629134182,30.1845811160826,30.4075546071416,30
605.9,35.7120300664475,32.2085629134182,30.1845811160826,30.4075546071416,30
605.95,35.7120300664475,32.2085629134182,30.1845811160826,30.4075546071416,30
606.0,35.6813417426089,32.2085629134182,30.1845811160826,30.433495898534,30
606.05,35.6813417426089,32.2085629134182,30.1845811160826,30.433495898534,30
606.1,35.6813417426089,32.2085629134182,30.1845811160826,30.433495898534,30
606.15,35.6813417426089,32.2085629134182,30.1845811160826,30.433495898534,30
606.2,35.6813417426089,32.2085629134182,30.1845811160826,30.433495898534,30
606.25,35.6813417426089,32.2085629134182,30.1845811160826,30.433495898534,30
606.3,35.6813417426089,32.2085629134182,30.1845811160826,30.433495898534,30
606.35,35.6813417426089,32.2085629134182,30.1845811160826,30.433495898534,30
606.4,35.6813417426089,32.2085629134182,30.1845811160826,30.433495898534,30
606.45,35.6813417426089,32.2085629134182,30.1845811160826,30.433495898534,30
606.5,35.6813417426089,32.2085629134182,30.2131729853164,30.4586269472703,30
606.55,35.6813417426089,32.2085629134182,30.2131729853164,30.4586269472703,30
606.6,35.6813417426089,32.2085629134182,30.2131729853164,30.4586269472703,30
606.65,35.6813417426089,32.2085629134182,30.2131729853164,30.4586269472703,30
606.7,35.6813417426089,32.2085629134182,30.2131729853164,30.4586269472703,30
606.75,35.6813417426089,32.2085629134182,30.2131729853164,30.4586269472703,30
606.8,35.6813417426089,32.2085629134182,30.2131729853164,30.4586269472703,30
606.85,35.6813417426089,32.2085629134182,30.2131729853164,30.4586269472703,30
606.9,35.6813417426089,32.2085629134182,30.2131729853164,30.4586269472703,30
606.95,35.6813417426089,32.2085629134182,30.2131729853164,30.4586269472703,30
607.0,35.6200071970076,32.1793065270588,30.1845811160826,30.4829738582096,30
607.05,35.6200071970076,32.1793065270588,30.1845811160826,30.4829738582096,30
607.1,35.6200071970076,32.1793065270588,30.1845811160826,30.4829738582096,30
607.15,35.6200071970076,32.1793065270588,30.1845811160826,30.4829738582096,30
607.2,35.6200071970076,32.1793065270588,30.1845811160826,30.4829738582096,30
607.25,35.6200071970076,32.1793065270588,30.1845811160826,30.4829738582096,30
607.3,35.6200071970076,32.1793065270588,30.1845811160826,30.4829738582096,30
607.35,35.6200071970076,32.1793065270588,30.1845811160826,30.4829738582096,30
607.4,35.6200071970076,32.1793065270588,30.1845811160826,30.4829738582096,30
607.45,35.6200071970076,32.1793065270588,30.1845811160826,30.4829738582096,30
607.5,35.7120300664475,32.2671073665886,30.299001289059,30.5057634356822,30
607.55,35.7120300664475,32.2671073665886,30.299001289059,30.5057634356822,30
607.6,35.7120300664475,32.2671073665886,30.299001289059,30.5057634356822,30
607.65,35.7120300664475,32.2671073665886,30.299001289059,30.5057634356822,30
607.7,35.7120300664475,32.2671073665886,30.299001289059,30.5057634356822,30
607.75,35.7120300664475,32.2671073665886,30.299001289059,30.5057634356822,30
607.8,35.7120300664475,32.2671073665886,30.299001289059,30.5057634356822,30
607.85,35.7120300664475,32.2671073665886,30.299001289059,30.5057634356822,30
607.9,35.7120300664475,32.2671073665886,30.299001289059,30.5057634356822,30
607.95,35.7120300664475,32.2671073665886,30.299001289059,30.5057634356822,30
608.0,35.7120300664475,32.2671073665886,30.3276283712019,30.530240972945,30
608.05,35.7120300664475,32.2671073665886,30.3276283712019,30.530240972945,30
608.1,35.7120300664475,32.2671073665886,30.3276283712019,30.530240972945,30
608.15,35.7120300664475,32.2671073665886,30.3276283712019,30.530240972945,30
608.2,35.7120300664475,32.2671073665886,30.3276283712019,30.530240972945,30
608.25,35.7120300664475,32.2671073665886,30.3276283712019,30.530240972945,30
608.3,35.7120300664475,32.2671073665886,30.3276283712019,30.530240972945,30
608.35,35.7120300664475,32.2671073665886,30.3276283712019,30.530240972945,30
608.4,35.7120300664475,32.2671073665886,30.3276283712019,30.530240972945,30
608.45,35.7120300664475,32.2671073665886,30.3276283712019,30.530240972945,30
608.5,35.6813417426089,32.2671073665886,30.299001289059,30.5539544737352,30
608.55,35.6813417426089,32.2671073665886,30.299001289059,30.5539544737352,30
608.6,35.6813417426089,32.2671073665886,30.299001289059,30.5539544737352,30
608.65,35.6813417426089,32.2671073665886,30.299001289059,30.5539544737352,30
608.7,35.6813417426089,32.2671073665886,30.299001289059,30.5539544737352,30
608.75,35.6813417426089,32.2671073665886,30.299001289059,30.5539544737352,30
608.8,35.6813417426089,32.2671073665886,30.299001289059,30.5539544737352,30
608.85,35.6813417426089,32.2671073665886,30.299001289059,30.5539544737352,30
608.9,35.6813417426089,32.2671073665886,30.299001289059,30.5539544737352,30
608.95,35.6813417426089,32.2671073665886,30.299001289059,30.5539544737352,30
609.0,35.6813417426089,32.2671073665886,30.3276283712019,30.5769285031251,30
609.05,35.6813417426089,32.2671073665886,30.3276283712019,30.5769285031251,30
609.1,35.6813417426089,32.2671073665886,30.3276283712019,30.5769285031251,30
609.15,35.6813417426089,32.2671073665886,30.3276283712019,30.5769285031251,30
609.2,35.6813417426089,32.2671073665886,30.3276283712019,30.5769285031251,30
609.25,35.6813417426089,32.2671073665886,30.3276283712019,30.5769285031251,30
609.3,35.6813417426089,32.2671073665886,30.3276283712019,30.5769285031251,30
609.35,35.6813417426089,32.2671073665886,30.3276283712019,30.5769285031251,30
609.4,35.6813417426089,32.2671073665886,30.3276283712019,30.5769285031251,30
609.45,35.6813417426089,32.2671073665886,30.3276283712019,30.5769285031251,30
609.5,35.6506674639318,32.2671073665886,30.3276283712019,30.5991868142021,30
609.55,35.6506674639318,32.2671073665886,30.3276283712019,30.5991868142021,30
609.6,35.6506674639318,32.2671073665886,30.3276283712019,30.5991868142021,30
609.65,35.6506674639318,32.2671073665886,30.3276283712019,30.5991868142021,30
609.7,35.6506674639318,32.2671073665886,30.3276283712019,30.5991868142021,30
609.75,35.6506674639318,32.2671073665886,30.3276283712019,30.5991868142021,30
609.8,35.6506674639318,32.2671073665886,30.3276283712019,30.5991868142021,30
609.85,35.6506674639318,32.2671073665886,30.3276283712019,30.5991868142021,30
609.9,35.6506674639318,32.2671073665886,30.3276283712019,30.5991868142021,30
609.95,35.6506674639318,32.2671073665886,30.3276283712019,30.5991868142021,30
610.0,35.6813417426089,32.2963954879518,30.384909155169,30.6207523565966,30
610.05,35.6813417426089,32.2963954879518,30.384909155169,30.6207523565966,30
610.1,35.6813417426089,32.2963954879518,30.384909155169,30.6207523565966,30
610.15,35.6813417426089,32.2963954879518,30.384909155169,30.6207523565966,30
610.2,35.6813417426089,32.2963954879518,30.384909155169,30.6207523565966,30
610.25,35.6813417426089,32.2963954879518,30.384909155169,30.6207523565966,30
610.3,35.6813417426089,32.2963954879518,30.384909155169,30.6207523565966,30
610.35,35.6813417426089,32.2963954879518,30.384909155169,30.6207523565966,30
610.4,35.6813417426089,32.2963954879518,30.384909155169,30.6207523565966,30
610.45,35.6813417426089,32.2963954879518,30.384909155169,30.6207523565966,30
610.5,35.6813417426089,32.2963954879518,30.4135629065573,30.6424466058966,30
610.55,35.6813417426089,32.2963954879518,30.4135629065573,30.6424466058966,30
610.6,35.6813417426089,32.2963954879518,30.4135629065573,30.6424466058966,30
610.65,35.6813417426089,32.2963954879518,30.4135629065573,30.6424466058966,30
610.7,35.6813417426089,32.2963954879518,30.4135629065573,30.6424466058966,30
610.75,35.6813417426089,32.2963954879518,30.4135629065573,30.6424466058966,30
610.8,35.6813417426089,32.2963954879518,30.4135629065573,30.6424466058966,30
610.85,35.6813417426089,32.2963954879518,30.4135629065573,30.6424466058966,30
610.9,35.6813417426089,32.2963954879518,30.4135629065573,30.6424466058966,30
610.95,35.6813417426089,32.2963954879518,30.4135629065573,30.6424466058966,30
611.0,35.6506674639318,32.2671073665886,30.4135629065573,30.6634659156978,30
611.05,35.6506674639318,32.2671073665886,30.4135629065573,30.6634659156978,30
611.1,35.6506674639318,32.2671073665886,30.4135629065573,30.6634659156978,30
611.15,35.6506674639318,32.2671073665886,30.4135629065573,30.6634659156978,30
611.2,35.6506674639318,32.2671073665886,30.4135629065573,30.6634659156978,30
611.25,35.6506674639318,32.2671073665886,30.4135629065573,30.6634659156978,30
611.3,35.6506674639318,32.2671073665886,30.4135629065573,30.6634659156978,30
611.35,35.6506674639318,32.2671073665886,30.4135629065573,30.6634659156978,30
611.4,35.6506674639318,32.2671073665886,30.4135629065573,30.6634659156978,30
611.45,35.6506674639318,32.2671073665886,30.4135629065573,30.6634659156978,30
611.5,35.6200071970076,32.2378298508432,30.384909155169,30.6830331916071,30
611.55,35.6200071970076,32.2378298508432,30.384909155169,30.6830331916071,30
611.6,35.6200071970076,32.2378298508432,30.384909155169,30.6830331916071,30
611.65,35.6200071970076,32.2378298508432,30.384909155169,30.6830331916071,30
611.7,35.6200071970076,32.2378298508432,30.384909155169,30.6830331916071,30
611.75,35.6200071970076,32.2378298508432,30.384909155169,30.6830331916071,30
611.8,35.6200071970076,32.2378298508432,30.384909155169,30.6830331916071,30
611.85,35.6200071970076,32.2378298508432,30.384909155169,30.6830331916071,30
611.9,35.6200071970076,32.2378298508432,30.384909155169,30.6830331916071,30
611.95,35.6200071970076,32.2378298508432,30.384909155169,30.6830331916071,30
612.0,35.7120300664475,32.3256942422743,30.4708972523077,30.7011965637751,30
612.05,35.7120300664475,32.3256942422743,30.4708972523077,30.7011965637751,30
612.1,35.7120300664475,32.3256942422743,30.4708972523077,30.7011965637751,30
612.15,35.7120300664475,32.3256942422743,30.4708972523077,30.7011965637751,30
612.2,35.7120300664475,32.3256942422743,30.4708972523077,30.7011965637751,30
612.25,35.7120300664475,32.3256942422743,30.4708972523077,30.7011965637751,30
612.3,35.7120300664475,32.3256942422743,30.4708972523077,30.7011965637751,30
612.35,35.7120300664475,32.3256942422743,30.4708972523077,30.7011965637751,30
612.4,35.7120300664475,32.3256942422743,30.4708972523077,30.7011965637751,30
612.45,35.7120300664475,32.3256942422743,30.4708972523077,30.7011965637751,30
612.5,35.7427324689211,32.3550036569405,30.5282675546409,30.7211990880412,30
612.55,35.7427324689211,32.3550036569405,30.5282675546409,30.7211990880412,30
612.6,35.7427324689211,32.3550036569405,30.5282675546409,30.7211990880412,30
612.65,35.7427324689211,32.3550036569405,30.5282675546409,30.7211990880412,30
612.7,35.7427324689211,32.3550036569405,30.5282675546409,30.7211990880412,30
612.75,35.7427324689211,32.3550036569405,30.5282675546409,30.7211990880412,30
612.8,35.7427324689211,32.3550036569405,30.5282675546409,30.7211990880412,30
612.85,35.7427324689211,32.3550036569405,30.5282675546409,30.7211990880412,30
612.9,35.7427324689211,32.3550036569405,30.5282675546409,30.7211990880412,30
612.95,35.7427324689211,32.3550036569405,30.5282675546409,30.7211990880412,30
613.0,35.7120300664475,32.3550036569405,30.5282675546409,30.7413818331201,30
613.05,35.7120300664475,32.3550036569405,30.5282675546409,30.7413818331201,30
613.1,35.7120300664475,32.3550036569405,30.5282675546409,30.7413818331201,30
613.15,35.7120300664475,32.3550036569405,30.5282675546409,30.7413818331201,30
613.2,35.7120300664475,32.3550036569405,30.5282675546409,30.7413818331201,30
613.25,35.7120300664475,32.3550036569405,30.5282675546409,30.7413818331201,30
613.3,35.7120300664475,32.3550036569405,30.5282675546409,30.7413818331201,30
613.35,35.7120300664475,32.3550036569405,30.5282675546409,30.7413818331201,30
613.4,35.7120300664475,32.3550036569405,30.5282675546409,30.7413818331201,30
613.45,35.7120300664475,32.3550036569405,30.5282675546409,30.7413818331201,30
613.5,35.6506674639318,32.2671073665886,30.4708972523077,30.7609382455854,30
613.55,35.6506674639318,32.2671073665886,30.4708972523077,30.7609382455854,30
613.6,35.6506674639318,32.2671073665886,30.4708972523077,30.7609382455854,30
613.65,35.6506674639318,32.2671073665886,30.4708972523077,30.7609382455854,30
613.7,35.6506674639318,32.2671073665886,30.4708972523077,30.7609382455854,30
613.75,35.6506674639318,32.2671073665886,30.4708972523077,30.7609382455854,30
613.8,35.6506674639318,32.2671073665886,30.4708972523077,30.7609382455854,30
613.85,35.6506674639318,32.2671073665886,30.4708972523077,30.7609382455854,30
613.9,35.6506674639318,32.2671073665886,30.4708972523077,30.7609382455854,30
613.95,35.6506674639318,32.2671073665886,30.4708972523077,30.7609382455854,30
614.0,35.7120300664475,32.3550036569405,30.5282675546409,30.7774901806575,30
614.05,35.7120300664475,32.3550036569405,30.5282675546409,30.7774901806575,30
614.1,35.7120300664475,32.3550036569405,30.5282675546409,30.7774901806575,30
614.15,35.7120300664475,32.3550036569405,30.5282675546409,30.7774901806575,30
614.2,35.7120300664475,32.3550036569405,30.5282675546409,30.7774901806575,30
614.25,35.7120300664475,32.3550036569405,30.5282675546409,30.7774901806575,30
614.3,35.7120300664475,32.3550036569405,30.5282675546409,30.7774901806575,30
614.35,35.7120300664475,32.3550036569405,30.5282675546409,30.7774901806575,30
614.4,35.7120300664475,32.3550036569405,30.5282675546409,30.7774901806575,30
614.45,35.7120300664475,32.3550036569405,30.5282675546409,30.7774901806575,30
614.5,35.7120300664475,32.3550036569405,30.5569662518864,30.795934172978,30
614.55,35.7120300664475,32.3550036569405,30.5569662518864,30.795934172978,30
614.6,35.7120300664475,32.3550036569405,30.5569662518864,30.795934172978,30
614.65,35.7120300664475,32.3550036569405,30.5569662518864,30.795934172978,30
614.7,35.7120300664475,32.3550036569405,30.5569662518864,30.795934172978,30
614.75,35.7120300664475,32.3550036569405,30.5569662518864,30.795934172978,30
614.8,35.7120300664475,32.3550036569405,30.5569662518864,30.795934172978,30
614.85,35.7120300664475,32.3550036569405,30.5569662518864,30.795934172978,30
614.9,35.7120300664475,32.3550036569405,30.5569662518864,30.795934172978,30
614.95,35.7120300664475,32.3550036569405,30.5569662518864,30.795934172978,30
615.0,35.7120300664475,32.3550036569405,30.5856740131792,30.8138081992548,30
615.05,35.7120300664475,32.3550036569405,30.5856740131792,30.8138081992548,30
615.1,35.7120300664475,32.3550036569405,30.5856740131792,30.8138081992548,30
615.15,35.7120300664475,32.3550036569405,30.5856740131792,30.8138081992548,30
615.2,35.7120300664475,32.3550036569405,30.5856740131792,30.8138081992548,30
615.25,35.7120300664475,32.3550036569405,30.5856740131792,30.8138081992548,30
615.3,35.7120300664475,32.3550036569405,30.5856740131792,30.8138081992548,30
615.35,35.7120300664475,32.3550036569405,30.5856740131792,30.8138081992548,30
615.4,35.7120300664475,32.3550036569405,30.5856740131792,30.8138081992548,30
615.45,35.7120300664475,32.3550036569405,30.5856740131792,30.8138081992548,30
615.5,35.7120300664475,32.3550036569405,30.6143908635585,30.8311309335994,30
615.55,35.7120300664475,32.3550036569405,30.6143908635585,30.8311309335994,30
615.6,35.7120300664475,32.3550036569405,30.6143908635585,30.8311309335994,30
615.65,35.7120300664475,32.3550036569405,30.6143908635585,30.8311309335994,30
615.7,35.7120300664475,32.3550036569405,30.6143908635585,30.8311309335994,30
615.75,35.7120300664475,32.3550036569405,30.6143908635585,30.8311309335994,30
615.8,35.7120300664475,32.3550036569405,30.6143908635585,30.8311309335994,30
615.85,35.7120300664475,32.3550036569405,30.6143908635585,30.8311309335994,30
615.9,35.7120300664475,32.3550036569405,30.6143908635585,30.8311309335994,30
615.95,35.7120300664475,32.3550036569405,30.6143908635585,30.8311309335994,30
616.0,35.7427324689211,32.4136545770617,30.6431168280988,30.8479204204934,30
616.05,35.7427324689211,32.4136545770617,30.6431168280988,30.8479204204934,30
616.1,35.7427324689211,32.4136545770617,30.6431168280988,30.8479204204934,30
616.15,35.7427324689211,32.4136545770617,30.6431168280988,30.8479204204934,30
616.2,35.7427324689211,32.4136545770617,30.6431168280988,30.8479204204934,30
616.25,35.7427324689211,32.4136545770617,30.6431168280988,30.8479204204934,30
616.3,35.7427324689211,32.4136545770617,30.6431168280988,30.8479204204934,30
616.35,35.7427324689211,32.4136545770617,30.6431168280988,30.8479204204934,30
616.4,35.7427324689211,32.4136545770617,30.6431168280988,30.8479204204934,30
616.45,35.7427324689211,32.4136545770617,30.6431168280988,30.8479204204934,30
616.5,35.6506674639318,32.3256942422743,30.5856740131792,30.8657941032858,30
616.55,35.6506674639318,32.3256942422743,30.5856740131792,30.8657941032858,30
616.6,35.6506674639318,32.3256942422743,30.5856740131792,30.8657941032858,30
616.65,35.6506674639318,32.3256942422743,30.5856740131792,30.8657941032858,30
616.7,35.6506674639318,32.3256942422743,30.5856740131792,30.8657941032858,30
616.75,35.6506674639318,32.3256942422743,30.5856740131792,30.8657941032858,30
616.8,35.6506674639318,32.3256942422743,30.5856740131792,30.8657941032858,30
616.85,35.6506674639318,32.3256942422743,30.5856740131792,30.8657941032858,30
616.9,35.6506674639318,32.3256942422743,30.5856740131792,30.8657941032858,30
616.95,35.6506674639318,32.3256942422743,30.5856740131792,30.8657941032858,30
617.0,35.7120300664475,32.3550036569405,30.6431168280988,30.8807143319906,30
617.05,35.7120300664475,32.3550036569405,30.6431168280988,30.8807143319906,30
617.1,35.7120300664475,32.3550036569405,30.6431168280988,30.8807143319906,30
617.15,35.7120300664475,32.3550036569405,30.6431168280988,30.8807143319906,30
617.2,35.7120300664475,32.3550036569405,30.6431168280988,30.8807143319906,30
617.25,35.7120300664475,32.3550036569405,30.6431168280988,30.8807143319906,30
617.3,35.7120300664475,32.3550036569405,30.6431168280988,30.8807143319906,30
617.35,35.7120300664475,32.3550036569405,30.6431168280988,30.8807143319906,30
617.4,35.7120300664475,32.3550036569405,30.6431168280988,30.8807143319906,30
617.45,35.7120300664475,32.3550036569405,30.6431168280988,30.8807143319906,30
617.5,35.7120300664475,32.3550036569405,30.6431168280988,30.8959794553412,30
617.55,35.7120300664475,32.3550036569405,30.6431168280988,30.8959794553412,30
617.6,35.7120300664475,32.3550036569405,30.6431168280988,30.8959794553412,30
617.65,35.7120300664475,32.3550036569405,30.6431168280988,30.8959794553412,30
617.7,35.7120300664475,32.3550036569405,30.6431168280988,30.8959794553412,30
617.75,35.7120300664475,32.3550036569405,30.6431168280988,30.8959794553412,30
617.8,35.7120300664475,32.3550036569405,30.6431168280988,30.8959794553412,30
617.85,35.7120300664475,32.3550036569405,30.6431168280988,30.8959794553412,30
617.9,35.7120300664475,32.3550036569405,30.6431168280988,30.8959794553412,30
617.95,35.7120300664475,32.3550036569405,30.6431168280988,30.8959794553412,30
618.0,35.7427324689211,32.4136545770617,30.700596200134,30.9107785769488,30
618.05,35.7427324689211,32.4136545770617,30.700596200134,30.9107785769488,30
618.1,35.7427324689211,32.4136545770617,30.700596200134,30.9107785769488,30
618.15,35.7427324689211,32.4136545770617,30.700596200134,30.9107785769488,30
618.2,35.7427324689211,32.4136545770617,30.700596200134,30.9107785769488,30
618.25,35.7427324689211,32.4136545770617,30.700596200134,30.9107785769488,30
618.3,35.7427324689211,32.4136545770617,30.700596200134,30.9107785769488,30
618.35,35.7427324689211,32.4136545770617,30.700596200134,30.9107785769488,30
618.4,35.7427324689211,32.4136545770617,30.700596200134,30.9107785769488,30
618.45,35.7427324689211,32.4136545770617,30.700596200134,30.9107785769488,30
618.5,35.6506674639318,32.3256942422743,30.6431168280988,30.9267268755926,30
618.55,35.6506674639318,32.3256942422743,30.6431168280988,30.9267268755926,30
618.6,35.6506674639318,32.3256942422743,30.6431168280988,30.9267268755926,30
618.65,35.6506674639318,32.3256942422743,30.6431168280988,30.9267268755926,30
618.7,35.6506674639318,32.3256942422743,30.6431168280988,30.9267268755926,30
618.75,35.6506674639318,32.3256942422743,30.6431168280988,30.9267268755926,30
618.8,35.6506674639318,32.3256942422743,30.6431168280988,30.9267268755926,30
618.85,35.6506674639318,32.3256942422743,30.6431168280988,30.9267268755926,30
618.9,35.6506674639318,32.3256942422743,30.6431168280988,30.9267268755926,30
618.95,35.6506674639318,32.3256942422743,30.6431168280988,30.9267268755926,30
619.0,35.6813417426089,32.3256942422743,30.6718519319091,30.9397845140392,30
619.05,35.6813417426089,32.3256942422743,30.6718519319091,30.9397845140392,30
619.1,35.6813417426089,32.3256942422743,30.6718519319091,30.9397845140392,30
619.15,35.6813417426089,32.3256942422743,30.6718519319091,30.9397845140392,30
619.2,35.6813417426089,32.3256942422743,30.6718519319091,30.9397845140392,30
619.25,35.6813417426089,32.3256942422743,30.6718519319091,30.9397845140392,30
619.3,35.6813417426089,32.3256942422743,30.6718519319091,30.9397845140392,30
619.35,35.6813417426089,32.3256942422743,30.6718519319091,30.9397845140392,30
619.4,35.6813417426089,32.3256942422743,30.6718519319091,30.9397845140392,30
619.45,35.6813417426089,32.3256942422743,30.6718519319091,30.9397845140392,30
619.5,35.7120300664475,32.3550036569405,30.700596200134,30.952447864582,30
619.55,35.7120300664475,32.3550036569405,30.700596200134,30.952447864582,30
619.6,35.7120300664475,32.3550036569405,30.700596200134,30.952447864582,30
619.65,35.7120300664475,32.3550036569405,30.700596200134,30.952447864582,30
619.7,35.7120300664475,32.3550036569405,30.700596200134,30.952447864582,30
619.75,35.7120300664475,32.3550036569405,30.700596200134,30.952447864582,30
619.8,35.7120300664475,32.3550036569405,30.700596200134,30.952447864582,30
619.85,35.7120300664475,32.3550036569405,30.700596200134,30.952447864582,30
619.9,35.7120300664475,32.3550036569405,30.700596200134,30.952447864582,30
619.95,35.7120300664475,32.3550036569405,30.700596200134,30.952447864582,30
620.0,35.7120300664475,32.3550036569405,30.700596200134,30.9655301389935,30
620.05,35.7120300664475,32.3550036569405,30.700596200134,30.9655301389935,30
620.1,35.7120300664475,32.3550036569405,30.700596200134,30.9655301389935,30
620.15,35.7120300664475,32.3550036569405,30.700596200134,30.9655301389935,30
620.2,35.7120300664475,32.3550036569405,30.700596200134,30.9655301389935,30
620.25,35.7120300664475,32.3550036569405,30.700596200134,30.9655301389935,30
620.3,35.7120300664475,32.3550036569405,30.700596200134,30.9655301389935,30
620.35,35.7120300664475,32.3550036569405,30.700596200134,30.9655301389935,30
620.4,35.7120300664475,32.3550036569405,30.700596200134,30.9655301389935,30
620.45,35.7120300664475,32.3550036569405,30.700596200134,30.9655301389935,30
620.5,35.7427324689211,32.3843237593788,30.7581123305819,30.978217358127,30
620.55,35.7427324689211,32.3843237593788,30.7581123305819,30.978217358127,30
620.6,35.7427324689211,32.3843237593788,30.7581123305819,30.978217358127,30
620.65,35.7427324689211,32.3843237593788,30.7581123305819,30.978217358127,30
620.7,35.7427324689211,32.3843237593788,30.7581123305819,30.978217358127,30
620.75,35.7427324689211,32.3843237593788,30.7581123305819,30.978217358127,30
620.8,35.7427324689211,32.3843237593788,30.7581123305819,30.978217358127,30
620.85,35.7427324689211,32.3843237593788,30.7581123305819,30.978217358127,30
620.9,35.7427324689211,32.3843237593788,30.7581123305819,30.978217358127,30
620.95,35.7427324689211,32.3843237593788,30.7581123305819,30.978217358127,30
621.0,35.6813417426089,32.3550036569405,30.7293496579532,30.9913224664075,30
621.05,35.6813417426089,32.3550036569405,30.7293496579532,30.9913224664075,30
621.1,35.6813417426089,32.3550036569405,30.7293496579532,30.9913224664075,30
621.15,35.6813417426089,32.3550036569405,30.7293496579532,30.9913224664075,30
621.2,35.6813417426089,32.3550036569405,30.7293496579532,30.9913224664075,30
621.25,35.6813417426089,32.3550036569405,30.7293496579532,30.9913224664075,30
621.3,35.6813417426089,32.3550036569405,30.7293496579532,30.9913224664075,30
621.35,35.6813417426089,32.3550036569405,30.7293496579532,30.9913224664075,30
621.4,35.6813417426089,32.3550036569405,30.7293496579532,30.9913224664075,30
621.45,35.6813417426089,32.3550036569405,30.7293496579532,30.9913224664075,30
621.5,35.7120300664475,32.3550036569405,30.7581123305819,31.0032304861691,30
621.55,35.7120300664475,32.3550036569405,30.7581123305819,31.0032304861691,30
621.6,35.7120300664475,32.3550036569405,30.7581123305819,31.0032304861691,30
621.65,35.7120300664475,32.3550036569405,30.7581123305819,31.0032304861691,30
621.7,35.7120300664475,32.3550036569405,30.7581123305819,31.0032304861691,30
621.75,35.7120300664475,32.3550036569405,30.7581123305819,31.0032304861691,30
621.8,35.7120300664475,32.3550036569405,30.7581123305819,31.0032304861691,30
621.85,35.7120300664475,32.3550036569405,30.7581123305819,31.0032304861691,30
621.9,35.7120300664475,32.3550036569405,30.7581123305819,31.0032304861691,30
621.95,35.7120300664475,32.3550036569405,30.7581123305819,31.0032304861691,30
622.0,35.7427324689211,32.3843237593788,30.7868842432706,31.0147808834349,30
622.05,35.7427324689211,32.3843237593788,30.7868842432706,31.0147808834349,30
622.1,35.7427324689211,32.3843237593788,30.7868842432706,31.0147808834349,30
622.15,35.7427324689211,32.3843237593788,30.7868842432706,31.0147808834349,30
622.2,35.7427324689211,32.3843237593788,30.7868842432706,31.0147808834349,30
622.25,35.7427324689211,32.3843237593788,30.7868842432706,31.0147808834349,30
622.3,35.7427324689211,32.3843237593788,30.7868842432706,31.0147808834349,30
622.35,35.7427324689211,32.3843237593788,30.7868842432706,31.0147808834349,30
622.4,35.7427324689211,32.3843237593788,30.7868842432706,31.0147808834349,30
622.45,35.7427324689211,32.3843237593788,30.7868842432706,31.0147808834349,30
622.5,35.6813417426089,32.3256942422743,30.7293496579532,31.0267859427061,30
622.55,35.6813417426089,32.3256942422743,30.7293496579532,31.0267859427061,30
622.6,35.6813417426089,32.3256942422743,30.7293496579532,31.0267859427061,30
622.65,35.6813417426089,32.3256942422743,30.7293496579532,31.0267859427061,30
622.7,35.6813417426089,32.3256942422743,30.7293496579532,31.0267859427061,30
622.75,35.6813417426089,32.3256942422743,30.7293496579532,31.0267859427061,30
622.8,35.6813417426089,32.3256942422743,30.7293496579532,31.0267859427061,30
622.85,35.6813417426089,32.3256942422743,30.7293496579532,31.0267859427061,30
622.9,35.6813417426089,32.3256942422743,30.7293496579532,31.0267859427061,30
622.95,35.6813417426089,32.3256942422743,30.7293496579532,31.0267859427061,30
623.0,35.6813417426089,32.3256942422743,30.7581123305819,31.0368301862092,30
623.05,35.6813417426089,32.3256942422743,30.7581123305819,31.0368301862092,30
623.1,35.6813417426089,32.3256942422743,30.7581123305819,31.0368301862092,30
623.15,35.6813417426089,32.3256942422743,30.7581123305819,31.0368301862092,30
623.2,35.6813417426089,32.3256942422743,30.7581123305819,31.0368301862092,30
623.25,35.6813417426089,32.3256942422743,30.7581123305819,31.0368301862092,30
623.3,35.6813417426089,32.3256942422743,30.7581123305819,31.0368301862092,30
623.35,35.6813417426089,32.3256942422743,30.7581123305819,31.0368301862092,30
623.4,35.6813417426089,32.3256942422743,30.7581123305819,31.0368301862092,30
623.45,35.6813417426089,32.3256942422743,30.7581123305819,31.0368301862092,30
623.5,35.7120300664475,32.3550036569405,30.7868842432706,31.0465781359396,30
623.55,35.7120300664475,32.3550036569405,30.7868842432706,31.0465781359396,30
623.6,35.7120300664475,32.3550036569405,30.7868842432706,31.0465781359396,30
623.65,35.7120300664475,32.3550036569405,30.7868842432706,31.0465781359396,30
623.7,35.7120300664475,32.3550036569405,30.7868842432706,31.0465781359396,30
623.75,35.7120300664475,32.3550036569405,30.7868842432706,31.0465781359396,30
623.8,35.7120300664475,32.3550036569405,30.7868842432706,31.0465781359396,30
623.85,35.7120300664475,32.3550036569405,30.7868842432706,31.0465781359396,30
623.9,35.7120300664475,32.3550036569405,30.7868842432706,31.0465781359396,30
623.95,35.7120300664475,32.3550036569405,30.7868842432706,31.0465781359396,30
624.0,35.7120300664475,32.3550036569405,30.7868842432706,31.0568391258131,30
624.05,35.7120300664475,32.3550036569405,30.7868842432706,31.0568391258131,30
624.1,35.7120300664475,32.3550036569405,30.7868842432706,31.0568391258131,30
624.15,35.7120300664475,32.3550036569405,30.7868842432706,31.0568391258131,30
624.2,35.7120300664475,32.3550036569405,30.7868842432706,31.0568391258131,30
624.25,35.7120300664475,32.3550036569405,30.7868842432706,31.0568391258131,30
624.3,35.7120300664475,32.3550036569405,30.7868842432706,31.0568391258131,30
624.35,35.7120300664475,32.3550036569405,30.7868842432706,31.0568391258131,30
624.4,35.7120300664475,32.3550036569405,30.7868842432706,31.0568391258131,30
624.45,35.7120300664475,32.3550036569405,30.7868842432706,31.0568391258131,30
624.5,35.7427324689211,32.3550036569405,30.84445589001,31.0667960255962,30
624.55,35.7427324689211,32.3550036569405,30.84445589001,31.0667960255962,30
624.6,35.7427324689211,32.3550036569405,30.84445589001,31.0667960255962,30
624.65,35.7427324689211,32.3550036569405,30.84445589001,31.0667960255962,30
624.7,35.7427324689211,32.3550036569405,30.84445589001,31.0667960255962,30
624.75,35.7427324689211,32.3550036569405,30.84445589001,31.0667960255962,30
624.8,35.7427324689211,32.3550036569405,30.84445589001,31.0667960255962,30
624.85,35.7427324689211,32.3550036569405,30.84445589001,31.0667960255962,30
624.9,35.7427324689211,32.3550036569405,30.84445589001,31.0667960255962,30
624.95,35.7427324689211,32.3550036569405,30.84445589001,31.0667960255962,30
625.0,35.6506674639318,32.2963954879518,30.7868842432706,31.0764591767455,30
625.05,35.6506674639318,32.2963954879518,30.7868842432706,31.0764591767455,30
625.1,35.6506674639318,32.2963954879518,30.7868842432706,31.0764591767455,30
625.15,35.6506674639318,32.2963954879518,30.7868842432706,31.0764591767455,30
625.2,35.6506674639318,32.2963954879518,30.7868842432706,31.0764591767455,30
625.25,35.6506674639318,32.2963954879518,30.7868842432706,31.0764591767455,30
625.3,35.6506674639318,32.2963954879518,30.7868842432706,31.0764591767455,30
625.35,35.6506674639318,32.2963954879518,30.7868842432706,31.0764591767455,30
625.4,35.6506674639318,32.2963954879518,30.7868842432706,31.0764591767455,30
625.45,35.6506674639318,32.2963954879518,30.7868842432706,31.0764591767455,30
625.5,35.6813417426089,32.3256942422743,30.8156654213059,31.0842385240124,30
625.55,35.6813417426089,32.3256942422743,30.8156654213059,31.0842385240124,30
625.6,35.6813417426089,32.3256942422743,30.8156654213059,31.0842385240124,30
625.65,35.6813417426089,32.3256942422743,30.8156654213059,31.0842385240124,30
625.7,35.6813417426089,32.3256942422743,30.8156654213059,31.0842385240124,30
625.75,35.6813417426089,32.3256942422743,30.8156654213059,31.0842385240124,30
625.8,35.6813417426089,32.3256942422743,30.8156654213059,31.0842385240124,30
625.85,35.6813417426089,32.3256942422743,30.8156654213059,31.0842385240124,30
625.9,35.6813417426089,32.3256942422743,30.8156654213059,31.0842385240124,30
625.95,35.6813417426089,32.3256942422743,30.8156654213059,31.0842385240124,30
626.0,35.6813417426089,32.3256942422743,30.8156654213059,31.0925944012206,30
626.05,35.6813417426089,32.3256942422743,30.8156654213059,31.0925944012206,30
626.1,35.6813417426089,32.3256942422743,30.8156654213059,31.0925944012206,30
626.15,35.6813417426089,32.3256942422743,30.8156654213059,31.0925944012206,30
626.2,35.6813417426089,32.3256942422743,30.8156654213059,31.0925944012206,30
626.25,35.6813417426089,32.3256942422743,30.8156654213059,31.0925944012206,30
626.3,35.6813417426089,32.3256942422743,30.8156654213059,31.0925944012206,30
626.35,35.6813417426089,32.3256942422743,30.8156654213059,31.0925944012206,30
626.4,35.6813417426089,32.3256942422743,30.8156654213059,31.0925944012206,30
626.45,35.6813417426089,32.3256942422743,30.8156654213059,31.0925944012206,30
626.5,35.6506674639318,32.2963954879518,30.7868842432706,31.1007078383819,30
626.55,35.6506674639318,32.2963954879518,30.7868842432706,31.1007078383819,30
626.6,35.6506674639318,32.2963954879518,30.7868842432706,31.1007078383819,30
626.65,35.6506674639318,32.2963954879518,30.7868842432706,31.1007078383819,30
626.7,35.6506674639318,32.2963954879518,30.7868842432706,31.1007078383819,30
626.75,35.6506674639318,32.2963954879518,30.7868842432706,31.1007078383819,30
626.8,35.6506674639318,32.2963954879518,30.7868842432706,31.1007078383819,30
626.85,35.6506674639318,32.2963954879518,30.7868842432706,31.1007078383819,30
626.9,35.6506674639318,32.2963954879518,30.7868842432706,31.1007078383819,30
626.95,35.6506674639318,32.2963954879518,30.7868842432706,31.1007078383819,30
627.0,35.7120300664475,32.3256942422743,30.84445589001,31.1077869401222,30
627.05,35.7120300664475,32.3256942422743,30.84445589001,31.1077869401222,30
627.1,35.7120300664475,32.3256942422743,30.84445589001,31.1077869401222,30
627.15,35.7120300664475,32.3256942422743,30.84445589001,31.1077869401222,30
627.2,35.7120300664475,32.3256942422743,30.84445589001,31.1077869401222,30
627.25,35.7120300664475,32.3256942422743,30.84445589001,31.1077869401222,30
627.3,35.7120300664475,32.3256942422743,30.84445589001,31.1077869401222,30
627.35,35.7120300664475,32.3256942422743,30.84445589001,31.1077869401222,30
627.4,35.7120300664475,32.3256942422743,30.84445589001,31.1077869401222,30
627.45,35.7120300664475,32.3256942422743,30.84445589001,31.1077869401222,30
627.5,35.7427324689211,32.3550036569405,30.873255674741,31.1154652826197,30
627.55,35.7427324689211,32.3550036569405,30.873255674741,31.1154652826197,30
627.6,35.7427324689211,32.3550036569405,30.873255674741,31.1154652826197,30
627.65,35.7427324689211,32.3550036569405,30.873255674741,31.1154652826197,30
627.7,35.7427324689211,32.3550036569405,30.873255674741,31.1154652826197,30
627.75,35.7427324689211,32.3550036569405,30.873255674741,31.1154652826197,30
627.8,35.7427324689211,32.3550036569405,30.873255674741,31.1154652826197,30
627.85,35.7427324689211,32.3550036569405,30.873255674741,31.1154652826197,30
627.9,35.7427324689211,32.3550036569405,30.873255674741,31.1154652826197,30
627.95,35.7427324689211,32.3550036569405,30.873255674741,31.1154652826197,30
628.0,35.7120300664475,32.3256942422743,30.84445589001,31.1237235853009,30
628.05,35.7120300664475,32.3256942422743,30.84445589001,31.1237235853009,30
628.1,35.7120300664475,32.3256942422743,30.84445589001,31.1237235853009,30
628.15,35.7120300664475,32.3256942422743,30.84445589001,31.1237235853009,30
628.2,35.7120300664475,32.3256942422743,30.84445589001,31.1237235853009,30
628.25,35.7120300664475,32.3256942422743,30.84445589001,31.1237235853009,30
628.3,35.7120300664475,32.3256942422743,30.84445589001,31.1237235853009,30
628.35,35.7120300664475,32.3256942422743,30.84445589001,31.1237235853009,30
628.4,35.7120300664475,32.3256942422743,30.84445589001,31.1237235853009,30
628.45,35.7120300664475,32.3256942422743,30.84445589001,31.1237235853009,30
628.5,35.7120300664475,32.2963954879518,30.873255674741,31.1309426133888,30
628.55,35.7120300664475,32.2963954879518,30.873255674741,31.1309426133888,30
628.6,35.7120300664475,32.2963954879518,30.873255674741,31.1309426133888,30
628.65,35.7120300664475,32.2963954879518,30.873255674741,31.1309426133888,30
628.7,35.7120300664475,32.2963954879518,30.873255674741,31.1309426133888,30
628.75,35.7120300664475,32.2963954879518,30.873255674741,31.1309426133888,30
628.8,35.7120300664475,32.2963954879518,30.873255674741,31.1309426133888,30
628.85,35.7120300664475,32.2963954879518,30.873255674741,31.1309426133888,30
628.9,35.7120300664475,32.2963954879518,30.873255674741,31.1309426133888,30
628.95,35.7120300664475,32.2963954879518,30.873255674741,31.1309426133888,30
629.0,35.7120300664475,32.3256942422743,30.9020648008935,31.1371572550059,30
629.05,35.7120300664475,32.3256942422743,30.9020648008935,31.1371572550059,30
629.1,35.7120300664475,32.3256942422743,30.9020648008935,31.1371572550059,30
629.15,35.7120300664475,32.3256942422743,30.9020648008935,31.1371572550059,30
629.2,35.7120300664475,32.3256942422743,30.9020648008935,31.1371572550059,30
629.25,35.7120300664475,32.3256942422743,30.9020648008935,31.1371572550059,30
629.3,35.7120300664475,32.3256942422743,30.9020648008935,31.1371572550059,30
629.35,35.7120300664475,32.3256942422743,30.9020648008935,31.1371572550059,30
629.4,35.7120300664475,32.3256942422743,30.9020648008935,31.1371572550059,30
629.45,35.7120300664475,32.3256942422743,30.9020648008935,31.1371572550059,30
629.5,35.7427324689211,32.3256942422743,30.9020648008935,31.1439994627862,30
629.55,35.7427324689211,32.3256942422743,30.9020648008935,31.1439994627862,30
629.6,35.7427324689211,32.3256942422743,30.9020648008935,31.1439994627862,30
629.65,35.7427324689211,32.3256942422743,30.9020648008935,31.1439994627862,30
629.7,35.7427324689211,32.3256942422743,30.9020648008935,31.1439994627862,30
629.75,35.7427324689211,32.3256942422743,30.9020648008935,31.1439994627862,30
629.8,35.7427324689211,32.3256942422743,30.9020648008935,31.1439994627862,30
629.85,35.7427324689211,32.3256942422743,30.9020648008935,31.1439994627862,30
629.9,35.7427324689211,32.3256942422743,30.9020648008935,31.1439994627862,30
629.95,35.7427324689211,32.3256942422743,30.9020648008935,31.1439994627862,30
630.0,35.6813417426089,32.2963954879518,30.873255674741,31.1506485620055,30
630.05,35.6813417426089,32.2963954879518,30.873255674741,31.1506485620055,30
630.1,35.6813417426089,32.2963954879518,30.873255674741,31.1506485620055,30
630.15,35.6813417426089,32.2963954879518,30.873255674741,31.1506485620055,30
630.2,35.6813417426089,32.2963954879518,30.873255674741,31.1506485620055,30
630.25,35.6813417426089,32.2963954879518,30.873255674741,31.1506485620055,30
630.3,35.6813417426089,32.2963954879518,30.873255674741,31.1506485620055,30
630.35,35.6813417426089,32.2963954879518,30.873255674741,31.1506485620055,30
630.4,35.6813417426089,32.2963954879518,30.873255674741,31.1506485620055,30
630.45,35.6813417426089,32.2963954879518,30.873255674741,31.1506485620055,30
630.5,35.7120300664475,32.2963954879518,30.9020648008935,31.1563109903944,30
630.55,35.7120300664475,32.2963954879518,30.9020648008935,31.1563109903944,30
630.6,35.7120300664475,32.2963954879518,30.9020648008935,31.1563109903944,30
630.65,35.7120300664475,32.2963954879518,30.9020648008935,31.1563109903944,30
630.7,35.7120300664475,32.2963954879518,30.9020648008935,31.1563109903944,30
630.75,35.7120300664475,32.2963954879518,30.9020648008935,31.1563109903944,30
630.8,35.7120300664475,32.2963954879518,30.9020648008935,31.1563109903944,30
630.85,35.7120300664475,32.2963954879518,30.9020648008935,31.1563109903944,30
630.9,35.7120300664475,32.2963954879518,30.9020648008935,31.1563109903944,30
630.95,35.7120300664475,32.2963954879518,30.9020648008935,31.1563109903944,30
631.0,35.6813417426089,32.2671073665886,30.873255674741,31.1618185641673,30
631.05,35.6813417426089,32.2671073665886,30.873255674741,31.1618185641673,30
631.1,35.6813417426089,32.2671073665886,30.873255674741,31.1618185641673,30
631.15,35.6813417426089,32.2671073665886,30.873255674741,31.1618185641673,30
631.2,35.6813417426089,32.2671073665886,30.873255674741,31.1618185641673,30
631.25,35.6813417426089,32.2671073665886,30.873255674741,31.1618185641673,30
631.3,35.6813417426089,32.2671073665886,30.873255674741,31.1618185641673,30
631.35,35.6813417426089,32.2671073665886,30.873255674741,31.1618185641673,30
631.4,35.6813417426089,32.2671073665886,30.873255674741,31.1618185641673,30
631.45,35.6813417426089,32.2671073665886,30.873255674741,31.1618185641673,30
631.5,35.6813417426089,32.2671073665886,30.9020648008935,31.1663773225063,30
631.55,35.6813417426089,32.2671073665886,30.9020648008935,31.1663773225063,30
631.6,35.6813417426089,32.2671073665886,30.9020648008935,31.1663773225063,30
631.65,35.6813417426089,32.2671073665886,30.9020648008935,31.1663773225063,30
631.7,35.6813417426089,32.2671073665886,30.9020648008935,31.1663773225063,30
631.75,35.6813417426089,32.2671073665886,30.9020648008935,31.1663773225063,30
631.8,35.6813417426089,32.2671073665886,30.9020648008935,31.1663773225063,30
631.85,35.6813417426089,32.2671073665886,30.9020648008935,31.1663773225063,30
631.9,35.6813417426089,32.2671073665886,30.9020648008935,31.1663773225063,30
631.95,35.6813417426089,32.2671073665886,30.9020648008935,31.1663773225063,30
632.0,35.7427324689211,32.2963954879518,30.9308832938978,31.1708175027144,30
632.05,35.7427324689211,32.2963954879518,30.9308832938978,31.1708175027144,30
632.1,35.7427324689211,32.2963954879518,30.9308832938978,31.1708175027144,30
632.15,35.7427324689211,32.2963954879518,30.9308832938978,31.1708175027144,30
632.2,35.7427324689211,32.2963954879518,30.9308832938978,31.1708175027144,30
632.25,35.7427324689211,32.2963954879518,30.9308832938978,31.1708175027144,30
632.3,35.7427324689211,32.2963954879518,30.9308832938978,31.1708175027144,30
632.35,35.7427324689211,32.2963954879518,30.9308832938978,31.1708175027144,30
632.4,35.7427324689211,32.2963954879518,30.9308832938978,31.1708175027144,30
632.45,35.7427324689211,32.2963954879518,30.9308832938978,31.1708175027144,30
632.5,35.7120300664475,32.2671073665886,30.9020648008935,31.1759424949143,30
632.55,35.7120300664475,32.2671073665886,30.9020648008935,31.1759424949143,30
632.6,35.7120300664475,32.2671073665886,30.9020648008935,31.1759424949143,30
632.65,35.7120300664475,32.2671073665886,30.9020648008935,31.1759424949143,30
632.7,35.7120300664475,32.2671073665886,30.9020648008935,31.1759424949143,30
632.75,35.7120300664475,32.2671073665886,30.9020648008935,31.1759424949143,30
632.8,35.7120300664475,32.2671073665886,30.9020648008935,31.1759424949143,30
632.85,35.7120300664475,32.2671073665886,30.9020648008935,31.1759424949143,30
632.9,35.7120300664475,32.2671073665886,30.9020648008935,31.1759424949143,30
632.95,35.7120300664475,32.2671073665886,30.9020648008935,31.1759424949143,30
633.0,35.6813417426089,32.2378298508432,30.9020648008935,31.1801312876172,30
633.05,35.6813417426089,32.2378298508432,30.9020648008935,31.1801312876172,30
633.1,35.6813417426089,32.2378298508432,30.9020648008935,31.1801312876172,30
633.15,35.6813417426089,32.2378298508432,30.9020648008935,31.1801312876172,30
633.2,35.6813417426089,32.2378298508432,30.9020648008935,31.1801312876172,30
633.25,35.6813417426089,32.2378298508432,30.9020648008935,31.1801312876172,30
633.3,35.6813417426089,32.2378298508432,30.9020648008935,31.1801312876172,30
633.35,35.6813417426089,32.2378298508432,30.9020648008935,31.1801312876172,30
633.4,35.6813417426089,32.2378298508432,30.9020648008935,31.1801312876172,30
633.45,35.6813417426089,32.2378298508432,30.9020648008935,31.1801312876172,30
633.5,35.7120300664475,32.2378298508432,30.9020648008935,31.18341469866,30
633.55,35.7120300664475,32.2378298508432,30.9020648008935,31.18341469866,30
633.6,35.7120300664475,32.2378298508432,30.9020648008935,31.18341469866,30
633.65,35.7120300664475,32.2378298508432,30.9020648008935,31.18341469866,30
633.7,35.7120300664475,32.2378298508432,30.9020648008935,31.18341469866,30
633.75,35.7120300664475,32.2378298508432,30.9020648008935,31.18341469866,30
633.8,35.7120300664475,32.2378298508432,30.9020648008935,31.18341469866,30
633.85,35.7120300664475,32.2378298508432,30.9020648008935,31.18341469866,30
633.9,35.7120300664475,32.2378298508432,30.9020648008935,31.18341469866,30
633.95,35.7120300664475,32.2378298508432,30.9020648008935,31.18341469866,30
634.0,35.6506674639318,32.2085629134182,30.873255674741,31.1866218088582,30
634.05,35.6506674639318,32.2085629134182,30.873255674741,31.1866218088582,30
634.1,35.6506674639318,32.2085629134182,30.873255674741,31.1866218088582,30
634.15,35.6506674639318,32.2085629134182,30.873255674741,31.1866218088582,30
634.2,35.6506674639318,32.2085629134182,30.873255674741,31.1866218088582,30
634.25,35.6506674639318,32.2085629134182,30.873255674741,31.1866218088582,30
634.3,35.6506674639318,32.2085629134182,30.873255674741,31.1866218088582,30
634.35,35.6506674639318,32.2085629134182,30.873255674741,31.1866218088582,30
634.4,35.6506674639318,32.2085629134182,30.873255674741,31.1866218088582,30
634.45,35.6506674639318,32.2085629134182,30.873255674741,31.1866218088582,30
634.5,35.7120300664475,32.2378298508432,30.9308832938978,31.1889559816445,30
634.55,35.7120300664475,32.2378298508432,30.9308832938978,31.1889559816445,30
634.6,35.7120300664475,32.2378298508432,30.9308832938978,31.1889559816445,30
634.65,35.7120300664475,32.2378298508432,30.9308832938978,31.1889559816445,30
634.7,35.7120300664475,32.2378298508432,30.9308832938978,31.1889559816445,30
634.75,35.7120300664475,32.2378298508432,30.9308832938978,31.1889559816445,30
634.8,35.7120300664475,32.2378298508432,30.9308832938978,31.1889559816445,30
634.85,35.7120300664475,32.2378298508432,30.9308832938978,31.1889559816445,30
634.9,35.7120300664475,32.2378298508432,30.9308832938978,31.1889559816445,30
634.95,35.7120300664475,32.2378298508432,30.9308832938978,31.1889559816445,30
635.0,35.6813417426089,32.2085629134182,30.9020648008935,31.192043033945,30
635.05,35.6813417426089,32.2085629134182,30.9020648008935,31.192043033945,30
635.1,35.6813417426089,32.2085629134182,30.9020648008935,31.192043033945,30
635.15,35.6813417426089,32.2085629134182,30.9020648008935,31.192043033945,30
635.2,35.6813417426089,32.2085629134182,30.9020648008935,31.192043033945,30
635.25,35.6813417426089,32.2085629134182,30.9020648008935,31.192043033945,30
635.3,35.6813417426089,32.2085629134182,30.9020648008935,31.192043033945,30
635.35,35.6813417426089,32.2085629134182,30.9020648008935,31.192043033945,30
635.4,35.6813417426089,32.2085629134182,30.9020648008935,31.192043033945,30
635.45,35.6813417426089,32.2085629134182,30.9020648008935,31.192043033945,30
635.5,35.7734489835694,32.2963954879518,30.9885484823664,31.1942608195641,30
635.55,35.7734489835694,32.2963954879518,30.9885484823664,31.1942608195641,30
635.6,35.7734489835694,32.2963954879518,30.9885484823664,31.1942608195641,30
635.65,35.7734489835694,32.2963954879518,30.9885484823664,31.1942608195641,30
635.7,35.7734489835694,32.2963954879518,30.9885484823664,31.1942608195641,30
635.75,35.7734489835694,32.2963954879518,30.9885484823664,31.1942608195641,30
635.8,35.7734489835694,32.2963954879518,30.9885484823664,31.1942608195641,30
635.85,35.7734489835694,32.2963954879518,30.9885484823664,31.1942608195641,30
635.9,35.7734489835694,32.2963954879518,30.9885484823664,31.1942608195641,30
635.95,35.7734489835694,32.2963954879518,30.9885484823664,31.1942608195641,30
636.0,35.7120300664475,32.2378298508432,30.9597111792208,31.1988333049031,30
636.05,35.7120300664475,32.2378298508432,30.9597111792208,31.1988333049031,30
636.1,35.7120300664475,32.2378298508432,30.9597111792208,31.1988333049031,30
636.15,35.7120300664475,32.2378298508432,30.9597111792208,31.1988333049031,30
636.2,35.7120300664475,32.2378298508432,30.9597111792208,31.1988333049031,30
636.25,35.7120300664475,32.2378298508432,30.9597111792208,31.1988333049031,30
636.3,35.7120300664475,32.2378298508432,30.9597111792208,31.1988333049031,30
636.35,35.7120300664475,32.2378298508432,30.9597111792208,31.1988333049031,30
636.4,35.7120300664475,32.2378298508432,30.9597111792208,31.1988333049031,30
636.45,35.7120300664475,32.2378298508432,30.9597111792208,31.1988333049031,30
636.5,35.6813417426089,32.1793065270588,30.9020648008935,31.2016870024141,30
636.55,35.6813417426089,32.1793065270588,30.9020648008935,31.2016870024141,30
636.6,35.6813417426089,32.1793065270588,30.9020648008935,31.2016870024141,30
636.65,35.6813417426089,32.1793065270588,30.9020648008935,31.2016870024141,30
636.7,35.6813417426089,32.1793065270588,30.9020648008935,31.2016870024141,30
636.75,35.6813417426089,32.1793065270588,30.9020648008935,31.2016870024141,30
636.8,35.6813417426089,32.1793065270588,30.9020648008935,31.2016870024141,30
636.85,35.6813417426089,32.1793065270588,30.9020648008935,31.2016870024141,30
636.9,35.6813417426089,32.1793065270588,30.9020648008935,31.2016870024141,30
636.95,35.6813417426089,32.1793065270588,30.9020648008935,31.2016870024141,30
637.0,35.7120300664475,32.2378298508432,30.9597111792208,31.2028800560556,30
637.05,35.7120300664475,32.2378298508432,30.9597111792208,31.2028800560556,30
637.1,35.7120300664475,32.2378298508432,30.9597111792208,31.2028800560556,30
637.15,35.7120300664475,32.2378298508432,30.9597111792208,31.2028800560556,30
637.2,35.7120300664475,32.2378298508432,30.9597111792208,31.2028800560556,30
637.25,35.7120300664475,32.2378298508432,30.9597111792208,31.2028800560556,30
637.3,35.7120300664475,32.2378298508432,30.9597111792208,31.2028800560556,30
637.35,35.7120300664475,32.2378298508432,30.9597111792208,31.2028800560556,30
637.4,35.7120300664475,32.2378298508432,30.9597111792208,31.2028800560556,30
637.45,35.7120300664475,32.2378298508432,30.9597111792208,31.2028800560556,30
637.5,35.7120300664475,32.2085629134182,30.9597111792208,31.205661123944,30
637.55,35.7120300664475,32.2085629134182,30.9597111792208,31.205661123944,30
637.6,35.7120300664475,32.2085629134182,30.9597111792208,31.205661123944,30
637.65,35.7120300664475,32.2085629134182,30.9597111792208,31.205661123944,30
637.7,35.7120300664475,32.2085629134182,30.9597111792208,31.205661123944,30
637.75,35.7120300664475,32.2085629134182,30.9597111792208,31.205661123944,30
637.8,35.7120300664475,32.2085629134182,30.9597111792208,31.205661123944,30
637.85,35.7120300664475,32.2085629134182,30.9597111792208,31.205661123944,30
637.9,35.7120300664475,32.2085629134182,30.9597111792208,31.205661123944,30
637.95,35.7120300664475,32.2085629134182,30.9597111792208,31.205661123944,30
638.0,35.6813417426089,32.1793065270588,30.9308832938978,31.2075814672649,30
638.05,35.6813417426089,32.1793065270588,30.9308832938978,31.2075814672649,30
638.1,35.6813417426089,32.1793065270588,30.9308832938978,31.2075814672649,30
638.15,35.6813417426089,32.1793065270588,30.9308832938978,31.2075814672649,30
638.2,35.6813417426089,32.1793065270588,30.9308832938978,31.2075814672649,30
638.25,35.6813417426089,32.1793065270588,30.9308832938978,31.2075814672649,30
638.3,35.6813417426089,32.1793065270588,30.9308832938978,31.2075814672649,30
638.35,35.6813417426089,32.1793065270588,30.9308832938978,31.2075814672649,30
638.4,35.6813417426089,32.1793065270588,30.9308832938978,31.2075814672649,30
638.45,35.6813417426089,32.1793065270588,30.9308832938978,31.2075814672649,30
638.5,35.7120300664475,32.1793065270588,30.9597111792208,31.2086699735949,30
638.55,35.7120300664475,32.1793065270588,30.9597111792208,31.2086699735949,30
638.6,35.7120300664475,32.1793065270588,30.9597111792208,31.2086699735949,30
638.65,35.7120300664475,32.1793065270588,30.9597111792208,31.2086699735949,30
638.7,35.7120300664475,32.1793065270588,30.9597111792208,31.2086699735949,30
638.75,35.7120300664475,32.1793065270588,30.9597111792208,31.2086699735949,30
638.8,35.7120300664475,32.1793065270588,30.9597111792208,31.2086699735949,30
638.85,35.7120300664475,32.1793065270588,30.9597111792208,31.2086699735949,30
638.9,35.7120300664475,32.1793065270588,30.9597111792208,31.2086699735949,30
638.95,35.7120300664475,32.1793065270588,30.9597111792208,31.2086699735949,30
639.0,35.7120300664475,32.1793065270588,30.9597111792208,31.2097526892383,30
639.05,35.7120300664475,32.1793065270588,30.9597111792208,31.2097526892383,30
639.1,35.7120300664475,32.1793065270588,30.9597111792208,31.2097526892383,30
639.15,35.7120300664475,32.1793065270588,30.9597111792208,31.2097526892383,30
639.2,35.7120300664475,32.1793065270588,30.9597111792208,31.2097526892383,30
639.25,35.7120300664475,32.1793065270588,30.9597111792208,31.2097526892383,30
639.3,35.7120300664475,32.1793065270588,30.9597111792208,31.2097526892383,30
639.35,35.7120300664475,32.1793065270588,30.9597111792208,31.2097526892383,30
639.4,35.7120300664475,32.1793065270588,30.9597111792208,31.2097526892383,30
639.45,35.7120300664475,32.1793065270588,30.9597111792208,31.2097526892383,30
639.5,35.5893609084935,32.0916004024739,30.873255674741,31.2108299241897,30
639.55,35.5893609084935,32.0916004024739,30.873255674741,31.2108299241897,30
639.6,35.5893609084935,32.0916004024739,30.873255674741,31.2108299241897,30
639.65,35.5893609084935,32.0916004024739,30.873255674741,31.2108299241897,30
639.7,35.5893609084935,32.0916004024739,30.873255674741,31.2108299241897,30
639.75,35.5893609084935,32.0916004024739,30.873255674741,31.2108299241897,30
639.8,35.5893609084935,32.0916004024739,30.873255674741,31.2108299241897,30
639.85,35.5893609084935,32.0916004024739,30.873255674741,31.2108299241897,30
639.9,35.5893609084935,32.0916004024739,30.873255674741,31.2108299241897,30
639.95,35.5893609084935,32.0916004024739,30.873255674741,31.2108299241897,30
640.0,35.6506674639318,32.1500606645535,30.9308832938978,31.2095072614272,30
640.05,35.6506674639318,32.1500606645535,30.9308832938978,31.2095072614272,30
640.1,35.6506674639318,32.1500606645535,30.9308832938978,31.2095072614272,30
640.15,35.6506674639318,32.1500606645535,30.9308832938978,31.2095072614272,30
640.2,35.6506674639318,32.1500606645535,30.9308832938978,31.2095072614272,30
640.25,35.6506674639318,32.1500606645535,30.9308832938978,31.2095072614272,30
640.3,35.6506674639318,32.1500606645535,30.9308832938978,31.2095072614272,30
640.35,35.6506674639318,32.1500606645535,30.9308832938978,31.2095072614272,30
640.4,35.6506674639318,32.1500606645535,30.9308832938978,31.2095072614272,30
640.45,35.6506674639318,32.1500606645535,30.9308832938978,31.2095072614272,30
640.5,35.6200071970076,32.1500606645535,30.9597111792208,31.2098518640934,30
640.55,35.6200071970076,32.1500606645535,30.9597111792208,31.2098518640934,30
640.6,35.6200071970076,32.1500606645535,30.9597111792208,31.2098518640934,30
640.65,35.6200071970076,32.1500606645535,30.9597111792208,31.2098518640934,30
640.7,35.6200071970076,32.1500606645535,30.9597111792208,31.2098518640934,30
640.75,35.6200071970076,32.1500606645535,30.9597111792208,31.2098518640934,30
640.8,35.6200071970076,32.1500606645535,30.9597111792208,31.2098518640934,30
640.85,35.6200071970076,32.1500606645535,30.9597111792208,31.2098518640934,30
640.9,35.6200071970076,32.1500606645535,30.9597111792208,31.2098518640934,30
640.95,35.6200071970076,32.1500606645535,30.9597111792208,31.2098518640934,30
641.0,35.6200071970076,32.1500606645535,30.9597111792208,31.2102121615257,30
641.05,35.6200071970076,32.1500606645535,30.9597111792208,31.2102121615257,30
641.1,35.6200071970076,32.1500606645535,30.9597111792208,31.2102121615257,30
641.15,35.6200071970076,32.1500606645535,30.9597111792208,31.2102121615257,30
641.2,35.6200071970076,32.1500606645535,30.9597111792208,31.2102121615257,30
641.25,35.6200071970076,32.1500606645535,30.9597111792208,31.2102121615257,30
641.3,35.6200071970076,32.1500606645535,30.9597111792208,31.2102121615257,30
641.35,35.6200071970076,32.1500606645535,30.9597111792208,31.2102121615257,30
641.4,35.6200071970076,32.1500606645535,30.9597111792208,31.2102121615257,30
641.45,35.6200071970076,32.1500606645535,30.9597111792208,31.2102121615257,30
641.5,35.6506674639318,32.2085629134182,31.0173952288743,31.2105866099637,30
641.55,35.6506674639318,32.2085629134182,31.0173952288743,31.2105866099637,30
641.6,35.6506674639318,32.2085629134182,31.0173952288743,31.2105866099637,30
641.65,35.6506674639318,32.2085629134182,31.0173952288743,31.2105866099637,30
641.7,35.6506674639318,32.2085629134182,31.0173952288743,31.2105866099637,30
641.75,35.6506674639318,32.2085629134182,31.0173952288743,31.2105866099637,30
641.8,35.6506674639318,32.2085629134182,31.0173952288743,31.2105866099637,30
641.85,35.6506674639318,32.2085629134182,31.0173952288743,31.2105866099637,30
641.9,35.6506674639318,32.2085629134182,31.0173952288743,31.2105866099637,30
641.95,35.6506674639318,32.2085629134182,31.0173952288743,31.2105866099637,30
642.0,35.5281101336471,32.1208252987339,30.9308832938978,31.2125702711613,30
642.05,35.5281101336471,32.1208252987339,30.9308832938978,31.2125702711613,30
642.1,35.5281101336471,32.1208252987339,30.9308832938978,31.2125702711613,30
642.15,35.5281101336471,32.1208252987339,30.9308832938978,31.2125702711613,30
642.2,35.5281101336471,32.1208252987339,30.9308832938978,31.2125702711613,30
642.25,35.5281101336471,32.1208252987339,30.9308832938978,31.2125702711613,30
642.3,35.5281101336471,32.1208252987339,30.9308832938978,31.2125702711613,30
642.35,35.5281101336471,32.1208252987339,30.9308832938978,31.2125702711613,30
642.4,35.5281101336471,32.1208252987339,30.9308832938978,31.2125702711613,30
642.45,35.5281101336471,32.1208252987339,30.9308832938978,31.2125702711613,30
642.5,35.4669148739428,32.0623859486905,30.9020648008935,31.2121174674366,30
642.55,35.4669148739428,32.0623859486905,30.9020648008935,31.2121174674366,30
642.6,35.4669148739428,32.0623859486905,30.9020648008935,31.2121174674366,30
642.65,35.4669148739428,32.0623859486905,30.9020648008935,31.2121174674366,30
642.7,35.4669148739428,32.0623859486905,30.9020648008935,31.2121174674366,30
642.75,35.4669148739428,32.0623859486905,30.9020648008935,31.2121174674366,30
642.8,35.4669148739428,32.0623859486905,30.9020648008935,31.2121174674366,30
642.85,35.4669148739428,32.0623859486905,30.9020648008935,31.2121174674366,30
642.9,35.4669148739428,32.0623859486905,30.9020648008935,31.2121174674366,30
642.95,35.4669148739428,32.0623859486905,30.9020648008935,31.2121174674366,30
643.0,35.4669148739428,32.0916004024739,30.9308832938978,31.2101073164551,30
643.05,35.4669148739428,32.0916004024739,30.9308832938978,31.2101073164551,30
643.1,35.4669148739428,32.0916004024739,30.9308832938978,31.2101073164551,30
643.15,35.4669148739428,32.0916004024739,30.9308832938978,31.2101073164551,30
643.2,35.4669148739428,32.0916004024739,30.9308832938978,31.2101073164551,30
643.25,35.4669148739428,32.0916004024739,30.9308832938978,31.2101073164551,30
643.3,35.4669148739428,32.0916004024739,30.9308832938978,31.2101073164551,30
643.35,35.4669148739428,32.0916004024739,30.9308832938978,31.2101073164551,30
643.4,35.4669148739428,32.0916004024739,30.9308832938978,31.2101073164551,30
643.45,35.4669148739428,32.0916004024739,30.9308832938978,31.2101073164551,30
643.5,35.3752254971352,32.0331819103428,30.873255674741,31.2089823777461,30
643.55,35.3752254971352,32.0331819103428,30.873255674741,31.2089823777461,30
643.6,35.3752254971352,32.0331819103428,30.873255674741,31.2089823777461,30
643.65,35.3752254971352,32.0331819103428,30.873255674741,31.2089823777461,30
643.7,35.3752254971352,32.0331819103428,30.873255674741,31.2089823777461,30
643.75,35.3752254971352,32.0331819103428,30.873255674741,31.2089823777461,30
643.8,35.3752254971352,32.0331819103428,30.873255674741,31.2089823777461,30
643.85,35.3752254971352,32.0331819103428,30.873255674741,31.2089823777461,30
643.9,35.3752254971352,32.0331819103428,30.873255674741,31.2089823777461,30
643.95,35.3752254971352,32.0331819103428,30.873255674741,31.2089823777461,30
644.0,35.4057748649591,32.0331819103428,30.9020648008935,31.2063202825013,30
644.05,35.4057748649591,32.0331819103428,30.9020648008935,31.2063202825013,30
644.1,35.4057748649591,32.0331819103428,30.9020648008935,31.2063202825013,30
644.15,35.4057748649591,32.0331819103428,30.9020648008935,31.2063202825013,30
644.2,35.4057748649591,32.0331819103428,30.9020648008935,31.2063202825013,30
644.25,35.4057748649591,32.0331819103428,30.9020648008935,31.2063202825013,30
644.3,35.4057748649591,32.0331819103428,30.9020648008935,31.2063202825013,30
644.35,35.4057748649591,32.0331819103428,30.9020648008935,31.2063202825013,30
644.4,35.4057748649591,32.0331819103428,30.9020648008935,31.2063202825013,30
644.45,35.4057748649591,32.0331819103428,30.9020648008935,31.2063202825013,30
644.5,35.3752254971352,32.0331819103428,30.9020648008935,31.203765707919,30
644.55,35.3752254971352,32.0331819103428,30.9020648008935,31.203765707919,30
644.6,35.3752254971352,32.0331819103428,30.9020648008935,31.203765707919,30
644.65,35.3752254971352,32.0331819103428,30.9020648008935,31.203765707919,30
644.7,35.3752254971352,32.0331819103428,30.9020648008935,31.203765707919,30
644.75,35.3752254971352,32.0331819103428,30.9020648008935,31.203765707919,30
644.8,35.3752254971352,32.0331819103428,30.9020648008935,31.203765707919,30
644.85,35.3752254971352,32.0331819103428,30.9020648008935,31.203765707919,30
644.9,35.3752254971352,32.0331819103428,30.9020648008935,31.203765707919,30
644.95,35.3752254971352,32.0331819103428,30.9020648008935,31.203765707919,30
645.0,35.3446898432957,32.0331819103428,30.9020648008935,31.2013146872054,30
645.05,35.3446898432957,32.0331819103428,30.9020648008935,31.2013146872054,30
645.1,35.3446898432957,32.0331819103428,30.9020648008935,31.2013146872054,30
645.15,35.3446898432957,32.0331819103428,30.9020648008935,31.2013146872054,30
645.2,35.3446898432957,32.0331819103428,30.9020648008935,31.2013146872054,30
645.25,35.3446898432957,32.0331819103428,30.9020648008935,31.2013146872054,30
645.3,35.3446898432957,32.0331819103428,30.9020648008935,31.2013146872054,30
645.35,35.3446898432957,32.0331819103428,30.9020648008935,31.2013146872054,30
645.4,35.3446898432957,32.0331819103428,30.9020648008935,31.2013146872054,30
645.45,35.3446898432957,32.0331819103428,30.9020648008935,31.2013146872054,30
645.5,35.3752254971352,32.0623859486905,30.9597111792208,31.1989622272889,30
645.55,35.3752254971352,32.0623859486905,30.9597111792208,31.1989622272889,30
645.6,35.3752254971352,32.0623859486905,30.9597111792208,31.1989622272889,30
645.65,35.3752254971352,32.0623859486905,30.9597111792208,31.1989622272889,30
645.7,35.3752254971352,32.0623859486905,30.9597111792208,31.1989622272889,30
645.75,35.3752254971352,32.0623859486905,30.9597111792208,31.1989622272889,30
645.8,35.3752254971352,32.0623859486905,30.9597111792208,31.1989622272889,30
645.85,35.3752254971352,32.0623859486905,30.9597111792208,31.1989622272889,30
645.9,35.3752254971352,32.0623859486905,30.9597111792208,31.1989622272889,30
645.95,35.3752254971352,32.0623859486905,30.9597111792208,31.1989622272889,30
646.0,35.3141678706738,32.0331819103428,30.9308832938978,31.1975011083482,30
646.05,35.3141678706738,32.0331819103428,30.9308832938978,31.1975011083482,30
646.1,35.3141678706738,32.0331819103428,30.9308832938978,31.1975011083482,30
646.15,35.3141678706738,32.0331819103428,30.9308832938978,31.1975011083482,30
646.2,35.3141678706738,32.0331819103428,30.9308832938978,31.1975011083482,30
646.25,35.3141678706738,32.0331819103428,30.9308832938978,31.1975011083482,30
646.3,35.3141678706738,32.0331819103428,30.9308832938978,31.1975011083482,30
646.35,35.3141678706738,32.0331819103428,30.9308832938978,31.1975011083482,30
646.4,35.3141678706738,32.0331819103428,30.9308832938978,31.1975011083482,30
646.45,35.3141678706738,32.0331819103428,30.9308832938978,31.1975011083482,30
646.5,35.3446898432957,32.0916004024739,30.9885484823664,31.1953069688508,30
646.55,35.3446898432957,32.0916004024739,30.9885484823664,31.1953069688508,30
646.6,35.3446898432957,32.0916004024739,30.9885484823664,31.1953069688508,30
646.65,35.3446898432957,32.0916004024739,30.9885484823664,31.1953069688508,30
646.7,35.3446898432957,32.0916004024739,30.9885484823664,31.1953069688508,30
646.75,35.3446898432957,32.0916004024739,30.9885484823664,31.1953069688508,30
646.8,35.3446898432957,32.0916004024739,30.9885484823664,31.1953069688508,30
646.85,35.3446898432957,32.0916004024739,30.9885484823664,31.1953069688508,30
646.9,35.3446898432957,32.0916004024739,30.9885484823664,31.1953069688508,30
646.95,35.3446898432957,32.0916004024739,30.9885484823664,31.1953069688508,30
647.0,35.2836595465657,32.0331819103428,30.9308832938978,31.1947937829134,30
647.05,35.2836595465657,32.0331819103428,30.9308832938978,31.1947937829134,30
647.1,35.2836595465657,32.0331819103428,30.9308832938978,31.1947937829134,30
647.15,35.2836595465657,32.0331819103428,30.9308832938978,31.1947937829134,30
647.2,35.2836595465657,32.0331819103428,30.9308832938978,31.1947937829134,30
647.25,35.2836595465657,32.0331819103428,30.9308832938978,31.1947937829134,30
647.3,35.2836595465657,32.0331819103428,30.9308832938978,31.1947937829134,30
647.35,35.2836595465657,32.0331819103428,30.9308832938978,31.1947937829134,30
647.4,35.2836595465657,32.0331819103428,30.9308832938978,31.1947937829134,30
647.45,35.2836595465657,32.0331819103428,30.9308832938978,31.1947937829134,30
647.5,35.2531648383303,32.0331819103428,30.9308832938978,31.192716614815,30
647.55,35.2531648383303,32.0331819103428,30.9308832938978,31.192716614815,30
647.6,35.2531648383303,32.0331819103428,30.9308832938978,31.192716614815,30
647.65,35.2531648383303,32.0331819103428,30.9308832938978,31.192716614815,30
647.7,35.2531648383303,32.0331819103428,30.9308832938978,31.192716614815,30
647.75,35.2531648383303,32.0331819103428,30.9308832938978,31.192716614815,30
647.8,35.2531648383303,32.0331819103428,30.9308832938978,31.192716614815,30
647.85,35.2531648383303,32.0331819103428,30.9308832938978,31.192716614815,30
647.9,35.2531648383303,32.0331819103428,30.9308832938978,31.192716614815,30
647.95,35.2531648383303,32.0331819103428,30.9308832938978,31.192716614815,30
648.0,35.1922161392252,31.9748049720021,30.873255674741,31.1907205511451,30
648.05,35.1922161392252,31.9748049720021,30.873255674741,31.1907205511451,30
648.1,35.1922161392252,31.9748049720021,30.873255674741,31.1907205511451,30
648.15,35.1922161392252,31.9748049720021,30.873255674741,31.1907205511451,30
648.2,35.1922161392252,31.9748049720021,30.873255674741,31.1907205511451,30
648.25,35.1922161392252,31.9748049720021,30.873255674741,31.1907205511451,30
648.3,35.1922161392252,31.9748049720021,30.873255674741,31.1907205511451,30
648.35,35.1922161392252,31.9748049720021,30.873255674741,31.1907205511451,30
648.4,35.1922161392252,31.9748049720021,30.873255674741,31.1907205511451,30
648.45,35.1922161392252,31.9748049720021,30.873255674741,31.1907205511451,30
648.5,35.1313215134745,31.9456320181382,30.873255674741,31.1872089310959,30
648.55,35.1313215134745,31.9456320181382,30.873255674741,31.1872089310959,30
648.6,35.1313215134745,31.9456320181382,30.873255674741,31.1872089310959,30
648.65,35.1313215134745,31.9456320181382,30.873255674741,31.1872089310959,30
648.7,35.1313215134745,31.9456320181382,30.873255674741,31.1872089310959,30
648.75,35.1313215134745,31.9456320181382,30.873255674741,31.1872089310959,30
648.8,35.1313215134745,31.9456320181382,30.873255674741,31.1872089310959,30
648.85,35.1313215134745,31.9456320181382,30.873255674741,31.1872089310959,30
648.9,35.1313215134745,31.9456320181382,30.873255674741,31.1872089310959,30
648.95,35.1313215134745,31.9456320181382,30.873255674741,31.1872089310959,30
649.0,35.1617620833846,31.9748049720021,30.9308832938978,31.183027956704,30
649.05,35.1617620833846,31.9748049720021,30.9308832938978,31.183027956704,30
649.1,35.1617620833846,31.9748049720021,30.9308832938978,31.183027956704,30
649.15,35.1617620833846,31.9748049720021,30.9308832938978,31.183027956704,30
649.2,35.1617620833846,31.9748049720021,30.9308832938978,31.183027956704,30
649.25,35.1617620833846,31.9748049720021,30.9308832938978,31.183027956704,30
649.3,35.1617620833846,31.9748049720021,30.9308832938978,31.183027956704,30
649.35,35.1617620833846,31.9748049720021,30.9308832938978,31.183027956704,30
649.4,35.1617620833846,31.9748049720021,30.9308832938978,31.183027956704,30
649.45,35.1617620833846,31.9748049720021,30.9308832938978,31.183027956704,30
649.5,35.2226837133889,32.0331819103428,30.9885484823664,31.1797911464029,30
649.55,35.2226837133889,32.0331819103428,30.9885484823664,31.1797911464029,30
649.6,35.2226837133889,32.0331819103428,30.9885484823664,31.1797911464029,30
649.65,35.2226837133889,32.0331819103428,30.9885484823664,31.1797911464029,30
649.7,35.2226837133889,32.0331819103428,30.9885484823664,31.1797911464029,30
649.75,35.2226837133889,32.0331819103428,30.9885484823664,31.1797911464029,30
649.8,35.2226837133889,32.0331819103428,30.9885484823664,31.1797911464029,30
649.85,35.2226837133889,32.0331819103428,30.9885484823664,31.1797911464029,30
649.9,35.2226837133889,32.0331819103428,30.9885484823664,31.1797911464029,30
649.95,35.2226837133889,32.0331819103428,30.9885484823664,31.1797911464029,30
650.0,35.1313215134745,31.9748049720021,30.9020648008935,31.17826399955,30
650.05,35.1313215134745,31.9748049720021,30.9020648008935,31.17826399955,30
650.1,35.1313215134745,31.9748049720021,30.9020648008935,31.17826399955,30
650.15,35.1313215134745,31.9748049720021,30.9020648008935,31.17826399955,30
650.2,35.1313215134745,31.9748049720021,30.9020648008935,31.17826399955,30
650.25,35.1313215134745,31.9748049720021,30.9020648008935,31.17826399955,30
650.3,35.1313215134745,31.9748049720021,30.9020648008935,31.17826399955,30
650.35,35.1313215134745,31.9748049720021,30.9020648008935,31.17826399955,30
650.4,35.1313215134745,31.9748049720021,30.9020648008935,31.17826399955,30
650.45,35.1313215134745,31.9748049720021,30.9020648008935,31.17826399955,30
650.5,35.1313215134745,32.003988260432,30.9597111792208,31.1752029368604,30
650.55,35.1313215134745,32.003988260432,30.9597111792208,31.1752029368604,30
650.6,35.1313215134745,32.003988260432,30.9597111792208,31.1752029368604,30
650.65,35.1313215134745,32.003988260432,30.9597111792208,31.1752029368604,30
650.7,35.1313215134745,32.003988260432,30.9597111792208,31.1752029368604,30
650.75,35.1313215134745,32.003988260432,30.9597111792208,31.1752029368604,30
650.8,35.1313215134745,32.003988260432,30.9597111792208,31.1752029368604,30
650.85,35.1313215134745,32.003988260432,30.9597111792208,31.1752029368604,30
650.9,35.1313215134745,32.003988260432,30.9597111792208,31.1752029368604,30
650.95,35.1313215134745,32.003988260432,30.9597111792208,31.1752029368604,30
651.0,35.0400803963233,31.9164693719678,30.873255674741,31.173046803127,30
651.05,35.0400803963233,31.9164693719678,30.873255674741,31.173046803127,30
651.1,35.0400803963233,31.9164693719678,30.873255674741,31.173046803127,30
651.15,35.0400803963233,31.9164693719678,30.873255674741,31.173046803127,30
651.2,35.0400803963233,31.9164693719678,30.873255674741,31.173046803127,30
651.25,35.0400803963233,31.9164693719678,30.873255674741,31.173046803127,30
651.3,35.0400803963233,31.9164693719678,30.873255674741,31.173046803127,30
651.35,35.0400803963233,31.9164693719678,30.873255674741,31.173046803127,30
651.4,35.0400803963233,31.9164693719678,30.873255674741,31.173046803127,30
651.45,35.0400803963233,31.9164693719678,30.873255674741,31.173046803127,30
651.5,35.0400803963233,31.9456320181382,30.9020648008935,31.1685800670091,30
651.55,35.0400803963233,31.9456320181382,30.9020648008935,31.1685800670091,30
651.6,35.0400803963233,31.9456320181382,30.9020648008935,31.1685800670091,30
651.65,35.0400803963233,31.9456320181382,30.9020648008935,31.1685800670091,30
651.7,35.0400803963233,31.9456320181382,30.9020648008935,31.1685800670091,30
651.75,35.0400803963233,31.9456320181382,30.9020648008935,31.1685800670091,30
651.8,35.0400803963233,31.9456320181382,30.9020648008935,31.1685800670091,30
651.85,35.0400803963233,31.9456320181382,30.9020648008935,31.1685800670091,30
651.9,35.0400803963233,31.9456320181382,30.9020648008935,31.1685800670091,30
651.95,35.0400803963233,31.9456320181382,30.9020648008935,31.1685800670091,30
652.0,34.9793198234373,31.88731700666,30.84445589001,31.1650625615804,30
652.05,34.9793198234373,31.88731700666,30.84445589001,31.1650625615804,30
652.1,34.9793198234373,31.88731700666,30.84445589001,31.1650625615804,30
652.15,34.9793198234373,31.88731700666,30.84445589001,31.1650625615804,30
652.2,34.9793198234373,31.88731700666,30.84445589001,31.1650625615804,30
652.25,34.9793198234373,31.88731700666,30.84445589001,31.1650625615804,30
652.3,34.9793198234373,31.88731700666,30.84445589001,31.1650625615804,30
652.35,34.9793198234373,31.88731700666,30.84445589001,31.1650625615804,30
652.4,34.9793198234373,31.88731700666,30.84445589001,31.1650625615804,30
652.45,34.9793198234373,31.88731700666,30.84445589001,31.1650625615804,30
652.5,35.0400803963233,31.9748049720021,30.9308832938978,31.1600748233196,30
652.55,35.0400803963233,31.9748049720021,30.9308832938978,31.1600748233196,30
652.6,35.0400803963233,31.9748049720021,30.9308832938978,31.1600748233196,30
652.65,35.0400803963233,31.9748049720021,30.9308832938978,31.1600748233196,30
652.7,35.0400803963233,31.9748049720021,30.9308832938978,31.1600748233196,30
652.75,35.0400803963233,31.9748049720021,30.9308832938978,31.1600748233196,30
652.8,35.0400803963233,31.9748049720021,30.9308832938978,31.1600748233196,30
652.85,35.0400803963233,31.9748049720021,30.9308832938978,31.1600748233196,30
652.9,35.0400803963233,31.9748049720021,30.9308832938978,31.1600748233196,30
652.95,35.0400803963233,31.9748049720021,30.9308832938978,31.1600748233196,30
653.0,35.009693447437,31.9456320181382,30.9308832938978,31.1576436397287,30
653.05,35.009693447437,31.9456320181382,30.9308832938978,31.1576436397287,30
653.1,35.009693447437,31.9456320181382,30.9308832938978,31.1576436397287,30
653.15,35.009693447437,31.9456320181382,30.9308832938978,31.1576436397287,30
653.2,35.009693447437,31.9456320181382,30.9308832938978,31.1576436397287,30
653.25,35.009693447437,31.9456320181382,30.9308832938978,31.1576436397287,30
653.3,35.009693447437,31.9456320181382,30.9308832938978,31.1576436397287,30
653.35,35.009693447437,31.9456320181382,30.9308832938978,31.1576436397287,30
653.4,35.009693447437,31.9456320181382,30.9308832938978,31.1576436397287,30
653.45,35.009693447437,31.9456320181382,30.9308832938978,31.1576436397287,30
653.5,34.9186124220516,31.88731700666,30.873255674741,31.1545000360375,30
653.55,34.9186124220516,31.88731700666,30.873255674741,31.1545000360375,30
653.6,34.9186124220516,31.88731700666,30.873255674741,31.1545000360375,30
653.65,34.9186124220516,31.88731700666,30.873255674741,31.1545000360375,30
653.7,34.9186124220516,31.88731700666,30.873255674741,31.1545000360375,30
653.75,34.9186124220516,31.88731700666,30.873255674741,31.1545000360375,30
653.8,34.9186124220516,31.88731700666,30.873255674741,31.1545000360375,30
653.85,34.9186124220516,31.88731700666,30.873255674741,31.1545000360375,30
653.9,34.9186124220516,31.88731700666,30.873255674741,31.1545000360375,30
653.95,34.9186124220516,31.88731700666,30.873255674741,31.1545000360375,30
654.0,35.009693447437,31.9456320181382,30.9597111792208,31.1498715284018,30
654.05,35.009693447437,31.9456320181382,30.9597111792208,31.1498715284018,30
654.1,35.009693447437,31.9456320181382,30.9597111792208,31.1498715284018,30
654.15,35.009693447437,31.9456320181382,30.9597111792208,31.1498715284018,30
654.2,35.009693447437,31.9456320181382,30.9597111792208,31.1498715284018,30
654.25,35.009693447437,31.9456320181382,30.9597111792208,31.1498715284018,30
654.3,35.009693447437,31.9456320181382,30.9597111792208,31.1498715284018,30
654.35,35.009693447437,31.9456320181382,30.9597111792208,31.1498715284018,30
654.4,35.009693447437,31.9456320181382,30.9597111792208,31.1498715284018,30
654.45,35.009693447437,31.9456320181382,30.9597111792208,31.1498715284018,30
654.5,34.9186124220516,31.88731700666,30.9020648008935,31.146989900093,30
654.55,34.9186124220516,31.88731700666,30.9020648008935,31.146989900093,30
654.6,34.9186124220516,31.88731700666,30.9020648008935,31.146989900093,30
654.65,34.9186124220516,31.88731700666,30.9020648008935,31.146989900093,30
654.7,34.9186124220516,31.88731700666,30.9020648008935,31.146989900093,30
654.75,34.9186124220516,31.88731700666,30.9020648008935,31.146989900093,30
654.8,34.9186124220516,31.88731700666,30.9020648008935,31.146989900093,30
654.85,34.9186124220516,31.88731700666,30.9020648008935,31.146989900093,30
654.9,34.9186124220516,31.88731700666,30.9020648008935,31.146989900093,30
654.95,34.9186124220516,31.88731700666,30.9020648008935,31.146989900093,30
655.0,34.857957936676,31.8581748954252,30.873255674741,31.1426143791722,30
655.05,34.857957936676,31.8581748954252,30.873255674741,31.1426143791722,30
655.1,34.857957936676,31.8581748954252,30.873255674741,31.1426143791722,30
655.15,34.857957936676,31.8581748954252,30.873255674741,31.1426143791722,30
655.2,34.857957936676,31.8581748954252,30.873255674741,31.1426143791722,30
655.25,34.857957936676,31.8581748954252,30.873255674741,31.1426143791722,30
655.3,34.857957936676,31.8581748954252,30.873255674741,31.1426143791722,30
655.35,34.857957936676,31.8581748954252,30.873255674741,31.1426143791722,30
655.4,34.857957936676,31.8581748954252,30.873255674741,31.1426143791722,30
655.45,34.857957936676,31.8581748954252,30.873255674741,31.1426143791722,30
655.5,34.8882785807932,31.9164693719678,30.9308832938978,31.1375891565122,30
655.55,34.8882785807932,31.9164693719678,30.9308832938978,31.1375891565122,30
655.6,34.8882785807932,31.9164693719678,30.9308832938978,31.1375891565122,30
655.65,34.8882785807932,31.9164693719678,30.9308832938978,31.1375891565122,30
655.7,34.8882785807932,31.9164693719678,30.9308832938978,31.1375891565122,30
655.75,34.8882785807932,31.9164693719678,30.9308832938978,31.1375891565122,30
655.8,34.8882785807932,31.9164693719678,30.9308832938978,31.1375891565122,30
655.85,34.8882785807932,31.9164693719678,30.9308832938978,31.1375891565122,30
655.9,34.8882785807932,31.9164693719678,30.9308832938978,31.1375891565122,30
655.95,34.8882785807932,31.9164693719678,30.9308832938978,31.1375891565122,30
656.0,34.8276504579133,31.8290430115152,30.84445589001,31.1343205384139,30
656.05,34.8276504579133,31.8290430115152,30.84445589001,31.1343205384139,30
656.1,34.8276504579133,31.8290430115152,30.84445589001,31.1343205384139,30
656.15,34.8276504579133,31.8290430115152,30.84445589001,31.1343205384139,30
656.2,34.8276504579133,31.8290430115152,30.84445589001,31.1343205384139,30
656.25,34.8276504579133,31.8290430115152,30.84445589001,31.1343205384139,30
656.3,34.8276504579133,31.8290430115152,30.84445589001,31.1343205384139,30
656.35,34.8276504579133,31.8290430115152,30.84445589001,31.1343205384139,30
656.4,34.8276504579133,31.8290430115152,30.84445589001,31.1343205384139,30
656.45,34.8276504579133,31.8290430115152,30.84445589001,31.1343205384139,30
656.5,34.8276504579133,31.8581748954252,30.873255674741,31.128773590238,30
656.55,34.8276504579133,31.8581748954252,30.873255674741,31.128773590238,30
656.6,34.8276504579133,31.8581748954252,30.873255674741,31.128773590238,30
656.65,34.8276504579133,31.8581748954252,30.873255674741,31.128773590238,30
656.7,34.8276504579133,31.8581748954252,30.873255674741,31.128773590238,30
656.75,34.8276504579133,31.8581748954252,30.873255674741,31.128773590238,30
656.8,34.8276504579133,31.8581748954252,30.873255674741,31.128773590238,30
656.85,34.8276504579133,31.8581748954252,30.873255674741,31.128773590238,30
656.9,34.8276504579133,31.8581748954252,30.873255674741,31.128773590238,30
656.95,34.8276504579133,31.8581748954252,30.873255674741,31.128773590238,30
657.0,34.7973561127776,31.8290430115152,30.873255674741,31.1242043806431,30
657.05,34.7973561127776,31.8290430115152,30.873255674741,31.1242043806431,30
657.1,34.7973561127776,31.8290430115152,30.873255674741,31.1242043806431,30
657.15,34.7973561127776,31.8290430115152,30.873255674741,31.1242043806431,30
657.2,34.7973561127776,31.8290430115152,30.873255674741,31.1242043806431,30
657.25,34.7973561127776,31.8290430115152,30.873255674741,31.1242043806431,30
657.3,34.7973561127776,31.8290430115152,30.873255674741,31.1242043806431,30
657.35,34.7973561127776,31.8290430115152,30.873255674741,31.1242043806431,30
657.4,34.7973561127776,31.8290430115152,30.873255674741,31.1242043806431,30
657.45,34.7973561127776,31.8290430115152,30.873255674741,31.1242043806431,30
657.5,34.7670748696009,31.8290430115152,30.873255674741,31.1189898333814,30
657.55,34.7670748696009,31.8290430115152,30.873255674741,31.1189898333814,30
657.6,34.7670748696009,31.8290430115152,30.873255674741,31.1189898333814,30
657.65,34.7670748696009,31.8290430115152,30.873255674741,31.1189898333814,30
657.7,34.7670748696009,31.8290430115152,30.873255674741,31.1189898333814,30
657.75,34.7670748696009,31.8290430115152,30.873255674741,31.1189898333814,30
657.8,34.7670748696009,31.8290430115152,30.873255674741,31.1189898333814,30
657.85,34.7670748696009,31.8290430115152,30.873255674741,31.1189898333814,30
657.9,34.7670748696009,31.8290430115152,30.873255674741,31.1189898333814,30
657.95,34.7670748696009,31.8290430115152,30.873255674741,31.1189898333814,30
658.0,34.7065515627466,31.799921328223,30.8156654213059,31.1139455765149,30
658.05,34.7065515627466,31.799921328223,30.8156654213059,31.1139455765149,30
658.1,34.7065515627466,31.799921328223,30.8156654213059,31.1139455765149,30
658.15,34.7065515627466,31.799921328223,30.8156654213059,31.1139455765149,30
658.2,34.7065515627466,31.799921328223,30.8156654213059,31.1139455765149,30
658.25,34.7065515627466,31.799921328223,30.8156654213059,31.1139455765149,30
658.3,34.7065515627466,31.799921328223,30.8156654213059,31.1139455765149,30
658.35,34.7065515627466,31.799921328223,30.8156654213059,31.1139455765149,30
658.4,34.7065515627466,31.799921328223,30.8156654213059,31.1139455765149,30
658.45,34.7065515627466,31.799921328223,30.8156654213059,31.1139455765149,30
658.5,34.6763094360267,31.7708098188828,30.8156654213059,31.1082699522868,30
658.55,34.6763094360267,31.7708098188828,30.8156654213059,31.1082699522868,30
658.6,34.6763094360267,31.7708098188828,30.8156654213059,31.1082699522868,30
658.65,34.6763094360267,31.7708098188828,30.8156654213059,31.1082699522868,30
658.7,34.6763094360267,31.7708098188828,30.8156654213059,31.1082699522868,30
658.75,34.6763094360267,31.7708098188828,30.8156654213059,31.1082699522868,30
658.8,34.6763094360267,31.7708098188828,30.8156654213059,31.1082699522868,30
658.85,34.6763094360267,31.7708098188828,30.8156654213059,31.1082699522868,30
658.9,34.6763094360267,31.7708098188828,30.8156654213059,31.1082699522868,30
658.95,34.6763094360267,31.7708098188828,30.8156654213059,31.1082699522868,30
659.0,34.6763094360267,31.7708098188828,30.8156654213059,31.1019834193594,30
659.05,34.6763094360267,31.7708098188828,30.8156654213059,31.1019834193594,30
659.1,34.6763094360267,31.7708098188828,30.8156654213059,31.1019834193594,30
659.15,34.6763094360267,31.7708098188828,30.8156654213059,31.1019834193594,30
659.2,34.6763094360267,31.7708098188828,30.8156654213059,31.1019834193594,30
659.25,34.6763094360267,31.7708098188828,30.8156654213059,31.1019834193594,30
659.3,34.6763094360267,31.7708098188828,30.8156654213059,31.1019834193594,30
659.35,34.6763094360267,31.7708098188828,30.8156654213059,31.1019834193594,30
659.4,34.6763094360267,31.7708098188828,30.8156654213059,31.1019834193594,30
659.45,34.6763094360267,31.7708098188828,30.8156654213059,31.1019834193594,30
659.5,34.6763094360267,31.799921328223,30.84445589001,31.095900512921,30
659.55,34.6763094360267,31.799921328223,30.84445589001,31.095900512921,30
659.6,34.6763094360267,31.799921328223,30.84445589001,31.095900512921,30
659.65,34.6763094360267,31.799921328223,30.84445589001,31.095900512921,30
659.7,34.6763094360267,31.799921328223,30.84445589001,31.095900512921,30
659.75,34.6763094360267,31.799921328223,30.84445589001,31.095900512921,30
659.8,34.6763094360267,31.799921328223,30.84445589001,31.095900512921,30
659.85,34.6763094360267,31.799921328223,30.84445589001,31.095900512921,30
659.9,34.6763094360267,31.799921328223,30.84445589001,31.095900512921,30
659.95,34.6763094360267,31.799921328223,30.84445589001,31.095900512921,30
660.0,34.6763094360267,31.799921328223,30.84445589001,31.0908082510377,30
660.05,34.6763094360267,31.799921328223,30.84445589001,31.0908082510377,30
660.1,34.6763094360267,31.799921328223,30.84445589001,31.0908082510377,30
660.15,34.6763094360267,31.799921328223,30.84445589001,31.0908082510377,30
660.2,34.6763094360267,31.799921328223,30.84445589001,31.0908082510377,30
660.25,34.6763094360267,31.799921328223,30.84445589001,31.0908082510377,30
660.3,34.6763094360267,31.799921328223,30.84445589001,31.0908082510377,30
660.35,34.6763094360267,31.799921328223,30.84445589001,31.0908082510377,30
660.4,34.6763094360267,31.799921328223,30.84445589001,31.0908082510377,30
660.45,34.6763094360267,31.799921328223,30.84445589001,31.0908082510377,30
660.5,34.6460802851809,31.7708098188828,30.84445589001,31.0858787562396,30
660.55,34.6460802851809,31.7708098188828,30.84445589001,31.0858787562396,30
660.6,34.6460802851809,31.7708098188828,30.84445589001,31.0858787562396,30
660.65,34.6460802851809,31.7708098188828,30.84445589001,31.0858787562396,30
660.7,34.6460802851809,31.7708098188828,30.84445589001,31.0858787562396,30
660.75,34.6460802851809,31.7708098188828,30.84445589001,31.0858787562396,30
660.8,34.6460802851809,31.7708098188828,30.84445589001,31.0858787562396,30
660.85,34.6460802851809,31.7708098188828,30.84445589001,31.0858787562396,30
660.9,34.6460802851809,31.7708098188828,30.84445589001,31.0858787562396,30
660.95,34.6460802851809,31.7708098188828,30.84445589001,31.0858787562396,30
661.0,34.5856607856681,31.7417084568693,30.8156654213059,31.0803121239299,30
661.05,34.5856607856681,31.7417084568693,30.8156654213059,31.0803121239299,30
661.1,34.5856607856681,31.7417084568693,30.8156654213059,31.0803121239299,30
661.15,34.5856607856681,31.7417084568693,30.8156654213059,31.0803121239299,30
661.2,34.5856607856681,31.7417084568693,30.8156654213059,31.0803121239299,30
661.25,34.5856607856681,31.7417084568693,30.8156654213059,31.0803121239299,30
661.3,34.5856607856681,31.7417084568693,30.8156654213059,31.0803121239299,30
661.35,34.5856607856681,31.7417084568693,30.8156654213059,31.0803121239299,30
661.4,34.5856607856681,31.7417084568693,30.8156654213059,31.0803121239299,30
661.45,34.5856607856681,31.7417084568693,30.8156654213059,31.0803121239299,30
661.5,34.5856607856681,31.7417084568693,30.8156654213059,31.0741290360432,30
661.55,34.5856607856681,31.7417084568693,30.8156654213059,31.0741290360432,30
661.6,34.5856607856681,31.7417084568693,30.8156654213059,31.0741290360432,30
661.65,34.5856607856681,31.7417084568693,30.8156654213059,31.0741290360432,30
661.7,34.5856607856681,31.7417084568693,30.8156654213059,31.0741290360432,30
661.75,34.5856607856681,31.7417084568693,30.8156654213059,31.0741290360432,30
661.8,34.5856607856681,31.7417084568693,30.8156654213059,31.0741290360432,30
661.85,34.5856607856681,31.7417084568693,30.8156654213059,31.0741290360432,30
661.9,34.5856607856681,31.7417084568693,30.8156654213059,31.0741290360432,30
661.95,34.5856607856681,31.7417084568693,30.8156654213059,31.0741290360432,30
662.0,34.555470374424,31.7417084568693,30.8156654213059,31.0681433974601,30
662.05,34.555470374424,31.7417084568693,30.8156654213059,31.0681433974601,30
662.1,34.555470374424,31.7417084568693,30.8156654213059,31.0681433974601,30
662.15,34.555470374424,31.7417084568693,30.8156654213059,31.0681433974601,30
662.2,34.555470374424,31.7417084568693,30.8156654213059,31.0681433974601,30
662.25,34.555470374424,31.7417084568693,30.8156654213059,31.0681433974601,30
662.3,34.555470374424,31.7417084568693,30.8156654213059,31.0681433974601,30
662.35,34.555470374424,31.7417084568693,30.8156654213059,31.0681433974601,30
662.4,34.555470374424,31.7417084568693,30.8156654213059,31.0681433974601,30
662.45,34.555470374424,31.7417084568693,30.8156654213059,31.0681433974601,30
662.5,34.5252928138993,31.7126172155985,30.8156654213059,31.0623480212702,30
662.55,34.5252928138993,31.7126172155985,30.8156654213059,31.0623480212702,30
662.6,34.5252928138993,31.7126172155985,30.8156654213059,31.0623480212702,30
662.65,34.5252928138993,31.7126172155985,30.8156654213059,31.0623480212702,30
662.7,34.5252928138993,31.7126172155985,30.8156654213059,31.0623480212702,30
662.75,34.5252928138993,31.7126172155985,30.8156654213059,31.0623480212702,30
662.8,34.5252928138993,31.7126172155985,30.8156654213059,31.0623480212702,30
662.85,34.5252928138993,31.7126172155985,30.8156654213059,31.0623480212702,30
662.9,34.5252928138993,31.7126172155985,30.8156654213059,31.0623480212702,30
662.95,34.5252928138993,31.7126172155985,30.8156654213059,31.0623480212702,30
663.0,34.555470374424,31.7417084568693,30.8156654213059,31.0559420794515,30
663.05,34.555470374424,31.7417084568693,30.8156654213059,31.0559420794515,30
663.1,34.555470374424,31.7417084568693,30.8156654213059,31.0559420794515,30
663.15,34.555470374424,31.7417084568693,30.8156654213059,31.0559420794515,30
663.2,34.555470374424,31.7417084568693,30.8156654213059,31.0559420794515,30
663.25,34.555470374424,31.7417084568693,30.8156654213059,31.0559420794515,30
663.3,34.555470374424,31.7417084568693,30.8156654213059,31.0559420794515,30
663.35,34.555470374424,31.7417084568693,30.8156654213059,31.0559420794515,30
663.4,34.555470374424,31.7417084568693,30.8156654213059,31.0559420794515,30
663.45,34.555470374424,31.7417084568693,30.8156654213059,31.0559420794515,30
663.5,34.4951280729493,31.7126172155985,30.7868842432706,31.0505335133162,30
663.55,34.4951280729493,31.7126172155985,30.7868842432706,31.0505335133162,30
663.6,34.4951280729493,31.7126172155985,30.7868842432706,31.0505335133162,30
663.65,34.4951280729493,31.7126172155985,30.7868842432706,31.0505335133162,30
663.7,34.4951280729493,31.7126172155985,30.7868842432706,31.0505335133162,30
663.75,34.4951280729493,31.7126172155985,30.7868842432706,31.0505335133162,30
663.8,34.4951280729493,31.7126172155985,30.7868842432706,31.0505335133162,30
663.85,34.4951280729493,31.7126172155985,30.7868842432706,31.0505335133162,30
663.9,34.4951280729493,31.7126172155985,30.7868842432706,31.0505335133162,30
663.95,34.4951280729493,31.7126172155985,30.7868842432706,31.0505335133162,30
664.0,34.4649761204862,31.6835360685264,30.7581123305819,31.0445009100064,30
664.05,34.4649761204862,31.6835360685264,30.7581123305819,31.0445009100064,30
664.1,34.4649761204862,31.6835360685264,30.7581123305819,31.0445009100064,30
664.15,34.4649761204862,31.6835360685264,30.7581123305819,31.0445009100064,30
664.2,34.4649761204862,31.6835360685264,30.7581123305819,31.0445009100064,30
664.25,34.4649761204862,31.6835360685264,30.7581123305819,31.0445009100064,30
664.3,34.4649761204862,31.6835360685264,30.7581123305819,31.0445009100064,30
664.35,34.4649761204862,31.6835360685264,30.7581123305819,31.0445009100064,30
664.4,34.4649761204862,31.6835360685264,30.7581123305819,31.0445009100064,30
664.45,34.4649761204862,31.6835360685264,30.7581123305819,31.0445009100064,30
664.5,34.404710456954,31.6544649891499,30.7581123305819,31.0378645691605,30
664.55,34.404710456954,31.6544649891499,30.7581123305819,31.0378645691605,30
664.6,34.404710456954,31.6544649891499,30.7581123305819,31.0378645691605,30
664.65,34.404710456954,31.6544649891499,30.7581123305819,31.0378645691605,30
664.7,34.404710456954,31.6544649891499,30.7581123305819,31.0378645691605,30
664.75,34.404710456954,31.6544649891499,30.7581123305819,31.0378645691605,30
664.8,34.404710456954,31.6544649891499,30.7581123305819,31.0378645691605,30
664.85,34.404710456954,31.6544649891499,30.7581123305819,31.0378645691605,30
664.9,34.404710456954,31.6544649891499,30.7581123305819,31.0378645691605,30
664.95,34.404710456954,31.6544649891499,30.7581123305819,31.0378645691605,30
665.0,34.4951280729493,31.7126172155985,30.8156654213059,31.0306441027178,30
665.05,34.4951280729493,31.7126172155985,30.8156654213059,31.0306441027178,30
665.1,34.4951280729493,31.7126172155985,30.8156654213059,31.0306441027178,30
665.15,34.4951280729493,31.7126172155985,30.8156654213059,31.0306441027178,30
665.2,34.4951280729493,31.7126172155985,30.8156654213059,31.0306441027178,30
665.25,34.4951280729493,31.7126172155985,30.8156654213059,31.0306441027178,30
665.3,34.4951280729493,31.7126172155985,30.8156654213059,31.0306441027178,30
665.35,34.4951280729493,31.7126172155985,30.8156654213059,31.0306441027178,30
665.4,34.4951280729493,31.7126172155985,30.8156654213059,31.0306441027178,30
665.45,34.4951280729493,31.7126172155985,30.8156654213059,31.0306441027178,30
665.5,34.3745966839932,31.6254039510059,30.7293496579532,31.0252391237128,30
665.55,34.3745966839932,31.6254039510059,30.7293496579532,31.0252391237128,30
665.6,34.3745966839932,31.6254039510059,30.7293496579532,31.0252391237128,30
665.65,34.3745966839932,31.6254039510059,30.7293496579532,31.0252391237128,30
665.7,34.3745966839932,31.6254039510059,30.7293496579532,31.0252391237128,30
665.75,34.3745966839932,31.6254039510059,30.7293496579532,31.0252391237128,30
665.8,34.3745966839932,31.6254039510059,30.7293496579532,31.0252391237128,30
665.85,34.3745966839932,31.6254039510059,30.7293496579532,31.0252391237128,30
665.9,34.3745966839932,31.6254039510059,30.7293496579532,31.0252391237128,30
665.95,34.3745966839932,31.6254039510059,30.7293496579532,31.0252391237128,30
666.0,34.4348369254792,31.7126172155985,30.8156654213059,31.0176225325193,30
666.05,34.4348369254792,31.7126172155985,30.8156654213059,31.0176225325193,30
666.1,34.4348369254792,31.7126172155985,30.8156654213059,31.0176225325193,30
666.15,34.4348369254792,31.7126172155985,30.8156654213059,31.0176225325193,30
666.2,34.4348369254792,31.7126172155985,30.8156654213059,31.0176225325193,30
666.25,34.4348369254792,31.7126172155985,30.8156654213059,31.0176225325193,30
666.3,34.4348369254792,31.7126172155985,30.8156654213059,31.0176225325193,30
666.35,34.4348369254792,31.7126172155985,30.8156654213059,31.0176225325193,30
666.4,34.4348369254792,31.7126172155985,30.8156654213059,31.0176225325193,30
666.45,34.4348369254792,31.7126172155985,30.8156654213059,31.0176225325193,30
666.5,34.3745966839932,31.6544649891499,30.7581123305819,31.0126263782624,30
666.55,34.3745966839932,31.6544649891499,30.7581123305819,31.0126263782624,30
666.6,34.3745966839932,31.6544649891499,30.7581123305819,31.0126263782624,30
666.65,34.3745966839932,31.6544649891499,30.7581123305819,31.0126263782624,30
666.7,34.3745966839932,31.6544649891499,30.7581123305819,31.0126263782624,30
666.75,34.3745966839932,31.6544649891499,30.7581123305819,31.0126263782624,30
666.8,34.3745966839932,31.6544649891499,30.7581123305819,31.0126263782624,30
666.85,34.3745966839932,31.6544649891499,30.7581123305819,31.0126263782624,30
666.9,34.3745966839932,31.6544649891499,30.7581123305819,31.0126263782624,30
666.95,34.3745966839932,31.6544649891499,30.7581123305819,31.0126263782624,30
667.0,34.3745966839932,31.6544649891499,30.7581123305819,31.0061964028447,30
667.05,34.3745966839932,31.6544649891499,30.7581123305819,31.0061964028447,30
667.1,34.3745966839932,31.6544649891499,30.7581123305819,31.0061964028447,30
667.15,34.3745966839932,31.6544649891499,30.7581123305819,31.0061964028447,30
667.2,34.3745966839932,31.6544649891499,30.7581123305819,31.0061964028447,30
667.25,34.3745966839932,31.6544649891499,30.7581123305819,31.0061964028447,30
667.3,34.3745966839932,31.6544649891499,30.7581123305819,31.0061964028447,30
667.35,34.3745966839932,31.6544649891499,30.7581123305819,31.0061964028447,30
667.4,34.3745966839932,31.6544649891499,30.7581123305819,31.0061964028447,30
667.45,34.3745966839932,31.6544649891499,30.7581123305819,31.0061964028447,30
667.5,34.3144071013753,31.5963529276715,30.7293496579532,30.9999670128137,30
667.55,34.3144071013753,31.5963529276715,30.7293496579532,30.9999670128137,30
667.6,34.3144071013753,31.5963529276715,30.7293496579532,30.9999670128137,30
667.65,34.3144071013753,31.5963529276715,30.7293496579532,30.9999670128137,30
667.7,34.3144071013753,31.5963529276715,30.7293496579532,30.9999670128137,30
667.75,34.3144071013753,31.5963529276715,30.7293496579532,30.9999670128137,30
667.8,34.3144071013753,31.5963529276715,30.7293496579532,30.9999670128137,30
667.85,34.3144071013753,31.5963529276715,30.7293496579532,30.9999670128137,30
667.9,34.3144071013753,31.5963529276715,30.7293496579532,30.9999670128137,30
667.95,34.3144071013753,31.5963529276715,30.7293496579532,30.9999670128137,30
668.0,34.2843312301634,31.5963529276715,30.7293496579532,30.9923456951921,30
668.05,34.2843312301634,31.5963529276715,30.7293496579532,30.9923456951921,30
668.1,34.2843312301634,31.5963529276715,30.7293496579532,30.9923456951921,30
668.15,34.2843312301634,31.5963529276715,30.7293496579532,30.9923456951921,30
668.2,34.2843312301634,31.5963529276715,30.7293496579532,30.9923456951921,30
668.25,34.2843312301634,31.5963529276715,30.7293496579532,30.9923456951921,30
668.3,34.2843312301634,31.5963529276715,30.7293496579532,30.9923456951921,30
668.35,34.2843312301634,31.5963529276715,30.7293496579532,30.9923456951921,30
668.4,34.2843312301634,31.5963529276715,30.7293496579532,30.9923456951921,30
668.45,34.2843312301634,31.5963529276715,30.7293496579532,30.9923456951921,30
668.5,34.2843312301634,31.5963529276715,30.7293496579532,30.9849637578488,30
668.55,34.2843312301634,31.5963529276715,30.7293496579532,30.9849637578488,30
668.6,34.2843312301634,31.5963529276715,30.7293496579532,30.9849637578488,30
668.65,34.2843312301634,31.5963529276715,30.7293496579532,30.9849637578488,30
668.7,34.2843312301634,31.5963529276715,30.7293496579532,30.9849637578488,30
668.75,34.2843312301634,31.5963529276715,30.7293496579532,30.9849637578488,30
668.8,34.2843312301634,31.5963529276715,30.7293496579532,30.9849637578488,30
668.85,34.2843312301634,31.5963529276715,30.7293496579532,30.9849637578488,30
668.9,34.2843312301634,31.5963529276715,30.7293496579532,30.9849637578488,30
668.95,34.2843312301634,31.5963529276715,30.7293496579532,30.9849637578488,30
669.0,34.2843312301634,31.6254039510059,30.7581123305819,30.9778126926116,30
669.05,34.2843312301634,31.6254039510059,30.7581123305819,30.9778126926116,30
669.1,34.2843312301634,31.6254039510059,30.7581123305819,30.9778126926116,30
669.15,34.2843312301634,31.6254039510059,30.7581123305819,30.9778126926116,30
669.2,34.2843312301634,31.6254039510059,30.7581123305819,30.9778126926116,30
669.25,34.2843312301634,31.6254039510059,30.7581123305819,30.9778126926116,30
669.3,34.2843312301634,31.6254039510059,30.7581123305819,30.9778126926116,30
669.35,34.2843312301634,31.6254039510059,30.7581123305819,30.9778126926116,30
669.4,34.2843312301634,31.6254039510059,30.7581123305819,30.9778126926116,30
669.45,34.2843312301634,31.6254039510059,30.7581123305819,30.9778126926116,30
669.5,34.2242171744659,31.5673118927639,30.700596200134,30.9716770850272,30
669.55,34.2242171744659,31.5673118927639,30.700596200134,30.9716770850272,30
669.6,34.2242171744659,31.5673118927639,30.700596200134,30.9716770850272,30
669.65,34.2242171744659,31.5673118927639,30.700596200134,30.9716770850272,30
669.7,34.2242171744659,31.5673118927639,30.700596200134,30.9716770850272,30
669.75,34.2242171744659,31.5673118927639,30.700596200134,30.9716770850272,30
669.8,34.2242171744659,31.5673118927639,30.700596200134,30.9716770850272,30
669.85,34.2242171744659,31.5673118927639,30.700596200134,30.9716770850272,30
669.9,34.2242171744659,31.5673118927639,30.700596200134,30.9716770850272,30
669.95,34.2242171744659,31.5673118927639,30.700596200134,30.9716770850272,30
670.0,34.1941789287592,31.5673118927639,30.700596200134,30.9641446674856,30
670.05,34.1941789287592,31.5673118927639,30.700596200134,30.9641446674856,30
670.1,34.1941789287592,31.5673118927639,30.700596200134,30.9641446674856,30
670.15,34.1941789287592,31.5673118927639,30.700596200134,30.9641446674856,30
670.2,34.1941789287592,31.5673118927639,30.700596200134,30.9641446674856,30
670.25,34.1941789287592,31.5673118927639,30.700596200134,30.9641446674856,30
670.3,34.1941789287592,31.5673118927639,30.700596200134,30.9641446674856,30
670.35,34.1941789287592,31.5673118927639,30.700596200134,30.9641446674856,30
670.4,34.1941789287592,31.5673118927639,30.700596200134,30.9641446674856,30
670.45,34.1941789287592,31.5673118927639,30.700596200134,30.9641446674856,30
670.5,34.2242171744659,31.5673118927639,30.7293496579532,30.9568464053983,30
670.55,34.2242171744659,31.5673118927639,30.7293496579532,30.9568464053983,30
670.6,34.2242171744659,31.5673118927639,30.7293496579532,30.9568464053983,30
670.65,34.2242171744659,31.5673118927639,30.7293496579532,30.9568464053983,30
670.7,34.2242171744659,31.5673118927639,30.7293496579532,30.9568464053983,30
670.75,34.2242171744659,31.5673118927639,30.7293496579532,30.9568464053983,30
670.8,34.2242171744659,31.5673118927639,30.7293496579532,30.9568464053983,30
670.85,34.2242171744659,31.5673118927639,30.7293496579532,30.9568464053983,30
670.9,34.2242171744659,31.5673118927639,30.7293496579532,30.9568464053983,30
670.95,34.2242171744659,31.5673118927639,30.7293496579532,30.9568464053983,30
671.0,34.1641531637584,31.5382808199399,30.6718519319091,30.949774586977,30
671.05,34.1641531637584,31.5382808199399,30.6718519319091,30.949774586977,30
671.1,34.1641531637584,31.5382808199399,30.6718519319091,30.949774586977,30
671.15,34.1641531637584,31.5382808199399,30.6718519319091,30.949774586977,30
671.2,34.1641531637584,31.5382808199399,30.6718519319091,30.949774586977,30
671.25,34.1641531637584,31.5382808199399,30.6718519319091,30.949774586977,30
671.3,34.1641531637584,31.5382808199399,30.6718519319091,30.949774586977,30
671.35,34.1641531637584,31.5382808199399,30.6718519319091,30.949774586977,30
671.4,34.1641531637584,31.5382808199399,30.6718519319091,30.949774586977,30
671.45,34.1641531637584,31.5382808199399,30.6718519319091,30.949774586977,30
671.5,34.1341398489907,31.5092596828963,30.6718519319091,30.9421294824958,30
671.55,34.1341398489907,31.5092596828963,30.6718519319091,30.9421294824958,30
671.6,34.1341398489907,31.5092596828963,30.6718519319091,30.9421294824958,30
671.65,34.1341398489907,31.5092596828963,30.6718519319091,30.9421294824958,30
671.7,34.1341398489907,31.5092596828963,30.6718519319091,30.9421294824958,30
671.75,34.1341398489907,31.5092596828963,30.6718519319091,30.9421294824958,30
671.8,34.1341398489907,31.5092596828963,30.6718519319091,30.9421294824958,30
671.85,34.1341398489907,31.5092596828963,30.6718519319091,30.9421294824958,30
671.9,34.1341398489907,31.5092596828963,30.6718519319091,30.9421294824958,30
671.95,34.1341398489907,31.5092596828963,30.6718519319091,30.9421294824958,30
672.0,34.1641531637584,31.5673118927639,30.700596200134,30.9339297668201,30
672.05,34.1641531637584,31.5673118927639,30.700596200134,30.9339297668201,30
672.1,34.1641531637584,31.5673118927639,30.700596200134,30.9339297668201,30
672.15,34.1641531637584,31.5673118927639,30.700596200134,30.9339297668201,30
672.2,34.1641531637584,31.5673118927639,30.700596200134,30.9339297668201,30
672.25,34.1641531637584,31.5673118927639,30.700596200134,30.9339297668201,30
672.3,34.1641531637584,31.5673118927639,30.700596200134,30.9339297668201,30
672.35,34.1641531637584,31.5673118927639,30.700596200134,30.9339297668201,30
672.4,34.1641531637584,31.5673118927639,30.700596200134,30.9339297668201,30
672.45,34.1641531637584,31.5673118927639,30.700596200134,30.9339297668201,30
672.5,34.1341398489907,31.5382808199399,30.700596200134,30.9275694495338,30
672.55,34.1341398489907,31.5382808199399,30.700596200134,30.9275694495338,30
672.6,34.1341398489907,31.5382808199399,30.700596200134,30.9275694495338,30
672.65,34.1341398489907,31.5382808199399,30.700596200134,30.9275694495338,30
672.7,34.1341398489907,31.5382808199399,30.700596200134,30.9275694495338,30
672.75,34.1341398489907,31.5382808199399,30.700596200134,30.9275694495338,30
672.8,34.1341398489907,31.5382808199399,30.700596200134,30.9275694495338,30
672.85,34.1341398489907,31.5382808199399,30.700596200134,30.9275694495338,30
672.9,34.1341398489907,31.5382808199399,30.700596200134,30.9275694495338,30
672.95,34.1341398489907,31.5382808199399,30.700596200134,30.9275694495338,30
673.0,34.1341398489907,31.5382808199399,30.700596200134,30.9206106719468,30
673.05,34.1341398489907,31.5382808199399,30.700596200134,30.9206106719468,30
673.1,34.1341398489907,31.5382808199399,30.700596200134,30.9206106719468,30
673.15,34.1341398489907,31.5382808199399,30.700596200134,30.9206106719468,30
673.2,34.1341398489907,31.5382808199399,30.700596200134,30.9206106719468,30
673.25,34.1341398489907,31.5382808199399,30.700596200134,30.9206106719468,30
673.3,34.1341398489907,31.5382808199399,30.700596200134,30.9206106719468,30
673.35,34.1341398489907,31.5382808199399,30.700596200134,30.9206106719468,30
673.4,34.1341398489907,31.5382808199399,30.700596200134,30.9206106719468,30
673.45,34.1341398489907,31.5382808199399,30.700596200134,30.9206106719468,30
673.5,34.0741504485364,31.4802484553692,30.6431168280988,30.9138655513022,30
673.55,34.0741504485364,31.4802484553692,30.6431168280988,30.9138655513022,30
673.6,34.0741504485364,31.4802484553692,30.6431168280988,30.9138655513022,30
673.65,34.0741504485364,31.4802484553692,30.6431168280988,30.9138655513022,30
673.7,34.0741504485364,31.4802484553692,30.6431168280988,30.9138655513022,30
673.75,34.0741504485364,31.4802484553692,30.6431168280988,30.9138655513022,30
673.8,34.0741504485364,31.4802484553692,30.6431168280988,30.9138655513022,30
673.85,34.0741504485364,31.4802484553692,30.6431168280988,30.9138655513022,30
673.9,34.0741504485364,31.4802484553692,30.6431168280988,30.9138655513022,30
673.95,34.0741504485364,31.4802484553692,30.6431168280988,30.9138655513022,30
674.0,34.1041389540379,31.5092596828963,30.6718519319091,30.9057433784669,30
674.05,34.1041389540379,31.5092596828963,30.6718519319091,30.9057433784669,30
674.1,34.1041389540379,31.5092596828963,30.6718519319091,30.9057433784669,30
674.15,34.1041389540379,31.5092596828963,30.6718519319091,30.9057433784669,30
674.2,34.1041389540379,31.5092596828963,30.6718519319091,30.9057433784669,30
674.25,34.1041389540379,31.5092596828963,30.6718519319091,30.9057433784669,30
674.3,34.1041389540379,31.5092596828963,30.6718519319091,30.9057433784669,30
674.35,34.1041389540379,31.5092596828963,30.6718519319091,30.9057433784669,30
674.4,34.1041389540379,31.5092596828963,30.6718519319091,30.9057433784669,30
674.45,34.1041389540379,31.5092596828963,30.6718519319091,30.9057433784669,30
674.5,34.1341398489907,31.5382808199399,30.7293496579532,30.8986651578995,30
674.55,34.1341398489907,31.5382808199399,30.7293496579532,30.8986651578995,30
674.6,34.1341398489907,31.5382808199399,30.7293496579532,30.8986651578995,30
674.65,34.1341398489907,31.5382808199399,30.7293496579532,30.8986651578995,30
674.7,34.1341398489907,31.5382808199399,30.7293496579532,30.8986651578995,30
674.75,34.1341398489907,31.5382808199399,30.7293496579532,30.8986651578995,30
674.8,34.1341398489907,31.5382808199399,30.7293496579532,30.8986651578995,30
674.85,34.1341398489907,31.5382808199399,30.7293496579532,30.8986651578995,30
674.9,34.1341398489907,31.5382808199399,30.7293496579532,30.8986651578995,30
674.95,34.1341398489907,31.5382808199399,30.7293496579532,30.8986651578995,30
675.0,34.0741504485364,31.5382808199399,30.700596200134,30.8925966836614,30
675.05,34.0741504485364,31.5382808199399,30.700596200134,30.8925966836614,30
675.1,34.0741504485364,31.5382808199399,30.700596200134,30.8925966836614,30
675.15,34.0741504485364,31.5382808199399,30.700596200134,30.8925966836614,30
675.2,34.0741504485364,31.5382808199399,30.700596200134,30.8925966836614,30
675.25,34.0741504485364,31.5382808199399,30.700596200134,30.8925966836614,30
675.3,34.0741504485364,31.5382808199399,30.700596200134,30.8925966836614,30
675.35,34.0741504485364,31.5382808199399,30.700596200134,30.8925966836614,30
675.4,34.0741504485364,31.5382808199399,30.700596200134,30.8925966836614,30
675.45,34.0741504485364,31.5382808199399,30.700596200134,30.8925966836614,30
675.5,34.0441743021769,31.4802484553692,30.6431168280988,30.8867114846408,30
675.55,34.0441743021769,31.4802484553692,30.6431168280988,30.8867114846408,30
675.6,34.0441743021769,31.4802484553692,30.6431168280988,30.8867114846408,30
675.65,34.0441743021769,31.4802484553692,30.6431168280988,30.8867114846408,30
675.7,34.0441743021769,31.4802484553692,30.6431168280988,30.8867114846408,30
675.75,34.0441743021769,31.4802484553692,30.6431168280988,30.8867114846408,30
675.8,34.0441743021769,31.4802484553692,30.6431168280988,30.8867114846408,30
675.85,34.0441743021769,31.4802484553692,30.6431168280988,30.8867114846408,30
675.9,34.0441743021769,31.4802484553692,30.6431168280988,30.8867114846408,30
675.95,34.0441743021769,31.4802484553692,30.6431168280988,30.8867114846408,30
676.0,34.0441743021769,31.5092596828963,30.700596200134,30.8794193335492,30
676.05,34.0441743021769,31.5092596828963,30.700596200134,30.8794193335492,30
676.1,34.0441743021769,31.5092596828963,30.700596200134,30.8794193335492,30
676.15,34.0441743021769,31.5092596828963,30.700596200134,30.8794193335492,30
676.2,34.0441743021769,31.5092596828963,30.700596200134,30.8794193335492,30
676.25,34.0441743021769,31.5092596828963,30.700596200134,30.8794193335492,30
676.3,34.0441743021769,31.5092596828963,30.700596200134,30.8794193335492,30
676.35,34.0441743021769,31.5092596828963,30.700596200134,30.8794193335492,30
676.4,34.0441743021769,31.5092596828963,30.700596200134,30.8794193335492,30
676.45,34.0441743021769,31.5092596828963,30.700596200134,30.8794193335492,30
676.5,34.0142104847041,31.4802484553692,30.6718519319091,30.8731422623203,30
676.55,34.0142104847041,31.4802484553692,30.6718519319091,30.8731422623203,30
676.6,34.0142104847041,31.4802484553692,30.6718519319091,30.8731422623203,30
676.65,34.0142104847041,31.4802484553692,30.6718519319091,30.8731422623203,30
676.7,34.0142104847041,31.4802484553692,30.6718519319091,30.8731422623203,30
676.75,34.0142104847041,31.4802484553692,30.6718519319091,30.8731422623203,30
676.8,34.0142104847041,31.4802484553692,30.6718519319091,30.8731422623203,30
676.85,34.0142104847041,31.4802484553692,30.6718519319091,30.8731422623203,30
676.9,34.0142104847041,31.4802484553692,30.6718519319091,30.8731422623203,30
676.95,34.0142104847041,31.4802484553692,30.6718519319091,30.8731422623203,30
677.0,34.0142104847041,31.5092596828963,30.6718519319091,30.8662627854838,30
677.05,34.0142104847041,31.5092596828963,30.6718519319091,30.8662627854838,30
677.1,34.0142104847041,31.5092596828963,30.6718519319091,30.8662627854838,30
677.15,34.0142104847041,31.5092596828963,30.6718519319091,30.8662627854838,30
677.2,34.0142104847041,31.5092596828963,30.6718519319091,30.8662627854838,30
677.25,34.0142104847041,31.5092596828963,30.6718519319091,30.8662627854838,30
677.3,34.0142104847041,31.5092596828963,30.6718519319091,30.8662627854838,30
677.35,34.0142104847041,31.5092596828963,30.6718519319091,30.8662627854838,30
677.4,34.0142104847041,31.5092596828963,30.6718519319091,30.8662627854838,30
677.45,34.0142104847041,31.5092596828963,30.6718519319091,30.8662627854838,30
677.5,33.9543197156673,31.4222556240059,30.6143908635585,30.8603837779778,30
677.55,33.9543197156673,31.4222556240059,30.6143908635585,30.8603837779778,30
677.6,33.9543197156673,31.4222556240059,30.6143908635585,30.8603837779778,30
677.65,33.9543197156673,31.4222556240059,30.6143908635585,30.8603837779778,30
677.7,33.9543197156673,31.4222556240059,30.6143908635585,30.8603837779778,30
677.75,33.9543197156673,31.4222556240059,30.6143908635585,30.8603837779778,30
677.8,33.9543197156673,31.4222556240059,30.6143908635585,30.8603837779778,30
677.85,33.9543197156673,31.4222556240059,30.6143908635585,30.8603837779778,30
677.9,33.9543197156673,31.4222556240059,30.6143908635585,30.8603837779778,30
677.95,33.9543197156673,31.4222556240059,30.6143908635585,30.8603837779778,30
678.0,33.9243927038617,31.4222556240059,30.6143908635585,30.8523062184772,30
678.05,33.9243927038617,31.4222556240059,30.6143908635585,30.8523062184772,30
678.1,33.9243927038617,31.4222556240059,30.6143908635585,30.8523062184772,30
678.15,33.9243927038617,31.4222556240059,30.6143908635585,30.8523062184772,30
678.2,33.9243927038617,31.4222556240059,30.6143908635585,30.8523062184772,30
678.25,33.9243927038617,31.4222556240059,30.6143908635585,30.8523062184772,30
678.3,33.9243927038617,31.4222556240059,30.6143908635585,30.8523062184772,30
678.35,33.9243927038617,31.4222556240059,30.6143908635585,30.8523062184772,30
678.4,33.9243927038617,31.4222556240059,30.6143908635585,30.8523062184772,30
678.45,33.9243927038617,31.4222556240059,30.6143908635585,30.8523062184772,30
678.5,33.8944779004593,31.3932739678384,30.5856740131792,30.8444772378881,30
678.55,33.8944779004593,31.3932739678384,30.5856740131792,30.8444772378881,30
678.6,33.8944779004593,31.3932739678384,30.5856740131792,30.8444772378881,30
678.65,33.8944779004593,31.3932739678384,30.5856740131792,30.8444772378881,30
678.7,33.8944779004593,31.3932739678384,30.5856740131792,30.8444772378881,30
678.75,33.8944779004593,31.3932739678384,30.5856740131792,30.8444772378881,30
678.8,33.8944779004593,31.3932739678384,30.5856740131792,30.8444772378881,30
678.85,33.8944779004593,31.3932739678384,30.5856740131792,30.8444772378881,30
678.9,33.8944779004593,31.3932739678384,30.5856740131792,30.8444772378881,30
678.95,33.8944779004593,31.3932739678384,30.5856740131792,30.8444772378881,30
679.0,33.8944779004593,31.4222556240059,30.5856740131792,30.8360972021176,30
679.05,33.8944779004593,31.4222556240059,30.5856740131792,30.8360972021176,30
679.1,33.8944779004593,31.4222556240059,30.5856740131792,30.8360972021176,30
679.15,33.8944779004593,31.4222556240059,30.5856740131792,30.8360972021176,30
679.2,33.8944779004593,31.4222556240059,30.5856740131792,30.8360972021176,30
679.25,33.8944779004593,31.4222556240059,30.5856740131792,30.8360972021176,30
679.3,33.8944779004593,31.4222556240059,30.5856740131792,30.8360972021176,30
679.35,33.8944779004593,31.4222556240059,30.5856740131792,30.8360972021176,30
679.4,33.8944779004593,31.4222556240059,30.5856740131792,30.8360972021176,30
679.45,33.8944779004593,31.4222556240059,30.5856740131792,30.8360972021176,30
679.5,33.8944779004593,31.3932739678384,30.5856740131792,30.8287656455167,30
679.55,33.8944779004593,31.3932739678384,30.5856740131792,30.8287656455167,30
679.6,33.8944779004593,31.3932739678384,30.5856740131792,30.8287656455167,30
679.65,33.8944779004593,31.3932739678384,30.5856740131792,30.8287656455167,30
679.7,33.8944779004593,31.3932739678384,30.5856740131792,30.8287656455167,30
679.75,33.8944779004593,31.3932739678384,30.5856740131792,30.8287656455167,30
679.8,33.8944779004593,31.3932739678384,30.5856740131792,30.8287656455167,30
679.85,33.8944779004593,31.3932739678384,30.5856740131792,30.8287656455167,30
679.9,33.8944779004593,31.3932739678384,30.5856740131792,30.8287656455167,30
679.95,33.8944779004593,31.3932739678384,30.5856740131792,30.8287656455167,30
680.0,33.8944779004593,31.4222556240059,30.6143908635585,30.8208661734345,30
680.05,33.8944779004593,31.4222556240059,30.6143908635585,30.8208661734345,30
680.1,33.8944779004593,31.4222556240059,30.6143908635585,30.8208661734345,30
680.15,33.8944779004593,31.4222556240059,30.6143908635585,30.8208661734345,30
680.2,33.8944779004593,31.4222556240059,30.6143908635585,30.8208661734345,30
680.25,33.8944779004593,31.4222556240059,30.6143908635585,30.8208661734345,30
680.3,33.8944779004593,31.4222556240059,30.6143908635585,30.8208661734345,30
680.35,33.8944779004593,31.4222556240059,30.6143908635585,30.8208661734345,30
680.4,33.8944779004593,31.4222556240059,30.6143908635585,30.8208661734345,30
680.45,33.8944779004593,31.4222556240059,30.6143908635585,30.8208661734345,30
680.5,33.8944779004593,31.4512471111341,30.6143908635585,30.813999470244,30
680.55,33.8944779004593,31.4512471111341,30.6143908635585,30.813999470244,30
680.6,33.8944779004593,31.4512471111341,30.6143908635585,30.813999470244,30
680.65,33.8944779004593,31.4512471111341,30.6143908635585,30.813999470244,30
680.7,33.8944779004593,31.4512471111341,30.6143908635585,30.813999470244,30
680.75,33.8944779004593,31.4512471111341,30.6143908635585,30.813999470244,30
680.8,33.8944779004593,31.4512471111341,30.6143908635585,30.813999470244,30
680.85,33.8944779004593,31.4512471111341,30.6143908635585,30.813999470244,30
680.9,33.8944779004593,31.4512471111341,30.6143908635585,30.813999470244,30
680.95,33.8944779004593,31.4512471111341,30.6143908635585,30.813999470244,30
681.0,33.8645752754725,31.4222556240059,30.6143908635585,30.8081305996787,30
681.05,33.8645752754725,31.4222556240059,30.6143908635585,30.8081305996787,30
681.1,33.8645752754725,31.4222556240059,30.6143908635585,30.8081305996787,30
681.15,33.8645752754725,31.4222556240059,30.6143908635585,30.8081305996787,30
681.2,33.8645752754725,31.4222556240059,30.6143908635585,30.8081305996787,30
681.25,33.8645752754725,31.4222556240059,30.6143908635585,30.8081305996787,30
681.3,33.8645752754725,31.4222556240059,30.6143908635585,30.8081305996787,30
681.35,33.8645752754725,31.4222556240059,30.6143908635585,30.8081305996787,30
681.4,33.8645752754725,31.4222556240059,30.6143908635585,30.8081305996787,30
681.45,33.8645752754725,31.4222556240059,30.6143908635585,30.8081305996787,30
681.5,33.8944779004593,31.4512471111341,30.6431168280988,30.8016437805786,30
681.55,33.8944779004593,31.4512471111341,30.6431168280988,30.8016437805786,30
681.6,33.8944779004593,31.4512471111341,30.6431168280988,30.8016437805786,30
681.65,33.8944779004593,31.4512471111341,30.6431168280988,30.8016437805786,30
681.7,33.8944779004593,31.4512471111341,30.6431168280988,30.8016437805786,30
681.75,33.8944779004593,31.4512471111341,30.6431168280988,30.8016437805786,30
681.8,33.8944779004593,31.4512471111341,30.6431168280988,30.8016437805786,30
681.85,33.8944779004593,31.4512471111341,30.6431168280988,30.8016437805786,30
681.9,33.8944779004593,31.4512471111341,30.6431168280988,30.8016437805786,30
681.95,33.8944779004593,31.4512471111341,30.6431168280988,30.8016437805786,30
682.0,33.8048064410604,31.3643021165246,30.5569662518864,30.7961419604305,30
682.05,33.8048064410604,31.3643021165246,30.5569662518864,30.7961419604305,30
682.1,33.8048064410604,31.3643021165246,30.5569662518864,30.7961419604305,30
682.15,33.8048064410604,31.3643021165246,30.5569662518864,30.7961419604305,30
682.2,33.8048064410604,31.3643021165246,30.5569662518864,30.7961419604305,30
682.25,33.8048064410604,31.3643021165246,30.5569662518864,30.7961419604305,30
682.3,33.8048064410604,31.3643021165246,30.5569662518864,30.7961419604305,30
682.35,33.8048064410604,31.3643021165246,30.5569662518864,30.7961419604305,30
682.4,33.8048064410604,31.3643021165246,30.5569662518864,30.7961419604305,30
682.45,33.8048064410604,31.3643021165246,30.5569662518864,30.7961419604305,30
682.5,33.7749401719241,31.335340043996,30.5282675546409,30.7884288160239,30
682.55,33.7749401719241,31.335340043996,30.5282675546409,30.7884288160239,30
682.6,33.7749401719241,31.335340043996,30.5282675546409,30.7884288160239,30
682.65,33.7749401719241,31.335340043996,30.5282675546409,30.7884288160239,30
682.7,33.7749401719241,31.335340043996,30.5282675546409,30.7884288160239,30
682.75,33.7749401719241,31.335340043996,30.5282675546409,30.7884288160239,30
682.8,33.7749401719241,31.335340043996,30.5282675546409,30.7884288160239,30
682.85,33.7749401719241,31.335340043996,30.5282675546409,30.7884288160239,30
682.9,33.7749401719241,31.335340043996,30.5282675546409,30.7884288160239,30
682.95,33.7749401719241,31.335340043996,30.5282675546409,30.7884288160239,30
683.0,33.8645752754725,31.4222556240059,30.6143908635585,30.7801599666601,30
683.05,33.8645752754725,31.4222556240059,30.6143908635585,30.7801599666601,30
683.1,33.8645752754725,31.4222556240059,30.6143908635585,30.7801599666601,30
683.15,33.8645752754725,31.4222556240059,30.6143908635585,30.7801599666601,30
683.2,33.8645752754725,31.4222556240059,30.6143908635585,30.7801599666601,30
683.25,33.8645752754725,31.4222556240059,30.6143908635585,30.7801599666601,30
683.3,33.8645752754725,31.4222556240059,30.6143908635585,30.7801599666601,30
683.35,33.8645752754725,31.4222556240059,30.6143908635585,30.7801599666601,30
683.4,33.8645752754725,31.4222556240059,30.6143908635585,30.7801599666601,30
683.45,33.8645752754725,31.4222556240059,30.6143908635585,30.7801599666601,30
683.5,33.8048064410604,31.3643021165246,30.5856740131792,30.7745161923719,30
683.55,33.8048064410604,31.3643021165246,30.5856740131792,30.7745161923719,30
683.6,33.8048064410604,31.3643021165246,30.5856740131792,30.7745161923719,30
683.65,33.8048064410604,31.3643021165246,30.5856740131792,30.7745161923719,30
683.7,33.8048064410604,31.3643021165246,30.5856740131792,30.7745161923719,30
683.75,33.8048064410604,31.3643021165246,30.5856740131792,30.7745161923719,30
683.8,33.8048064410604,31.3643021165246,30.5856740131792,30.7745161923719,30
683.85,33.8048064410604,31.3643021165246,30.5856740131792,30.7745161923719,30
683.9,33.8048064410604,31.3643021165246,30.5856740131792,30.7745161923719,30
683.95,33.8048064410604,31.3643021165246,30.5856740131792,30.7745161923719,30
684.0,33.7450859617811,31.335340043996,30.5282675546409,30.7674573322153,30
684.05,33.7450859617811,31.335340043996,30.5282675546409,30.7674573322153,30
684.1,33.7450859617811,31.335340043996,30.5282675546409,30.7674573322153,30
684.15,33.7450859617811,31.335340043996,30.5282675546409,30.7674573322153,30
684.2,33.7450859617811,31.335340043996,30.5282675546409,30.7674573322153,30
684.25,33.7450859617811,31.335340043996,30.5282675546409,30.7674573322153,30
684.3,33.7450859617811,31.335340043996,30.5282675546409,30.7674573322153,30
684.35,33.7450859617811,31.335340043996,30.5282675546409,30.7674573322153,30
684.4,33.7450859617811,31.335340043996,30.5282675546409,30.7674573322153,30
684.45,33.7450859617811,31.335340043996,30.5282675546409,30.7674573322153,30
684.5,33.8048064410604,31.3932739678384,30.5856740131792,30.7598209196294,30
684.55,33.8048064410604,31.3932739678384,30.5856740131792,30.7598209196294,30
684.6,33.8048064410604,31.3932739678384,30.5856740131792,30.7598209196294,30
684.65,33.8048064410604,31.3932739678384,30.5856740131792,30.7598209196294,30
684.7,33.8048064410604,31.3932739678384,30.5856740131792,30.7598209196294,30
684.75,33.8048064410604,31.3932739678384,30.5856740131792,30.7598209196294,30
684.8,33.8048064410604,31.3932739678384,30.5856740131792,30.7598209196294,30
684.85,33.8048064410604,31.3932739678384,30.5856740131792,30.7598209196294,30
684.9,33.8048064410604,31.3932739678384,30.5856740131792,30.7598209196294,30
684.95,33.8048064410604,31.3932739678384,30.5856740131792,30.7598209196294,30
685.0,33.7749401719241,31.3643021165246,30.5856740131792,30.7539969978475,30
685.05,33.7749401719241,31.3643021165246,30.5856740131792,30.7539969978475,30
685.1,33.7749401719241,31.3643021165246,30.5856740131792,30.7539969978475,30
685.15,33.7749401719241,31.3643021165246,30.5856740131792,30.7539969978475,30
685.2,33.7749401719241,31.3643021165246,30.5856740131792,30.7539969978475,30
685.25,33.7749401719241,31.3643021165246,30.5856740131792,30.7539969978475,30
685.3,33.7749401719241,31.3643021165246,30.5856740131792,30.7539969978475,30
685.35,33.7749401719241,31.3643021165246,30.5856740131792,30.7539969978475,30
685.4,33.7749401719241,31.3643021165246,30.5856740131792,30.7539969978475,30
685.45,33.7749401719241,31.3643021165246,30.5856740131792,30.7539969978475,30
685.5,33.7450859617811,31.3643021165246,30.5569662518864,30.747554115602,30
685.55,33.7450859617811,31.3643021165246,30.5569662518864,30.747554115602,30
685.6,33.7450859617811,31.3643021165246,30.5569662518864,30.747554115602,30
685.65,33.7450859617811,31.3643021165246,30.5569662518864,30.747554115602,30
685.7,33.7450859617811,31.3643021165246,30.5569662518864,30.747554115602,30
685.75,33.7450859617811,31.3643021165246,30.5569662518864,30.747554115602,30
685.8,33.7450859617811,31.3643021165246,30.5569662518864,30.747554115602,30
685.85,33.7450859617811,31.3643021165246,30.5569662518864,30.747554115602,30
685.9,33.7450859617811,31.3643021165246,30.5569662518864,30.747554115602,30
685.95,33.7450859617811,31.3643021165246,30.5569662518864,30.747554115602,30
686.0,33.7749401719241,31.3932739678384,30.5856740131792,30.7413029641741,30
686.05,33.7749401719241,31.3932739678384,30.5856740131792,30.7413029641741,30
686.1,33.7749401719241,31.3932739678384,30.5856740131792,30.7413029641741,30
686.15,33.7749401719241,31.3932739678384,30.5856740131792,30.7413029641741,30
686.2,33.7749401719241,31.3932739678384,30.5856740131792,30.7413029641741,30
686.25,33.7749401719241,31.3932739678384,30.5856740131792,30.7413029641741,30
686.3,33.7749401719241,31.3932739678384,30.5856740131792,30.7413029641741,30
686.35,33.7749401719241,31.3932739678384,30.5856740131792,30.7413029641741,30
686.4,33.7749401719241,31.3932739678384,30.5856740131792,30.7413029641741,30
686.45,33.7749401719241,31.3932739678384,30.5856740131792,30.7413029641741,30
686.5,33.7749401719241,31.3932739678384,30.6143908635585,30.7360274363044,30
686.55,33.7749401719241,31.3932739678384,30.6143908635585,30.7360274363044,30
686.6,33.7749401719241,31.3932739678384,30.6143908635585,30.7360274363044,30
686.65,33.7749401719241,31.3932739678384,30.6143908635585,30.7360274363044,30
686.7,33.7749401719241,31.3932739678384,30.6143908635585,30.7360274363044,30
686.75,33.7749401719241,31.3932739678384,30.6143908635585,30.7360274363044,30
686.8,33.7749401719241,31.3932739678384,30.6143908635585,30.7360274363044,30
686.85,33.7749401719241,31.3932739678384,30.6143908635585,30.7360274363044,30
686.9,33.7749401719241,31.3932739678384,30.6143908635585,30.7360274363044,30
686.95,33.7749401719241,31.3932739678384,30.6143908635585,30.7360274363044,30
687.0,33.7152437809068,31.335340043996,30.5569662518864,30.7309048109336,30
687.05,33.7152437809068,31.335340043996,30.5569662518864,30.7309048109336,30
687.1,33.7152437809068,31.335340043996,30.5569662518864,30.7309048109336,30
687.15,33.7152437809068,31.335340043996,30.5569662518864,30.7309048109336,30
687.2,33.7152437809068,31.335340043996,30.5569662518864,30.7309048109336,30
687.25,33.7152437809068,31.335340043996,30.5569662518864,30.7309048109336,30
687.3,33.7152437809068,31.335340043996,30.5569662518864,30.7309048109336,30
687.35,33.7152437809068,31.335340043996,30.5569662518864,30.7309048109336,30
687.4,33.7152437809068,31.335340043996,30.5569662518864,30.7309048109336,30
687.45,33.7152437809068,31.335340043996,30.5569662518864,30.7309048109336,30
687.5,33.7152437809068,31.335340043996,30.5569662518864,30.7243492114344,30
687.55,33.7152437809068,31.335340043996,30.5569662518864,30.7243492114344,30
687.6,33.7152437809068,31.335340043996,30.5569662518864,30.7243492114344,30
687.65,33.7152437809068,31.335340043996,30.5569662518864,30.7243492114344,30
687.7,33.7152437809068,31.335340043996,30.5569662518864,30.7243492114344,30
687.75,33.7152437809068,31.335340043996,30.5569662518864,30.7243492114344,30
687.8,33.7152437809068,31.335340043996,30.5569662518864,30.7243492114344,30
687.85,33.7152437809068,31.335340043996,30.5569662518864,30.7243492114344,30
687.9,33.7152437809068,31.335340043996,30.5569662518864,30.7243492114344,30
687.95,33.7152437809068,31.335340043996,30.5569662518864,30.7243492114344,30
688.0,33.6854135996286,31.335340043996,30.5282675546409,30.7179892193248,30
688.05,33.6854135996286,31.335340043996,30.5282675546409,30.7179892193248,30
688.1,33.6854135996286,31.335340043996,30.5282675546409,30.7179892193248,30
688.15,33.6854135996286,31.335340043996,30.5282675546409,30.7179892193248,30
688.2,33.6854135996286,31.335340043996,30.5282675546409,30.7179892193248,30
688.25,33.6854135996286,31.335340043996,30.5282675546409,30.7179892193248,30
688.3,33.6854135996286,31.335340043996,30.5282675546409,30.7179892193248,30
688.35,33.6854135996286,31.335340043996,30.5282675546409,30.7179892193248,30
688.4,33.6854135996286,31.335340043996,30.5282675546409,30.7179892193248,30
688.45,33.6854135996286,31.335340043996,30.5282675546409,30.7179892193248,30
688.5,33.6555953883258,31.3063877242231,30.5282675546409,30.711817943423,30
688.55,33.6555953883258,31.3063877242231,30.5282675546409,30.711817943423,30
688.6,33.6555953883258,31.3063877242231,30.5282675546409,30.711817943423,30
688.65,33.6555953883258,31.3063877242231,30.5282675546409,30.711817943423,30
688.7,33.6555953883258,31.3063877242231,30.5282675546409,30.711817943423,30
688.75,33.6555953883258,31.3063877242231,30.5282675546409,30.711817943423,30
688.8,33.6555953883258,31.3063877242231,30.5282675546409,30.711817943423,30
688.85,33.6555953883258,31.3063877242231,30.5282675546409,30.711817943423,30
688.9,33.6555953883258,31.3063877242231,30.5282675546409,30.711817943423,30
688.95,33.6555953883258,31.3063877242231,30.5282675546409,30.711817943423,30
689.0,33.6854135996286,31.335340043996,30.5282675546409,30.7050386328639,30
689.05,33.6854135996286,31.335340043996,30.5282675546409,30.7050386328639,30
689.1,33.6854135996286,31.335340043996,30.5282675546409,30.7050386328639,30
689.15,33.6854135996286,31.335340043996,30.5282675546409,30.7050386328639,30
689.2,33.6854135996286,31.335340043996,30.5282675546409,30.7050386328639,30
689.25,33.6854135996286,31.335340043996,30.5282675546409,30.7050386328639,30
689.3,33.6854135996286,31.335340043996,30.5282675546409,30.7050386328639,30
689.35,33.6854135996286,31.335340043996,30.5282675546409,30.7050386328639,30
689.4,33.6854135996286,31.335340043996,30.5282675546409,30.7050386328639,30
689.45,33.6854135996286,31.335340043996,30.5282675546409,30.7050386328639,30
689.5,33.6257891174292,31.2774451312146,30.499577896438,30.6992517826468,30
689.55,33.6257891174292,31.2774451312146,30.499577896438,30.6992517826468,30
689.6,33.6257891174292,31.2774451312146,30.499577896438,30.6992517826468,30
689.65,33.6257891174292,31.2774451312146,30.499577896438,30.6992517826468,30
689.7,33.6257891174292,31.2774451312146,30.499577896438,30.6992517826468,30
689.75,33.6257891174292,31.2774451312146,30.499577896438,30.6992517826468,30
689.8,33.6257891174292,31.2774451312146,30.499577896438,30.6992517826468,30
689.85,33.6257891174292,31.2774451312146,30.499577896438,30.6992517826468,30
689.9,33.6257891174292,31.2774451312146,30.499577896438,30.6992517826468,30
689.95,33.6257891174292,31.2774451312146,30.499577896438,30.6992517826468,30
690.0,33.6555953883258,31.3063877242231,30.5282675546409,30.6920546833238,30
690.05,33.6555953883258,31.3063877242231,30.5282675546409,30.6920546833238,30
690.1,33.6555953883258,31.3063877242231,30.5282675546409,30.6920546833238,30
690.15,33.6555953883258,31.3063877242231,30.5282675546409,30.6920546833238,30
690.2,33.6555953883258,31.3063877242231,30.5282675546409,30.6920546833238,30
690.25,33.6555953883258,31.3063877242231,30.5282675546409,30.6920546833238,30
690.3,33.6555953883258,31.3063877242231,30.5282675546409,30.6920546833238,30
690.35,33.6555953883258,31.3063877242231,30.5282675546409,30.6920546833238,30
690.4,33.6555953883258,31.3063877242231,30.5282675546409,30.6920546833238,30
690.45,33.6555953883258,31.3063877242231,30.5282675546409,30.6920546833238,30
690.5,33.5959947574212,31.2774451312146,30.4708972523077,30.6858639317995,30
690.55,33.5959947574212,31.2774451312146,30.4708972523077,30.6858639317995,30
690.6,33.5959947574212,31.2774451312146,30.4708972523077,30.6858639317995,30
690.65,33.5959947574212,31.2774451312146,30.4708972523077,30.6858639317995,30
690.7,33.5959947574212,31.2774451312146,30.4708972523077,30.6858639317995,30
690.75,33.5959947574212,31.2774451312146,30.4708972523077,30.6858639317995,30
690.8,33.5959947574212,31.2774451312146,30.4708972523077,30.6858639317995,30
690.85,33.5959947574212,31.2774451312146,30.4708972523077,30.6858639317995,30
690.9,33.5959947574212,31.2774451312146,30.4708972523077,30.6858639317995,30
690.95,33.5959947574212,31.2774451312146,30.4708972523077,30.6858639317995,30
691.0,33.5959947574212,31.2774451312146,30.499577896438,30.6790661387528,30
691.05,33.5959947574212,31.2774451312146,30.499577896438,30.6790661387528,30
691.1,33.5959947574212,31.2774451312146,30.499577896438,30.6790661387528,30
691.15,33.5959947574212,31.2774451312146,30.499577896438,30.6790661387528,30
691.2,33.5959947574212,31.2774451312146,30.499577896438,30.6790661387528,30
691.25,33.5959947574212,31.2774451312146,30.499577896438,30.6790661387528,30
691.3,33.5959947574212,31.2774451312146,30.499577896438,30.6790661387528,30
691.35,33.5959947574212,31.2774451312146,30.499577896438,30.6790661387528,30
691.4,33.5959947574212,31.2774451312146,30.499577896438,30.6790661387528,30
691.45,33.5959947574212,31.2774451312146,30.499577896438,30.6790661387528,30
691.5,33.5959947574212,31.2774451312146,30.499577896438,30.6724708215581,30
691.55,33.5959947574212,31.2774451312146,30.499577896438,30.6724708215581,30
691.6,33.5959947574212,31.2774451312146,30.499577896438,30.6724708215581,30
691.65,33.5959947574212,31.2774451312146,30.499577896438,30.6724708215581,30
691.7,33.5959947574212,31.2774451312146,30.499577896438,30.6724708215581,30
691.75,33.5959947574212,31.2774451312146,30.499577896438,30.6724708215581,30
691.8,33.5959947574212,31.2774451312146,30.499577896438,30.6724708215581,30
691.85,33.5959947574212,31.2774451312146,30.499577896438,30.6724708215581,30
691.9,33.5959947574212,31.2774451312146,30.499577896438,30.6724708215581,30
691.95,33.5959947574212,31.2774451312146,30.499577896438,30.6724708215581,30
692.0,33.5662122788355,31.2485122390177,30.4422255973145,30.6660714534696,30
692.05,33.5662122788355,31.2485122390177,30.4422255973145,30.6660714534696,30
692.1,33.5662122788355,31.2485122390177,30.4422255973145,30.6660714534696,30
692.15,33.5662122788355,31.2485122390177,30.4422255973145,30.6660714534696,30
692.2,33.5662122788355,31.2485122390177,30.4422255973145,30.6660714534696,30
692.25,33.5662122788355,31.2485122390177,30.4422255973145,30.6660714534696,30
692.3,33.5662122788355,31.2485122390177,30.4422255973145,30.6660714534696,30
692.35,33.5662122788355,31.2485122390177,30.4422255973145,30.6660714534696,30
692.4,33.5662122788355,31.2485122390177,30.4422255973145,30.6660714534696,30
692.45,33.5662122788355,31.2485122390177,30.4422255973145,30.6660714534696,30
692.5,33.5959947574212,31.2774451312146,30.499577896438,30.6590721482896,30
692.55,33.5959947574212,31.2774451312146,30.499577896438,30.6590721482896,30
692.6,33.5959947574212,31.2774451312146,30.499577896438,30.6590721482896,30
692.65,33.5959947574212,31.2774451312146,30.499577896438,30.6590721482896,30
692.7,33.5959947574212,31.2774451312146,30.499577896438,30.6590721482896,30
692.75,33.5959947574212,31.2774451312146,30.499577896438,30.6590721482896,30
692.8,33.5959947574212,31.2774451312146,30.499577896438,30.6590721482896,30
692.85,33.5959947574212,31.2774451312146,30.499577896438,30.6590721482896,30
692.9,33.5959947574212,31.2774451312146,30.499577896438,30.6590721482896,30
692.95,33.5959947574212,31.2774451312146,30.499577896438,30.6590721482896,30
693.0,33.5959947574212,31.3063877242231,30.5282675546409,30.6530720676018,30
693.05,33.5959947574212,31.3063877242231,30.5282675546409,30.6530720676018,30
693.1,33.5959947574212,31.3063877242231,30.5282675546409,30.6530720676018,30
693.15,33.5959947574212,31.3063877242231,30.5282675546409,30.6530720676018,30
693.2,33.5959947574212,31.3063877242231,30.5282675546409,30.6530720676018,30
693.25,33.5959947574212,31.3063877242231,30.5282675546409,30.6530720676018,30
693.3,33.5959947574212,31.3063877242231,30.5282675546409,30.6530720676018,30
693.35,33.5959947574212,31.3063877242231,30.5282675546409,30.6530720676018,30
693.4,33.5959947574212,31.3063877242231,30.5282675546409,30.6530720676018,30
693.45,33.5959947574212,31.3063877242231,30.5282675546409,30.6530720676018,30
693.5,33.5959947574212,31.3063877242231,30.499577896438,30.6480380201152,30
693.55,33.5959947574212,31.3063877242231,30.499577896438,30.6480380201152,30
693.6,33.5959947574212,31.3063877242231,30.499577896438,30.6480380201152,30
693.65,33.5959947574212,31.3063877242231,30.499577896438,30.6480380201152,30
693.7,33.5959947574212,31.3063877242231,30.499577896438,30.6480380201152,30
693.75,33.5959947574212,31.3063877242231,30.499577896438,30.6480380201152,30
693.8,33.5959947574212,31.3063877242231,30.499577896438,30.6480380201152,30
693.85,33.5959947574212,31.3063877242231,30.499577896438,30.6480380201152,30
693.9,33.5959947574212,31.3063877242231,30.499577896438,30.6480380201152,30
693.95,33.5959947574212,31.3063877242231,30.499577896438,30.6480380201152,30
694.0,33.4769358377133,31.1906754534386,30.4135629065573,30.6431478475342,30
694.05,33.4769358377133,31.1906754534386,30.4135629065573,30.6431478475342,30
694.1,33.4769358377133,31.1906754534386,30.4135629065573,30.6431478475342,30
694.15,33.4769358377133,31.1906754534386,30.4135629065573,30.6431478475342,30
694.2,33.4769358377133,31.1906754534386,30.4135629065573,30.6431478475342,30
694.25,33.4769358377133,31.1906754534386,30.4135629065573,30.6431478475342,30
694.3,33.4769358377133,31.1906754534386,30.4135629065573,30.6431478475342,30
694.35,33.4769358377133,31.1906754534386,30.4135629065573,30.6431478475342,30
694.4,33.4769358377133,31.1906754534386,30.4135629065573,30.6431478475342,30
694.45,33.4769358377133,31.1906754534386,30.4135629065573,30.6431478475342,30
694.5,33.5364416522567,31.2485122390177,30.4422255973145,30.6352392283292,30
694.55,33.5364416522567,31.2485122390177,30.4422255973145,30.6352392283292,30
694.6,33.5364416522567,31.2485122390177,30.4422255973145,30.6352392283292,30
694.65,33.5364416522567,31.2485122390177,30.4422255973145,30.6352392283292,30
694.7,33.5364416522567,31.2485122390177,30.4422255973145,30.6352392283292,30
694.75,33.5364416522567,31.2485122390177,30.4422255973145,30.6352392283292,30
694.8,33.5364416522567,31.2485122390177,30.4422255973145,30.6352392283292,30
694.85,33.5364416522567,31.2485122390177,30.4422255973145,30.6352392283292,30
694.9,33.5364416522567,31.2485122390177,30.4422255973145,30.6352392283292,30
694.95,33.5364416522567,31.2485122390177,30.4422255973145,30.6352392283292,30
695.0,33.5066828483206,31.2195890217179,30.4422255973145,30.6291483168588,30
695.05,33.5066828483206,31.2195890217179,30.4422255973145,30.6291483168588,30
695.1,33.5066828483206,31.2195890217179,30.4422255973145,30.6291483168588,30
695.15,33.5066828483206,31.2195890217179,30.4422255973145,30.6291483168588,30
695.2,33.5066828483206,31.2195890217179,30.4422255973145,30.6291483168588,30
695.25,33.5066828483206,31.2195890217179,30.4422255973145,30.6291483168588,30
695.3,33.5066828483206,31.2195890217179,30.4422255973145,30.6291483168588,30
695.35,33.5066828483206,31.2195890217179,30.4422255973145,30.6291483168588,30
695.4,33.5066828483206,31.2195890217179,30.4422255973145,30.6291483168588,30
695.45,33.5066828483206,31.2195890217179,30.4422255973145,30.6291483168588,30
695.5,33.5066828483206,31.2485122390177,30.4422255973145,30.6224474800281,30
695.55,33.5066828483206,31.2485122390177,30.4422255973145,30.6224474800281,30
695.6,33.5066828483206,31.2485122390177,30.4422255973145,30.6224474800281,30
695.65,33.5066828483206,31.2485122390177,30.4422255973145,30.6224474800281,30
695.7,33.5066828483206,31.2485122390177,30.4422255973145,30.6224474800281,30
695.75,33.5066828483206,31.2485122390177,30.4422255973145,30.6224474800281,30
695.8,33.5066828483206,31.2485122390177,30.4422255973145,30.6224474800281,30
695.85,33.5066828483206,31.2485122390177,30.4422255973145,30.6224474800281,30
695.9,33.5066828483206,31.2485122390177,30.4422255973145,30.6224474800281,30
695.95,33.5066828483206,31.2485122390177,30.4422255973145,30.6224474800281,30
696.0,33.4769358377133,31.2195890217179,30.4422255973145,30.616735113812,30
696.05,33.4769358377133,31.2195890217179,30.4422255973145,30.616735113812,30
696.1,33.4769358377133,31.2195890217179,30.4422255973145,30.616735113812,30
696.15,33.4769358377133,31.2195890217179,30.4422255973145,30.616735113812,30
696.2,33.4769358377133,31.2195890217179,30.4422255973145,30.616735113812,30
696.25,33.4769358377133,31.2195890217179,30.4422255973145,30.616735113812,30
696.3,33.4769358377133,31.2195890217179,30.4422255973145,30.616735113812,30
696.35,33.4769358377133,31.2195890217179,30.4422255973145,30.616735113812,30
696.4,33.4769358377133,31.2195890217179,30.4422255973145,30.616735113812,30
696.45,33.4769358377133,31.2195890217179,30.4422255973145,30.616735113812,30
696.5,33.4472005911718,31.1906754534386,30.4135629065573,30.6103995176421,30
696.55,33.4472005911718,31.1906754534386,30.4135629065573,30.6103995176421,30
696.6,33.4472005911718,31.1906754534386,30.4135629065573,30.6103995176421,30
696.65,33.4472005911718,31.1906754534386,30.4135629065573,30.6103995176421,30
696.7,33.4472005911718,31.1906754534386,30.4135629065573,30.6103995176421,30
696.75,33.4472005911718,31.1906754534386,30.4135629065573,30.6103995176421,30
696.8,33.4472005911718,31.1906754534386,30.4135629065573,30.6103995176421,30
696.85,33.4472005911718,31.1906754534386,30.4135629065573,30.6103995176421,30
696.9,33.4472005911718,31.1906754534386,30.4135629065573,30.6103995176421,30
696.95,33.4472005911718,31.1906754534386,30.4135629065573,30.6103995176421,30
697.0,33.5066828483206,31.2485122390177,30.4708972523077,30.6034617636293,30
697.05,33.5066828483206,31.2485122390177,30.4708972523077,30.6034617636293,30
697.1,33.5066828483206,31.2485122390177,30.4708972523077,30.6034617636293,30
697.15,33.5066828483206,31.2485122390177,30.4708972523077,30.6034617636293,30
697.2,33.5066828483206,31.2485122390177,30.4708972523077,30.6034617636293,30
697.25,33.5066828483206,31.2485122390177,30.4708972523077,30.6034617636293,30
697.3,33.5066828483206,31.2485122390177,30.4708972523077,30.6034617636293,30
697.35,33.5066828483206,31.2485122390177,30.4708972523077,30.6034617636293,30
697.4,33.5066828483206,31.2485122390177,30.4708972523077,30.6034617636293,30
697.45,33.5066828483206,31.2485122390177,30.4708972523077,30.6034617636293,30
697.5,33.4769358377133,31.2195890217179,30.4422255973145,30.5983093588823,30
697.55,33.4769358377133,31.2195890217179,30.4422255973145,30.5983093588823,30
697.6,33.4769358377133,31.2195890217179,30.4422255973145,30.5983093588823,30
697.65,33.4769358377133,31.2195890217179,30.4422255973145,30.5983093588823,30
697.7,33.4769358377133,31.2195890217179,30.4422255973145,30.5983093588823,30
697.75,33.4769358377133,31.2195890217179,30.4422255973145,30.5983093588823,30
697.8,33.4769358377133,31.2195890217179,30.4422255973145,30.5983093588823,30
697.85,33.4769358377133,31.2195890217179,30.4422255973145,30.5983093588823,30
697.9,33.4769358377133,31.2195890217179,30.4422255973145,30.5983093588823,30
697.95,33.4769358377133,31.2195890217179,30.4422255973145,30.5983093588823,30
698.0,33.4174770794835,31.1617715083414,30.384909155169,30.5925157714925,30
698.05,33.4174770794835,31.1617715083414,30.384909155169,30.5925157714925,30
698.1,33.4174770794835,31.1617715083414,30.384909155169,30.5925157714925,30
698.15,33.4174770794835,31.1617715083414,30.384909155169,30.5925157714925,30
698.2,33.4174770794835,31.1617715083414,30.384909155169,30.5925157714925,30
698.25,33.4174770794835,31.1617715083414,30.384909155169,30.5925157714925,30
698.3,33.4174770794835,31.1617715083414,30.384909155169,30.5925157714925,30
698.35,33.4174770794835,31.1617715083414,30.384909155169,30.5925157714925,30
698.4,33.4174770794835,31.1617715083414,30.384909155169,30.5925157714925,30
698.45,33.4174770794835,31.1617715083414,30.384909155169,30.5925157714925,30
698.5,33.4472005911718,31.2195890217179,30.4135629065573,30.5853138865224,30
698.55,33.4472005911718,31.2195890217179,30.4135629065573,30.5853138865224,30
698.6,33.4472005911718,31.2195890217179,30.4135629065573,30.5853138865224,30
698.65,33.4472005911718,31.2195890217179,30.4135629065573,30.5853138865224,30
698.7,33.4472005911718,31.2195890217179,30.4135629065573,30.5853138865224,30
698.75,33.4472005911718,31.2195890217179,30.4135629065573,30.5853138865224,30
698.8,33.4472005911718,31.2195890217179,30.4135629065573,30.5853138865224,30
698.85,33.4472005911718,31.2195890217179,30.4135629065573,30.5853138865224,30
698.9,33.4472005911718,31.2195890217179,30.4135629065573,30.5853138865224,30
698.95,33.4472005911718,31.2195890217179,30.4135629065573,30.5853138865224,30
699.0,33.4174770794835,31.1906754534386,30.4135629065573,30.5799055515439,30
699.05,33.4174770794835,31.1906754534386,30.4135629065573,30.5799055515439,30
699.1,33.4174770794835,31.1906754534386,30.4135629065573,30.5799055515439,30
699.15,33.4174770794835,31.1906754534386,30.4135629065573,30.5799055515439,30
699.2,33.4174770794835,31.1906754534386,30.4135629065573,30.5799055515439,30
699.25,33.4174770794835,31.1906754534386,30.4135629065573,30.5799055515439,30
699.3,33.4174770794835,31.1906754534386,30.4135629065573,30.5799055515439,30
699.35,33.4174770794835,31.1906754534386,30.4135629065573,30.5799055515439,30
699.4,33.4174770794835,31.1906754534386,30.4135629065573,30.5799055515439,30
699.45,33.4174770794835,31.1906754534386,30.4135629065573,30.5799055515439,30
699.5,33.328376662161,31.1039923845277,30.3276283712019,30.5738641777922,30
699.55,33.328376662161,31.1039923845277,30.3276283712019,30.5738641777922,30
699.6,33.328376662161,31.1039923845277,30.3276283712019,30.5738641777922,30
699.65,33.328376662161,31.1039923845277,30.3276283712019,30.5738641777922,30
699.7,33.328376662161,31.1039923845277,30.3276283712019,30.5738641777922,30
699.75,33.328376662161,31.1039923845277,30.3276283712019,30.5738641777922,30
699.8,33.328376662161,31.1039923845277,30.3276283712019,30.5738641777922,30
699.85,33.328376662161,31.1039923845277,30.3276283712019,30.5738641777922,30
699.9,33.328376662161,31.1039923845277,30.3276283712019,30.5738641777922,30
699.95,33.328376662161,31.1039923845277,30.3276283712019,30.5738641777922,30
700.0,33.4472005911718,31.2195890217179,30.4422255973145,30.5656343806099,30
700.05,33.4472005911718,31.2195890217179,30.4422255973145,30.5656343806099,30
700.1,33.4472005911718,31.2195890217179,30.4422255973145,30.5656343806099,30
700.15,33.4472005911718,31.2195890217179,30.4422255973145,30.5656343806099,30
700.2,33.4472005911718,31.2195890217179,30.4422255973145,30.5656343806099,30
700.25,33.4472005911718,31.2195890217179,30.4422255973145,30.5656343806099,30
700.3,33.4472005911718,31.2195890217179,30.4422255973145,30.5656343806099,30
700.35,33.4472005911718,31.2195890217179,30.4422255973145,30.5656343806099,30
700.4,33.4472005911718,31.2195890217179,30.4422255973145,30.5656343806099,30
700.45,33.4472005911718,31.2195890217179,30.4422255973145,30.5656343806099,30
700.5,33.3877652734856,31.1906754534386,30.384909155169,30.5608089077887,30
700.55,33.3877652734856,31.1906754534386,30.384909155169,30.5608089077887,30
700.6,33.3877652734856,31.1906754534386,30.384909155169,30.5608089077887,30
700.65,33.3877652734856,31.1906754534386,30.384909155169,30.5608089077887,30
700.7,33.3877652734856,31.1906754534386,30.384909155169,30.5608089077887,30
700.75,33.3877652734856,31.1906754534386,30.384909155169,30.5608089077887,30
700.8,33.3877652734856,31.1906754534386,30.384909155169,30.5608089077887,30
700.85,33.3877652734856,31.1906754534386,30.384909155169,30.5608089077887,30
700.9,33.3877652734856,31.1906754534386,30.384909155169,30.5608089077887,30
700.95,33.3877652734856,31.1906754534386,30.384909155169,30.5608089077887,30
701.0,33.3580651440657,31.1617715083414,30.384909155169,30.5553310926316,30
701.05,33.3580651440657,31.1617715083414,30.384909155169,30.5553310926316,30
701.1,33.3580651440657,31.1617715083414,30.384909155169,30.5553310926316,30
701.15,33.3580651440657,31.1617715083414,30.384909155169,30.5553310926316,30
701.2,33.3580651440657,31.1617715083414,30.384909155169,30.5553310926316,30
701.25,33.3580651440657,31.1617715083414,30.384909155169,30.5553310926316,30
701.3,33.3580651440657,31.1617715083414,30.384909155169,30.5553310926316,30
701.35,33.3580651440657,31.1617715083414,30.384909155169,30.5553310926316,30
701.4,33.3580651440657,31.1617715083414,30.384909155169,30.5553310926316,30
701.45,33.3580651440657,31.1617715083414,30.384909155169,30.5553310926316,30
701.5,33.3580651440657,31.1328771606255,30.3562643183168,30.5492224284272,30
701.55,33.3580651440657,31.1328771606255,30.3562643183168,30.5492224284272,30
701.6,33.3580651440657,31.1328771606255,30.3562643183168,30.5492224284272,30
701.65,33.3580651440657,31.1328771606255,30.3562643183168,30.5492224284272,30
701.7,33.3580651440657,31.1328771606255,30.3562643183168,30.5492224284272,30
701.75,33.3580651440657,31.1328771606255,30.3562643183168,30.5492224284272,30
701.8,33.3580651440657,31.1328771606255,30.3562643183168,30.5492224284272,30
701.85,33.3580651440657,31.1328771606255,30.3562643183168,30.5492224284272,30
701.9,33.3580651440657,31.1328771606255,30.3562643183168,30.5492224284272,30
701.95,33.3580651440657,31.1328771606255,30.3562643183168,30.5492224284272,30
702.0,33.3580651440657,31.1617715083414,30.384909155169,30.5425048290986,30
702.05,33.3580651440657,31.1617715083414,30.384909155169,30.5425048290986,30
702.1,33.3580651440657,31.1617715083414,30.384909155169,30.5425048290986,30
702.15,33.3580651440657,31.1617715083414,30.384909155169,30.5425048290986,30
702.2,33.3580651440657,31.1617715083414,30.384909155169,30.5425048290986,30
702.25,33.3580651440657,31.1617715083414,30.384909155169,30.5425048290986,30
702.3,33.3580651440657,31.1617715083414,30.384909155169,30.5425048290986,30
702.35,33.3580651440657,31.1617715083414,30.384909155169,30.5425048290986,30
702.4,33.3580651440657,31.1617715083414,30.384909155169,30.5425048290986,30
702.45,33.3580651440657,31.1617715083414,30.384909155169,30.5425048290986,30
702.5,33.3877652734856,31.1906754534386,30.384909155169,30.5367756577852,30
702.55,33.3877652734856,31.1906754534386,30.384909155169,30.5367756577852,30
702.6,33.3877652734856,31.1906754534386,30.384909155169,30.5367756577852,30
702.65,33.3877652734856,31.1906754534386,30.384909155169,30.5367756577852,30
702.7,33.3877652734856,31.1906754534386,30.384909155169,30.5367756577852,30
702.75,33.3877652734856,31.1906754534386,30.384909155169,30.5367756577852,30
702.8,33.3877652734856,31.1906754534386,30.384909155169,30.5367756577852,30
702.85,33.3877652734856,31.1906754534386,30.384909155169,30.5367756577852,30
702.9,33.3877652734856,31.1906754534386,30.384909155169,30.5367756577852,30
702.95,33.3877652734856,31.1906754534386,30.384909155169,30.5367756577852,30
703.0,33.328376662161,31.1328771606255,30.3562643183168,30.5320021033062,30
703.05,33.328376662161,31.1328771606255,30.3562643183168,30.5320021033062,30
703.1,33.328376662161,31.1328771606255,30.3562643183168,30.5320021033062,30
703.15,33.328376662161,31.1328771606255,30.3562643183168,30.5320021033062,30
703.2,33.328376662161,31.1328771606255,30.3562643183168,30.5320021033062,30
703.25,33.328376662161,31.1328771606255,30.3562643183168,30.5320021033062,30
703.3,33.328376662161,31.1328771606255,30.3562643183168,30.5320021033062,30
703.35,33.328376662161,31.1328771606255,30.3562643183168,30.5320021033062,30
703.4,33.328376662161,31.1328771606255,30.3562643183168,30.5320021033062,30
703.45,33.328376662161,31.1328771606255,30.3562643183168,30.5320021033062,30
703.5,33.328376662161,31.1328771606255,30.3562643183168,30.5257866776657,30
703.55,33.328376662161,31.1328771606255,30.3562643183168,30.5257866776657,30
703.6,33.328376662161,31.1328771606255,30.3562643183168,30.5257866776657,30
703.65,33.328376662161,31.1328771606255,30.3562643183168,30.5257866776657,30
703.7,33.328376662161,31.1328771606255,30.3562643183168,30.5257866776657,30
703.75,33.328376662161,31.1328771606255,30.3562643183168,30.5257866776657,30
703.8,33.328376662161,31.1328771606255,30.3562643183168,30.5257866776657,30
703.85,33.328376662161,31.1328771606255,30.3562643183168,30.5257866776657,30
703.9,33.328376662161,31.1328771606255,30.3562643183168,30.5257866776657,30
703.95,33.328376662161,31.1328771606255,30.3562643183168,30.5257866776657,30
704.0,33.3580651440657,31.1617715083414,30.384909155169,30.5197545888381,30
704.05,33.3580651440657,31.1617715083414,30.384909155169,30.5197545888381,30
704.1,33.3580651440657,31.1617715083414,30.384909155169,30.5197545888381,30
704.15,33.3580651440657,31.1617715083414,30.384909155169,30.5197545888381,30
704.2,33.3580651440657,31.1617715083414,30.384909155169,30.5197545888381,30
704.25,33.3580651440657,31.1617715083414,30.384909155169,30.5197545888381,30
704.3,33.3580651440657,31.1617715083414,30.384909155169,30.5197545888381,30
704.35,33.3580651440657,31.1617715083414,30.384909155169,30.5197545888381,30
704.4,33.3580651440657,31.1617715083414,30.384909155169,30.5197545888381,30
704.45,33.3580651440657,31.1617715083414,30.384909155169,30.5197545888381,30
704.5,33.2690345248939,31.0751171543226,30.299001289059,30.5146884858755,30
704.55,33.2690345248939,31.0751171543226,30.299001289059,30.5146884858755,30
704.6,33.2690345248939,31.0751171543226,30.299001289059,30.5146884858755,30
704.65,33.2690345248939,31.0751171543226,30.299001289059,30.5146884858755,30
704.7,33.2690345248939,31.0751171543226,30.299001289059,30.5146884858755,30
704.75,33.2690345248939,31.0751171543226,30.299001289059,30.5146884858755,30
704.8,33.2690345248939,31.0751171543226,30.299001289059,30.5146884858755,30
704.85,33.2690345248939,31.0751171543226,30.299001289059,30.5146884858755,30
704.9,33.2690345248939,31.0751171543226,30.299001289059,30.5146884858755,30
704.95,33.2690345248939,31.0751171543226,30.299001289059,30.5146884858755,30
705.0,33.3877652734856,31.1906754534386,30.4135629065573,30.5074033016588,30
705.05,33.3877652734856,31.1906754534386,30.4135629065573,30.5074033016588,30
705.1,33.3877652734856,31.1906754534386,30.4135629065573,30.5074033016588,30
705.15,33.3877652734856,31.1906754534386,30.4135629065573,30.5074033016588,30
705.2,33.3877652734856,31.1906754534386,30.4135629065573,30.5074033016588,30
705.25,33.3877652734856,31.1906754534386,30.4135629065573,30.5074033016588,30
705.3,33.3877652734856,31.1906754534386,30.4135629065573,30.5074033016588,30
705.35,33.3877652734856,31.1906754534386,30.4135629065573,30.5074033016588,30
705.4,33.3877652734856,31.1906754534386,30.4135629065573,30.5074033016588,30
705.45,33.3877652734856,31.1906754534386,30.4135629065573,30.5074033016588,30
705.5,33.2690345248939,31.1039923845277,30.3276283712019,30.5034909830385,30
705.55,33.2690345248939,31.1039923845277,30.3276283712019,30.5034909830385,30
705.6,33.2690345248939,31.1039923845277,30.3276283712019,30.5034909830385,30
705.65,33.2690345248939,31.1039923845277,30.3276283712019,30.5034909830385,30
705.7,33.2690345248939,31.1039923845277,30.3276283712019,30.5034909830385,30
705.75,33.2690345248939,31.1039923845277,30.3276283712019,30.5034909830385,30
705.8,33.2690345248939,31.1039923845277,30.3276283712019,30.5034909830385,30
705.85,33.2690345248939,31.1039923845277,30.3276283712019,30.5034909830385,30
705.9,33.2690345248939,31.1039923845277,30.3276283712019,30.5034909830385,30
705.95,33.2690345248939,31.1039923845277,30.3276283712019,30.5034909830385,30
706.0,33.2986997987583,31.1328771606255,30.3276283712019,30.4973204369564,30
706.05,33.2986997987583,31.1328771606255,30.3276283712019,30.4973204369564,30
706.1,33.2986997987583,31.1328771606255,30.3276283712019,30.4973204369564,30
706.15,33.2986997987583,31.1328771606255,30.3276283712019,30.4973204369564,30
706.2,33.2986997987583,31.1328771606255,30.3276283712019,30.4973204369564,30
706.25,33.2986997987583,31.1328771606255,30.3276283712019,30.4973204369564,30
706.3,33.2986997987583,31.1328771606255,30.3276283712019,30.4973204369564,30
706.35,33.2986997987583,31.1328771606255,30.3276283712019,30.4973204369564,30
706.4,33.2986997987583,31.1328771606255,30.3276283712019,30.4973204369564,30
706.45,33.2986997987583,31.1328771606255,30.3276283712019,30.4973204369564,30
706.5,33.2690345248939,31.1039923845277,30.299001289059,30.4921198393805,30
706.55,33.2690345248939,31.1039923845277,30.299001289059,30.4921198393805,30
706.6,33.2690345248939,31.1039923845277,30.299001289059,30.4921198393805,30
706.65,33.2690345248939,31.1039923845277,30.299001289059,30.4921198393805,30
706.7,33.2690345248939,31.1039923845277,30.299001289059,30.4921198393805,30
706.75,33.2690345248939,31.1039923845277,30.299001289059,30.4921198393805,30
706.8,33.2690345248939,31.1039923845277,30.299001289059,30.4921198393805,30
706.85,33.2690345248939,31.1039923845277,30.299001289059,30.4921198393805,30
706.9,33.2690345248939,31.1039923845277,30.299001289059,30.4921198393805,30
706.95,33.2690345248939,31.1039923845277,30.299001289059,30.4921198393805,30
707.0,33.2986997987583,31.1039923845277,30.3276283712019,30.4862807844071,30
707.05,33.2986997987583,31.1039923845277,30.3276283712019,30.4862807844071,30
707.1,33.2986997987583,31.1039923845277,30.3276283712019,30.4862807844071,30
707.15,33.2986997987583,31.1039923845277,30.3276283712019,30.4862807844071,30
707.2,33.2986997987583,31.1039923845277,30.3276283712019,30.4862807844071,30
707.25,33.2986997987583,31.1039923845277,30.3276283712019,30.4862807844071,30
707.3,33.2986997987583,31.1039923845277,30.3276283712019,30.4862807844071,30
707.35,33.2986997987583,31.1039923845277,30.3276283712019,30.4862807844071,30
707.4,33.2986997987583,31.1039923845277,30.3276283712019,30.4862807844071,30
707.45,33.2986997987583,31.1039923845277,30.3276283712019,30.4862807844071,30
707.5,33.2986997987583,31.1328771606255,30.3276283712019,30.4806134323745,30
707.55,33.2986997987583,31.1328771606255,30.3276283712019,30.4806134323745,30
707.6,33.2986997987583,31.1328771606255,30.3276283712019,30.4806134323745,30
707.65,33.2986997987583,31.1328771606255,30.3276283712019,30.4806134323745,30
707.7,33.2986997987583,31.1328771606255,30.3276283712019,30.4806134323745,30
707.75,33.2986997987583,31.1328771606255,30.3276283712019,30.4806134323745,30
707.8,33.2986997987583,31.1328771606255,30.3276283712019,30.4806134323745,30
707.85,33.2986997987583,31.1328771606255,30.3276283712019,30.4806134323745,30
707.9,33.2986997987583,31.1328771606255,30.3276283712019,30.4806134323745,30
707.95,33.2986997987583,31.1328771606255,30.3276283712019,30.4806134323745,30
708.0,33.2690345248939,31.1039923845277,30.299001289059,30.4759005445959,30
708.05,33.2690345248939,31.1039923845277,30.299001289059,30.4759005445959,30
708.1,33.2690345248939,31.1039923845277,30.299001289059,30.4759005445959,30
708.15,33.2690345248939,31.1039923845277,30.299001289059,30.4759005445959,30
708.2,33.2690345248939,31.1039923845277,30.299001289059,30.4759005445959,30
708.25,33.2690345248939,31.1039923845277,30.299001289059,30.4759005445959,30
708.3,33.2690345248939,31.1039923845277,30.299001289059,30.4759005445959,30
708.35,33.2690345248939,31.1039923845277,30.299001289059,30.4759005445959,30
708.4,33.2690345248939,31.1039923845277,30.299001289059,30.4759005445959,30
708.45,33.2690345248939,31.1039923845277,30.299001289059,30.4759005445959,30
708.5,33.2393808116535,31.1039923845277,30.299001289059,30.4705336566713,30
708.55,33.2393808116535,31.1039923845277,30.299001289059,30.4705336566713,30
708.6,33.2393808116535,31.1039923845277,30.299001289059,30.4705336566713,30
708.65,33.2393808116535,31.1039923845277,30.299001289059,30.4705336566713,30
708.7,33.2393808116535,31.1039923845277,30.299001289059,30.4705336566713,30
708.75,33.2393808116535,31.1039923845277,30.299001289059,30.4705336566713,30
708.8,33.2393808116535,31.1039923845277,30.299001289059,30.4705336566713,30
708.85,33.2393808116535,31.1039923845277,30.299001289059,30.4705336566713,30
708.9,33.2393808116535,31.1039923845277,30.299001289059,30.4705336566713,30
708.95,33.2393808116535,31.1039923845277,30.299001289059,30.4705336566713,30
709.0,33.2393808116535,31.0751171543226,30.299001289059,30.4653222952529,30
709.05,33.2393808116535,31.0751171543226,30.299001289059,30.4653222952529,30
709.1,33.2393808116535,31.0751171543226,30.299001289059,30.4653222952529,30
709.15,33.2393808116535,31.0751171543226,30.299001289059,30.4653222952529,30
709.2,33.2393808116535,31.0751171543226,30.299001289059,30.4653222952529,30
709.25,33.2393808116535,31.0751171543226,30.299001289059,30.4653222952529,30
709.3,33.2393808116535,31.0751171543226,30.299001289059,30.4653222952529,30
709.35,33.2393808116535,31.0751171543226,30.299001289059,30.4653222952529,30
709.4,33.2393808116535,31.0751171543226,30.299001289059,30.4653222952529,30
709.45,33.2393808116535,31.0751171543226,30.299001289059,30.4653222952529,30
709.5,33.2986997987583,31.1617715083414,30.3562643183168,30.4594735291961,30
709.55,33.2986997987583,31.1617715083414,30.3562643183168,30.4594735291961,30
709.6,33.2986997987583,31.1617715083414,30.3562643183168,30.4594735291961,30
709.65,33.2986997987583,31.1617715083414,30.3562643183168,30.4594735291961,30
709.7,33.2986997987583,31.1617715083414,30.3562643183168,30.4594735291961,30
709.75,33.2986997987583,31.1617715083414,30.3562643183168,30.4594735291961,30
709.8,33.2986997987583,31.1617715083414,30.3562643183168,30.4594735291961,30
709.85,33.2986997987583,31.1617715083414,30.3562643183168,30.4594735291961,30
709.9,33.2986997987583,31.1617715083414,30.3562643183168,30.4594735291961,30
709.95,33.2986997987583,31.1617715083414,30.3562643183168,30.4594735291961,30
710.0,33.2393808116535,31.1039923845277,30.299001289059,30.4561614236808,30
710.05,33.2393808116535,31.1039923845277,30.299001289059,30.4561614236808,30
710.1,33.2393808116535,31.1039923845277,30.299001289059,30.4561614236808,30
710.15,33.2393808116535,31.1039923845277,30.299001289059,30.4561614236808,30
710.2,33.2393808116535,31.1039923845277,30.299001289059,30.4561614236808,30
710.25,33.2393808116535,31.1039923845277,30.299001289059,30.4561614236808,30
710.3,33.2393808116535,31.1039923845277,30.299001289059,30.4561614236808,30
710.35,33.2393808116535,31.1039923845277,30.299001289059,30.4561614236808,30
710.4,33.2393808116535,31.1039923845277,30.299001289059,30.4561614236808,30
710.45,33.2393808116535,31.1039923845277,30.299001289059,30.4561614236808,30
710.5,33.2986997987583,31.1617715083414,30.3562643183168,30.4513601532193,30
710.55,33.2986997987583,31.1617715083414,30.3562643183168,30.4513601532193,30
710.6,33.2986997987583,31.1617715083414,30.3562643183168,30.4513601532193,30
710.65,33.2986997987583,31.1617715083414,30.3562643183168,30.4513601532193,30
710.7,33.2986997987583,31.1617715083414,30.3562643183168,30.4513601532193,30
710.75,33.2986997987583,31.1617715083414,30.3562643183168,30.4513601532193,30
710.8,33.2986997987583,31.1617715083414,30.3562643183168,30.4513601532193,30
710.85,33.2986997987583,31.1617715083414,30.3562643183168,30.4513601532193,30
710.9,33.2986997987583,31.1617715083414,30.3562643183168,30.4513601532193,30
710.95,33.2986997987583,31.1617715083414,30.3562643183168,30.4513601532193,30
711.0,33.2393808116535,31.1039923845277,30.299001289059,30.4482727895107,30
711.05,33.2393808116535,31.1039923845277,30.299001289059,30.4482727895107,30
711.1,33.2393808116535,31.1039923845277,30.299001289059,30.4482727895107,30
711.15,33.2393808116535,31.1039923845277,30.299001289059,30.4482727895107,30
711.2,33.2393808116535,31.1039923845277,30.299001289059,30.4482727895107,30
711.25,33.2393808116535,31.1039923845277,30.299001289059,30.4482727895107,30
711.3,33.2393808116535,31.1039923845277,30.299001289059,30.4482727895107,30
711.35,33.2393808116535,31.1039923845277,30.299001289059,30.4482727895107,30
711.4,33.2393808116535,31.1039923845277,30.299001289059,30.4482727895107,30
711.45,33.2393808116535,31.1039923845277,30.299001289059,30.4482727895107,30
711.5,33.2097386301718,31.0751171543226,30.2703830471568,30.4436893083561,30
711.55,33.2097386301718,31.0751171543226,30.2703830471568,30.4436893083561,30
711.6,33.2097386301718,31.0751171543226,30.2703830471568,30.4436893083561,30
711.65,33.2097386301718,31.0751171543226,30.2703830471568,30.4436893083561,30
711.7,33.2097386301718,31.0751171543226,30.2703830471568,30.4436893083561,30
711.75,33.2097386301718,31.0751171543226,30.2703830471568,30.4436893083561,30
711.8,33.2097386301718,31.0751171543226,30.2703830471568,30.4436893083561,30
711.85,33.2097386301718,31.0751171543226,30.2703830471568,30.4436893083561,30
711.9,33.2097386301718,31.0751171543226,30.2703830471568,30.4436893083561,30
711.95,33.2097386301718,31.0751171543226,30.2703830471568,30.4436893083561,30
712.0,33.2393808116535,31.1039923845277,30.3276283712019,30.438448217903,30
712.05,33.2393808116535,31.1039923845277,30.3276283712019,30.438448217903,30
712.1,33.2393808116535,31.1039923845277,30.3276283712019,30.438448217903,30
712.15,33.2393808116535,31.1039923845277,30.3276283712019,30.438448217903,30
712.2,33.2393808116535,31.1039923845277,30.3276283712019,30.438448217903,30
712.25,33.2393808116535,31.1039923845277,30.3276283712019,30.438448217903,30
712.3,33.2393808116535,31.1039923845277,30.3276283712019,30.438448217903,30
712.35,33.2393808116535,31.1039923845277,30.3276283712019,30.438448217903,30
712.4,33.2393808116535,31.1039923845277,30.3276283712019,30.438448217903,30
712.45,33.2393808116535,31.1039923845277,30.3276283712019,30.438448217903,30
712.5,33.1801079516325,31.0462514443218,30.2703830471568,30.4341474805336,30
712.55,33.1801079516325,31.0462514443218,30.2703830471568,30.4341474805336,30
712.6,33.1801079516325,31.0462514443218,30.2703830471568,30.4341474805336,30
712.65,33.1801079516325,31.0462514443218,30.2703830471568,30.4341474805336,30
712.7,33.1801079516325,31.0462514443218,30.2703830471568,30.4341474805336,30
712.75,33.1801079516325,31.0462514443218,30.2703830471568,30.4341474805336,30
712.8,33.1801079516325,31.0462514443218,30.2703830471568,30.4341474805336,30
712.85,33.1801079516325,31.0462514443218,30.2703830471568,30.4341474805336,30
712.9,33.1801079516325,31.0462514443218,30.2703830471568,30.4341474805336,30
712.95,33.1801079516325,31.0462514443218,30.2703830471568,30.4341474805336,30
713.0,33.2393808116535,31.1039923845277,30.299001289059,30.4283924509144,30
713.05,33.2393808116535,31.1039923845277,30.299001289059,30.4283924509144,30
713.1,33.2393808116535,31.1039923845277,30.299001289059,30.4283924509144,30
713.15,33.2393808116535,31.1039923845277,30.299001289059,30.4283924509144,30
713.2,33.2393808116535,31.1039923845277,30.299001289059,30.4283924509144,30
713.25,33.2393808116535,31.1039923845277,30.299001289059,30.4283924509144,30
713.3,33.2393808116535,31.1039923845277,30.299001289059,30.4283924509144,30
713.35,33.2393808116535,31.1039923845277,30.299001289059,30.4283924509144,30
713.4,33.2393808116535,31.1039923845277,30.299001289059,30.4283924509144,30
713.45,33.2393808116535,31.1039923845277,30.299001289059,30.4283924509144,30
713.5,33.1801079516325,31.0462514443218,30.2417736207973,30.4243829187878,30
713.55,33.1801079516325,31.0462514443218,30.2417736207973,30.4243829187878,30
713.6,33.1801079516325,31.0462514443218,30.2417736207973,30.4243829187878,30
713.65,33.1801079516325,31.0462514443218,30.2417736207973,30.4243829187878,30
713.7,33.1801079516325,31.0462514443218,30.2417736207973,30.4243829187878,30
713.75,33.1801079516325,31.0462514443218,30.2417736207973,30.4243829187878,30
713.8,33.1801079516325,31.0462514443218,30.2417736207973,30.4243829187878,30
713.85,33.1801079516325,31.0462514443218,30.2417736207973,30.4243829187878,30
713.9,33.1801079516325,31.0462514443218,30.2417736207973,30.4243829187878,30
713.95,33.1801079516325,31.0462514443218,30.2417736207973,30.4243829187878,30
714.0,33.2097386301718,31.1039923845277,30.299001289059,30.418909856282,30
714.05,33.2097386301718,31.1039923845277,30.299001289059,30.418909856282,30
714.1,33.2097386301718,31.1039923845277,30.299001289059,30.418909856282,30
714.15,33.2097386301718,31.1039923845277,30.299001289059,30.418909856282,30
714.2,33.2097386301718,31.1039923845277,30.299001289059,30.418909856282,30
714.25,33.2097386301718,31.1039923845277,30.299001289059,30.418909856282,30
714.3,33.2097386301718,31.1039923845277,30.299001289059,30.418909856282,30
714.35,33.2097386301718,31.1039923845277,30.299001289059,30.418909856282,30
714.4,33.2097386301718,31.1039923845277,30.299001289059,30.418909856282,30
714.45,33.2097386301718,31.1039923845277,30.299001289059,30.418909856282,30
714.5,33.2393808116535,31.1039923845277,30.299001289059,30.4151727848664,30
714.55,33.2393808116535,31.1039923845277,30.299001289059,30.4151727848664,30
714.6,33.2393808116535,31.1039923845277,30.299001289059,30.4151727848664,30
714.65,33.2393808116535,31.1039923845277,30.299001289059,30.4151727848664,30
714.7,33.2393808116535,31.1039923845277,30.299001289059,30.4151727848664,30
714.75,33.2393808116535,31.1039923845277,30.299001289059,30.4151727848664,30
714.8,33.2393808116535,31.1039923845277,30.299001289059,30.4151727848664,30
714.85,33.2393808116535,31.1039923845277,30.299001289059,30.4151727848664,30
714.9,33.2393808116535,31.1039923845277,30.299001289059,30.4151727848664,30
714.95,33.2393808116535,31.1039923845277,30.299001289059,30.4151727848664,30
715.0,33.2097386301718,31.0751171543226,30.299001289059,30.411538757656,30
715.05,33.2097386301718,31.0751171543226,30.299001289059,30.411538757656,30
715.1,33.2097386301718,31.0751171543226,30.299001289059,30.411538757656,30
715.15,33.2097386301718,31.0751171543226,30.299001289059,30.411538757656,30
715.2,33.2097386301718,31.0751171543226,30.299001289059,30.411538757656,30
715.25,33.2097386301718,31.0751171543226,30.299001289059,30.411538757656,30
715.3,33.2097386301718,31.0751171543226,30.299001289059,30.411538757656,30
715.35,33.2097386301718,31.0751171543226,30.299001289059,30.411538757656,30
715.4,33.2097386301718,31.0751171543226,30.299001289059,30.411538757656,30
715.45,33.2097386301718,31.0751171543226,30.299001289059,30.411538757656,30
715.5,33.1801079516325,31.0751171543226,30.2703830471568,30.4072171596858,30
715.55,33.1801079516325,31.0751171543226,30.2703830471568,30.4072171596858,30
715.6,33.1801079516325,31.0751171543226,30.2703830471568,30.4072171596858,30
715.65,33.1801079516325,31.0751171543226,30.2703830471568,30.4072171596858,30
715.7,33.1801079516325,31.0751171543226,30.2703830471568,30.4072171596858,30
715.75,33.1801079516325,31.0751171543226,30.2703830471568,30.4072171596858,30
715.8,33.1801079516325,31.0751171543226,30.2703830471568,30.4072171596858,30
715.85,33.1801079516325,31.0751171543226,30.2703830471568,30.4072171596858,30
715.9,33.1801079516325,31.0751171543226,30.2703830471568,30.4072171596858,30
715.95,33.1801079516325,31.0751171543226,30.2703830471568,30.4072171596858,30
716.0,33.2097386301718,31.1039923845277,30.299001289059,30.4030183693695,30
716.05,33.2097386301718,31.1039923845277,30.299001289059,30.4030183693695,30
716.1,33.2097386301718,31.1039923845277,30.299001289059,30.4030183693695,30
716.15,33.2097386301718,31.1039923845277,30.299001289059,30.4030183693695,30
716.2,33.2097386301718,31.1039923845277,30.299001289059,30.4030183693695,30
716.25,33.2097386301718,31.1039923845277,30.299001289059,30.4030183693695,30
716.3,33.2097386301718,31.1039923845277,30.299001289059,30.4030183693695,30
716.35,33.2097386301718,31.1039923845277,30.299001289059,30.4030183693695,30
716.4,33.2097386301718,31.1039923845277,30.299001289059,30.4030183693695,30
716.45,33.2097386301718,31.1039923845277,30.299001289059,30.4030183693695,30
716.5,33.1504887472678,31.0462514443218,30.2417736207973,30.3997259690002,30
716.55,33.1504887472678,31.0462514443218,30.2417736207973,30.3997259690002,30
716.6,33.1504887472678,31.0462514443218,30.2417736207973,30.3997259690002,30
716.65,33.1504887472678,31.0462514443218,30.2417736207973,30.3997259690002,30
716.7,33.1504887472678,31.0462514443218,30.2417736207973,30.3997259690002,30
716.75,33.1504887472678,31.0462514443218,30.2417736207973,30.3997259690002,30
716.8,33.1504887472678,31.0462514443218,30.2417736207973,30.3997259690002,30
716.85,33.1504887472678,31.0462514443218,30.2417736207973,30.3997259690002,30
716.9,33.1504887472678,31.0462514443218,30.2417736207973,30.3997259690002,30
716.95,33.1504887472678,31.0462514443218,30.2417736207973,30.3997259690002,30
717.0,33.1801079516325,31.0751171543226,30.2703830471568,30.3949464573749,30
717.05,33.1801079516325,31.0751171543226,30.2703830471568,30.3949464573749,30
717.1,33.1801079516325,31.0751171543226,30.2703830471568,30.3949464573749,30
717.15,33.1801079516325,31.0751171543226,30.2703830471568,30.3949464573749,30
717.2,33.1801079516325,31.0751171543226,30.2703830471568,30.3949464573749,30
717.25,33.1801079516325,31.0751171543226,30.2703830471568,30.3949464573749,30
717.3,33.1801079516325,31.0751171543226,30.2703830471568,30.3949464573749,30
717.35,33.1801079516325,31.0751171543226,30.2703830471568,30.3949464573749,30
717.4,33.1801079516325,31.0751171543226,30.2703830471568,30.3949464573749,30
717.45,33.1801079516325,31.0751171543226,30.2703830471568,30.3949464573749,30
717.5,33.1504887472678,31.0462514443218,30.2417736207973,30.3910927258991,30
717.55,33.1504887472678,31.0462514443218,30.2417736207973,30.3910927258991,30
717.6,33.1504887472678,31.0462514443218,30.2417736207973,30.3910927258991,30
717.65,33.1504887472678,31.0462514443218,30.2417736207973,30.3910927258991,30
717.7,33.1504887472678,31.0462514443218,30.2417736207973,30.3910927258991,30
717.75,33.1504887472678,31.0462514443218,30.2417736207973,30.3910927258991,30
717.8,33.1504887472678,31.0462514443218,30.2417736207973,30.3910927258991,30
717.85,33.1504887472678,31.0462514443218,30.2417736207973,30.3910927258991,30
717.9,33.1504887472678,31.0462514443218,30.2417736207973,30.3910927258991,30
717.95,33.1504887472678,31.0462514443218,30.2417736207973,30.3910927258991,30
718.0,33.0912846462348,30.9885484823664,30.1845811160826,30.3865588721205,30
718.05,33.0912846462348,30.9885484823664,30.1845811160826,30.3865588721205,30
718.1,33.0912846462348,30.9885484823664,30.1845811160826,30.3865588721205,30
718.15,33.0912846462348,30.9885484823664,30.1845811160826,30.3865588721205,30
718.2,33.0912846462348,30.9885484823664,30.1845811160826,30.3865588721205,30
718.25,33.0912846462348,30.9885484823664,30.1845811160826,30.3865588721205,30
718.3,33.0912846462348,30.9885484823664,30.1845811160826,30.3865588721205,30
718.35,33.0912846462348,30.9885484823664,30.1845811160826,30.3865588721205,30
718.4,33.0912846462348,30.9885484823664,30.1845811160826,30.3865588721205,30
718.45,33.0912846462348,30.9885484823664,30.1845811160826,30.3865588721205,30
718.5,33.1504887472678,31.0462514443218,30.2417736207973,30.3805806292061,30
718.55,33.1504887472678,31.0462514443218,30.2417736207973,30.3805806292061,30
718.6,33.1504887472678,31.0462514443218,30.2417736207973,30.3805806292061,30
718.65,33.1504887472678,31.0462514443218,30.2417736207973,30.3805806292061,30
718.7,33.1504887472678,31.0462514443218,30.2417736207973,30.3805806292061,30
718.75,33.1504887472678,31.0462514443218,30.2417736207973,30.3805806292061,30
718.8,33.1504887472678,31.0462514443218,30.2417736207973,30.3805806292061,30
718.85,33.1504887472678,31.0462514443218,30.2417736207973,30.3805806292061,30
718.9,33.1504887472678,31.0462514443218,30.2417736207973,30.3805806292061,30
718.95,33.1504887472678,31.0462514443218,30.2417736207973,30.3805806292061,30
719.0,33.1504887472678,31.0462514443218,30.2417736207973,30.3763553620487,30
719.05,33.1504887472678,31.0462514443218,30.2417736207973,30.3763553620487,30
719.1,33.1504887472678,31.0462514443218,30.2417736207973,30.3763553620487,30
719.15,33.1504887472678,31.0462514443218,30.2417736207973,30.3763553620487,30
719.2,33.1504887472678,31.0462514443218,30.2417736207973,30.3763553620487,30
719.25,33.1504887472678,31.0462514443218,30.2417736207973,30.3763553620487,30
719.3,33.1504887472678,31.0462514443218,30.2417736207973,30.3763553620487,30
719.35,33.1504887472678,31.0462514443218,30.2417736207973,30.3763553620487,30
719.4,33.1504887472678,31.0462514443218,30.2417736207973,30.3763553620487,30
719.45,33.1504887472678,31.0462514443218,30.2417736207973,30.3763553620487,30
719.5,33.1504887472678,31.0751171543226,30.2703830471568,30.372250554267,30
719.55,33.1504887472678,31.0751171543226,30.2703830471568,30.372250554267,30
719.6,33.1504887472678,31.0751171543226,30.2703830471568,30.372250554267,30
719.65,33.1504887472678,31.0751171543226,30.2703830471568,30.372250554267,30
719.7,33.1504887472678,31.0751171543226,30.2703830471568,30.372250554267,30
719.75,33.1504887472678,31.0751171543226,30.2703830471568,30.372250554267,30
719.8,33.1504887472678,31.0751171543226,30.2703830471568,30.372250554267,30
719.85,33.1504887472678,31.0751171543226,30.2703830471568,30.372250554267,30
719.9,33.1504887472678,31.0751171543226,30.2703830471568,30.372250554267,30
719.95,33.1504887472678,31.0751171543226,30.2703830471568,30.372250554267,30
720.0,33.0912846462348,31.0173952288743,30.2131729853164,30.3690495865139,30
720.05,33.0912846462348,31.0173952288743,30.2131729853164,30.3690495865139,30
720.1,33.0912846462348,31.0173952288743,30.2131729853164,30.3690495865139,30
720.15,33.0912846462348,31.0173952288743,30.2131729853164,30.3690495865139,30
720.2,33.0912846462348,31.0173952288743,30.2131729853164,30.3690495865139,30
720.25,33.0912846462348,31.0173952288743,30.2131729853164,30.3690495865139,30
720.3,33.0912846462348,31.0173952288743,30.2131729853164,30.3690495865139,30
720.35,33.0912846462348,31.0173952288743,30.2131729853164,30.3690495865139,30
720.4,33.0912846462348,31.0173952288743,30.2131729853164,30.3690495865139,30
720.45,33.0912846462348,31.0173952288743,30.2131729853164,30.3690495865139,30
720.5,33.1208809883588,31.0173952288743,30.2131729853164,30.3643592448932,30
720.55,33.1208809883588,31.0173952288743,30.2131729853164,30.3643592448932,30
720.6,33.1208809883588,31.0173952288743,30.2131729853164,30.3643592448932,30
720.65,33.1208809883588,31.0173952288743,30.2131729853164,30.3643592448932,30
720.7,33.1208809883588,31.0173952288743,30.2131729853164,30.3643592448932,30
720.75,33.1208809883588,31.0173952288743,30.2131729853164,30.3643592448932,30
720.8,33.1208809883588,31.0173952288743,30.2131729853164,30.3643592448932,30
720.85,33.1208809883588,31.0173952288743,30.2131729853164,30.3643592448932,30
720.9,33.1208809883588,31.0173952288743,30.2131729853164,30.3643592448932,30
720.95,33.1208809883588,31.0173952288743,30.2131729853164,30.3643592448932,30
721.0,33.1208809883588,31.0462514443218,30.2417736207973,30.3598048074011,30
721.05,33.1208809883588,31.0462514443218,30.2417736207973,30.3598048074011,30
721.1,33.1208809883588,31.0462514443218,30.2417736207973,30.3598048074011,30
721.15,33.1208809883588,31.0462514443218,30.2417736207973,30.3598048074011,30
721.2,33.1208809883588,31.0462514443218,30.2417736207973,30.3598048074011,30
721.25,33.1208809883588,31.0462514443218,30.2417736207973,30.3598048074011,30
721.3,33.1208809883588,31.0462514443218,30.2417736207973,30.3598048074011,30
721.35,33.1208809883588,31.0462514443218,30.2417736207973,30.3598048074011,30
721.4,33.1208809883588,31.0462514443218,30.2417736207973,30.3598048074011,30
721.45,33.1208809883588,31.0462514443218,30.2417736207973,30.3598048074011,30
721.5,33.0912846462348,31.0173952288743,30.1845811160826,30.3561694366572,30
721.55,33.0912846462348,31.0173952288743,30.1845811160826,30.3561694366572,30
721.6,33.0912846462348,31.0173952288743,30.1845811160826,30.3561694366572,30
721.65,33.0912846462348,31.0173952288743,30.1845811160826,30.3561694366572,30
721.7,33.0912846462348,31.0173952288743,30.1845811160826,30.3561694366572,30
721.75,33.0912846462348,31.0173952288743,30.1845811160826,30.3561694366572,30
721.8,33.0912846462348,31.0173952288743,30.1845811160826,30.3561694366572,30
721.85,33.0912846462348,31.0173952288743,30.1845811160826,30.3561694366572,30
721.9,33.0912846462348,31.0173952288743,30.1845811160826,30.3561694366572,30
721.95,33.0912846462348,31.0173952288743,30.1845811160826,30.3561694366572,30
722.0,33.1208809883588,31.0462514443218,30.2417736207973,30.3518473956168,30
722.05,33.1208809883588,31.0462514443218,30.2417736207973,30.3518473956168,30
722.1,33.1208809883588,31.0462514443218,30.2417736207973,30.3518473956168,30
722.15,33.1208809883588,31.0462514443218,30.2417736207973,30.3518473956168,30
722.2,33.1208809883588,31.0462514443218,30.2417736207973,30.3518473956168,30
722.25,33.1208809883588,31.0462514443218,30.2417736207973,30.3518473956168,30
722.3,33.1208809883588,31.0462514443218,30.2417736207973,30.3518473956168,30
722.35,33.1208809883588,31.0462514443218,30.2417736207973,30.3518473956168,30
722.4,33.1208809883588,31.0462514443218,30.2417736207973,30.3518473956168,30
722.45,33.1208809883588,31.0462514443218,30.2417736207973,30.3518473956168,30
722.5,33.0912846462348,31.0173952288743,30.2131729853164,30.3484365682006,30
722.55,33.0912846462348,31.0173952288743,30.2131729853164,30.3484365682006,30
722.6,33.0912846462348,31.0173952288743,30.2131729853164,30.3484365682006,30
722.65,33.0912846462348,31.0173952288743,30.2131729853164,30.3484365682006,30
722.7,33.0912846462348,31.0173952288743,30.2131729853164,30.3484365682006,30
722.75,33.0912846462348,31.0173952288743,30.2131729853164,30.3484365682006,30
722.8,33.0912846462348,31.0173952288743,30.2131729853164,30.3484365682006,30
722.85,33.0912846462348,31.0173952288743,30.2131729853164,30.3484365682006,30
722.9,33.0912846462348,31.0173952288743,30.2131729853164,30.3484365682006,30
722.95,33.0912846462348,31.0173952288743,30.2131729853164,30.3484365682006,30
723.0,33.1504887472678,31.0751171543226,30.2703830471568,30.3443320515266,30
723.05,33.1504887472678,31.0751171543226,30.2703830471568,30.3443320515266,30
723.1,33.1504887472678,31.0751171543226,30.2703830471568,30.3443320515266,30
723.15,33.1504887472678,31.0751171543226,30.2703830471568,30.3443320515266,30
723.2,33.1504887472678,31.0751171543226,30.2703830471568,30.3443320515266,30
723.25,33.1504887472678,31.0751171543226,30.2703830471568,30.3443320515266,30
723.3,33.1504887472678,31.0751171543226,30.2703830471568,30.3443320515266,30
723.35,33.1504887472678,31.0751171543226,30.2703830471568,30.3443320515266,30
723.4,33.1504887472678,31.0751171543226,30.2703830471568,30.3443320515266,30
723.45,33.1504887472678,31.0751171543226,30.2703830471568,30.3443320515266,30
723.5,33.0616996922734,30.9885484823664,30.1845811160826,30.3419197045538,30
723.55,33.0616996922734,30.9885484823664,30.1845811160826,30.3419197045538,30
723.6,33.0616996922734,30.9885484823664,30.1845811160826,30.3419197045538,30
723.65,33.0616996922734,30.9885484823664,30.1845811160826,30.3419197045538,30
723.7,33.0616996922734,30.9885484823664,30.1845811160826,30.3419197045538,30
723.75,33.0616996922734,30.9885484823664,30.1845811160826,30.3419197045538,30
723.8,33.0616996922734,30.9885484823664,30.1845811160826,30.3419197045538,30
723.85,33.0616996922734,30.9885484823664,30.1845811160826,30.3419197045538,30
723.9,33.0616996922734,30.9885484823664,30.1845811160826,30.3419197045538,30
723.95,33.0616996922734,30.9885484823664,30.1845811160826,30.3419197045538,30
724.0,33.0912846462348,31.0173952288743,30.2131729853164,30.3372060928619,30
724.05,33.0912846462348,31.0173952288743,30.2131729853164,30.3372060928619,30
724.1,33.0912846462348,31.0173952288743,30.2131729853164,30.3372060928619,30
724.15,33.0912846462348,31.0173952288743,30.2131729853164,30.3372060928619,30
724.2,33.0912846462348,31.0173952288743,30.2131729853164,30.3372060928619,30
724.25,33.0912846462348,31.0173952288743,30.2131729853164,30.3372060928619,30
724.3,33.0912846462348,31.0173952288743,30.2131729853164,30.3372060928619,30
724.35,33.0912846462348,31.0173952288743,30.2131729853164,30.3372060928619,30
724.4,33.0912846462348,31.0173952288743,30.2131729853164,30.3372060928619,30
724.45,33.0912846462348,31.0173952288743,30.2131729853164,30.3372060928619,30
724.5,33.1208809883588,31.0751171543226,30.2417736207973,30.3334172130511,30
724.55,33.1208809883588,31.0751171543226,30.2417736207973,30.3334172130511,30
724.6,33.1208809883588,31.0751171543226,30.2417736207973,30.3334172130511,30
724.65,33.1208809883588,31.0751171543226,30.2417736207973,30.3334172130511,30
724.7,33.1208809883588,31.0751171543226,30.2417736207973,30.3334172130511,30
724.75,33.1208809883588,31.0751171543226,30.2417736207973,30.3334172130511,30
724.8,33.1208809883588,31.0751171543226,30.2417736207973,30.3334172130511,30
724.85,33.1208809883588,31.0751171543226,30.2417736207973,30.3334172130511,30
724.9,33.1208809883588,31.0751171543226,30.2417736207973,30.3334172130511,30
724.95,33.1208809883588,31.0751171543226,30.2417736207973,30.3334172130511,30
725.0,33.0912846462348,31.0173952288743,30.2131729853164,30.3313100855972,30
725.05,33.0912846462348,31.0173952288743,30.2131729853164,30.3313100855972,30
725.1,33.0912846462348,31.0173952288743,30.2131729853164,30.3313100855972,30
725.15,33.0912846462348,31.0173952288743,30.2131729853164,30.3313100855972,30
725.2,33.0912846462348,31.0173952288743,30.2131729853164,30.3313100855972,30
725.25,33.0912846462348,31.0173952288743,30.2131729853164,30.3313100855972,30
725.3,33.0912846462348,31.0173952288743,30.2131729853164,30.3313100855972,30
725.35,33.0912846462348,31.0173952288743,30.2131729853164,30.3313100855972,30
725.4,33.0912846462348,31.0173952288743,30.2131729853164,30.3313100855972,30
725.45,33.0912846462348,31.0173952288743,30.2131729853164,30.3313100855972,30
725.5,33.0616996922734,31.0173952288743,30.1845811160826,30.3276788635015,30
725.55,33.0616996922734,31.0173952288743,30.1845811160826,30.3276788635015,30
725.6,33.0616996922734,31.0173952288743,30.1845811160826,30.3276788635015,30
725.65,33.0616996922734,31.0173952288743,30.1845811160826,30.3276788635015,30
725.7,33.0616996922734,31.0173952288743,30.1845811160826,30.3276788635015,30
725.75,33.0616996922734,31.0173952288743,30.1845811160826,30.3276788635015,30
725.8,33.0616996922734,31.0173952288743,30.1845811160826,30.3276788635015,30
725.85,33.0616996922734,31.0173952288743,30.1845811160826,30.3276788635015,30
725.9,33.0616996922734,31.0173952288743,30.1845811160826,30.3276788635015,30
725.95,33.0616996922734,31.0173952288743,30.1845811160826,30.3276788635015,30
726.0,33.0616996922734,31.0173952288743,30.1845811160826,30.3241493965904,30
726.05,33.0616996922734,31.0173952288743,30.1845811160826,30.3241493965904,30
726.1,33.0616996922734,31.0173952288743,30.1845811160826,30.3241493965904,30
726.15,33.0616996922734,31.0173952288743,30.1845811160826,30.3241493965904,30
726.2,33.0616996922734,31.0173952288743,30.1845811160826,30.3241493965904,30
726.25,33.0616996922734,31.0173952288743,30.1845811160826,30.3241493965904,30
726.3,33.0616996922734,31.0173952288743,30.1845811160826,30.3241493965904,30
726.35,33.0616996922734,31.0173952288743,30.1845811160826,30.3241493965904,30
726.4,33.0616996922734,31.0173952288743,30.1845811160826,30.3241493965904,30
726.45,33.0616996922734,31.0173952288743,30.1845811160826,30.3241493965904,30
726.5,33.1208809883588,31.0751171543226,30.2417736207973,30.3207179519289,30
726.55,33.1208809883588,31.0751171543226,30.2417736207973,30.3207179519289,30
726.6,33.1208809883588,31.0751171543226,30.2417736207973,30.3207179519289,30
726.65,33.1208809883588,31.0751171543226,30.2417736207973,30.3207179519289,30
726.7,33.1208809883588,31.0751171543226,30.2417736207973,30.3207179519289,30
726.75,33.1208809883588,31.0751171543226,30.2417736207973,30.3207179519289,30
726.8,33.1208809883588,31.0751171543226,30.2417736207973,30.3207179519289,30
726.85,33.1208809883588,31.0751171543226,30.2417736207973,30.3207179519289,30
726.9,33.1208809883588,31.0751171543226,30.2417736207973,30.3207179519289,30
726.95,33.1208809883588,31.0751171543226,30.2417736207973,30.3207179519289,30
727.0,33.0321260979,30.9885484823664,30.1559979884982,30.3189567202659,30
727.05,33.0321260979,30.9885484823664,30.1559979884982,30.3189567202659,30
727.1,33.0321260979,30.9885484823664,30.1559979884982,30.3189567202659,30
727.15,33.0321260979,30.9885484823664,30.1559979884982,30.3189567202659,30
727.2,33.0321260979,30.9885484823664,30.1559979884982,30.3189567202659,30
727.25,33.0321260979,30.9885484823664,30.1559979884982,30.3189567202659,30
727.3,33.0321260979,30.9885484823664,30.1559979884982,30.3189567202659,30
727.35,33.0321260979,30.9885484823664,30.1559979884982,30.3189567202659,30
727.4,33.0321260979,30.9885484823664,30.1559979884982,30.3189567202659,30
727.45,33.0321260979,30.9885484823664,30.1559979884982,30.3189567202659,30
727.5,33.0321260979,30.9597111792208,30.1559979884982,30.3148730069198,30
727.55,33.0321260979,30.9597111792208,30.1559979884982,30.3148730069198,30
727.6,33.0321260979,30.9597111792208,30.1559979884982,30.3148730069198,30
727.65,33.0321260979,30.9597111792208,30.1559979884982,30.3148730069198,30
727.7,33.0321260979,30.9597111792208,30.1559979884982,30.3148730069198,30
727.75,33.0321260979,30.9597111792208,30.1559979884982,30.3148730069198,30
727.8,33.0321260979,30.9597111792208,30.1559979884982,30.3148730069198,30
727.85,33.0321260979,30.9597111792208,30.1559979884982,30.3148730069198,30
727.9,33.0321260979,30.9597111792208,30.1559979884982,30.3148730069198,30
727.95,33.0321260979,30.9597111792208,30.1559979884982,30.3148730069198,30
728.0,33.0616996922734,30.9885484823664,30.1845811160826,30.3101199046456,30
728.05,33.0616996922734,30.9885484823664,30.1845811160826,30.3101199046456,30
728.1,33.0616996922734,30.9885484823664,30.1845811160826,30.3101199046456,30
728.15,33.0616996922734,30.9885484823664,30.1845811160826,30.3101199046456,30
728.2,33.0616996922734,30.9885484823664,30.1845811160826,30.3101199046456,30
728.25,33.0616996922734,30.9885484823664,30.1845811160826,30.3101199046456,30
728.3,33.0616996922734,30.9885484823664,30.1845811160826,30.3101199046456,30
728.35,33.0616996922734,30.9885484823664,30.1845811160826,30.3101199046456,30
728.4,33.0616996922734,30.9885484823664,30.1845811160826,30.3101199046456,30
728.45,33.0616996922734,30.9885484823664,30.1845811160826,30.3101199046456,30
728.5,33.0321260979,30.9885484823664,30.1845811160826,30.3062942160258,30
728.55,33.0321260979,30.9885484823664,30.1845811160826,30.3062942160258,30
728.6,33.0321260979,30.9885484823664,30.1845811160826,30.3062942160258,30
728.65,33.0321260979,30.9885484823664,30.1845811160826,30.3062942160258,30
728.7,33.0321260979,30.9885484823664,30.1845811160826,30.3062942160258,30
728.75,33.0321260979,30.9885484823664,30.1845811160826,30.3062942160258,30
728.8,33.0321260979,30.9885484823664,30.1845811160826,30.3062942160258,30
728.85,33.0321260979,30.9885484823664,30.1845811160826,30.3062942160258,30
728.9,33.0321260979,30.9885484823664,30.1845811160826,30.3062942160258,30
728.95,33.0321260979,30.9885484823664,30.1845811160826,30.3062942160258,30
729.0,33.0616996922734,31.0173952288743,30.1845811160826,30.3025778776515,30
729.05,33.0616996922734,31.0173952288743,30.1845811160826,30.3025778776515,30
729.1,33.0616996922734,31.0173952288743,30.1845811160826,30.3025778776515,30
729.15,33.0616996922734,31.0173952288743,30.1845811160826,30.3025778776515,30
729.2,33.0616996922734,31.0173952288743,30.1845811160826,30.3025778776515,30
729.25,33.0616996922734,31.0173952288743,30.1845811160826,30.3025778776515,30
729.3,33.0616996922734,31.0173952288743,30.1845811160826,30.3025778776515,30
729.35,33.0616996922734,31.0173952288743,30.1845811160826,30.3025778776515,30
729.4,33.0616996922734,31.0173952288743,30.1845811160826,30.3025778776515,30
729.45,33.0616996922734,31.0173952288743,30.1845811160826,30.3025778776515,30
729.5,33.0616996922734,31.0173952288743,30.1845811160826,30.2997541073406,30
729.55,33.0616996922734,31.0173952288743,30.1845811160826,30.2997541073406,30
729.6,33.0616996922734,31.0173952288743,30.1845811160826,30.2997541073406,30
729.65,33.0616996922734,31.0173952288743,30.1845811160826,30.2997541073406,30
729.7,33.0616996922734,31.0173952288743,30.1845811160826,30.2997541073406,30
729.75,33.0616996922734,31.0173952288743,30.1845811160826,30.2997541073406,30
729.8,33.0616996922734,31.0173952288743,30.1845811160826,30.2997541073406,30
729.85,33.0616996922734,31.0173952288743,30.1845811160826,30.2997541073406,30
729.9,33.0616996922734,31.0173952288743,30.1845811160826,30.2997541073406,30
729.95,33.0616996922734,31.0173952288743,30.1845811160826,30.2997541073406,30
730.0,32.9730128738596,30.9597111792208,30.1274235779981,30.2970063514711,30
730.05,32.9730128738596,30.9597111792208,30.1274235779981,30.2970063514711,30
730.1,32.9730128738596,30.9597111792208,30.1274235779981,30.2970063514711,30
730.15,32.9730128738596,30.9597111792208,30.1274235779981,30.2970063514711,30
730.2,32.9730128738596,30.9597111792208,30.1274235779981,30.2970063514711,30
730.25,32.9730128738596,30.9597111792208,30.1274235779981,30.2970063514711,30
730.3,32.9730128738596,30.9597111792208,30.1274235779981,30.2970063514711,30
730.35,32.9730128738596,30.9597111792208,30.1274235779981,30.2970063514711,30
730.4,32.9730128738596,30.9597111792208,30.1274235779981,30.2970063514711,30
730.45,32.9730128738596,30.9597111792208,30.1274235779981,30.2970063514711,30
730.5,33.0025638345884,30.9597111792208,30.1274235779981,30.2927575339653,30
730.55,33.0025638345884,30.9597111792208,30.1274235779981,30.2927575339653,30
730.6,33.0025638345884,30.9597111792208,30.1274235779981,30.2927575339653,30
730.65,33.0025638345884,30.9597111792208,30.1274235779981,30.2927575339653,30
730.7,33.0025638345884,30.9597111792208,30.1274235779981,30.2927575339653,30
730.75,33.0025638345884,30.9597111792208,30.1274235779981,30.2927575339653,30
730.8,33.0025638345884,30.9597111792208,30.1274235779981,30.2927575339653,30
730.85,33.0025638345884,30.9597111792208,30.1274235779981,30.2927575339653,30
730.9,33.0025638345884,30.9597111792208,30.1274235779981,30.2927575339653,30
730.95,33.0025638345884,30.9597111792208,30.1274235779981,30.2927575339653,30
731.0,33.0321260979,30.9885484823664,30.1559979884982,30.2886316971629,30
731.05,33.0321260979,30.9885484823664,30.1559979884982,30.2886316971629,30
731.1,33.0321260979,30.9885484823664,30.1559979884982,30.2886316971629,30
731.15,33.0321260979,30.9885484823664,30.1559979884982,30.2886316971629,30
731.2,33.0321260979,30.9885484823664,30.1559979884982,30.2886316971629,30
731.25,33.0321260979,30.9885484823664,30.1559979884982,30.2886316971629,30
731.3,33.0321260979,30.9885484823664,30.1559979884982,30.2886316971629,30
731.35,33.0321260979,30.9885484823664,30.1559979884982,30.2886316971629,30
731.4,33.0321260979,30.9885484823664,30.1559979884982,30.2886316971629,30
731.45,33.0321260979,30.9885484823664,30.1559979884982,30.2886316971629,30
731.5,33.0321260979,30.9885484823664,30.1559979884982,30.2854124738406,30
731.55,33.0321260979,30.9885484823664,30.1559979884982,30.2854124738406,30
731.6,33.0321260979,30.9885484823664,30.1559979884982,30.2854124738406,30
731.65,33.0321260979,30.9885484823664,30.1559979884982,30.2854124738406,30
731.7,33.0321260979,30.9885484823664,30.1559979884982,30.2854124738406,30
731.75,33.0321260979,30.9885484823664,30.1559979884982,30.2854124738406,30
731.8,33.0321260979,30.9885484823664,30.1559979884982,30.2854124738406,30
731.85,33.0321260979,30.9885484823664,30.1559979884982,30.2854124738406,30
731.9,33.0321260979,30.9885484823664,30.1559979884982,30.2854124738406,30
731.95,33.0321260979,30.9885484823664,30.1559979884982,30.2854124738406,30
732.0,33.0616996922734,31.0173952288743,30.1845811160826,30.2822830803994,30
732.05,33.0616996922734,31.0173952288743,30.1845811160826,30.2822830803994,30
732.1,33.0616996922734,31.0173952288743,30.1845811160826,30.2822830803994,30
732.15,33.0616996922734,31.0173952288743,30.1845811160826,30.2822830803994,30
732.2,33.0616996922734,31.0173952288743,30.1845811160826,30.2822830803994,30
732.25,33.0616996922734,31.0173952288743,30.1845811160826,30.2822830803994,30
732.3,33.0616996922734,31.0173952288743,30.1845811160826,30.2822830803994,30
732.35,33.0616996922734,31.0173952288743,30.1845811160826,30.2822830803994,30
732.4,33.0616996922734,31.0173952288743,30.1845811160826,30.2822830803994,30
732.45,33.0616996922734,31.0173952288743,30.1845811160826,30.2822830803994,30
732.5,33.0321260979,30.9885484823664,30.1559979884982,30.2800279534811,30
732.55,33.0321260979,30.9885484823664,30.1559979884982,30.2800279534811,30
732.6,33.0321260979,30.9885484823664,30.1559979884982,30.2800279534811,30
732.65,33.0321260979,30.9885484823664,30.1559979884982,30.2800279534811,30
732.7,33.0321260979,30.9885484823664,30.1559979884982,30.2800279534811,30
732.75,33.0321260979,30.9885484823664,30.1559979884982,30.2800279534811,30
732.8,33.0321260979,30.9885484823664,30.1559979884982,30.2800279534811,30
732.85,33.0321260979,30.9885484823664,30.1559979884982,30.2800279534811,30
732.9,33.0321260979,30.9885484823664,30.1559979884982,30.2800279534811,30
732.95,33.0321260979,30.9885484823664,30.1559979884982,30.2800279534811,30
733.0,33.0025638345884,30.9597111792208,30.1559979884982,30.2770439182689,30
733.05,33.0025638345884,30.9597111792208,30.1559979884982,30.2770439182689,30
733.1,33.0025638345884,30.9597111792208,30.1559979884982,30.2770439182689,30
733.15,33.0025638345884,30.9597111792208,30.1559979884982,30.2770439182689,30
733.2,33.0025638345884,30.9597111792208,30.1559979884982,30.2770439182689,30
733.25,33.0025638345884,30.9597111792208,30.1559979884982,30.2770439182689,30
733.3,33.0025638345884,30.9597111792208,30.1559979884982,30.2770439182689,30
733.35,33.0025638345884,30.9597111792208,30.1559979884982,30.2770439182689,30
733.4,33.0025638345884,30.9597111792208,30.1559979884982,30.2770439182689,30
733.45,33.0025638345884,30.9597111792208,30.1559979884982,30.2770439182689,30
733.5,33.0616996922734,31.0173952288743,30.1845811160826,30.2733555343086,30
733.55,33.0616996922734,31.0173952288743,30.1845811160826,30.2733555343086,30
733.6,33.0616996922734,31.0173952288743,30.1845811160826,30.2733555343086,30
733.65,33.0616996922734,31.0173952288743,30.1845811160826,30.2733555343086,30
733.7,33.0616996922734,31.0173952288743,30.1845811160826,30.2733555343086,30
733.75,33.0616996922734,31.0173952288743,30.1845811160826,30.2733555343086,30
733.8,33.0616996922734,31.0173952288743,30.1845811160826,30.2733555343086,30
733.85,33.0616996922734,31.0173952288743,30.1845811160826,30.2733555343086,30
733.9,33.0616996922734,31.0173952288743,30.1845811160826,30.2733555343086,30
733.95,33.0616996922734,31.0173952288743,30.1845811160826,30.2733555343086,30
734.0,33.0321260979,31.0173952288743,30.1845811160826,30.2713474283376,30
734.05,33.0321260979,31.0173952288743,30.1845811160826,30.2713474283376,30
734.1,33.0321260979,31.0173952288743,30.1845811160826,30.2713474283376,30
734.15,33.0321260979,31.0173952288743,30.1845811160826,30.2713474283376,30
734.2,33.0321260979,31.0173952288743,30.1845811160826,30.2713474283376,30
734.25,33.0321260979,31.0173952288743,30.1845811160826,30.2713474283376,30
734.3,33.0321260979,31.0173952288743,30.1845811160826,30.2713474283376,30
734.35,33.0321260979,31.0173952288743,30.1845811160826,30.2713474283376,30
734.4,33.0321260979,31.0173952288743,30.1845811160826,30.2713474283376,30
734.45,33.0321260979,31.0173952288743,30.1845811160826,30.2713474283376,30
734.5,33.0616996922734,31.0462514443218,30.2131729853164,30.2693894357078,30
734.55,33.0616996922734,31.0462514443218,30.2131729853164,30.2693894357078,30
734.6,33.0616996922734,31.0462514443218,30.2131729853164,30.2693894357078,30
734.65,33.0616996922734,31.0462514443218,30.2131729853164,30.2693894357078,30
734.7,33.0616996922734,31.0462514443218,30.2131729853164,30.2693894357078,30
734.75,33.0616996922734,31.0462514443218,30.2131729853164,30.2693894357078,30
734.8,33.0616996922734,31.0462514443218,30.2131729853164,30.2693894357078,30
734.85,33.0616996922734,31.0462514443218,30.2131729853164,30.2693894357078,30
734.9,33.0616996922734,31.0462514443218,30.2131729853164,30.2693894357078,30
734.95,33.0616996922734,31.0462514443218,30.2131729853164,30.2693894357078,30
735.0,33.0321260979,31.0173952288743,30.1845811160826,30.2682670272612,30
735.05,33.0321260979,31.0173952288743,30.1845811160826,30.2682670272612,30
735.1,33.0321260979,31.0173952288743,30.1845811160826,30.2682670272612,30
735.15,33.0321260979,31.0173952288743,30.1845811160826,30.2682670272612,30
735.2,33.0321260979,31.0173952288743,30.1845811160826,30.2682670272612,30
735.25,33.0321260979,31.0173952288743,30.1845811160826,30.2682670272612,30
735.3,33.0321260979,31.0173952288743,30.1845811160826,30.2682670272612,30
735.35,33.0321260979,31.0173952288743,30.1845811160826,30.2682670272612,30
735.4,33.0321260979,31.0173952288743,30.1845811160826,30.2682670272612,30
735.45,33.0321260979,31.0173952288743,30.1845811160826,30.2682670272612,30
735.5,33.0321260979,31.0173952288743,30.1845811160826,30.2663778253981,30
735.55,33.0321260979,31.0173952288743,30.1845811160826,30.2663778253981,30
735.6,33.0321260979,31.0173952288743,30.1845811160826,30.2663778253981,30
735.65,33.0321260979,31.0173952288743,30.1845811160826,30.2663778253981,30
735.7,33.0321260979,31.0173952288743,30.1845811160826,30.2663778253981,30
735.75,33.0321260979,31.0173952288743,30.1845811160826,30.2663778253981,30
735.8,33.0321260979,31.0173952288743,30.1845811160826,30.2663778253981,30
735.85,33.0321260979,31.0173952288743,30.1845811160826,30.2663778253981,30
735.9,33.0321260979,31.0173952288743,30.1845811160826,30.2663778253981,30
735.95,33.0321260979,31.0173952288743,30.1845811160826,30.2663778253981,30
736.0,32.9730128738596,30.9597111792208,30.1274235779981,30.2645349018074,30
736.05,32.9730128738596,30.9597111792208,30.1274235779981,30.2645349018074,30
736.1,32.9730128738596,30.9597111792208,30.1274235779981,30.2645349018074,30
736.15,32.9730128738596,30.9597111792208,30.1274235779981,30.2645349018074,30
736.2,32.9730128738596,30.9597111792208,30.1274235779981,30.2645349018074,30
736.25,32.9730128738596,30.9597111792208,30.1274235779981,30.2645349018074,30
736.3,32.9730128738596,30.9597111792208,30.1274235779981,30.2645349018074,30
736.35,32.9730128738596,30.9597111792208,30.1274235779981,30.2645349018074,30
736.4,32.9730128738596,30.9597111792208,30.1274235779981,30.2645349018074,30
736.45,32.9730128738596,30.9597111792208,30.1274235779981,30.2645349018074,30
736.5,32.9730128738596,30.9597111792208,30.1274235779981,30.2611627449755,30
736.55,32.9730128738596,30.9597111792208,30.1274235779981,30.2611627449755,30
736.6,32.9730128738596,30.9597111792208,30.1274235779981,30.2611627449755,30
736.65,32.9730128738596,30.9597111792208,30.1274235779981,30.2611627449755,30
736.7,32.9730128738596,30.9597111792208,30.1274235779981,30.2611627449755,30
736.75,32.9730128738596,30.9597111792208,30.1274235779981,30.2611627449755,30
736.8,32.9730128738596,30.9597111792208,30.1274235779981,30.2611627449755,30
736.85,32.9730128738596,30.9597111792208,30.1274235779981,30.2611627449755,30
736.9,32.9730128738596,30.9597111792208,30.1274235779981,30.2611627449755,30
736.95,32.9730128738596,30.9597111792208,30.1274235779981,30.2611627449755,30
737.0,33.0321260979,31.0173952288743,30.1845811160826,30.2578863170628,30
737.05,33.0321260979,31.0173952288743,30.1845811160826,30.2578863170628,30
737.1,33.0321260979,31.0173952288743,30.1845811160826,30.2578863170628,30
737.15,33.0321260979,31.0173952288743,30.1845811160826,30.2578863170628,30
737.2,33.0321260979,31.0173952288743,30.1845811160826,30.2578863170628,30
737.25,33.0321260979,31.0173952288743,30.1845811160826,30.2578863170628,30
737.3,33.0321260979,31.0173952288743,30.1845811160826,30.2578863170628,30
737.35,33.0321260979,31.0173952288743,30.1845811160826,30.2578863170628,30
737.4,33.0321260979,31.0173952288743,30.1845811160826,30.2578863170628,30
737.45,33.0321260979,31.0173952288743,30.1845811160826,30.2578863170628,30
737.5,33.0025638345884,30.9885484823664,30.1559979884982,30.2562768085251,30
737.55,33.0025638345884,30.9885484823664,30.1559979884982,30.2562768085251,30
737.6,33.0025638345884,30.9885484823664,30.1559979884982,30.2562768085251,30
737.65,33.0025638345884,30.9885484823664,30.1559979884982,30.2562768085251,30
737.7,33.0025638345884,30.9885484823664,30.1559979884982,30.2562768085251,30
737.75,33.0025638345884,30.9885484823664,30.1559979884982,30.2562768085251,30
737.8,33.0025638345884,30.9885484823664,30.1559979884982,30.2562768085251,30
737.85,33.0025638345884,30.9885484823664,30.1559979884982,30.2562768085251,30
737.9,33.0025638345884,30.9885484823664,30.1559979884982,30.2562768085251,30
737.95,33.0025638345884,30.9885484823664,30.1559979884982,30.2562768085251,30
738.0,33.0025638345884,30.9885484823664,30.1559979884982,30.2539178520238,30
738.05,33.0025638345884,30.9885484823664,30.1559979884982,30.2539178520238,30
738.1,33.0025638345884,30.9885484823664,30.1559979884982,30.2539178520238,30
738.15,33.0025638345884,30.9885484823664,30.1559979884982,30.2539178520238,30
738.2,33.0025638345884,30.9885484823664,30.1559979884982,30.2539178520238,30
738.25,33.0025638345884,30.9885484823664,30.1559979884982,30.2539178520238,30
738.3,33.0025638345884,30.9885484823664,30.1559979884982,30.2539178520238,30
738.35,33.0025638345884,30.9885484823664,30.1559979884982,30.2539178520238,30
738.4,33.0025638345884,30.9885484823664,30.1559979884982,30.2539178520238,30
738.45,33.0025638345884,30.9885484823664,30.1559979884982,30.2539178520238,30
738.5,32.9730128738596,30.9597111792208,30.1274235779981,30.2516216584085,30
738.55,32.9730128738596,30.9597111792208,30.1274235779981,30.2516216584085,30
738.6,32.9730128738596,30.9597111792208,30.1274235779981,30.2516216584085,30
738.65,32.9730128738596,30.9597111792208,30.1274235779981,30.2516216584085,30
738.7,32.9730128738596,30.9597111792208,30.1274235779981,30.2516216584085,30
738.75,32.9730128738596,30.9597111792208,30.1274235779981,30.2516216584085,30
738.8,32.9730128738596,30.9597111792208,30.1274235779981,30.2516216584085,30
738.85,32.9730128738596,30.9597111792208,30.1274235779981,30.2516216584085,30
738.9,32.9730128738596,30.9597111792208,30.1274235779981,30.2516216584085,30
738.95,32.9730128738596,30.9597111792208,30.1274235779981,30.2516216584085,30
739.0,33.0025638345884,30.9885484823664,30.1559979884982,30.2485993681195,30
739.05,33.0025638345884,30.9885484823664,30.1559979884982,30.2485993681195,30
739.1,33.0025638345884,30.9885484823664,30.1559979884982,30.2485993681195,30
739.15,33.0025638345884,30.9885484823664,30.1559979884982,30.2485993681195,30
739.2,33.0025638345884,30.9885484823664,30.1559979884982,30.2485993681195,30
739.25,33.0025638345884,30.9885484823664,30.1559979884982,30.2485993681195,30
739.3,33.0025638345884,30.9885484823664,30.1559979884982,30.2485993681195,30
739.35,33.0025638345884,30.9885484823664,30.1559979884982,30.2485993681195,30
739.4,33.0025638345884,30.9885484823664,30.1559979884982,30.2485993681195,30
739.45,33.0025638345884,30.9885484823664,30.1559979884982,30.2485993681195,30
739.5,32.9434731872823,30.9597111792208,30.1274235779981,30.246449104373,30
739.55,32.9434731872823,30.9597111792208,30.1274235779981,30.246449104373,30
739.6,32.9434731872823,30.9597111792208,30.1274235779981,30.246449104373,30
739.65,32.9434731872823,30.9597111792208,30.1274235779981,30.246449104373,30
739.7,32.9434731872823,30.9597111792208,30.1274235779981,30.246449104373,30
739.75,32.9434731872823,30.9597111792208,30.1274235779981,30.246449104373,30
739.8,32.9434731872823,30.9597111792208,30.1274235779981,30.246449104373,30
739.85,32.9434731872823,30.9597111792208,30.1274235779981,30.246449104373,30
739.9,32.9434731872823,30.9597111792208,30.1274235779981,30.246449104373,30
739.95,32.9434731872823,30.9597111792208,30.1274235779981,30.246449104373,30
740.0,32.9730128738596,30.9597111792208,30.1274235779981,30.2435676856903,30
740.05,32.9730128738596,30.9597111792208,30.1274235779981,30.2435676856903,30
740.1,32.9730128738596,30.9597111792208,30.1274235779981,30.2435676856903,30
740.15,32.9730128738596,30.9597111792208,30.1274235779981,30.2435676856903,30
740.2,32.9730128738596,30.9597111792208,30.1274235779981,30.2435676856903,30
740.25,32.9730128738596,30.9597111792208,30.1274235779981,30.2435676856903,30
740.3,32.9730128738596,30.9597111792208,30.1274235779981,30.2435676856903,30
740.35,32.9730128738596,30.9597111792208,30.1274235779981,30.2435676856903,30
740.4,32.9730128738596,30.9597111792208,30.1274235779981,30.2435676856903,30
740.45,32.9730128738596,30.9597111792208,30.1274235779981,30.2435676856903,30
740.5,32.9730128738596,30.9597111792208,30.1274235779981,30.2407664519152,30
740.55,32.9730128738596,30.9597111792208,30.1274235779981,30.2407664519152,30
740.6,32.9730128738596,30.9597111792208,30.1274235779981,30.2407664519152,30
740.65,32.9730128738596,30.9597111792208,30.1274235779981,30.2407664519152,30
740.7,32.9730128738596,30.9597111792208,30.1274235779981,30.2407664519152,30
740.75,32.9730128738596,30.9597111792208,30.1274235779981,30.2407664519152,30
740.8,32.9730128738596,30.9597111792208,30.1274235779981,30.2407664519152,30
740.85,32.9730128738596,30.9597111792208,30.1274235779981,30.2407664519152,30
740.9,32.9730128738596,30.9597111792208,30.1274235779981,30.2407664519152,30
740.95,32.9730128738596,30.9597111792208,30.1274235779981,30.2407664519152,30
741.0,32.9730128738596,30.9597111792208,30.1274235779981,30.238043482165,30
741.05,32.9730128738596,30.9597111792208,30.1274235779981,30.238043482165,30
741.1,32.9730128738596,30.9597111792208,30.1274235779981,30.238043482165,30
741.15,32.9730128738596,30.9597111792208,30.1274235779981,30.238043482165,30
741.2,32.9730128738596,30.9597111792208,30.1274235779981,30.238043482165,30
741.25,32.9730128738596,30.9597111792208,30.1274235779981,30.238043482165,30
741.3,32.9730128738596,30.9597111792208,30.1274235779981,30.238043482165,30
741.35,32.9730128738596,30.9597111792208,30.1274235779981,30.238043482165,30
741.4,32.9730128738596,30.9597111792208,30.1274235779981,30.238043482165,30
741.45,32.9730128738596,30.9597111792208,30.1274235779981,30.238043482165,30
741.5,32.9730128738596,30.9885484823664,30.1559979884982,30.2353963455454,30
741.55,32.9730128738596,30.9885484823664,30.1559979884982,30.2353963455454,30
741.6,32.9730128738596,30.9885484823664,30.1559979884982,30.2353963455454,30
741.65,32.9730128738596,30.9885484823664,30.1559979884982,30.2353963455454,30
741.7,32.9730128738596,30.9885484823664,30.1559979884982,30.2353963455454,30
741.75,32.9730128738596,30.9885484823664,30.1559979884982,30.2353963455454,30
741.8,32.9730128738596,30.9885484823664,30.1559979884982,30.2353963455454,30
741.85,32.9730128738596,30.9885484823664,30.1559979884982,30.2353963455454,30
741.9,32.9730128738596,30.9885484823664,30.1559979884982,30.2353963455454,30
741.95,32.9730128738596,30.9885484823664,30.1559979884982,30.2353963455454,30
742.0,32.9730128738596,30.9597111792208,30.1274235779981,30.2336090844709,30
742.05,32.9730128738596,30.9597111792208,30.1274235779981,30.2336090844709,30
742.1,32.9730128738596,30.9597111792208,30.1274235779981,30.2336090844709,30
742.15,32.9730128738596,30.9597111792208,30.1274235779981,30.2336090844709,30
742.2,32.9730128738596,30.9597111792208,30.1274235779981,30.2336090844709,30
742.25,32.9730128738596,30.9597111792208,30.1274235779981,30.2336090844709,30
742.3,32.9730128738596,30.9597111792208,30.1274235779981,30.2336090844709,30
742.35,32.9730128738596,30.9597111792208,30.1274235779981,30.2336090844709,30
742.4,32.9730128738596,30.9597111792208,30.1274235779981,30.2336090844709,30
742.45,32.9730128738596,30.9597111792208,30.1274235779981,30.2336090844709,30
742.5,32.9434731872823,30.9597111792208,30.0988578600504,30.2310795083583,30
742.55,32.9434731872823,30.9597111792208,30.0988578600504,30.2310795083583,30
742.6,32.9434731872823,30.9597111792208,30.0988578600504,30.2310795083583,30
742.65,32.9434731872823,30.9597111792208,30.0988578600504,30.2310795083583,30
742.7,32.9434731872823,30.9597111792208,30.0988578600504,30.2310795083583,30
742.75,32.9434731872823,30.9597111792208,30.0988578600504,30.2310795083583,30
742.8,32.9434731872823,30.9597111792208,30.0988578600504,30.2310795083583,30
742.85,32.9434731872823,30.9597111792208,30.0988578600504,30.2310795083583,30
742.9,32.9434731872823,30.9597111792208,30.0988578600504,30.2310795083583,30
742.95,32.9434731872823,30.9597111792208,30.0988578600504,30.2310795083583,30
743.0,32.9730128738596,30.9597111792208,30.1274235779981,30.2286193044463,30
743.05,32.9730128738596,30.9597111792208,30.1274235779981,30.2286193044463,30
743.1,32.9730128738596,30.9597111792208,30.1274235779981,30.2286193044463,30
743.15,32.9730128738596,30.9597111792208,30.1274235779981,30.2286193044463,30
743.2,32.9730128738596,30.9597111792208,30.1274235779981,30.2286193044463,30
743.25,32.9730128738596,30.9597111792208,30.1274235779981,30.2286193044463,30
743.3,32.9730128738596,30.9597111792208,30.1274235779981,30.2286193044463,30
743.35,32.9730128738596,30.9597111792208,30.1274235779981,30.2286193044463,30
743.4,32.9730128738596,30.9597111792208,30.1274235779981,30.2286193044463,30
743.45,32.9730128738596,30.9597111792208,30.1274235779981,30.2286193044463,30
743.5,32.9730128738596,30.9885484823664,30.1559979884982,30.2262263508429,30
743.55,32.9730128738596,30.9885484823664,30.1559979884982,30.2262263508429,30
743.6,32.9730128738596,30.9885484823664,30.1559979884982,30.2262263508429,30
743.65,32.9730128738596,30.9885484823664,30.1559979884982,30.2262263508429,30
743.7,32.9730128738596,30.9885484823664,30.1559979884982,30.2262263508429,30
743.75,32.9730128738596,30.9885484823664,30.1559979884982,30.2262263508429,30
743.8,32.9730128738596,30.9885484823664,30.1559979884982,30.2262263508429,30
743.85,32.9730128738596,30.9885484823664,30.1559979884982,30.2262263508429,30
743.9,32.9730128738596,30.9885484823664,30.1559979884982,30.2262263508429,30
743.95,32.9730128738596,30.9885484823664,30.1559979884982,30.2262263508429,30
744.0,33.0025638345884,31.0173952288743,30.1559979884982,30.224685543534,30
744.05,33.0025638345884,31.0173952288743,30.1559979884982,30.224685543534,30
744.1,33.0025638345884,31.0173952288743,30.1559979884982,30.224685543534,30
744.15,33.0025638345884,31.0173952288743,30.1559979884982,30.224685543534,30
744.2,33.0025638345884,31.0173952288743,30.1559979884982,30.224685543534,30
744.25,33.0025638345884,31.0173952288743,30.1559979884982,30.224685543534,30
744.3,33.0025638345884,31.0173952288743,30.1559979884982,30.224685543534,30
744.35,33.0025638345884,31.0173952288743,30.1559979884982,30.224685543534,30
744.4,33.0025638345884,31.0173952288743,30.1559979884982,30.224685543534,30
744.45,33.0025638345884,31.0173952288743,30.1559979884982,30.224685543534,30
744.5,32.9730128738596,30.9597111792208,30.1274235779981,30.2239685618973,30
744.55,32.9730128738596,30.9597111792208,30.1274235779981,30.2239685618973,30
744.6,32.9730128738596,30.9597111792208,30.1274235779981,30.2239685618973,30
744.65,32.9730128738596,30.9597111792208,30.1274235779981,30.2239685618973,30
744.7,32.9730128738596,30.9597111792208,30.1274235779981,30.2239685618973,30
744.75,32.9730128738596,30.9597111792208,30.1274235779981,30.2239685618973,30
744.8,32.9730128738596,30.9597111792208,30.1274235779981,30.2239685618973,30
744.85,32.9730128738596,30.9597111792208,30.1274235779981,30.2239685618973,30
744.9,32.9730128738596,30.9597111792208,30.1274235779981,30.2239685618973,30
744.95,32.9730128738596,30.9597111792208,30.1274235779981,30.2239685618973,30
745.0,32.9434731872823,30.9597111792208,30.0988578600504,30.2216875152902,30
745.05,32.9434731872823,30.9597111792208,30.0988578600504,30.2216875152902,30
745.1,32.9434731872823,30.9597111792208,30.0988578600504,30.2216875152902,30
745.15,32.9434731872823,30.9597111792208,30.0988578600504,30.2216875152902,30
745.2,32.9434731872823,30.9597111792208,30.0988578600504,30.2216875152902,30
745.25,32.9434731872823,30.9597111792208,30.0988578600504,30.2216875152902,30
745.3,32.9434731872823,30.9597111792208,30.0988578600504,30.2216875152902,30
745.35,32.9434731872823,30.9597111792208,30.0988578600504,30.2216875152902,30
745.4,32.9434731872823,30.9597111792208,30.0988578600504,30.2216875152902,30
745.45,32.9434731872823,30.9597111792208,30.0988578600504,30.2216875152902,30
745.5,33.0025638345884,30.9885484823664,30.1559979884982,30.2194685016127,30
745.55,33.0025638345884,30.9885484823664,30.1559979884982,30.2194685016127,30
745.6,33.0025638345884,30.9885484823664,30.1559979884982,30.2194685016127,30
745.65,33.0025638345884,30.9885484823664,30.1559979884982,30.2194685016127,30
745.7,33.0025638345884,30.9885484823664,30.1559979884982,30.2194685016127,30
745.75,33.0025638345884,30.9885484823664,30.1559979884982,30.2194685016127,30
745.8,33.0025638345884,30.9885484823664,30.1559979884982,30.2194685016127,30
745.85,33.0025638345884,30.9885484823664,30.1559979884982,30.2194685016127,30
745.9,33.0025638345884,30.9885484823664,30.1559979884982,30.2194685016127,30
745.95,33.0025638345884,30.9885484823664,30.1559979884982,30.2194685016127,30
746.0,32.9730128738596,30.9885484823664,30.1274235779981,30.2180966018458,30
746.05,32.9730128738596,30.9885484823664,30.1274235779981,30.2180966018458,30
746.1,32.9730128738596,30.9885484823664,30.1274235779981,30.2180966018458,30
746.15,32.9730128738596,30.9885484823664,30.1274235779981,30.2180966018458,30
746.2,32.9730128738596,30.9885484823664,30.1274235779981,30.2180966018458,30
746.25,32.9730128738596,30.9885484823664,30.1274235779981,30.2180966018458,30
746.3,32.9730128738596,30.9885484823664,30.1274235779981,30.2180966018458,30
746.35,32.9730128738596,30.9885484823664,30.1274235779981,30.2180966018458,30
746.4,32.9730128738596,30.9885484823664,30.1274235779981,30.2180966018458,30
746.45,32.9730128738596,30.9885484823664,30.1274235779981,30.2180966018458,30
746.5,32.9434731872823,30.9597111792208,30.0988578600504,30.2167569855843,30
746.55,32.9434731872823,30.9597111792208,30.0988578600504,30.2167569855843,30
746.6,32.9434731872823,30.9597111792208,30.0988578600504,30.2167569855843,30
746.65,32.9434731872823,30.9597111792208,30.0988578600504,30.2167569855843,30
746.7,32.9434731872823,30.9597111792208,30.0988578600504,30.2167569855843,30
746.75,32.9434731872823,30.9597111792208,30.0988578600504,30.2167569855843,30
746.8,32.9434731872823,30.9597111792208,30.0988578600504,30.2167569855843,30
746.85,32.9434731872823,30.9597111792208,30.0988578600504,30.2167569855843,30
746.9,32.9434731872823,30.9597111792208,30.0988578600504,30.2167569855843,30
746.95,32.9434731872823,30.9597111792208,30.0988578600504,30.2167569855843,30
747.0,32.9730128738596,30.9885484823664,30.1559979884982,30.2146612292608,30
747.05,32.9730128738596,30.9885484823664,30.1559979884982,30.2146612292608,30
747.1,32.9730128738596,30.9885484823664,30.1559979884982,30.2146612292608,30
747.15,32.9730128738596,30.9885484823664,30.1559979884982,30.2146612292608,30
747.2,32.9730128738596,30.9885484823664,30.1559979884982,30.2146612292608,30
747.25,32.9730128738596,30.9885484823664,30.1559979884982,30.2146612292608,30
747.3,32.9730128738596,30.9885484823664,30.1559979884982,30.2146612292608,30
747.35,32.9730128738596,30.9885484823664,30.1559979884982,30.2146612292608,30
747.4,32.9730128738596,30.9885484823664,30.1559979884982,30.2146612292608,30
747.45,32.9730128738596,30.9885484823664,30.1559979884982,30.2146612292608,30
747.5,32.9139447464726,30.9308832938978,30.0988578600504,30.2134084500356,30
747.55,32.9139447464726,30.9308832938978,30.0988578600504,30.2134084500356,30
747.6,32.9139447464726,30.9308832938978,30.0988578600504,30.2134084500356,30
747.65,32.9139447464726,30.9308832938978,30.0988578600504,30.2134084500356,30
747.7,32.9139447464726,30.9308832938978,30.0988578600504,30.2134084500356,30
747.75,32.9139447464726,30.9308832938978,30.0988578600504,30.2134084500356,30
747.8,32.9139447464726,30.9308832938978,30.0988578600504,30.2134084500356,30
747.85,32.9139447464726,30.9308832938978,30.0988578600504,30.2134084500356,30
747.9,32.9139447464726,30.9308832938978,30.0988578600504,30.2134084500356,30
747.95,32.9139447464726,30.9308832938978,30.0988578600504,30.2134084500356,30
748.0,32.9434731872823,30.9597111792208,30.0988578600504,30.2106102904515,30
748.05,32.9434731872823,30.9597111792208,30.0988578600504,30.2106102904515,30
748.1,32.9434731872823,30.9597111792208,30.0988578600504,30.2106102904515,30
748.15,32.9434731872823,30.9597111792208,30.0988578600504,30.2106102904515,30
748.2,32.9434731872823,30.9597111792208,30.0988578600504,30.2106102904515,30
748.25,32.9434731872823,30.9597111792208,30.0988578600504,30.2106102904515,30
748.3,32.9434731872823,30.9597111792208,30.0988578600504,30.2106102904515,30
748.35,32.9434731872823,30.9597111792208,30.0988578600504,30.2106102904515,30
748.4,32.9434731872823,30.9597111792208,30.0988578600504,30.2106102904515,30
748.45,32.9434731872823,30.9597111792208,30.0988578600504,30.2106102904515,30
748.5,32.9139447464726,30.9597111792208,30.0988578600504,30.2086784127998,30
748.55,32.9139447464726,30.9597111792208,30.0988578600504,30.2086784127998,30
748.6,32.9139447464726,30.9597111792208,30.0988578600504,30.2086784127998,30
748.65,32.9139447464726,30.9597111792208,30.0988578600504,30.2086784127998,30
748.7,32.9139447464726,30.9597111792208,30.0988578600504,30.2086784127998,30
748.75,32.9139447464726,30.9597111792208,30.0988578600504,30.2086784127998,30
748.8,32.9139447464726,30.9597111792208,30.0988578600504,30.2086784127998,30
748.85,32.9139447464726,30.9597111792208,30.0988578600504,30.2086784127998,30
748.9,32.9139447464726,30.9597111792208,30.0988578600504,30.2086784127998,30
748.95,32.9139447464726,30.9597111792208,30.0988578600504,30.2086784127998,30
749.0,32.9730128738596,30.9885484823664,30.1274235779981,30.2067970247654,30
749.05,32.9730128738596,30.9885484823664,30.1274235779981,30.2067970247654,30
749.1,32.9730128738596,30.9885484823664,30.1274235779981,30.2067970247654,30
749.15,32.9730128738596,30.9885484823664,30.1274235779981,30.2067970247654,30
749.2,32.9730128738596,30.9885484823664,30.1274235779981,30.2067970247654,30
749.25,32.9730128738596,30.9885484823664,30.1274235779981,30.2067970247654,30
749.3,32.9730128738596,30.9885484823664,30.1274235779981,30.2067970247654,30
749.35,32.9730128738596,30.9885484823664,30.1274235779981,30.2067970247654,30
749.4,32.9730128738596,30.9885484823664,30.1274235779981,30.2067970247654,30
749.45,32.9730128738596,30.9885484823664,30.1274235779981,30.2067970247654,30
749.5,32.9730128738596,31.0173952288743,30.1559979884982,30.205751597636,30
749.55,32.9730128738596,31.0173952288743,30.1559979884982,30.205751597636,30
749.6,32.9730128738596,31.0173952288743,30.1559979884982,30.205751597636,30
749.65,32.9730128738596,31.0173952288743,30.1559979884982,30.205751597636,30
749.7,32.9730128738596,31.0173952288743,30.1559979884982,30.205751597636,30
749.75,32.9730128738596,31.0173952288743,30.1559979884982,30.205751597636,30
749.8,32.9730128738596,31.0173952288743,30.1559979884982,30.205751597636,30
749.85,32.9730128738596,31.0173952288743,30.1559979884982,30.205751597636,30
749.9,32.9730128738596,31.0173952288743,30.1559979884982,30.205751597636,30
749.95,32.9730128738596,31.0173952288743,30.1559979884982,30.205751597636,30
750.0,32.8844275230937,30.9020648008935,30.0417524038476,30.2055149025682,30
750.05,32.8844275230937,30.9020648008935,30.0417524038476,30.2055149025682,30
750.1,32.8844275230937,30.9020648008935,30.0417524038476,30.2055149025682,30
750.15,32.8844275230937,30.9020648008935,30.0417524038476,30.2055149025682,30
750.2,32.8844275230937,30.9020648008935,30.0417524038476,30.2055149025682,30
750.25,32.8844275230937,30.9020648008935,30.0417524038476,30.2055149025682,30
750.3,32.8844275230937,30.9020648008935,30.0417524038476,30.2055149025682,30
750.35,32.8844275230937,30.9020648008935,30.0417524038476,30.2055149025682,30
750.4,32.8844275230937,30.9020648008935,30.0417524038476,30.2055149025682,30
750.45,32.8844275230937,30.9020648008935,30.0417524038476,30.2055149025682,30
750.5,32.9434731872823,30.9597111792208,30.0988578600504,30.2021258126269,30
750.55,32.9434731872823,30.9597111792208,30.0988578600504,30.2021258126269,30
750.6,32.9434731872823,30.9597111792208,30.0988578600504,30.2021258126269,30
750.65,32.9434731872823,30.9597111792208,30.0988578600504,30.2021258126269,30
750.7,32.9434731872823,30.9597111792208,30.0988578600504,30.2021258126269,30
750.75,32.9434731872823,30.9597111792208,30.0988578600504,30.2021258126269,30
750.8,32.9434731872823,30.9597111792208,30.0988578600504,30.2021258126269,30
750.85,32.9434731872823,30.9597111792208,30.0988578600504,30.2021258126269,30
750.9,32.9434731872823,30.9597111792208,30.0988578600504,30.2021258126269,30
750.95,32.9434731872823,30.9597111792208,30.0988578600504,30.2021258126269,30
751.0,32.9434731872823,30.9885484823664,30.1274235779981,30.2004098443492,30
751.05,32.9434731872823,30.9885484823664,30.1274235779981,30.2004098443492,30
751.1,32.9434731872823,30.9885484823664,30.1274235779981,30.2004098443492,30
751.15,32.9434731872823,30.9885484823664,30.1274235779981,30.2004098443492,30
751.2,32.9434731872823,30.9885484823664,30.1274235779981,30.2004098443492,30
751.25,32.9434731872823,30.9885484823664,30.1274235779981,30.2004098443492,30
751.3,32.9434731872823,30.9885484823664,30.1274235779981,30.2004098443492,30
751.35,32.9434731872823,30.9885484823664,30.1274235779981,30.2004098443492,30
751.4,32.9434731872823,30.9885484823664,30.1274235779981,30.2004098443492,30
751.45,32.9434731872823,30.9885484823664,30.1274235779981,30.2004098443492,30
751.5,32.9434731872823,30.9597111792208,30.0988578600504,30.1995250116792,30
751.55,32.9434731872823,30.9597111792208,30.0988578600504,30.1995250116792,30
751.6,32.9434731872823,30.9597111792208,30.0988578600504,30.1995250116792,30
751.65,32.9434731872823,30.9597111792208,30.0988578600504,30.1995250116792,30
751.7,32.9434731872823,30.9597111792208,30.0988578600504,30.1995250116792,30
751.75,32.9434731872823,30.9597111792208,30.0988578600504,30.1995250116792,30
751.8,32.9434731872823,30.9597111792208,30.0988578600504,30.1995250116792,30
751.85,32.9434731872823,30.9597111792208,30.0988578600504,30.1995250116792,30
751.9,32.9434731872823,30.9597111792208,30.0988578600504,30.1995250116792,30
751.95,32.9434731872823,30.9597111792208,30.0988578600504,30.1995250116792,30
752.0,32.9730128738596,31.0173952288743,30.1559979884982,30.197870066771,30
752.05,32.9730128738596,31.0173952288743,30.1559979884982,30.197870066771,30
752.1,32.9730128738596,31.0173952288743,30.1559979884982,30.197870066771,30
752.15,32.9730128738596,31.0173952288743,30.1559979884982,30.197870066771,30
752.2,32.9730128738596,31.0173952288743,30.1559979884982,30.197870066771,30
752.25,32.9730128738596,31.0173952288743,30.1559979884982,30.197870066771,30
752.3,32.9730128738596,31.0173952288743,30.1559979884982,30.197870066771,30
752.35,32.9730128738596,31.0173952288743,30.1559979884982,30.197870066771,30
752.4,32.9730128738596,31.0173952288743,30.1559979884982,30.197870066771,30
752.45,32.9730128738596,31.0173952288743,30.1559979884982,30.197870066771,30
752.5,32.9434731872823,30.9885484823664,30.1274235779981,30.1978317993909,30
752.55,32.9434731872823,30.9885484823664,30.1274235779981,30.1978317993909,30
752.6,32.9434731872823,30.9885484823664,30.1274235779981,30.1978317993909,30
752.65,32.9434731872823,30.9885484823664,30.1274235779981,30.1978317993909,30
752.7,32.9434731872823,30.9885484823664,30.1274235779981,30.1978317993909,30
752.75,32.9434731872823,30.9885484823664,30.1274235779981,30.1978317993909,30
752.8,32.9434731872823,30.9885484823664,30.1274235779981,30.1978317993909,30
752.85,32.9434731872823,30.9885484823664,30.1274235779981,30.1978317993909,30
752.9,32.9434731872823,30.9885484823664,30.1274235779981,30.1978317993909,30
752.95,32.9434731872823,30.9885484823664,30.1274235779981,30.1978317993909,30
753.0,32.9139447464726,30.9597111792208,30.0988578600504,30.1969949289435,30
753.05,32.9139447464726,30.9597111792208,30.0988578600504,30.1969949289435,30
753.1,32.9139447464726,30.9597111792208,30.0988578600504,30.1969949289435,30
753.15,32.9139447464726,30.9597111792208,30.0988578600504,30.1969949289435,30
753.2,32.9139447464726,30.9597111792208,30.0988578600504,30.1969949289435,30
753.25,32.9139447464726,30.9597111792208,30.0988578600504,30.1969949289435,30
753.3,32.9139447464726,30.9597111792208,30.0988578600504,30.1969949289435,30
753.35,32.9139447464726,30.9597111792208,30.0988578600504,30.1969949289435,30
753.4,32.9139447464726,30.9597111792208,30.0988578600504,30.1969949289435,30
753.45,32.9139447464726,30.9597111792208,30.0988578600504,30.1969949289435,30
753.5,32.9139447464726,30.9597111792208,30.0988578600504,30.195386322752,30
753.55,32.9139447464726,30.9597111792208,30.0988578600504,30.195386322752,30
753.6,32.9139447464726,30.9597111792208,30.0988578600504,30.195386322752,30
753.65,32.9139447464726,30.9597111792208,30.0988578600504,30.195386322752,30
753.7,32.9139447464726,30.9597111792208,30.0988578600504,30.195386322752,30
753.75,32.9139447464726,30.9597111792208,30.0988578600504,30.195386322752,30
753.8,32.9139447464726,30.9597111792208,30.0988578600504,30.195386322752,30
753.85,32.9139447464726,30.9597111792208,30.0988578600504,30.195386322752,30
753.9,32.9139447464726,30.9597111792208,30.0988578600504,30.195386322752,30
753.95,32.9139447464726,30.9597111792208,30.0988578600504,30.195386322752,30
754.0,32.9434731872823,30.9885484823664,30.1274235779981,30.193818643628,30
754.05,32.9434731872823,30.9885484823664,30.1274235779981,30.193818643628,30
754.1,32.9434731872823,30.9885484823664,30.1274235779981,30.193818643628,30
754.15,32.9434731872823,30.9885484823664,30.1274235779981,30.193818643628,30
754.2,32.9434731872823,30.9885484823664,30.1274235779981,30.193818643628,30
754.25,32.9434731872823,30.9885484823664,30.1274235779981,30.193818643628,30
754.3,32.9434731872823,30.9885484823664,30.1274235779981,30.193818643628,30
754.35,32.9434731872823,30.9885484823664,30.1274235779981,30.193818643628,30
754.4,32.9434731872823,30.9885484823664,30.1274235779981,30.193818643628,30
754.45,32.9434731872823,30.9885484823664,30.1274235779981,30.193818643628,30
754.5,32.9139447464726,30.9597111792208,30.0988578600504,30.1930776602247,30
754.55,32.9139447464726,30.9597111792208,30.0988578600504,30.1930776602247,30
754.6,32.9139447464726,30.9597111792208,30.0988578600504,30.1930776602247,30
754.65,32.9139447464726,30.9597111792208,30.0988578600504,30.1930776602247,30
754.7,32.9139447464726,30.9597111792208,30.0988578600504,30.1930776602247,30
754.75,32.9139447464726,30.9597111792208,30.0988578600504,30.1930776602247,30
754.8,32.9139447464726,30.9597111792208,30.0988578600504,30.1930776602247,30
754.85,32.9139447464726,30.9597111792208,30.0988578600504,30.1930776602247,30
754.9,32.9139447464726,30.9597111792208,30.0988578600504,30.1930776602247,30
754.95,32.9139447464726,30.9597111792208,30.0988578600504,30.1930776602247,30
755.0,32.9139447464726,30.9308832938978,30.0703008101557,30.1915622585878,30
755.05,32.9139447464726,30.9308832938978,30.0703008101557,30.1915622585878,30
755.1,32.9139447464726,30.9308832938978,30.0703008101557,30.1915622585878,30
755.15,32.9139447464726,30.9308832938978,30.0703008101557,30.1915622585878,30
755.2,32.9139447464726,30.9308832938978,30.0703008101557,30.1915622585878,30
755.25,32.9139447464726,30.9308832938978,30.0703008101557,30.1915622585878,30
755.3,32.9139447464726,30.9308832938978,30.0703008101557,30.1915622585878,30
755.35,32.9139447464726,30.9308832938978,30.0703008101557,30.1915622585878,30
755.4,32.9139447464726,30.9308832938978,30.0703008101557,30.1915622585878,30
755.45,32.9139447464726,30.9308832938978,30.0703008101557,30.1915622585878,30
755.5,32.8844275230937,30.9308832938978,30.0703008101557,30.1892990487084,30
755.55,32.8844275230937,30.9308832938978,30.0703008101557,30.1892990487084,30
755.6,32.8844275230937,30.9308832938978,30.0703008101557,30.1892990487084,30
755.65,32.8844275230937,30.9308832938978,30.0703008101557,30.1892990487084,30
755.7,32.8844275230937,30.9308832938978,30.0703008101557,30.1892990487084,30
755.75,32.8844275230937,30.9308832938978,30.0703008101557,30.1892990487084,30
755.8,32.8844275230937,30.9308832938978,30.0703008101557,30.1892990487084,30
755.85,32.8844275230937,30.9308832938978,30.0703008101557,30.1892990487084,30
755.9,32.8844275230937,30.9308832938978,30.0703008101557,30.1892990487084,30
755.95,32.8844275230937,30.9308832938978,30.0703008101557,30.1892990487084,30
756.0,32.9139447464726,30.9597111792208,30.0988578600504,30.1870995980068,30
756.05,32.9139447464726,30.9597111792208,30.0988578600504,30.1870995980068,30
756.1,32.9139447464726,30.9597111792208,30.0988578600504,30.1870995980068,30
756.15,32.9139447464726,30.9597111792208,30.0988578600504,30.1870995980068,30
756.2,32.9139447464726,30.9597111792208,30.0988578600504,30.1870995980068,30
756.25,32.9139447464726,30.9597111792208,30.0988578600504,30.1870995980068,30
756.3,32.9139447464726,30.9597111792208,30.0988578600504,30.1870995980068,30
756.35,32.9139447464726,30.9597111792208,30.0988578600504,30.1870995980068,30
756.4,32.9139447464726,30.9597111792208,30.0988578600504,30.1870995980068,30
756.45,32.9139447464726,30.9597111792208,30.0988578600504,30.1870995980068,30
756.5,32.9139447464726,30.9308832938978,30.0703008101557,30.1857480624566,30
756.55,32.9139447464726,30.9308832938978,30.0703008101557,30.1857480624566,30
756.6,32.9139447464726,30.9308832938978,30.0703008101557,30.1857480624566,30
756.65,32.9139447464726,30.9308832938978,30.0703008101557,30.1857480624566,30
756.7,32.9139447464726,30.9308832938978,30.0703008101557,30.1857480624566,30
756.75,32.9139447464726,30.9308832938978,30.0703008101557,30.1857480624566,30
756.8,32.9139447464726,30.9308832938978,30.0703008101557,30.1857480624566,30
756.85,32.9139447464726,30.9308832938978,30.0703008101557,30.1857480624566,30
756.9,32.9139447464726,30.9308832938978,30.0703008101557,30.1857480624566,30
756.95,32.9139447464726,30.9308832938978,30.0703008101557,30.1857480624566,30
757.0,32.9434731872823,30.9885484823664,30.1274235779981,30.1836436870788,30
757.05,32.9434731872823,30.9885484823664,30.1274235779981,30.1836436870788,30
757.1,32.9434731872823,30.9885484823664,30.1274235779981,30.1836436870788,30
757.15,32.9434731872823,30.9885484823664,30.1274235779981,30.1836436870788,30
757.2,32.9434731872823,30.9885484823664,30.1274235779981,30.1836436870788,30
757.25,32.9434731872823,30.9885484823664,30.1274235779981,30.1836436870788,30
757.3,32.9434731872823,30.9885484823664,30.1274235779981,30.1836436870788,30
757.35,32.9434731872823,30.9885484823664,30.1274235779981,30.1836436870788,30
757.4,32.9434731872823,30.9885484823664,30.1274235779981,30.1836436870788,30
757.45,32.9434731872823,30.9885484823664,30.1274235779981,30.1836436870788,30
757.5,32.8844275230937,30.9308832938978,30.0703008101557,30.183171880691,30
757.55,32.8844275230937,30.9308832938978,30.0703008101557,30.183171880691,30
757.6,32.8844275230937,30.9308832938978,30.0703008101557,30.183171880691,30
757.65,32.8844275230937,30.9308832938978,30.0703008101557,30.183171880691,30
757.7,32.8844275230937,30.9308832938978,30.0703008101557,30.183171880691,30
757.75,32.8844275230937,30.9308832938978,30.0703008101557,30.183171880691,30
757.8,32.8844275230937,30.9308832938978,30.0703008101557,30.183171880691,30
757.85,32.8844275230937,30.9308832938978,30.0703008101557,30.183171880691,30
757.9,32.8844275230937,30.9308832938978,30.0703008101557,30.183171880691,30
757.95,32.8844275230937,30.9308832938978,30.0703008101557,30.183171880691,30
758.0,32.9434731872823,30.9885484823664,30.1274235779981,30.1811308630479,30
758.05,32.9434731872823,30.9885484823664,30.1274235779981,30.1811308630479,30
758.1,32.9434731872823,30.9885484823664,30.1274235779981,30.1811308630479,30
758.15,32.9434731872823,30.9885484823664,30.1274235779981,30.1811308630479,30
758.2,32.9434731872823,30.9885484823664,30.1274235779981,30.1811308630479,30
758.25,32.9434731872823,30.9885484823664,30.1274235779981,30.1811308630479,30
758.3,32.9434731872823,30.9885484823664,30.1274235779981,30.1811308630479,30
758.35,32.9434731872823,30.9885484823664,30.1274235779981,30.1811308630479,30
758.4,32.9434731872823,30.9885484823664,30.1274235779981,30.1811308630479,30
758.45,32.9434731872823,30.9885484823664,30.1274235779981,30.1811308630479,30
758.5,32.9139447464726,30.9597111792208,30.0988578600504,30.1807200406315,30
758.55,32.9139447464726,30.9597111792208,30.0988578600504,30.1807200406315,30
758.6,32.9139447464726,30.9597111792208,30.0988578600504,30.1807200406315,30
758.65,32.9139447464726,30.9597111792208,30.0988578600504,30.1807200406315,30
758.7,32.9139447464726,30.9597111792208,30.0988578600504,30.1807200406315,30
758.75,32.9139447464726,30.9597111792208,30.0988578600504,30.1807200406315,30
758.8,32.9139447464726,30.9597111792208,30.0988578600504,30.1807200406315,30
758.85,32.9139447464726,30.9597111792208,30.0988578600504,30.1807200406315,30
758.9,32.9139447464726,30.9597111792208,30.0988578600504,30.1807200406315,30
758.95,32.9139447464726,30.9597111792208,30.0988578600504,30.1807200406315,30
759.0,32.9139447464726,30.9597111792208,30.0988578600504,30.1795249913754,30
759.05,32.9139447464726,30.9597111792208,30.0988578600504,30.1795249913754,30
759.1,32.9139447464726,30.9597111792208,30.0988578600504,30.1795249913754,30
759.15,32.9139447464726,30.9597111792208,30.0988578600504,30.1795249913754,30
759.2,32.9139447464726,30.9597111792208,30.0988578600504,30.1795249913754,30
759.25,32.9139447464726,30.9597111792208,30.0988578600504,30.1795249913754,30
759.3,32.9139447464726,30.9597111792208,30.0988578600504,30.1795249913754,30
759.35,32.9139447464726,30.9597111792208,30.0988578600504,30.1795249913754,30
759.4,32.9139447464726,30.9597111792208,30.0988578600504,30.1795249913754,30
759.45,32.9139447464726,30.9597111792208,30.0988578600504,30.1795249913754,30
759.5,32.8549214888558,30.9020648008935,30.0417524038476,30.1783587774757,30
759.55,32.8549214888558,30.9020648008935,30.0417524038476,30.1783587774757,30
759.6,32.8549214888558,30.9020648008935,30.0417524038476,30.1783587774757,30
759.65,32.8549214888558,30.9020648008935,30.0417524038476,30.1783587774757,30
759.7,32.8549214888558,30.9020648008935,30.0417524038476,30.1783587774757,30
759.75,32.8549214888558,30.9020648008935,30.0417524038476,30.1783587774757,30
759.8,32.8549214888558,30.9020648008935,30.0417524038476,30.1783587774757,30
759.85,32.8549214888558,30.9020648008935,30.0417524038476,30.1783587774757,30
759.9,32.8549214888558,30.9020648008935,30.0417524038476,30.1783587774757,30
759.95,32.8549214888558,30.9020648008935,30.0417524038476,30.1783587774757,30
760.0,32.8844275230937,30.9308832938978,30.0703008101557,30.1756474235017,30
760.05,32.8844275230937,30.9308832938978,30.0703008101557,30.1756474235017,30
760.1,32.8844275230937,30.9308832938978,30.0703008101557,30.1756474235017,30
760.15,32.8844275230937,30.9308832938978,30.0703008101557,30.1756474235017,30
760.2,32.8844275230937,30.9308832938978,30.0703008101557,30.1756474235017,30
760.25,32.8844275230937,30.9308832938978,30.0703008101557,30.1756474235017,30
760.3,32.8844275230937,30.9308832938978,30.0703008101557,30.1756474235017,30
760.35,32.8844275230937,30.9308832938978,30.0703008101557,30.1756474235017,30
760.4,32.8844275230937,30.9308832938978,30.0703008101557,30.1756474235017,30
760.45,32.8844275230937,30.9308832938978,30.0703008101557,30.1756474235017,30
760.5,32.8844275230937,30.9308832938978,30.0703008101557,30.1738017748379,30
760.55,32.8844275230937,30.9308832938978,30.0703008101557,30.1738017748379,30
760.6,32.8844275230937,30.9308832938978,30.0703008101557,30.1738017748379,30
760.65,32.8844275230937,30.9308832938978,30.0703008101557,30.1738017748379,30
760.7,32.8844275230937,30.9308832938978,30.0703008101557,30.1738017748379,30
760.75,32.8844275230937,30.9308832938978,30.0703008101557,30.1738017748379,30
760.8,32.8844275230937,30.9308832938978,30.0703008101557,30.1738017748379,30
760.85,32.8844275230937,30.9308832938978,30.0703008101557,30.1738017748379,30
760.9,32.8844275230937,30.9308832938978,30.0703008101557,30.1738017748379,30
760.95,32.8844275230937,30.9308832938978,30.0703008101557,30.1738017748379,30
761.0,32.8844275230937,30.9308832938978,30.0703008101557,30.1720068489623,30
761.05,32.8844275230937,30.9308832938978,30.0703008101557,30.1720068489623,30
761.1,32.8844275230937,30.9308832938978,30.0703008101557,30.1720068489623,30
761.15,32.8844275230937,30.9308832938978,30.0703008101557,30.1720068489623,30
761.2,32.8844275230937,30.9308832938978,30.0703008101557,30.1720068489623,30
761.25,32.8844275230937,30.9308832938978,30.0703008101557,30.1720068489623,30
761.3,32.8844275230937,30.9308832938978,30.0703008101557,30.1720068489623,30
761.35,32.8844275230937,30.9308832938978,30.0703008101557,30.1720068489623,30
761.4,32.8844275230937,30.9308832938978,30.0703008101557,30.1720068489623,30
761.45,32.8844275230937,30.9308832938978,30.0703008101557,30.1720068489623,30
761.5,32.9434731872823,30.9885484823664,30.1274235779981,30.1702610860461,30
761.55,32.9434731872823,30.9885484823664,30.1274235779981,30.1702610860461,30
761.6,32.9434731872823,30.9885484823664,30.1274235779981,30.1702610860461,30
761.65,32.9434731872823,30.9885484823664,30.1274235779981,30.1702610860461,30
761.7,32.9434731872823,30.9885484823664,30.1274235779981,30.1702610860461,30
761.75,32.9434731872823,30.9885484823664,30.1274235779981,30.1702610860461,30
761.8,32.9434731872823,30.9885484823664,30.1274235779981,30.1702610860461,30
761.85,32.9434731872823,30.9885484823664,30.1274235779981,30.1702610860461,30
761.9,32.9434731872823,30.9885484823664,30.1274235779981,30.1702610860461,30
761.95,32.9434731872823,30.9885484823664,30.1274235779981,30.1702610860461,30
762.0,32.9139447464726,30.9885484823664,30.0988578600504,30.1701366540198,30
762.05,32.9139447464726,30.9885484823664,30.0988578600504,30.1701366540198,30
762.1,32.9139447464726,30.9885484823664,30.0988578600504,30.1701366540198,30
762.15,32.9139447464726,30.9885484823664,30.0988578600504,30.1701366540198,30
762.2,32.9139447464726,30.9885484823664,30.0988578600504,30.1701366540198,30
762.25,32.9139447464726,30.9885484823664,30.0988578600504,30.1701366540198,30
762.3,32.9139447464726,30.9885484823664,30.0988578600504,30.1701366540198,30
762.35,32.9139447464726,30.9885484823664,30.0988578600504,30.1701366540198,30
762.4,32.9139447464726,30.9885484823664,30.0988578600504,30.1701366540198,30
762.45,32.9139447464726,30.9885484823664,30.0988578600504,30.1701366540198,30
762.5,32.8549214888558,30.9020648008935,30.0417524038476,30.1700058110126,30
762.55,32.8549214888558,30.9020648008935,30.0417524038476,30.1700058110126,30
762.6,32.8549214888558,30.9020648008935,30.0417524038476,30.1700058110126,30
762.65,32.8549214888558,30.9020648008935,30.0417524038476,30.1700058110126,30
762.7,32.8549214888558,30.9020648008935,30.0417524038476,30.1700058110126,30
762.75,32.8549214888558,30.9020648008935,30.0417524038476,30.1700058110126,30
762.8,32.8549214888558,30.9020648008935,30.0417524038476,30.1700058110126,30
762.85,32.8549214888558,30.9020648008935,30.0417524038476,30.1700058110126,30
762.9,32.8549214888558,30.9020648008935,30.0417524038476,30.1700058110126,30
762.95,32.8549214888558,30.9020648008935,30.0417524038476,30.1700058110126,30
763.0,32.8254266155161,30.9020648008935,30.013212616692,30.1675088161664,30
763.05,32.8254266155161,30.9020648008935,30.013212616692,30.1675088161664,30
763.1,32.8254266155161,30.9020648008935,30.013212616692,30.1675088161664,30
763.15,32.8254266155161,30.9020648008935,30.013212616692,30.1675088161664,30
763.2,32.8254266155161,30.9020648008935,30.013212616692,30.1675088161664,30
763.25,32.8254266155161,30.9020648008935,30.013212616692,30.1675088161664,30
763.3,32.8254266155161,30.9020648008935,30.013212616692,30.1675088161664,30
763.35,32.8254266155161,30.9020648008935,30.013212616692,30.1675088161664,30
763.4,32.8254266155161,30.9020648008935,30.013212616692,30.1675088161664,30
763.45,32.8254266155161,30.9020648008935,30.013212616692,30.1675088161664,30
763.5,32.8549214888558,30.9308832938978,30.0417524038476,30.1650841908752,30
763.55,32.8549214888558,30.9308832938978,30.0417524038476,30.1650841908752,30
763.6,32.8549214888558,30.9308832938978,30.0417524038476,30.1650841908752,30
763.65,32.8549214888558,30.9308832938978,30.0417524038476,30.1650841908752,30
763.7,32.8549214888558,30.9308832938978,30.0417524038476,30.1650841908752,30
763.75,32.8549214888558,30.9308832938978,30.0417524038476,30.1650841908752,30
763.8,32.8549214888558,30.9308832938978,30.0417524038476,30.1650841908752,30
763.85,32.8549214888558,30.9308832938978,30.0417524038476,30.1650841908752,30
763.9,32.8549214888558,30.9308832938978,30.0417524038476,30.1650841908752,30
763.95,32.8549214888558,30.9308832938978,30.0417524038476,30.1650841908752,30
764.0,32.8549214888558,30.9020648008935,30.0417524038476,30.1635155289505,30
764.05,32.8549214888558,30.9020648008935,30.0417524038476,30.1635155289505,30
764.1,32.8549214888558,30.9020648008935,30.0417524038476,30.1635155289505,30
764.15,32.8549214888558,30.9020648008935,30.0417524038476,30.1635155289505,30
764.2,32.8549214888558,30.9020648008935,30.0417524038476,30.1635155289505,30
764.25,32.8549214888558,30.9020648008935,30.0417524038476,30.1635155289505,30
764.3,32.8549214888558,30.9020648008935,30.0417524038476,30.1635155289505,30
764.35,32.8549214888558,30.9020648008935,30.0417524038476,30.1635155289505,30
764.4,32.8549214888558,30.9020648008935,30.0417524038476,30.1635155289505,30
764.45,32.8549214888558,30.9020648008935,30.0417524038476,30.1635155289505,30
764.5,32.8844275230937,30.9597111792208,30.0703008101557,30.1612023007723,30
764.55,32.8844275230937,30.9597111792208,30.0703008101557,30.1612023007723,30
764.6,32.8844275230937,30.9597111792208,30.0703008101557,30.1612023007723,30
764.65,32.8844275230937,30.9597111792208,30.0703008101557,30.1612023007723,30
764.7,32.8844275230937,30.9597111792208,30.0703008101557,30.1612023007723,30
764.75,32.8844275230937,30.9597111792208,30.0703008101557,30.1612023007723,30
764.8,32.8844275230937,30.9597111792208,30.0703008101557,30.1612023007723,30
764.85,32.8844275230937,30.9597111792208,30.0703008101557,30.1612023007723,30
764.9,32.8844275230937,30.9597111792208,30.0703008101557,30.1612023007723,30
764.95,32.8844275230937,30.9597111792208,30.0703008101557,30.1612023007723,30
765.0,32.8549214888558,30.9308832938978,30.0417524038476,30.1605288515591,30
765.05,32.8549214888558,30.9308832938978,30.0417524038476,30.1605288515591,30
765.1,32.8549214888558,30.9308832938978,30.0417524038476,30.1605288515591,30
765.15,32.8549214888558,30.9308832938978,30.0417524038476,30.1605288515591,30
765.2,32.8549214888558,30.9308832938978,30.0417524038476,30.1605288515591,30
765.25,32.8549214888558,30.9308832938978,30.0417524038476,30.1605288515591,30
765.3,32.8549214888558,30.9308832938978,30.0417524038476,30.1605288515591,30
765.35,32.8549214888558,30.9308832938978,30.0417524038476,30.1605288515591,30
765.4,32.8549214888558,30.9308832938978,30.0417524038476,30.1605288515591,30
765.45,32.8549214888558,30.9308832938978,30.0417524038476,30.1605288515591,30
765.5,32.9139447464726,30.9885484823664,30.0988578600504,30.159080623426,30
765.55,32.9139447464726,30.9885484823664,30.0988578600504,30.159080623426,30
765.6,32.9139447464726,30.9885484823664,30.0988578600504,30.159080623426,30
765.65,32.9139447464726,30.9885484823664,30.0988578600504,30.159080623426,30
765.7,32.9139447464726,30.9885484823664,30.0988578600504,30.159080623426,30
765.75,32.9139447464726,30.9885484823664,30.0988578600504,30.159080623426,30
765.8,32.9139447464726,30.9885484823664,30.0988578600504,30.159080623426,30
765.85,32.9139447464726,30.9885484823664,30.0988578600504,30.159080623426,30
765.9,32.9139447464726,30.9885484823664,30.0988578600504,30.159080623426,30
765.95,32.9139447464726,30.9885484823664,30.0988578600504,30.159080623426,30
766.0,32.9139447464726,30.9885484823664,30.1274235779981,30.1592437695334,30
766.05,32.9139447464726,30.9885484823664,30.1274235779981,30.1592437695334,30
766.1,32.9139447464726,30.9885484823664,30.1274235779981,30.1592437695334,30
766.15,32.9139447464726,30.9885484823664,30.1274235779981,30.1592437695334,30
766.2,32.9139447464726,30.9885484823664,30.1274235779981,30.1592437695334,30
766.25,32.9139447464726,30.9885484823664,30.1274235779981,30.1592437695334,30
766.3,32.9139447464726,30.9885484823664,30.1274235779981,30.1592437695334,30
766.35,32.9139447464726,30.9885484823664,30.1274235779981,30.1592437695334,30
766.4,32.9139447464726,30.9885484823664,30.1274235779981,30.1592437695334,30
766.45,32.9139447464726,30.9885484823664,30.1274235779981,30.1592437695334,30
766.5,32.8844275230937,30.9597111792208,30.0988578600504,30.1593914597708,30
766.55,32.8844275230937,30.9597111792208,30.0988578600504,30.1593914597708,30
766.6,32.8844275230937,30.9597111792208,30.0988578600504,30.1593914597708,30
766.65,32.8844275230937,30.9597111792208,30.0988578600504,30.1593914597708,30
766.7,32.8844275230937,30.9597111792208,30.0988578600504,30.1593914597708,30
766.75,32.8844275230937,30.9597111792208,30.0988578600504,30.1593914597708,30
766.8,32.8844275230937,30.9597111792208,30.0988578600504,30.1593914597708,30
766.85,32.8844275230937,30.9597111792208,30.0988578600504,30.1593914597708,30
766.9,32.8844275230937,30.9597111792208,30.0988578600504,30.1593914597708,30
766.95,32.8844275230937,30.9597111792208,30.0988578600504,30.1593914597708,30
767.0,32.8549214888558,30.9020648008935,30.0417524038476,30.1587374068059,30
767.05,32.8549214888558,30.9020648008935,30.0417524038476,30.1587374068059,30
767.1,32.8549214888558,30.9020648008935,30.0417524038476,30.1587374068059,30
767.15,32.8549214888558,30.9020648008935,30.0417524038476,30.1587374068059,30
767.2,32.8549214888558,30.9020648008935,30.0417524038476,30.1587374068059,30
767.25,32.8549214888558,30.9020648008935,30.0417524038476,30.1587374068059,30
767.3,32.8549214888558,30.9020648008935,30.0417524038476,30.1587374068059,30
767.35,32.8549214888558,30.9020648008935,30.0417524038476,30.1587374068059,30
767.4,32.8549214888558,30.9020648008935,30.0417524038476,30.1587374068059,30
767.45,32.8549214888558,30.9020648008935,30.0417524038476,30.1587374068059,30
767.5,32.9139447464726,30.9885484823664,30.0988578600504,30.1565226618804,30
767.55,32.9139447464726,30.9885484823664,30.0988578600504,30.1565226618804,30
767.6,32.9139447464726,30.9885484823664,30.0988578600504,30.1565226618804,30
767.65,32.9139447464726,30.9885484823664,30.0988578600504,30.1565226618804,30
767.7,32.9139447464726,30.9885484823664,30.0988578600504,30.1565226618804,30
767.75,32.9139447464726,30.9885484823664,30.0988578600504,30.1565226618804,30
767.8,32.9139447464726,30.9885484823664,30.0988578600504,30.1565226618804,30
767.85,32.9139447464726,30.9885484823664,30.0988578600504,30.1565226618804,30
767.9,32.9139447464726,30.9885484823664,30.0988578600504,30.1565226618804,30
767.95,32.9139447464726,30.9885484823664,30.0988578600504,30.1565226618804,30
768.0,32.8549214888558,30.9308832938978,30.0417524038476,30.1567322435625,30
768.05,32.8549214888558,30.9308832938978,30.0417524038476,30.1567322435625,30
768.1,32.8549214888558,30.9308832938978,30.0417524038476,30.1567322435625,30
768.15,32.8549214888558,30.9308832938978,30.0417524038476,30.1567322435625,30
768.2,32.8549214888558,30.9308832938978,30.0417524038476,30.1567322435625,30
768.25,32.8549214888558,30.9308832938978,30.0417524038476,30.1567322435625,30
768.3,32.8549214888558,30.9308832938978,30.0417524038476,30.1567322435625,30
768.35,32.8549214888558,30.9308832938978,30.0417524038476,30.1567322435625,30
768.4,32.8549214888558,30.9308832938978,30.0417524038476,30.1567322435625,30
768.45,32.8549214888558,30.9308832938978,30.0417524038476,30.1567322435625,30
768.5,32.8549214888558,30.9308832938978,30.0703008101557,30.1553517092896,30
768.55,32.8549214888558,30.9308832938978,30.0703008101557,30.1553517092896,30
768.6,32.8549214888558,30.9308832938978,30.0703008101557,30.1553517092896,30
768.65,32.8549214888558,30.9308832938978,30.0703008101557,30.1553517092896,30
768.7,32.8549214888558,30.9308832938978,30.0703008101557,30.1553517092896,30
768.75,32.8549214888558,30.9308832938978,30.0703008101557,30.1553517092896,30
768.8,32.8549214888558,30.9308832938978,30.0703008101557,30.1553517092896,30
768.85,32.8549214888558,30.9308832938978,30.0703008101557,30.1553517092896,30
768.9,32.8549214888558,30.9308832938978,30.0703008101557,30.1553517092896,30
768.95,32.8549214888558,30.9308832938978,30.0703008101557,30.1553517092896,30
769.0,32.8844275230937,30.9597111792208,30.0703008101557,30.1540074726992,30
769.05,32.8844275230937,30.9597111792208,30.0703008101557,30.1540074726992,30
769.1,32.8844275230937,30.9597111792208,30.0703008101557,30.1540074726992,30
769.15,32.8844275230937,30.9597111792208,30.0703008101557,30.1540074726992,30
769.2,32.8844275230937,30.9597111792208,30.0703008101557,30.1540074726992,30
769.25,32.8844275230937,30.9597111792208,30.0703008101557,30.1540074726992,30
769.3,32.8844275230937,30.9597111792208,30.0703008101557,30.1540074726992,30
769.35,32.8844275230937,30.9597111792208,30.0703008101557,30.1540074726992,30
769.4,32.8844275230937,30.9597111792208,30.0703008101557,30.1540074726992,30
769.45,32.8844275230937,30.9597111792208,30.0703008101557,30.1540074726992,30
769.5,32.8549214888558,30.9308832938978,30.0417524038476,30.1534851574069,30
769.55,32.8549214888558,30.9308832938978,30.0417524038476,30.1534851574069,30
769.6,32.8549214888558,30.9308832938978,30.0417524038476,30.1534851574069,30
769.65,32.8549214888558,30.9308832938978,30.0417524038476,30.1534851574069,30
769.7,32.8549214888558,30.9308832938978,30.0417524038476,30.1534851574069,30
769.75,32.8549214888558,30.9308832938978,30.0417524038476,30.1534851574069,30
769.8,32.8549214888558,30.9308832938978,30.0417524038476,30.1534851574069,30
769.85,32.8549214888558,30.9308832938978,30.0417524038476,30.1534851574069,30
769.9,32.8549214888558,30.9308832938978,30.0417524038476,30.1534851574069,30
769.95,32.8549214888558,30.9308832938978,30.0417524038476,30.1534851574069,30
770.0,32.8549214888558,30.9308832938978,30.0703008101557,30.1521842810193,30
770.05,32.8549214888558,30.9308832938978,30.0703008101557,30.1521842810193,30
770.1,32.8549214888558,30.9308832938978,30.0703008101557,30.1521842810193,30
770.15,32.8549214888558,30.9308832938978,30.0703008101557,30.1521842810193,30
770.2,32.8549214888558,30.9308832938978,30.0703008101557,30.1521842810193,30
770.25,32.8549214888558,30.9308832938978,30.0703008101557,30.1521842810193,30
770.3,32.8549214888558,30.9308832938978,30.0703008101557,30.1521842810193,30
770.35,32.8549214888558,30.9308832938978,30.0703008101557,30.1521842810193,30
770.4,32.8549214888558,30.9308832938978,30.0703008101557,30.1521842810193,30
770.45,32.8549214888558,30.9308832938978,30.0703008101557,30.1521842810193,30
770.5,32.8254266155161,30.9020648008935,30.013212616692,30.1509174303465,30
770.55,32.8254266155161,30.9020648008935,30.013212616692,30.1509174303465,30
770.6,32.8254266155161,30.9020648008935,30.013212616692,30.1509174303465,30
770.65,32.8254266155161,30.9020648008935,30.013212616692,30.1509174303465,30
770.7,32.8254266155161,30.9020648008935,30.013212616692,30.1509174303465,30
770.75,32.8254266155161,30.9020648008935,30.013212616692,30.1509174303465,30
770.8,32.8254266155161,30.9020648008935,30.013212616692,30.1509174303465,30
770.85,32.8254266155161,30.9020648008935,30.013212616692,30.1509174303465,30
770.9,32.8254266155161,30.9020648008935,30.013212616692,30.1509174303465,30
770.95,32.8254266155161,30.9020648008935,30.013212616692,30.1509174303465,30
771.0,32.8549214888558,30.9308832938978,30.0417524038476,30.1488971377388,30
771.05,32.8549214888558,30.9308832938978,30.0417524038476,30.1488971377388,30
771.1,32.8549214888558,30.9308832938978,30.0417524038476,30.1488971377388,30
771.15,32.8549214888558,30.9308832938978,30.0417524038476,30.1488971377388,30
771.2,32.8549214888558,30.9308832938978,30.0417524038476,30.1488971377388,30
771.25,32.8549214888558,30.9308832938978,30.0417524038476,30.1488971377388,30
771.3,32.8549214888558,30.9308832938978,30.0417524038476,30.1488971377388,30
771.35,32.8549214888558,30.9308832938978,30.0417524038476,30.1488971377388,30
771.4,32.8549214888558,30.9308832938978,30.0417524038476,30.1488971377388,30
771.45,32.8549214888558,30.9308832938978,30.0417524038476,30.1488971377388,30
771.5,32.7959428748783,30.873255674741,30.013212616692,30.1477213319233,30
771.55,32.7959428748783,30.873255674741,30.013212616692,30.1477213319233,30
771.6,32.7959428748783,30.873255674741,30.013212616692,30.1477213319233,30
771.65,32.7959428748783,30.873255674741,30.013212616692,30.1477213319233,30
771.7,32.7959428748783,30.873255674741,30.013212616692,30.1477213319233,30
771.75,32.7959428748783,30.873255674741,30.013212616692,30.1477213319233,30
771.8,32.7959428748783,30.873255674741,30.013212616692,30.1477213319233,30
771.85,32.7959428748783,30.873255674741,30.013212616692,30.1477213319233,30
771.9,32.7959428748783,30.873255674741,30.013212616692,30.1477213319233,30
771.95,32.7959428748783,30.873255674741,30.013212616692,30.1477213319233,30
772.0,32.8254266155161,30.9020648008935,30.013212616692,30.1450030732859,30
772.05,32.8254266155161,30.9020648008935,30.013212616692,30.1450030732859,30
772.1,32.8254266155161,30.9020648008935,30.013212616692,30.1450030732859,30
772.15,32.8254266155161,30.9020648008935,30.013212616692,30.1450030732859,30
772.2,32.8254266155161,30.9020648008935,30.013212616692,30.1450030732859,30
772.25,32.8254266155161,30.9020648008935,30.013212616692,30.1450030732859,30
772.3,32.8254266155161,30.9020648008935,30.013212616692,30.1450030732859,30
772.35,32.8254266155161,30.9020648008935,30.013212616692,30.1450030732859,30
772.4,32.8254266155161,30.9020648008935,30.013212616692,30.1450030732859,30
772.45,32.8254266155161,30.9020648008935,30.013212616692,30.1450030732859,30
772.5,32.8844275230937,30.9597111792208,30.0703008101557,30.1431523204392,30
772.55,32.8844275230937,30.9597111792208,30.0703008101557,30.1431523204392,30
772.6,32.8844275230937,30.9597111792208,30.0703008101557,30.1431523204392,30
772.65,32.8844275230937,30.9597111792208,30.0703008101557,30.1431523204392,30
772.7,32.8844275230937,30.9597111792208,30.0703008101557,30.1431523204392,30
772.75,32.8844275230937,30.9597111792208,30.0703008101557,30.1431523204392,30
772.8,32.8844275230937,30.9597111792208,30.0703008101557,30.1431523204392,30
772.85,32.8844275230937,30.9597111792208,30.0703008101557,30.1431523204392,30
772.9,32.8844275230937,30.9597111792208,30.0703008101557,30.1431523204392,30
772.95,32.8844275230937,30.9597111792208,30.0703008101557,30.1431523204392,30
773.0,32.8549214888558,30.9597111792208,30.0703008101557,30.1429274194966,30
773.05,32.8549214888558,30.9597111792208,30.0703008101557,30.1429274194966,30
773.1,32.8549214888558,30.9597111792208,30.0703008101557,30.1429274194966,30
773.15,32.8549214888558,30.9597111792208,30.0703008101557,30.1429274194966,30
773.2,32.8549214888558,30.9597111792208,30.0703008101557,30.1429274194966,30
773.25,32.8549214888558,30.9597111792208,30.0703008101557,30.1429274194966,30
773.3,32.8549214888558,30.9597111792208,30.0703008101557,30.1429274194966,30
773.35,32.8549214888558,30.9597111792208,30.0703008101557,30.1429274194966,30
773.4,32.8549214888558,30.9597111792208,30.0703008101557,30.1429274194966,30
773.45,32.8549214888558,30.9597111792208,30.0703008101557,30.1429274194966,30
773.5,32.8549214888558,30.9597111792208,30.0703008101557,30.1427009638527,30
773.55,32.8549214888558,30.9597111792208,30.0703008101557,30.1427009638527,30
773.6,32.8549214888558,30.9597111792208,30.0703008101557,30.1427009638527,30
773.65,32.8549214888558,30.9597111792208,30.0703008101557,30.1427009638527,30
773.7,32.8549214888558,30.9597111792208,30.0703008101557,30.1427009638527,30
773.75,32.8549214888558,30.9597111792208,30.0703008101557,30.1427009638527,30
773.8,32.8549214888558,30.9597111792208,30.0703008101557,30.1427009638527,30
773.85,32.8549214888558,30.9597111792208,30.0703008101557,30.1427009638527,30
773.9,32.8549214888558,30.9597111792208,30.0703008101557,30.1427009638527,30
773.95,32.8549214888558,30.9597111792208,30.0703008101557,30.1427009638527,30
774.0,32.8844275230937,30.9597111792208,30.0703008101557,30.1424725810929,30
774.05,32.8844275230937,30.9597111792208,30.0703008101557,30.1424725810929,30
774.1,32.8844275230937,30.9597111792208,30.0703008101557,30.1424725810929,30
774.15,32.8844275230937,30.9597111792208,30.0703008101557,30.1424725810929,30
774.2,32.8844275230937,30.9597111792208,30.0703008101557,30.1424725810929,30
774.25,32.8844275230937,30.9597111792208,30.0703008101557,30.1424725810929,30
774.3,32.8844275230937,30.9597111792208,30.0703008101557,30.1424725810929,30
774.35,32.8844275230937,30.9597111792208,30.0703008101557,30.1424725810929,30
774.4,32.8844275230937,30.9597111792208,30.0703008101557,30.1424725810929,30
774.45,32.8844275230937,30.9597111792208,30.0703008101557,30.1424725810929,30
774.5,32.8844275230937,30.9597111792208,30.0703008101557,30.1422430544767,30
774.55,32.8844275230937,30.9597111792208,30.0703008101557,30.1422430544767,30
774.6,32.8844275230937,30.9597111792208,30.0703008101557,30.1422430544767,30
774.65,32.8844275230937,30.9597111792208,30.0703008101557,30.1422430544767,30
774.7,32.8844275230937,30.9597111792208,30.0703008101557,30.1422430544767,30
774.75,32.8844275230937,30.9597111792208,30.0703008101557,30.1422430544767,30
774.8,32.8844275230937,30.9597111792208,30.0703008101557,30.1422430544767,30
774.85,32.8844275230937,30.9597111792208,30.0703008101557,30.1422430544767,30
774.9,32.8844275230937,30.9597111792208,30.0703008101557,30.1422430544767,30
774.95,32.8844275230937,30.9597111792208,30.0703008101557,30.1422430544767,30
775.0,32.8549214888558,30.9597111792208,30.0703008101557,30.1420131209994,30
775.05,32.8549214888558,30.9597111792208,30.0703008101557,30.1420131209994,30
775.1,32.8549214888558,30.9597111792208,30.0703008101557,30.1420131209994,30
775.15,32.8549214888558,30.9597111792208,30.0703008101557,30.1420131209994,30
775.2,32.8549214888558,30.9597111792208,30.0703008101557,30.1420131209994,30
775.25,32.8549214888558,30.9597111792208,30.0703008101557,30.1420131209994,30
775.3,32.8549214888558,30.9597111792208,30.0703008101557,30.1420131209994,30
775.35,32.8549214888558,30.9597111792208,30.0703008101557,30.1420131209994,30
775.4,32.8549214888558,30.9597111792208,30.0703008101557,30.1420131209994,30
775.45,32.8549214888558,30.9597111792208,30.0703008101557,30.1420131209994,30
775.5,32.8254266155161,30.9020648008935,30.013212616692,30.1417823454608,30
775.55,32.8254266155161,30.9020648008935,30.013212616692,30.1417823454608,30
775.6,32.8254266155161,30.9020648008935,30.013212616692,30.1417823454608,30
775.65,32.8254266155161,30.9020648008935,30.013212616692,30.1417823454608,30
775.7,32.8254266155161,30.9020648008935,30.013212616692,30.1417823454608,30
775.75,32.8254266155161,30.9020648008935,30.013212616692,30.1417823454608,30
775.8,32.8254266155161,30.9020648008935,30.013212616692,30.1417823454608,30
775.85,32.8254266155161,30.9020648008935,30.013212616692,30.1417823454608,30
775.9,32.8254266155161,30.9020648008935,30.013212616692,30.1417823454608,30
775.95,32.8254266155161,30.9020648008935,30.013212616692,30.1417823454608,30
776.0,32.8844275230937,30.9597111792208,30.0703008101557,30.1399777333519,30
776.05,32.8844275230937,30.9597111792208,30.0703008101557,30.1399777333519,30
776.1,32.8844275230937,30.9597111792208,30.0703008101557,30.1399777333519,30
776.15,32.8844275230937,30.9597111792208,30.0703008101557,30.1399777333519,30
776.2,32.8844275230937,30.9597111792208,30.0703008101557,30.1399777333519,30
776.25,32.8844275230937,30.9597111792208,30.0703008101557,30.1399777333519,30
776.3,32.8844275230937,30.9597111792208,30.0703008101557,30.1399777333519,30
776.35,32.8844275230937,30.9597111792208,30.0703008101557,30.1399777333519,30
776.4,32.8844275230937,30.9597111792208,30.0703008101557,30.1399777333519,30
776.45,32.8844275230937,30.9597111792208,30.0703008101557,30.1399777333519,30
776.5,32.8254266155161,30.9308832938978,30.0417524038476,30.1397983417255,30
776.55,32.8254266155161,30.9308832938978,30.0417524038476,30.1397983417255,30
776.6,32.8254266155161,30.9308832938978,30.0417524038476,30.1397983417255,30
776.65,32.8254266155161,30.9308832938978,30.0417524038476,30.1397983417255,30
776.7,32.8254266155161,30.9308832938978,30.0417524038476,30.1397983417255,30
776.75,32.8254266155161,30.9308832938978,30.0417524038476,30.1397983417255,30
776.8,32.8254266155161,30.9308832938978,30.0417524038476,30.1397983417255,30
776.85,32.8254266155161,30.9308832938978,30.0417524038476,30.1397983417255,30
776.9,32.8254266155161,30.9308832938978,30.0417524038476,30.1397983417255,30
776.95,32.8254266155161,30.9308832938978,30.0417524038476,30.1397983417255,30
777.0,32.8549214888558,30.9597111792208,30.0703008101557,30.1388300624878,30
777.05,32.8549214888558,30.9597111792208,30.0703008101557,30.1388300624878,30
777.1,32.8549214888558,30.9597111792208,30.0703008101557,30.1388300624878,30
777.15,32.8549214888558,30.9597111792208,30.0703008101557,30.1388300624878,30
777.2,32.8549214888558,30.9597111792208,30.0703008101557,30.1388300624878,30
777.25,32.8549214888558,30.9597111792208,30.0703008101557,30.1388300624878,30
777.3,32.8549214888558,30.9597111792208,30.0703008101557,30.1388300624878,30
777.35,32.8549214888558,30.9597111792208,30.0703008101557,30.1388300624878,30
777.4,32.8549214888558,30.9597111792208,30.0703008101557,30.1388300624878,30
777.45,32.8549214888558,30.9597111792208,30.0703008101557,30.1388300624878,30
777.5,32.8254266155161,30.9308832938978,30.0417524038476,30.1386719625326,30
777.55,32.8254266155161,30.9308832938978,30.0417524038476,30.1386719625326,30
777.6,32.8254266155161,30.9308832938978,30.0417524038476,30.1386719625326,30
777.65,32.8254266155161,30.9308832938978,30.0417524038476,30.1386719625326,30
777.7,32.8254266155161,30.9308832938978,30.0417524038476,30.1386719625326,30
777.75,32.8254266155161,30.9308832938978,30.0417524038476,30.1386719625326,30
777.8,32.8254266155161,30.9308832938978,30.0417524038476,30.1386719625326,30
777.85,32.8254266155161,30.9308832938978,30.0417524038476,30.1386719625326,30
777.9,32.8254266155161,30.9308832938978,30.0417524038476,30.1386719625326,30
777.95,32.8254266155161,30.9308832938978,30.0417524038476,30.1386719625326,30
778.0,32.7664702387926,30.873255674741,29.984681424287,30.1377239463287,30
778.05,32.7664702387926,30.873255674741,29.984681424287,30.1377239463287,30
778.1,32.7664702387926,30.873255674741,29.984681424287,30.1377239463287,30
778.15,32.7664702387926,30.873255674741,29.984681424287,30.1377239463287,30
778.2,32.7664702387926,30.873255674741,29.984681424287,30.1377239463287,30
778.25,32.7664702387926,30.873255674741,29.984681424287,30.1377239463287,30
778.3,32.7664702387926,30.873255674741,29.984681424287,30.1377239463287,30
778.35,32.7664702387926,30.873255674741,29.984681424287,30.1377239463287,30
778.4,32.7664702387926,30.873255674741,29.984681424287,30.1377239463287,30
778.45,32.7664702387926,30.873255674741,29.984681424287,30.1377239463287,30
778.5,32.8254266155161,30.9308832938978,30.0417524038476,30.135226324276,30
778.55,32.8254266155161,30.9308832938978,30.0417524038476,30.135226324276,30
778.6,32.8254266155161,30.9308832938978,30.0417524038476,30.135226324276,30
778.65,32.8254266155161,30.9308832938978,30.0417524038476,30.135226324276,30
778.7,32.8254266155161,30.9308832938978,30.0417524038476,30.135226324276,30
778.75,32.8254266155161,30.9308832938978,30.0417524038476,30.135226324276,30
778.8,32.8254266155161,30.9308832938978,30.0417524038476,30.135226324276,30
778.85,32.8254266155161,30.9308832938978,30.0417524038476,30.135226324276,30
778.9,32.8254266155161,30.9308832938978,30.0417524038476,30.135226324276,30
778.95,32.8254266155161,30.9308832938978,30.0417524038476,30.135226324276,30
779.0,32.8844275230937,30.9885484823664,30.0988578600504,30.1343757442069,30
779.05,32.8844275230937,30.9885484823664,30.0988578600504,30.1343757442069,30
779.1,32.8844275230937,30.9885484823664,30.0988578600504,30.1343757442069,30
779.15,32.8844275230937,30.9885484823664,30.0988578600504,30.1343757442069,30
779.2,32.8844275230937,30.9885484823664,30.0988578600504,30.1343757442069,30
779.25,32.8844275230937,30.9885484823664,30.0988578600504,30.1343757442069,30
779.3,32.8844275230937,30.9885484823664,30.0988578600504,30.1343757442069,30
779.35,32.8844275230937,30.9885484823664,30.0988578600504,30.1343757442069,30
779.4,32.8844275230937,30.9885484823664,30.0988578600504,30.1343757442069,30
779.45,32.8844275230937,30.9885484823664,30.0988578600504,30.1343757442069,30
779.5,32.8254266155161,30.9308832938978,30.0417524038476,30.1351188356033,30
779.55,32.8254266155161,30.9308832938978,30.0417524038476,30.1351188356033,30
779.6,32.8254266155161,30.9308832938978,30.0417524038476,30.1351188356033,30
779.65,32.8254266155161,30.9308832938978,30.0417524038476,30.1351188356033,30
779.7,32.8254266155161,30.9308832938978,30.0417524038476,30.1351188356033,30
779.75,32.8254266155161,30.9308832938978,30.0417524038476,30.1351188356033,30
779.8,32.8254266155161,30.9308832938978,30.0417524038476,30.1351188356033,30
779.85,32.8254266155161,30.9308832938978,30.0417524038476,30.1351188356033,30
779.9,32.8254266155161,30.9308832938978,30.0417524038476,30.1351188356033,30
779.95,32.8254266155161,30.9308832938978,30.0417524038476,30.1351188356033,30
780.0,32.8549214888558,30.9597111792208,30.0703008101557,30.1342556604605,30
780.05,32.8549214888558,30.9597111792208,30.0703008101557,30.1342556604605,30
780.1,32.8549214888558,30.9597111792208,30.0703008101557,30.1342556604605,30
780.15,32.8549214888558,30.9597111792208,30.0703008101557,30.1342556604605,30
780.2,32.8549214888558,30.9597111792208,30.0703008101557,30.1342556604605,30
780.25,32.8549214888558,30.9597111792208,30.0703008101557,30.1342556604605,30
780.3,32.8549214888558,30.9597111792208,30.0703008101557,30.1342556604605,30
780.35,32.8549214888558,30.9597111792208,30.0703008101557,30.1342556604605,30
780.4,32.8549214888558,30.9597111792208,30.0703008101557,30.1342556604605,30
780.45,32.8549214888558,30.9597111792208,30.0703008101557,30.1342556604605,30
780.5,32.8254266155161,30.9308832938978,30.0417524038476,30.1341998665197,30
780.55,32.8254266155161,30.9308832938978,30.0417524038476,30.1341998665197,30
780.6,32.8254266155161,30.9308832938978,30.0417524038476,30.1341998665197,30
780.65,32.8254266155161,30.9308832938978,30.0417524038476,30.1341998665197,30
780.7,32.8254266155161,30.9308832938978,30.0417524038476,30.1341998665197,30
780.75,32.8254266155161,30.9308832938978,30.0417524038476,30.1341998665197,30
780.8,32.8254266155161,30.9308832938978,30.0417524038476,30.1341998665197,30
780.85,32.8254266155161,30.9308832938978,30.0417524038476,30.1341998665197,30
780.9,32.8254266155161,30.9308832938978,30.0417524038476,30.1341998665197,30
780.95,32.8254266155161,30.9308832938978,30.0417524038476,30.1341998665197,30
781.0,32.7959428748783,30.9020648008935,30.013212616692,30.1333514429601,30
781.05,32.7959428748783,30.9020648008935,30.013212616692,30.1333514429601,30
781.1,32.7959428748783,30.9020648008935,30.013212616692,30.1333514429601,30
781.15,32.7959428748783,30.9020648008935,30.013212616692,30.1333514429601,30
781.2,32.7959428748783,30.9020648008935,30.013212616692,30.1333514429601,30
781.25,32.7959428748783,30.9020648008935,30.013212616692,30.1333514429601,30
781.3,32.7959428748783,30.9020648008935,30.013212616692,30.1333514429601,30
781.35,32.7959428748783,30.9020648008935,30.013212616692,30.1333514429601,30
781.4,32.7959428748783,30.9020648008935,30.013212616692,30.1333514429601,30
781.45,32.7959428748783,30.9020648008935,30.013212616692,30.1333514429601,30
781.5,32.8549214888558,30.9597111792208,30.0703008101557,30.1317369795025,30
781.55,32.8549214888558,30.9597111792208,30.0703008101557,30.1317369795025,30
781.6,32.8549214888558,30.9597111792208,30.0703008101557,30.1317369795025,30
781.65,32.8549214888558,30.9597111792208,30.0703008101557,30.1317369795025,30
781.7,32.8549214888558,30.9597111792208,30.0703008101557,30.1317369795025,30
781.75,32.8549214888558,30.9597111792208,30.0703008101557,30.1317369795025,30
781.8,32.8549214888558,30.9597111792208,30.0703008101557,30.1317369795025,30
781.85,32.8549214888558,30.9597111792208,30.0703008101557,30.1317369795025,30
781.9,32.8549214888558,30.9597111792208,30.0703008101557,30.1317369795025,30
781.95,32.8549214888558,30.9597111792208,30.0703008101557,30.1317369795025,30
782.0,32.7959428748783,30.9020648008935,30.013212616692,30.1317415219185,30
782.05,32.7959428748783,30.9020648008935,30.013212616692,30.1317415219185,30
782.1,32.7959428748783,30.9020648008935,30.013212616692,30.1317415219185,30
782.15,32.7959428748783,30.9020648008935,30.013212616692,30.1317415219185,30
782.2,32.7959428748783,30.9020648008935,30.013212616692,30.1317415219185,30
782.25,32.7959428748783,30.9020648008935,30.013212616692,30.1317415219185,30
782.3,32.7959428748783,30.9020648008935,30.013212616692,30.1317415219185,30
782.35,32.7959428748783,30.9020648008935,30.013212616692,30.1317415219185,30
782.4,32.7959428748783,30.9020648008935,30.013212616692,30.1317415219185,30
782.45,32.7959428748783,30.9020648008935,30.013212616692,30.1317415219185,30
782.5,32.8254266155161,30.9308832938978,30.0417524038476,30.1301652906779,30
782.55,32.8254266155161,30.9308832938978,30.0417524038476,30.1301652906779,30
782.6,32.8254266155161,30.9308832938978,30.0417524038476,30.1301652906779,30
782.65,32.8254266155161,30.9308832938978,30.0417524038476,30.1301652906779,30
782.7,32.8254266155161,30.9308832938978,30.0417524038476,30.1301652906779,30
782.75,32.8254266155161,30.9308832938978,30.0417524038476,30.1301652906779,30
782.8,32.8254266155161,30.9308832938978,30.0417524038476,30.1301652906779,30
782.85,32.8254266155161,30.9308832938978,30.0417524038476,30.1301652906779,30
782.9,32.8254266155161,30.9308832938978,30.0417524038476,30.1301652906779,30
782.95,32.8254266155161,30.9308832938978,30.0417524038476,30.1301652906779,30
783.0,32.8254266155161,30.9308832938978,30.0417524038476,30.1294202916802,30
783.05,32.8254266155161,30.9308832938978,30.0417524038476,30.1294202916802,30
783.1,32.8254266155161,30.9308832938978,30.0417524038476,30.1294202916802,30
783.15,32.8254266155161,30.9308832938978,30.0417524038476,30.1294202916802,30
783.2,32.8254266155161,30.9308832938978,30.0417524038476,30.1294202916802,30
783.25,32.8254266155161,30.9308832938978,30.0417524038476,30.1294202916802,30
783.3,32.8254266155161,30.9308832938978,30.0417524038476,30.1294202916802,30
783.35,32.8254266155161,30.9308832938978,30.0417524038476,30.1294202916802,30
783.4,32.8254266155161,30.9308832938978,30.0417524038476,30.1294202916802,30
783.45,32.8254266155161,30.9308832938978,30.0417524038476,30.1294202916802,30
783.5,32.7959428748783,30.9020648008935,30.013212616692,30.1286926629953,30
783.55,32.7959428748783,30.9020648008935,30.013212616692,30.1286926629953,30
783.6,32.7959428748783,30.9020648008935,30.013212616692,30.1286926629953,30
783.65,32.7959428748783,30.9020648008935,30.013212616692,30.1286926629953,30
783.7,32.7959428748783,30.9020648008935,30.013212616692,30.1286926629953,30
783.75,32.7959428748783,30.9020648008935,30.013212616692,30.1286926629953,30
783.8,32.7959428748783,30.9020648008935,30.013212616692,30.1286926629953,30
783.85,32.7959428748783,30.9020648008935,30.013212616692,30.1286926629953,30
783.9,32.7959428748783,30.9020648008935,30.013212616692,30.1286926629953,30
783.95,32.7959428748783,30.9020648008935,30.013212616692,30.1286926629953,30
784.0,32.8254266155161,30.9308832938978,30.0417524038476,30.1271954750867,30
784.05,32.8254266155161,30.9308832938978,30.0417524038476,30.1271954750867,30
784.1,32.8254266155161,30.9308832938978,30.0417524038476,30.1271954750867,30
784.15,32.8254266155161,30.9308832938978,30.0417524038476,30.1271954750867,30
784.2,32.8254266155161,30.9308832938978,30.0417524038476,30.1271954750867,30
784.25,32.8254266155161,30.9308832938978,30.0417524038476,30.1271954750867,30
784.3,32.8254266155161,30.9308832938978,30.0417524038476,30.1271954750867,30
784.35,32.8254266155161,30.9308832938978,30.0417524038476,30.1271954750867,30
784.4,32.8254266155161,30.9308832938978,30.0417524038476,30.1271954750867,30
784.45,32.8254266155161,30.9308832938978,30.0417524038476,30.1271954750867,30
784.5,32.7959428748783,30.9020648008935,30.013212616692,30.1265271765189,30
784.55,32.7959428748783,30.9020648008935,30.013212616692,30.1265271765189,30
784.6,32.7959428748783,30.9020648008935,30.013212616692,30.1265271765189,30
784.65,32.7959428748783,30.9020648008935,30.013212616692,30.1265271765189,30
784.7,32.7959428748783,30.9020648008935,30.013212616692,30.1265271765189,30
784.75,32.7959428748783,30.9020648008935,30.013212616692,30.1265271765189,30
784.8,32.7959428748783,30.9020648008935,30.013212616692,30.1265271765189,30
784.85,32.7959428748783,30.9020648008935,30.013212616692,30.1265271765189,30
784.9,32.7959428748783,30.9020648008935,30.013212616692,30.1265271765189,30
784.95,32.7959428748783,30.9020648008935,30.013212616692,30.1265271765189,30
785.0,32.7959428748783,30.9020648008935,30.013212616692,30.1250875276856,30
785.05,32.7959428748783,30.9020648008935,30.013212616692,30.1250875276856,30
785.1,32.7959428748783,30.9020648008935,30.013212616692,30.1250875276856,30
785.15,32.7959428748783,30.9020648008935,30.013212616692,30.1250875276856,30
785.2,32.7959428748783,30.9020648008935,30.013212616692,30.1250875276856,30
785.25,32.7959428748783,30.9020648008935,30.013212616692,30.1250875276856,30
785.3,32.7959428748783,30.9020648008935,30.013212616692,30.1250875276856,30
785.35,32.7959428748783,30.9020648008935,30.013212616692,30.1250875276856,30
785.4,32.7959428748783,30.9020648008935,30.013212616692,30.1250875276856,30
785.45,32.7959428748783,30.9020648008935,30.013212616692,30.1250875276856,30
785.5,32.7959428748783,30.9020648008935,30.013212616692,30.1236885822721,30
785.55,32.7959428748783,30.9020648008935,30.013212616692,30.1236885822721,30
785.6,32.7959428748783,30.9020648008935,30.013212616692,30.1236885822721,30
785.65,32.7959428748783,30.9020648008935,30.013212616692,30.1236885822721,30
785.7,32.7959428748783,30.9020648008935,30.013212616692,30.1236885822721,30
785.75,32.7959428748783,30.9020648008935,30.013212616692,30.1236885822721,30
785.8,32.7959428748783,30.9020648008935,30.013212616692,30.1236885822721,30
785.85,32.7959428748783,30.9020648008935,30.013212616692,30.1236885822721,30
785.9,32.7959428748783,30.9020648008935,30.013212616692,30.1236885822721,30
785.95,32.7959428748783,30.9020648008935,30.013212616692,30.1236885822721,30
786.0,32.7959428748783,30.9020648008935,30.013212616692,30.1223290672599,30
786.05,32.7959428748783,30.9020648008935,30.013212616692,30.1223290672599,30
786.1,32.7959428748783,30.9020648008935,30.013212616692,30.1223290672599,30
786.15,32.7959428748783,30.9020648008935,30.013212616692,30.1223290672599,30
786.2,32.7959428748783,30.9020648008935,30.013212616692,30.1223290672599,30
786.25,32.7959428748783,30.9020648008935,30.013212616692,30.1223290672599,30
786.3,32.7959428748783,30.9020648008935,30.013212616692,30.1223290672599,30
786.35,32.7959428748783,30.9020648008935,30.013212616692,30.1223290672599,30
786.4,32.7959428748783,30.9020648008935,30.013212616692,30.1223290672599,30
786.45,32.7959428748783,30.9020648008935,30.013212616692,30.1223290672599,30
786.5,32.8254266155161,30.9308832938978,30.0417524038476,30.1210077516926,30
786.55,32.8254266155161,30.9308832938978,30.0417524038476,30.1210077516926,30
786.6,32.8254266155161,30.9308832938978,30.0417524038476,30.1210077516926,30
786.65,32.8254266155161,30.9308832938978,30.0417524038476,30.1210077516926,30
786.7,32.8254266155161,30.9308832938978,30.0417524038476,30.1210077516926,30
786.75,32.8254266155161,30.9308832938978,30.0417524038476,30.1210077516926,30
786.8,32.8254266155161,30.9308832938978,30.0417524038476,30.1210077516926,30
786.85,32.8254266155161,30.9308832938978,30.0417524038476,30.1210077516926,30
786.9,32.8254266155161,30.9308832938978,30.0417524038476,30.1210077516926,30
786.95,32.8254266155161,30.9308832938978,30.0417524038476,30.1210077516926,30
787.0,32.8549214888558,30.9597111792208,30.0703008101557,30.1205098982747,30
787.05,32.8549214888558,30.9597111792208,30.0703008101557,30.1205098982747,30
787.1,32.8549214888558,30.9597111792208,30.0703008101557,30.1205098982747,30
787.15,32.8549214888558,30.9597111792208,30.0703008101557,30.1205098982747,30
787.2,32.8549214888558,30.9597111792208,30.0703008101557,30.1205098982747,30
787.25,32.8549214888558,30.9597111792208,30.0703008101557,30.1205098982747,30
787.3,32.8549214888558,30.9597111792208,30.0703008101557,30.1205098982747,30
787.35,32.8549214888558,30.9597111792208,30.0703008101557,30.1205098982747,30
787.4,32.8549214888558,30.9597111792208,30.0703008101557,30.1205098982747,30
787.45,32.8549214888558,30.9597111792208,30.0703008101557,30.1205098982747,30
787.5,32.8549214888558,30.9597111792208,30.0703008101557,30.1208086079387,30
787.55,32.8549214888558,30.9597111792208,30.0703008101557,30.1208086079387,30
787.6,32.8549214888558,30.9597111792208,30.0703008101557,30.1208086079387,30
787.65,32.8549214888558,30.9597111792208,30.0703008101557,30.1208086079387,30
787.7,32.8549214888558,30.9597111792208,30.0703008101557,30.1208086079387,30
787.75,32.8549214888558,30.9597111792208,30.0703008101557,30.1208086079387,30
787.8,32.8549214888558,30.9597111792208,30.0703008101557,30.1208086079387,30
787.85,32.8549214888558,30.9597111792208,30.0703008101557,30.1208086079387,30
787.9,32.8549214888558,30.9597111792208,30.0703008101557,30.1208086079387,30
787.95,32.8549214888558,30.9597111792208,30.0703008101557,30.1208086079387,30
788.0,32.8254266155161,30.9308832938978,30.0417524038476,30.1210909269761,30
788.05,32.8254266155161,30.9308832938978,30.0417524038476,30.1210909269761,30
788.1,32.8254266155161,30.9308832938978,30.0417524038476,30.1210909269761,30
788.15,32.8254266155161,30.9308832938978,30.0417524038476,30.1210909269761,30
788.2,32.8254266155161,30.9308832938978,30.0417524038476,30.1210909269761,30
788.25,32.8254266155161,30.9308832938978,30.0417524038476,30.1210909269761,30
788.3,32.8254266155161,30.9308832938978,30.0417524038476,30.1210909269761,30
788.35,32.8254266155161,30.9308832938978,30.0417524038476,30.1210909269761,30
788.4,32.8254266155161,30.9308832938978,30.0417524038476,30.1210909269761,30
788.45,32.8254266155161,30.9308832938978,30.0417524038476,30.1210909269761,30
788.5,32.8254266155161,30.9308832938978,30.0417524038476,30.1205708027099,30
788.55,32.8254266155161,30.9308832938978,30.0417524038476,30.1205708027099,30
788.6,32.8254266155161,30.9308832938978,30.0417524038476,30.1205708027099,30
788.65,32.8254266155161,30.9308832938978,30.0417524038476,30.1205708027099,30
788.7,32.8254266155161,30.9308832938978,30.0417524038476,30.1205708027099,30
788.75,32.8254266155161,30.9308832938978,30.0417524038476,30.1205708027099,30
788.8,32.8254266155161,30.9308832938978,30.0417524038476,30.1205708027099,30
788.85,32.8254266155161,30.9308832938978,30.0417524038476,30.1205708027099,30
788.9,32.8254266155161,30.9308832938978,30.0417524038476,30.1205708027099,30
788.95,32.8254266155161,30.9308832938978,30.0417524038476,30.1205708027099,30
789.0,32.8549214888558,30.9597111792208,30.0703008101557,30.1200615899508,30
789.05,32.8549214888558,30.9597111792208,30.0703008101557,30.1200615899508,30
789.1,32.8549214888558,30.9597111792208,30.0703008101557,30.1200615899508,30
789.15,32.8549214888558,30.9597111792208,30.0703008101557,30.1200615899508,30
789.2,32.8549214888558,30.9597111792208,30.0703008101557,30.1200615899508,30
789.25,32.8549214888558,30.9597111792208,30.0703008101557,30.1200615899508,30
789.3,32.8549214888558,30.9597111792208,30.0703008101557,30.1200615899508,30
789.35,32.8549214888558,30.9597111792208,30.0703008101557,30.1200615899508,30
789.4,32.8549214888558,30.9597111792208,30.0703008101557,30.1200615899508,30
789.45,32.8549214888558,30.9597111792208,30.0703008101557,30.1200615899508,30
789.5,32.8254266155161,30.9308832938978,30.0417524038476,30.120349725723,30
789.55,32.8254266155161,30.9308832938978,30.0417524038476,30.120349725723,30
789.6,32.8254266155161,30.9308832938978,30.0417524038476,30.120349725723,30
789.65,32.8254266155161,30.9308832938978,30.0417524038476,30.120349725723,30
789.7,32.8254266155161,30.9308832938978,30.0417524038476,30.120349725723,30
789.75,32.8254266155161,30.9308832938978,30.0417524038476,30.120349725723,30
789.8,32.8254266155161,30.9308832938978,30.0417524038476,30.120349725723,30
789.85,32.8254266155161,30.9308832938978,30.0417524038476,30.120349725723,30
789.9,32.8254266155161,30.9308832938978,30.0417524038476,30.120349725723,30
789.95,32.8254266155161,30.9308832938978,30.0417524038476,30.120349725723,30
790.0,32.8549214888558,30.9597111792208,30.0703008101557,30.1198355140579,30
790.05,32.8549214888558,30.9597111792208,30.0703008101557,30.1198355140579,30
790.1,32.8549214888558,30.9597111792208,30.0703008101557,30.1198355140579,30
790.15,32.8549214888558,30.9597111792208,30.0703008101557,30.1198355140579,30
790.2,32.8549214888558,30.9597111792208,30.0703008101557,30.1198355140579,30
790.25,32.8549214888558,30.9597111792208,30.0703008101557,30.1198355140579,30
790.3,32.8549214888558,30.9597111792208,30.0703008101557,30.1198355140579,30
790.35,32.8549214888558,30.9597111792208,30.0703008101557,30.1198355140579,30
790.4,32.8549214888558,30.9597111792208,30.0703008101557,30.1198355140579,30
790.45,32.8549214888558,30.9597111792208,30.0703008101557,30.1198355140579,30
790.5,32.7959428748783,30.9308832938978,30.0417524038476,30.120119011484,30
790.55,32.7959428748783,30.9308832938978,30.0417524038476,30.120119011484,30
790.6,32.7959428748783,30.9308832938978,30.0417524038476,30.120119011484,30
790.65,32.7959428748783,30.9308832938978,30.0417524038476,30.120119011484,30
790.7,32.7959428748783,30.9308832938978,30.0417524038476,30.120119011484,30
790.75,32.7959428748783,30.9308832938978,30.0417524038476,30.120119011484,30
790.8,32.7959428748783,30.9308832938978,30.0417524038476,30.120119011484,30
790.85,32.7959428748783,30.9308832938978,30.0417524038476,30.120119011484,30
790.9,32.7959428748783,30.9308832938978,30.0417524038476,30.120119011484,30
790.95,32.7959428748783,30.9308832938978,30.0417524038476,30.120119011484,30
791.0,32.7959428748783,30.9020648008935,30.013212616692,30.1195999340994,30
791.05,32.7959428748783,30.9020648008935,30.013212616692,30.1195999340994,30
791.1,32.7959428748783,30.9020648008935,30.013212616692,30.1195999340994,30
791.15,32.7959428748783,30.9020648008935,30.013212616692,30.1195999340994,30
791.2,32.7959428748783,30.9020648008935,30.013212616692,30.1195999340994,30
791.25,32.7959428748783,30.9020648008935,30.013212616692,30.1195999340994,30
791.3,32.7959428748783,30.9020648008935,30.013212616692,30.1195999340994,30
791.35,32.7959428748783,30.9020648008935,30.013212616692,30.1195999340994,30
791.4,32.7959428748783,30.9020648008935,30.013212616692,30.1195999340994,30
791.45,32.7959428748783,30.9020648008935,30.013212616692,30.1195999340994,30
791.5,32.7959428748783,30.9308832938978,30.0417524038476,30.1183051983098,30
791.55,32.7959428748783,30.9308832938978,30.0417524038476,30.1183051983098,30
791.6,32.7959428748783,30.9308832938978,30.0417524038476,30.1183051983098,30
791.65,32.7959428748783,30.9308832938978,30.0417524038476,30.1183051983098,30
791.7,32.7959428748783,30.9308832938978,30.0417524038476,30.1183051983098,30
791.75,32.7959428748783,30.9308832938978,30.0417524038476,30.1183051983098,30
791.8,32.7959428748783,30.9308832938978,30.0417524038476,30.1183051983098,30
791.85,32.7959428748783,30.9308832938978,30.0417524038476,30.1183051983098,30
791.9,32.7959428748783,30.9308832938978,30.0417524038476,30.1183051983098,30
791.95,32.7959428748783,30.9308832938978,30.0417524038476,30.1183051983098,30
792.0,32.7959428748783,30.9308832938978,30.013212616692,30.1178334376466,30
792.05,32.7959428748783,30.9308832938978,30.013212616692,30.1178334376466,30
792.1,32.7959428748783,30.9308832938978,30.013212616692,30.1178334376466,30
792.15,32.7959428748783,30.9308832938978,30.013212616692,30.1178334376466,30
792.2,32.7959428748783,30.9308832938978,30.013212616692,30.1178334376466,30
792.25,32.7959428748783,30.9308832938978,30.013212616692,30.1178334376466,30
792.3,32.7959428748783,30.9308832938978,30.013212616692,30.1178334376466,30
792.35,32.7959428748783,30.9308832938978,30.013212616692,30.1178334376466,30
792.4,32.7959428748783,30.9308832938978,30.013212616692,30.1178334376466,30
792.45,32.7959428748783,30.9308832938978,30.013212616692,30.1178334376466,30
792.5,32.7664702387926,30.9020648008935,30.013212616692,30.117370490271,30
792.55,32.7664702387926,30.9020648008935,30.013212616692,30.117370490271,30
792.6,32.7664702387926,30.9020648008935,30.013212616692,30.117370490271,30
792.65,32.7664702387926,30.9020648008935,30.013212616692,30.117370490271,30
792.7,32.7664702387926,30.9020648008935,30.013212616692,30.117370490271,30
792.75,32.7664702387926,30.9020648008935,30.013212616692,30.117370490271,30
792.8,32.7664702387926,30.9020648008935,30.013212616692,30.117370490271,30
792.85,32.7664702387926,30.9020648008935,30.013212616692,30.117370490271,30
792.9,32.7664702387926,30.9020648008935,30.013212616692,30.117370490271,30
792.95,32.7664702387926,30.9020648008935,30.013212616692,30.117370490271,30
793.0,32.7959428748783,30.9308832938978,30.0417524038476,30.116129708842,30
793.05,32.7959428748783,30.9308832938978,30.0417524038476,30.116129708842,30
793.1,32.7959428748783,30.9308832938978,30.0417524038476,30.116129708842,30
793.15,32.7959428748783,30.9308832938978,30.0417524038476,30.116129708842,30
793.2,32.7959428748783,30.9308832938978,30.0417524038476,30.116129708842,30
793.25,32.7959428748783,30.9308832938978,30.0417524038476,30.116129708842,30
793.3,32.7959428748783,30.9308832938978,30.0417524038476,30.116129708842,30
793.35,32.7959428748783,30.9308832938978,30.0417524038476,30.116129708842,30
793.4,32.7959428748783,30.9308832938978,30.0417524038476,30.116129708842,30
793.45,32.7959428748783,30.9308832938978,30.0417524038476,30.116129708842,30
793.5,32.8254266155161,30.9308832938978,30.0417524038476,30.1157098143667,30
793.55,32.8254266155161,30.9308832938978,30.0417524038476,30.1157098143667,30
793.6,32.8254266155161,30.9308832938978,30.0417524038476,30.1157098143667,30
793.65,32.8254266155161,30.9308832938978,30.0417524038476,30.1157098143667,30
793.7,32.8254266155161,30.9308832938978,30.0417524038476,30.1157098143667,30
793.75,32.8254266155161,30.9308832938978,30.0417524038476,30.1157098143667,30
793.8,32.8254266155161,30.9308832938978,30.0417524038476,30.1157098143667,30
793.85,32.8254266155161,30.9308832938978,30.0417524038476,30.1157098143667,30
793.9,32.8254266155161,30.9308832938978,30.0417524038476,30.1157098143667,30
793.95,32.8254266155161,30.9308832938978,30.0417524038476,30.1157098143667,30
794.0,32.7959428748783,30.9308832938978,30.0417524038476,30.1152978560219,30
794.05,32.7959428748783,30.9308832938978,30.0417524038476,30.1152978560219,30
794.1,32.7959428748783,30.9308832938978,30.0417524038476,30.1152978560219,30
794.15,32.7959428748783,30.9308832938978,30.0417524038476,30.1152978560219,30
794.2,32.7959428748783,30.9308832938978,30.0417524038476,30.1152978560219,30
794.25,32.7959428748783,30.9308832938978,30.0417524038476,30.1152978560219,30
794.3,32.7959428748783,30.9308832938978,30.0417524038476,30.1152978560219,30
794.35,32.7959428748783,30.9308832938978,30.0417524038476,30.1152978560219,30
794.4,32.7959428748783,30.9308832938978,30.0417524038476,30.1152978560219,30
794.45,32.7959428748783,30.9308832938978,30.0417524038476,30.1152978560219,30
794.5,32.7959428748783,30.9308832938978,30.0417524038476,30.1148936475733,30
794.55,32.7959428748783,30.9308832938978,30.0417524038476,30.1148936475733,30
794.6,32.7959428748783,30.9308832938978,30.0417524038476,30.1148936475733,30
794.65,32.7959428748783,30.9308832938978,30.0417524038476,30.1148936475733,30
794.7,32.7959428748783,30.9308832938978,30.0417524038476,30.1148936475733,30
794.75,32.7959428748783,30.9308832938978,30.0417524038476,30.1148936475733,30
794.8,32.7959428748783,30.9308832938978,30.0417524038476,30.1148936475733,30
794.85,32.7959428748783,30.9308832938978,30.0417524038476,30.1148936475733,30
794.9,32.7959428748783,30.9308832938978,30.0417524038476,30.1148936475733,30
794.95,32.7959428748783,30.9308832938978,30.0417524038476,30.1148936475733,30
795.0,32.7370086791557,30.873255674741,29.984681424287,30.1144964537324,30
795.05,32.7370086791557,30.873255674741,29.984681424287,30.1144964537324,30
795.1,32.7370086791557,30.873255674741,29.984681424287,30.1144964537324,30
795.15,32.7370086791557,30.873255674741,29.984681424287,30.1144964537324,30
795.2,32.7370086791557,30.873255674741,29.984681424287,30.1144964537324,30
795.25,32.7370086791557,30.873255674741,29.984681424287,30.1144964537324,30
795.3,32.7370086791557,30.873255674741,29.984681424287,30.1144964537324,30
795.35,32.7370086791557,30.873255674741,29.984681424287,30.1144964537324,30
795.4,32.7370086791557,30.873255674741,29.984681424287,30.1144964537324,30
795.45,32.7370086791557,30.873255674741,29.984681424287,30.1144964537324,30
795.5,32.8254266155161,30.9308832938978,30.0417524038476,30.1125334844627,30
795.55,32.8254266155161,30.9308832938978,30.0417524038476,30.1125334844627,30
795.6,32.8254266155161,30.9308832938978,30.0417524038476,30.1125334844627,30
795.65,32.8254266155161,30.9308832938978,30.0417524038476,30.1125334844627,30
795.7,32.8254266155161,30.9308832938978,30.0417524038476,30.1125334844627,30
795.75,32.8254266155161,30.9308832938978,30.0417524038476,30.1125334844627,30
795.8,32.8254266155161,30.9308832938978,30.0417524038476,30.1125334844627,30
795.85,32.8254266155161,30.9308832938978,30.0417524038476,30.1125334844627,30
795.9,32.8254266155161,30.9308832938978,30.0417524038476,30.1125334844627,30
795.95,32.8254266155161,30.9308832938978,30.0417524038476,30.1125334844627,30
796.0,32.8549214888558,30.9885484823664,30.0988578600504,30.1122024768711,30
796.05,32.8549214888558,30.9885484823664,30.0988578600504,30.1122024768711,30
796.1,32.8549214888558,30.9885484823664,30.0988578600504,30.1122024768711,30
796.15,32.8549214888558,30.9885484823664,30.0988578600504,30.1122024768711,30
796.2,32.8549214888558,30.9885484823664,30.0988578600504,30.1122024768711,30
796.25,32.8549214888558,30.9885484823664,30.0988578600504,30.1122024768711,30
796.3,32.8549214888558,30.9885484823664,30.0988578600504,30.1122024768711,30
796.35,32.8549214888558,30.9885484823664,30.0988578600504,30.1122024768711,30
796.4,32.8549214888558,30.9885484823664,30.0988578600504,30.1122024768711,30
796.45,32.8549214888558,30.9885484823664,30.0988578600504,30.1122024768711,30
796.5,32.7959428748783,30.9308832938978,30.0417524038476,30.1134505219781,30
796.55,32.7959428748783,30.9308832938978,30.0417524038476,30.1134505219781,30
796.6,32.7959428748783,30.9308832938978,30.0417524038476,30.1134505219781,30
796.65,32.7959428748783,30.9308832938978,30.0417524038476,30.1134505219781,30
796.7,32.7959428748783,30.9308832938978,30.0417524038476,30.1134505219781,30
796.75,32.7959428748783,30.9308832938978,30.0417524038476,30.1134505219781,30
796.8,32.7959428748783,30.9308832938978,30.0417524038476,30.1134505219781,30
796.85,32.7959428748783,30.9308832938978,30.0417524038476,30.1134505219781,30
796.9,32.7959428748783,30.9308832938978,30.0417524038476,30.1134505219781,30
796.95,32.7959428748783,30.9308832938978,30.0417524038476,30.1134505219781,30
797.0,32.8254266155161,30.9597111792208,30.0703008101557,30.1130775748579,30
797.05,32.8254266155161,30.9597111792208,30.0703008101557,30.1130775748579,30
797.1,32.8254266155161,30.9597111792208,30.0703008101557,30.1130775748579,30
797.15,32.8254266155161,30.9597111792208,30.0703008101557,30.1130775748579,30
797.2,32.8254266155161,30.9597111792208,30.0703008101557,30.1130775748579,30
797.25,32.8254266155161,30.9597111792208,30.0703008101557,30.1130775748579,30
797.3,32.8254266155161,30.9597111792208,30.0703008101557,30.1130775748579,30
797.35,32.8254266155161,30.9597111792208,30.0703008101557,30.1130775748579,30
797.4,32.8254266155161,30.9597111792208,30.0703008101557,30.1130775748579,30
797.45,32.8254266155161,30.9597111792208,30.0703008101557,30.1130775748579,30
797.5,32.7959428748783,30.9308832938978,30.0417524038476,30.1134977521179,30
797.55,32.7959428748783,30.9308832938978,30.0417524038476,30.1134977521179,30
797.6,32.7959428748783,30.9308832938978,30.0417524038476,30.1134977521179,30
797.65,32.7959428748783,30.9308832938978,30.0417524038476,30.1134977521179,30
797.7,32.7959428748783,30.9308832938978,30.0417524038476,30.1134977521179,30
797.75,32.7959428748783,30.9308832938978,30.0417524038476,30.1134977521179,30
797.8,32.7959428748783,30.9308832938978,30.0417524038476,30.1134977521179,30
797.85,32.7959428748783,30.9308832938978,30.0417524038476,30.1134977521179,30
797.9,32.7959428748783,30.9308832938978,30.0417524038476,30.1134977521179,30
797.95,32.7959428748783,30.9308832938978,30.0417524038476,30.1134977521179,30
798.0,32.7959428748783,30.9308832938978,30.0417524038476,30.1131114959726,30
798.05,32.7959428748783,30.9308832938978,30.0417524038476,30.1131114959726,30
798.1,32.7959428748783,30.9308832938978,30.0417524038476,30.1131114959726,30
798.15,32.7959428748783,30.9308832938978,30.0417524038476,30.1131114959726,30
798.2,32.7959428748783,30.9308832938978,30.0417524038476,30.1131114959726,30
798.25,32.7959428748783,30.9308832938978,30.0417524038476,30.1131114959726,30
798.3,32.7959428748783,30.9308832938978,30.0417524038476,30.1131114959726,30
798.35,32.7959428748783,30.9308832938978,30.0417524038476,30.1131114959726,30
798.4,32.7959428748783,30.9308832938978,30.0417524038476,30.1131114959726,30
798.45,32.7959428748783,30.9308832938978,30.0417524038476,30.1131114959726,30
798.5,32.7664702387926,30.9308832938978,30.013212616692,30.1127322873311,30
798.55,32.7664702387926,30.9308832938978,30.013212616692,30.1127322873311,30
798.6,32.7664702387926,30.9308832938978,30.013212616692,30.1127322873311,30
798.65,32.7664702387926,30.9308832938978,30.013212616692,30.1127322873311,30
798.7,32.7664702387926,30.9308832938978,30.013212616692,30.1127322873311,30
798.75,32.7664702387926,30.9308832938978,30.013212616692,30.1127322873311,30
798.8,32.7664702387926,30.9308832938978,30.013212616692,30.1127322873311,30
798.85,32.7664702387926,30.9308832938978,30.013212616692,30.1127322873311,30
798.9,32.7664702387926,30.9308832938978,30.013212616692,30.1127322873311,30
798.95,32.7664702387926,30.9308832938978,30.013212616692,30.1127322873311,30
799.0,32.7959428748783,30.9308832938978,30.0417524038476,30.1123594030593,30
799.05,32.7959428748783,30.9308832938978,30.0417524038476,30.1123594030593,30
799.1,32.7959428748783,30.9308832938978,30.0417524038476,30.1123594030593,30
799.15,32.7959428748783,30.9308832938978,30.0417524038476,30.1123594030593,30
799.2,32.7959428748783,30.9308832938978,30.0417524038476,30.1123594030593,30
799.25,32.7959428748783,30.9308832938978,30.0417524038476,30.1123594030593,30
799.3,32.7959428748783,30.9308832938978,30.0417524038476,30.1123594030593,30
799.35,32.7959428748783,30.9308832938978,30.0417524038476,30.1123594030593,30
799.4,32.7959428748783,30.9308832938978,30.0417524038476,30.1123594030593,30
799.45,32.7959428748783,30.9308832938978,30.0417524038476,30.1123594030593,30
799.5,32.7370086791557,30.873255674741,29.984681424287,30.1119927333032,30
799.55,32.7370086791557,30.873255674741,29.984681424287,30.1119927333032,30
799.6,32.7370086791557,30.873255674741,29.984681424287,30.1119927333032,30
799.65,32.7370086791557,30.873255674741,29.984681424287,30.1119927333032,30
799.7,32.7370086791557,30.873255674741,29.984681424287,30.1119927333032,30
799.75,32.7370086791557,30.873255674741,29.984681424287,30.1119927333032,30
799.8,32.7370086791557,30.873255674741,29.984681424287,30.1119927333032,30
799.85,32.7370086791557,30.873255674741,29.984681424287,30.1119927333032,30
799.9,32.7370086791557,30.873255674741,29.984681424287,30.1119927333032,30
799.95,32.7370086791557,30.873255674741,29.984681424287,30.1119927333032,30
800.0,32.7370086791557,30.9020648008935,29.984681424287,30.1100600744902,30
800.05,32.7370086791557,30.9020648008935,29.984681424287,30.1100600744902,30
800.1,32.7370086791557,30.9020648008935,29.984681424287,30.1100600744902,30
800.15,32.7370086791557,30.9020648008935,29.984681424287,30.1100600744902,30
800.2,32.7370086791557,30.9020648008935,29.984681424287,30.1100600744902,30
800.25,32.7370086791557,30.9020648008935,29.984681424287,30.1100600744902,30
800.3,32.7370086791557,30.9020648008935,29.984681424287,30.1100600744902,30
800.35,32.7370086791557,30.9020648008935,29.984681424287,30.1100600744902,30
800.4,32.7370086791557,30.9020648008935,29.984681424287,30.1100600744902,30
800.45,32.7370086791557,30.9020648008935,29.984681424287,30.1100600744902,30
800.5,32.7959428748783,30.9308832938978,30.0417524038476,30.1089715611828,30
800.55,32.7959428748783,30.9308832938978,30.0417524038476,30.1089715611828,30
800.6,32.7959428748783,30.9308832938978,30.0417524038476,30.1089715611828,30
800.65,32.7959428748783,30.9308832938978,30.0417524038476,30.1089715611828,30
800.7,32.7959428748783,30.9308832938978,30.0417524038476,30.1089715611828,30
800.75,32.7959428748783,30.9308832938978,30.0417524038476,30.1089715611828,30
800.8,32.7959428748783,30.9308832938978,30.0417524038476,30.1089715611828,30
800.85,32.7959428748783,30.9308832938978,30.0417524038476,30.1089715611828,30
800.9,32.7959428748783,30.9308832938978,30.0417524038476,30.1089715611828,30
800.95,32.7959428748783,30.9308832938978,30.0417524038476,30.1089715611828,30
801.0,32.7959428748783,30.9308832938978,30.0417524038476,30.1086995888562,30
801.05,32.7959428748783,30.9308832938978,30.0417524038476,30.1086995888562,30
801.1,32.7959428748783,30.9308832938978,30.0417524038476,30.1086995888562,30
801.15,32.7959428748783,30.9308832938978,30.0417524038476,30.1086995888562,30
801.2,32.7959428748783,30.9308832938978,30.0417524038476,30.1086995888562,30
801.25,32.7959428748783,30.9308832938978,30.0417524038476,30.1086995888562,30
801.3,32.7959428748783,30.9308832938978,30.0417524038476,30.1086995888562,30
801.35,32.7959428748783,30.9308832938978,30.0417524038476,30.1086995888562,30
801.4,32.7959428748783,30.9308832938978,30.0417524038476,30.1086995888562,30
801.45,32.7959428748783,30.9308832938978,30.0417524038476,30.1086995888562,30
801.5,32.7664702387926,30.9020648008935,30.013212616692,30.1084313336658,30
801.55,32.7664702387926,30.9020648008935,30.013212616692,30.1084313336658,30
801.6,32.7664702387926,30.9020648008935,30.013212616692,30.1084313336658,30
801.65,32.7664702387926,30.9020648008935,30.013212616692,30.1084313336658,30
801.7,32.7664702387926,30.9020648008935,30.013212616692,30.1084313336658,30
801.75,32.7664702387926,30.9020648008935,30.013212616692,30.1084313336658,30
801.8,32.7664702387926,30.9020648008935,30.013212616692,30.1084313336658,30
801.85,32.7664702387926,30.9020648008935,30.013212616692,30.1084313336658,30
801.9,32.7664702387926,30.9020648008935,30.013212616692,30.1084313336658,30
801.95,32.7664702387926,30.9020648008935,30.013212616692,30.1084313336658,30
802.0,32.7664702387926,30.9020648008935,30.013212616692,30.1073802984257,30
802.05,32.7664702387926,30.9020648008935,30.013212616692,30.1073802984257,30
802.1,32.7664702387926,30.9020648008935,30.013212616692,30.1073802984257,30
802.15,32.7664702387926,30.9020648008935,30.013212616692,30.1073802984257,30
802.2,32.7664702387926,30.9020648008935,30.013212616692,30.1073802984257,30
802.25,32.7664702387926,30.9020648008935,30.013212616692,30.1073802984257,30
802.3,32.7664702387926,30.9020648008935,30.013212616692,30.1073802984257,30
802.35,32.7664702387926,30.9020648008935,30.013212616692,30.1073802984257,30
802.4,32.7664702387926,30.9020648008935,30.013212616692,30.1073802984257,30
802.45,32.7664702387926,30.9020648008935,30.013212616692,30.1073802984257,30
802.5,32.7959428748783,30.9308832938978,30.0417524038476,30.1063588966487,30
802.55,32.7959428748783,30.9308832938978,30.0417524038476,30.1063588966487,30
802.6,32.7959428748783,30.9308832938978,30.0417524038476,30.1063588966487,30
802.65,32.7959428748783,30.9308832938978,30.0417524038476,30.1063588966487,30
802.7,32.7959428748783,30.9308832938978,30.0417524038476,30.1063588966487,30
802.75,32.7959428748783,30.9308832938978,30.0417524038476,30.1063588966487,30
802.8,32.7959428748783,30.9308832938978,30.0417524038476,30.1063588966487,30
802.85,32.7959428748783,30.9308832938978,30.0417524038476,30.1063588966487,30
802.9,32.7959428748783,30.9308832938978,30.0417524038476,30.1063588966487,30
802.95,32.7959428748783,30.9308832938978,30.0417524038476,30.1063588966487,30
803.0,32.7959428748783,30.9597111792208,30.0703008101557,30.1061526558156,30
803.05,32.7959428748783,30.9597111792208,30.0703008101557,30.1061526558156,30
803.1,32.7959428748783,30.9597111792208,30.0703008101557,30.1061526558156,30
803.15,32.7959428748783,30.9597111792208,30.0703008101557,30.1061526558156,30
803.2,32.7959428748783,30.9597111792208,30.0703008101557,30.1061526558156,30
803.25,32.7959428748783,30.9597111792208,30.0703008101557,30.1061526558156,30
803.3,32.7959428748783,30.9597111792208,30.0703008101557,30.1061526558156,30
803.35,32.7959428748783,30.9597111792208,30.0703008101557,30.1061526558156,30
803.4,32.7959428748783,30.9597111792208,30.0703008101557,30.1061526558156,30
803.45,32.7959428748783,30.9597111792208,30.0703008101557,30.1061526558156,30
803.5,32.7959428748783,30.9308832938978,30.0417524038476,30.1067343600055,30
803.55,32.7959428748783,30.9308832938978,30.0417524038476,30.1067343600055,30
803.6,32.7959428748783,30.9308832938978,30.0417524038476,30.1067343600055,30
803.65,32.7959428748783,30.9308832938978,30.0417524038476,30.1067343600055,30
803.7,32.7959428748783,30.9308832938978,30.0417524038476,30.1067343600055,30
803.75,32.7959428748783,30.9308832938978,30.0417524038476,30.1067343600055,30
803.8,32.7959428748783,30.9308832938978,30.0417524038476,30.1067343600055,30
803.85,32.7959428748783,30.9308832938978,30.0417524038476,30.1067343600055,30
803.9,32.7959428748783,30.9308832938978,30.0417524038476,30.1067343600055,30
803.95,32.7959428748783,30.9308832938978,30.0417524038476,30.1067343600055,30
804.0,32.7959428748783,30.9597111792208,30.0417524038476,30.1065046309691,30
804.05,32.7959428748783,30.9597111792208,30.0417524038476,30.1065046309691,30
804.1,32.7959428748783,30.9597111792208,30.0417524038476,30.1065046309691,30
804.15,32.7959428748783,30.9597111792208,30.0417524038476,30.1065046309691,30
804.2,32.7959428748783,30.9597111792208,30.0417524038476,30.1065046309691,30
804.25,32.7959428748783,30.9597111792208,30.0417524038476,30.1065046309691,30
804.3,32.7959428748783,30.9597111792208,30.0417524038476,30.1065046309691,30
804.35,32.7959428748783,30.9597111792208,30.0417524038476,30.1065046309691,30
804.4,32.7959428748783,30.9597111792208,30.0417524038476,30.1065046309691,30
804.45,32.7959428748783,30.9597111792208,30.0417524038476,30.1065046309691,30
804.5,32.7959428748783,30.9308832938978,30.0417524038476,30.1070638135887,30
804.55,32.7959428748783,30.9308832938978,30.0417524038476,30.1070638135887,30
804.6,32.7959428748783,30.9308832938978,30.0417524038476,30.1070638135887,30
804.65,32.7959428748783,30.9308832938978,30.0417524038476,30.1070638135887,30
804.7,32.7959428748783,30.9308832938978,30.0417524038476,30.1070638135887,30
804.75,32.7959428748783,30.9308832938978,30.0417524038476,30.1070638135887,30
804.8,32.7959428748783,30.9308832938978,30.0417524038476,30.1070638135887,30
804.85,32.7959428748783,30.9308832938978,30.0417524038476,30.1070638135887,30
804.9,32.7959428748783,30.9308832938978,30.0417524038476,30.1070638135887,30
804.95,32.7959428748783,30.9308832938978,30.0417524038476,30.1070638135887,30
805.0,32.8254266155161,30.9597111792208,30.0703008101557,30.1068124939846,30
805.05,32.8254266155161,30.9597111792208,30.0703008101557,30.1068124939846,30
805.1,32.8254266155161,30.9597111792208,30.0703008101557,30.1068124939846,30
805.15,32.8254266155161,30.9597111792208,30.0703008101557,30.1068124939846,30
805.2,32.8254266155161,30.9597111792208,30.0703008101557,30.1068124939846,30
805.25,32.8254266155161,30.9597111792208,30.0703008101557,30.1068124939846,30
805.3,32.8254266155161,30.9597111792208,30.0703008101557,30.1068124939846,30
805.35,32.8254266155161,30.9597111792208,30.0703008101557,30.1068124939846,30
805.4,32.8254266155161,30.9597111792208,30.0703008101557,30.1068124939846,30
805.45,32.8254266155161,30.9597111792208,30.0703008101557,30.1068124939846,30
805.5,32.7959428748783,30.9597111792208,30.0417524038476,30.1073515553919,30
805.55,32.7959428748783,30.9597111792208,30.0417524038476,30.1073515553919,30
805.6,32.7959428748783,30.9597111792208,30.0417524038476,30.1073515553919,30
805.65,32.7959428748783,30.9597111792208,30.0417524038476,30.1073515553919,30
805.7,32.7959428748783,30.9597111792208,30.0417524038476,30.1073515553919,30
805.75,32.7959428748783,30.9597111792208,30.0417524038476,30.1073515553919,30
805.8,32.7959428748783,30.9597111792208,30.0417524038476,30.1073515553919,30
805.85,32.7959428748783,30.9597111792208,30.0417524038476,30.1073515553919,30
805.9,32.7959428748783,30.9597111792208,30.0417524038476,30.1073515553919,30
805.95,32.7959428748783,30.9597111792208,30.0417524038476,30.1073515553919,30
806.0,32.7664702387926,30.9308832938978,30.0417524038476,30.1078676502915,30
806.05,32.7664702387926,30.9308832938978,30.0417524038476,30.1078676502915,30
806.1,32.7664702387926,30.9308832938978,30.0417524038476,30.1078676502915,30
806.15,32.7664702387926,30.9308832938978,30.0417524038476,30.1078676502915,30
806.2,32.7664702387926,30.9308832938978,30.0417524038476,30.1078676502915,30
806.25,32.7664702387926,30.9308832938978,30.0417524038476,30.1078676502915,30
806.3,32.7664702387926,30.9308832938978,30.0417524038476,30.1078676502915,30
806.35,32.7664702387926,30.9308832938978,30.0417524038476,30.1078676502915,30
806.4,32.7664702387926,30.9308832938978,30.0417524038476,30.1078676502915,30
806.45,32.7664702387926,30.9308832938978,30.0417524038476,30.1078676502915,30
806.5,32.7370086791557,30.9020648008935,30.013212616692,30.1075743640798,30
806.55,32.7370086791557,30.9020648008935,30.013212616692,30.1075743640798,30
806.6,32.7370086791557,30.9020648008935,30.013212616692,30.1075743640798,30
806.65,32.7370086791557,30.9020648008935,30.013212616692,30.1075743640798,30
806.7,32.7370086791557,30.9020648008935,30.013212616692,30.1075743640798,30
806.75,32.7370086791557,30.9020648008935,30.013212616692,30.1075743640798,30
806.8,32.7370086791557,30.9020648008935,30.013212616692,30.1075743640798,30
806.85,32.7370086791557,30.9020648008935,30.013212616692,30.1075743640798,30
806.9,32.7370086791557,30.9020648008935,30.013212616692,30.1075743640798,30
806.95,32.7370086791557,30.9020648008935,30.013212616692,30.1075743640798,30
807.0,32.7959428748783,30.9597111792208,30.0703008101557,30.1064988211449,30
807.05,32.7959428748783,30.9597111792208,30.0703008101557,30.1064988211449,30
807.1,32.7959428748783,30.9597111792208,30.0703008101557,30.1064988211449,30
807.15,32.7959428748783,30.9597111792208,30.0703008101557,30.1064988211449,30
807.2,32.7959428748783,30.9597111792208,30.0703008101557,30.1064988211449,30
807.25,32.7959428748783,30.9597111792208,30.0703008101557,30.1064988211449,30
807.3,32.7959428748783,30.9597111792208,30.0703008101557,30.1064988211449,30
807.35,32.7959428748783,30.9597111792208,30.0703008101557,30.1064988211449,30
807.4,32.7959428748783,30.9597111792208,30.0703008101557,30.1064988211449,30
807.45,32.7959428748783,30.9597111792208,30.0703008101557,30.1064988211449,30
807.5,32.7370086791557,30.9020648008935,30.013212616692,30.1070265828141,30
807.55,32.7370086791557,30.9020648008935,30.013212616692,30.1070265828141,30
807.6,32.7370086791557,30.9020648008935,30.013212616692,30.1070265828141,30
807.65,32.7370086791557,30.9020648008935,30.013212616692,30.1070265828141,30
807.7,32.7370086791557,30.9020648008935,30.013212616692,30.1070265828141,30
807.75,32.7370086791557,30.9020648008935,30.013212616692,30.1070265828141,30
807.8,32.7370086791557,30.9020648008935,30.013212616692,30.1070265828141,30
807.85,32.7370086791557,30.9020648008935,30.013212616692,30.1070265828141,30
807.9,32.7370086791557,30.9020648008935,30.013212616692,30.1070265828141,30
807.95,32.7370086791557,30.9020648008935,30.013212616692,30.1070265828141,30
808.0,32.7664702387926,30.9308832938978,30.0417524038476,30.1059583684184,30
808.05,32.7664702387926,30.9308832938978,30.0417524038476,30.1059583684184,30
808.1,32.7664702387926,30.9308832938978,30.0417524038476,30.1059583684184,30
808.15,32.7664702387926,30.9308832938978,30.0417524038476,30.1059583684184,30
808.2,32.7664702387926,30.9308832938978,30.0417524038476,30.1059583684184,30
808.25,32.7664702387926,30.9308832938978,30.0417524038476,30.1059583684184,30
808.3,32.7664702387926,30.9308832938978,30.0417524038476,30.1059583684184,30
808.35,32.7664702387926,30.9308832938978,30.0417524038476,30.1059583684184,30
808.4,32.7664702387926,30.9308832938978,30.0417524038476,30.1059583684184,30
808.45,32.7664702387926,30.9308832938978,30.0417524038476,30.1059583684184,30
808.5,32.7959428748783,30.9308832938978,30.0417524038476,30.1057066665349,30
808.55,32.7959428748783,30.9308832938978,30.0417524038476,30.1057066665349,30
808.6,32.7959428748783,30.9308832938978,30.0417524038476,30.1057066665349,30
808.65,32.7959428748783,30.9308832938978,30.0417524038476,30.1057066665349,30
808.7,32.7959428748783,30.9308832938978,30.0417524038476,30.1057066665349,30
808.75,32.7959428748783,30.9308832938978,30.0417524038476,30.1057066665349,30
808.8,32.7959428748783,30.9308832938978,30.0417524038476,30.1057066665349,30
808.85,32.7959428748783,30.9308832938978,30.0417524038476,30.1057066665349,30
808.9,32.7959428748783,30.9308832938978,30.0417524038476,30.1057066665349,30
808.95,32.7959428748783,30.9308832938978,30.0417524038476,30.1057066665349,30
809.0,32.7959428748783,30.9597111792208,30.0417524038476,30.1054586535324,30
809.05,32.7959428748783,30.9597111792208,30.0417524038476,30.1054586535324,30
809.1,32.7959428748783,30.9597111792208,30.0417524038476,30.1054586535324,30
809.15,32.7959428748783,30.9597111792208,30.0417524038476,30.1054586535324,30
809.2,32.7959428748783,30.9597111792208,30.0417524038476,30.1054586535324,30
809.25,32.7959428748783,30.9597111792208,30.0417524038476,30.1054586535324,30
809.3,32.7959428748783,30.9597111792208,30.0417524038476,30.1054586535324,30
809.35,32.7959428748783,30.9597111792208,30.0417524038476,30.1054586535324,30
809.4,32.7959428748783,30.9597111792208,30.0417524038476,30.1054586535324,30
809.45,32.7959428748783,30.9597111792208,30.0417524038476,30.1054586535324,30
809.5,32.8254266155161,30.9597111792208,30.0703008101557,30.1060009756916,30
809.55,32.8254266155161,30.9597111792208,30.0703008101557,30.1060009756916,30
809.6,32.8254266155161,30.9597111792208,30.0703008101557,30.1060009756916,30
809.65,32.8254266155161,30.9597111792208,30.0703008101557,30.1060009756916,30
809.7,32.8254266155161,30.9597111792208,30.0703008101557,30.1060009756916,30
809.75,32.8254266155161,30.9597111792208,30.0703008101557,30.1060009756916,30
809.8,32.8254266155161,30.9597111792208,30.0703008101557,30.1060009756916,30
809.85,32.8254266155161,30.9597111792208,30.0703008101557,30.1060009756916,30
809.9,32.8254266155161,30.9597111792208,30.0703008101557,30.1060009756916,30
809.95,32.8254266155161,30.9597111792208,30.0703008101557,30.1060009756916,30
810.0,32.7370086791557,30.9020648008935,30.013212616692,30.1065208677581,30
810.05,32.7370086791557,30.9020648008935,30.013212616692,30.1065208677581,30
810.1,32.7370086791557,30.9020648008935,30.013212616692,30.1065208677581,30
810.15,32.7370086791557,30.9020648008935,30.013212616692,30.1065208677581,30
810.2,32.7370086791557,30.9020648008935,30.013212616692,30.1065208677581,30
810.25,32.7370086791557,30.9020648008935,30.013212616692,30.1065208677581,30
810.3,32.7370086791557,30.9020648008935,30.013212616692,30.1065208677581,30
810.35,32.7370086791557,30.9020648008935,30.013212616692,30.1065208677581,30
810.4,32.7370086791557,30.9020648008935,30.013212616692,30.1065208677581,30
810.45,32.7370086791557,30.9020648008935,30.013212616692,30.1065208677581,30
810.5,32.7664702387926,30.9020648008935,30.013212616692,30.105445988933,30
810.55,32.7664702387926,30.9020648008935,30.013212616692,30.105445988933,30
810.6,32.7664702387926,30.9020648008935,30.013212616692,30.105445988933,30
810.65,32.7664702387926,30.9020648008935,30.013212616692,30.105445988933,30
810.7,32.7664702387926,30.9020648008935,30.013212616692,30.105445988933,30
810.75,32.7664702387926,30.9020648008935,30.013212616692,30.105445988933,30
810.8,32.7664702387926,30.9020648008935,30.013212616692,30.105445988933,30
810.85,32.7664702387926,30.9020648008935,30.013212616692,30.105445988933,30
810.9,32.7664702387926,30.9020648008935,30.013212616692,30.105445988933,30
810.95,32.7664702387926,30.9020648008935,30.013212616692,30.105445988933,30
811.0,32.7664702387926,30.9308832938978,30.013212616692,30.104402329313,30
811.05,32.7664702387926,30.9308832938978,30.013212616692,30.104402329313,30
811.1,32.7664702387926,30.9308832938978,30.013212616692,30.104402329313,30
811.15,32.7664702387926,30.9308832938978,30.013212616692,30.104402329313,30
811.2,32.7664702387926,30.9308832938978,30.013212616692,30.104402329313,30
811.25,32.7664702387926,30.9308832938978,30.013212616692,30.104402329313,30
811.3,32.7664702387926,30.9308832938978,30.013212616692,30.104402329313,30
811.35,32.7664702387926,30.9308832938978,30.013212616692,30.104402329313,30
811.4,32.7664702387926,30.9308832938978,30.013212616692,30.104402329313,30
811.45,32.7664702387926,30.9308832938978,30.013212616692,30.104402329313,30
811.5,32.7370086791557,30.9020648008935,30.013212616692,30.1041753407975,30
811.55,32.7370086791557,30.9020648008935,30.013212616692,30.1041753407975,30
811.6,32.7370086791557,30.9020648008935,30.013212616692,30.1041753407975,30
811.65,32.7370086791557,30.9020648008935,30.013212616692,30.1041753407975,30
811.7,32.7370086791557,30.9020648008935,30.013212616692,30.1041753407975,30
811.75,32.7370086791557,30.9020648008935,30.013212616692,30.1041753407975,30
811.8,32.7370086791557,30.9020648008935,30.013212616692,30.1041753407975,30
811.85,32.7370086791557,30.9020648008935,30.013212616692,30.1041753407975,30
811.9,32.7370086791557,30.9020648008935,30.013212616692,30.1041753407975,30
811.95,32.7370086791557,30.9020648008935,30.013212616692,30.1041753407975,30
812.0,32.7370086791557,30.873255674741,29.984681424287,30.1031645919789,30
812.05,32.7370086791557,30.873255674741,29.984681424287,30.1031645919789,30
812.1,32.7370086791557,30.873255674741,29.984681424287,30.1031645919789,30
812.15,32.7370086791557,30.873255674741,29.984681424287,30.1031645919789,30
812.2,32.7370086791557,30.873255674741,29.984681424287,30.1031645919789,30
812.25,32.7370086791557,30.873255674741,29.984681424287,30.1031645919789,30
812.3,32.7370086791557,30.873255674741,29.984681424287,30.1031645919789,30
812.35,32.7370086791557,30.873255674741,29.984681424287,30.1031645919789,30
812.4,32.7370086791557,30.873255674741,29.984681424287,30.1031645919789,30
812.45,32.7370086791557,30.873255674741,29.984681424287,30.1031645919789,30
812.5,32.8254266155161,30.9597111792208,30.0703008101557,30.1013968984298,30
812.55,32.8254266155161,30.9597111792208,30.0703008101557,30.1013968984298,30
812.6,32.8254266155161,30.9597111792208,30.0703008101557,30.1013968984298,30
812.65,32.8254266155161,30.9597111792208,30.0703008101557,30.1013968984298,30
812.7,32.8254266155161,30.9597111792208,30.0703008101557,30.1013968984298,30
812.75,32.8254266155161,30.9597111792208,30.0703008101557,30.1013968984298,30
812.8,32.8254266155161,30.9597111792208,30.0703008101557,30.1013968984298,30
812.85,32.8254266155161,30.9597111792208,30.0703008101557,30.1013968984298,30
812.9,32.8254266155161,30.9597111792208,30.0703008101557,30.1013968984298,30
812.95,32.8254266155161,30.9597111792208,30.0703008101557,30.1013968984298,30
813.0,32.7370086791557,30.9020648008935,30.013212616692,30.1020434487822,30
813.05,32.7370086791557,30.9020648008935,30.013212616692,30.1020434487822,30
813.1,32.7370086791557,30.9020648008935,30.013212616692,30.1020434487822,30
813.15,32.7370086791557,30.9020648008935,30.013212616692,30.1020434487822,30
813.2,32.7370086791557,30.9020648008935,30.013212616692,30.1020434487822,30
813.25,32.7370086791557,30.9020648008935,30.013212616692,30.1020434487822,30
813.3,32.7370086791557,30.9020648008935,30.013212616692,30.1020434487822,30
813.35,32.7370086791557,30.9020648008935,30.013212616692,30.1020434487822,30
813.4,32.7370086791557,30.9020648008935,30.013212616692,30.1020434487822,30
813.45,32.7370086791557,30.9020648008935,30.013212616692,30.1020434487822,30
813.5,32.7959428748783,30.9597111792208,30.0703008101557,30.1010913306017,30
813.55,32.7959428748783,30.9597111792208,30.0703008101557,30.1010913306017,30
813.6,32.7959428748783,30.9597111792208,30.0703008101557,30.1010913306017,30
813.65,32.7959428748783,30.9597111792208,30.0703008101557,30.1010913306017,30
813.7,32.7959428748783,30.9597111792208,30.0703008101557,30.1010913306017,30
813.75,32.7959428748783,30.9597111792208,30.0703008101557,30.1010913306017,30
813.8,32.7959428748783,30.9597111792208,30.0703008101557,30.1010913306017,30
813.85,32.7959428748783,30.9597111792208,30.0703008101557,30.1010913306017,30
813.9,32.7959428748783,30.9597111792208,30.0703008101557,30.1010913306017,30
813.95,32.7959428748783,30.9597111792208,30.0703008101557,30.1010913306017,30
814.0,32.7664702387926,30.9308832938978,30.0417524038476,30.1017392509867,30
814.05,32.7664702387926,30.9308832938978,30.0417524038476,30.1017392509867,30
814.1,32.7664702387926,30.9308832938978,30.0417524038476,30.1017392509867,30
814.15,32.7664702387926,30.9308832938978,30.0417524038476,30.1017392509867,30
814.2,32.7664702387926,30.9308832938978,30.0417524038476,30.1017392509867,30
814.25,32.7664702387926,30.9308832938978,30.0417524038476,30.1017392509867,30
814.3,32.7664702387926,30.9308832938978,30.0417524038476,30.1017392509867,30
814.35,32.7664702387926,30.9308832938978,30.0417524038476,30.1017392509867,30
814.4,32.7664702387926,30.9308832938978,30.0417524038476,30.1017392509867,30
814.45,32.7664702387926,30.9308832938978,30.0417524038476,30.1017392509867,30
814.5,32.7664702387926,30.9308832938978,30.013212616692,30.1015744803181,30
814.55,32.7664702387926,30.9308832938978,30.013212616692,30.1015744803181,30
814.6,32.7664702387926,30.9308832938978,30.013212616692,30.1015744803181,30
814.65,32.7664702387926,30.9308832938978,30.013212616692,30.1015744803181,30
814.7,32.7664702387926,30.9308832938978,30.013212616692,30.1015744803181,30
814.75,32.7664702387926,30.9308832938978,30.013212616692,30.1015744803181,30
814.8,32.7664702387926,30.9308832938978,30.013212616692,30.1015744803181,30
814.85,32.7664702387926,30.9308832938978,30.013212616692,30.1015744803181,30
814.9,32.7664702387926,30.9308832938978,30.013212616692,30.1015744803181,30
814.95,32.7664702387926,30.9308832938978,30.013212616692,30.1015744803181,30
815.0,32.7370086791557,30.9020648008935,30.013212616692,30.1014106920509,30
815.05,32.7370086791557,30.9020648008935,30.013212616692,30.1014106920509,30
815.1,32.7370086791557,30.9020648008935,30.013212616692,30.1014106920509,30
815.15,32.7370086791557,30.9020648008935,30.013212616692,30.1014106920509,30
815.2,32.7370086791557,30.9020648008935,30.013212616692,30.1014106920509,30
815.25,32.7370086791557,30.9020648008935,30.013212616692,30.1014106920509,30
815.3,32.7370086791557,30.9020648008935,30.013212616692,30.1014106920509,30
815.35,32.7370086791557,30.9020648008935,30.013212616692,30.1014106920509,30
815.4,32.7370086791557,30.9020648008935,30.013212616692,30.1014106920509,30
815.45,32.7370086791557,30.9020648008935,30.013212616692,30.1014106920509,30
815.5,32.7370086791557,30.9020648008935,29.984681424287,30.1004614689879,30
815.55,32.7370086791557,30.9020648008935,29.984681424287,30.1004614689879,30
815.6,32.7370086791557,30.9020648008935,29.984681424287,30.1004614689879,30
815.65,32.7370086791557,30.9020648008935,29.984681424287,30.1004614689879,30
815.7,32.7370086791557,30.9020648008935,29.984681424287,30.1004614689879,30
815.75,32.7370086791557,30.9020648008935,29.984681424287,30.1004614689879,30
815.8,32.7370086791557,30.9020648008935,29.984681424287,30.1004614689879,30
815.85,32.7370086791557,30.9020648008935,29.984681424287,30.1004614689879,30
815.9,32.7370086791557,30.9020648008935,29.984681424287,30.1004614689879,30
815.95,32.7370086791557,30.9020648008935,29.984681424287,30.1004614689879,30
816.0,32.7370086791557,30.9020648008935,30.013212616692,30.0995393020866,30
816.05,32.7370086791557,30.9020648008935,30.013212616692,30.0995393020866,30
816.1,32.7370086791557,30.9020648008935,30.013212616692,30.0995393020866,30
816.15,32.7370086791557,30.9020648008935,30.013212616692,30.0995393020866,30
816.2,32.7370086791557,30.9020648008935,30.013212616692,30.0995393020866,30
816.25,32.7370086791557,30.9020648008935,30.013212616692,30.0995393020866,30
816.3,32.7370086791557,30.9020648008935,30.013212616692,30.0995393020866,30
816.35,32.7370086791557,30.9020648008935,30.013212616692,30.0995393020866,30
816.4,32.7370086791557,30.9020648008935,30.013212616692,30.0995393020866,30
816.45,32.7370086791557,30.9020648008935,30.013212616692,30.0995393020866,30
816.5,32.7664702387926,30.9308832938978,30.0417524038476,30.0986433407943,30
816.55,32.7664702387926,30.9308832938978,30.0417524038476,30.0986433407943,30
816.6,32.7664702387926,30.9308832938978,30.0417524038476,30.0986433407943,30
816.65,32.7664702387926,30.9308832938978,30.0417524038476,30.0986433407943,30
816.7,32.7664702387926,30.9308832938978,30.0417524038476,30.0986433407943,30
816.75,32.7664702387926,30.9308832938978,30.0417524038476,30.0986433407943,30
816.8,32.7664702387926,30.9308832938978,30.0417524038476,30.0986433407943,30
816.85,32.7664702387926,30.9308832938978,30.0417524038476,30.0986433407943,30
816.9,32.7664702387926,30.9308832938978,30.0417524038476,30.0986433407943,30
816.95,32.7664702387926,30.9308832938978,30.0417524038476,30.0986433407943,30
817.0,32.7370086791557,30.9020648008935,29.984681424287,30.0985592153404,30
817.05,32.7370086791557,30.9020648008935,29.984681424287,30.0985592153404,30
817.1,32.7370086791557,30.9020648008935,29.984681424287,30.0985592153404,30
817.15,32.7370086791557,30.9020648008935,29.984681424287,30.0985592153404,30
817.2,32.7370086791557,30.9020648008935,29.984681424287,30.0985592153404,30
817.25,32.7370086791557,30.9020648008935,29.984681424287,30.0985592153404,30
817.3,32.7370086791557,30.9020648008935,29.984681424287,30.0985592153404,30
817.35,32.7370086791557,30.9020648008935,29.984681424287,30.0985592153404,30
817.4,32.7370086791557,30.9020648008935,29.984681424287,30.0985592153404,30
817.45,32.7370086791557,30.9020648008935,29.984681424287,30.0985592153404,30
817.5,32.7370086791557,30.9020648008935,30.013212616692,30.0976872202162,30
817.55,32.7370086791557,30.9020648008935,30.013212616692,30.0976872202162,30
817.6,32.7370086791557,30.9020648008935,30.013212616692,30.0976872202162,30
817.65,32.7370086791557,30.9020648008935,30.013212616692,30.0976872202162,30
817.7,32.7370086791557,30.9020648008935,30.013212616692,30.0976872202162,30
817.75,32.7370086791557,30.9020648008935,30.013212616692,30.0976872202162,30
817.8,32.7370086791557,30.9020648008935,30.013212616692,30.0976872202162,30
817.85,32.7370086791557,30.9020648008935,30.013212616692,30.0976872202162,30
817.9,32.7370086791557,30.9020648008935,30.013212616692,30.0976872202162,30
817.95,32.7370086791557,30.9020648008935,30.013212616692,30.0976872202162,30
818.0,32.7370086791557,30.9020648008935,30.013212616692,30.0968399259714,30
818.05,32.7370086791557,30.9020648008935,30.013212616692,30.0968399259714,30
818.1,32.7370086791557,30.9020648008935,30.013212616692,30.0968399259714,30
818.15,32.7370086791557,30.9020648008935,30.013212616692,30.0968399259714,30
818.2,32.7370086791557,30.9020648008935,30.013212616692,30.0968399259714,30
818.25,32.7370086791557,30.9020648008935,30.013212616692,30.0968399259714,30
818.3,32.7370086791557,30.9020648008935,30.013212616692,30.0968399259714,30
818.35,32.7370086791557,30.9020648008935,30.013212616692,30.0968399259714,30
818.4,32.7370086791557,30.9020648008935,30.013212616692,30.0968399259714,30
818.45,32.7370086791557,30.9020648008935,30.013212616692,30.0968399259714,30
818.5,32.7370086791557,30.9308832938978,30.013212616692,30.096016558956,30
818.55,32.7370086791557,30.9308832938978,30.013212616692,30.096016558956,30
818.6,32.7370086791557,30.9308832938978,30.013212616692,30.096016558956,30
818.65,32.7370086791557,30.9308832938978,30.013212616692,30.096016558956,30
818.7,32.7370086791557,30.9308832938978,30.013212616692,30.096016558956,30
818.75,32.7370086791557,30.9308832938978,30.013212616692,30.096016558956,30
818.8,32.7370086791557,30.9308832938978,30.013212616692,30.096016558956,30
818.85,32.7370086791557,30.9308832938978,30.013212616692,30.096016558956,30
818.9,32.7370086791557,30.9308832938978,30.013212616692,30.096016558956,30
818.95,32.7370086791557,30.9308832938978,30.013212616692,30.096016558956,30
819.0,32.7959428748783,30.9597111792208,30.0417524038476,30.0960022514137,30
819.05,32.7959428748783,30.9597111792208,30.0417524038476,30.0960022514137,30
819.1,32.7959428748783,30.9597111792208,30.0417524038476,30.0960022514137,30
819.15,32.7959428748783,30.9597111792208,30.0417524038476,30.0960022514137,30
819.2,32.7959428748783,30.9597111792208,30.0417524038476,30.0960022514137,30
819.25,32.7959428748783,30.9597111792208,30.0417524038476,30.0960022514137,30
819.3,32.7959428748783,30.9597111792208,30.0417524038476,30.0960022514137,30
819.35,32.7959428748783,30.9597111792208,30.0417524038476,30.0960022514137,30
819.4,32.7959428748783,30.9597111792208,30.0417524038476,30.0960022514137,30
819.45,32.7959428748783,30.9597111792208,30.0417524038476,30.0960022514137,30
819.5,32.7664702387926,30.9308832938978,30.0417524038476,30.0967705680593,30
819.55,32.7664702387926,30.9308832938978,30.0417524038476,30.0967705680593,30
819.6,32.7664702387926,30.9308832938978,30.0417524038476,30.0967705680593,30
819.65,32.7664702387926,30.9308832938978,30.0417524038476,30.0967705680593,30
819.7,32.7664702387926,30.9308832938978,30.0417524038476,30.0967705680593,30
819.75,32.7664702387926,30.9308832938978,30.0417524038476,30.0967705680593,30
819.8,32.7664702387926,30.9308832938978,30.0417524038476,30.0967705680593,30
819.85,32.7664702387926,30.9308832938978,30.0417524038476,30.0967705680593,30
819.9,32.7664702387926,30.9308832938978,30.0417524038476,30.0967705680593,30
819.95,32.7664702387926,30.9308832938978,30.0417524038476,30.0967705680593,30
820.0,32.7664702387926,30.9308832938978,30.0417524038476,30.0967228487474,30
820.05,32.7664702387926,30.9308832938978,30.0417524038476,30.0967228487474,30
820.1,32.7664702387926,30.9308832938978,30.0417524038476,30.0967228487474,30
820.15,32.7664702387926,30.9308832938978,30.0417524038476,30.0967228487474,30
820.2,32.7664702387926,30.9308832938978,30.0417524038476,30.0967228487474,30
820.25,32.7664702387926,30.9308832938978,30.0417524038476,30.0967228487474,30
820.3,32.7664702387926,30.9308832938978,30.0417524038476,30.0967228487474,30
820.35,32.7664702387926,30.9308832938978,30.0417524038476,30.0967228487474,30
820.4,32.7664702387926,30.9308832938978,30.0417524038476,30.0967228487474,30
820.45,32.7664702387926,30.9308832938978,30.0417524038476,30.0967228487474,30
820.5,32.7959428748783,30.9597111792208,30.0703008101557,30.0966728708575,30
820.55,32.7959428748783,30.9597111792208,30.0703008101557,30.0966728708575,30
820.6,32.7959428748783,30.9597111792208,30.0703008101557,30.0966728708575,30
820.65,32.7959428748783,30.9597111792208,30.0703008101557,30.0966728708575,30
820.7,32.7959428748783,30.9597111792208,30.0703008101557,30.0966728708575,30
820.75,32.7959428748783,30.9597111792208,30.0703008101557,30.0966728708575,30
820.8,32.7959428748783,30.9597111792208,30.0703008101557,30.0966728708575,30
820.85,32.7959428748783,30.9597111792208,30.0703008101557,30.0966728708575,30
820.9,32.7959428748783,30.9597111792208,30.0703008101557,30.0966728708575,30
820.95,32.7959428748783,30.9597111792208,30.0703008101557,30.0966728708575,30
821.0,32.7959428748783,30.9597111792208,30.0703008101557,30.0974074792146,30
821.05,32.7959428748783,30.9597111792208,30.0703008101557,30.0974074792146,30
821.1,32.7959428748783,30.9597111792208,30.0703008101557,30.0974074792146,30
821.15,32.7959428748783,30.9597111792208,30.0703008101557,30.0974074792146,30
821.2,32.7959428748783,30.9597111792208,30.0703008101557,30.0974074792146,30
821.25,32.7959428748783,30.9597111792208,30.0703008101557,30.0974074792146,30
821.3,32.7959428748783,30.9597111792208,30.0703008101557,30.0974074792146,30
821.35,32.7959428748783,30.9597111792208,30.0703008101557,30.0974074792146,30
821.4,32.7959428748783,30.9597111792208,30.0703008101557,30.0974074792146,30
821.45,32.7959428748783,30.9597111792208,30.0703008101557,30.0974074792146,30
821.5,32.7664702387926,30.9308832938978,30.0417524038476,30.0981140816297,30
821.55,32.7664702387926,30.9308832938978,30.0417524038476,30.0981140816297,30
821.6,32.7664702387926,30.9308832938978,30.0417524038476,30.0981140816297,30
821.65,32.7664702387926,30.9308832938978,30.0417524038476,30.0981140816297,30
821.7,32.7664702387926,30.9308832938978,30.0417524038476,30.0981140816297,30
821.75,32.7664702387926,30.9308832938978,30.0417524038476,30.0981140816297,30
821.8,32.7664702387926,30.9308832938978,30.0417524038476,30.0981140816297,30
821.85,32.7664702387926,30.9308832938978,30.0417524038476,30.0981140816297,30
821.9,32.7664702387926,30.9308832938978,30.0417524038476,30.0981140816297,30
821.95,32.7664702387926,30.9308832938978,30.0417524038476,30.0981140816297,30
822.0,32.7075581679103,30.873255674741,29.984681424287,30.0980069760739,30
822.05,32.7075581679103,30.873255674741,29.984681424287,30.0980069760739,30
822.1,32.7075581679103,30.873255674741,29.984681424287,30.0980069760739,30
822.15,32.7075581679103,30.873255674741,29.984681424287,30.0980069760739,30
822.2,32.7075581679103,30.873255674741,29.984681424287,30.0980069760739,30
822.25,32.7075581679103,30.873255674741,29.984681424287,30.0980069760739,30
822.3,32.7075581679103,30.873255674741,29.984681424287,30.0980069760739,30
822.35,32.7075581679103,30.873255674741,29.984681424287,30.0980069760739,30
822.4,32.7075581679103,30.873255674741,29.984681424287,30.0980069760739,30
822.45,32.7075581679103,30.873255674741,29.984681424287,30.0980069760739,30
822.5,32.7370086791557,30.9308832938978,30.013212616692,30.0963272070822,30
822.55,32.7370086791557,30.9308832938978,30.013212616692,30.0963272070822,30
822.6,32.7370086791557,30.9308832938978,30.013212616692,30.0963272070822,30
822.65,32.7370086791557,30.9308832938978,30.013212616692,30.0963272070822,30
822.7,32.7370086791557,30.9308832938978,30.013212616692,30.0963272070822,30
822.75,32.7370086791557,30.9308832938978,30.013212616692,30.0963272070822,30
822.8,32.7370086791557,30.9308832938978,30.013212616692,30.0963272070822,30
822.85,32.7370086791557,30.9308832938978,30.013212616692,30.0963272070822,30
822.9,32.7370086791557,30.9308832938978,30.013212616692,30.0963272070822,30
822.95,32.7370086791557,30.9308832938978,30.013212616692,30.0963272070822,30
823.0,32.7664702387926,30.9308832938978,30.0417524038476,30.096271558915,30
823.05,32.7664702387926,30.9308832938978,30.0417524038476,30.096271558915,30
823.1,32.7664702387926,30.9308832938978,30.0417524038476,30.096271558915,30
823.15,32.7664702387926,30.9308832938978,30.0417524038476,30.096271558915,30
823.2,32.7664702387926,30.9308832938978,30.0417524038476,30.096271558915,30
823.25,32.7664702387926,30.9308832938978,30.0417524038476,30.096271558915,30
823.3,32.7664702387926,30.9308832938978,30.0417524038476,30.096271558915,30
823.35,32.7664702387926,30.9308832938978,30.0417524038476,30.096271558915,30
823.4,32.7664702387926,30.9308832938978,30.0417524038476,30.096271558915,30
823.45,32.7664702387926,30.9308832938978,30.0417524038476,30.096271558915,30
823.5,32.7370086791557,30.9020648008935,30.013212616692,30.0962137068129,30
823.55,32.7370086791557,30.9020648008935,30.013212616692,30.0962137068129,30
823.6,32.7370086791557,30.9020648008935,30.013212616692,30.0962137068129,30
823.65,32.7370086791557,30.9020648008935,30.013212616692,30.0962137068129,30
823.7,32.7370086791557,30.9020648008935,30.013212616692,30.0962137068129,30
823.75,32.7370086791557,30.9020648008935,30.013212616692,30.0962137068129,30
823.8,32.7370086791557,30.9020648008935,30.013212616692,30.0962137068129,30
823.85,32.7370086791557,30.9020648008935,30.013212616692,30.0962137068129,30
823.9,32.7370086791557,30.9020648008935,30.013212616692,30.0962137068129,30
823.95,32.7370086791557,30.9020648008935,30.013212616692,30.0962137068129,30
824.0,32.7664702387926,30.9308832938978,30.0417524038476,30.0953678979826,30
824.05,32.7664702387926,30.9308832938978,30.0417524038476,30.0953678979826,30
824.1,32.7664702387926,30.9308832938978,30.0417524038476,30.0953678979826,30
824.15,32.7664702387926,30.9308832938978,30.0417524038476,30.0953678979826,30
824.2,32.7664702387926,30.9308832938978,30.0417524038476,30.0953678979826,30
824.25,32.7664702387926,30.9308832938978,30.0417524038476,30.0953678979826,30
824.3,32.7664702387926,30.9308832938978,30.0417524038476,30.0953678979826,30
824.35,32.7664702387926,30.9308832938978,30.0417524038476,30.0953678979826,30
824.4,32.7664702387926,30.9308832938978,30.0417524038476,30.0953678979826,30
824.45,32.7664702387926,30.9308832938978,30.0417524038476,30.0953678979826,30
824.5,32.7959428748783,30.9597111792208,30.0703008101557,30.0953331467731,30
824.55,32.7959428748783,30.9597111792208,30.0703008101557,30.0953331467731,30
824.6,32.7959428748783,30.9597111792208,30.0703008101557,30.0953331467731,30
824.65,32.7959428748783,30.9597111792208,30.0703008101557,30.0953331467731,30
824.7,32.7959428748783,30.9597111792208,30.0703008101557,30.0953331467731,30
824.75,32.7959428748783,30.9597111792208,30.0703008101557,30.0953331467731,30
824.8,32.7959428748783,30.9597111792208,30.0703008101557,30.0953331467731,30
824.85,32.7959428748783,30.9597111792208,30.0703008101557,30.0953331467731,30
824.9,32.7959428748783,30.9597111792208,30.0703008101557,30.0953331467731,30
824.95,32.7959428748783,30.9597111792208,30.0703008101557,30.0953331467731,30
825.0,32.7370086791557,30.9020648008935,30.013212616692,30.0960829223646,30
825.05,32.7370086791557,30.9020648008935,30.013212616692,30.0960829223646,30
825.1,32.7370086791557,30.9020648008935,30.013212616692,30.0960829223646,30
825.15,32.7370086791557,30.9020648008935,30.013212616692,30.0960829223646,30
825.2,32.7370086791557,30.9020648008935,30.013212616692,30.0960829223646,30
825.25,32.7370086791557,30.9020648008935,30.013212616692,30.0960829223646,30
825.3,32.7370086791557,30.9020648008935,30.013212616692,30.0960829223646,30
825.35,32.7370086791557,30.9020648008935,30.013212616692,30.0960829223646,30
825.4,32.7370086791557,30.9020648008935,30.013212616692,30.0960829223646,30
825.45,32.7370086791557,30.9020648008935,30.013212616692,30.0960829223646,30
825.5,32.7370086791557,30.9020648008935,30.013212616692,30.0952314663431,30
825.55,32.7370086791557,30.9020648008935,30.013212616692,30.0952314663431,30
825.6,32.7370086791557,30.9020648008935,30.013212616692,30.0952314663431,30
825.65,32.7370086791557,30.9020648008935,30.013212616692,30.0952314663431,30
825.7,32.7370086791557,30.9020648008935,30.013212616692,30.0952314663431,30
825.75,32.7370086791557,30.9020648008935,30.013212616692,30.0952314663431,30
825.8,32.7370086791557,30.9020648008935,30.013212616692,30.0952314663431,30
825.85,32.7370086791557,30.9020648008935,30.013212616692,30.0952314663431,30
825.9,32.7370086791557,30.9020648008935,30.013212616692,30.0952314663431,30
825.95,32.7370086791557,30.9020648008935,30.013212616692,30.0952314663431,30
826.0,32.7370086791557,30.9308832938978,30.013212616692,30.0944049614982,30
826.05,32.7370086791557,30.9308832938978,30.013212616692,30.0944049614982,30
826.1,32.7370086791557,30.9308832938978,30.013212616692,30.0944049614982,30
826.15,32.7370086791557,30.9308832938978,30.013212616692,30.0944049614982,30
826.2,32.7370086791557,30.9308832938978,30.013212616692,30.0944049614982,30
826.25,32.7370086791557,30.9308832938978,30.013212616692,30.0944049614982,30
826.3,32.7370086791557,30.9308832938978,30.013212616692,30.0944049614982,30
826.35,32.7370086791557,30.9308832938978,30.013212616692,30.0944049614982,30
826.4,32.7370086791557,30.9308832938978,30.013212616692,30.0944049614982,30
826.45,32.7370086791557,30.9308832938978,30.013212616692,30.0944049614982,30
826.5,32.7075581679103,30.9020648008935,29.984681424287,30.0943884919809,30
826.55,32.7075581679103,30.9020648008935,29.984681424287,30.0943884919809,30
826.6,32.7075581679103,30.9020648008935,29.984681424287,30.0943884919809,30
826.65,32.7075581679103,30.9020648008935,29.984681424287,30.0943884919809,30
826.7,32.7075581679103,30.9020648008935,29.984681424287,30.0943884919809,30
826.75,32.7075581679103,30.9020648008935,29.984681424287,30.0943884919809,30
826.8,32.7075581679103,30.9020648008935,29.984681424287,30.0943884919809,30
826.85,32.7075581679103,30.9020648008935,29.984681424287,30.0943884919809,30
826.9,32.7075581679103,30.9020648008935,29.984681424287,30.0943884919809,30
826.95,32.7075581679103,30.9020648008935,29.984681424287,30.0943884919809,30
827.0,32.7664702387926,30.9308832938978,30.0417524038476,30.0935818426388,30
827.05,32.7664702387926,30.9308832938978,30.0417524038476,30.0935818426388,30
827.1,32.7664702387926,30.9308832938978,30.0417524038476,30.0935818426388,30
827.15,32.7664702387926,30.9308832938978,30.0417524038476,30.0935818426388,30
827.2,32.7664702387926,30.9308832938978,30.0417524038476,30.0935818426388,30
827.25,32.7664702387926,30.9308832938978,30.0417524038476,30.0935818426388,30
827.3,32.7664702387926,30.9308832938978,30.0417524038476,30.0935818426388,30
827.35,32.7664702387926,30.9308832938978,30.0417524038476,30.0935818426388,30
827.4,32.7664702387926,30.9308832938978,30.0417524038476,30.0935818426388,30
827.45,32.7664702387926,30.9308832938978,30.0417524038476,30.0935818426388,30
827.5,32.7664702387926,30.9308832938978,30.0417524038476,30.0935846875686,30
827.55,32.7664702387926,30.9308832938978,30.0417524038476,30.0935846875686,30
827.6,32.7664702387926,30.9308832938978,30.0417524038476,30.0935846875686,30
827.65,32.7664702387926,30.9308832938978,30.0417524038476,30.0935846875686,30
827.7,32.7664702387926,30.9308832938978,30.0417524038476,30.0935846875686,30
827.75,32.7664702387926,30.9308832938978,30.0417524038476,30.0935846875686,30
827.8,32.7664702387926,30.9308832938978,30.0417524038476,30.0935846875686,30
827.85,32.7664702387926,30.9308832938978,30.0417524038476,30.0935846875686,30
827.9,32.7664702387926,30.9308832938978,30.0417524038476,30.0935846875686,30
827.95,32.7664702387926,30.9308832938978,30.0417524038476,30.0935846875686,30
828.0,32.7664702387926,30.9308832938978,30.0417524038476,30.0935844065204,30
828.05,32.7664702387926,30.9308832938978,30.0417524038476,30.0935844065204,30
828.1,32.7664702387926,30.9308832938978,30.0417524038476,30.0935844065204,30
828.15,32.7664702387926,30.9308832938978,30.0417524038476,30.0935844065204,30
828.2,32.7664702387926,30.9308832938978,30.0417524038476,30.0935844065204,30
828.25,32.7664702387926,30.9308832938978,30.0417524038476,30.0935844065204,30
828.3,32.7664702387926,30.9308832938978,30.0417524038476,30.0935844065204,30
828.35,32.7664702387926,30.9308832938978,30.0417524038476,30.0935844065204,30
828.4,32.7664702387926,30.9308832938978,30.0417524038476,30.0935844065204,30
828.45,32.7664702387926,30.9308832938978,30.0417524038476,30.0935844065204,30
828.5,32.7664702387926,30.9308832938978,30.0417524038476,30.0935811526668,30
828.55,32.7664702387926,30.9308832938978,30.0417524038476,30.0935811526668,30
828.6,32.7664702387926,30.9308832938978,30.0417524038476,30.0935811526668,30
828.65,32.7664702387926,30.9308832938978,30.0417524038476,30.0935811526668,30
828.7,32.7664702387926,30.9308832938978,30.0417524038476,30.0935811526668,30
828.75,32.7664702387926,30.9308832938978,30.0417524038476,30.0935811526668,30
828.8,32.7664702387926,30.9308832938978,30.0417524038476,30.0935811526668,30
828.85,32.7664702387926,30.9308832938978,30.0417524038476,30.0935811526668,30
828.9,32.7664702387926,30.9308832938978,30.0417524038476,30.0935811526668,30
828.95,32.7664702387926,30.9308832938978,30.0417524038476,30.0935811526668,30
829.0,32.7370086791557,30.9020648008935,30.013212616692,30.0935750732209,30
829.05,32.7370086791557,30.9020648008935,30.013212616692,30.0935750732209,30
829.1,32.7370086791557,30.9020648008935,30.013212616692,30.0935750732209,30
829.15,32.7370086791557,30.9020648008935,30.013212616692,30.0935750732209,30
829.2,32.7370086791557,30.9020648008935,30.013212616692,30.0935750732209,30
829.25,32.7370086791557,30.9020648008935,30.013212616692,30.0935750732209,30
829.3,32.7370086791557,30.9020648008935,30.013212616692,30.0935750732209,30
829.35,32.7370086791557,30.9020648008935,30.013212616692,30.0935750732209,30
829.4,32.7370086791557,30.9020648008935,30.013212616692,30.0935750732209,30
829.45,32.7370086791557,30.9020648008935,30.013212616692,30.0935750732209,30
829.5,32.7075581679103,30.9020648008935,30.013212616692,30.0927798570565,30
829.55,32.7075581679103,30.9020648008935,30.013212616692,30.0927798570565,30
829.6,32.7075581679103,30.9020648008935,30.013212616692,30.0927798570565,30
829.65,32.7075581679103,30.9020648008935,30.013212616692,30.0927798570565,30
829.7,32.7075581679103,30.9020648008935,30.013212616692,30.0927798570565,30
829.75,32.7075581679103,30.9020648008935,30.013212616692,30.0927798570565,30
829.8,32.7075581679103,30.9020648008935,30.013212616692,30.0927798570565,30
829.85,32.7075581679103,30.9020648008935,30.013212616692,30.0927798570565,30
829.9,32.7075581679103,30.9020648008935,30.013212616692,30.0927798570565,30
829.95,32.7075581679103,30.9020648008935,30.013212616692,30.0927798570565,30
830.0,32.7370086791557,30.9308832938978,30.0417524038476,30.0920075258064,30
830.05,32.7370086791557,30.9308832938978,30.0417524038476,30.0920075258064,30
830.1,32.7370086791557,30.9308832938978,30.0417524038476,30.0920075258064,30
830.15,32.7370086791557,30.9308832938978,30.0417524038476,30.0920075258064,30
830.2,32.7370086791557,30.9308832938978,30.0417524038476,30.0920075258064,30
830.25,32.7370086791557,30.9308832938978,30.0417524038476,30.0920075258064,30
830.3,32.7370086791557,30.9308832938978,30.0417524038476,30.0920075258064,30
830.35,32.7370086791557,30.9308832938978,30.0417524038476,30.0920075258064,30
830.4,32.7370086791557,30.9308832938978,30.0417524038476,30.0920075258064,30
830.45,32.7370086791557,30.9308832938978,30.0417524038476,30.0920075258064,30
830.5,32.7370086791557,30.9308832938978,30.0417524038476,30.092043245644,30
830.55,32.7370086791557,30.9308832938978,30.0417524038476,30.092043245644,30
830.6,32.7370086791557,30.9308832938978,30.0417524038476,30.092043245644,30
830.65,32.7370086791557,30.9308832938978,30.0417524038476,30.092043245644,30
830.7,32.7370086791557,30.9308832938978,30.0417524038476,30.092043245644,30
830.75,32.7370086791557,30.9308832938978,30.0417524038476,30.092043245644,30
830.8,32.7370086791557,30.9308832938978,30.0417524038476,30.092043245644,30
830.85,32.7370086791557,30.9308832938978,30.0417524038476,30.092043245644,30
830.9,32.7370086791557,30.9308832938978,30.0417524038476,30.092043245644,30
830.95,32.7370086791557,30.9308832938978,30.0417524038476,30.092043245644,30
831.0,32.7370086791557,30.9020648008935,30.013212616692,30.0920738864347,30
831.05,32.7370086791557,30.9020648008935,30.013212616692,30.0920738864347,30
831.1,32.7370086791557,30.9020648008935,30.013212616692,30.0920738864347,30
831.15,32.7370086791557,30.9020648008935,30.013212616692,30.0920738864347,30
831.2,32.7370086791557,30.9020648008935,30.013212616692,30.0920738864347,30
831.25,32.7370086791557,30.9020648008935,30.013212616692,30.0920738864347,30
831.3,32.7370086791557,30.9020648008935,30.013212616692,30.0920738864347,30
831.35,32.7370086791557,30.9020648008935,30.013212616692,30.0920738864347,30
831.4,32.7370086791557,30.9020648008935,30.013212616692,30.0920738864347,30
831.45,32.7370086791557,30.9020648008935,30.013212616692,30.0920738864347,30
831.5,32.7370086791557,30.9308832938978,30.013212616692,30.0913137995309,30
831.55,32.7370086791557,30.9308832938978,30.013212616692,30.0913137995309,30
831.6,32.7370086791557,30.9308832938978,30.013212616692,30.0913137995309,30
831.65,32.7370086791557,30.9308832938978,30.013212616692,30.0913137995309,30
831.7,32.7370086791557,30.9308832938978,30.013212616692,30.0913137995309,30
831.75,32.7370086791557,30.9308832938978,30.013212616692,30.0913137995309,30
831.8,32.7370086791557,30.9308832938978,30.013212616692,30.0913137995309,30
831.85,32.7370086791557,30.9308832938978,30.013212616692,30.0913137995309,30
831.9,32.7370086791557,30.9308832938978,30.013212616692,30.0913137995309,30
831.95,32.7370086791557,30.9308832938978,30.013212616692,30.0913137995309,30
832.0,32.7664702387926,30.9597111792208,30.0417524038476,30.0913620812736,30
832.05,32.7664702387926,30.9597111792208,30.0417524038476,30.0913620812736,30
832.1,32.7664702387926,30.9597111792208,30.0417524038476,30.0913620812736,30
832.15,32.7664702387926,30.9597111792208,30.0417524038476,30.0913620812736,30
832.2,32.7664702387926,30.9597111792208,30.0417524038476,30.0913620812736,30
832.25,32.7664702387926,30.9597111792208,30.0417524038476,30.0913620812736,30
832.3,32.7664702387926,30.9597111792208,30.0417524038476,30.0913620812736,30
832.35,32.7664702387926,30.9597111792208,30.0417524038476,30.0913620812736,30
832.4,32.7664702387926,30.9597111792208,30.0417524038476,30.0913620812736,30
832.45,32.7664702387926,30.9597111792208,30.0417524038476,30.0913620812736,30
832.5,32.7075581679103,30.9020648008935,29.984681424287,30.0921917261993,30
832.55,32.7075581679103,30.9020648008935,29.984681424287,30.0921917261993,30
832.6,32.7075581679103,30.9020648008935,29.984681424287,30.0921917261993,30
832.65,32.7075581679103,30.9020648008935,29.984681424287,30.0921917261993,30
832.7,32.7075581679103,30.9020648008935,29.984681424287,30.0921917261993,30
832.75,32.7075581679103,30.9020648008935,29.984681424287,30.0921917261993,30
832.8,32.7075581679103,30.9020648008935,29.984681424287,30.0921917261993,30
832.85,32.7075581679103,30.9020648008935,29.984681424287,30.0921917261993,30
832.9,32.7075581679103,30.9020648008935,29.984681424287,30.0921917261993,30
832.95,32.7075581679103,30.9020648008935,29.984681424287,30.0921917261993,30
833.0,32.7075581679103,30.9020648008935,29.984681424287,30.0914170889379,30
833.05,32.7075581679103,30.9020648008935,29.984681424287,30.0914170889379,30
833.1,32.7075581679103,30.9020648008935,29.984681424287,30.0914170889379,30
833.15,32.7075581679103,30.9020648008935,29.984681424287,30.0914170889379,30
833.2,32.7075581679103,30.9020648008935,29.984681424287,30.0914170889379,30
833.25,32.7075581679103,30.9020648008935,29.984681424287,30.0914170889379,30
833.3,32.7075581679103,30.9020648008935,29.984681424287,30.0914170889379,30
833.35,32.7075581679103,30.9020648008935,29.984681424287,30.0914170889379,30
833.4,32.7075581679103,30.9020648008935,29.984681424287,30.0914170889379,30
833.45,32.7075581679103,30.9020648008935,29.984681424287,30.0914170889379,30
833.5,32.7370086791557,30.9020648008935,30.013212616692,30.0906644615968,30
833.55,32.7370086791557,30.9020648008935,30.013212616692,30.0906644615968,30
833.6,32.7370086791557,30.9020648008935,30.013212616692,30.0906644615968,30
833.65,32.7370086791557,30.9020648008935,30.013212616692,30.0906644615968,30
833.7,32.7370086791557,30.9020648008935,30.013212616692,30.0906644615968,30
833.75,32.7370086791557,30.9020648008935,30.013212616692,30.0906644615968,30
833.8,32.7370086791557,30.9020648008935,30.013212616692,30.0906644615968,30
833.85,32.7370086791557,30.9020648008935,30.013212616692,30.0906644615968,30
833.9,32.7370086791557,30.9020648008935,30.013212616692,30.0906644615968,30
833.95,32.7370086791557,30.9020648008935,30.013212616692,30.0906644615968,30
834.0,32.7075581679103,30.9020648008935,30.013212616692,30.0899337251872,30
834.05,32.7075581679103,30.9020648008935,30.013212616692,30.0899337251872,30
834.1,32.7075581679103,30.9020648008935,30.013212616692,30.0899337251872,30
834.15,32.7075581679103,30.9020648008935,30.013212616692,30.0899337251872,30
834.2,32.7075581679103,30.9020648008935,30.013212616692,30.0899337251872,30
834.25,32.7075581679103,30.9020648008935,30.013212616692,30.0899337251872,30
834.3,32.7075581679103,30.9020648008935,30.013212616692,30.0899337251872,30
834.35,32.7075581679103,30.9020648008935,30.013212616692,30.0899337251872,30
834.4,32.7075581679103,30.9020648008935,30.013212616692,30.0899337251872,30
834.45,32.7075581679103,30.9020648008935,30.013212616692,30.0899337251872,30
834.5,32.7664702387926,30.9597111792208,30.0417524038476,30.0892241746673,30
834.55,32.7664702387926,30.9597111792208,30.0417524038476,30.0892241746673,30
834.6,32.7664702387926,30.9597111792208,30.0417524038476,30.0892241746673,30
834.65,32.7664702387926,30.9597111792208,30.0417524038476,30.0892241746673,30
834.7,32.7664702387926,30.9597111792208,30.0417524038476,30.0892241746673,30
834.75,32.7664702387926,30.9597111792208,30.0417524038476,30.0892241746673,30
834.8,32.7664702387926,30.9597111792208,30.0417524038476,30.0892241746673,30
834.85,32.7664702387926,30.9597111792208,30.0417524038476,30.0892241746673,30
834.9,32.7664702387926,30.9597111792208,30.0417524038476,30.0892241746673,30
834.95,32.7664702387926,30.9597111792208,30.0417524038476,30.0892241746673,30
835.0,32.7370086791557,30.9308832938978,30.0417524038476,30.0901077361355,30
835.05,32.7370086791557,30.9308832938978,30.0417524038476,30.0901077361355,30
835.1,32.7370086791557,30.9308832938978,30.0417524038476,30.0901077361355,30
835.15,32.7370086791557,30.9308832938978,30.0417524038476,30.0901077361355,30
835.2,32.7370086791557,30.9308832938978,30.0417524038476,30.0901077361355,30
835.25,32.7370086791557,30.9308832938978,30.0417524038476,30.0901077361355,30
835.3,32.7370086791557,30.9308832938978,30.0417524038476,30.0901077361355,30
835.35,32.7370086791557,30.9308832938978,30.0417524038476,30.0901077361355,30
835.4,32.7370086791557,30.9308832938978,30.0417524038476,30.0901077361355,30
835.45,32.7370086791557,30.9308832938978,30.0417524038476,30.0901077361355,30
835.5,32.6781186770451,30.873255674741,29.984681424287,30.0901718975228,30
835.55,32.6781186770451,30.873255674741,29.984681424287,30.0901718975228,30
835.6,32.6781186770451,30.873255674741,29.984681424287,30.0901718975228,30
835.65,32.6781186770451,30.873255674741,29.984681424287,30.0901718975228,30
835.7,32.6781186770451,30.873255674741,29.984681424287,30.0901718975228,30
835.75,32.6781186770451,30.873255674741,29.984681424287,30.0901718975228,30
835.8,32.6781186770451,30.873255674741,29.984681424287,30.0901718975228,30
835.85,32.6781186770451,30.873255674741,29.984681424287,30.0901718975228,30
835.9,32.6781186770451,30.873255674741,29.984681424287,30.0901718975228,30
835.95,32.6781186770451,30.873255674741,29.984681424287,30.0901718975228,30
836.0,32.7370086791557,30.9308832938978,30.013212616692,30.0886578939419,30
836.05,32.7370086791557,30.9308832938978,30.013212616692,30.0886578939419,30
836.1,32.7370086791557,30.9308832938978,30.013212616692,30.0886578939419,30
836.15,32.7370086791557,30.9308832938978,30.013212616692,30.0886578939419,30
836.2,32.7370086791557,30.9308832938978,30.013212616692,30.0886578939419,30
836.25,32.7370086791557,30.9308832938978,30.013212616692,30.0886578939419,30
836.3,32.7370086791557,30.9308832938978,30.013212616692,30.0886578939419,30
836.35,32.7370086791557,30.9308832938978,30.013212616692,30.0886578939419,30
836.4,32.7370086791557,30.9308832938978,30.013212616692,30.0886578939419,30
836.45,32.7370086791557,30.9308832938978,30.013212616692,30.0886578939419,30
836.5,32.7370086791557,30.9308832938978,30.013212616692,30.088763265395,30
836.55,32.7370086791557,30.9308832938978,30.013212616692,30.088763265395,30
836.6,32.7370086791557,30.9308832938978,30.013212616692,30.088763265395,30
836.65,32.7370086791557,30.9308832938978,30.013212616692,30.088763265395,30
836.7,32.7370086791557,30.9308832938978,30.013212616692,30.088763265395,30
836.75,32.7370086791557,30.9308832938978,30.013212616692,30.088763265395,30
836.8,32.7370086791557,30.9308832938978,30.013212616692,30.088763265395,30
836.85,32.7370086791557,30.9308832938978,30.013212616692,30.088763265395,30
836.9,32.7370086791557,30.9308832938978,30.013212616692,30.088763265395,30
836.95,32.7370086791557,30.9308832938978,30.013212616692,30.088763265395,30
837.0,32.7370086791557,30.9308832938978,30.0417524038476,30.0888618270406,30
837.05,32.7370086791557,30.9308832938978,30.0417524038476,30.0888618270406,30
837.1,32.7370086791557,30.9308832938978,30.0417524038476,30.0888618270406,30
837.15,32.7370086791557,30.9308832938978,30.0417524038476,30.0888618270406,30
837.2,32.7370086791557,30.9308832938978,30.0417524038476,30.0888618270406,30
837.25,32.7370086791557,30.9308832938978,30.0417524038476,30.0888618270406,30
837.3,32.7370086791557,30.9308832938978,30.0417524038476,30.0888618270406,30
837.35,32.7370086791557,30.9308832938978,30.0417524038476,30.0888618270406,30
837.4,32.7370086791557,30.9308832938978,30.0417524038476,30.0888618270406,30
837.45,32.7370086791557,30.9308832938978,30.0417524038476,30.0888618270406,30
837.5,32.6781186770451,30.84445589001,29.9561588022635,30.0889538607333,30
837.55,32.6781186770451,30.84445589001,29.9561588022635,30.0889538607333,30
837.6,32.6781186770451,30.84445589001,29.9561588022635,30.0889538607333,30
837.65,32.6781186770451,30.84445589001,29.9561588022635,30.0889538607333,30
837.7,32.6781186770451,30.84445589001,29.9561588022635,30.0889538607333,30
837.75,32.6781186770451,30.84445589001,29.9561588022635,30.0889538607333,30
837.8,32.6781186770451,30.84445589001,29.9561588022635,30.0889538607333,30
837.85,32.6781186770451,30.84445589001,29.9561588022635,30.0889538607333,30
837.9,32.6781186770451,30.84445589001,29.9561588022635,30.0889538607333,30
837.95,32.6781186770451,30.84445589001,29.9561588022635,30.0889538607333,30
838.0,32.7075581679103,30.873255674741,29.984681424287,30.0866816186829,30
838.05,32.7075581679103,30.873255674741,29.984681424287,30.0866816186829,30
838.1,32.7075581679103,30.873255674741,29.984681424287,30.0866816186829,30
838.15,32.7075581679103,30.873255674741,29.984681424287,30.0866816186829,30
838.2,32.7075581679103,30.873255674741,29.984681424287,30.0866816186829,30
838.25,32.7075581679103,30.873255674741,29.984681424287,30.0866816186829,30
838.3,32.7075581679103,30.873255674741,29.984681424287,30.0866816186829,30
838.35,32.7075581679103,30.873255674741,29.984681424287,30.0866816186829,30
838.4,32.7075581679103,30.873255674741,29.984681424287,30.0866816186829,30
838.45,32.7075581679103,30.873255674741,29.984681424287,30.0866816186829,30
838.5,32.7075581679103,30.9020648008935,30.013212616692,30.0852684216059,30
838.55,32.7075581679103,30.9020648008935,30.013212616692,30.0852684216059,30
838.6,32.7075581679103,30.9020648008935,30.013212616692,30.0852684216059,30
838.65,32.7075581679103,30.9020648008935,30.013212616692,30.0852684216059,30
838.7,32.7075581679103,30.9020648008935,30.013212616692,30.0852684216059,30
838.75,32.7075581679103,30.9020648008935,30.013212616692,30.0852684216059,30
838.8,32.7075581679103,30.9020648008935,30.013212616692,30.0852684216059,30
838.85,32.7075581679103,30.9020648008935,30.013212616692,30.0852684216059,30
838.9,32.7075581679103,30.9020648008935,30.013212616692,30.0852684216059,30
838.95,32.7075581679103,30.9020648008935,30.013212616692,30.0852684216059,30
839.0,32.7075581679103,30.9020648008935,29.984681424287,30.0846855179525,30
839.05,32.7075581679103,30.9020648008935,29.984681424287,30.0846855179525,30
839.1,32.7075581679103,30.9020648008935,29.984681424287,30.0846855179525,30
839.15,32.7075581679103,30.9020648008935,29.984681424287,30.0846855179525,30
839.2,32.7075581679103,30.9020648008935,29.984681424287,30.0846855179525,30
839.25,32.7075581679103,30.9020648008935,29.984681424287,30.0846855179525,30
839.3,32.7075581679103,30.9020648008935,29.984681424287,30.0846855179525,30
839.35,32.7075581679103,30.9020648008935,29.984681424287,30.0846855179525,30
839.4,32.7075581679103,30.9020648008935,29.984681424287,30.0846855179525,30
839.45,32.7075581679103,30.9020648008935,29.984681424287,30.0846855179525,30
839.5,32.7075581679103,30.9020648008935,29.984681424287,30.084118697176,30
839.55,32.7075581679103,30.9020648008935,29.984681424287,30.084118697176,30
839.6,32.7075581679103,30.9020648008935,29.984681424287,30.084118697176,30
839.65,32.7075581679103,30.9020648008935,29.984681424287,30.084118697176,30
839.7,32.7075581679103,30.9020648008935,29.984681424287,30.084118697176,30
839.75,32.7075581679103,30.9020648008935,29.984681424287,30.084118697176,30
839.8,32.7075581679103,30.9020648008935,29.984681424287,30.084118697176,30
839.85,32.7075581679103,30.9020648008935,29.984681424287,30.084118697176,30
839.9,32.7075581679103,30.9020648008935,29.984681424287,30.084118697176,30
839.95,32.7075581679103,30.9020648008935,29.984681424287,30.084118697176,30
840.0,32.6781186770451,30.873255674741,29.984681424287,30.0835674630357,30
840.05,32.6781186770451,30.873255674741,29.984681424287,30.0835674630357,30
840.1,32.6781186770451,30.873255674741,29.984681424287,30.0835674630357,30
840.15,32.6781186770451,30.873255674741,29.984681424287,30.0835674630357,30
840.2,32.6781186770451,30.873255674741,29.984681424287,30.0835674630357,30
840.25,32.6781186770451,30.873255674741,29.984681424287,30.0835674630357,30
840.3,32.6781186770451,30.873255674741,29.984681424287,30.0835674630357,30
840.35,32.6781186770451,30.873255674741,29.984681424287,30.0835674630357,30
840.4,32.6781186770451,30.873255674741,29.984681424287,30.0835674630357,30
840.45,32.6781186770451,30.873255674741,29.984681424287,30.0835674630357,30
840.5,32.7370086791557,30.9308832938978,30.013212616692,30.0822451388613,30
840.55,32.7370086791557,30.9308832938978,30.013212616692,30.0822451388613,30
840.6,32.7370086791557,30.9308832938978,30.013212616692,30.0822451388613,30
840.65,32.7370086791557,30.9308832938978,30.013212616692,30.0822451388613,30
840.7,32.7370086791557,30.9308832938978,30.013212616692,30.0822451388613,30
840.75,32.7370086791557,30.9308832938978,30.013212616692,30.0822451388613,30
840.8,32.7370086791557,30.9308832938978,30.013212616692,30.0822451388613,30
840.85,32.7370086791557,30.9308832938978,30.013212616692,30.0822451388613,30
840.9,32.7370086791557,30.9308832938978,30.013212616692,30.0822451388613,30
840.95,32.7370086791557,30.9308832938978,30.013212616692,30.0822451388613,30
841.0,32.6781186770451,30.873255674741,29.984681424287,30.082536103509,30
841.05,32.6781186770451,30.873255674741,29.984681424287,30.082536103509,30
841.1,32.6781186770451,30.873255674741,29.984681424287,30.082536103509,30
841.15,32.6781186770451,30.873255674741,29.984681424287,30.082536103509,30
841.2,32.6781186770451,30.873255674741,29.984681424287,30.082536103509,30
841.25,32.6781186770451,30.873255674741,29.984681424287,30.082536103509,30
841.3,32.6781186770451,30.873255674741,29.984681424287,30.082536103509,30
841.35,32.6781186770451,30.873255674741,29.984681424287,30.082536103509,30
841.4,32.6781186770451,30.873255674741,29.984681424287,30.082536103509,30
841.45,32.6781186770451,30.873255674741,29.984681424287,30.082536103509,30
841.5,32.6781186770451,30.873255674741,29.984681424287,30.0812417256445,30
841.55,32.6781186770451,30.873255674741,29.984681424287,30.0812417256445,30
841.6,32.6781186770451,30.873255674741,29.984681424287,30.0812417256445,30
841.65,32.6781186770451,30.873255674741,29.984681424287,30.0812417256445,30
841.7,32.6781186770451,30.873255674741,29.984681424287,30.0812417256445,30
841.75,32.6781186770451,30.873255674741,29.984681424287,30.0812417256445,30
841.8,32.6781186770451,30.873255674741,29.984681424287,30.0812417256445,30
841.85,32.6781186770451,30.873255674741,29.984681424287,30.0812417256445,30
841.9,32.6781186770451,30.873255674741,29.984681424287,30.0812417256445,30
841.95,32.6781186770451,30.873255674741,29.984681424287,30.0812417256445,30
842.0,32.7075581679103,30.9020648008935,30.013212616692,30.0799871347526,30
842.05,32.7075581679103,30.9020648008935,30.013212616692,30.0799871347526,30
842.1,32.7075581679103,30.9020648008935,30.013212616692,30.0799871347526,30
842.15,32.7075581679103,30.9020648008935,30.013212616692,30.0799871347526,30
842.2,32.7075581679103,30.9020648008935,30.013212616692,30.0799871347526,30
842.25,32.7075581679103,30.9020648008935,30.013212616692,30.0799871347526,30
842.3,32.7075581679103,30.9020648008935,30.013212616692,30.0799871347526,30
842.35,32.7075581679103,30.9020648008935,30.013212616692,30.0799871347526,30
842.4,32.7075581679103,30.9020648008935,30.013212616692,30.0799871347526,30
842.45,32.7075581679103,30.9020648008935,30.013212616692,30.0799871347526,30
842.5,32.7664702387926,30.9597111792208,30.0703008101557,30.0795572251084,30
842.55,32.7664702387926,30.9597111792208,30.0703008101557,30.0795572251084,30
842.6,32.7664702387926,30.9597111792208,30.0703008101557,30.0795572251084,30
842.65,32.7664702387926,30.9597111792208,30.0703008101557,30.0795572251084,30
842.7,32.7664702387926,30.9597111792208,30.0703008101557,30.0795572251084,30
842.75,32.7664702387926,30.9597111792208,30.0703008101557,30.0795572251084,30
842.8,32.7664702387926,30.9597111792208,30.0703008101557,30.0795572251084,30
842.85,32.7664702387926,30.9597111792208,30.0703008101557,30.0795572251084,30
842.9,32.7664702387926,30.9597111792208,30.0703008101557,30.0795572251084,30
842.95,32.7664702387926,30.9597111792208,30.0703008101557,30.0795572251084,30
843.0,32.7370086791557,30.9308832938978,30.0417524038476,30.0807117054067,30
843.05,32.7370086791557,30.9308832938978,30.0417524038476,30.0807117054067,30
843.1,32.7370086791557,30.9308832938978,30.0417524038476,30.0807117054067,30
843.15,32.7370086791557,30.9308832938978,30.0417524038476,30.0807117054067,30
843.2,32.7370086791557,30.9308832938978,30.0417524038476,30.0807117054067,30
843.25,32.7370086791557,30.9308832938978,30.0417524038476,30.0807117054067,30
843.3,32.7370086791557,30.9308832938978,30.0417524038476,30.0807117054067,30
843.35,32.7370086791557,30.9308832938978,30.0417524038476,30.0807117054067,30
843.4,32.7370086791557,30.9308832938978,30.0417524038476,30.0807117054067,30
843.45,32.7370086791557,30.9308832938978,30.0417524038476,30.0807117054067,30
843.5,32.7370086791557,30.9308832938978,30.0417524038476,30.0810383515425,30
843.55,32.7370086791557,30.9308832938978,30.0417524038476,30.0810383515425,30
843.6,32.7370086791557,30.9308832938978,30.0417524038476,30.0810383515425,30
843.65,32.7370086791557,30.9308832938978,30.0417524038476,30.0810383515425,30
843.7,32.7370086791557,30.9308832938978,30.0417524038476,30.0810383515425,30
843.75,32.7370086791557,30.9308832938978,30.0417524038476,30.0810383515425,30
843.8,32.7370086791557,30.9308832938978,30.0417524038476,30.0810383515425,30
843.85,32.7370086791557,30.9308832938978,30.0417524038476,30.0810383515425,30
843.9,32.7370086791557,30.9308832938978,30.0417524038476,30.0810383515425,30
843.95,32.7370086791557,30.9308832938978,30.0417524038476,30.0810383515425,30
844.0,32.7370086791557,30.9308832938978,30.0417524038476,30.081351325933,30
844.05,32.7370086791557,30.9308832938978,30.0417524038476,30.081351325933,30
844.1,32.7370086791557,30.9308832938978,30.0417524038476,30.081351325933,30
844.15,32.7370086791557,30.9308832938978,30.0417524038476,30.081351325933,30
844.2,32.7370086791557,30.9308832938978,30.0417524038476,30.081351325933,30
844.25,32.7370086791557,30.9308832938978,30.0417524038476,30.081351325933,30
844.3,32.7370086791557,30.9308832938978,30.0417524038476,30.081351325933,30
844.35,32.7370086791557,30.9308832938978,30.0417524038476,30.081351325933,30
844.4,32.7370086791557,30.9308832938978,30.0417524038476,30.081351325933,30
844.45,32.7370086791557,30.9308832938978,30.0417524038476,30.081351325933,30
844.5,32.6781186770451,30.873255674741,29.9561588022635,30.0816511363149,30
844.55,32.6781186770451,30.873255674741,29.9561588022635,30.0816511363149,30
844.6,32.6781186770451,30.873255674741,29.9561588022635,30.0816511363149,30
844.65,32.6781186770451,30.873255674741,29.9561588022635,30.0816511363149,30
844.7,32.6781186770451,30.873255674741,29.9561588022635,30.0816511363149,30
844.75,32.6781186770451,30.873255674741,29.9561588022635,30.0816511363149,30
844.8,32.6781186770451,30.873255674741,29.9561588022635,30.0816511363149,30
844.85,32.6781186770451,30.873255674741,29.9561588022635,30.0816511363149,30
844.9,32.6781186770451,30.873255674741,29.9561588022635,30.0816511363149,30
844.95,32.6781186770451,30.873255674741,29.9561588022635,30.0816511363149,30
845.0,32.6781186770451,30.873255674741,29.984681424287,30.0803656232546,30
845.05,32.6781186770451,30.873255674741,29.984681424287,30.0803656232546,30
845.1,32.6781186770451,30.873255674741,29.984681424287,30.0803656232546,30
845.15,32.6781186770451,30.873255674741,29.984681424287,30.0803656232546,30
845.2,32.6781186770451,30.873255674741,29.984681424287,30.0803656232546,30
845.25,32.6781186770451,30.873255674741,29.984681424287,30.0803656232546,30
845.3,32.6781186770451,30.873255674741,29.984681424287,30.0803656232546,30
845.35,32.6781186770451,30.873255674741,29.984681424287,30.0803656232546,30
845.4,32.6781186770451,30.873255674741,29.984681424287,30.0803656232546,30
845.45,32.6781186770451,30.873255674741,29.984681424287,30.0803656232546,30
845.5,32.7075581679103,30.9020648008935,30.013212616692,30.0791199109131,30
845.55,32.7075581679103,30.9020648008935,30.013212616692,30.0791199109131,30
845.6,32.7075581679103,30.9020648008935,30.013212616692,30.0791199109131,30
845.65,32.7075581679103,30.9020648008935,30.013212616692,30.0791199109131,30
845.7,32.7075581679103,30.9020648008935,30.013212616692,30.0791199109131,30
845.75,32.7075581679103,30.9020648008935,30.013212616692,30.0791199109131,30
845.8,32.7075581679103,30.9020648008935,30.013212616692,30.0791199109131,30
845.85,32.7075581679103,30.9020648008935,30.013212616692,30.0791199109131,30
845.9,32.7075581679103,30.9020648008935,30.013212616692,30.0791199109131,30
845.95,32.7075581679103,30.9020648008935,30.013212616692,30.0791199109131,30
846.0,32.7370086791557,30.9308832938978,30.0417524038476,30.0786988884888,30
846.05,32.7370086791557,30.9308832938978,30.0417524038476,30.0786988884888,30
846.1,32.7370086791557,30.9308832938978,30.0417524038476,30.0786988884888,30
846.15,32.7370086791557,30.9308832938978,30.0417524038476,30.0786988884888,30
846.2,32.7370086791557,30.9308832938978,30.0417524038476,30.0786988884888,30
846.25,32.7370086791557,30.9308832938978,30.0417524038476,30.0786988884888,30
846.3,32.7370086791557,30.9308832938978,30.0417524038476,30.0786988884888,30
846.35,32.7370086791557,30.9308832938978,30.0417524038476,30.0786988884888,30
846.4,32.7370086791557,30.9308832938978,30.0417524038476,30.0786988884888,30
846.45,32.7370086791557,30.9308832938978,30.0417524038476,30.0786988884888,30
846.5,32.6781186770451,30.873255674741,29.984681424287,30.0790755511139,30
846.55,32.6781186770451,30.873255674741,29.984681424287,30.0790755511139,30
846.6,32.6781186770451,30.873255674741,29.984681424287,30.0790755511139,30
846.65,32.6781186770451,30.873255674741,29.984681424287,30.0790755511139,30
846.7,32.6781186770451,30.873255674741,29.984681424287,30.0790755511139,30
846.75,32.6781186770451,30.873255674741,29.984681424287,30.0790755511139,30
846.8,32.6781186770451,30.873255674741,29.984681424287,30.0790755511139,30
846.85,32.6781186770451,30.873255674741,29.984681424287,30.0790755511139,30
846.9,32.6781186770451,30.873255674741,29.984681424287,30.0790755511139,30
846.95,32.6781186770451,30.873255674741,29.984681424287,30.0790755511139,30
847.0,32.7075581679103,30.9020648008935,30.013212616692,30.0778644524252,30
847.05,32.7075581679103,30.9020648008935,30.013212616692,30.0778644524252,30
847.1,32.7075581679103,30.9020648008935,30.013212616692,30.0778644524252,30
847.15,32.7075581679103,30.9020648008935,30.013212616692,30.0778644524252,30
847.2,32.7075581679103,30.9020648008935,30.013212616692,30.0778644524252,30
847.25,32.7075581679103,30.9020648008935,30.013212616692,30.0778644524252,30
847.3,32.7075581679103,30.9020648008935,30.013212616692,30.0778644524252,30
847.35,32.7075581679103,30.9020648008935,30.013212616692,30.0778644524252,30
847.4,32.7075581679103,30.9020648008935,30.013212616692,30.0778644524252,30
847.45,32.7075581679103,30.9020648008935,30.013212616692,30.0778644524252,30
847.5,32.7075581679103,30.9020648008935,30.013212616692,30.0774769944375,30
847.55,32.7075581679103,30.9020648008935,30.013212616692,30.0774769944375,30
847.6,32.7075581679103,30.9020648008935,30.013212616692,30.0774769944375,30
847.65,32.7075581679103,30.9020648008935,30.013212616692,30.0774769944375,30
847.7,32.7075581679103,30.9020648008935,30.013212616692,30.0774769944375,30
847.75,32.7075581679103,30.9020648008935,30.013212616692,30.0774769944375,30
847.8,32.7075581679103,30.9020648008935,30.013212616692,30.0774769944375,30
847.85,32.7075581679103,30.9020648008935,30.013212616692,30.0774769944375,30
847.9,32.7075581679103,30.9020648008935,30.013212616692,30.0774769944375,30
847.95,32.7075581679103,30.9020648008935,30.013212616692,30.0774769944375,30
848.0,32.6781186770451,30.9020648008935,29.984681424287,30.0770997540462,30
848.05,32.6781186770451,30.9020648008935,29.984681424287,30.0770997540462,30
848.1,32.6781186770451,30.9020648008935,29.984681424287,30.0770997540462,30
848.15,32.6781186770451,30.9020648008935,29.984681424287,30.0770997540462,30
848.2,32.6781186770451,30.9020648008935,29.984681424287,30.0770997540462,30
848.25,32.6781186770451,30.9020648008935,29.984681424287,30.0770997540462,30
848.3,32.6781186770451,30.9020648008935,29.984681424287,30.0770997540462,30
848.35,32.6781186770451,30.9020648008935,29.984681424287,30.0770997540462,30
848.4,32.6781186770451,30.9020648008935,29.984681424287,30.0770997540462,30
848.45,32.6781186770451,30.9020648008935,29.984681424287,30.0770997540462,30
848.5,32.7664702387926,30.9597111792208,30.0417524038476,30.0767318531084,30
848.55,32.7664702387926,30.9597111792208,30.0417524038476,30.0767318531084,30
848.6,32.7664702387926,30.9597111792208,30.0417524038476,30.0767318531084,30
848.65,32.7664702387926,30.9597111792208,30.0417524038476,30.0767318531084,30
848.7,32.7664702387926,30.9597111792208,30.0417524038476,30.0767318531084,30
848.75,32.7664702387926,30.9597111792208,30.0417524038476,30.0767318531084,30
848.8,32.7664702387926,30.9597111792208,30.0417524038476,30.0767318531084,30
848.85,32.7664702387926,30.9597111792208,30.0417524038476,30.0767318531084,30
848.9,32.7664702387926,30.9597111792208,30.0417524038476,30.0767318531084,30
848.95,32.7664702387926,30.9597111792208,30.0417524038476,30.0767318531084,30
849.0,32.7370086791557,30.9308832938978,30.0417524038476,30.0779461932211,30
849.05,32.7370086791557,30.9308832938978,30.0417524038476,30.0779461932211,30
849.1,32.7370086791557,30.9308832938978,30.0417524038476,30.0779461932211,30
849.15,32.7370086791557,30.9308832938978,30.0417524038476,30.0779461932211,30
849.2,32.7370086791557,30.9308832938978,30.0417524038476,30.0779461932211,30
849.25,32.7370086791557,30.9308832938978,30.0417524038476,30.0779461932211,30
849.3,32.7370086791557,30.9308832938978,30.0417524038476,30.0779461932211,30
849.35,32.7370086791557,30.9308832938978,30.0417524038476,30.0779461932211,30
849.4,32.7370086791557,30.9308832938978,30.0417524038476,30.0779461932211,30
849.45,32.7370086791557,30.9308832938978,30.0417524038476,30.0779461932211,30
849.5,32.6781186770451,30.9020648008935,29.984681424287,30.0783311868902,30
849.55,32.6781186770451,30.9020648008935,29.984681424287,30.0783311868902,30
849.6,32.6781186770451,30.9020648008935,29.984681424287,30.0783311868902,30
849.65,32.6781186770451,30.9020648008935,29.984681424287,30.0783311868902,30
849.7,32.6781186770451,30.9020648008935,29.984681424287,30.0783311868902,30
849.75,32.6781186770451,30.9020648008935,29.984681424287,30.0783311868902,30
849.8,32.6781186770451,30.9020648008935,29.984681424287,30.0783311868902,30
849.85,32.6781186770451,30.9020648008935,29.984681424287,30.0783311868902,30
849.9,32.6781186770451,30.9020648008935,29.984681424287,30.0783311868902,30
849.95,32.6781186770451,30.9020648008935,29.984681424287,30.0783311868902,30
850.0,32.7664702387926,30.9597111792208,30.0703008101557,30.0779140165676,30
850.05,32.7664702387926,30.9597111792208,30.0703008101557,30.0779140165676,30
850.1,32.7664702387926,30.9597111792208,30.0703008101557,30.0779140165676,30
850.15,32.7664702387926,30.9597111792208,30.0703008101557,30.0779140165676,30
850.2,32.7664702387926,30.9597111792208,30.0703008101557,30.0779140165676,30
850.25,32.7664702387926,30.9597111792208,30.0703008101557,30.0779140165676,30
850.3,32.7664702387926,30.9597111792208,30.0703008101557,30.0779140165676,30
850.35,32.7664702387926,30.9597111792208,30.0703008101557,30.0779140165676,30
850.4,32.7664702387926,30.9597111792208,30.0703008101557,30.0779140165676,30
850.45,32.7664702387926,30.9597111792208,30.0703008101557,30.0779140165676,30
850.5,32.6781186770451,30.9020648008935,29.984681424287,30.0790808887907,30
850.55,32.6781186770451,30.9020648008935,29.984681424287,30.0790808887907,30
850.6,32.6781186770451,30.9020648008935,29.984681424287,30.0790808887907,30
850.65,32.6781186770451,30.9020648008935,29.984681424287,30.0790808887907,30
850.7,32.6781186770451,30.9020648008935,29.984681424287,30.0790808887907,30
850.75,32.6781186770451,30.9020648008935,29.984681424287,30.0790808887907,30
850.8,32.6781186770451,30.9020648008935,29.984681424287,30.0790808887907,30
850.85,32.6781186770451,30.9020648008935,29.984681424287,30.0790808887907,30
850.9,32.6781186770451,30.9020648008935,29.984681424287,30.0790808887907,30
850.95,32.6781186770451,30.9020648008935,29.984681424287,30.0790808887907,30
851.0,32.6486901785946,30.84445589001,29.9561588022635,30.0786331281516,30
851.05,32.6486901785946,30.84445589001,29.9561588022635,30.0786331281516,30
851.1,32.6486901785946,30.84445589001,29.9561588022635,30.0786331281516,30
851.15,32.6486901785946,30.84445589001,29.9561588022635,30.0786331281516,30
851.2,32.6486901785946,30.84445589001,29.9561588022635,30.0786331281516,30
851.25,32.6486901785946,30.84445589001,29.9561588022635,30.0786331281516,30
851.3,32.6486901785946,30.84445589001,29.9561588022635,30.0786331281516,30
851.35,32.6486901785946,30.84445589001,29.9561588022635,30.0786331281516,30
851.4,32.6486901785946,30.84445589001,29.9561588022635,30.0786331281516,30
851.45,32.6486901785946,30.84445589001,29.9561588022635,30.0786331281516,30
851.5,32.6781186770451,30.873255674741,29.984681424287,30.0766252362245,30
851.55,32.6781186770451,30.873255674741,29.984681424287,30.0766252362245,30
851.6,32.6781186770451,30.873255674741,29.984681424287,30.0766252362245,30
851.65,32.6781186770451,30.873255674741,29.984681424287,30.0766252362245,30
851.7,32.6781186770451,30.873255674741,29.984681424287,30.0766252362245,30
851.75,32.6781186770451,30.873255674741,29.984681424287,30.0766252362245,30
851.8,32.6781186770451,30.873255674741,29.984681424287,30.0766252362245,30
851.85,32.6781186770451,30.873255674741,29.984681424287,30.0766252362245,30
851.9,32.6781186770451,30.873255674741,29.984681424287,30.0766252362245,30
851.95,32.6781186770451,30.873255674741,29.984681424287,30.0766252362245,30
852.0,32.7370086791557,30.9597111792208,30.0417524038476,30.0754674777193,30
852.05,32.7370086791557,30.9597111792208,30.0417524038476,30.0754674777193,30
852.1,32.7370086791557,30.9597111792208,30.0417524038476,30.0754674777193,30
852.15,32.7370086791557,30.9597111792208,30.0417524038476,30.0754674777193,30
852.2,32.7370086791557,30.9597111792208,30.0417524038476,30.0754674777193,30
852.25,32.7370086791557,30.9597111792208,30.0417524038476,30.0754674777193,30
852.3,32.7370086791557,30.9597111792208,30.0417524038476,30.0754674777193,30
852.35,32.7370086791557,30.9597111792208,30.0417524038476,30.0754674777193,30
852.4,32.7370086791557,30.9597111792208,30.0417524038476,30.0754674777193,30
852.45,32.7370086791557,30.9597111792208,30.0417524038476,30.0754674777193,30
852.5,32.7075581679103,30.9020648008935,30.013212616692,30.0767045656535,30
852.55,32.7075581679103,30.9020648008935,30.013212616692,30.0767045656535,30
852.6,32.7075581679103,30.9020648008935,30.013212616692,30.0767045656535,30
852.65,32.7075581679103,30.9020648008935,30.013212616692,30.0767045656535,30
852.7,32.7075581679103,30.9020648008935,30.013212616692,30.0767045656535,30
852.75,32.7075581679103,30.9020648008935,30.013212616692,30.0767045656535,30
852.8,32.7075581679103,30.9020648008935,30.013212616692,30.0767045656535,30
852.85,32.7075581679103,30.9020648008935,30.013212616692,30.0767045656535,30
852.9,32.7075581679103,30.9020648008935,30.013212616692,30.0767045656535,30
852.95,32.7075581679103,30.9020648008935,30.013212616692,30.0767045656535,30
853.0,32.7075581679103,30.9308832938978,30.013212616692,30.0763248132251,30
853.05,32.7075581679103,30.9308832938978,30.013212616692,30.0763248132251,30
853.1,32.7075581679103,30.9308832938978,30.013212616692,30.0763248132251,30
853.15,32.7075581679103,30.9308832938978,30.013212616692,30.0763248132251,30
853.2,32.7075581679103,30.9308832938978,30.013212616692,30.0763248132251,30
853.25,32.7075581679103,30.9308832938978,30.013212616692,30.0763248132251,30
853.3,32.7075581679103,30.9308832938978,30.013212616692,30.0763248132251,30
853.35,32.7075581679103,30.9308832938978,30.013212616692,30.0763248132251,30
853.4,32.7075581679103,30.9308832938978,30.013212616692,30.0763248132251,30
853.45,32.7075581679103,30.9308832938978,30.013212616692,30.0763248132251,30
853.5,32.7075581679103,30.9020648008935,30.013212616692,30.0767413677954,30
853.55,32.7075581679103,30.9020648008935,30.013212616692,30.0767413677954,30
853.6,32.7075581679103,30.9020648008935,30.013212616692,30.0767413677954,30
853.65,32.7075581679103,30.9020648008935,30.013212616692,30.0767413677954,30
853.7,32.7075581679103,30.9020648008935,30.013212616692,30.0767413677954,30
853.75,32.7075581679103,30.9020648008935,30.013212616692,30.0767413677954,30
853.8,32.7075581679103,30.9020648008935,30.013212616692,30.0767413677954,30
853.85,32.7075581679103,30.9020648008935,30.013212616692,30.0767413677954,30
853.9,32.7075581679103,30.9020648008935,30.013212616692,30.0767413677954,30
853.95,32.7075581679103,30.9020648008935,30.013212616692,30.0767413677954,30
854.0,32.7075581679103,30.9308832938978,30.013212616692,30.0763550356064,30
854.05,32.7075581679103,30.9308832938978,30.013212616692,30.0763550356064,30
854.1,32.7075581679103,30.9308832938978,30.013212616692,30.0763550356064,30
854.15,32.7075581679103,30.9308832938978,30.013212616692,30.0763550356064,30
854.2,32.7075581679103,30.9308832938978,30.013212616692,30.0763550356064,30
854.25,32.7075581679103,30.9308832938978,30.013212616692,30.0763550356064,30
854.3,32.7075581679103,30.9308832938978,30.013212616692,30.0763550356064,30
854.35,32.7075581679103,30.9308832938978,30.013212616692,30.0763550356064,30
854.4,32.7075581679103,30.9308832938978,30.013212616692,30.0763550356064,30
854.45,32.7075581679103,30.9308832938978,30.013212616692,30.0763550356064,30
854.5,32.6486901785946,30.873255674741,29.9561588022635,30.0767653157342,30
854.55,32.6486901785946,30.873255674741,29.9561588022635,30.0767653157342,30
854.6,32.6486901785946,30.873255674741,29.9561588022635,30.0767653157342,30
854.65,32.6486901785946,30.873255674741,29.9561588022635,30.0767653157342,30
854.7,32.6486901785946,30.873255674741,29.9561588022635,30.0767653157342,30
854.75,32.6486901785946,30.873255674741,29.9561588022635,30.0767653157342,30
854.8,32.6486901785946,30.873255674741,29.9561588022635,30.0767653157342,30
854.85,32.6486901785946,30.873255674741,29.9561588022635,30.0767653157342,30
854.9,32.6486901785946,30.873255674741,29.9561588022635,30.0767653157342,30
854.95,32.6486901785946,30.873255674741,29.9561588022635,30.0767653157342,30
855.0,32.6781186770451,30.9020648008935,29.984681424287,30.0755862343789,30
855.05,32.6781186770451,30.9020648008935,29.984681424287,30.0755862343789,30
855.1,32.6781186770451,30.9020648008935,29.984681424287,30.0755862343789,30
855.15,32.6781186770451,30.9020648008935,29.984681424287,30.0755862343789,30
855.2,32.6781186770451,30.9020648008935,29.984681424287,30.0755862343789,30
855.25,32.6781186770451,30.9020648008935,29.984681424287,30.0755862343789,30
855.3,32.6781186770451,30.9020648008935,29.984681424287,30.0755862343789,30
855.35,32.6781186770451,30.9020648008935,29.984681424287,30.0755862343789,30
855.4,32.6781186770451,30.9020648008935,29.984681424287,30.0755862343789,30
855.45,32.6781186770451,30.9020648008935,29.984681424287,30.0755862343789,30
855.5,32.7075581679103,30.9020648008935,30.013212616692,30.0752292547213,30
855.55,32.7075581679103,30.9020648008935,30.013212616692,30.0752292547213,30
855.6,32.7075581679103,30.9020648008935,30.013212616692,30.0752292547213,30
855.65,32.7075581679103,30.9020648008935,30.013212616692,30.0752292547213,30
855.7,32.7075581679103,30.9020648008935,30.013212616692,30.0752292547213,30
855.75,32.7075581679103,30.9020648008935,30.013212616692,30.0752292547213,30
855.8,32.7075581679103,30.9020648008935,30.013212616692,30.0752292547213,30
855.85,32.7075581679103,30.9020648008935,30.013212616692,30.0752292547213,30
855.9,32.7075581679103,30.9020648008935,30.013212616692,30.0752292547213,30
855.95,32.7075581679103,30.9020648008935,30.013212616692,30.0752292547213,30
856.0,32.7370086791557,30.9597111792208,30.0417524038476,30.0748815840966,30
856.05,32.7370086791557,30.9597111792208,30.0417524038476,30.0748815840966,30
856.1,32.7370086791557,30.9597111792208,30.0417524038476,30.0748815840966,30
856.15,32.7370086791557,30.9597111792208,30.0417524038476,30.0748815840966,30
856.2,32.7370086791557,30.9597111792208,30.0417524038476,30.0748815840966,30
856.25,32.7370086791557,30.9597111792208,30.0417524038476,30.0748815840966,30
856.3,32.7370086791557,30.9597111792208,30.0417524038476,30.0748815840966,30
856.35,32.7370086791557,30.9597111792208,30.0417524038476,30.0748815840966,30
856.4,32.7370086791557,30.9597111792208,30.0417524038476,30.0748815840966,30
856.45,32.7370086791557,30.9597111792208,30.0417524038476,30.0748815840966,30
856.5,32.6781186770451,30.9020648008935,29.984681424287,30.0761160967465,30
856.55,32.6781186770451,30.9020648008935,29.984681424287,30.0761160967465,30
856.6,32.6781186770451,30.9020648008935,29.984681424287,30.0761160967465,30
856.65,32.6781186770451,30.9020648008935,29.984681424287,30.0761160967465,30
856.7,32.6781186770451,30.9020648008935,29.984681424287,30.0761160967465,30
856.75,32.6781186770451,30.9020648008935,29.984681424287,30.0761160967465,30
856.8,32.6781186770451,30.9020648008935,29.984681424287,30.0761160967465,30
856.85,32.6781186770451,30.9020648008935,29.984681424287,30.0761160967465,30
856.9,32.6781186770451,30.9020648008935,29.984681424287,30.0761160967465,30
856.95,32.6781186770451,30.9020648008935,29.984681424287,30.0761160967465,30
857.0,32.7075581679103,30.9020648008935,30.013212616692,30.0757336204577,30
857.05,32.7075581679103,30.9020648008935,30.013212616692,30.0757336204577,30
857.1,32.7075581679103,30.9020648008935,30.013212616692,30.0757336204577,30
857.15,32.7075581679103,30.9020648008935,30.013212616692,30.0757336204577,30
857.2,32.7075581679103,30.9020648008935,30.013212616692,30.0757336204577,30
857.25,32.7075581679103,30.9020648008935,30.013212616692,30.0757336204577,30
857.3,32.7075581679103,30.9020648008935,30.013212616692,30.0757336204577,30
857.35,32.7075581679103,30.9020648008935,30.013212616692,30.0757336204577,30
857.4,32.7075581679103,30.9020648008935,30.013212616692,30.0757336204577,30
857.45,32.7075581679103,30.9020648008935,30.013212616692,30.0757336204577,30
857.5,32.6781186770451,30.9020648008935,29.984681424287,30.0753614397894,30
857.55,32.6781186770451,30.9020648008935,29.984681424287,30.0753614397894,30
857.6,32.6781186770451,30.9020648008935,29.984681424287,30.0753614397894,30
857.65,32.6781186770451,30.9020648008935,29.984681424287,30.0753614397894,30
857.7,32.6781186770451,30.9020648008935,29.984681424287,30.0753614397894,30
857.75,32.6781186770451,30.9020648008935,29.984681424287,30.0753614397894,30
857.8,32.6781186770451,30.9020648008935,29.984681424287,30.0753614397894,30
857.85,32.6781186770451,30.9020648008935,29.984681424287,30.0753614397894,30
857.9,32.6781186770451,30.9020648008935,29.984681424287,30.0753614397894,30
857.95,32.6781186770451,30.9020648008935,29.984681424287,30.0753614397894,30
858.0,32.7075581679103,30.9020648008935,30.013212616692,30.0749992327133,30
858.05,32.7075581679103,30.9020648008935,30.013212616692,30.0749992327133,30
858.1,32.7075581679103,30.9020648008935,30.013212616692,30.0749992327133,30
858.15,32.7075581679103,30.9020648008935,30.013212616692,30.0749992327133,30
858.2,32.7075581679103,30.9020648008935,30.013212616692,30.0749992327133,30
858.25,32.7075581679103,30.9020648008935,30.013212616692,30.0749992327133,30
858.3,32.7075581679103,30.9020648008935,30.013212616692,30.0749992327133,30
858.35,32.7075581679103,30.9020648008935,30.013212616692,30.0749992327133,30
858.4,32.7075581679103,30.9020648008935,30.013212616692,30.0749992327133,30
858.45,32.7075581679103,30.9020648008935,30.013212616692,30.0749992327133,30
858.5,32.7370086791557,30.9308832938978,30.0417524038476,30.0746467063278,30
858.55,32.7370086791557,30.9308832938978,30.0417524038476,30.0746467063278,30
858.6,32.7370086791557,30.9308832938978,30.0417524038476,30.0746467063278,30
858.65,32.7370086791557,30.9308832938978,30.0417524038476,30.0746467063278,30
858.7,32.7370086791557,30.9308832938978,30.0417524038476,30.0746467063278,30
858.75,32.7370086791557,30.9308832938978,30.0417524038476,30.0746467063278,30
858.8,32.7370086791557,30.9308832938978,30.0417524038476,30.0746467063278,30
858.85,32.7370086791557,30.9308832938978,30.0417524038476,30.0746467063278,30
858.9,32.7370086791557,30.9308832938978,30.0417524038476,30.0746467063278,30
858.95,32.7370086791557,30.9308832938978,30.0417524038476,30.0746467063278,30
859.0,32.6781186770451,30.873255674741,29.984681424287,30.0750905828709,30
859.05,32.6781186770451,30.873255674741,29.984681424287,30.0750905828709,30
859.1,32.6781186770451,30.873255674741,29.984681424287,30.0750905828709,30
859.15,32.6781186770451,30.873255674741,29.984681424287,30.0750905828709,30
859.2,32.6781186770451,30.873255674741,29.984681424287,30.0750905828709,30
859.25,32.6781186770451,30.873255674741,29.984681424287,30.0750905828709,30
859.3,32.6781186770451,30.873255674741,29.984681424287,30.0750905828709,30
859.35,32.6781186770451,30.873255674741,29.984681424287,30.0750905828709,30
859.4,32.6781186770451,30.873255674741,29.984681424287,30.0750905828709,30
859.45,32.6781186770451,30.873255674741,29.984681424287,30.0750905828709,30
859.5,32.7075581679103,30.9308832938978,30.013212616692,30.0739454448345,30
859.55,32.7075581679103,30.9308832938978,30.013212616692,30.0739454448345,30
859.6,32.7075581679103,30.9308832938978,30.013212616692,30.0739454448345,30
859.65,32.7075581679103,30.9308832938978,30.013212616692,30.0739454448345,30
859.7,32.7075581679103,30.9308832938978,30.013212616692,30.0739454448345,30
859.75,32.7075581679103,30.9308832938978,30.013212616692,30.0739454448345,30
859.8,32.7075581679103,30.9308832938978,30.013212616692,30.0739454448345,30
859.85,32.7075581679103,30.9308832938978,30.013212616692,30.0739454448345,30
859.9,32.7075581679103,30.9308832938978,30.013212616692,30.0739454448345,30
859.95,32.7075581679103,30.9308832938978,30.013212616692,30.0739454448345,30
860.0,32.6781186770451,30.873255674741,29.984681424287,30.0744086025992,30
860.05,32.6781186770451,30.873255674741,29.984681424287,30.0744086025992,30
860.1,32.6781186770451,30.873255674741,29.984681424287,30.0744086025992,30
860.15,32.6781186770451,30.873255674741,29.984681424287,30.0744086025992,30
860.2,32.6781186770451,30.873255674741,29.984681424287,30.0744086025992,30
860.25,32.6781186770451,30.873255674741,29.984681424287,30.0744086025992,30
860.3,32.6781186770451,30.873255674741,29.984681424287,30.0744086025992,30
860.35,32.6781186770451,30.873255674741,29.984681424287,30.0744086025992,30
860.4,32.6781186770451,30.873255674741,29.984681424287,30.0744086025992,30
860.45,32.6781186770451,30.873255674741,29.984681424287,30.0744086025992,30
860.5,32.6781186770451,30.873255674741,29.984681424287,30.0732815901429,30
860.55,32.6781186770451,30.873255674741,29.984681424287,30.0732815901429,30
860.6,32.6781186770451,30.873255674741,29.984681424287,30.0732815901429,30
860.65,32.6781186770451,30.873255674741,29.984681424287,30.0732815901429,30
860.7,32.6781186770451,30.873255674741,29.984681424287,30.0732815901429,30
860.75,32.6781186770451,30.873255674741,29.984681424287,30.0732815901429,30
860.8,32.6781186770451,30.873255674741,29.984681424287,30.0732815901429,30
860.85,32.6781186770451,30.873255674741,29.984681424287,30.0732815901429,30
860.9,32.6781186770451,30.873255674741,29.984681424287,30.0732815901429,30
860.95,32.6781186770451,30.873255674741,29.984681424287,30.0732815901429,30
861.0,32.6486901785946,30.84445589001,29.9561588022635,30.0721902502347,30
861.05,32.6486901785946,30.84445589001,29.9561588022635,30.0721902502347,30
861.1,32.6486901785946,30.84445589001,29.9561588022635,30.0721902502347,30
861.15,32.6486901785946,30.84445589001,29.9561588022635,30.0721902502347,30
861.2,32.6486901785946,30.84445589001,29.9561588022635,30.0721902502347,30
861.25,32.6486901785946,30.84445589001,29.9561588022635,30.0721902502347,30
861.3,32.6486901785946,30.84445589001,29.9561588022635,30.0721902502347,30
861.35,32.6486901785946,30.84445589001,29.9561588022635,30.0721902502347,30
861.4,32.6486901785946,30.84445589001,29.9561588022635,30.0721902502347,30
861.45,32.6486901785946,30.84445589001,29.9561588022635,30.0721902502347,30
861.5,32.7075581679103,30.9308832938978,30.0417524038476,30.0703474569412,30
861.55,32.7075581679103,30.9308832938978,30.0417524038476,30.0703474569412,30
861.6,32.7075581679103,30.9308832938978,30.0417524038476,30.0703474569412,30
861.65,32.7075581679103,30.9308832938978,30.0417524038476,30.0703474569412,30
861.7,32.7075581679103,30.9308832938978,30.0417524038476,30.0703474569412,30
861.75,32.7075581679103,30.9308832938978,30.0417524038476,30.0703474569412,30
861.8,32.7075581679103,30.9308832938978,30.0417524038476,30.0703474569412,30
861.85,32.7075581679103,30.9308832938978,30.0417524038476,30.0703474569412,30
861.9,32.7075581679103,30.9308832938978,30.0417524038476,30.0703474569412,30
861.95,32.7075581679103,30.9308832938978,30.0417524038476,30.0703474569412,30
862.0,32.7075581679103,30.9308832938978,30.013212616692,30.0709220157329,30
862.05,32.7075581679103,30.9308832938978,30.013212616692,30.0709220157329,30
862.1,32.7075581679103,30.9308832938978,30.013212616692,30.0709220157329,30
862.15,32.7075581679103,30.9308832938978,30.013212616692,30.0709220157329,30
862.2,32.7075581679103,30.9308832938978,30.013212616692,30.0709220157329,30
862.25,32.7075581679103,30.9308832938978,30.013212616692,30.0709220157329,30
862.3,32.7075581679103,30.9308832938978,30.013212616692,30.0709220157329,30
862.35,32.7075581679103,30.9308832938978,30.013212616692,30.0709220157329,30
862.4,32.7075581679103,30.9308832938978,30.013212616692,30.0709220157329,30
862.45,32.7075581679103,30.9308832938978,30.013212616692,30.0709220157329,30
862.5,32.7075581679103,30.9308832938978,30.013212616692,30.0714748227276,30
862.55,32.7075581679103,30.9308832938978,30.013212616692,30.0714748227276,30
862.6,32.7075581679103,30.9308832938978,30.013212616692,30.0714748227276,30
862.65,32.7075581679103,30.9308832938978,30.013212616692,30.0714748227276,30
862.7,32.7075581679103,30.9308832938978,30.013212616692,30.0714748227276,30
862.75,32.7075581679103,30.9308832938978,30.013212616692,30.0714748227276,30
862.8,32.7075581679103,30.9308832938978,30.013212616692,30.0714748227276,30
862.85,32.7075581679103,30.9308832938978,30.013212616692,30.0714748227276,30
862.9,32.7075581679103,30.9308832938978,30.013212616692,30.0714748227276,30
862.95,32.7075581679103,30.9308832938978,30.013212616692,30.0714748227276,30
863.0,32.7370086791557,30.9597111792208,30.0417524038476,30.0720066572536,30
863.05,32.7370086791557,30.9597111792208,30.0417524038476,30.0720066572536,30
863.1,32.7370086791557,30.9597111792208,30.0417524038476,30.0720066572536,30
863.15,32.7370086791557,30.9597111792208,30.0417524038476,30.0720066572536,30
863.2,32.7370086791557,30.9597111792208,30.0417524038476,30.0720066572536,30
863.25,32.7370086791557,30.9597111792208,30.0417524038476,30.0720066572536,30
863.3,32.7370086791557,30.9597111792208,30.0417524038476,30.0720066572536,30
863.35,32.7370086791557,30.9597111792208,30.0417524038476,30.0720066572536,30
863.4,32.7370086791557,30.9597111792208,30.0417524038476,30.0720066572536,30
863.45,32.7370086791557,30.9597111792208,30.0417524038476,30.0720066572536,30
863.5,32.7075581679103,30.9308832938978,30.0417524038476,30.0733049798306,30
863.55,32.7075581679103,30.9308832938978,30.0417524038476,30.0733049798306,30
863.6,32.7075581679103,30.9308832938978,30.0417524038476,30.0733049798306,30
863.65,32.7075581679103,30.9308832938978,30.0417524038476,30.0733049798306,30
863.7,32.7075581679103,30.9308832938978,30.0417524038476,30.0733049798306,30
863.75,32.7075581679103,30.9308832938978,30.0417524038476,30.0733049798306,30
863.8,32.7075581679103,30.9308832938978,30.0417524038476,30.0733049798306,30
863.85,32.7075581679103,30.9308832938978,30.0417524038476,30.0733049798306,30
863.9,32.7075581679103,30.9308832938978,30.0417524038476,30.0733049798306,30
863.95,32.7075581679103,30.9308832938978,30.0417524038476,30.0733049798306,30
864.0,32.6781186770451,30.9020648008935,30.013212616692,30.0737710846498,30
864.05,32.6781186770451,30.9020648008935,30.013212616692,30.0737710846498,30
864.1,32.6781186770451,30.9020648008935,30.013212616692,30.0737710846498,30
864.15,32.6781186770451,30.9020648008935,30.013212616692,30.0737710846498,30
864.2,32.6781186770451,30.9020648008935,30.013212616692,30.0737710846498,30
864.25,32.6781186770451,30.9020648008935,30.013212616692,30.0737710846498,30
864.3,32.6781186770451,30.9020648008935,30.013212616692,30.0737710846498,30
864.35,32.6781186770451,30.9020648008935,30.013212616692,30.0737710846498,30
864.4,32.6781186770451,30.9020648008935,30.013212616692,30.0737710846498,30
864.45,32.6781186770451,30.9020648008935,30.013212616692,30.0737710846498,30
864.5,32.7075581679103,30.9308832938978,30.013212616692,30.0734328246078,30
864.55,32.7075581679103,30.9308832938978,30.013212616692,30.0734328246078,30
864.6,32.7075581679103,30.9308832938978,30.013212616692,30.0734328246078,30
864.65,32.7075581679103,30.9308832938978,30.013212616692,30.0734328246078,30
864.7,32.7075581679103,30.9308832938978,30.013212616692,30.0734328246078,30
864.75,32.7075581679103,30.9308832938978,30.013212616692,30.0734328246078,30
864.8,32.7075581679103,30.9308832938978,30.013212616692,30.0734328246078,30
864.85,32.7075581679103,30.9308832938978,30.013212616692,30.0734328246078,30
864.9,32.7075581679103,30.9308832938978,30.013212616692,30.0734328246078,30
864.95,32.7075581679103,30.9308832938978,30.013212616692,30.0734328246078,30
865.0,32.6781186770451,30.9020648008935,30.013212616692,30.0738897554312,30
865.05,32.6781186770451,30.9020648008935,30.013212616692,30.0738897554312,30
865.1,32.6781186770451,30.9020648008935,30.013212616692,30.0738897554312,30
865.15,32.6781186770451,30.9020648008935,30.013212616692,30.0738897554312,30
865.2,32.6781186770451,30.9020648008935,30.013212616692,30.0738897554312,30
865.25,32.6781186770451,30.9020648008935,30.013212616692,30.0738897554312,30
865.3,32.6781186770451,30.9020648008935,30.013212616692,30.0738897554312,30
865.35,32.6781186770451,30.9020648008935,30.013212616692,30.0738897554312,30
865.4,32.6781186770451,30.9020648008935,30.013212616692,30.0738897554312,30
865.45,32.6781186770451,30.9020648008935,30.013212616692,30.0738897554312,30
865.5,32.6781186770451,30.9020648008935,29.984681424287,30.0735427078393,30
865.55,32.6781186770451,30.9020648008935,29.984681424287,30.0735427078393,30
865.6,32.6781186770451,30.9020648008935,29.984681424287,30.0735427078393,30
865.65,32.6781186770451,30.9020648008935,29.984681424287,30.0735427078393,30
865.7,32.6781186770451,30.9020648008935,29.984681424287,30.0735427078393,30
865.75,32.6781186770451,30.9020648008935,29.984681424287,30.0735427078393,30
865.8,32.6781186770451,30.9020648008935,29.984681424287,30.0735427078393,30
865.85,32.6781186770451,30.9020648008935,29.984681424287,30.0735427078393,30
865.9,32.6781186770451,30.9020648008935,29.984681424287,30.0735427078393,30
865.95,32.6781186770451,30.9020648008935,29.984681424287,30.0735427078393,30
866.0,32.7370086791557,30.9597111792208,30.0703008101557,30.0732047710633,30
866.05,32.7370086791557,30.9597111792208,30.0703008101557,30.0732047710633,30
866.1,32.7370086791557,30.9597111792208,30.0703008101557,30.0732047710633,30
866.15,32.7370086791557,30.9597111792208,30.0703008101557,30.0732047710633,30
866.2,32.7370086791557,30.9597111792208,30.0703008101557,30.0732047710633,30
866.25,32.7370086791557,30.9597111792208,30.0703008101557,30.0732047710633,30
866.3,32.7370086791557,30.9597111792208,30.0703008101557,30.0732047710633,30
866.35,32.7370086791557,30.9597111792208,30.0703008101557,30.0732047710633,30
866.4,32.7370086791557,30.9597111792208,30.0703008101557,30.0732047710633,30
866.45,32.7370086791557,30.9597111792208,30.0703008101557,30.0732047710633,30
866.5,32.7075581679103,30.9020648008935,30.013212616692,30.0744488330202,30
866.55,32.7075581679103,30.9020648008935,30.013212616692,30.0744488330202,30
866.6,32.7075581679103,30.9020648008935,30.013212616692,30.0744488330202,30
866.65,32.7075581679103,30.9020648008935,30.013212616692,30.0744488330202,30
866.7,32.7075581679103,30.9020648008935,30.013212616692,30.0744488330202,30
866.75,32.7075581679103,30.9020648008935,30.013212616692,30.0744488330202,30
866.8,32.7075581679103,30.9020648008935,30.013212616692,30.0744488330202,30
866.85,32.7075581679103,30.9020648008935,30.013212616692,30.0744488330202,30
866.9,32.7075581679103,30.9020648008935,30.013212616692,30.0744488330202,30
866.95,32.7075581679103,30.9020648008935,30.013212616692,30.0744488330202,30
867.0,32.7075581679103,30.9308832938978,30.0417524038476,30.0740768598522,30
867.05,32.7075581679103,30.9308832938978,30.0417524038476,30.0740768598522,30
867.1,32.7075581679103,30.9308832938978,30.0417524038476,30.0740768598522,30
867.15,32.7075581679103,30.9308832938978,30.0417524038476,30.0740768598522,30
867.2,32.7075581679103,30.9308832938978,30.0417524038476,30.0740768598522,30
867.25,32.7075581679103,30.9308832938978,30.0417524038476,30.0740768598522,30
867.3,32.7075581679103,30.9308832938978,30.0417524038476,30.0740768598522,30
867.35,32.7075581679103,30.9308832938978,30.0417524038476,30.0740768598522,30
867.4,32.7075581679103,30.9308832938978,30.0417524038476,30.0740768598522,30
867.45,32.7075581679103,30.9308832938978,30.0417524038476,30.0740768598522,30
867.5,32.6486901785946,30.873255674741,29.9561588022635,30.0745019561705,30
867.55,32.6486901785946,30.873255674741,29.9561588022635,30.0745019561705,30
867.6,32.6486901785946,30.873255674741,29.9561588022635,30.0745019561705,30
867.65,32.6486901785946,30.873255674741,29.9561588022635,30.0745019561705,30
867.7,32.6486901785946,30.873255674741,29.9561588022635,30.0745019561705,30
867.75,32.6486901785946,30.873255674741,29.9561588022635,30.0745019561705,30
867.8,32.6486901785946,30.873255674741,29.9561588022635,30.0745019561705,30
867.85,32.6486901785946,30.873255674741,29.9561588022635,30.0745019561705,30
867.9,32.6486901785946,30.873255674741,29.9561588022635,30.0745019561705,30
867.95,32.6486901785946,30.873255674741,29.9561588022635,30.0745019561705,30
868.0,32.6781186770451,30.873255674741,29.984681424287,30.0733381187611,30
868.05,32.6781186770451,30.873255674741,29.984681424287,30.0733381187611,30
868.1,32.6781186770451,30.873255674741,29.984681424287,30.0733381187611,30
868.15,32.6781186770451,30.873255674741,29.984681424287,30.0733381187611,30
868.2,32.6781186770451,30.873255674741,29.984681424287,30.0733381187611,30
868.25,32.6781186770451,30.873255674741,29.984681424287,30.0733381187611,30
868.3,32.6781186770451,30.873255674741,29.984681424287,30.0733381187611,30
868.35,32.6781186770451,30.873255674741,29.984681424287,30.0733381187611,30
868.4,32.6781186770451,30.873255674741,29.984681424287,30.0733381187611,30
868.45,32.6781186770451,30.873255674741,29.984681424287,30.0733381187611,30
868.5,32.6781186770451,30.9020648008935,29.984681424287,30.0722111577178,30
868.55,32.6781186770451,30.9020648008935,29.984681424287,30.0722111577178,30
868.6,32.6781186770451,30.9020648008935,29.984681424287,30.0722111577178,30
868.65,32.6781186770451,30.9020648008935,29.984681424287,30.0722111577178,30
868.7,32.6781186770451,30.9020648008935,29.984681424287,30.0722111577178,30
868.75,32.6781186770451,30.9020648008935,29.984681424287,30.0722111577178,30
868.8,32.6781186770451,30.9020648008935,29.984681424287,30.0722111577178,30
868.85,32.6781186770451,30.9020648008935,29.984681424287,30.0722111577178,30
868.9,32.6781186770451,30.9020648008935,29.984681424287,30.0722111577178,30
868.95,32.6781186770451,30.9020648008935,29.984681424287,30.0722111577178,30
869.0,32.6486901785946,30.873255674741,29.984681424287,30.0719060352495,30
869.05,32.6486901785946,30.873255674741,29.984681424287,30.0719060352495,30
869.1,32.6486901785946,30.873255674741,29.984681424287,30.0719060352495,30
869.15,32.6486901785946,30.873255674741,29.984681424287,30.0719060352495,30
869.2,32.6486901785946,30.873255674741,29.984681424287,30.0719060352495,30
869.25,32.6486901785946,30.873255674741,29.984681424287,30.0719060352495,30
869.3,32.6486901785946,30.873255674741,29.984681424287,30.0719060352495,30
869.35,32.6486901785946,30.873255674741,29.984681424287,30.0719060352495,30
869.4,32.6486901785946,30.873255674741,29.984681424287,30.0719060352495,30
869.45,32.6486901785946,30.873255674741,29.984681424287,30.0719060352495,30
869.5,32.6781186770451,30.873255674741,29.984681424287,30.0708226153006,30
869.55,32.6781186770451,30.873255674741,29.984681424287,30.0708226153006,30
869.6,32.6781186770451,30.873255674741,29.984681424287,30.0708226153006,30
869.65,32.6781186770451,30.873255674741,29.984681424287,30.0708226153006,30
869.7,32.6781186770451,30.873255674741,29.984681424287,30.0708226153006,30
869.75,32.6781186770451,30.873255674741,29.984681424287,30.0708226153006,30
869.8,32.6781186770451,30.873255674741,29.984681424287,30.0708226153006,30
869.85,32.6781186770451,30.873255674741,29.984681424287,30.0708226153006,30
869.9,32.6781186770451,30.873255674741,29.984681424287,30.0708226153006,30
869.95,32.6781186770451,30.873255674741,29.984681424287,30.0708226153006,30
870.0,32.7075581679103,30.9308832938978,30.013212616692,30.0697734293585,30
870.05,32.7075581679103,30.9308832938978,30.013212616692,30.0697734293585,30
870.1,32.7075581679103,30.9308832938978,30.013212616692,30.0697734293585,30
870.15,32.7075581679103,30.9308832938978,30.013212616692,30.0697734293585,30
870.2,32.7075581679103,30.9308832938978,30.013212616692,30.0697734293585,30
870.25,32.7075581679103,30.9308832938978,30.013212616692,30.0697734293585,30
870.3,32.7075581679103,30.9308832938978,30.013212616692,30.0697734293585,30
870.35,32.7075581679103,30.9308832938978,30.013212616692,30.0697734293585,30
870.4,32.7075581679103,30.9308832938978,30.013212616692,30.0697734293585,30
870.45,32.7075581679103,30.9308832938978,30.013212616692,30.0697734293585,30
870.5,32.6781186770451,30.9020648008935,29.984681424287,30.0703299811532,30
870.55,32.6781186770451,30.9020648008935,29.984681424287,30.0703299811532,30
870.6,32.6781186770451,30.9020648008935,29.984681424287,30.0703299811532,30
870.65,32.6781186770451,30.9020648008935,29.984681424287,30.0703299811532,30
870.7,32.6781186770451,30.9020648008935,29.984681424287,30.0703299811532,30
870.75,32.6781186770451,30.9020648008935,29.984681424287,30.0703299811532,30
870.8,32.6781186770451,30.9020648008935,29.984681424287,30.0703299811532,30
870.85,32.6781186770451,30.9020648008935,29.984681424287,30.0703299811532,30
870.9,32.6781186770451,30.9020648008935,29.984681424287,30.0703299811532,30
870.95,32.6781186770451,30.9020648008935,29.984681424287,30.0703299811532,30
871.0,32.7075581679103,30.9308832938978,30.0417524038476,30.0700795070969,30
871.05,32.7075581679103,30.9308832938978,30.0417524038476,30.0700795070969,30
871.1,32.7075581679103,30.9308832938978,30.0417524038476,30.0700795070969,30
871.15,32.7075581679103,30.9308832938978,30.0417524038476,30.0700795070969,30
871.2,32.7075581679103,30.9308832938978,30.0417524038476,30.0700795070969,30
871.25,32.7075581679103,30.9308832938978,30.0417524038476,30.0700795070969,30
871.3,32.7075581679103,30.9308832938978,30.0417524038476,30.0700795070969,30
871.35,32.7075581679103,30.9308832938978,30.0417524038476,30.0700795070969,30
871.4,32.7075581679103,30.9308832938978,30.0417524038476,30.0700795070969,30
871.45,32.7075581679103,30.9308832938978,30.0417524038476,30.0700795070969,30
871.5,32.6486901785946,30.84445589001,29.9561588022635,30.0706216482256,30
871.55,32.6486901785946,30.84445589001,29.9561588022635,30.0706216482256,30
871.6,32.6486901785946,30.84445589001,29.9561588022635,30.0706216482256,30
871.65,32.6486901785946,30.84445589001,29.9561588022635,30.0706216482256,30
871.7,32.6486901785946,30.84445589001,29.9561588022635,30.0706216482256,30
871.75,32.6486901785946,30.84445589001,29.9561588022635,30.0706216482256,30
871.8,32.6486901785946,30.84445589001,29.9561588022635,30.0706216482256,30
871.85,32.6486901785946,30.84445589001,29.9561588022635,30.0706216482256,30
871.9,32.6486901785946,30.84445589001,29.9561588022635,30.0706216482256,30
871.95,32.6486901785946,30.84445589001,29.9561588022635,30.0706216482256,30
872.0,32.6192726446392,30.84445589001,29.9561588022635,30.0687857510602,30
872.05,32.6192726446392,30.84445589001,29.9561588022635,30.0687857510602,30
872.1,32.6192726446392,30.84445589001,29.9561588022635,30.0687857510602,30
872.15,32.6192726446392,30.84445589001,29.9561588022635,30.0687857510602,30
872.2,32.6192726446392,30.84445589001,29.9561588022635,30.0687857510602,30
872.25,32.6192726446392,30.84445589001,29.9561588022635,30.0687857510602,30
872.3,32.6192726446392,30.84445589001,29.9561588022635,30.0687857510602,30
872.35,32.6192726446392,30.84445589001,29.9561588022635,30.0687857510602,30
872.4,32.6192726446392,30.84445589001,29.9561588022635,30.0687857510602,30
872.45,32.6192726446392,30.84445589001,29.9561588022635,30.0687857510602,30
872.5,32.6486901785946,30.873255674741,29.984681424287,30.0670090726153,30
872.55,32.6486901785946,30.873255674741,29.984681424287,30.0670090726153,30
872.6,32.6486901785946,30.873255674741,29.984681424287,30.0670090726153,30
872.65,32.6486901785946,30.873255674741,29.984681424287,30.0670090726153,30
872.7,32.6486901785946,30.873255674741,29.984681424287,30.0670090726153,30
872.75,32.6486901785946,30.873255674741,29.984681424287,30.0670090726153,30
872.8,32.6486901785946,30.873255674741,29.984681424287,30.0670090726153,30
872.85,32.6486901785946,30.873255674741,29.984681424287,30.0670090726153,30
872.9,32.6486901785946,30.873255674741,29.984681424287,30.0670090726153,30
872.95,32.6486901785946,30.873255674741,29.984681424287,30.0670090726153,30
873.0,32.6781186770451,30.9020648008935,30.013212616692,30.0660750079717,30
873.05,32.6781186770451,30.9020648008935,30.013212616692,30.0660750079717,30
873.1,32.6781186770451,30.9020648008935,30.013212616692,30.0660750079717,30
873.15,32.6781186770451,30.9020648008935,30.013212616692,30.0660750079717,30
873.2,32.6781186770451,30.9020648008935,30.013212616692,30.0660750079717,30
873.25,32.6781186770451,30.9020648008935,30.013212616692,30.0660750079717,30
873.3,32.6781186770451,30.9020648008935,30.013212616692,30.0660750079717,30
873.35,32.6781186770451,30.9020648008935,30.013212616692,30.0660750079717,30
873.4,32.6781186770451,30.9020648008935,30.013212616692,30.0660750079717,30
873.45,32.6781186770451,30.9020648008935,30.013212616692,30.0660750079717,30
873.5,32.6781186770451,30.9020648008935,29.984681424287,30.0659559333955,30
873.55,32.6781186770451,30.9020648008935,29.984681424287,30.0659559333955,30
873.6,32.6781186770451,30.9020648008935,29.984681424287,30.0659559333955,30
873.65,32.6781186770451,30.9020648008935,29.984681424287,30.0659559333955,30
873.7,32.6781186770451,30.9020648008935,29.984681424287,30.0659559333955,30
873.75,32.6781186770451,30.9020648008935,29.984681424287,30.0659559333955,30
873.8,32.6781186770451,30.9020648008935,29.984681424287,30.0659559333955,30
873.85,32.6781186770451,30.9020648008935,29.984681424287,30.0659559333955,30
873.9,32.6781186770451,30.9020648008935,29.984681424287,30.0659559333955,30
873.95,32.6781186770451,30.9020648008935,29.984681424287,30.0659559333955,30
874.0,32.6486901785946,30.873255674741,29.984681424287,30.065838710706,30
874.05,32.6486901785946,30.873255674741,29.984681424287,30.065838710706,30
874.1,32.6486901785946,30.873255674741,29.984681424287,30.065838710706,30
874.15,32.6486901785946,30.873255674741,29.984681424287,30.065838710706,30
874.2,32.6486901785946,30.873255674741,29.984681424287,30.065838710706,30
874.25,32.6486901785946,30.873255674741,29.984681424287,30.065838710706,30
874.3,32.6486901785946,30.873255674741,29.984681424287,30.065838710706,30
874.35,32.6486901785946,30.873255674741,29.984681424287,30.065838710706,30
874.4,32.6486901785946,30.873255674741,29.984681424287,30.065838710706,30
874.45,32.6486901785946,30.873255674741,29.984681424287,30.065838710706,30
874.5,32.6781186770451,30.9020648008935,30.013212616692,30.0649371126003,30
874.55,32.6781186770451,30.9020648008935,30.013212616692,30.0649371126003,30
874.6,32.6781186770451,30.9020648008935,30.013212616692,30.0649371126003,30
874.65,32.6781186770451,30.9020648008935,30.013212616692,30.0649371126003,30
874.7,32.6781186770451,30.9020648008935,30.013212616692,30.0649371126003,30
874.75,32.6781186770451,30.9020648008935,30.013212616692,30.0649371126003,30
874.8,32.6781186770451,30.9020648008935,30.013212616692,30.0649371126003,30
874.85,32.6781186770451,30.9020648008935,30.013212616692,30.0649371126003,30
874.9,32.6781186770451,30.9020648008935,30.013212616692,30.0649371126003,30
874.95,32.6781186770451,30.9020648008935,30.013212616692,30.0649371126003,30
875.0,32.6781186770451,30.9020648008935,30.013212616692,30.0648494995353,30
875.05,32.6781186770451,30.9020648008935,30.013212616692,30.0648494995353,30
875.1,32.6781186770451,30.9020648008935,30.013212616692,30.0648494995353,30
875.15,32.6781186770451,30.9020648008935,30.013212616692,30.0648494995353,30
875.2,32.6781186770451,30.9020648008935,30.013212616692,30.0648494995353,30
875.25,32.6781186770451,30.9020648008935,30.013212616692,30.0648494995353,30
875.3,32.6781186770451,30.9020648008935,30.013212616692,30.0648494995353,30
875.35,32.6781186770451,30.9020648008935,30.013212616692,30.0648494995353,30
875.4,32.6781186770451,30.9020648008935,30.013212616692,30.0648494995353,30
875.45,32.6781186770451,30.9020648008935,30.013212616692,30.0648494995353,30
875.5,32.6781186770451,30.9020648008935,30.013212616692,30.0647627664013,30
875.55,32.6781186770451,30.9020648008935,30.013212616692,30.0647627664013,30
875.6,32.6781186770451,30.9020648008935,30.013212616692,30.0647627664013,30
875.65,32.6781186770451,30.9020648008935,30.013212616692,30.0647627664013,30
875.7,32.6781186770451,30.9020648008935,30.013212616692,30.0647627664013,30
875.75,32.6781186770451,30.9020648008935,30.013212616692,30.0647627664013,30
875.8,32.6781186770451,30.9020648008935,30.013212616692,30.0647627664013,30
875.85,32.6781186770451,30.9020648008935,30.013212616692,30.0647627664013,30
875.9,32.6781186770451,30.9020648008935,30.013212616692,30.0647627664013,30
875.95,32.6781186770451,30.9020648008935,30.013212616692,30.0647627664013,30
876.0,32.6781186770451,30.9020648008935,29.984681424287,30.0646769143644,30
876.05,32.6781186770451,30.9020648008935,29.984681424287,30.0646769143644,30
876.1,32.6781186770451,30.9020648008935,29.984681424287,30.0646769143644,30
876.15,32.6781186770451,30.9020648008935,29.984681424287,30.0646769143644,30
876.2,32.6781186770451,30.9020648008935,29.984681424287,30.0646769143644,30
876.25,32.6781186770451,30.9020648008935,29.984681424287,30.0646769143644,30
876.3,32.6781186770451,30.9020648008935,29.984681424287,30.0646769143644,30
876.35,32.6781186770451,30.9020648008935,29.984681424287,30.0646769143644,30
876.4,32.6781186770451,30.9020648008935,29.984681424287,30.0646769143644,30
876.45,32.6781186770451,30.9020648008935,29.984681424287,30.0646769143644,30
876.5,32.7370086791557,30.9597111792208,30.0417524038476,30.064591944099,30
876.55,32.7370086791557,30.9597111792208,30.0417524038476,30.064591944099,30
876.6,32.7370086791557,30.9597111792208,30.0417524038476,30.064591944099,30
876.65,32.7370086791557,30.9597111792208,30.0417524038476,30.064591944099,30
876.7,32.7370086791557,30.9597111792208,30.0417524038476,30.064591944099,30
876.75,32.7370086791557,30.9597111792208,30.0417524038476,30.064591944099,30
876.8,32.7370086791557,30.9597111792208,30.0417524038476,30.064591944099,30
876.85,32.7370086791557,30.9597111792208,30.0417524038476,30.064591944099,30
876.9,32.7370086791557,30.9597111792208,30.0417524038476,30.064591944099,30
876.95,32.7370086791557,30.9597111792208,30.0417524038476,30.064591944099,30
877.0,32.6486901785946,30.873255674741,29.9561588022635,30.0660810164865,30
877.05,32.6486901785946,30.873255674741,29.9561588022635,30.0660810164865,30
877.1,32.6486901785946,30.873255674741,29.9561588022635,30.0660810164865,30
877.15,32.6486901785946,30.873255674741,29.9561588022635,30.0660810164865,30
877.2,32.6486901785946,30.873255674741,29.9561588022635,30.0660810164865,30
877.25,32.6486901785946,30.873255674741,29.9561588022635,30.0660810164865,30
877.3,32.6486901785946,30.873255674741,29.9561588022635,30.0660810164865,30
877.35,32.6486901785946,30.873255674741,29.9561588022635,30.0660810164865,30
877.4,32.6486901785946,30.873255674741,29.9561588022635,30.0660810164865,30
877.45,32.6486901785946,30.873255674741,29.9561588022635,30.0660810164865,30
877.5,32.6192726446392,30.84445589001,29.927644726284,30.0651595929729,30
877.55,32.6192726446392,30.84445589001,29.927644726284,30.0651595929729,30
877.6,32.6192726446392,30.84445589001,29.927644726284,30.0651595929729,30
877.65,32.6192726446392,30.84445589001,29.927644726284,30.0651595929729,30
877.7,32.6192726446392,30.84445589001,29.927644726284,30.0651595929729,30
877.75,32.6192726446392,30.84445589001,29.927644726284,30.0651595929729,30
877.8,32.6192726446392,30.84445589001,29.927644726284,30.0651595929729,30
877.85,32.6192726446392,30.84445589001,29.927644726284,30.0651595929729,30
877.9,32.6192726446392,30.84445589001,29.927644726284,30.0651595929729,30
877.95,32.6192726446392,30.84445589001,29.927644726284,30.0651595929729,30
878.0,32.6486901785946,30.873255674741,29.984681424287,30.0634808701565,30
878.05,32.6486901785946,30.873255674741,29.984681424287,30.0634808701565,30
878.1,32.6486901785946,30.873255674741,29.984681424287,30.0634808701565,30
878.15,32.6486901785946,30.873255674741,29.984681424287,30.0634808701565,30
878.2,32.6486901785946,30.873255674741,29.984681424287,30.0634808701565,30
878.25,32.6486901785946,30.873255674741,29.984681424287,30.0634808701565,30
878.3,32.6486901785946,30.873255674741,29.984681424287,30.0634808701565,30
878.35,32.6486901785946,30.873255674741,29.984681424287,30.0634808701565,30
878.4,32.6486901785946,30.873255674741,29.984681424287,30.0634808701565,30
878.45,32.6486901785946,30.873255674741,29.984681424287,30.0634808701565,30
878.5,32.7075581679103,30.9020648008935,30.013212616692,30.0626417775039,30
878.55,32.7075581679103,30.9020648008935,30.013212616692,30.0626417775039,30
878.6,32.7075581679103,30.9020648008935,30.013212616692,30.0626417775039,30
878.65,32.7075581679103,30.9020648008935,30.013212616692,30.0626417775039,30
878.7,32.7075581679103,30.9020648008935,30.013212616692,30.0626417775039,30
878.75,32.7075581679103,30.9020648008935,30.013212616692,30.0626417775039,30
878.8,32.7075581679103,30.9020648008935,30.013212616692,30.0626417775039,30
878.85,32.7075581679103,30.9020648008935,30.013212616692,30.0626417775039,30
878.9,32.7075581679103,30.9020648008935,30.013212616692,30.0626417775039,30
878.95,32.7075581679103,30.9020648008935,30.013212616692,30.0626417775039,30
879.0,32.6781186770451,30.9020648008935,30.013212616692,30.0626153605334,30
879.05,32.6781186770451,30.9020648008935,30.013212616692,30.0626153605334,30
879.1,32.6781186770451,30.9020648008935,30.013212616692,30.0626153605334,30
879.15,32.6781186770451,30.9020648008935,30.013212616692,30.0626153605334,30
879.2,32.6781186770451,30.9020648008935,30.013212616692,30.0626153605334,30
879.25,32.6781186770451,30.9020648008935,30.013212616692,30.0626153605334,30
879.3,32.6781186770451,30.9020648008935,30.013212616692,30.0626153605334,30
879.35,32.6781186770451,30.9020648008935,30.013212616692,30.0626153605334,30
879.4,32.6781186770451,30.9020648008935,30.013212616692,30.0626153605334,30
879.45,32.6781186770451,30.9020648008935,30.013212616692,30.0626153605334,30
879.5,32.6781186770451,30.9020648008935,30.013212616692,30.0625885382996,30
879.55,32.6781186770451,30.9020648008935,30.013212616692,30.0625885382996,30
879.6,32.6781186770451,30.9020648008935,30.013212616692,30.0625885382996,30
879.65,32.6781186770451,30.9020648008935,30.013212616692,30.0625885382996,30
879.7,32.6781186770451,30.9020648008935,30.013212616692,30.0625885382996,30
879.75,32.6781186770451,30.9020648008935,30.013212616692,30.0625885382996,30
879.8,32.6781186770451,30.9020648008935,30.013212616692,30.0625885382996,30
879.85,32.6781186770451,30.9020648008935,30.013212616692,30.0625885382996,30
879.9,32.6781186770451,30.9020648008935,30.013212616692,30.0625885382996,30
879.95,32.6781186770451,30.9020648008935,30.013212616692,30.0625885382996,30
880.0,32.6781186770451,30.9020648008935,30.013212616692,30.0625607821973,30
880.05,32.6781186770451,30.9020648008935,30.013212616692,30.0625607821973,30
880.1,32.6781186770451,30.9020648008935,30.013212616692,30.0625607821973,30
880.15,32.6781186770451,30.9020648008935,30.013212616692,30.0625607821973,30
880.2,32.6781186770451,30.9020648008935,30.013212616692,30.0625607821973,30
880.25,32.6781186770451,30.9020648008935,30.013212616692,30.0625607821973,30
880.3,32.6781186770451,30.9020648008935,30.013212616692,30.0625607821973,30
880.35,32.6781186770451,30.9020648008935,30.013212616692,30.0625607821973,30
880.4,32.6781186770451,30.9020648008935,30.013212616692,30.0625607821973,30
880.45,32.6781186770451,30.9020648008935,30.013212616692,30.0625607821973,30
880.5,32.7370086791557,30.9597111792208,30.0417524038476,30.0625321519309,30
880.55,32.7370086791557,30.9597111792208,30.0417524038476,30.0625321519309,30
880.6,32.7370086791557,30.9597111792208,30.0417524038476,30.0625321519309,30
880.65,32.7370086791557,30.9597111792208,30.0417524038476,30.0625321519309,30
880.7,32.7370086791557,30.9597111792208,30.0417524038476,30.0625321519309,30
880.75,32.7370086791557,30.9597111792208,30.0417524038476,30.0625321519309,30
880.8,32.7370086791557,30.9597111792208,30.0417524038476,30.0625321519309,30
880.85,32.7370086791557,30.9597111792208,30.0417524038476,30.0625321519309,30
880.9,32.7370086791557,30.9597111792208,30.0417524038476,30.0625321519309,30
880.95,32.7370086791557,30.9597111792208,30.0417524038476,30.0625321519309,30
881.0,32.6192726446392,30.84445589001,29.9561588022635,30.0640758654227,30
881.05,32.6192726446392,30.84445589001,29.9561588022635,30.0640758654227,30
881.1,32.6192726446392,30.84445589001,29.9561588022635,30.0640758654227,30
881.15,32.6192726446392,30.84445589001,29.9561588022635,30.0640758654227,30
881.2,32.6192726446392,30.84445589001,29.9561588022635,30.0640758654227,30
881.25,32.6192726446392,30.84445589001,29.9561588022635,30.0640758654227,30
881.3,32.6192726446392,30.84445589001,29.9561588022635,30.0640758654227,30
881.35,32.6192726446392,30.84445589001,29.9561588022635,30.0640758654227,30
881.4,32.6192726446392,30.84445589001,29.9561588022635,30.0640758654227,30
881.45,32.6192726446392,30.84445589001,29.9561588022635,30.0640758654227,30
881.5,32.7370086791557,30.9597111792208,30.0703008101557,30.0624214976728,30
881.55,32.7370086791557,30.9597111792208,30.0703008101557,30.0624214976728,30
881.6,32.7370086791557,30.9597111792208,30.0703008101557,30.0624214976728,30
881.65,32.7370086791557,30.9597111792208,30.0703008101557,30.0624214976728,30
881.7,32.7370086791557,30.9597111792208,30.0703008101557,30.0624214976728,30
881.75,32.7370086791557,30.9597111792208,30.0703008101557,30.0624214976728,30
881.8,32.7370086791557,30.9597111792208,30.0703008101557,30.0624214976728,30
881.85,32.7370086791557,30.9597111792208,30.0703008101557,30.0624214976728,30
881.9,32.7370086791557,30.9597111792208,30.0703008101557,30.0624214976728,30
881.95,32.7370086791557,30.9597111792208,30.0703008101557,30.0624214976728,30
882.0,32.7075581679103,30.9308832938978,30.013212616692,30.0639654696694,30
882.05,32.7075581679103,30.9308832938978,30.013212616692,30.0639654696694,30
882.1,32.7075581679103,30.9308832938978,30.013212616692,30.0639654696694,30
882.15,32.7075581679103,30.9308832938978,30.013212616692,30.0639654696694,30
882.2,32.7075581679103,30.9308832938978,30.013212616692,30.0639654696694,30
882.25,32.7075581679103,30.9308832938978,30.013212616692,30.0639654696694,30
882.3,32.7075581679103,30.9308832938978,30.013212616692,30.0639654696694,30
882.35,32.7075581679103,30.9308832938978,30.013212616692,30.0639654696694,30
882.4,32.7075581679103,30.9308832938978,30.013212616692,30.0639654696694,30
882.45,32.7075581679103,30.9308832938978,30.013212616692,30.0639654696694,30
882.5,32.7075581679103,30.9597111792208,30.0417524038476,30.0646699943453,30
882.55,32.7075581679103,30.9597111792208,30.0417524038476,30.0646699943453,30
882.6,32.7075581679103,30.9597111792208,30.0417524038476,30.0646699943453,30
882.65,32.7075581679103,30.9597111792208,30.0417524038476,30.0646699943453,30
882.7,32.7075581679103,30.9597111792208,30.0417524038476,30.0646699943453,30
882.75,32.7075581679103,30.9597111792208,30.0417524038476,30.0646699943453,30
882.8,32.7075581679103,30.9597111792208,30.0417524038476,30.0646699943453,30
882.85,32.7075581679103,30.9597111792208,30.0417524038476,30.0646699943453,30
882.9,32.7075581679103,30.9597111792208,30.0417524038476,30.0646699943453,30
882.95,32.7075581679103,30.9597111792208,30.0417524038476,30.0646699943453,30
883.0,32.6486901785946,30.873255674741,29.984681424287,30.0661357449855,30
883.05,32.6486901785946,30.873255674741,29.984681424287,30.0661357449855,30
883.1,32.6486901785946,30.873255674741,29.984681424287,30.0661357449855,30
883.15,32.6486901785946,30.873255674741,29.984681424287,30.0661357449855,30
883.2,32.6486901785946,30.873255674741,29.984681424287,30.0661357449855,30
883.25,32.6486901785946,30.873255674741,29.984681424287,30.0661357449855,30
883.3,32.6486901785946,30.873255674741,29.984681424287,30.0661357449855,30
883.35,32.6486901785946,30.873255674741,29.984681424287,30.0661357449855,30
883.4,32.6486901785946,30.873255674741,29.984681424287,30.0661357449855,30
883.45,32.6486901785946,30.873255674741,29.984681424287,30.0661357449855,30
883.5,32.6781186770451,30.9020648008935,30.013212616692,30.0651915477366,30
883.55,32.6781186770451,30.9020648008935,30.013212616692,30.0651915477366,30
883.6,32.6781186770451,30.9020648008935,30.013212616692,30.0651915477366,30
883.65,32.6781186770451,30.9020648008935,30.013212616692,30.0651915477366,30
883.7,32.6781186770451,30.9020648008935,30.013212616692,30.0651915477366,30
883.75,32.6781186770451,30.9020648008935,30.013212616692,30.0651915477366,30
883.8,32.6781186770451,30.9020648008935,30.013212616692,30.0651915477366,30
883.85,32.6781186770451,30.9020648008935,30.013212616692,30.0651915477366,30
883.9,32.6781186770451,30.9020648008935,30.013212616692,30.0651915477366,30
883.95,32.6781186770451,30.9020648008935,30.013212616692,30.0651915477366,30
884.0,32.6486901785946,30.873255674741,29.984681424287,30.0650632844933,30
884.05,32.6486901785946,30.873255674741,29.984681424287,30.0650632844933,30
884.1,32.6486901785946,30.873255674741,29.984681424287,30.0650632844933,30
884.15,32.6486901785946,30.873255674741,29.984681424287,30.0650632844933,30
884.2,32.6486901785946,30.873255674741,29.984681424287,30.0650632844933,30
884.25,32.6486901785946,30.873255674741,29.984681424287,30.0650632844933,30
884.3,32.6486901785946,30.873255674741,29.984681424287,30.0650632844933,30
884.35,32.6486901785946,30.873255674741,29.984681424287,30.0650632844933,30
884.4,32.6486901785946,30.873255674741,29.984681424287,30.0650632844933,30
884.45,32.6486901785946,30.873255674741,29.984681424287,30.0650632844933,30
884.5,32.7075581679103,30.9308832938978,30.0417524038476,30.0641515794138,30
884.55,32.7075581679103,30.9308832938978,30.0417524038476,30.0641515794138,30
884.6,32.7075581679103,30.9308832938978,30.0417524038476,30.0641515794138,30
884.65,32.7075581679103,30.9308832938978,30.0417524038476,30.0641515794138,30
884.7,32.7075581679103,30.9308832938978,30.0417524038476,30.0641515794138,30
884.75,32.7075581679103,30.9308832938978,30.0417524038476,30.0641515794138,30
884.8,32.7075581679103,30.9308832938978,30.0417524038476,30.0641515794138,30
884.85,32.7075581679103,30.9308832938978,30.0417524038476,30.0641515794138,30
884.9,32.7075581679103,30.9308832938978,30.0417524038476,30.0641515794138,30
884.95,32.7075581679103,30.9308832938978,30.0417524038476,30.0641515794138,30
885.0,32.7075581679103,30.9308832938978,30.0417524038476,30.0648412049242,30
885.05,32.7075581679103,30.9308832938978,30.0417524038476,30.0648412049242,30
885.1,32.7075581679103,30.9308832938978,30.0417524038476,30.0648412049242,30
885.15,32.7075581679103,30.9308832938978,30.0417524038476,30.0648412049242,30
885.2,32.7075581679103,30.9308832938978,30.0417524038476,30.0648412049242,30
885.25,32.7075581679103,30.9308832938978,30.0417524038476,30.0648412049242,30
885.3,32.7075581679103,30.9308832938978,30.0417524038476,30.0648412049242,30
885.35,32.7075581679103,30.9308832938978,30.0417524038476,30.0648412049242,30
885.4,32.7075581679103,30.9308832938978,30.0417524038476,30.0648412049242,30
885.45,32.7075581679103,30.9308832938978,30.0417524038476,30.0648412049242,30
885.5,32.6486901785946,30.873255674741,29.984681424287,30.0655065590364,30
885.55,32.6486901785946,30.873255674741,29.984681424287,30.0655065590364,30
885.6,32.6486901785946,30.873255674741,29.984681424287,30.0655065590364,30
885.65,32.6486901785946,30.873255674741,29.984681424287,30.0655065590364,30
885.7,32.6486901785946,30.873255674741,29.984681424287,30.0655065590364,30
885.75,32.6486901785946,30.873255674741,29.984681424287,30.0655065590364,30
885.8,32.6486901785946,30.873255674741,29.984681424287,30.0655065590364,30
885.85,32.6486901785946,30.873255674741,29.984681424287,30.0655065590364,30
885.9,32.6486901785946,30.873255674741,29.984681424287,30.0655065590364,30
885.95,32.6486901785946,30.873255674741,29.984681424287,30.0655065590364,30
886.0,32.6486901785946,30.9020648008935,29.984681424287,30.0645758386209,30
886.05,32.6486901785946,30.9020648008935,29.984681424287,30.0645758386209,30
886.1,32.6486901785946,30.9020648008935,29.984681424287,30.0645758386209,30
886.15,32.6486901785946,30.9020648008935,29.984681424287,30.0645758386209,30
886.2,32.6486901785946,30.9020648008935,29.984681424287,30.0645758386209,30
886.25,32.6486901785946,30.9020648008935,29.984681424287,30.0645758386209,30
886.3,32.6486901785946,30.9020648008935,29.984681424287,30.0645758386209,30
886.35,32.6486901785946,30.9020648008935,29.984681424287,30.0645758386209,30
886.4,32.6486901785946,30.9020648008935,29.984681424287,30.0645758386209,30
886.45,32.6486901785946,30.9020648008935,29.984681424287,30.0645758386209,30
886.5,32.6781186770451,30.9020648008935,29.984681424287,30.0644601370839,30
886.55,32.6781186770451,30.9020648008935,29.984681424287,30.0644601370839,30
886.6,32.6781186770451,30.9020648008935,29.984681424287,30.0644601370839,30
886.65,32.6781186770451,30.9020648008935,29.984681424287,30.0644601370839,30
886.7,32.6781186770451,30.9020648008935,29.984681424287,30.0644601370839,30
886.75,32.6781186770451,30.9020648008935,29.984681424287,30.0644601370839,30
886.8,32.6781186770451,30.9020648008935,29.984681424287,30.0644601370839,30
886.85,32.6781186770451,30.9020648008935,29.984681424287,30.0644601370839,30
886.9,32.6781186770451,30.9020648008935,29.984681424287,30.0644601370839,30
886.95,32.6781186770451,30.9020648008935,29.984681424287,30.0644601370839,30
887.0,32.6486901785946,30.873255674741,29.9561588022635,30.0643463220514,30
887.05,32.6486901785946,30.873255674741,29.9561588022635,30.0643463220514,30
887.1,32.6486901785946,30.873255674741,29.9561588022635,30.0643463220514,30
887.15,32.6486901785946,30.873255674741,29.9561588022635,30.0643463220514,30
887.2,32.6486901785946,30.873255674741,29.9561588022635,30.0643463220514,30
887.25,32.6486901785946,30.873255674741,29.9561588022635,30.0643463220514,30
887.3,32.6486901785946,30.873255674741,29.9561588022635,30.0643463220514,30
887.35,32.6486901785946,30.873255674741,29.9561588022635,30.0643463220514,30
887.4,32.6486901785946,30.873255674741,29.9561588022635,30.0643463220514,30
887.45,32.6486901785946,30.873255674741,29.9561588022635,30.0643463220514,30
887.5,32.6192726446392,30.84445589001,29.9561588022635,30.0634487249129,30
887.55,32.6192726446392,30.84445589001,29.9561588022635,30.0634487249129,30
887.6,32.6192726446392,30.84445589001,29.9561588022635,30.0634487249129,30
887.65,32.6192726446392,30.84445589001,29.9561588022635,30.0634487249129,30
887.7,32.6192726446392,30.84445589001,29.9561588022635,30.0634487249129,30
887.75,32.6192726446392,30.84445589001,29.9561588022635,30.0634487249129,30
887.8,32.6192726446392,30.84445589001,29.9561588022635,30.0634487249129,30
887.85,32.6192726446392,30.84445589001,29.9561588022635,30.0634487249129,30
887.9,32.6192726446392,30.84445589001,29.9561588022635,30.0634487249129,30
887.95,32.6192726446392,30.84445589001,29.9561588022635,30.0634487249129,30
888.0,32.7370086791557,30.9597111792208,30.0417524038476,30.0617935373352,30
888.05,32.7370086791557,30.9597111792208,30.0417524038476,30.0617935373352,30
888.1,32.7370086791557,30.9597111792208,30.0417524038476,30.0617935373352,30
888.15,32.7370086791557,30.9597111792208,30.0417524038476,30.0617935373352,30
888.2,32.7370086791557,30.9597111792208,30.0417524038476,30.0617935373352,30
888.25,32.7370086791557,30.9597111792208,30.0417524038476,30.0617935373352,30
888.3,32.7370086791557,30.9597111792208,30.0417524038476,30.0617935373352,30
888.35,32.7370086791557,30.9597111792208,30.0417524038476,30.0617935373352,30
888.4,32.7370086791557,30.9597111792208,30.0417524038476,30.0617935373352,30
888.45,32.7370086791557,30.9597111792208,30.0417524038476,30.0617935373352,30
888.5,32.6781186770451,30.9308832938978,30.013212616692,30.0633370483923,30
888.55,32.6781186770451,30.9308832938978,30.013212616692,30.0633370483923,30
888.6,32.6781186770451,30.9308832938978,30.013212616692,30.0633370483923,30
888.65,32.6781186770451,30.9308832938978,30.013212616692,30.0633370483923,30
888.7,32.6781186770451,30.9308832938978,30.013212616692,30.0633370483923,30
888.75,32.6781186770451,30.9308832938978,30.013212616692,30.0633370483923,30
888.8,32.6781186770451,30.9308832938978,30.013212616692,30.0633370483923,30
888.85,32.6781186770451,30.9308832938978,30.013212616692,30.0633370483923,30
888.9,32.6781186770451,30.9308832938978,30.013212616692,30.0633370483923,30
888.95,32.6781186770451,30.9308832938978,30.013212616692,30.0633370483923,30
889.0,32.7075581679103,30.9308832938978,30.0417524038476,30.0640408820332,30
889.05,32.7075581679103,30.9308832938978,30.0417524038476,30.0640408820332,30
889.1,32.7075581679103,30.9308832938978,30.0417524038476,30.0640408820332,30
889.15,32.7075581679103,30.9308832938978,30.0417524038476,30.0640408820332,30
889.2,32.7075581679103,30.9308832938978,30.0417524038476,30.0640408820332,30
889.25,32.7075581679103,30.9308832938978,30.0417524038476,30.0640408820332,30
889.3,32.7075581679103,30.9308832938978,30.0417524038476,30.0640408820332,30
889.35,32.7075581679103,30.9308832938978,30.0417524038476,30.0640408820332,30
889.4,32.7075581679103,30.9308832938978,30.0417524038476,30.0640408820332,30
889.45,32.7075581679103,30.9308832938978,30.0417524038476,30.0640408820332,30
889.5,32.6486901785946,30.873255674741,29.984681424287,30.0647195955078,30
889.55,32.6486901785946,30.873255674741,29.984681424287,30.0647195955078,30
889.6,32.6486901785946,30.873255674741,29.984681424287,30.0647195955078,30
889.65,32.6486901785946,30.873255674741,29.984681424287,30.0647195955078,30
889.7,32.6486901785946,30.873255674741,29.984681424287,30.0647195955078,30
889.75,32.6486901785946,30.873255674741,29.984681424287,30.0647195955078,30
889.8,32.6486901785946,30.873255674741,29.984681424287,30.0647195955078,30
889.85,32.6486901785946,30.873255674741,29.984681424287,30.0647195955078,30
889.9,32.6486901785946,30.873255674741,29.984681424287,30.0647195955078,30
889.95,32.6486901785946,30.873255674741,29.984681424287,30.0647195955078,30
890.0,32.6781186770451,30.9020648008935,30.013212616692,30.063801982443,30
890.05,32.6781186770451,30.9020648008935,30.013212616692,30.063801982443,30
890.1,32.6781186770451,30.9020648008935,30.013212616692,30.063801982443,30
890.15,32.6781186770451,30.9020648008935,30.013212616692,30.063801982443,30
890.2,32.6781186770451,30.9020648008935,30.013212616692,30.063801982443,30
890.25,32.6781186770451,30.9020648008935,30.013212616692,30.063801982443,30
890.3,32.6781186770451,30.9020648008935,30.013212616692,30.063801982443,30
890.35,32.6781186770451,30.9020648008935,30.013212616692,30.063801982443,30
890.4,32.6781186770451,30.9020648008935,30.013212616692,30.063801982443,30
890.45,32.6781186770451,30.9020648008935,30.013212616692,30.063801982443,30
890.5,32.6781186770451,30.9020648008935,30.013212616692,30.0636997136248,30
890.55,32.6781186770451,30.9020648008935,30.013212616692,30.0636997136248,30
890.6,32.6781186770451,30.9020648008935,30.013212616692,30.0636997136248,30
890.65,32.6781186770451,30.9020648008935,30.013212616692,30.0636997136248,30
890.7,32.6781186770451,30.9020648008935,30.013212616692,30.0636997136248,30
890.75,32.6781186770451,30.9020648008935,30.013212616692,30.0636997136248,30
890.8,32.6781186770451,30.9020648008935,30.013212616692,30.0636997136248,30
890.85,32.6781186770451,30.9020648008935,30.013212616692,30.0636997136248,30
890.9,32.6781186770451,30.9020648008935,30.013212616692,30.0636997136248,30
890.95,32.6781186770451,30.9020648008935,30.013212616692,30.0636997136248,30
891.0,32.7075581679103,30.9308832938978,30.0417524038476,30.0635996254001,30
891.05,32.7075581679103,30.9308832938978,30.0417524038476,30.0635996254001,30
891.1,32.7075581679103,30.9308832938978,30.0417524038476,30.0635996254001,30
891.15,32.7075581679103,30.9308832938978,30.0417524038476,30.0635996254001,30
891.2,32.7075581679103,30.9308832938978,30.0417524038476,30.0635996254001,30
891.25,32.7075581679103,30.9308832938978,30.0417524038476,30.0635996254001,30
891.3,32.7075581679103,30.9308832938978,30.0417524038476,30.0635996254001,30
891.35,32.7075581679103,30.9308832938978,30.0417524038476,30.0635996254001,30
891.4,32.7075581679103,30.9308832938978,30.0417524038476,30.0635996254001,30
891.45,32.7075581679103,30.9308832938978,30.0417524038476,30.0635996254001,30
891.5,32.6486901785946,30.873255674741,29.984681424287,30.0642881147369,30
891.55,32.6486901785946,30.873255674741,29.984681424287,30.0642881147369,30
891.6,32.6486901785946,30.873255674741,29.984681424287,30.0642881147369,30
891.65,32.6486901785946,30.873255674741,29.984681424287,30.0642881147369,30
891.7,32.6486901785946,30.873255674741,29.984681424287,30.0642881147369,30
891.75,32.6486901785946,30.873255674741,29.984681424287,30.0642881147369,30
891.8,32.6486901785946,30.873255674741,29.984681424287,30.0642881147369,30
891.85,32.6486901785946,30.873255674741,29.984681424287,30.0642881147369,30
891.9,32.6486901785946,30.873255674741,29.984681424287,30.0642881147369,30
891.95,32.6486901785946,30.873255674741,29.984681424287,30.0642881147369,30
892.0,32.6486901785946,30.873255674741,29.984681424287,30.0633800211847,30
892.05,32.6486901785946,30.873255674741,29.984681424287,30.0633800211847,30
892.1,32.6486901785946,30.873255674741,29.984681424287,30.0633800211847,30
892.15,32.6486901785946,30.873255674741,29.984681424287,30.0633800211847,30
892.2,32.6486901785946,30.873255674741,29.984681424287,30.0633800211847,30
892.25,32.6486901785946,30.873255674741,29.984681424287,30.0633800211847,30
892.3,32.6486901785946,30.873255674741,29.984681424287,30.0633800211847,30
892.35,32.6486901785946,30.873255674741,29.984681424287,30.0633800211847,30
892.4,32.6486901785946,30.873255674741,29.984681424287,30.0633800211847,30
892.45,32.6486901785946,30.873255674741,29.984681424287,30.0633800211847,30
892.5,32.6486901785946,30.9020648008935,29.984681424287,30.0625008266703,30
892.55,32.6486901785946,30.9020648008935,29.984681424287,30.0625008266703,30
892.6,32.6486901785946,30.9020648008935,29.984681424287,30.0625008266703,30
892.65,32.6486901785946,30.9020648008935,29.984681424287,30.0625008266703,30
892.7,32.6486901785946,30.9020648008935,29.984681424287,30.0625008266703,30
892.75,32.6486901785946,30.9020648008935,29.984681424287,30.0625008266703,30
892.8,32.6486901785946,30.9020648008935,29.984681424287,30.0625008266703,30
892.85,32.6486901785946,30.9020648008935,29.984681424287,30.0625008266703,30
892.9,32.6486901785946,30.9020648008935,29.984681424287,30.0625008266703,30
892.95,32.6486901785946,30.9020648008935,29.984681424287,30.0625008266703,30
893.0,32.6486901785946,30.9020648008935,29.984681424287,30.0624351939535,30
893.05,32.6486901785946,30.9020648008935,29.984681424287,30.0624351939535,30
893.1,32.6486901785946,30.9020648008935,29.984681424287,30.0624351939535,30
893.15,32.6486901785946,30.9020648008935,29.984681424287,30.0624351939535,30
893.2,32.6486901785946,30.9020648008935,29.984681424287,30.0624351939535,30
893.25,32.6486901785946,30.9020648008935,29.984681424287,30.0624351939535,30
893.3,32.6486901785946,30.9020648008935,29.984681424287,30.0624351939535,30
893.35,32.6486901785946,30.9020648008935,29.984681424287,30.0624351939535,30
893.4,32.6486901785946,30.9020648008935,29.984681424287,30.0624351939535,30
893.45,32.6486901785946,30.9020648008935,29.984681424287,30.0624351939535,30
893.5,32.6486901785946,30.9020648008935,29.984681424287,30.0623694647176,30
893.55,32.6486901785946,30.9020648008935,29.984681424287,30.0623694647176,30
893.6,32.6486901785946,30.9020648008935,29.984681424287,30.0623694647176,30
893.65,32.6486901785946,30.9020648008935,29.984681424287,30.0623694647176,30
893.7,32.6486901785946,30.9020648008935,29.984681424287,30.0623694647176,30
893.75,32.6486901785946,30.9020648008935,29.984681424287,30.0623694647176,30
893.8,32.6486901785946,30.9020648008935,29.984681424287,30.0623694647176,30
893.85,32.6486901785946,30.9020648008935,29.984681424287,30.0623694647176,30
893.9,32.6486901785946,30.9020648008935,29.984681424287,30.0623694647176,30
893.95,32.6486901785946,30.9020648008935,29.984681424287,30.0623694647176,30
894.0,32.6781186770451,30.9308832938978,30.013212616692,30.0623036762627,30
894.05,32.6781186770451,30.9308832938978,30.013212616692,30.0623036762627,30
894.1,32.6781186770451,30.9308832938978,30.013212616692,30.0623036762627,30
894.15,32.6781186770451,30.9308832938978,30.013212616692,30.0623036762627,30
894.2,32.6781186770451,30.9308832938978,30.013212616692,30.0623036762627,30
894.25,32.6781186770451,30.9308832938978,30.013212616692,30.0623036762627,30
894.3,32.6781186770451,30.9308832938978,30.013212616692,30.0623036762627,30
894.35,32.6781186770451,30.9308832938978,30.013212616692,30.0623036762627,30
894.4,32.6781186770451,30.9308832938978,30.013212616692,30.0623036762627,30
894.45,32.6781186770451,30.9308832938978,30.013212616692,30.0623036762627,30
894.5,32.5898660473044,30.8156654213059,29.927644726284,30.0630243160943,30
894.55,32.5898660473044,30.8156654213059,29.927644726284,30.0630243160943,30
894.6,32.5898660473044,30.8156654213059,29.927644726284,30.0630243160943,30
894.65,32.5898660473044,30.8156654213059,29.927644726284,30.0630243160943,30
894.7,32.5898660473044,30.8156654213059,29.927644726284,30.0630243160943,30
894.75,32.5898660473044,30.8156654213059,29.927644726284,30.0630243160943,30
894.8,32.5898660473044,30.8156654213059,29.927644726284,30.0630243160943,30
894.85,32.5898660473044,30.8156654213059,29.927644726284,30.0630243160943,30
894.9,32.5898660473044,30.8156654213059,29.927644726284,30.0630243160943,30
894.95,32.5898660473044,30.8156654213059,29.927644726284,30.0630243160943,30
895.0,32.6486901785946,30.873255674741,29.984681424287,30.0605752540131,30
895.05,32.6486901785946,30.873255674741,29.984681424287,30.0605752540131,30
895.1,32.6486901785946,30.873255674741,29.984681424287,30.0605752540131,30
895.15,32.6486901785946,30.873255674741,29.984681424287,30.0605752540131,30
895.2,32.6486901785946,30.873255674741,29.984681424287,30.0605752540131,30
895.25,32.6486901785946,30.873255674741,29.984681424287,30.0605752540131,30
895.3,32.6486901785946,30.873255674741,29.984681424287,30.0605752540131,30
895.35,32.6486901785946,30.873255674741,29.984681424287,30.0605752540131,30
895.4,32.6486901785946,30.873255674741,29.984681424287,30.0605752540131,30
895.45,32.6486901785946,30.873255674741,29.984681424287,30.0605752540131,30
895.5,32.7075581679103,30.9308832938978,30.0417524038476,30.0597778191022,30
895.55,32.7075581679103,30.9308832938978,30.0417524038476,30.0597778191022,30
895.6,32.7075581679103,30.9308832938978,30.0417524038476,30.0597778191022,30
895.65,32.7075581679103,30.9308832938978,30.0417524038476,30.0597778191022,30
895.7,32.7075581679103,30.9308832938978,30.0417524038476,30.0597778191022,30
895.75,32.7075581679103,30.9308832938978,30.0417524038476,30.0597778191022,30
895.8,32.7075581679103,30.9308832938978,30.0417524038476,30.0597778191022,30
895.85,32.7075581679103,30.9308832938978,30.0417524038476,30.0597778191022,30
895.9,32.7075581679103,30.9308832938978,30.0417524038476,30.0597778191022,30
895.95,32.7075581679103,30.9308832938978,30.0417524038476,30.0597778191022,30
896.0,32.6486901785946,30.873255674741,29.984681424287,30.0605783645579,30
896.05,32.6486901785946,30.873255674741,29.984681424287,30.0605783645579,30
896.1,32.6486901785946,30.873255674741,29.984681424287,30.0605783645579,30
896.15,32.6486901785946,30.873255674741,29.984681424287,30.0605783645579,30
896.2,32.6486901785946,30.873255674741,29.984681424287,30.0605783645579,30
896.25,32.6486901785946,30.873255674741,29.984681424287,30.0605783645579,30
896.3,32.6486901785946,30.873255674741,29.984681424287,30.0605783645579,30
896.35,32.6486901785946,30.873255674741,29.984681424287,30.0605783645579,30
896.4,32.6486901785946,30.873255674741,29.984681424287,30.0605783645579,30
896.45,32.6486901785946,30.873255674741,29.984681424287,30.0605783645579,30
896.5,32.6486901785946,30.9020648008935,29.984681424287,30.0597787469749,30
896.55,32.6486901785946,30.9020648008935,29.984681424287,30.0597787469749,30
896.6,32.6486901785946,30.9020648008935,29.984681424287,30.0597787469749,30
896.65,32.6486901785946,30.9020648008935,29.984681424287,30.0597787469749,30
896.7,32.6486901785946,30.9020648008935,29.984681424287,30.0597787469749,30
896.75,32.6486901785946,30.9020648008935,29.984681424287,30.0597787469749,30
896.8,32.6486901785946,30.9020648008935,29.984681424287,30.0597787469749,30
896.85,32.6486901785946,30.9020648008935,29.984681424287,30.0597787469749,30
896.9,32.6486901785946,30.9020648008935,29.984681424287,30.0597787469749,30
896.95,32.6486901785946,30.9020648008935,29.984681424287,30.0597787469749,30
897.0,32.6781186770451,30.9308832938978,30.013212616692,30.0597901927599,30
897.05,32.6781186770451,30.9308832938978,30.013212616692,30.0597901927599,30
897.1,32.6781186770451,30.9308832938978,30.013212616692,30.0597901927599,30
897.15,32.6781186770451,30.9308832938978,30.013212616692,30.0597901927599,30
897.2,32.6781186770451,30.9308832938978,30.013212616692,30.0597901927599,30
897.25,32.6781186770451,30.9308832938978,30.013212616692,30.0597901927599,30
897.3,32.6781186770451,30.9308832938978,30.013212616692,30.0597901927599,30
897.35,32.6781186770451,30.9308832938978,30.013212616692,30.0597901927599,30
897.4,32.6781186770451,30.9308832938978,30.013212616692,30.0597901927599,30
897.45,32.6781186770451,30.9308832938978,30.013212616692,30.0597901927599,30
897.5,32.6192726446392,30.84445589001,29.9561588022635,30.0605855783562,30
897.55,32.6192726446392,30.84445589001,29.9561588022635,30.0605855783562,30
897.6,32.6192726446392,30.84445589001,29.9561588022635,30.0605855783562,30
897.65,32.6192726446392,30.84445589001,29.9561588022635,30.0605855783562,30
897.7,32.6192726446392,30.84445589001,29.9561588022635,30.0605855783562,30
897.75,32.6192726446392,30.84445589001,29.9561588022635,30.0605855783562,30
897.8,32.6192726446392,30.84445589001,29.9561588022635,30.0605855783562,30
897.85,32.6192726446392,30.84445589001,29.9561588022635,30.0605855783562,30
897.9,32.6192726446392,30.84445589001,29.9561588022635,30.0605855783562,30
897.95,32.6192726446392,30.84445589001,29.9561588022635,30.0605855783562,30
898.0,32.7075581679103,30.9308832938978,30.0417524038476,30.0589945442886,30
898.05,32.7075581679103,30.9308832938978,30.0417524038476,30.0589945442886,30
898.1,32.7075581679103,30.9308832938978,30.0417524038476,30.0589945442886,30
898.15,32.7075581679103,30.9308832938978,30.0417524038476,30.0589945442886,30
898.2,32.7075581679103,30.9308832938978,30.0417524038476,30.0589945442886,30
898.25,32.7075581679103,30.9308832938978,30.0417524038476,30.0589945442886,30
898.3,32.7075581679103,30.9308832938978,30.0417524038476,30.0589945442886,30
898.35,32.7075581679103,30.9308832938978,30.0417524038476,30.0589945442886,30
898.4,32.7075581679103,30.9308832938978,30.0417524038476,30.0589945442886,30
898.45,32.7075581679103,30.9308832938978,30.0417524038476,30.0589945442886,30
898.5,32.7075581679103,30.9308832938978,30.0417524038476,30.0598137934041,30
898.55,32.7075581679103,30.9308832938978,30.0417524038476,30.0598137934041,30
898.6,32.7075581679103,30.9308832938978,30.0417524038476,30.0598137934041,30
898.65,32.7075581679103,30.9308832938978,30.0417524038476,30.0598137934041,30
898.7,32.7075581679103,30.9308832938978,30.0417524038476,30.0598137934041,30
898.75,32.7075581679103,30.9308832938978,30.0417524038476,30.0598137934041,30
898.8,32.7075581679103,30.9308832938978,30.0417524038476,30.0598137934041,30
898.85,32.7075581679103,30.9308832938978,30.0417524038476,30.0598137934041,30
898.9,32.7075581679103,30.9308832938978,30.0417524038476,30.0598137934041,30
898.95,32.7075581679103,30.9308832938978,30.0417524038476,30.0598137934041,30
899.0,32.6486901785946,30.9020648008935,29.984681424287,30.0606050047102,30
899.05,32.6486901785946,30.9020648008935,29.984681424287,30.0606050047102,30
899.1,32.6486901785946,30.9020648008935,29.984681424287,30.0606050047102,30
899.15,32.6486901785946,30.9020648008935,29.984681424287,30.0606050047102,30
899.2,32.6486901785946,30.9020648008935,29.984681424287,30.0606050047102,30
899.25,32.6486901785946,30.9020648008935,29.984681424287,30.0606050047102,30
899.3,32.6486901785946,30.9020648008935,29.984681424287,30.0606050047102,30
899.35,32.6486901785946,30.9020648008935,29.984681424287,30.0606050047102,30
899.4,32.6486901785946,30.9020648008935,29.984681424287,30.0606050047102,30
899.45,32.6486901785946,30.9020648008935,29.984681424287,30.0606050047102,30
899.5,32.7075581679103,30.9308832938978,30.0417524038476,30.0605821199549,30
899.55,32.7075581679103,30.9308832938978,30.0417524038476,30.0605821199549,30
899.6,32.7075581679103,30.9308832938978,30.0417524038476,30.0605821199549,30
899.65,32.7075581679103,30.9308832938978,30.0417524038476,30.0605821199549,30
899.7,32.7075581679103,30.9308832938978,30.0417524038476,30.0605821199549,30
899.75,32.7075581679103,30.9308832938978,30.0417524038476,30.0605821199549,30
899.8,32.7075581679103,30.9308832938978,30.0417524038476,30.0605821199549,30
899.85,32.7075581679103,30.9308832938978,30.0417524038476,30.0605821199549,30
899.9,32.7075581679103,30.9308832938978,30.0417524038476,30.0605821199549,30
899.95,32.7075581679103,30.9308832938978,30.0417524038476,30.0605821199549,30
900.0,32.6486901785946,30.873255674741,29.984681424287,30.0613450185554,30
900.05,32.6486901785946,30.873255674741,29.984681424287,30.0613450185554,30
900.1,32.6486901785946,30.873255674741,29.984681424287,30.0613450185554,30
900.15,32.6486901785946,30.873255674741,29.984681424287,30.0613450185554,30
900.2,32.6486901785946,30.873255674741,29.984681424287,30.0613450185554,30
900.25,32.6486901785946,30.873255674741,29.984681424287,30.0613450185554,30
900.3,32.6486901785946,30.873255674741,29.984681424287,30.0613450185554,30
900.35,32.6486901785946,30.873255674741,29.984681424287,30.0613450185554,30
900.4,32.6486901785946,30.873255674741,29.984681424287,30.0613450185554,30
900.45,32.6486901785946,30.873255674741,29.984681424287,30.0613450185554,30
900.5,32.6486901785946,30.873255674741,29.984681424287,30.0605092005605,30
900.55,32.6486901785946,30.873255674741,29.984681424287,30.0605092005605,30
900.6,32.6486901785946,30.873255674741,29.984681424287,30.0605092005605,30
900.65,32.6486901785946,30.873255674741,29.984681424287,30.0605092005605,30
900.7,32.6486901785946,30.873255674741,29.984681424287,30.0605092005605,30
900.75,32.6486901785946,30.873255674741,29.984681424287,30.0605092005605,30
900.8,32.6486901785946,30.873255674741,29.984681424287,30.0605092005605,30
900.85,32.6486901785946,30.873255674741,29.984681424287,30.0605092005605,30
900.9,32.6486901785946,30.873255674741,29.984681424287,30.0605092005605,30
900.95,32.6486901785946,30.873255674741,29.984681424287,30.0605092005605,30
901.0,32.6781186770451,30.9308832938978,30.013212616692,30.0597002154232,30
901.05,32.6781186770451,30.9308832938978,30.013212616692,30.0597002154232,30
901.1,32.6781186770451,30.9308832938978,30.013212616692,30.0597002154232,30
901.15,32.6781186770451,30.9308832938978,30.013212616692,30.0597002154232,30
901.2,32.6781186770451,30.9308832938978,30.013212616692,30.0597002154232,30
901.25,32.6781186770451,30.9308832938978,30.013212616692,30.0597002154232,30
901.3,32.6781186770451,30.9308832938978,30.013212616692,30.0597002154232,30
901.35,32.6781186770451,30.9308832938978,30.013212616692,30.0597002154232,30
901.4,32.6781186770451,30.9308832938978,30.013212616692,30.0597002154232,30
901.45,32.6781186770451,30.9308832938978,30.013212616692,30.0597002154232,30
901.5,32.6781186770451,30.9020648008935,30.013212616692,30.0604892431302,30
901.55,32.6781186770451,30.9020648008935,30.013212616692,30.0604892431302,30
901.6,32.6781186770451,30.9020648008935,30.013212616692,30.0604892431302,30
901.65,32.6781186770451,30.9020648008935,30.013212616692,30.0604892431302,30
901.7,32.6781186770451,30.9020648008935,30.013212616692,30.0604892431302,30
901.75,32.6781186770451,30.9020648008935,30.013212616692,30.0604892431302,30
901.8,32.6781186770451,30.9020648008935,30.013212616692,30.0604892431302,30
901.85,32.6781186770451,30.9020648008935,30.013212616692,30.0604892431302,30
901.9,32.6781186770451,30.9020648008935,30.013212616692,30.0604892431302,30
901.95,32.6781186770451,30.9020648008935,30.013212616692,30.0604892431302,30
902.0,32.6781186770451,30.9020648008935,30.013212616692,30.0604643497819,30
902.05,32.6781186770451,30.9020648008935,30.013212616692,30.0604643497819,30
902.1,32.6781186770451,30.9020648008935,30.013212616692,30.0604643497819,30
902.15,32.6781186770451,30.9020648008935,30.013212616692,30.0604643497819,30
902.2,32.6781186770451,30.9020648008935,30.013212616692,30.0604643497819,30
902.25,32.6781186770451,30.9020648008935,30.013212616692,30.0604643497819,30
902.3,32.6781186770451,30.9020648008935,30.013212616692,30.0604643497819,30
902.35,32.6781186770451,30.9020648008935,30.013212616692,30.0604643497819,30
902.4,32.6781186770451,30.9020648008935,30.013212616692,30.0604643497819,30
902.45,32.6781186770451,30.9020648008935,30.013212616692,30.0604643497819,30
902.5,32.6486901785946,30.873255674741,29.984681424287,30.0604395085174,30
902.55,32.6486901785946,30.873255674741,29.984681424287,30.0604395085174,30
902.6,32.6486901785946,30.873255674741,29.984681424287,30.0604395085174,30
902.65,32.6486901785946,30.873255674741,29.984681424287,30.0604395085174,30
902.7,32.6486901785946,30.873255674741,29.984681424287,30.0604395085174,30
902.75,32.6486901785946,30.873255674741,29.984681424287,30.0604395085174,30
902.8,32.6486901785946,30.873255674741,29.984681424287,30.0604395085174,30
902.85,32.6486901785946,30.873255674741,29.984681424287,30.0604395085174,30
902.9,32.6486901785946,30.873255674741,29.984681424287,30.0604395085174,30
902.95,32.6486901785946,30.873255674741,29.984681424287,30.0604395085174,30
903.0,32.6781186770451,30.9020648008935,30.013212616692,30.0596285333825,30
903.05,32.6781186770451,30.9020648008935,30.013212616692,30.0596285333825,30
903.1,32.6781186770451,30.9020648008935,30.013212616692,30.0596285333825,30
903.15,32.6781186770451,30.9020648008935,30.013212616692,30.0596285333825,30
903.2,32.6781186770451,30.9020648008935,30.013212616692,30.0596285333825,30
903.25,32.6781186770451,30.9020648008935,30.013212616692,30.0596285333825,30
903.3,32.6781186770451,30.9020648008935,30.013212616692,30.0596285333825,30
903.35,32.6781186770451,30.9020648008935,30.013212616692,30.0596285333825,30
903.4,32.6781186770451,30.9020648008935,30.013212616692,30.0596285333825,30
903.45,32.6781186770451,30.9020648008935,30.013212616692,30.0596285333825,30
903.5,32.6486901785946,30.9020648008935,29.984681424287,30.0596298250334,30
903.55,32.6486901785946,30.9020648008935,29.984681424287,30.0596298250334,30
903.6,32.6486901785946,30.9020648008935,29.984681424287,30.0596298250334,30
903.65,32.6486901785946,30.9020648008935,29.984681424287,30.0596298250334,30
903.7,32.6486901785946,30.9020648008935,29.984681424287,30.0596298250334,30
903.75,32.6486901785946,30.9020648008935,29.984681424287,30.0596298250334,30
903.8,32.6486901785946,30.9020648008935,29.984681424287,30.0596298250334,30
903.85,32.6486901785946,30.9020648008935,29.984681424287,30.0596298250334,30
903.9,32.6486901785946,30.9020648008935,29.984681424287,30.0596298250334,30
903.95,32.6486901785946,30.9020648008935,29.984681424287,30.0596298250334,30
904.0,32.6486901785946,30.9020648008935,29.984681424287,30.0596297457986,30
904.05,32.6486901785946,30.9020648008935,29.984681424287,30.0596297457986,30
904.1,32.6486901785946,30.9020648008935,29.984681424287,30.0596297457986,30
904.15,32.6486901785946,30.9020648008935,29.984681424287,30.0596297457986,30
904.2,32.6486901785946,30.9020648008935,29.984681424287,30.0596297457986,30
904.25,32.6486901785946,30.9020648008935,29.984681424287,30.0596297457986,30
904.3,32.6486901785946,30.9020648008935,29.984681424287,30.0596297457986,30
904.35,32.6486901785946,30.9020648008935,29.984681424287,30.0596297457986,30
904.4,32.6486901785946,30.9020648008935,29.984681424287,30.0596297457986,30
904.45,32.6486901785946,30.9020648008935,29.984681424287,30.0596297457986,30
904.5,32.6192726446392,30.873255674741,29.984681424287,30.0596278000559,30
904.55,32.6192726446392,30.873255674741,29.984681424287,30.0596278000559,30
904.6,32.6192726446392,30.873255674741,29.984681424287,30.0596278000559,30
904.65,32.6192726446392,30.873255674741,29.984681424287,30.0596278000559,30
904.7,32.6192726446392,30.873255674741,29.984681424287,30.0596278000559,30
904.75,32.6192726446392,30.873255674741,29.984681424287,30.0596278000559,30
904.8,32.6192726446392,30.873255674741,29.984681424287,30.0596278000559,30
904.85,32.6192726446392,30.873255674741,29.984681424287,30.0596278000559,30
904.9,32.6192726446392,30.873255674741,29.984681424287,30.0596278000559,30
904.95,32.6192726446392,30.873255674741,29.984681424287,30.0596278000559,30
905.0,32.6192726446392,30.873255674741,29.9561588022635,30.0588378828676,30
905.05,32.6192726446392,30.873255674741,29.9561588022635,30.0588378828676,30
905.1,32.6192726446392,30.873255674741,29.9561588022635,30.0588378828676,30
905.15,32.6192726446392,30.873255674741,29.9561588022635,30.0588378828676,30
905.2,32.6192726446392,30.873255674741,29.9561588022635,30.0588378828676,30
905.25,32.6192726446392,30.873255674741,29.9561588022635,30.0588378828676,30
905.3,32.6192726446392,30.873255674741,29.9561588022635,30.0588378828676,30
905.35,32.6192726446392,30.873255674741,29.9561588022635,30.0588378828676,30
905.4,32.6192726446392,30.873255674741,29.9561588022635,30.0588378828676,30
905.45,32.6192726446392,30.873255674741,29.9561588022635,30.0588378828676,30
905.5,32.6486901785946,30.873255674741,29.984681424287,30.0580722764113,30
905.55,32.6486901785946,30.873255674741,29.984681424287,30.0580722764113,30
905.6,32.6486901785946,30.873255674741,29.984681424287,30.0580722764113,30
905.65,32.6486901785946,30.873255674741,29.984681424287,30.0580722764113,30
905.7,32.6486901785946,30.873255674741,29.984681424287,30.0580722764113,30
905.75,32.6486901785946,30.873255674741,29.984681424287,30.0580722764113,30
905.8,32.6486901785946,30.873255674741,29.984681424287,30.0580722764113,30
905.85,32.6486901785946,30.873255674741,29.984681424287,30.0580722764113,30
905.9,32.6486901785946,30.873255674741,29.984681424287,30.0580722764113,30
905.95,32.6486901785946,30.873255674741,29.984681424287,30.0580722764113,30
906.0,32.6192726446392,30.84445589001,29.9561588022635,30.0573307551928,30
906.05,32.6192726446392,30.84445589001,29.9561588022635,30.0573307551928,30
906.1,32.6192726446392,30.84445589001,29.9561588022635,30.0573307551928,30
906.15,32.6192726446392,30.84445589001,29.9561588022635,30.0573307551928,30
906.2,32.6192726446392,30.84445589001,29.9561588022635,30.0573307551928,30
906.25,32.6192726446392,30.84445589001,29.9561588022635,30.0573307551928,30
906.3,32.6192726446392,30.84445589001,29.9561588022635,30.0573307551928,30
906.35,32.6192726446392,30.84445589001,29.9561588022635,30.0573307551928,30
906.4,32.6192726446392,30.84445589001,29.9561588022635,30.0573307551928,30
906.45,32.6192726446392,30.84445589001,29.9561588022635,30.0573307551928,30
906.5,32.6781186770451,30.9020648008935,30.013212616692,30.0558271422613,30
906.55,32.6781186770451,30.9020648008935,30.013212616692,30.0558271422613,30
906.6,32.6781186770451,30.9020648008935,30.013212616692,30.0558271422613,30
906.65,32.6781186770451,30.9020648008935,30.013212616692,30.0558271422613,30
906.7,32.6781186770451,30.9020648008935,30.013212616692,30.0558271422613,30
906.75,32.6781186770451,30.9020648008935,30.013212616692,30.0558271422613,30
906.8,32.6781186770451,30.9020648008935,30.013212616692,30.0558271422613,30
906.85,32.6781186770451,30.9020648008935,30.013212616692,30.0558271422613,30
906.9,32.6781186770451,30.9020648008935,30.013212616692,30.0558271422613,30
906.95,32.6781186770451,30.9020648008935,30.013212616692,30.0558271422613,30
907.0,32.6486901785946,30.9020648008935,30.013212616692,30.0559447088333,30
907.05,32.6486901785946,30.9020648008935,30.013212616692,30.0559447088333,30
907.1,32.6486901785946,30.9020648008935,30.013212616692,30.0559447088333,30
907.15,32.6486901785946,30.9020648008935,30.013212616692,30.0559447088333,30
907.2,32.6486901785946,30.9020648008935,30.013212616692,30.0559447088333,30
907.25,32.6486901785946,30.9020648008935,30.013212616692,30.0559447088333,30
907.3,32.6486901785946,30.9020648008935,30.013212616692,30.0559447088333,30
907.35,32.6486901785946,30.9020648008935,30.013212616692,30.0559447088333,30
907.4,32.6486901785946,30.9020648008935,30.013212616692,30.0559447088333,30
907.45,32.6486901785946,30.9020648008935,30.013212616692,30.0559447088333,30
907.5,32.7075581679103,30.9308832938978,30.0417524038476,30.0560571067513,30
907.55,32.7075581679103,30.9308832938978,30.0417524038476,30.0560571067513,30
907.6,32.7075581679103,30.9308832938978,30.0417524038476,30.0560571067513,30
907.65,32.7075581679103,30.9308832938978,30.0417524038476,30.0560571067513,30
907.7,32.7075581679103,30.9308832938978,30.0417524038476,30.0560571067513,30
907.75,32.7075581679103,30.9308832938978,30.0417524038476,30.0560571067513,30
907.8,32.7075581679103,30.9308832938978,30.0417524038476,30.0560571067513,30
907.85,32.7075581679103,30.9308832938978,30.0417524038476,30.0560571067513,30
907.9,32.7075581679103,30.9308832938978,30.0417524038476,30.0560571067513,30
907.95,32.7075581679103,30.9308832938978,30.0417524038476,30.0560571067513,30
908.0,32.6192726446392,30.873255674741,29.9561588022635,30.0569509923453,30
908.05,32.6192726446392,30.873255674741,29.9561588022635,30.0569509923453,30
908.1,32.6192726446392,30.873255674741,29.9561588022635,30.0569509923453,30
908.15,32.6192726446392,30.873255674741,29.9561588022635,30.0569509923453,30
908.2,32.6192726446392,30.873255674741,29.9561588022635,30.0569509923453,30
908.25,32.6192726446392,30.873255674741,29.9561588022635,30.0569509923453,30
908.3,32.6192726446392,30.873255674741,29.9561588022635,30.0569509923453,30
908.35,32.6192726446392,30.873255674741,29.9561588022635,30.0569509923453,30
908.4,32.6192726446392,30.873255674741,29.9561588022635,30.0569509923453,30
908.45,32.6192726446392,30.873255674741,29.9561588022635,30.0569509923453,30
908.5,32.7075581679103,30.9308832938978,30.0417524038476,30.0562414372312,30
908.55,32.7075581679103,30.9308832938978,30.0417524038476,30.0562414372312,30
908.6,32.7075581679103,30.9308832938978,30.0417524038476,30.0562414372312,30
908.65,32.7075581679103,30.9308832938978,30.0417524038476,30.0562414372312,30
908.7,32.7075581679103,30.9308832938978,30.0417524038476,30.0562414372312,30
908.75,32.7075581679103,30.9308832938978,30.0417524038476,30.0562414372312,30
908.8,32.7075581679103,30.9308832938978,30.0417524038476,30.0562414372312,30
908.85,32.7075581679103,30.9308832938978,30.0417524038476,30.0562414372312,30
908.9,32.7075581679103,30.9308832938978,30.0417524038476,30.0562414372312,30
908.95,32.7075581679103,30.9308832938978,30.0417524038476,30.0562414372312,30
909.0,32.6781186770451,30.9308832938978,30.0417524038476,30.0571268145191,30
909.05,32.6781186770451,30.9308832938978,30.0417524038476,30.0571268145191,30
909.1,32.6781186770451,30.9308832938978,30.0417524038476,30.0571268145191,30
909.15,32.6781186770451,30.9308832938978,30.0417524038476,30.0571268145191,30
909.2,32.6781186770451,30.9308832938978,30.0417524038476,30.0571268145191,30
909.25,32.6781186770451,30.9308832938978,30.0417524038476,30.0571268145191,30
909.3,32.6781186770451,30.9308832938978,30.0417524038476,30.0571268145191,30
909.35,32.6781186770451,30.9308832938978,30.0417524038476,30.0571268145191,30
909.4,32.6781186770451,30.9308832938978,30.0417524038476,30.0571268145191,30
909.45,32.6781186770451,30.9308832938978,30.0417524038476,30.0571268145191,30
909.5,32.6486901785946,30.9020648008935,30.013212616692,30.057981724941,30
909.55,32.6486901785946,30.9020648008935,30.013212616692,30.057981724941,30
909.6,32.6486901785946,30.9020648008935,30.013212616692,30.057981724941,30
909.65,32.6486901785946,30.9020648008935,30.013212616692,30.057981724941,30
909.7,32.6486901785946,30.9020648008935,30.013212616692,30.057981724941,30
909.75,32.6486901785946,30.9020648008935,30.013212616692,30.057981724941,30
909.8,32.6486901785946,30.9020648008935,30.013212616692,30.057981724941,30
909.85,32.6486901785946,30.9020648008935,30.013212616692,30.057981724941,30
909.9,32.6486901785946,30.9020648008935,30.013212616692,30.057981724941,30
909.95,32.6486901785946,30.9020648008935,30.013212616692,30.057981724941,30
910.0,32.6192726446392,30.84445589001,29.9561588022635,30.05802020512,30
910.05,32.6192726446392,30.84445589001,29.9561588022635,30.05802020512,30
910.1,32.6192726446392,30.84445589001,29.9561588022635,30.05802020512,30
910.15,32.6192726446392,30.84445589001,29.9561588022635,30.05802020512,30
910.2,32.6192726446392,30.84445589001,29.9561588022635,30.05802020512,30
910.25,32.6192726446392,30.84445589001,29.9561588022635,30.05802020512,30
910.3,32.6192726446392,30.84445589001,29.9561588022635,30.05802020512,30
910.35,32.6192726446392,30.84445589001,29.9561588022635,30.05802020512,30
910.4,32.6192726446392,30.84445589001,29.9561588022635,30.05802020512,30
910.45,32.6192726446392,30.84445589001,29.9561588022635,30.05802020512,30
910.5,32.7075581679103,30.9308832938978,30.0417524038476,30.0564841890568,30
910.55,32.7075581679103,30.9308832938978,30.0417524038476,30.0564841890568,30
910.6,32.7075581679103,30.9308832938978,30.0417524038476,30.0564841890568,30
910.65,32.7075581679103,30.9308832938978,30.0417524038476,30.0564841890568,30
910.7,32.7075581679103,30.9308832938978,30.0417524038476,30.0564841890568,30
910.75,32.7075581679103,30.9308832938978,30.0417524038476,30.0564841890568,30
910.8,32.7075581679103,30.9308832938978,30.0417524038476,30.0564841890568,30
910.85,32.7075581679103,30.9308832938978,30.0417524038476,30.0564841890568,30
910.9,32.7075581679103,30.9308832938978,30.0417524038476,30.0564841890568,30
910.95,32.7075581679103,30.9308832938978,30.0417524038476,30.0564841890568,30
911.0,32.6486901785946,30.873255674741,29.984681424287,30.0573570510366,30
911.05,32.6486901785946,30.873255674741,29.984681424287,30.0573570510366,30
911.1,32.6486901785946,30.873255674741,29.984681424287,30.0573570510366,30
911.15,32.6486901785946,30.873255674741,29.984681424287,30.0573570510366,30
911.2,32.6486901785946,30.873255674741,29.984681424287,30.0573570510366,30
911.25,32.6486901785946,30.873255674741,29.984681424287,30.0573570510366,30
911.3,32.6486901785946,30.873255674741,29.984681424287,30.0573570510366,30
911.35,32.6486901785946,30.873255674741,29.984681424287,30.0573570510366,30
911.4,32.6486901785946,30.873255674741,29.984681424287,30.0573570510366,30
911.45,32.6486901785946,30.873255674741,29.984681424287,30.0573570510366,30
911.5,32.6781186770451,30.9020648008935,30.013212616692,30.0566278627915,30
911.55,32.6781186770451,30.9020648008935,30.013212616692,30.0566278627915,30
911.6,32.6781186770451,30.9020648008935,30.013212616692,30.0566278627915,30
911.65,32.6781186770451,30.9020648008935,30.013212616692,30.0566278627915,30
911.7,32.6781186770451,30.9020648008935,30.013212616692,30.0566278627915,30
911.75,32.6781186770451,30.9020648008935,30.013212616692,30.0566278627915,30
911.8,32.6781186770451,30.9020648008935,30.013212616692,30.0566278627915,30
911.85,32.6781186770451,30.9020648008935,30.013212616692,30.0566278627915,30
911.9,32.6781186770451,30.9020648008935,30.013212616692,30.0566278627915,30
911.95,32.6781186770451,30.9020648008935,30.013212616692,30.0566278627915,30
912.0,32.6486901785946,30.873255674741,29.984681424287,30.0567084787881,30
912.05,32.6486901785946,30.873255674741,29.984681424287,30.0567084787881,30
912.1,32.6486901785946,30.873255674741,29.984681424287,30.0567084787881,30
912.15,32.6486901785946,30.873255674741,29.984681424287,30.0567084787881,30
912.2,32.6486901785946,30.873255674741,29.984681424287,30.0567084787881,30
912.25,32.6486901785946,30.873255674741,29.984681424287,30.0567084787881,30
912.3,32.6486901785946,30.873255674741,29.984681424287,30.0567084787881,30
912.35,32.6486901785946,30.873255674741,29.984681424287,30.0567084787881,30
912.4,32.6486901785946,30.873255674741,29.984681424287,30.0567084787881,30
912.45,32.6486901785946,30.873255674741,29.984681424287,30.0567084787881,30
912.5,32.6781186770451,30.9308832938978,30.013212616692,30.0559997163767,30
912.55,32.6781186770451,30.9308832938978,30.013212616692,30.0559997163767,30
912.6,32.6781186770451,30.9308832938978,30.013212616692,30.0559997163767,30
912.65,32.6781186770451,30.9308832938978,30.013212616692,30.0559997163767,30
912.7,32.6781186770451,30.9308832938978,30.013212616692,30.0559997163767,30
912.75,32.6781186770451,30.9308832938978,30.013212616692,30.0559997163767,30
912.8,32.6781186770451,30.9308832938978,30.013212616692,30.0559997163767,30
912.85,32.6781186770451,30.9308832938978,30.013212616692,30.0559997163767,30
912.9,32.6781186770451,30.9308832938978,30.013212616692,30.0559997163767,30
912.95,32.6781186770451,30.9308832938978,30.013212616692,30.0559997163767,30
913.0,32.6486901785946,30.9020648008935,30.013212616692,30.0568859628874,30
913.05,32.6486901785946,30.9020648008935,30.013212616692,30.0568859628874,30
913.1,32.6486901785946,30.9020648008935,30.013212616692,30.0568859628874,30
913.15,32.6486901785946,30.9020648008935,30.013212616692,30.0568859628874,30
913.2,32.6486901785946,30.9020648008935,30.013212616692,30.0568859628874,30
913.25,32.6486901785946,30.9020648008935,30.013212616692,30.0568859628874,30
913.3,32.6486901785946,30.9020648008935,30.013212616692,30.0568859628874,30
913.35,32.6486901785946,30.9020648008935,30.013212616692,30.0568859628874,30
913.4,32.6486901785946,30.9020648008935,30.013212616692,30.0568859628874,30
913.45,32.6486901785946,30.9020648008935,30.013212616692,30.0568859628874,30
913.5,32.6192726446392,30.84445589001,29.9561588022635,30.0569548099417,30
913.55,32.6192726446392,30.84445589001,29.9561588022635,30.0569548099417,30
913.6,32.6192726446392,30.84445589001,29.9561588022635,30.0569548099417,30
913.65,32.6192726446392,30.84445589001,29.9561588022635,30.0569548099417,30
913.7,32.6192726446392,30.84445589001,29.9561588022635,30.0569548099417,30
913.75,32.6192726446392,30.84445589001,29.9561588022635,30.0569548099417,30
913.8,32.6192726446392,30.84445589001,29.9561588022635,30.0569548099417,30
913.85,32.6192726446392,30.84445589001,29.9561588022635,30.0569548099417,30
913.9,32.6192726446392,30.84445589001,29.9561588022635,30.0569548099417,30
913.95,32.6192726446392,30.84445589001,29.9561588022635,30.0569548099417,30
914.0,32.6781186770451,30.9020648008935,30.013212616692,30.0554482233486,30
914.05,32.6781186770451,30.9020648008935,30.013212616692,30.0554482233486,30
914.1,32.6781186770451,30.9020648008935,30.013212616692,30.0554482233486,30
914.15,32.6781186770451,30.9020648008935,30.013212616692,30.0554482233486,30
914.2,32.6781186770451,30.9020648008935,30.013212616692,30.0554482233486,30
914.25,32.6781186770451,30.9020648008935,30.013212616692,30.0554482233486,30
914.3,32.6781186770451,30.9020648008935,30.013212616692,30.0554482233486,30
914.35,32.6781186770451,30.9020648008935,30.013212616692,30.0554482233486,30
914.4,32.6781186770451,30.9020648008935,30.013212616692,30.0554482233486,30
914.45,32.6781186770451,30.9020648008935,30.013212616692,30.0554482233486,30
914.5,32.6781186770451,30.9020648008935,30.013212616692,30.0555631559608,30
914.55,32.6781186770451,30.9020648008935,30.013212616692,30.0555631559608,30
914.6,32.6781186770451,30.9020648008935,30.013212616692,30.0555631559608,30
914.65,32.6781186770451,30.9020648008935,30.013212616692,30.0555631559608,30
914.7,32.6781186770451,30.9020648008935,30.013212616692,30.0555631559608,30
914.75,32.6781186770451,30.9020648008935,30.013212616692,30.0555631559608,30
914.8,32.6781186770451,30.9020648008935,30.013212616692,30.0555631559608,30
914.85,32.6781186770451,30.9020648008935,30.013212616692,30.0555631559608,30
914.9,32.6781186770451,30.9020648008935,30.013212616692,30.0555631559608,30
914.95,32.6781186770451,30.9020648008935,30.013212616692,30.0555631559608,30
915.0,32.6781186770451,30.9020648008935,30.013212616692,30.0556738160691,30
915.05,32.6781186770451,30.9020648008935,30.013212616692,30.0556738160691,30
915.1,32.6781186770451,30.9020648008935,30.013212616692,30.0556738160691,30
915.15,32.6781186770451,30.9020648008935,30.013212616692,30.0556738160691,30
915.2,32.6781186770451,30.9020648008935,30.013212616692,30.0556738160691,30
915.25,32.6781186770451,30.9020648008935,30.013212616692,30.0556738160691,30
915.3,32.6781186770451,30.9020648008935,30.013212616692,30.0556738160691,30
915.35,32.6781186770451,30.9020648008935,30.013212616692,30.0556738160691,30
915.4,32.6781186770451,30.9020648008935,30.013212616692,30.0556738160691,30
915.45,32.6781186770451,30.9020648008935,30.013212616692,30.0556738160691,30
915.5,32.6486901785946,30.873255674741,29.984681424287,30.0557803563597,30
915.55,32.6486901785946,30.873255674741,29.984681424287,30.0557803563597,30
915.6,32.6486901785946,30.873255674741,29.984681424287,30.0557803563597,30
915.65,32.6486901785946,30.873255674741,29.984681424287,30.0557803563597,30
915.7,32.6486901785946,30.873255674741,29.984681424287,30.0557803563597,30
915.75,32.6486901785946,30.873255674741,29.984681424287,30.0557803563597,30
915.8,32.6486901785946,30.873255674741,29.984681424287,30.0557803563597,30
915.85,32.6486901785946,30.873255674741,29.984681424287,30.0557803563597,30
915.9,32.6486901785946,30.873255674741,29.984681424287,30.0557803563597,30
915.95,32.6486901785946,30.873255674741,29.984681424287,30.0557803563597,30
916.0,32.6192726446392,30.873255674741,29.984681424287,30.0550967276306,30
916.05,32.6192726446392,30.873255674741,29.984681424287,30.0550967276306,30
916.1,32.6192726446392,30.873255674741,29.984681424287,30.0550967276306,30
916.15,32.6192726446392,30.873255674741,29.984681424287,30.0550967276306,30
916.2,32.6192726446392,30.873255674741,29.984681424287,30.0550967276306,30
916.25,32.6192726446392,30.873255674741,29.984681424287,30.0550967276306,30
916.3,32.6192726446392,30.873255674741,29.984681424287,30.0550967276306,30
916.35,32.6192726446392,30.873255674741,29.984681424287,30.0550967276306,30
916.4,32.6192726446392,30.873255674741,29.984681424287,30.0550967276306,30
916.45,32.6192726446392,30.873255674741,29.984681424287,30.0550967276306,30
916.5,32.7075581679103,30.9597111792208,30.0417524038476,30.0544346947121,30
916.55,32.7075581679103,30.9597111792208,30.0417524038476,30.0544346947121,30
916.6,32.7075581679103,30.9597111792208,30.0417524038476,30.0544346947121,30
916.65,32.7075581679103,30.9597111792208,30.0417524038476,30.0544346947121,30
916.7,32.7075581679103,30.9597111792208,30.0417524038476,30.0544346947121,30
916.75,32.7075581679103,30.9597111792208,30.0417524038476,30.0544346947121,30
916.8,32.7075581679103,30.9597111792208,30.0417524038476,30.0544346947121,30
916.85,32.7075581679103,30.9597111792208,30.0417524038476,30.0544346947121,30
916.9,32.7075581679103,30.9597111792208,30.0417524038476,30.0544346947121,30
916.95,32.7075581679103,30.9597111792208,30.0417524038476,30.0544346947121,30
917.0,32.6486901785946,30.873255674741,29.984681424287,30.0561523353312,30
917.05,32.6486901785946,30.873255674741,29.984681424287,30.0561523353312,30
917.1,32.6486901785946,30.873255674741,29.984681424287,30.0561523353312,30
917.15,32.6486901785946,30.873255674741,29.984681424287,30.0561523353312,30
917.2,32.6486901785946,30.873255674741,29.984681424287,30.0561523353312,30
917.25,32.6486901785946,30.873255674741,29.984681424287,30.0561523353312,30
917.3,32.6486901785946,30.873255674741,29.984681424287,30.0561523353312,30
917.35,32.6486901785946,30.873255674741,29.984681424287,30.0561523353312,30
917.4,32.6486901785946,30.873255674741,29.984681424287,30.0561523353312,30
917.45,32.6486901785946,30.873255674741,29.984681424287,30.0561523353312,30
917.5,32.6486901785946,30.873255674741,29.984681424287,30.0554528233912,30
917.55,32.6486901785946,30.873255674741,29.984681424287,30.0554528233912,30
917.6,32.6486901785946,30.873255674741,29.984681424287,30.0554528233912,30
917.65,32.6486901785946,30.873255674741,29.984681424287,30.0554528233912,30
917.7,32.6486901785946,30.873255674741,29.984681424287,30.0554528233912,30
917.75,32.6486901785946,30.873255674741,29.984681424287,30.0554528233912,30
917.8,32.6486901785946,30.873255674741,29.984681424287,30.0554528233912,30
917.85,32.6486901785946,30.873255674741,29.984681424287,30.0554528233912,30
917.9,32.6486901785946,30.873255674741,29.984681424287,30.0554528233912,30
917.95,32.6486901785946,30.873255674741,29.984681424287,30.0554528233912,30
918.0,32.6192726446392,30.873255674741,29.9561588022635,30.0547760716921,30
918.05,32.6192726446392,30.873255674741,29.9561588022635,30.0547760716921,30
918.1,32.6192726446392,30.873255674741,29.9561588022635,30.0547760716921,30
918.15,32.6192726446392,30.873255674741,29.9561588022635,30.0547760716921,30
918.2,32.6192726446392,30.873255674741,29.9561588022635,30.0547760716921,30
918.25,32.6192726446392,30.873255674741,29.9561588022635,30.0547760716921,30
918.3,32.6192726446392,30.873255674741,29.9561588022635,30.0547760716921,30
918.35,32.6192726446392,30.873255674741,29.9561588022635,30.0547760716921,30
918.4,32.6192726446392,30.873255674741,29.9561588022635,30.0547760716921,30
918.45,32.6192726446392,30.873255674741,29.9561588022635,30.0547760716921,30
918.5,32.6486901785946,30.873255674741,29.984681424287,30.0541207434617,30
918.55,32.6486901785946,30.873255674741,29.984681424287,30.0541207434617,30
918.6,32.6486901785946,30.873255674741,29.984681424287,30.0541207434617,30
918.65,32.6486901785946,30.873255674741,29.984681424287,30.0541207434617,30
918.7,32.6486901785946,30.873255674741,29.984681424287,30.0541207434617,30
918.75,32.6486901785946,30.873255674741,29.984681424287,30.0541207434617,30
918.8,32.6486901785946,30.873255674741,29.984681424287,30.0541207434617,30
918.85,32.6486901785946,30.873255674741,29.984681424287,30.0541207434617,30
918.9,32.6486901785946,30.873255674741,29.984681424287,30.0541207434617,30
918.95,32.6486901785946,30.873255674741,29.984681424287,30.0541207434617,30
919.0,32.6781186770451,30.9020648008935,30.013212616692,30.0534861363307,30
919.05,32.6781186770451,30.9020648008935,30.013212616692,30.0534861363307,30
919.1,32.6781186770451,30.9020648008935,30.013212616692,30.0534861363307,30
919.15,32.6781186770451,30.9020648008935,30.013212616692,30.0534861363307,30
919.2,32.6781186770451,30.9020648008935,30.013212616692,30.0534861363307,30
919.25,32.6781186770451,30.9020648008935,30.013212616692,30.0534861363307,30
919.3,32.6781186770451,30.9020648008935,30.013212616692,30.0534861363307,30
919.35,32.6781186770451,30.9020648008935,30.013212616692,30.0534861363307,30
919.4,32.6781186770451,30.9020648008935,30.013212616692,30.0534861363307,30
919.45,32.6781186770451,30.9020648008935,30.013212616692,30.0534861363307,30
919.5,32.6486901785946,30.9020648008935,30.013212616692,30.0536583211482,30
919.55,32.6486901785946,30.9020648008935,30.013212616692,30.0536583211482,30
919.6,32.6486901785946,30.9020648008935,30.013212616692,30.0536583211482,30
919.65,32.6486901785946,30.9020648008935,30.013212616692,30.0536583211482,30
919.7,32.6486901785946,30.9020648008935,30.013212616692,30.0536583211482,30
919.75,32.6486901785946,30.9020648008935,30.013212616692,30.0536583211482,30
919.8,32.6486901785946,30.9020648008935,30.013212616692,30.0536583211482,30
919.85,32.6486901785946,30.9020648008935,30.013212616692,30.0536583211482,30
919.9,32.6486901785946,30.9020648008935,30.013212616692,30.0536583211482,30
919.95,32.6486901785946,30.9020648008935,30.013212616692,30.0536583211482,30
920.0,32.6781186770451,30.9020648008935,30.013212616692,30.053823840483,30
920.05,32.6781186770451,30.9020648008935,30.013212616692,30.053823840483,30
920.1,32.6781186770451,30.9020648008935,30.013212616692,30.053823840483,30
920.15,32.6781186770451,30.9020648008935,30.013212616692,30.053823840483,30
920.2,32.6781186770451,30.9020648008935,30.013212616692,30.053823840483,30
920.25,32.6781186770451,30.9020648008935,30.013212616692,30.053823840483,30
920.3,32.6781186770451,30.9020648008935,30.013212616692,30.053823840483,30
920.35,32.6781186770451,30.9020648008935,30.013212616692,30.053823840483,30
920.4,32.6781186770451,30.9020648008935,30.013212616692,30.053823840483,30
920.45,32.6781186770451,30.9020648008935,30.013212616692,30.053823840483,30
920.5,32.6781186770451,30.9308832938978,30.013212616692,30.0539829444962,30
920.55,32.6781186770451,30.9308832938978,30.013212616692,30.0539829444962,30
920.6,32.6781186770451,30.9308832938978,30.013212616692,30.0539829444962,30
920.65,32.6781186770451,30.9308832938978,30.013212616692,30.0539829444962,30
920.7,32.6781186770451,30.9308832938978,30.013212616692,30.0539829444962,30
920.75,32.6781186770451,30.9308832938978,30.013212616692,30.0539829444962,30
920.8,32.6781186770451,30.9308832938978,30.013212616692,30.0539829444962,30
920.85,32.6781186770451,30.9308832938978,30.013212616692,30.0539829444962,30
920.9,32.6781186770451,30.9308832938978,30.013212616692,30.0539829444962,30
920.95,32.6781186770451,30.9308832938978,30.013212616692,30.0539829444962,30
921.0,32.5898660473044,30.84445589001,29.927644726284,30.0549223078958,30
921.05,32.5898660473044,30.84445589001,29.927644726284,30.0549223078958,30
921.1,32.5898660473044,30.84445589001,29.927644726284,30.0549223078958,30
921.15,32.5898660473044,30.84445589001,29.927644726284,30.0549223078958,30
921.2,32.5898660473044,30.84445589001,29.927644726284,30.0549223078958,30
921.25,32.5898660473044,30.84445589001,29.927644726284,30.0549223078958,30
921.3,32.5898660473044,30.84445589001,29.927644726284,30.0549223078958,30
921.35,32.5898660473044,30.84445589001,29.927644726284,30.0549223078958,30
921.4,32.5898660473044,30.84445589001,29.927644726284,30.0549223078958,30
921.45,32.5898660473044,30.84445589001,29.927644726284,30.0549223078958,30
921.5,32.6192726446392,30.873255674741,29.984681424287,30.0534705445603,30
921.55,32.6192726446392,30.873255674741,29.984681424287,30.0534705445603,30
921.6,32.6192726446392,30.873255674741,29.984681424287,30.0534705445603,30
921.65,32.6192726446392,30.873255674741,29.984681424287,30.0534705445603,30
921.7,32.6192726446392,30.873255674741,29.984681424287,30.0534705445603,30
921.75,32.6192726446392,30.873255674741,29.984681424287,30.0534705445603,30
921.8,32.6192726446392,30.873255674741,29.984681424287,30.0534705445603,30
921.85,32.6192726446392,30.873255674741,29.984681424287,30.0534705445603,30
921.9,32.6192726446392,30.873255674741,29.984681424287,30.0534705445603,30
921.95,32.6192726446392,30.873255674741,29.984681424287,30.0534705445603,30
922.0,32.5898660473044,30.84445589001,29.9561588022635,30.0528513047568,30
922.05,32.5898660473044,30.84445589001,29.9561588022635,30.0528513047568,30
922.1,32.5898660473044,30.84445589001,29.9561588022635,30.0528513047568,30
922.15,32.5898660473044,30.84445589001,29.9561588022635,30.0528513047568,30
922.2,32.5898660473044,30.84445589001,29.9561588022635,30.0528513047568,30
922.25,32.5898660473044,30.84445589001,29.9561588022635,30.0528513047568,30
922.3,32.5898660473044,30.84445589001,29.9561588022635,30.0528513047568,30
922.35,32.5898660473044,30.84445589001,29.9561588022635,30.0528513047568,30
922.4,32.5898660473044,30.84445589001,29.9561588022635,30.0528513047568,30
922.45,32.5898660473044,30.84445589001,29.9561588022635,30.0528513047568,30
922.5,32.6486901785946,30.9020648008935,30.013212616692,30.0514651583063,30
922.55,32.6486901785946,30.9020648008935,30.013212616692,30.0514651583063,30
922.6,32.6486901785946,30.9020648008935,30.013212616692,30.0514651583063,30
922.65,32.6486901785946,30.9020648008935,30.013212616692,30.0514651583063,30
922.7,32.6486901785946,30.9020648008935,30.013212616692,30.0514651583063,30
922.75,32.6486901785946,30.9020648008935,30.013212616692,30.0514651583063,30
922.8,32.6486901785946,30.9020648008935,30.013212616692,30.0514651583063,30
922.85,32.6486901785946,30.9020648008935,30.013212616692,30.0514651583063,30
922.9,32.6486901785946,30.9020648008935,30.013212616692,30.0514651583063,30
922.95,32.6486901785946,30.9020648008935,30.013212616692,30.0514651583063,30
923.0,32.6486901785946,30.873255674741,29.984681424287,30.0516955502578,30
923.05,32.6486901785946,30.873255674741,29.984681424287,30.0516955502578,30
923.1,32.6486901785946,30.873255674741,29.984681424287,30.0516955502578,30
923.15,32.6486901785946,30.873255674741,29.984681424287,30.0516955502578,30
923.2,32.6486901785946,30.873255674741,29.984681424287,30.0516955502578,30
923.25,32.6486901785946,30.873255674741,29.984681424287,30.0516955502578,30
923.3,32.6486901785946,30.873255674741,29.984681424287,30.0516955502578,30
923.35,32.6486901785946,30.873255674741,29.984681424287,30.0516955502578,30
923.4,32.6486901785946,30.873255674741,29.984681424287,30.0516955502578,30
923.45,32.6486901785946,30.873255674741,29.984681424287,30.0516955502578,30
923.5,32.6486901785946,30.9020648008935,29.984681424287,30.0511312467835,30
923.55,32.6486901785946,30.9020648008935,29.984681424287,30.0511312467835,30
923.6,32.6486901785946,30.9020648008935,29.984681424287,30.0511312467835,30
923.65,32.6486901785946,30.9020648008935,29.984681424287,30.0511312467835,30
923.7,32.6486901785946,30.9020648008935,29.984681424287,30.0511312467835,30
923.75,32.6486901785946,30.9020648008935,29.984681424287,30.0511312467835,30
923.8,32.6486901785946,30.9020648008935,29.984681424287,30.0511312467835,30
923.85,32.6486901785946,30.9020648008935,29.984681424287,30.0511312467835,30
923.9,32.6486901785946,30.9020648008935,29.984681424287,30.0511312467835,30
923.95,32.6486901785946,30.9020648008935,29.984681424287,30.0511312467835,30
924.0,32.6192726446392,30.873255674741,29.9561588022635,30.0513709311042,30
924.05,32.6192726446392,30.873255674741,29.9561588022635,30.0513709311042,30
924.1,32.6192726446392,30.873255674741,29.9561588022635,30.0513709311042,30
924.15,32.6192726446392,30.873255674741,29.9561588022635,30.0513709311042,30
924.2,32.6192726446392,30.873255674741,29.9561588022635,30.0513709311042,30
924.25,32.6192726446392,30.873255674741,29.9561588022635,30.0513709311042,30
924.3,32.6192726446392,30.873255674741,29.9561588022635,30.0513709311042,30
924.35,32.6192726446392,30.873255674741,29.9561588022635,30.0513709311042,30
924.4,32.6192726446392,30.873255674741,29.9561588022635,30.0513709311042,30
924.45,32.6192726446392,30.873255674741,29.9561588022635,30.0513709311042,30
924.5,32.6781186770451,30.9308832938978,30.0417524038476,30.0508150607177,30
924.55,32.6781186770451,30.9308832938978,30.0417524038476,30.0508150607177,30
924.6,32.6781186770451,30.9308832938978,30.0417524038476,30.0508150607177,30
924.65,32.6781186770451,30.9308832938978,30.0417524038476,30.0508150607177,30
924.7,32.6781186770451,30.9308832938978,30.0417524038476,30.0508150607177,30
924.75,32.6781186770451,30.9308832938978,30.0417524038476,30.0508150607177,30
924.8,32.6781186770451,30.9308832938978,30.0417524038476,30.0508150607177,30
924.85,32.6781186770451,30.9308832938978,30.0417524038476,30.0508150607177,30
924.9,32.6781186770451,30.9308832938978,30.0417524038476,30.0508150607177,30
924.95,32.6781186770451,30.9308832938978,30.0417524038476,30.0508150607177,30
925.0,32.5898660473044,30.84445589001,29.9561588022635,30.0518488170982,30
925.05,32.5898660473044,30.84445589001,29.9561588022635,30.0518488170982,30
925.1,32.5898660473044,30.84445589001,29.9561588022635,30.0518488170982,30
925.15,32.5898660473044,30.84445589001,29.9561588022635,30.0518488170982,30
925.2,32.5898660473044,30.84445589001,29.9561588022635,30.0518488170982,30
925.25,32.5898660473044,30.84445589001,29.9561588022635,30.0518488170982,30
925.3,32.5898660473044,30.84445589001,29.9561588022635,30.0518488170982,30
925.35,32.5898660473044,30.84445589001,29.9561588022635,30.0518488170982,30
925.4,32.5898660473044,30.84445589001,29.9561588022635,30.0518488170982,30
925.45,32.5898660473044,30.84445589001,29.9561588022635,30.0518488170982,30
925.5,32.6486901785946,30.9020648008935,29.984681424287,30.0504884035089,30
925.55,32.6486901785946,30.9020648008935,29.984681424287,30.0504884035089,30
925.6,32.6486901785946,30.9020648008935,29.984681424287,30.0504884035089,30
925.65,32.6486901785946,30.9020648008935,29.984681424287,30.0504884035089,30
925.7,32.6486901785946,30.9020648008935,29.984681424287,30.0504884035089,30
925.75,32.6486901785946,30.9020648008935,29.984681424287,30.0504884035089,30
925.8,32.6486901785946,30.9020648008935,29.984681424287,30.0504884035089,30
925.85,32.6486901785946,30.9020648008935,29.984681424287,30.0504884035089,30
925.9,32.6486901785946,30.9020648008935,29.984681424287,30.0504884035089,30
925.95,32.6486901785946,30.9020648008935,29.984681424287,30.0504884035089,30
926.0,32.5898660473044,30.84445589001,29.9561588022635,30.0507437686602,30
926.05,32.5898660473044,30.84445589001,29.9561588022635,30.0507437686602,30
926.1,32.5898660473044,30.84445589001,29.9561588022635,30.0507437686602,30
926.15,32.5898660473044,30.84445589001,29.9561588022635,30.0507437686602,30
926.2,32.5898660473044,30.84445589001,29.9561588022635,30.0507437686602,30
926.25,32.5898660473044,30.84445589001,29.9561588022635,30.0507437686602,30
926.3,32.5898660473044,30.84445589001,29.9561588022635,30.0507437686602,30
926.35,32.5898660473044,30.84445589001,29.9561588022635,30.0507437686602,30
926.4,32.5898660473044,30.84445589001,29.9561588022635,30.0507437686602,30
926.45,32.5898660473044,30.84445589001,29.9561588022635,30.0507437686602,30
926.5,32.6192726446392,30.873255674741,29.984681424287,30.0494171903823,30
926.55,32.6192726446392,30.873255674741,29.984681424287,30.0494171903823,30
926.6,32.6192726446392,30.873255674741,29.984681424287,30.0494171903823,30
926.65,32.6192726446392,30.873255674741,29.984681424287,30.0494171903823,30
926.7,32.6192726446392,30.873255674741,29.984681424287,30.0494171903823,30
926.75,32.6192726446392,30.873255674741,29.984681424287,30.0494171903823,30
926.8,32.6192726446392,30.873255674741,29.984681424287,30.0494171903823,30
926.85,32.6192726446392,30.873255674741,29.984681424287,30.0494171903823,30
926.9,32.6192726446392,30.873255674741,29.984681424287,30.0494171903823,30
926.95,32.6192726446392,30.873255674741,29.984681424287,30.0494171903823,30
927.0,32.6486901785946,30.873255674741,29.984681424287,30.0489190884043,30
927.05,32.6486901785946,30.873255674741,29.984681424287,30.0489190884043,30
927.1,32.6486901785946,30.873255674741,29.984681424287,30.0489190884043,30
927.15,32.6486901785946,30.873255674741,29.984681424287,30.0489190884043,30
927.2,32.6486901785946,30.873255674741,29.984681424287,30.0489190884043,30
927.25,32.6486901785946,30.873255674741,29.984681424287,30.0489190884043,30
927.3,32.6486901785946,30.873255674741,29.984681424287,30.0489190884043,30
927.35,32.6486901785946,30.873255674741,29.984681424287,30.0489190884043,30
927.4,32.6486901785946,30.873255674741,29.984681424287,30.0489190884043,30
927.45,32.6486901785946,30.873255674741,29.984681424287,30.0489190884043,30
927.5,32.6486901785946,30.873255674741,29.984681424287,30.0484366813315,30
927.55,32.6486901785946,30.873255674741,29.984681424287,30.0484366813315,30
927.6,32.6486901785946,30.873255674741,29.984681424287,30.0484366813315,30
927.65,32.6486901785946,30.873255674741,29.984681424287,30.0484366813315,30
927.7,32.6486901785946,30.873255674741,29.984681424287,30.0484366813315,30
927.75,32.6486901785946,30.873255674741,29.984681424287,30.0484366813315,30
927.8,32.6486901785946,30.873255674741,29.984681424287,30.0484366813315,30
927.85,32.6486901785946,30.873255674741,29.984681424287,30.0484366813315,30
927.9,32.6486901785946,30.873255674741,29.984681424287,30.0484366813315,30
927.95,32.6486901785946,30.873255674741,29.984681424287,30.0484366813315,30
928.0,32.6192726446392,30.873255674741,29.9561588022635,30.0479700114967,30
928.05,32.6192726446392,30.873255674741,29.9561588022635,30.0479700114967,30
928.1,32.6192726446392,30.873255674741,29.9561588022635,30.0479700114967,30
928.15,32.6192726446392,30.873255674741,29.9561588022635,30.0479700114967,30
928.2,32.6192726446392,30.873255674741,29.9561588022635,30.0479700114967,30
928.25,32.6192726446392,30.873255674741,29.9561588022635,30.0479700114967,30
928.3,32.6192726446392,30.873255674741,29.9561588022635,30.0479700114967,30
928.35,32.6192726446392,30.873255674741,29.9561588022635,30.0479700114967,30
928.4,32.6192726446392,30.873255674741,29.9561588022635,30.0479700114967,30
928.45,32.6192726446392,30.873255674741,29.9561588022635,30.0479700114967,30
928.5,32.5898660473044,30.84445589001,29.9561588022635,30.0475179780808,30
928.55,32.5898660473044,30.84445589001,29.9561588022635,30.0475179780808,30
928.6,32.5898660473044,30.84445589001,29.9561588022635,30.0475179780808,30
928.65,32.5898660473044,30.84445589001,29.9561588022635,30.0475179780808,30
928.7,32.5898660473044,30.84445589001,29.9561588022635,30.0475179780808,30
928.75,32.5898660473044,30.84445589001,29.9561588022635,30.0475179780808,30
928.8,32.5898660473044,30.84445589001,29.9561588022635,30.0475179780808,30
928.85,32.5898660473044,30.84445589001,29.9561588022635,30.0475179780808,30
928.9,32.5898660473044,30.84445589001,29.9561588022635,30.0475179780808,30
928.95,32.5898660473044,30.84445589001,29.9561588022635,30.0475179780808,30
929.0,32.6192726446392,30.873255674741,29.984681424287,30.0462935938115,30
929.05,32.6192726446392,30.873255674741,29.984681424287,30.0462935938115,30
929.1,32.6192726446392,30.873255674741,29.984681424287,30.0462935938115,30
929.15,32.6192726446392,30.873255674741,29.984681424287,30.0462935938115,30
929.2,32.6192726446392,30.873255674741,29.984681424287,30.0462935938115,30
929.25,32.6192726446392,30.873255674741,29.984681424287,30.0462935938115,30
929.3,32.6192726446392,30.873255674741,29.984681424287,30.0462935938115,30
929.35,32.6192726446392,30.873255674741,29.984681424287,30.0462935938115,30
929.4,32.6192726446392,30.873255674741,29.984681424287,30.0462935938115,30
929.45,32.6192726446392,30.873255674741,29.984681424287,30.0462935938115,30
929.5,32.6486901785946,30.873255674741,29.984681424287,30.0458942908689,30
929.55,32.6486901785946,30.873255674741,29.984681424287,30.0458942908689,30
929.6,32.6486901785946,30.873255674741,29.984681424287,30.0458942908689,30
929.65,32.6486901785946,30.873255674741,29.984681424287,30.0458942908689,30
929.7,32.6486901785946,30.873255674741,29.984681424287,30.0458942908689,30
929.75,32.6486901785946,30.873255674741,29.984681424287,30.0458942908689,30
929.8,32.6486901785946,30.873255674741,29.984681424287,30.0458942908689,30
929.85,32.6486901785946,30.873255674741,29.984681424287,30.0458942908689,30
929.9,32.6486901785946,30.873255674741,29.984681424287,30.0458942908689,30
929.95,32.6486901785946,30.873255674741,29.984681424287,30.0458942908689,30
930.0,32.5898660473044,30.84445589001,29.9561588022635,30.045507403219,30
930.05,32.5898660473044,30.84445589001,29.9561588022635,30.045507403219,30
930.1,32.5898660473044,30.84445589001,29.9561588022635,30.045507403219,30
930.15,32.5898660473044,30.84445589001,29.9561588022635,30.045507403219,30
930.2,32.5898660473044,30.84445589001,29.9561588022635,30.045507403219,30
930.25,32.5898660473044,30.84445589001,29.9561588022635,30.045507403219,30
930.3,32.5898660473044,30.84445589001,29.9561588022635,30.045507403219,30
930.35,32.5898660473044,30.84445589001,29.9561588022635,30.045507403219,30
930.4,32.5898660473044,30.84445589001,29.9561588022635,30.045507403219,30
930.45,32.5898660473044,30.84445589001,29.9561588022635,30.045507403219,30
930.5,32.7075581679103,30.9597111792208,30.0417524038476,30.044346571807,30
930.55,32.7075581679103,30.9597111792208,30.0417524038476,30.044346571807,30
930.6,32.7075581679103,30.9597111792208,30.0417524038476,30.044346571807,30
930.65,32.7075581679103,30.9597111792208,30.0417524038476,30.044346571807,30
930.7,32.7075581679103,30.9597111792208,30.0417524038476,30.044346571807,30
930.75,32.7075581679103,30.9597111792208,30.0417524038476,30.044346571807,30
930.8,32.7075581679103,30.9597111792208,30.0417524038476,30.044346571807,30
930.85,32.7075581679103,30.9597111792208,30.0417524038476,30.044346571807,30
930.9,32.7075581679103,30.9597111792208,30.0417524038476,30.044346571807,30
930.95,32.7075581679103,30.9597111792208,30.0417524038476,30.044346571807,30
931.0,32.6192726446392,30.873255674741,29.984681424287,30.0463680691341,30
931.05,32.6192726446392,30.873255674741,29.984681424287,30.0463680691341,30
931.1,32.6192726446392,30.873255674741,29.984681424287,30.0463680691341,30
931.15,32.6192726446392,30.873255674741,29.984681424287,30.0463680691341,30
931.2,32.6192726446392,30.873255674741,29.984681424287,30.0463680691341,30
931.25,32.6192726446392,30.873255674741,29.984681424287,30.0463680691341,30
931.3,32.6192726446392,30.873255674741,29.984681424287,30.0463680691341,30
931.35,32.6192726446392,30.873255674741,29.984681424287,30.0463680691341,30
931.4,32.6192726446392,30.873255674741,29.984681424287,30.0463680691341,30
931.45,32.6192726446392,30.873255674741,29.984681424287,30.0463680691341,30
931.5,32.6781186770451,30.9020648008935,30.013212616692,30.0459619969693,30
931.55,32.6781186770451,30.9020648008935,30.013212616692,30.0459619969693,30
931.6,32.6781186770451,30.9020648008935,30.013212616692,30.0459619969693,30
931.65,32.6781186770451,30.9020648008935,30.013212616692,30.0459619969693,30
931.7,32.6781186770451,30.9020648008935,30.013212616692,30.0459619969693,30
931.75,32.6781186770451,30.9020648008935,30.013212616692,30.0459619969693,30
931.8,32.6781186770451,30.9020648008935,30.013212616692,30.0459619969693,30
931.85,32.6781186770451,30.9020648008935,30.013212616692,30.0459619969693,30
931.9,32.6781186770451,30.9020648008935,30.013212616692,30.0459619969693,30
931.95,32.6781186770451,30.9020648008935,30.013212616692,30.0459619969693,30
932.0,32.6192726446392,30.873255674741,29.984681424287,30.0463548324356,30
932.05,32.6192726446392,30.873255674741,29.984681424287,30.0463548324356,30
932.1,32.6192726446392,30.873255674741,29.984681424287,30.0463548324356,30
932.15,32.6192726446392,30.873255674741,29.984681424287,30.0463548324356,30
932.2,32.6192726446392,30.873255674741,29.984681424287,30.0463548324356,30
932.25,32.6192726446392,30.873255674741,29.984681424287,30.0463548324356,30
932.3,32.6192726446392,30.873255674741,29.984681424287,30.0463548324356,30
932.35,32.6192726446392,30.873255674741,29.984681424287,30.0463548324356,30
932.4,32.6192726446392,30.873255674741,29.984681424287,30.0463548324356,30
932.45,32.6192726446392,30.873255674741,29.984681424287,30.0463548324356,30
932.5,32.6781186770451,30.9020648008935,30.013212616692,30.0459477560674,30
932.55,32.6781186770451,30.9020648008935,30.013212616692,30.0459477560674,30
932.6,32.6781186770451,30.9020648008935,30.013212616692,30.0459477560674,30
932.65,32.6781186770451,30.9020648008935,30.013212616692,30.0459477560674,30
932.7,32.6781186770451,30.9020648008935,30.013212616692,30.0459477560674,30
932.75,32.6781186770451,30.9020648008935,30.013212616692,30.0459477560674,30
932.8,32.6781186770451,30.9020648008935,30.013212616692,30.0459477560674,30
932.85,32.6781186770451,30.9020648008935,30.013212616692,30.0459477560674,30
932.9,32.6781186770451,30.9020648008935,30.013212616692,30.0459477560674,30
932.95,32.6781186770451,30.9020648008935,30.013212616692,30.0459477560674,30
933.0,32.7075581679103,30.9308832938978,30.0417524038476,30.0463396441901,30
933.05,32.7075581679103,30.9308832938978,30.0417524038476,30.0463396441901,30
933.1,32.7075581679103,30.9308832938978,30.0417524038476,30.0463396441901,30
933.15,32.7075581679103,30.9308832938978,30.0417524038476,30.0463396441901,30
933.2,32.7075581679103,30.9308832938978,30.0417524038476,30.0463396441901,30
933.25,32.7075581679103,30.9308832938978,30.0417524038476,30.0463396441901,30
933.3,32.7075581679103,30.9308832938978,30.0417524038476,30.0463396441901,30
933.35,32.7075581679103,30.9308832938978,30.0417524038476,30.0463396441901,30
933.4,32.7075581679103,30.9308832938978,30.0417524038476,30.0463396441901,30
933.45,32.7075581679103,30.9308832938978,30.0417524038476,30.0463396441901,30
933.5,32.6486901785946,30.9020648008935,30.013212616692,30.0475048951546,30
933.55,32.6486901785946,30.9020648008935,30.013212616692,30.0475048951546,30
933.6,32.6486901785946,30.9020648008935,30.013212616692,30.0475048951546,30
933.65,32.6486901785946,30.9020648008935,30.013212616692,30.0475048951546,30
933.7,32.6486901785946,30.9020648008935,30.013212616692,30.0475048951546,30
933.75,32.6486901785946,30.9020648008935,30.013212616692,30.0475048951546,30
933.8,32.6486901785946,30.9020648008935,30.013212616692,30.0475048951546,30
933.85,32.6486901785946,30.9020648008935,30.013212616692,30.0475048951546,30
933.9,32.6486901785946,30.9020648008935,30.013212616692,30.0475048951546,30
933.95,32.6486901785946,30.9020648008935,30.013212616692,30.0475048951546,30
934.0,32.5898660473044,30.84445589001,29.9561588022635,30.0478444735876,30
934.05,32.5898660473044,30.84445589001,29.9561588022635,30.0478444735876,30
934.1,32.5898660473044,30.84445589001,29.9561588022635,30.0478444735876,30
934.15,32.5898660473044,30.84445589001,29.9561588022635,30.0478444735876,30
934.2,32.5898660473044,30.84445589001,29.9561588022635,30.0478444735876,30
934.25,32.5898660473044,30.84445589001,29.9561588022635,30.0478444735876,30
934.3,32.5898660473044,30.84445589001,29.9561588022635,30.0478444735876,30
934.35,32.5898660473044,30.84445589001,29.9561588022635,30.0478444735876,30
934.4,32.5898660473044,30.84445589001,29.9561588022635,30.0478444735876,30
934.45,32.5898660473044,30.84445589001,29.9561588022635,30.0478444735876,30
934.5,32.6192726446392,30.873255674741,29.984681424287,30.0465994780928,30
934.55,32.6192726446392,30.873255674741,29.984681424287,30.0465994780928,30
934.6,32.6192726446392,30.873255674741,29.984681424287,30.0465994780928,30
934.65,32.6192726446392,30.873255674741,29.984681424287,30.0465994780928,30
934.7,32.6192726446392,30.873255674741,29.984681424287,30.0465994780928,30
934.75,32.6192726446392,30.873255674741,29.984681424287,30.0465994780928,30
934.8,32.6192726446392,30.873255674741,29.984681424287,30.0465994780928,30
934.85,32.6192726446392,30.873255674741,29.984681424287,30.0465994780928,30
934.9,32.6192726446392,30.873255674741,29.984681424287,30.0465994780928,30
934.95,32.6192726446392,30.873255674741,29.984681424287,30.0465994780928,30
935.0,32.6486901785946,30.9020648008935,30.013212616692,30.0461804152347,30
935.05,32.6486901785946,30.9020648008935,30.013212616692,30.0461804152347,30
935.1,32.6486901785946,30.9020648008935,30.013212616692,30.0461804152347,30
935.15,32.6486901785946,30.9020648008935,30.013212616692,30.0461804152347,30
935.2,32.6486901785946,30.9020648008935,30.013212616692,30.0461804152347,30
935.25,32.6486901785946,30.9020648008935,30.013212616692,30.0461804152347,30
935.3,32.6486901785946,30.9020648008935,30.013212616692,30.0461804152347,30
935.35,32.6486901785946,30.9020648008935,30.013212616692,30.0461804152347,30
935.4,32.6486901785946,30.9020648008935,30.013212616692,30.0461804152347,30
935.45,32.6486901785946,30.9020648008935,30.013212616692,30.0461804152347,30
935.5,32.6486901785946,30.9020648008935,29.984681424287,30.04656021238,30
935.55,32.6486901785946,30.9020648008935,29.984681424287,30.04656021238,30
935.6,32.6486901785946,30.9020648008935,29.984681424287,30.04656021238,30
935.65,32.6486901785946,30.9020648008935,29.984681424287,30.04656021238,30
935.7,32.6486901785946,30.9020648008935,29.984681424287,30.04656021238,30
935.75,32.6486901785946,30.9020648008935,29.984681424287,30.04656021238,30
935.8,32.6486901785946,30.9020648008935,29.984681424287,30.04656021238,30
935.85,32.6486901785946,30.9020648008935,29.984681424287,30.04656021238,30
935.9,32.6486901785946,30.9020648008935,29.984681424287,30.04656021238,30
935.95,32.6486901785946,30.9020648008935,29.984681424287,30.04656021238,30
936.0,32.6486901785946,30.9020648008935,29.984681424287,30.0469262639816,30
936.05,32.6486901785946,30.9020648008935,29.984681424287,30.0469262639816,30
936.1,32.6486901785946,30.9020648008935,29.984681424287,30.0469262639816,30
936.15,32.6486901785946,30.9020648008935,29.984681424287,30.0469262639816,30
936.2,32.6486901785946,30.9020648008935,29.984681424287,30.0469262639816,30
936.25,32.6486901785946,30.9020648008935,29.984681424287,30.0469262639816,30
936.3,32.6486901785946,30.9020648008935,29.984681424287,30.0469262639816,30
936.35,32.6486901785946,30.9020648008935,29.984681424287,30.0469262639816,30
936.4,32.6486901785946,30.9020648008935,29.984681424287,30.0469262639816,30
936.45,32.6486901785946,30.9020648008935,29.984681424287,30.0469262639816,30
936.5,32.7075581679103,30.9597111792208,30.0417524038476,30.0472790540487,30
936.55,32.7075581679103,30.9597111792208,30.0417524038476,30.0472790540487,30
936.6,32.7075581679103,30.9597111792208,30.0417524038476,30.0472790540487,30
936.65,32.7075581679103,30.9597111792208,30.0417524038476,30.0472790540487,30
936.7,32.7075581679103,30.9597111792208,30.0417524038476,30.0472790540487,30
936.75,32.7075581679103,30.9597111792208,30.0417524038476,30.0472790540487,30
936.8,32.7075581679103,30.9597111792208,30.0417524038476,30.0472790540487,30
936.85,32.7075581679103,30.9597111792208,30.0417524038476,30.0472790540487,30
936.9,32.7075581679103,30.9597111792208,30.0417524038476,30.0472790540487,30
936.95,32.7075581679103,30.9597111792208,30.0417524038476,30.0472790540487,30
937.0,32.6192726446392,30.873255674741,29.984681424287,30.0491922099885,30
937.05,32.6192726446392,30.873255674741,29.984681424287,30.0491922099885,30
937.1,32.6192726446392,30.873255674741,29.984681424287,30.0491922099885,30
937.15,32.6192726446392,30.873255674741,29.984681424287,30.0491922099885,30
937.2,32.6192726446392,30.873255674741,29.984681424287,30.0491922099885,30
937.25,32.6192726446392,30.873255674741,29.984681424287,30.0491922099885,30
937.3,32.6192726446392,30.873255674741,29.984681424287,30.0491922099885,30
937.35,32.6192726446392,30.873255674741,29.984681424287,30.0491922099885,30
937.4,32.6192726446392,30.873255674741,29.984681424287,30.0491922099885,30
937.45,32.6192726446392,30.873255674741,29.984681424287,30.0491922099885,30
937.5,32.5898660473044,30.84445589001,29.9561588022635,30.048681644621,30
937.55,32.5898660473044,30.84445589001,29.9561588022635,30.048681644621,30
937.6,32.5898660473044,30.84445589001,29.9561588022635,30.048681644621,30
937.65,32.5898660473044,30.84445589001,29.9561588022635,30.048681644621,30
937.7,32.5898660473044,30.84445589001,29.9561588022635,30.048681644621,30
937.75,32.5898660473044,30.84445589001,29.9561588022635,30.048681644621,30
937.8,32.5898660473044,30.84445589001,29.9561588022635,30.048681644621,30
937.85,32.5898660473044,30.84445589001,29.9561588022635,30.048681644621,30
937.9,32.5898660473044,30.84445589001,29.9561588022635,30.048681644621,30
937.95,32.5898660473044,30.84445589001,29.9561588022635,30.048681644621,30
938.0,32.6486901785946,30.9020648008935,30.013212616692,30.0474009912529,30
938.05,32.6486901785946,30.9020648008935,30.013212616692,30.0474009912529,30
938.1,32.6486901785946,30.9020648008935,30.013212616692,30.0474009912529,30
938.15,32.6486901785946,30.9020648008935,30.013212616692,30.0474009912529,30
938.2,32.6486901785946,30.9020648008935,30.013212616692,30.0474009912529,30
938.25,32.6486901785946,30.9020648008935,30.013212616692,30.0474009912529,30
938.3,32.6486901785946,30.9020648008935,30.013212616692,30.0474009912529,30
938.35,32.6486901785946,30.9020648008935,30.013212616692,30.0474009912529,30
938.4,32.6486901785946,30.9020648008935,30.013212616692,30.0474009912529,30
938.45,32.6486901785946,30.9020648008935,30.013212616692,30.0474009912529,30
938.5,32.6486901785946,30.873255674741,29.984681424287,30.0477337967235,30
938.55,32.6486901785946,30.873255674741,29.984681424287,30.0477337967235,30
938.6,32.6486901785946,30.873255674741,29.984681424287,30.0477337967235,30
938.65,32.6486901785946,30.873255674741,29.984681424287,30.0477337967235,30
938.7,32.6486901785946,30.873255674741,29.984681424287,30.0477337967235,30
938.75,32.6486901785946,30.873255674741,29.984681424287,30.0477337967235,30
938.8,32.6486901785946,30.873255674741,29.984681424287,30.0477337967235,30
938.85,32.6486901785946,30.873255674741,29.984681424287,30.0477337967235,30
938.9,32.6486901785946,30.873255674741,29.984681424287,30.0477337967235,30
938.95,32.6486901785946,30.873255674741,29.984681424287,30.0477337967235,30
939.0,32.6781186770451,30.9308832938978,30.013212616692,30.0472689255846,30
939.05,32.6781186770451,30.9308832938978,30.013212616692,30.0472689255846,30
939.1,32.6781186770451,30.9308832938978,30.013212616692,30.0472689255846,30
939.15,32.6781186770451,30.9308832938978,30.013212616692,30.0472689255846,30
939.2,32.6781186770451,30.9308832938978,30.013212616692,30.0472689255846,30
939.25,32.6781186770451,30.9308832938978,30.013212616692,30.0472689255846,30
939.3,32.6781186770451,30.9308832938978,30.013212616692,30.0472689255846,30
939.35,32.6781186770451,30.9308832938978,30.013212616692,30.0472689255846,30
939.4,32.6781186770451,30.9308832938978,30.013212616692,30.0472689255846,30
939.45,32.6781186770451,30.9308832938978,30.013212616692,30.0472689255846,30
939.5,32.6781186770451,30.9308832938978,30.0417524038476,30.0483916080951,30
939.55,32.6781186770451,30.9308832938978,30.0417524038476,30.0483916080951,30
939.6,32.6781186770451,30.9308832938978,30.0417524038476,30.0483916080951,30
939.65,32.6781186770451,30.9308832938978,30.0417524038476,30.0483916080951,30
939.7,32.6781186770451,30.9308832938978,30.0417524038476,30.0483916080951,30
939.75,32.6781186770451,30.9308832938978,30.0417524038476,30.0483916080951,30
939.8,32.6781186770451,30.9308832938978,30.0417524038476,30.0483916080951,30
939.85,32.6781186770451,30.9308832938978,30.0417524038476,30.0483916080951,30
939.9,32.6781186770451,30.9308832938978,30.0417524038476,30.0483916080951,30
939.95,32.6781186770451,30.9308832938978,30.0417524038476,30.0483916080951,30
940.0,32.6781186770451,30.9308832938978,30.0417524038476,30.0494761315854,30
940.05,32.6781186770451,30.9308832938978,30.0417524038476,30.0494761315854,30
940.1,32.6781186770451,30.9308832938978,30.0417524038476,30.0494761315854,30
940.15,32.6781186770451,30.9308832938978,30.0417524038476,30.0494761315854,30
940.2,32.6781186770451,30.9308832938978,30.0417524038476,30.0494761315854,30
940.25,32.6781186770451,30.9308832938978,30.0417524038476,30.0494761315854,30
940.3,32.6781186770451,30.9308832938978,30.0417524038476,30.0494761315854,30
940.35,32.6781186770451,30.9308832938978,30.0417524038476,30.0494761315854,30
940.4,32.6781186770451,30.9308832938978,30.0417524038476,30.0494761315854,30
940.45,32.6781186770451,30.9308832938978,30.0417524038476,30.0494761315854,30
940.5,32.6486901785946,30.873255674741,29.984681424287,30.0505238054392,30
940.55,32.6486901785946,30.873255674741,29.984681424287,30.0505238054392,30
940.6,32.6486901785946,30.873255674741,29.984681424287,30.0505238054392,30
940.65,32.6486901785946,30.873255674741,29.984681424287,30.0505238054392,30
940.7,32.6486901785946,30.873255674741,29.984681424287,30.0505238054392,30
940.75,32.6486901785946,30.873255674741,29.984681424287,30.0505238054392,30
940.8,32.6486901785946,30.873255674741,29.984681424287,30.0505238054392,30
940.85,32.6486901785946,30.873255674741,29.984681424287,30.0505238054392,30
940.9,32.6486901785946,30.873255674741,29.984681424287,30.0505238054392,30
940.95,32.6486901785946,30.873255674741,29.984681424287,30.0505238054392,30
941.0,32.6486901785946,30.9020648008935,30.013212616692,30.0499638170998,30
941.05,32.6486901785946,30.9020648008935,30.013212616692,30.0499638170998,30
941.1,32.6486901785946,30.9020648008935,30.013212616692,30.0499638170998,30
941.15,32.6486901785946,30.9020648008935,30.013212616692,30.0499638170998,30
941.2,32.6486901785946,30.9020648008935,30.013212616692,30.0499638170998,30
941.25,32.6486901785946,30.9020648008935,30.013212616692,30.0499638170998,30
941.3,32.6486901785946,30.9020648008935,30.013212616692,30.0499638170998,30
941.35,32.6486901785946,30.9020648008935,30.013212616692,30.0499638170998,30
941.4,32.6486901785946,30.9020648008935,30.013212616692,30.0499638170998,30
941.45,32.6486901785946,30.9020648008935,30.013212616692,30.0499638170998,30
941.5,32.6192726446392,30.873255674741,29.984681424287,30.050208199449,30
941.55,32.6192726446392,30.873255674741,29.984681424287,30.050208199449,30
941.6,32.6192726446392,30.873255674741,29.984681424287,30.050208199449,30
941.65,32.6192726446392,30.873255674741,29.984681424287,30.050208199449,30
941.7,32.6192726446392,30.873255674741,29.984681424287,30.050208199449,30
941.75,32.6192726446392,30.873255674741,29.984681424287,30.050208199449,30
941.8,32.6192726446392,30.873255674741,29.984681424287,30.050208199449,30
941.85,32.6192726446392,30.873255674741,29.984681424287,30.050208199449,30
941.9,32.6192726446392,30.873255674741,29.984681424287,30.050208199449,30
941.95,32.6192726446392,30.873255674741,29.984681424287,30.050208199449,30
942.0,32.6781186770451,30.9308832938978,30.0417524038476,30.0496573891458,30
942.05,32.6781186770451,30.9308832938978,30.0417524038476,30.0496573891458,30
942.1,32.6781186770451,30.9308832938978,30.0417524038476,30.0496573891458,30
942.15,32.6781186770451,30.9308832938978,30.0417524038476,30.0496573891458,30
942.2,32.6781186770451,30.9308832938978,30.0417524038476,30.0496573891458,30
942.25,32.6781186770451,30.9308832938978,30.0417524038476,30.0496573891458,30
942.3,32.6781186770451,30.9308832938978,30.0417524038476,30.0496573891458,30
942.35,32.6781186770451,30.9308832938978,30.0417524038476,30.0496573891458,30
942.4,32.6781186770451,30.9308832938978,30.0417524038476,30.0496573891458,30
942.45,32.6781186770451,30.9308832938978,30.0417524038476,30.0496573891458,30
942.5,32.6486901785946,30.9020648008935,30.013212616692,30.0506965476467,30
942.55,32.6486901785946,30.9020648008935,30.013212616692,30.0506965476467,30
942.6,32.6486901785946,30.9020648008935,30.013212616692,30.0506965476467,30
942.65,32.6486901785946,30.9020648008935,30.013212616692,30.0506965476467,30
942.7,32.6486901785946,30.9020648008935,30.013212616692,30.0506965476467,30
942.75,32.6486901785946,30.9020648008935,30.013212616692,30.0506965476467,30
942.8,32.6486901785946,30.9020648008935,30.013212616692,30.0506965476467,30
942.85,32.6486901785946,30.9020648008935,30.013212616692,30.0506965476467,30
942.9,32.6486901785946,30.9020648008935,30.013212616692,30.0506965476467,30
942.95,32.6486901785946,30.9020648008935,30.013212616692,30.0506965476467,30
943.0,32.6486901785946,30.9020648008935,29.984681424287,30.050913996648,30
943.05,32.6486901785946,30.9020648008935,29.984681424287,30.050913996648,30
943.1,32.6486901785946,30.9020648008935,29.984681424287,30.050913996648,30
943.15,32.6486901785946,30.9020648008935,29.984681424287,30.050913996648,30
943.2,32.6486901785946,30.9020648008935,29.984681424287,30.050913996648,30
943.25,32.6486901785946,30.9020648008935,29.984681424287,30.050913996648,30
943.3,32.6486901785946,30.9020648008935,29.984681424287,30.050913996648,30
943.35,32.6486901785946,30.9020648008935,29.984681424287,30.050913996648,30
943.4,32.6486901785946,30.9020648008935,29.984681424287,30.050913996648,30
943.45,32.6486901785946,30.9020648008935,29.984681424287,30.050913996648,30
943.5,32.6192726446392,30.873255674741,29.984681424287,30.0511234034099,30
943.55,32.6192726446392,30.873255674741,29.984681424287,30.0511234034099,30
943.6,32.6192726446392,30.873255674741,29.984681424287,30.0511234034099,30
943.65,32.6192726446392,30.873255674741,29.984681424287,30.0511234034099,30
943.7,32.6192726446392,30.873255674741,29.984681424287,30.0511234034099,30
943.75,32.6192726446392,30.873255674741,29.984681424287,30.0511234034099,30
943.8,32.6192726446392,30.873255674741,29.984681424287,30.0511234034099,30
943.85,32.6192726446392,30.873255674741,29.984681424287,30.0511234034099,30
943.9,32.6192726446392,30.873255674741,29.984681424287,30.0511234034099,30
943.95,32.6192726446392,30.873255674741,29.984681424287,30.0511234034099,30
944.0,32.6486901785946,30.9020648008935,30.013212616692,30.0505388572021,30
944.05,32.6486901785946,30.9020648008935,30.013212616692,30.0505388572021,30
944.1,32.6486901785946,30.9020648008935,30.013212616692,30.0505388572021,30
944.15,32.6486901785946,30.9020648008935,30.013212616692,30.0505388572021,30
944.2,32.6486901785946,30.9020648008935,30.013212616692,30.0505388572021,30
944.25,32.6486901785946,30.9020648008935,30.013212616692,30.0505388572021,30
944.3,32.6486901785946,30.9020648008935,30.013212616692,30.0505388572021,30
944.35,32.6486901785946,30.9020648008935,30.013212616692,30.0505388572021,30
944.4,32.6486901785946,30.9020648008935,30.013212616692,30.0505388572021,30
944.45,32.6486901785946,30.9020648008935,30.013212616692,30.0505388572021,30
944.5,32.7075581679103,30.9308832938978,30.0417524038476,30.0507590242611,30
944.55,32.7075581679103,30.9308832938978,30.0417524038476,30.0507590242611,30
944.6,32.7075581679103,30.9308832938978,30.0417524038476,30.0507590242611,30
944.65,32.7075581679103,30.9308832938978,30.0417524038476,30.0507590242611,30
944.7,32.7075581679103,30.9308832938978,30.0417524038476,30.0507590242611,30
944.75,32.7075581679103,30.9308832938978,30.0417524038476,30.0507590242611,30
944.8,32.7075581679103,30.9308832938978,30.0417524038476,30.0507590242611,30
944.85,32.7075581679103,30.9308832938978,30.0417524038476,30.0507590242611,30
944.9,32.7075581679103,30.9308832938978,30.0417524038476,30.0507590242611,30
944.95,32.7075581679103,30.9308832938978,30.0417524038476,30.0507590242611,30
945.0,32.6486901785946,30.9020648008935,30.013212616692,30.0517581186618,30
945.05,32.6486901785946,30.9020648008935,30.013212616692,30.0517581186618,30
945.1,32.6486901785946,30.9020648008935,30.013212616692,30.0517581186618,30
945.15,32.6486901785946,30.9020648008935,30.013212616692,30.0517581186618,30
945.2,32.6486901785946,30.9020648008935,30.013212616692,30.0517581186618,30
945.25,32.6486901785946,30.9020648008935,30.013212616692,30.0517581186618,30
945.3,32.6486901785946,30.9020648008935,30.013212616692,30.0517581186618,30
945.35,32.6486901785946,30.9020648008935,30.013212616692,30.0517581186618,30
945.4,32.6486901785946,30.9020648008935,30.013212616692,30.0517581186618,30
945.45,32.6486901785946,30.9020648008935,30.013212616692,30.0517581186618,30
945.5,32.6486901785946,30.9020648008935,30.013212616692,30.0519374801067,30
945.55,32.6486901785946,30.9020648008935,30.013212616692,30.0519374801067,30
945.6,32.6486901785946,30.9020648008935,30.013212616692,30.0519374801067,30
945.65,32.6486901785946,30.9020648008935,30.013212616692,30.0519374801067,30
945.7,32.6486901785946,30.9020648008935,30.013212616692,30.0519374801067,30
945.75,32.6486901785946,30.9020648008935,30.013212616692,30.0519374801067,30
945.8,32.6486901785946,30.9020648008935,30.013212616692,30.0519374801067,30
945.85,32.6486901785946,30.9020648008935,30.013212616692,30.0519374801067,30
945.9,32.6486901785946,30.9020648008935,30.013212616692,30.0519374801067,30
945.95,32.6486901785946,30.9020648008935,30.013212616692,30.0519374801067,30
946.0,32.5898660473044,30.84445589001,29.9561588022635,30.0521101367802,30
946.05,32.5898660473044,30.84445589001,29.9561588022635,30.0521101367802,30
946.1,32.5898660473044,30.84445589001,29.9561588022635,30.0521101367802,30
946.15,32.5898660473044,30.84445589001,29.9561588022635,30.0521101367802,30
946.2,32.5898660473044,30.84445589001,29.9561588022635,30.0521101367802,30
946.25,32.5898660473044,30.84445589001,29.9561588022635,30.0521101367802,30
946.3,32.5898660473044,30.84445589001,29.9561588022635,30.0521101367802,30
946.35,32.5898660473044,30.84445589001,29.9561588022635,30.0521101367802,30
946.4,32.5898660473044,30.84445589001,29.9561588022635,30.0521101367802,30
946.45,32.5898660473044,30.84445589001,29.9561588022635,30.0521101367802,30
946.5,32.6781186770451,30.9308832938978,30.013212616692,30.0507041900555,30
946.55,32.6781186770451,30.9308832938978,30.013212616692,30.0507041900555,30
946.6,32.6781186770451,30.9308832938978,30.013212616692,30.0507041900555,30
946.65,32.6781186770451,30.9308832938978,30.013212616692,30.0507041900555,30
946.7,32.6781186770451,30.9308832938978,30.013212616692,30.0507041900555,30
946.75,32.6781186770451,30.9308832938978,30.013212616692,30.0507041900555,30
946.8,32.6781186770451,30.9308832938978,30.013212616692,30.0507041900555,30
946.85,32.6781186770451,30.9308832938978,30.013212616692,30.0507041900555,30
946.9,32.6781186770451,30.9308832938978,30.013212616692,30.0507041900555,30
946.95,32.6781186770451,30.9308832938978,30.013212616692,30.0507041900555,30
947.0,32.6192726446392,30.873255674741,29.984681424287,30.0517025855447,30
947.05,32.6192726446392,30.873255674741,29.984681424287,30.0517025855447,30
947.1,32.6192726446392,30.873255674741,29.984681424287,30.0517025855447,30
947.15,32.6192726446392,30.873255674741,29.984681424287,30.0517025855447,30
947.2,32.6192726446392,30.873255674741,29.984681424287,30.0517025855447,30
947.25,32.6192726446392,30.873255674741,29.984681424287,30.0517025855447,30
947.3,32.6192726446392,30.873255674741,29.984681424287,30.0517025855447,30
947.35,32.6192726446392,30.873255674741,29.984681424287,30.0517025855447,30
947.4,32.6192726446392,30.873255674741,29.984681424287,30.0517025855447,30
947.45,32.6192726446392,30.873255674741,29.984681424287,30.0517025855447,30
947.5,32.6486901785946,30.9020648008935,30.013212616692,30.0510945513996,30
947.55,32.6486901785946,30.9020648008935,30.013212616692,30.0510945513996,30
947.6,32.6486901785946,30.9020648008935,30.013212616692,30.0510945513996,30
947.65,32.6486901785946,30.9020648008935,30.013212616692,30.0510945513996,30
947.7,32.6486901785946,30.9020648008935,30.013212616692,30.0510945513996,30
947.75,32.6486901785946,30.9020648008935,30.013212616692,30.0510945513996,30
947.8,32.6486901785946,30.9020648008935,30.013212616692,30.0510945513996,30
947.85,32.6486901785946,30.9020648008935,30.013212616692,30.0510945513996,30
947.9,32.6486901785946,30.9020648008935,30.013212616692,30.0510945513996,30
947.95,32.6486901785946,30.9020648008935,30.013212616692,30.0510945513996,30
948.0,32.6192726446392,30.873255674741,29.984681424287,30.0512920935391,30
948.05,32.6192726446392,30.873255674741,29.984681424287,30.0512920935391,30
948.1,32.6192726446392,30.873255674741,29.984681424287,30.0512920935391,30
948.15,32.6192726446392,30.873255674741,29.984681424287,30.0512920935391,30
948.2,32.6192726446392,30.873255674741,29.984681424287,30.0512920935391,30
948.25,32.6192726446392,30.873255674741,29.984681424287,30.0512920935391,30
948.3,32.6192726446392,30.873255674741,29.984681424287,30.0512920935391,30
948.35,32.6192726446392,30.873255674741,29.984681424287,30.0512920935391,30
948.4,32.6192726446392,30.873255674741,29.984681424287,30.0512920935391,30
948.45,32.6192726446392,30.873255674741,29.984681424287,30.0512920935391,30
948.5,32.6192726446392,30.873255674741,29.984681424287,30.0506961753515,30
948.55,32.6192726446392,30.873255674741,29.984681424287,30.0506961753515,30
948.6,32.6192726446392,30.873255674741,29.984681424287,30.0506961753515,30
948.65,32.6192726446392,30.873255674741,29.984681424287,30.0506961753515,30
948.7,32.6192726446392,30.873255674741,29.984681424287,30.0506961753515,30
948.75,32.6192726446392,30.873255674741,29.984681424287,30.0506961753515,30
948.8,32.6192726446392,30.873255674741,29.984681424287,30.0506961753515,30
948.85,32.6192726446392,30.873255674741,29.984681424287,30.0506961753515,30
948.9,32.6192726446392,30.873255674741,29.984681424287,30.0506961753515,30
948.95,32.6192726446392,30.873255674741,29.984681424287,30.0506961753515,30
949.0,32.5898660473044,30.84445589001,29.9561588022635,30.0501192485652,30
949.05,32.5898660473044,30.84445589001,29.9561588022635,30.0501192485652,30
949.1,32.5898660473044,30.84445589001,29.9561588022635,30.0501192485652,30
949.15,32.5898660473044,30.84445589001,29.9561588022635,30.0501192485652,30
949.2,32.5898660473044,30.84445589001,29.9561588022635,30.0501192485652,30
949.25,32.5898660473044,30.84445589001,29.9561588022635,30.0501192485652,30
949.3,32.5898660473044,30.84445589001,29.9561588022635,30.0501192485652,30
949.35,32.5898660473044,30.84445589001,29.9561588022635,30.0501192485652,30
949.4,32.5898660473044,30.84445589001,29.9561588022635,30.0501192485652,30
949.45,32.5898660473044,30.84445589001,29.9561588022635,30.0501192485652,30
949.5,32.6486901785946,30.9020648008935,30.013212616692,30.0487747388593,30
949.55,32.6486901785946,30.9020648008935,30.013212616692,30.0487747388593,30
949.6,32.6486901785946,30.9020648008935,30.013212616692,30.0487747388593,30
949.65,32.6486901785946,30.9020648008935,30.013212616692,30.0487747388593,30
949.7,32.6486901785946,30.9020648008935,30.013212616692,30.0487747388593,30
949.75,32.6486901785946,30.9020648008935,30.013212616692,30.0487747388593,30
949.8,32.6486901785946,30.9020648008935,30.013212616692,30.0487747388593,30
949.85,32.6486901785946,30.9020648008935,30.013212616692,30.0487747388593,30
949.9,32.6486901785946,30.9020648008935,30.013212616692,30.0487747388593,30
949.95,32.6486901785946,30.9020648008935,30.013212616692,30.0487747388593,30
950.0,32.5898660473044,30.84445589001,29.9561588022635,30.0490461034714,30
950.05,32.5898660473044,30.84445589001,29.9561588022635,30.0490461034714,30
950.1,32.5898660473044,30.84445589001,29.9561588022635,30.0490461034714,30
950.15,32.5898660473044,30.84445589001,29.9561588022635,30.0490461034714,30
950.2,32.5898660473044,30.84445589001,29.9561588022635,30.0490461034714,30
950.25,32.5898660473044,30.84445589001,29.9561588022635,30.0490461034714,30
950.3,32.5898660473044,30.84445589001,29.9561588022635,30.0490461034714,30
950.35,32.5898660473044,30.84445589001,29.9561588022635,30.0490461034714,30
950.4,32.5898660473044,30.84445589001,29.9561588022635,30.0490461034714,30
950.45,32.5898660473044,30.84445589001,29.9561588022635,30.0490461034714,30
950.5,32.6486901785946,30.9020648008935,30.013212616692,30.0477356076995,30
950.55,32.6486901785946,30.9020648008935,30.013212616692,30.0477356076995,30
950.6,32.6486901785946,30.9020648008935,30.013212616692,30.0477356076995,30
950.65,32.6486901785946,30.9020648008935,30.013212616692,30.0477356076995,30
950.7,32.6486901785946,30.9020648008935,30.013212616692,30.0477356076995,30
950.75,32.6486901785946,30.9020648008935,30.013212616692,30.0477356076995,30
950.8,32.6486901785946,30.9020648008935,30.013212616692,30.0477356076995,30
950.85,32.6486901785946,30.9020648008935,30.013212616692,30.0477356076995,30
950.9,32.6486901785946,30.9020648008935,30.013212616692,30.0477356076995,30
950.95,32.6486901785946,30.9020648008935,30.013212616692,30.0477356076995,30
951.0,32.6192726446392,30.873255674741,29.984681424287,30.0480398556026,30
951.05,32.6192726446392,30.873255674741,29.984681424287,30.0480398556026,30
951.1,32.6192726446392,30.873255674741,29.984681424287,30.0480398556026,30
951.15,32.6192726446392,30.873255674741,29.984681424287,30.0480398556026,30
951.2,32.6192726446392,30.873255674741,29.984681424287,30.0480398556026,30
951.25,32.6192726446392,30.873255674741,29.984681424287,30.0480398556026,30
951.3,32.6192726446392,30.873255674741,29.984681424287,30.0480398556026,30
951.35,32.6192726446392,30.873255674741,29.984681424287,30.0480398556026,30
951.4,32.6192726446392,30.873255674741,29.984681424287,30.0480398556026,30
951.45,32.6192726446392,30.873255674741,29.984681424287,30.0480398556026,30
951.5,32.6781186770451,30.9308832938978,30.0417524038476,30.0475470922744,30
951.55,32.6781186770451,30.9308832938978,30.0417524038476,30.0475470922744,30
951.6,32.6781186770451,30.9308832938978,30.0417524038476,30.0475470922744,30
951.65,32.6781186770451,30.9308832938978,30.0417524038476,30.0475470922744,30
951.7,32.6781186770451,30.9308832938978,30.0417524038476,30.0475470922744,30
951.75,32.6781186770451,30.9308832938978,30.0417524038476,30.0475470922744,30
951.8,32.6781186770451,30.9308832938978,30.0417524038476,30.0475470922744,30
951.85,32.6781186770451,30.9308832938978,30.0417524038476,30.0475470922744,30
951.9,32.6781186770451,30.9308832938978,30.0417524038476,30.0475470922744,30
951.95,32.6781186770451,30.9308832938978,30.0417524038476,30.0475470922744,30
952.0,32.6192726446392,30.873255674741,29.984681424287,30.0486425384968,30
952.05,32.6192726446392,30.873255674741,29.984681424287,30.0486425384968,30
952.1,32.6192726446392,30.873255674741,29.984681424287,30.0486425384968,30
952.15,32.6192726446392,30.873255674741,29.984681424287,30.0486425384968,30
952.2,32.6192726446392,30.873255674741,29.984681424287,30.0486425384968,30
952.25,32.6192726446392,30.873255674741,29.984681424287,30.0486425384968,30
952.3,32.6192726446392,30.873255674741,29.984681424287,30.0486425384968,30
952.35,32.6192726446392,30.873255674741,29.984681424287,30.0486425384968,30
952.4,32.6192726446392,30.873255674741,29.984681424287,30.0486425384968,30
952.45,32.6192726446392,30.873255674741,29.984681424287,30.0486425384968,30
952.5,32.6192726446392,30.873255674741,29.984681424287,30.0481283769803,30
952.55,32.6192726446392,30.873255674741,29.984681424287,30.0481283769803,30
952.6,32.6192726446392,30.873255674741,29.984681424287,30.0481283769803,30
952.65,32.6192726446392,30.873255674741,29.984681424287,30.0481283769803,30
952.7,32.6192726446392,30.873255674741,29.984681424287,30.0481283769803,30
952.75,32.6192726446392,30.873255674741,29.984681424287,30.0481283769803,30
952.8,32.6192726446392,30.873255674741,29.984681424287,30.0481283769803,30
952.85,32.6192726446392,30.873255674741,29.984681424287,30.0481283769803,30
952.9,32.6192726446392,30.873255674741,29.984681424287,30.0481283769803,30
952.95,32.6192726446392,30.873255674741,29.984681424287,30.0481283769803,30
953.0,32.6781186770451,30.9308832938978,30.0417524038476,30.047630524699,30
953.05,32.6781186770451,30.9308832938978,30.0417524038476,30.047630524699,30
953.1,32.6781186770451,30.9308832938978,30.0417524038476,30.047630524699,30
953.15,32.6781186770451,30.9308832938978,30.0417524038476,30.047630524699,30
953.2,32.6781186770451,30.9308832938978,30.0417524038476,30.047630524699,30
953.25,32.6781186770451,30.9308832938978,30.0417524038476,30.047630524699,30
953.3,32.6781186770451,30.9308832938978,30.0417524038476,30.047630524699,30
953.35,32.6781186770451,30.9308832938978,30.0417524038476,30.047630524699,30
953.4,32.6781186770451,30.9308832938978,30.0417524038476,30.047630524699,30
953.45,32.6781186770451,30.9308832938978,30.0417524038476,30.047630524699,30
953.5,32.7075581679103,30.9597111792208,30.0703008101557,30.048721087618,30
953.55,32.7075581679103,30.9597111792208,30.0703008101557,30.048721087618,30
953.6,32.7075581679103,30.9597111792208,30.0703008101557,30.048721087618,30
953.65,32.7075581679103,30.9597111792208,30.0703008101557,30.048721087618,30
953.7,32.7075581679103,30.9597111792208,30.0703008101557,30.048721087618,30
953.75,32.7075581679103,30.9597111792208,30.0703008101557,30.048721087618,30
953.8,32.7075581679103,30.9597111792208,30.0703008101557,30.048721087618,30
953.85,32.7075581679103,30.9597111792208,30.0703008101557,30.048721087618,30
953.9,32.7075581679103,30.9597111792208,30.0703008101557,30.048721087618,30
953.95,32.7075581679103,30.9597111792208,30.0703008101557,30.048721087618,30
954.0,32.6781186770451,30.9308832938978,30.0417524038476,30.050561597471,30
954.05,32.6781186770451,30.9308832938978,30.0417524038476,30.050561597471,30
954.1,32.6781186770451,30.9308832938978,30.0417524038476,30.050561597471,30
954.15,32.6781186770451,30.9308832938978,30.0417524038476,30.050561597471,30
954.2,32.6781186770451,30.9308832938978,30.0417524038476,30.050561597471,30
954.25,32.6781186770451,30.9308832938978,30.0417524038476,30.050561597471,30
954.3,32.6781186770451,30.9308832938978,30.0417524038476,30.050561597471,30
954.35,32.6781186770451,30.9308832938978,30.0417524038476,30.050561597471,30
954.4,32.6781186770451,30.9308832938978,30.0417524038476,30.050561597471,30
954.45,32.6781186770451,30.9308832938978,30.0417524038476,30.050561597471,30
954.5,32.6781186770451,30.9308832938978,30.0417524038476,30.0515538798228,30
954.55,32.6781186770451,30.9308832938978,30.0417524038476,30.0515538798228,30
954.6,32.6781186770451,30.9308832938978,30.0417524038476,30.0515538798228,30
954.65,32.6781186770451,30.9308832938978,30.0417524038476,30.0515538798228,30
954.7,32.6781186770451,30.9308832938978,30.0417524038476,30.0515538798228,30
954.75,32.6781186770451,30.9308832938978,30.0417524038476,30.0515538798228,30
954.8,32.6781186770451,30.9308832938978,30.0417524038476,30.0515538798228,30
954.85,32.6781186770451,30.9308832938978,30.0417524038476,30.0515538798228,30
954.9,32.6781186770451,30.9308832938978,30.0417524038476,30.0515538798228,30
954.95,32.6781186770451,30.9308832938978,30.0417524038476,30.0515538798228,30
955.0,32.6192726446392,30.873255674741,29.984681424287,30.0525127535157,30
955.05,32.6192726446392,30.873255674741,29.984681424287,30.0525127535157,30
955.1,32.6192726446392,30.873255674741,29.984681424287,30.0525127535157,30
955.15,32.6192726446392,30.873255674741,29.984681424287,30.0525127535157,30
955.2,32.6192726446392,30.873255674741,29.984681424287,30.0525127535157,30
955.25,32.6192726446392,30.873255674741,29.984681424287,30.0525127535157,30
955.3,32.6192726446392,30.873255674741,29.984681424287,30.0525127535157,30
955.35,32.6192726446392,30.873255674741,29.984681424287,30.0525127535157,30
955.4,32.6192726446392,30.873255674741,29.984681424287,30.0525127535157,30
955.45,32.6192726446392,30.873255674741,29.984681424287,30.0525127535157,30
955.5,32.6192726446392,30.873255674741,29.9561588022635,30.0518667120388,30
955.55,32.6192726446392,30.873255674741,29.9561588022635,30.0518667120388,30
955.6,32.6192726446392,30.873255674741,29.9561588022635,30.0518667120388,30
955.65,32.6192726446392,30.873255674741,29.9561588022635,30.0518667120388,30
955.7,32.6192726446392,30.873255674741,29.9561588022635,30.0518667120388,30
955.75,32.6192726446392,30.873255674741,29.9561588022635,30.0518667120388,30
955.8,32.6192726446392,30.873255674741,29.9561588022635,30.0518667120388,30
955.85,32.6192726446392,30.873255674741,29.9561588022635,30.0518667120388,30
955.9,32.6192726446392,30.873255674741,29.9561588022635,30.0518667120388,30
955.95,32.6192726446392,30.873255674741,29.9561588022635,30.0518667120388,30
956.0,32.6486901785946,30.9020648008935,30.013212616692,30.0512415105684,30
956.05,32.6486901785946,30.9020648008935,30.013212616692,30.0512415105684,30
956.1,32.6486901785946,30.9020648008935,30.013212616692,30.0512415105684,30
956.15,32.6486901785946,30.9020648008935,30.013212616692,30.0512415105684,30
956.2,32.6486901785946,30.9020648008935,30.013212616692,30.0512415105684,30
956.25,32.6486901785946,30.9020648008935,30.013212616692,30.0512415105684,30
956.3,32.6486901785946,30.9020648008935,30.013212616692,30.0512415105684,30
956.35,32.6486901785946,30.9020648008935,30.013212616692,30.0512415105684,30
956.4,32.6486901785946,30.9020648008935,30.013212616692,30.0512415105684,30
956.45,32.6486901785946,30.9020648008935,30.013212616692,30.0512415105684,30
956.5,32.6192726446392,30.873255674741,29.984681424287,30.0514226469057,30
956.55,32.6192726446392,30.873255674741,29.984681424287,30.0514226469057,30
956.6,32.6192726446392,30.873255674741,29.984681424287,30.0514226469057,30
956.65,32.6192726446392,30.873255674741,29.984681424287,30.0514226469057,30
956.7,32.6192726446392,30.873255674741,29.984681424287,30.0514226469057,30
956.75,32.6192726446392,30.873255674741,29.984681424287,30.0514226469057,30
956.8,32.6192726446392,30.873255674741,29.984681424287,30.0514226469057,30
956.85,32.6192726446392,30.873255674741,29.984681424287,30.0514226469057,30
956.9,32.6192726446392,30.873255674741,29.984681424287,30.0514226469057,30
956.95,32.6192726446392,30.873255674741,29.984681424287,30.0514226469057,30
957.0,32.6781186770451,30.9308832938978,30.0417524038476,30.0508110557441,30
957.05,32.6781186770451,30.9308832938978,30.0417524038476,30.0508110557441,30
957.1,32.6781186770451,30.9308832938978,30.0417524038476,30.0508110557441,30
957.15,32.6781186770451,30.9308832938978,30.0417524038476,30.0508110557441,30
957.2,32.6781186770451,30.9308832938978,30.0417524038476,30.0508110557441,30
957.25,32.6781186770451,30.9308832938978,30.0417524038476,30.0508110557441,30
957.3,32.6781186770451,30.9308832938978,30.0417524038476,30.0508110557441,30
957.35,32.6781186770451,30.9308832938978,30.0417524038476,30.0508110557441,30
957.4,32.6781186770451,30.9308832938978,30.0417524038476,30.0508110557441,30
957.45,32.6781186770451,30.9308832938978,30.0417524038476,30.0508110557441,30
957.5,32.6192726446392,30.873255674741,29.9561588022635,30.0517918093983,30
957.55,32.6192726446392,30.873255674741,29.9561588022635,30.0517918093983,30
957.6,32.6192726446392,30.873255674741,29.9561588022635,30.0517918093983,30
957.65,32.6192726446392,30.873255674741,29.9561588022635,30.0517918093983,30
957.7,32.6192726446392,30.873255674741,29.9561588022635,30.0517918093983,30
957.75,32.6192726446392,30.873255674741,29.9561588022635,30.0517918093983,30
957.8,32.6192726446392,30.873255674741,29.9561588022635,30.0517918093983,30
957.85,32.6192726446392,30.873255674741,29.9561588022635,30.0517918093983,30
957.9,32.6192726446392,30.873255674741,29.9561588022635,30.0517918093983,30
957.95,32.6192726446392,30.873255674741,29.9561588022635,30.0517918093983,30
958.0,32.6192726446392,30.873255674741,29.9561588022635,30.0511669472485,30
958.05,32.6192726446392,30.873255674741,29.9561588022635,30.0511669472485,30
958.1,32.6192726446392,30.873255674741,29.9561588022635,30.0511669472485,30
958.15,32.6192726446392,30.873255674741,29.9561588022635,30.0511669472485,30
958.2,32.6192726446392,30.873255674741,29.9561588022635,30.0511669472485,30
958.25,32.6192726446392,30.873255674741,29.9561588022635,30.0511669472485,30
958.3,32.6192726446392,30.873255674741,29.9561588022635,30.0511669472485,30
958.35,32.6192726446392,30.873255674741,29.9561588022635,30.0511669472485,30
958.4,32.6192726446392,30.873255674741,29.9561588022635,30.0511669472485,30
958.45,32.6192726446392,30.873255674741,29.9561588022635,30.0511669472485,30
958.5,32.6486901785946,30.9020648008935,30.013212616692,30.0505622478973,30
958.55,32.6486901785946,30.9020648008935,30.013212616692,30.0505622478973,30
958.6,32.6486901785946,30.9020648008935,30.013212616692,30.0505622478973,30
958.65,32.6486901785946,30.9020648008935,30.013212616692,30.0505622478973,30
958.7,32.6486901785946,30.9020648008935,30.013212616692,30.0505622478973,30
958.75,32.6486901785946,30.9020648008935,30.013212616692,30.0505622478973,30
958.8,32.6486901785946,30.9020648008935,30.013212616692,30.0505622478973,30
958.85,32.6486901785946,30.9020648008935,30.013212616692,30.0505622478973,30
958.9,32.6486901785946,30.9020648008935,30.013212616692,30.0505622478973,30
958.95,32.6486901785946,30.9020648008935,30.013212616692,30.0505622478973,30
959.0,32.6781186770451,30.9308832938978,30.0417524038476,30.0507632317734,30
959.05,32.6781186770451,30.9308832938978,30.0417524038476,30.0507632317734,30
959.1,32.6781186770451,30.9308832938978,30.0417524038476,30.0507632317734,30
959.15,32.6781186770451,30.9308832938978,30.0417524038476,30.0507632317734,30
959.2,32.6781186770451,30.9308832938978,30.0417524038476,30.0507632317734,30
959.25,32.6781186770451,30.9308832938978,30.0417524038476,30.0507632317734,30
959.3,32.6781186770451,30.9308832938978,30.0417524038476,30.0507632317734,30
959.35,32.6781186770451,30.9308832938978,30.0417524038476,30.0507632317734,30
959.4,32.6781186770451,30.9308832938978,30.0417524038476,30.0507632317734,30
959.45,32.6781186770451,30.9308832938978,30.0417524038476,30.0507632317734,30
959.5,32.6486901785946,30.9020648008935,30.013212616692,30.0517435036842,30
959.55,32.6486901785946,30.9020648008935,30.013212616692,30.0517435036842,30
959.6,32.6486901785946,30.9020648008935,30.013212616692,30.0517435036842,30
959.65,32.6486901785946,30.9020648008935,30.013212616692,30.0517435036842,30
959.7,32.6486901785946,30.9020648008935,30.013212616692,30.0517435036842,30
959.75,32.6486901785946,30.9020648008935,30.013212616692,30.0517435036842,30
959.8,32.6486901785946,30.9020648008935,30.013212616692,30.0517435036842,30
959.85,32.6486901785946,30.9020648008935,30.013212616692,30.0517435036842,30
959.9,32.6486901785946,30.9020648008935,30.013212616692,30.0517435036842,30
959.95,32.6486901785946,30.9020648008935,30.013212616692,30.0517435036842,30
960.0,32.6486901785946,30.9020648008935,30.013212616692,30.0519044041358,30
960.05,32.6486901785946,30.9020648008935,30.013212616692,30.0519044041358,30
960.1,32.6486901785946,30.9020648008935,30.013212616692,30.0519044041358,30
960.15,32.6486901785946,30.9020648008935,30.013212616692,30.0519044041358,30
960.2,32.6486901785946,30.9020648008935,30.013212616692,30.0519044041358,30
960.25,32.6486901785946,30.9020648008935,30.013212616692,30.0519044041358,30
960.3,32.6486901785946,30.9020648008935,30.013212616692,30.0519044041358,30
960.35,32.6486901785946,30.9020648008935,30.013212616692,30.0519044041358,30
960.4,32.6486901785946,30.9020648008935,30.013212616692,30.0519044041358,30
960.45,32.6486901785946,30.9020648008935,30.013212616692,30.0519044041358,30
960.5,32.6192726446392,30.873255674741,29.9561588022635,30.0520595152919,30
960.55,32.6192726446392,30.873255674741,29.9561588022635,30.0520595152919,30
960.6,32.6192726446392,30.873255674741,29.9561588022635,30.0520595152919,30
960.65,32.6192726446392,30.873255674741,29.9561588022635,30.0520595152919,30
960.7,32.6192726446392,30.873255674741,29.9561588022635,30.0520595152919,30
960.75,32.6192726446392,30.873255674741,29.9561588022635,30.0520595152919,30
960.8,32.6192726446392,30.873255674741,29.9561588022635,30.0520595152919,30
960.85,32.6192726446392,30.873255674741,29.9561588022635,30.0520595152919,30
960.9,32.6192726446392,30.873255674741,29.9561588022635,30.0520595152919,30
960.95,32.6192726446392,30.873255674741,29.9561588022635,30.0520595152919,30
961.0,32.6192726446392,30.873255674741,29.9561588022635,30.0514228443222,30
961.05,32.6192726446392,30.873255674741,29.9561588022635,30.0514228443222,30
961.1,32.6192726446392,30.873255674741,29.9561588022635,30.0514228443222,30
961.15,32.6192726446392,30.873255674741,29.9561588022635,30.0514228443222,30
961.2,32.6192726446392,30.873255674741,29.9561588022635,30.0514228443222,30
961.25,32.6192726446392,30.873255674741,29.9561588022635,30.0514228443222,30
961.3,32.6192726446392,30.873255674741,29.9561588022635,30.0514228443222,30
961.35,32.6192726446392,30.873255674741,29.9561588022635,30.0514228443222,30
961.4,32.6192726446392,30.873255674741,29.9561588022635,30.0514228443222,30
961.45,32.6192726446392,30.873255674741,29.9561588022635,30.0514228443222,30
961.5,32.5898660473044,30.84445589001,29.9561588022635,30.0508067819507,30
961.55,32.5898660473044,30.84445589001,29.9561588022635,30.0508067819507,30
961.6,32.5898660473044,30.84445589001,29.9561588022635,30.0508067819507,30
961.65,32.5898660473044,30.84445589001,29.9561588022635,30.0508067819507,30
961.7,32.5898660473044,30.84445589001,29.9561588022635,30.0508067819507,30
961.75,32.5898660473044,30.84445589001,29.9561588022635,30.0508067819507,30
961.8,32.5898660473044,30.84445589001,29.9561588022635,30.0508067819507,30
961.85,32.5898660473044,30.84445589001,29.9561588022635,30.0508067819507,30
961.9,32.5898660473044,30.84445589001,29.9561588022635,30.0508067819507,30
961.95,32.5898660473044,30.84445589001,29.9561588022635,30.0508067819507,30
962.0,32.6486901785946,30.9020648008935,30.013212616692,30.0494246949991,30
962.05,32.6486901785946,30.9020648008935,30.013212616692,30.0494246949991,30
962.1,32.6486901785946,30.9020648008935,30.013212616692,30.0494246949991,30
962.15,32.6486901785946,30.9020648008935,30.013212616692,30.0494246949991,30
962.2,32.6486901785946,30.9020648008935,30.013212616692,30.0494246949991,30
962.25,32.6486901785946,30.9020648008935,30.013212616692,30.0494246949991,30
962.3,32.6486901785946,30.9020648008935,30.013212616692,30.0494246949991,30
962.35,32.6486901785946,30.9020648008935,30.013212616692,30.0494246949991,30
962.4,32.6486901785946,30.9020648008935,30.013212616692,30.0494246949991,30
962.45,32.6486901785946,30.9020648008935,30.013212616692,30.0494246949991,30
962.5,32.6781186770451,30.9308832938978,30.0417524038476,30.0496599839209,30
962.55,32.6781186770451,30.9308832938978,30.0417524038476,30.0496599839209,30
962.6,32.6781186770451,30.9308832938978,30.0417524038476,30.0496599839209,30
962.65,32.6781186770451,30.9308832938978,30.0417524038476,30.0496599839209,30
962.7,32.6781186770451,30.9308832938978,30.0417524038476,30.0496599839209,30
962.75,32.6781186770451,30.9308832938978,30.0417524038476,30.0496599839209,30
962.8,32.6781186770451,30.9308832938978,30.0417524038476,30.0496599839209,30
962.85,32.6781186770451,30.9308832938978,30.0417524038476,30.0496599839209,30
962.9,32.6781186770451,30.9308832938978,30.0417524038476,30.0496599839209,30
962.95,32.6781186770451,30.9308832938978,30.0417524038476,30.0496599839209,30
963.0,32.6486901785946,30.9020648008935,30.013212616692,30.0506734488423,30
963.05,32.6486901785946,30.9020648008935,30.013212616692,30.0506734488423,30
963.1,32.6486901785946,30.9020648008935,30.013212616692,30.0506734488423,30
963.15,32.6486901785946,30.9020648008935,30.013212616692,30.0506734488423,30
963.2,32.6486901785946,30.9020648008935,30.013212616692,30.0506734488423,30
963.25,32.6486901785946,30.9020648008935,30.013212616692,30.0506734488423,30
963.3,32.6486901785946,30.9020648008935,30.013212616692,30.0506734488423,30
963.35,32.6486901785946,30.9020648008935,30.013212616692,30.0506734488423,30
963.4,32.6486901785946,30.9020648008935,30.013212616692,30.0506734488423,30
963.45,32.6486901785946,30.9020648008935,30.013212616692,30.0506734488423,30
963.5,32.6192726446392,30.873255674741,29.984681424287,30.0508664676518,30
963.55,32.6192726446392,30.873255674741,29.984681424287,30.0508664676518,30
963.6,32.6192726446392,30.873255674741,29.984681424287,30.0508664676518,30
963.65,32.6192726446392,30.873255674741,29.984681424287,30.0508664676518,30
963.7,32.6192726446392,30.873255674741,29.984681424287,30.0508664676518,30
963.75,32.6192726446392,30.873255674741,29.984681424287,30.0508664676518,30
963.8,32.6192726446392,30.873255674741,29.984681424287,30.0508664676518,30
963.85,32.6192726446392,30.873255674741,29.984681424287,30.0508664676518,30
963.9,32.6192726446392,30.873255674741,29.984681424287,30.0508664676518,30
963.95,32.6192726446392,30.873255674741,29.984681424287,30.0508664676518,30
964.0,32.6486901785946,30.9020648008935,30.013212616692,30.050266462312,30
964.05,32.6486901785946,30.9020648008935,30.013212616692,30.050266462312,30
964.1,32.6486901785946,30.9020648008935,30.013212616692,30.050266462312,30
964.15,32.6486901785946,30.9020648008935,30.013212616692,30.050266462312,30
964.2,32.6486901785946,30.9020648008935,30.013212616692,30.050266462312,30
964.25,32.6486901785946,30.9020648008935,30.013212616692,30.050266462312,30
964.3,32.6486901785946,30.9020648008935,30.013212616692,30.050266462312,30
964.35,32.6486901785946,30.9020648008935,30.013212616692,30.050266462312,30
964.4,32.6486901785946,30.9020648008935,30.013212616692,30.050266462312,30
964.45,32.6486901785946,30.9020648008935,30.013212616692,30.050266462312,30
964.5,32.6486901785946,30.9020648008935,30.013212616692,30.0504720618048,30
964.55,32.6486901785946,30.9020648008935,30.013212616692,30.0504720618048,30
964.6,32.6486901785946,30.9020648008935,30.013212616692,30.0504720618048,30
964.65,32.6486901785946,30.9020648008935,30.013212616692,30.0504720618048,30
964.7,32.6486901785946,30.9020648008935,30.013212616692,30.0504720618048,30
964.75,32.6486901785946,30.9020648008935,30.013212616692,30.0504720618048,30
964.8,32.6486901785946,30.9020648008935,30.013212616692,30.0504720618048,30
964.85,32.6486901785946,30.9020648008935,30.013212616692,30.0504720618048,30
964.9,32.6486901785946,30.9020648008935,30.013212616692,30.0504720618048,30
964.95,32.6486901785946,30.9020648008935,30.013212616692,30.0504720618048,30
965.0,32.6192726446392,30.873255674741,29.984681424287,30.0506704204903,30
965.05,32.6192726446392,30.873255674741,29.984681424287,30.0506704204903,30
965.1,32.6192726446392,30.873255674741,29.984681424287,30.0506704204903,30
965.15,32.6192726446392,30.873255674741,29.984681424287,30.0506704204903,30
965.2,32.6192726446392,30.873255674741,29.984681424287,30.0506704204903,30
965.25,32.6192726446392,30.873255674741,29.984681424287,30.0506704204903,30
965.3,32.6192726446392,30.873255674741,29.984681424287,30.0506704204903,30
965.35,32.6192726446392,30.873255674741,29.984681424287,30.0506704204903,30
965.4,32.6192726446392,30.873255674741,29.984681424287,30.0506704204903,30
965.45,32.6192726446392,30.873255674741,29.984681424287,30.0506704204903,30
965.5,32.6192726446392,30.873255674741,29.9561588022635,30.0500755943686,30
965.55,32.6192726446392,30.873255674741,29.9561588022635,30.0500755943686,30
965.6,32.6192726446392,30.873255674741,29.9561588022635,30.0500755943686,30
965.65,32.6192726446392,30.873255674741,29.9561588022635,30.0500755943686,30
965.7,32.6192726446392,30.873255674741,29.9561588022635,30.0500755943686,30
965.75,32.6192726446392,30.873255674741,29.9561588022635,30.0500755943686,30
965.8,32.6192726446392,30.873255674741,29.9561588022635,30.0500755943686,30
965.85,32.6192726446392,30.873255674741,29.9561588022635,30.0500755943686,30
965.9,32.6192726446392,30.873255674741,29.9561588022635,30.0500755943686,30
965.95,32.6192726446392,30.873255674741,29.9561588022635,30.0500755943686,30
966.0,32.6781186770451,30.9308832938978,30.0417524038476,30.0495000213243,30
966.05,32.6781186770451,30.9308832938978,30.0417524038476,30.0495000213243,30
966.1,32.6781186770451,30.9308832938978,30.0417524038476,30.0495000213243,30
966.15,32.6781186770451,30.9308832938978,30.0417524038476,30.0495000213243,30
966.2,32.6781186770451,30.9308832938978,30.0417524038476,30.0495000213243,30
966.25,32.6781186770451,30.9308832938978,30.0417524038476,30.0495000213243,30
966.3,32.6781186770451,30.9308832938978,30.0417524038476,30.0495000213243,30
966.35,32.6781186770451,30.9308832938978,30.0417524038476,30.0495000213243,30
966.4,32.6781186770451,30.9308832938978,30.0417524038476,30.0495000213243,30
966.45,32.6781186770451,30.9308832938978,30.0417524038476,30.0495000213243,30
966.5,32.6192726446392,30.873255674741,29.984681424287,30.050515703339,30
966.55,32.6192726446392,30.873255674741,29.984681424287,30.050515703339,30
966.6,32.6192726446392,30.873255674741,29.984681424287,30.050515703339,30
966.65,32.6192726446392,30.873255674741,29.984681424287,30.050515703339,30
966.7,32.6192726446392,30.873255674741,29.984681424287,30.050515703339,30
966.75,32.6192726446392,30.873255674741,29.984681424287,30.050515703339,30
966.8,32.6192726446392,30.873255674741,29.984681424287,30.050515703339,30
966.85,32.6192726446392,30.873255674741,29.984681424287,30.050515703339,30
966.9,32.6192726446392,30.873255674741,29.984681424287,30.050515703339,30
966.95,32.6192726446392,30.873255674741,29.984681424287,30.050515703339,30
967.0,32.5898660473044,30.84445589001,29.9561588022635,30.0499247152336,30
967.05,32.5898660473044,30.84445589001,29.9561588022635,30.0499247152336,30
967.1,32.5898660473044,30.84445589001,29.9561588022635,30.0499247152336,30
967.15,32.5898660473044,30.84445589001,29.9561588022635,30.0499247152336,30
967.2,32.5898660473044,30.84445589001,29.9561588022635,30.0499247152336,30
967.25,32.5898660473044,30.84445589001,29.9561588022635,30.0499247152336,30
967.3,32.5898660473044,30.84445589001,29.9561588022635,30.0499247152336,30
967.35,32.5898660473044,30.84445589001,29.9561588022635,30.0499247152336,30
967.4,32.5898660473044,30.84445589001,29.9561588022635,30.0499247152336,30
967.45,32.5898660473044,30.84445589001,29.9561588022635,30.0499247152336,30
967.5,32.6781186770451,30.9308832938978,30.013212616692,30.0485669285037,30
967.55,32.6781186770451,30.9308832938978,30.013212616692,30.0485669285037,30
967.6,32.6781186770451,30.9308832938978,30.013212616692,30.0485669285037,30
967.65,32.6781186770451,30.9308832938978,30.013212616692,30.0485669285037,30
967.7,32.6781186770451,30.9308832938978,30.013212616692,30.0485669285037,30
967.75,32.6781186770451,30.9308832938978,30.013212616692,30.0485669285037,30
967.8,32.6781186770451,30.9308832938978,30.013212616692,30.0485669285037,30
967.85,32.6781186770451,30.9308832938978,30.013212616692,30.0485669285037,30
967.9,32.6781186770451,30.9308832938978,30.013212616692,30.0485669285037,30
967.95,32.6781186770451,30.9308832938978,30.013212616692,30.0485669285037,30
968.0,32.6192726446392,30.873255674741,29.984681424287,30.0496122209749,30
968.05,32.6192726446392,30.873255674741,29.984681424287,30.0496122209749,30
968.1,32.6192726446392,30.873255674741,29.984681424287,30.0496122209749,30
968.15,32.6192726446392,30.873255674741,29.984681424287,30.0496122209749,30
968.2,32.6192726446392,30.873255674741,29.984681424287,30.0496122209749,30
968.25,32.6192726446392,30.873255674741,29.984681424287,30.0496122209749,30
968.3,32.6192726446392,30.873255674741,29.984681424287,30.0496122209749,30
968.35,32.6192726446392,30.873255674741,29.984681424287,30.0496122209749,30
968.4,32.6192726446392,30.873255674741,29.984681424287,30.0496122209749,30
968.45,32.6192726446392,30.873255674741,29.984681424287,30.0496122209749,30
968.5,32.6192726446392,30.873255674741,29.984681424287,30.0490498587437,30
968.55,32.6192726446392,30.873255674741,29.984681424287,30.0490498587437,30
968.6,32.6192726446392,30.873255674741,29.984681424287,30.0490498587437,30
968.65,32.6192726446392,30.873255674741,29.984681424287,30.0490498587437,30
968.7,32.6192726446392,30.873255674741,29.984681424287,30.0490498587437,30
968.75,32.6192726446392,30.873255674741,29.984681424287,30.0490498587437,30
968.8,32.6192726446392,30.873255674741,29.984681424287,30.0490498587437,30
968.85,32.6192726446392,30.873255674741,29.984681424287,30.0490498587437,30
968.9,32.6192726446392,30.873255674741,29.984681424287,30.0490498587437,30
968.95,32.6192726446392,30.873255674741,29.984681424287,30.0490498587437,30
969.0,32.6192726446392,30.9020648008935,29.984681424287,30.0485056881312,30
969.05,32.6192726446392,30.9020648008935,29.984681424287,30.0485056881312,30
969.1,32.6192726446392,30.9020648008935,29.984681424287,30.0485056881312,30
969.15,32.6192726446392,30.9020648008935,29.984681424287,30.0485056881312,30
969.2,32.6192726446392,30.9020648008935,29.984681424287,30.0485056881312,30
969.25,32.6192726446392,30.9020648008935,29.984681424287,30.0485056881312,30
969.3,32.6192726446392,30.9020648008935,29.984681424287,30.0485056881312,30
969.35,32.6192726446392,30.9020648008935,29.984681424287,30.0485056881312,30
969.4,32.6192726446392,30.9020648008935,29.984681424287,30.0485056881312,30
969.45,32.6192726446392,30.9020648008935,29.984681424287,30.0485056881312,30
969.5,32.5898660473044,30.84445589001,29.9561588022635,30.0487647235453,30
969.55,32.5898660473044,30.84445589001,29.9561588022635,30.0487647235453,30
969.6,32.5898660473044,30.84445589001,29.9561588022635,30.0487647235453,30
969.65,32.5898660473044,30.84445589001,29.9561588022635,30.0487647235453,30
969.7,32.5898660473044,30.84445589001,29.9561588022635,30.0487647235453,30
969.75,32.5898660473044,30.84445589001,29.9561588022635,30.0487647235453,30
969.8,32.5898660473044,30.84445589001,29.9561588022635,30.0487647235453,30
969.85,32.5898660473044,30.84445589001,29.9561588022635,30.0487647235453,30
969.9,32.5898660473044,30.84445589001,29.9561588022635,30.0487647235453,30
969.95,32.5898660473044,30.84445589001,29.9561588022635,30.0487647235453,30
970.0,32.6192726446392,30.9020648008935,29.984681424287,30.0474420802102,30
970.05,32.6192726446392,30.9020648008935,29.984681424287,30.0474420802102,30
970.1,32.6192726446392,30.9020648008935,29.984681424287,30.0474420802102,30
970.15,32.6192726446392,30.9020648008935,29.984681424287,30.0474420802102,30
970.2,32.6192726446392,30.9020648008935,29.984681424287,30.0474420802102,30
970.25,32.6192726446392,30.9020648008935,29.984681424287,30.0474420802102,30
970.3,32.6192726446392,30.9020648008935,29.984681424287,30.0474420802102,30
970.35,32.6192726446392,30.9020648008935,29.984681424287,30.0474420802102,30
970.4,32.6192726446392,30.9020648008935,29.984681424287,30.0474420802102,30
970.45,32.6192726446392,30.9020648008935,29.984681424287,30.0474420802102,30
970.5,32.5898660473044,30.84445589001,29.927644726284,30.047734349863,30
970.55,32.5898660473044,30.84445589001,29.927644726284,30.047734349863,30
970.6,32.5898660473044,30.84445589001,29.927644726284,30.047734349863,30
970.65,32.5898660473044,30.84445589001,29.927644726284,30.047734349863,30
970.7,32.5898660473044,30.84445589001,29.927644726284,30.047734349863,30
970.75,32.5898660473044,30.84445589001,29.927644726284,30.047734349863,30
970.8,32.5898660473044,30.84445589001,29.927644726284,30.047734349863,30
970.85,32.5898660473044,30.84445589001,29.927644726284,30.047734349863,30
970.9,32.5898660473044,30.84445589001,29.927644726284,30.047734349863,30
970.95,32.5898660473044,30.84445589001,29.927644726284,30.047734349863,30
971.0,32.6192726446392,30.873255674741,29.9561588022635,30.0464438429179,30
971.05,32.6192726446392,30.873255674741,29.9561588022635,30.0464438429179,30
971.1,32.6192726446392,30.873255674741,29.9561588022635,30.0464438429179,30
971.15,32.6192726446392,30.873255674741,29.9561588022635,30.0464438429179,30
971.2,32.6192726446392,30.873255674741,29.9561588022635,30.0464438429179,30
971.25,32.6192726446392,30.873255674741,29.9561588022635,30.0464438429179,30
971.3,32.6192726446392,30.873255674741,29.9561588022635,30.0464438429179,30
971.35,32.6192726446392,30.873255674741,29.9561588022635,30.0464438429179,30
971.4,32.6192726446392,30.873255674741,29.9561588022635,30.0464438429179,30
971.45,32.6192726446392,30.873255674741,29.9561588022635,30.0464438429179,30
971.5,32.6192726446392,30.9020648008935,29.984681424287,30.0459815634939,30
971.55,32.6192726446392,30.9020648008935,29.984681424287,30.0459815634939,30
971.6,32.6192726446392,30.9020648008935,29.984681424287,30.0459815634939,30
971.65,32.6192726446392,30.9020648008935,29.984681424287,30.0459815634939,30
971.7,32.6192726446392,30.9020648008935,29.984681424287,30.0459815634939,30
971.75,32.6192726446392,30.9020648008935,29.984681424287,30.0459815634939,30
971.8,32.6192726446392,30.9020648008935,29.984681424287,30.0459815634939,30
971.85,32.6192726446392,30.9020648008935,29.984681424287,30.0459815634939,30
971.9,32.6192726446392,30.9020648008935,29.984681424287,30.0459815634939,30
971.95,32.6192726446392,30.9020648008935,29.984681424287,30.0459815634939,30
972.0,32.6192726446392,30.873255674741,29.984681424287,30.0463197779993,30
972.05,32.6192726446392,30.873255674741,29.984681424287,30.0463197779993,30
972.1,32.6192726446392,30.873255674741,29.984681424287,30.0463197779993,30
972.15,32.6192726446392,30.873255674741,29.984681424287,30.0463197779993,30
972.2,32.6192726446392,30.873255674741,29.984681424287,30.0463197779993,30
972.25,32.6192726446392,30.873255674741,29.984681424287,30.0463197779993,30
972.3,32.6192726446392,30.873255674741,29.984681424287,30.0463197779993,30
972.35,32.6192726446392,30.873255674741,29.984681424287,30.0463197779993,30
972.4,32.6192726446392,30.873255674741,29.984681424287,30.0463197779993,30
972.45,32.6192726446392,30.873255674741,29.984681424287,30.0463197779993,30
972.5,32.5898660473044,30.873255674741,29.9561588022635,30.0458596351214,30
972.55,32.5898660473044,30.873255674741,29.9561588022635,30.0458596351214,30
972.6,32.5898660473044,30.873255674741,29.9561588022635,30.0458596351214,30
972.65,32.5898660473044,30.873255674741,29.9561588022635,30.0458596351214,30
972.7,32.5898660473044,30.873255674741,29.9561588022635,30.0458596351214,30
972.75,32.5898660473044,30.873255674741,29.9561588022635,30.0458596351214,30
972.8,32.5898660473044,30.873255674741,29.9561588022635,30.0458596351214,30
972.85,32.5898660473044,30.873255674741,29.9561588022635,30.0458596351214,30
972.9,32.5898660473044,30.873255674741,29.9561588022635,30.0458596351214,30
972.95,32.5898660473044,30.873255674741,29.9561588022635,30.0458596351214,30
973.0,32.6192726446392,30.873255674741,29.984681424287,30.045413747098,30
973.05,32.6192726446392,30.873255674741,29.984681424287,30.045413747098,30
973.1,32.6192726446392,30.873255674741,29.984681424287,30.045413747098,30
973.15,32.6192726446392,30.873255674741,29.984681424287,30.045413747098,30
973.2,32.6192726446392,30.873255674741,29.984681424287,30.045413747098,30
973.25,32.6192726446392,30.873255674741,29.984681424287,30.045413747098,30
973.3,32.6192726446392,30.873255674741,29.984681424287,30.045413747098,30
973.35,32.6192726446392,30.873255674741,29.984681424287,30.045413747098,30
973.4,32.6192726446392,30.873255674741,29.984681424287,30.045413747098,30
973.45,32.6192726446392,30.873255674741,29.984681424287,30.045413747098,30
973.5,32.5898660473044,30.84445589001,29.927644726284,30.0449816543092,30
973.55,32.5898660473044,30.84445589001,29.927644726284,30.0449816543092,30
973.6,32.5898660473044,30.84445589001,29.927644726284,30.0449816543092,30
973.65,32.5898660473044,30.84445589001,29.927644726284,30.0449816543092,30
973.7,32.5898660473044,30.84445589001,29.927644726284,30.0449816543092,30
973.75,32.5898660473044,30.84445589001,29.927644726284,30.0449816543092,30
973.8,32.5898660473044,30.84445589001,29.927644726284,30.0449816543092,30
973.85,32.5898660473044,30.84445589001,29.927644726284,30.0449816543092,30
973.9,32.5898660473044,30.84445589001,29.927644726284,30.0449816543092,30
973.95,32.5898660473044,30.84445589001,29.927644726284,30.0449816543092,30
974.0,32.6486901785946,30.9020648008935,30.013212616692,30.0437775239694,30
974.05,32.6486901785946,30.9020648008935,30.013212616692,30.0437775239694,30
974.1,32.6486901785946,30.9020648008935,30.013212616692,30.0437775239694,30
974.15,32.6486901785946,30.9020648008935,30.013212616692,30.0437775239694,30
974.2,32.6486901785946,30.9020648008935,30.013212616692,30.0437775239694,30
974.25,32.6486901785946,30.9020648008935,30.013212616692,30.0437775239694,30
974.3,32.6486901785946,30.9020648008935,30.013212616692,30.0437775239694,30
974.35,32.6486901785946,30.9020648008935,30.013212616692,30.0437775239694,30
974.4,32.6486901785946,30.9020648008935,30.013212616692,30.0437775239694,30
974.45,32.6486901785946,30.9020648008935,30.013212616692,30.0437775239694,30
974.5,32.6192726446392,30.873255674741,29.984681424287,30.0441849595205,30
974.55,32.6192726446392,30.873255674741,29.984681424287,30.0441849595205,30
974.6,32.6192726446392,30.873255674741,29.984681424287,30.0441849595205,30
974.65,32.6192726446392,30.873255674741,29.984681424287,30.0441849595205,30
974.7,32.6192726446392,30.873255674741,29.984681424287,30.0441849595205,30
974.75,32.6192726446392,30.873255674741,29.984681424287,30.0441849595205,30
974.8,32.6192726446392,30.873255674741,29.984681424287,30.0441849595205,30
974.85,32.6192726446392,30.873255674741,29.984681424287,30.0441849595205,30
974.9,32.6192726446392,30.873255674741,29.984681424287,30.0441849595205,30
974.95,32.6192726446392,30.873255674741,29.984681424287,30.0441849595205,30
975.0,32.5898660473044,30.873255674741,29.9561588022635,30.0437923088637,30
975.05,32.5898660473044,30.873255674741,29.9561588022635,30.0437923088637,30
975.1,32.5898660473044,30.873255674741,29.9561588022635,30.0437923088637,30
975.15,32.5898660473044,30.873255674741,29.9561588022635,30.0437923088637,30
975.2,32.5898660473044,30.873255674741,29.9561588022635,30.0437923088637,30
975.25,32.5898660473044,30.873255674741,29.9561588022635,30.0437923088637,30
975.3,32.5898660473044,30.873255674741,29.9561588022635,30.0437923088637,30
975.35,32.5898660473044,30.873255674741,29.9561588022635,30.0437923088637,30
975.4,32.5898660473044,30.873255674741,29.9561588022635,30.0437923088637,30
975.45,32.5898660473044,30.873255674741,29.9561588022635,30.0437923088637,30
975.5,32.6486901785946,30.9020648008935,30.013212616692,30.0434116726435,30
975.55,32.6486901785946,30.9020648008935,30.013212616692,30.0434116726435,30
975.6,32.6486901785946,30.9020648008935,30.013212616692,30.0434116726435,30
975.65,32.6486901785946,30.9020648008935,30.013212616692,30.0434116726435,30
975.7,32.6486901785946,30.9020648008935,30.013212616692,30.0434116726435,30
975.75,32.6486901785946,30.9020648008935,30.013212616692,30.0434116726435,30
975.8,32.6486901785946,30.9020648008935,30.013212616692,30.0434116726435,30
975.85,32.6486901785946,30.9020648008935,30.013212616692,30.0434116726435,30
975.9,32.6486901785946,30.9020648008935,30.013212616692,30.0434116726435,30
975.95,32.6486901785946,30.9020648008935,30.013212616692,30.0434116726435,30
976.0,32.5898660473044,30.84445589001,29.9561588022635,30.0438288636662,30
976.05,32.5898660473044,30.84445589001,29.9561588022635,30.0438288636662,30
976.1,32.5898660473044,30.84445589001,29.9561588022635,30.0438288636662,30
976.15,32.5898660473044,30.84445589001,29.9561588022635,30.0438288636662,30
976.2,32.5898660473044,30.84445589001,29.9561588022635,30.0438288636662,30
976.25,32.5898660473044,30.84445589001,29.9561588022635,30.0438288636662,30
976.3,32.5898660473044,30.84445589001,29.9561588022635,30.0438288636662,30
976.35,32.5898660473044,30.84445589001,29.9561588022635,30.0438288636662,30
976.4,32.5898660473044,30.84445589001,29.9561588022635,30.0438288636662,30
976.45,32.5898660473044,30.84445589001,29.9561588022635,30.0438288636662,30
976.5,32.6781186770451,30.9308832938978,30.013212616692,30.0426597320174,30
976.55,32.6781186770451,30.9308832938978,30.013212616692,30.0426597320174,30
976.6,32.6781186770451,30.9308832938978,30.013212616692,30.0426597320174,30
976.65,32.6781186770451,30.9308832938978,30.013212616692,30.0426597320174,30
976.7,32.6781186770451,30.9308832938978,30.013212616692,30.0426597320174,30
976.75,32.6781186770451,30.9308832938978,30.013212616692,30.0426597320174,30
976.8,32.6781186770451,30.9308832938978,30.013212616692,30.0426597320174,30
976.85,32.6781186770451,30.9308832938978,30.013212616692,30.0426597320174,30
976.9,32.6781186770451,30.9308832938978,30.013212616692,30.0426597320174,30
976.95,32.6781186770451,30.9308832938978,30.013212616692,30.0426597320174,30
977.0,32.6192726446392,30.873255674741,29.984681424287,30.0438874797883,30
977.05,32.6192726446392,30.873255674741,29.984681424287,30.0438874797883,30
977.1,32.6192726446392,30.873255674741,29.984681424287,30.0438874797883,30
977.15,32.6192726446392,30.873255674741,29.984681424287,30.0438874797883,30
977.2,32.6192726446392,30.873255674741,29.984681424287,30.0438874797883,30
977.25,32.6192726446392,30.873255674741,29.984681424287,30.0438874797883,30
977.3,32.6192726446392,30.873255674741,29.984681424287,30.0438874797883,30
977.35,32.6192726446392,30.873255674741,29.984681424287,30.0438874797883,30
977.4,32.6192726446392,30.873255674741,29.984681424287,30.0438874797883,30
977.45,32.6192726446392,30.873255674741,29.984681424287,30.0438874797883,30
977.5,32.6192726446392,30.873255674741,29.984681424287,30.0435015828777,30
977.55,32.6192726446392,30.873255674741,29.984681424287,30.0435015828777,30
977.6,32.6192726446392,30.873255674741,29.984681424287,30.0435015828777,30
977.65,32.6192726446392,30.873255674741,29.984681424287,30.0435015828777,30
977.7,32.6192726446392,30.873255674741,29.984681424287,30.0435015828777,30
977.75,32.6192726446392,30.873255674741,29.984681424287,30.0435015828777,30
977.8,32.6192726446392,30.873255674741,29.984681424287,30.0435015828777,30
977.85,32.6192726446392,30.873255674741,29.984681424287,30.0435015828777,30
977.9,32.6192726446392,30.873255674741,29.984681424287,30.0435015828777,30
977.95,32.6192726446392,30.873255674741,29.984681424287,30.0435015828777,30
978.0,32.6192726446392,30.873255674741,29.984681424287,30.0431280902141,30
978.05,32.6192726446392,30.873255674741,29.984681424287,30.0431280902141,30
978.1,32.6192726446392,30.873255674741,29.984681424287,30.0431280902141,30
978.15,32.6192726446392,30.873255674741,29.984681424287,30.0431280902141,30
978.2,32.6192726446392,30.873255674741,29.984681424287,30.0431280902141,30
978.25,32.6192726446392,30.873255674741,29.984681424287,30.0431280902141,30
978.3,32.6192726446392,30.873255674741,29.984681424287,30.0431280902141,30
978.35,32.6192726446392,30.873255674741,29.984681424287,30.0431280902141,30
978.4,32.6192726446392,30.873255674741,29.984681424287,30.0431280902141,30
978.45,32.6192726446392,30.873255674741,29.984681424287,30.0431280902141,30
978.5,32.5310855512264,30.8156654213059,29.8991391720432,30.0427665869958,30
978.55,32.5310855512264,30.8156654213059,29.8991391720432,30.0427665869958,30
978.6,32.5310855512264,30.8156654213059,29.8991391720432,30.0427665869958,30
978.65,32.5310855512264,30.8156654213059,29.8991391720432,30.0427665869958,30
978.7,32.5310855512264,30.8156654213059,29.8991391720432,30.0427665869958,30
978.75,32.5310855512264,30.8156654213059,29.8991391720432,30.0427665869958,30
978.8,32.5310855512264,30.8156654213059,29.8991391720432,30.0427665869958,30
978.85,32.5310855512264,30.8156654213059,29.8991391720432,30.0427665869958,30
978.9,32.5310855512264,30.8156654213059,29.8991391720432,30.0427665869958,30
978.95,32.5310855512264,30.8156654213059,29.8991391720432,30.0427665869958,30
979.0,32.6781186770451,30.9308832938978,30.0417524038476,30.0408444733059,30
979.05,32.6781186770451,30.9308832938978,30.0417524038476,30.0408444733059,30
979.1,32.6781186770451,30.9308832938978,30.0417524038476,30.0408444733059,30
979.15,32.6781186770451,30.9308832938978,30.0417524038476,30.0408444733059,30
979.2,32.6781186770451,30.9308832938978,30.0417524038476,30.0408444733059,30
979.25,32.6781186770451,30.9308832938978,30.0417524038476,30.0408444733059,30
979.3,32.6781186770451,30.9308832938978,30.0417524038476,30.0408444733059,30
979.35,32.6781186770451,30.9308832938978,30.0417524038476,30.0408444733059,30
979.4,32.6781186770451,30.9308832938978,30.0417524038476,30.0408444733059,30
979.45,32.6781186770451,30.9308832938978,30.0417524038476,30.0408444733059,30
979.5,32.5898660473044,30.84445589001,29.9561588022635,30.0421292750036,30
979.55,32.5898660473044,30.84445589001,29.9561588022635,30.0421292750036,30
979.6,32.5898660473044,30.84445589001,29.9561588022635,30.0421292750036,30
979.65,32.5898660473044,30.84445589001,29.9561588022635,30.0421292750036,30
979.7,32.5898660473044,30.84445589001,29.9561588022635,30.0421292750036,30
979.75,32.5898660473044,30.84445589001,29.9561588022635,30.0421292750036,30
979.8,32.5898660473044,30.84445589001,29.9561588022635,30.0421292750036,30
979.85,32.5898660473044,30.84445589001,29.9561588022635,30.0421292750036,30
979.9,32.5898660473044,30.84445589001,29.9561588022635,30.0421292750036,30
979.95,32.5898660473044,30.84445589001,29.9561588022635,30.0421292750036,30
980.0,32.6192726446392,30.873255674741,29.984681424287,30.0410126022692,30
980.05,32.6192726446392,30.873255674741,29.984681424287,30.0410126022692,30
980.1,32.6192726446392,30.873255674741,29.984681424287,30.0410126022692,30
980.15,32.6192726446392,30.873255674741,29.984681424287,30.0410126022692,30
980.2,32.6192726446392,30.873255674741,29.984681424287,30.0410126022692,30
980.25,32.6192726446392,30.873255674741,29.984681424287,30.0410126022692,30
980.3,32.6192726446392,30.873255674741,29.984681424287,30.0410126022692,30
980.35,32.6192726446392,30.873255674741,29.984681424287,30.0410126022692,30
980.4,32.6192726446392,30.873255674741,29.984681424287,30.0410126022692,30
980.45,32.6192726446392,30.873255674741,29.984681424287,30.0410126022692,30
980.5,32.6192726446392,30.873255674741,29.984681424287,30.0407184404575,30
980.55,32.6192726446392,30.873255674741,29.984681424287,30.0407184404575,30
980.6,32.6192726446392,30.873255674741,29.984681424287,30.0407184404575,30
980.65,32.6192726446392,30.873255674741,29.984681424287,30.0407184404575,30
980.7,32.6192726446392,30.873255674741,29.984681424287,30.0407184404575,30
980.75,32.6192726446392,30.873255674741,29.984681424287,30.0407184404575,30
980.8,32.6192726446392,30.873255674741,29.984681424287,30.0407184404575,30
980.85,32.6192726446392,30.873255674741,29.984681424287,30.0407184404575,30
980.9,32.6192726446392,30.873255674741,29.984681424287,30.0407184404575,30
980.95,32.6192726446392,30.873255674741,29.984681424287,30.0407184404575,30
981.0,32.6486901785946,30.9020648008935,29.984681424287,30.0404336245428,30
981.05,32.6486901785946,30.9020648008935,29.984681424287,30.0404336245428,30
981.1,32.6486901785946,30.9020648008935,29.984681424287,30.0404336245428,30
981.15,32.6486901785946,30.9020648008935,29.984681424287,30.0404336245428,30
981.2,32.6486901785946,30.9020648008935,29.984681424287,30.0404336245428,30
981.25,32.6486901785946,30.9020648008935,29.984681424287,30.0404336245428,30
981.3,32.6486901785946,30.9020648008935,29.984681424287,30.0404336245428,30
981.35,32.6486901785946,30.9020648008935,29.984681424287,30.0404336245428,30
981.4,32.6486901785946,30.9020648008935,29.984681424287,30.0404336245428,30
981.45,32.6486901785946,30.9020648008935,29.984681424287,30.0404336245428,30
981.5,32.6192726446392,30.873255674741,29.984681424287,30.0409440401215,30
981.55,32.6192726446392,30.873255674741,29.984681424287,30.0409440401215,30
981.6,32.6192726446392,30.873255674741,29.984681424287,30.0409440401215,30
981.65,32.6192726446392,30.873255674741,29.984681424287,30.0409440401215,30
981.7,32.6192726446392,30.873255674741,29.984681424287,30.0409440401215,30
981.75,32.6192726446392,30.873255674741,29.984681424287,30.0409440401215,30
981.8,32.6192726446392,30.873255674741,29.984681424287,30.0409440401215,30
981.85,32.6192726446392,30.873255674741,29.984681424287,30.0409440401215,30
981.9,32.6192726446392,30.873255674741,29.984681424287,30.0409440401215,30
981.95,32.6192726446392,30.873255674741,29.984681424287,30.0409440401215,30
982.0,32.6486901785946,30.9020648008935,30.013212616692,30.0406509964035,30
982.05,32.6486901785946,30.9020648008935,30.013212616692,30.0406509964035,30
982.1,32.6486901785946,30.9020648008935,30.013212616692,30.0406509964035,30
982.15,32.6486901785946,30.9020648008935,30.013212616692,30.0406509964035,30
982.2,32.6486901785946,30.9020648008935,30.013212616692,30.0406509964035,30
982.25,32.6486901785946,30.9020648008935,30.013212616692,30.0406509964035,30
982.3,32.6486901785946,30.9020648008935,30.013212616692,30.0406509964035,30
982.35,32.6486901785946,30.9020648008935,30.013212616692,30.0406509964035,30
982.4,32.6486901785946,30.9020648008935,30.013212616692,30.0406509964035,30
982.45,32.6486901785946,30.9020648008935,30.013212616692,30.0406509964035,30
982.5,32.6192726446392,30.873255674741,29.984681424287,30.0411534754454,30
982.55,32.6192726446392,30.873255674741,29.984681424287,30.0411534754454,30
982.6,32.6192726446392,30.873255674741,29.984681424287,30.0411534754454,30
982.65,32.6192726446392,30.873255674741,29.984681424287,30.0411534754454,30
982.7,32.6192726446392,30.873255674741,29.984681424287,30.0411534754454,30
982.75,32.6192726446392,30.873255674741,29.984681424287,30.0411534754454,30
982.8,32.6192726446392,30.873255674741,29.984681424287,30.0411534754454,30
982.85,32.6192726446392,30.873255674741,29.984681424287,30.0411534754454,30
982.9,32.6192726446392,30.873255674741,29.984681424287,30.0411534754454,30
982.95,32.6192726446392,30.873255674741,29.984681424287,30.0411534754454,30
983.0,32.6781186770451,30.9308832938978,30.0417524038476,30.0408527762726,30
983.05,32.6781186770451,30.9308832938978,30.0417524038476,30.0408527762726,30
983.1,32.6781186770451,30.9308832938978,30.0417524038476,30.0408527762726,30
983.15,32.6781186770451,30.9308832938978,30.0417524038476,30.0408527762726,30
983.2,32.6781186770451,30.9308832938978,30.0417524038476,30.0408527762726,30
983.25,32.6781186770451,30.9308832938978,30.0417524038476,30.0408527762726,30
983.3,32.6781186770451,30.9308832938978,30.0417524038476,30.0408527762726,30
983.35,32.6781186770451,30.9308832938978,30.0417524038476,30.0408527762726,30
983.4,32.6781186770451,30.9308832938978,30.0417524038476,30.0408527762726,30
983.45,32.6781186770451,30.9308832938978,30.0417524038476,30.0408527762726,30
983.5,32.5604703587614,30.8156654213059,29.927644726284,30.0421343230646,30
983.55,32.5604703587614,30.8156654213059,29.927644726284,30.0421343230646,30
983.6,32.5604703587614,30.8156654213059,29.927644726284,30.0421343230646,30
983.65,32.5604703587614,30.8156654213059,29.927644726284,30.0421343230646,30
983.7,32.5604703587614,30.8156654213059,29.927644726284,30.0421343230646,30
983.75,32.5604703587614,30.8156654213059,29.927644726284,30.0421343230646,30
983.8,32.5604703587614,30.8156654213059,29.927644726284,30.0421343230646,30
983.85,32.5604703587614,30.8156654213059,29.927644726284,30.0421343230646,30
983.9,32.5604703587614,30.8156654213059,29.927644726284,30.0421343230646,30
983.95,32.5604703587614,30.8156654213059,29.927644726284,30.0421343230646,30
984.0,32.6486901785946,30.9308832938978,30.013212616692,30.0402288665832,30
984.05,32.6486901785946,30.9308832938978,30.013212616692,30.0402288665832,30
984.1,32.6486901785946,30.9308832938978,30.013212616692,30.0402288665832,30
984.15,32.6486901785946,30.9308832938978,30.013212616692,30.0402288665832,30
984.2,32.6486901785946,30.9308832938978,30.013212616692,30.0402288665832,30
984.25,32.6486901785946,30.9308832938978,30.013212616692,30.0402288665832,30
984.3,32.6486901785946,30.9308832938978,30.013212616692,30.0402288665832,30
984.35,32.6486901785946,30.9308832938978,30.013212616692,30.0402288665832,30
984.4,32.6486901785946,30.9308832938978,30.013212616692,30.0402288665832,30
984.45,32.6486901785946,30.9308832938978,30.013212616692,30.0402288665832,30
984.5,32.6486901785946,30.9020648008935,29.984681424287,30.041529818076,30
984.55,32.6486901785946,30.9020648008935,29.984681424287,30.041529818076,30
984.6,32.6486901785946,30.9020648008935,29.984681424287,30.041529818076,30
984.65,32.6486901785946,30.9020648008935,29.984681424287,30.041529818076,30
984.7,32.6486901785946,30.9020648008935,29.984681424287,30.041529818076,30
984.75,32.6486901785946,30.9020648008935,29.984681424287,30.041529818076,30
984.8,32.6486901785946,30.9020648008935,29.984681424287,30.041529818076,30
984.85,32.6486901785946,30.9020648008935,29.984681424287,30.041529818076,30
984.9,32.6486901785946,30.9020648008935,29.984681424287,30.041529818076,30
984.95,32.6486901785946,30.9020648008935,29.984681424287,30.041529818076,30
985.0,32.6486901785946,30.9020648008935,30.013212616692,30.0420003895368,30
985.05,32.6486901785946,30.9020648008935,30.013212616692,30.0420003895368,30
985.1,32.6486901785946,30.9020648008935,30.013212616692,30.0420003895368,30
985.15,32.6486901785946,30.9020648008935,30.013212616692,30.0420003895368,30
985.2,32.6486901785946,30.9020648008935,30.013212616692,30.0420003895368,30
985.25,32.6486901785946,30.9020648008935,30.013212616692,30.0420003895368,30
985.3,32.6486901785946,30.9020648008935,30.013212616692,30.0420003895368,30
985.35,32.6486901785946,30.9020648008935,30.013212616692,30.0420003895368,30
985.4,32.6486901785946,30.9020648008935,30.013212616692,30.0420003895368,30
985.45,32.6486901785946,30.9020648008935,30.013212616692,30.0420003895368,30
985.5,32.5898660473044,30.84445589001,29.927644726284,30.0424551046577,30
985.55,32.5898660473044,30.84445589001,29.927644726284,30.0424551046577,30
985.6,32.5898660473044,30.84445589001,29.927644726284,30.0424551046577,30
985.65,32.5898660473044,30.84445589001,29.927644726284,30.0424551046577,30
985.7,32.5898660473044,30.84445589001,29.927644726284,30.0424551046577,30
985.75,32.5898660473044,30.84445589001,29.927644726284,30.0424551046577,30
985.8,32.5898660473044,30.84445589001,29.927644726284,30.0424551046577,30
985.85,32.5898660473044,30.84445589001,29.927644726284,30.0424551046577,30
985.9,32.5898660473044,30.84445589001,29.927644726284,30.0424551046577,30
985.95,32.5898660473044,30.84445589001,29.927644726284,30.0424551046577,30
986.0,32.5898660473044,30.84445589001,29.9561588022635,30.0413223681373,30
986.05,32.5898660473044,30.84445589001,29.9561588022635,30.0413223681373,30
986.1,32.5898660473044,30.84445589001,29.9561588022635,30.0413223681373,30
986.15,32.5898660473044,30.84445589001,29.9561588022635,30.0413223681373,30
986.2,32.5898660473044,30.84445589001,29.9561588022635,30.0413223681373,30
986.25,32.5898660473044,30.84445589001,29.9561588022635,30.0413223681373,30
986.3,32.5898660473044,30.84445589001,29.9561588022635,30.0413223681373,30
986.35,32.5898660473044,30.84445589001,29.9561588022635,30.0413223681373,30
986.4,32.5898660473044,30.84445589001,29.9561588022635,30.0413223681373,30
986.45,32.5898660473044,30.84445589001,29.9561588022635,30.0413223681373,30
986.5,32.5898660473044,30.84445589001,29.9561588022635,30.0402268289882,30
986.55,32.5898660473044,30.84445589001,29.9561588022635,30.0402268289882,30
986.6,32.5898660473044,30.84445589001,29.9561588022635,30.0402268289882,30
986.65,32.5898660473044,30.84445589001,29.9561588022635,30.0402268289882,30
986.7,32.5898660473044,30.84445589001,29.9561588022635,30.0402268289882,30
986.75,32.5898660473044,30.84445589001,29.9561588022635,30.0402268289882,30
986.8,32.5898660473044,30.84445589001,29.9561588022635,30.0402268289882,30
986.85,32.5898660473044,30.84445589001,29.9561588022635,30.0402268289882,30
986.9,32.5898660473044,30.84445589001,29.9561588022635,30.0402268289882,30
986.95,32.5898660473044,30.84445589001,29.9561588022635,30.0402268289882,30
987.0,32.5604703587614,30.84445589001,29.927644726284,30.0391672303815,30
987.05,32.5604703587614,30.84445589001,29.927644726284,30.0391672303815,30
987.1,32.5604703587614,30.84445589001,29.927644726284,30.0391672303815,30
987.15,32.5604703587614,30.84445589001,29.927644726284,30.0391672303815,30
987.2,32.5604703587614,30.84445589001,29.927644726284,30.0391672303815,30
987.25,32.5604703587614,30.84445589001,29.927644726284,30.0391672303815,30
987.3,32.5604703587614,30.84445589001,29.927644726284,30.0391672303815,30
987.35,32.5604703587614,30.84445589001,29.927644726284,30.0391672303815,30
987.4,32.5604703587614,30.84445589001,29.927644726284,30.0391672303815,30
987.45,32.5604703587614,30.84445589001,29.927644726284,30.0391672303815,30
987.5,32.5898660473044,30.84445589001,29.9561588022635,30.0381417874996,30
987.55,32.5898660473044,30.84445589001,29.9561588022635,30.0381417874996,30
987.6,32.5898660473044,30.84445589001,29.9561588022635,30.0381417874996,30
987.65,32.5898660473044,30.84445589001,29.9561588022635,30.0381417874996,30
987.7,32.5898660473044,30.84445589001,29.9561588022635,30.0381417874996,30
987.75,32.5898660473044,30.84445589001,29.9561588022635,30.0381417874996,30
987.8,32.5898660473044,30.84445589001,29.9561588022635,30.0381417874996,30
987.85,32.5898660473044,30.84445589001,29.9561588022635,30.0381417874996,30
987.9,32.5898660473044,30.84445589001,29.9561588022635,30.0381417874996,30
987.95,32.5898660473044,30.84445589001,29.9561588022635,30.0381417874996,30
988.0,32.6486901785946,30.9020648008935,30.013212616692,30.0371493648879,30
988.05,32.6486901785946,30.9020648008935,30.013212616692,30.0371493648879,30
988.1,32.6486901785946,30.9020648008935,30.013212616692,30.0371493648879,30
988.15,32.6486901785946,30.9020648008935,30.013212616692,30.0371493648879,30
988.2,32.6486901785946,30.9020648008935,30.013212616692,30.0371493648879,30
988.25,32.6486901785946,30.9020648008935,30.013212616692,30.0371493648879,30
988.3,32.6486901785946,30.9020648008935,30.013212616692,30.0371493648879,30
988.35,32.6486901785946,30.9020648008935,30.013212616692,30.0371493648879,30
988.4,32.6486901785946,30.9020648008935,30.013212616692,30.0371493648879,30
988.45,32.6486901785946,30.9020648008935,30.013212616692,30.0371493648879,30
988.5,32.5898660473044,30.84445589001,29.9561588022635,30.0377615559197,30
988.55,32.5898660473044,30.84445589001,29.9561588022635,30.0377615559197,30
988.6,32.5898660473044,30.84445589001,29.9561588022635,30.0377615559197,30
988.65,32.5898660473044,30.84445589001,29.9561588022635,30.0377615559197,30
988.7,32.5898660473044,30.84445589001,29.9561588022635,30.0377615559197,30
988.75,32.5898660473044,30.84445589001,29.9561588022635,30.0377615559197,30
988.8,32.5898660473044,30.84445589001,29.9561588022635,30.0377615559197,30
988.85,32.5898660473044,30.84445589001,29.9561588022635,30.0377615559197,30
988.9,32.5898660473044,30.84445589001,29.9561588022635,30.0377615559197,30
988.95,32.5898660473044,30.84445589001,29.9561588022635,30.0377615559197,30
989.0,32.6486901785946,30.9020648008935,30.013212616692,30.0367810021444,30
989.05,32.6486901785946,30.9020648008935,30.013212616692,30.0367810021444,30
989.1,32.6486901785946,30.9020648008935,30.013212616692,30.0367810021444,30
989.15,32.6486901785946,30.9020648008935,30.013212616692,30.0367810021444,30
989.2,32.6486901785946,30.9020648008935,30.013212616692,30.0367810021444,30
989.25,32.6486901785946,30.9020648008935,30.013212616692,30.0367810021444,30
989.3,32.6486901785946,30.9020648008935,30.013212616692,30.0367810021444,30
989.35,32.6486901785946,30.9020648008935,30.013212616692,30.0367810021444,30
989.4,32.6486901785946,30.9020648008935,30.013212616692,30.0367810021444,30
989.45,32.6486901785946,30.9020648008935,30.013212616692,30.0367810021444,30
989.5,32.5604703587614,30.8156654213059,29.927644726284,30.0374046710395,30
989.55,32.5604703587614,30.8156654213059,29.927644726284,30.0374046710395,30
989.6,32.5604703587614,30.8156654213059,29.927644726284,30.0374046710395,30
989.65,32.5604703587614,30.8156654213059,29.927644726284,30.0374046710395,30
989.7,32.5604703587614,30.8156654213059,29.927644726284,30.0374046710395,30
989.75,32.5604703587614,30.8156654213059,29.927644726284,30.0374046710395,30
989.8,32.5604703587614,30.8156654213059,29.927644726284,30.0374046710395,30
989.85,32.5604703587614,30.8156654213059,29.927644726284,30.0374046710395,30
989.9,32.5604703587614,30.8156654213059,29.927644726284,30.0374046710395,30
989.95,32.5604703587614,30.8156654213059,29.927644726284,30.0374046710395,30
990.0,32.6192726446392,30.873255674741,29.984681424287,30.035649530281,30
990.05,32.6192726446392,30.873255674741,29.984681424287,30.035649530281,30
990.1,32.6192726446392,30.873255674741,29.984681424287,30.035649530281,30
990.15,32.6192726446392,30.873255674741,29.984681424287,30.035649530281,30
990.2,32.6192726446392,30.873255674741,29.984681424287,30.035649530281,30
990.25,32.6192726446392,30.873255674741,29.984681424287,30.035649530281,30
990.3,32.6192726446392,30.873255674741,29.984681424287,30.035649530281,30
990.35,32.6192726446392,30.873255674741,29.984681424287,30.035649530281,30
990.4,32.6192726446392,30.873255674741,29.984681424287,30.035649530281,30
990.45,32.6192726446392,30.873255674741,29.984681424287,30.035649530281,30
990.5,32.6192726446392,30.9020648008935,29.984681424287,30.035523719286,30
990.55,32.6192726446392,30.9020648008935,29.984681424287,30.035523719286,30
990.6,32.6192726446392,30.9020648008935,29.984681424287,30.035523719286,30
990.65,32.6192726446392,30.9020648008935,29.984681424287,30.035523719286,30
990.7,32.6192726446392,30.9020648008935,29.984681424287,30.035523719286,30
990.75,32.6192726446392,30.9020648008935,29.984681424287,30.035523719286,30
990.8,32.6192726446392,30.9020648008935,29.984681424287,30.035523719286,30
990.85,32.6192726446392,30.9020648008935,29.984681424287,30.035523719286,30
990.9,32.6192726446392,30.9020648008935,29.984681424287,30.035523719286,30
990.95,32.6192726446392,30.9020648008935,29.984681424287,30.035523719286,30
991.0,32.6486901785946,30.9020648008935,29.984681424287,30.0361873128101,30
991.05,32.6486901785946,30.9020648008935,29.984681424287,30.0361873128101,30
991.1,32.6486901785946,30.9020648008935,29.984681424287,30.0361873128101,30
991.15,32.6486901785946,30.9020648008935,29.984681424287,30.0361873128101,30
991.2,32.6486901785946,30.9020648008935,29.984681424287,30.0361873128101,30
991.25,32.6486901785946,30.9020648008935,29.984681424287,30.0361873128101,30
991.3,32.6486901785946,30.9020648008935,29.984681424287,30.0361873128101,30
991.35,32.6486901785946,30.9020648008935,29.984681424287,30.0361873128101,30
991.4,32.6486901785946,30.9020648008935,29.984681424287,30.0361873128101,30
991.45,32.6486901785946,30.9020648008935,29.984681424287,30.0361873128101,30
991.5,32.6486901785946,30.9020648008935,30.013212616692,30.0368280313431,30
991.55,32.6486901785946,30.9020648008935,30.013212616692,30.0368280313431,30
991.6,32.6486901785946,30.9020648008935,30.013212616692,30.0368280313431,30
991.65,32.6486901785946,30.9020648008935,30.013212616692,30.0368280313431,30
991.7,32.6486901785946,30.9020648008935,30.013212616692,30.0368280313431,30
991.75,32.6486901785946,30.9020648008935,30.013212616692,30.0368280313431,30
991.8,32.6486901785946,30.9020648008935,30.013212616692,30.0368280313431,30
991.85,32.6486901785946,30.9020648008935,30.013212616692,30.0368280313431,30
991.9,32.6486901785946,30.9020648008935,30.013212616692,30.0368280313431,30
991.95,32.6486901785946,30.9020648008935,30.013212616692,30.0368280313431,30
992.0,32.6486901785946,30.9020648008935,30.013212616692,30.037447226641,30
992.05,32.6486901785946,30.9020648008935,30.013212616692,30.037447226641,30
992.1,32.6486901785946,30.9020648008935,30.013212616692,30.037447226641,30
992.15,32.6486901785946,30.9020648008935,30.013212616692,30.037447226641,30
992.2,32.6486901785946,30.9020648008935,30.013212616692,30.037447226641,30
992.25,32.6486901785946,30.9020648008935,30.013212616692,30.037447226641,30
992.3,32.6486901785946,30.9020648008935,30.013212616692,30.037447226641,30
992.35,32.6486901785946,30.9020648008935,30.013212616692,30.037447226641,30
992.4,32.6486901785946,30.9020648008935,30.013212616692,30.037447226641,30
992.45,32.6486901785946,30.9020648008935,30.013212616692,30.037447226641,30
992.5,32.6781186770451,30.9308832938978,30.0417524038476,30.0380456338397,30
992.55,32.6781186770451,30.9308832938978,30.0417524038476,30.0380456338397,30
992.6,32.6781186770451,30.9308832938978,30.0417524038476,30.0380456338397,30
992.65,32.6781186770451,30.9308832938978,30.0417524038476,30.0380456338397,30
992.7,32.6781186770451,30.9308832938978,30.0417524038476,30.0380456338397,30
992.75,32.6781186770451,30.9308832938978,30.0417524038476,30.0380456338397,30
992.8,32.6781186770451,30.9308832938978,30.0417524038476,30.0380456338397,30
992.85,32.6781186770451,30.9308832938978,30.0417524038476,30.0380456338397,30
992.9,32.6781186770451,30.9308832938978,30.0417524038476,30.0380456338397,30
992.95,32.6781186770451,30.9308832938978,30.0417524038476,30.0380456338397,30
993.0,32.6486901785946,30.9020648008935,29.984681424287,30.0394104147335,30
993.05,32.6486901785946,30.9020648008935,29.984681424287,30.0394104147335,30
993.1,32.6486901785946,30.9020648008935,29.984681424287,30.0394104147335,30
993.15,32.6486901785946,30.9020648008935,29.984681424287,30.0394104147335,30
993.2,32.6486901785946,30.9020648008935,29.984681424287,30.0394104147335,30
993.25,32.6486901785946,30.9020648008935,29.984681424287,30.0394104147335,30
993.3,32.6486901785946,30.9020648008935,29.984681424287,30.0394104147335,30
993.35,32.6486901785946,30.9020648008935,29.984681424287,30.0394104147335,30
993.4,32.6486901785946,30.9020648008935,29.984681424287,30.0394104147335,30
993.45,32.6486901785946,30.9020648008935,29.984681424287,30.0394104147335,30
993.5,32.6486901785946,30.9020648008935,30.013212616692,30.0399433444118,30
993.55,32.6486901785946,30.9020648008935,30.013212616692,30.0399433444118,30
993.6,32.6486901785946,30.9020648008935,30.013212616692,30.0399433444118,30
993.65,32.6486901785946,30.9020648008935,30.013212616692,30.0399433444118,30
993.7,32.6486901785946,30.9020648008935,30.013212616692,30.0399433444118,30
993.75,32.6486901785946,30.9020648008935,30.013212616692,30.0399433444118,30
993.8,32.6486901785946,30.9020648008935,30.013212616692,30.0399433444118,30
993.85,32.6486901785946,30.9020648008935,30.013212616692,30.0399433444118,30
993.9,32.6486901785946,30.9020648008935,30.013212616692,30.0399433444118,30
993.95,32.6486901785946,30.9020648008935,30.013212616692,30.0399433444118,30
994.0,32.6781186770451,30.9308832938978,30.013212616692,30.0404584247597,30
994.05,32.6781186770451,30.9308832938978,30.013212616692,30.0404584247597,30
994.1,32.6781186770451,30.9308832938978,30.013212616692,30.0404584247597,30
994.15,32.6781186770451,30.9308832938978,30.013212616692,30.0404584247597,30
994.2,32.6781186770451,30.9308832938978,30.013212616692,30.0404584247597,30
994.25,32.6781186770451,30.9308832938978,30.013212616692,30.0404584247597,30
994.3,32.6781186770451,30.9308832938978,30.013212616692,30.0404584247597,30
994.35,32.6781186770451,30.9308832938978,30.013212616692,30.0404584247597,30
994.4,32.6781186770451,30.9308832938978,30.013212616692,30.0404584247597,30
994.45,32.6781186770451,30.9308832938978,30.013212616692,30.0404584247597,30
994.5,32.5898660473044,30.84445589001,29.9561588022635,30.0417427165766,30
994.55,32.5898660473044,30.84445589001,29.9561588022635,30.0417427165766,30
994.6,32.5898660473044,30.84445589001,29.9561588022635,30.0417427165766,30
994.65,32.5898660473044,30.84445589001,29.9561588022635,30.0417427165766,30
994.7,32.5898660473044,30.84445589001,29.9561588022635,30.0417427165766,30
994.75,32.5898660473044,30.84445589001,29.9561588022635,30.0417427165766,30
994.8,32.5898660473044,30.84445589001,29.9561588022635,30.0417427165766,30
994.85,32.5898660473044,30.84445589001,29.9561588022635,30.0417427165766,30
994.9,32.5898660473044,30.84445589001,29.9561588022635,30.0417427165766,30
994.95,32.5898660473044,30.84445589001,29.9561588022635,30.0417427165766,30
995.0,32.6486901785946,30.9020648008935,30.013212616692,30.0406257597829,30
995.05,32.6486901785946,30.9020648008935,30.013212616692,30.0406257597829,30
995.1,32.6486901785946,30.9020648008935,30.013212616692,30.0406257597829,30
995.15,32.6486901785946,30.9020648008935,30.013212616692,30.0406257597829,30
995.2,32.6486901785946,30.9020648008935,30.013212616692,30.0406257597829,30
995.25,32.6486901785946,30.9020648008935,30.013212616692,30.0406257597829,30
995.3,32.6486901785946,30.9020648008935,30.013212616692,30.0406257597829,30
995.35,32.6486901785946,30.9020648008935,30.013212616692,30.0406257597829,30
995.4,32.6486901785946,30.9020648008935,30.013212616692,30.0406257597829,30
995.45,32.6486901785946,30.9020648008935,30.013212616692,30.0406257597829,30
995.5,32.6192726446392,30.873255674741,29.984681424287,30.041117725105,30
995.55,32.6192726446392,30.873255674741,29.984681424287,30.041117725105,30
995.6,32.6192726446392,30.873255674741,29.984681424287,30.041117725105,30
995.65,32.6192726446392,30.873255674741,29.984681424287,30.041117725105,30
995.7,32.6192726446392,30.873255674741,29.984681424287,30.041117725105,30
995.75,32.6192726446392,30.873255674741,29.984681424287,30.041117725105,30
995.8,32.6192726446392,30.873255674741,29.984681424287,30.041117725105,30
995.85,32.6192726446392,30.873255674741,29.984681424287,30.041117725105,30
995.9,32.6192726446392,30.873255674741,29.984681424287,30.041117725105,30
995.95,32.6192726446392,30.873255674741,29.984681424287,30.041117725105,30
996.0,32.6192726446392,30.873255674741,29.984681424287,30.040807046372,30
996.05,32.6192726446392,30.873255674741,29.984681424287,30.040807046372,30
996.1,32.6192726446392,30.873255674741,29.984681424287,30.040807046372,30
996.15,32.6192726446392,30.873255674741,29.984681424287,30.040807046372,30
996.2,32.6192726446392,30.873255674741,29.984681424287,30.040807046372,30
996.25,32.6192726446392,30.873255674741,29.984681424287,30.040807046372,30
996.3,32.6192726446392,30.873255674741,29.984681424287,30.040807046372,30
996.35,32.6192726446392,30.873255674741,29.984681424287,30.040807046372,30
996.4,32.6192726446392,30.873255674741,29.984681424287,30.040807046372,30
996.45,32.6192726446392,30.873255674741,29.984681424287,30.040807046372,30
996.5,32.6486901785946,30.9020648008935,30.013212616692,30.0405064784882,30
996.55,32.6486901785946,30.9020648008935,30.013212616692,30.0405064784882,30
996.6,32.6486901785946,30.9020648008935,30.013212616692,30.0405064784882,30
996.65,32.6486901785946,30.9020648008935,30.013212616692,30.0405064784882,30
996.7,32.6486901785946,30.9020648008935,30.013212616692,30.0405064784882,30
996.75,32.6486901785946,30.9020648008935,30.013212616692,30.0405064784882,30
996.8,32.6486901785946,30.9020648008935,30.013212616692,30.0405064784882,30
996.85,32.6486901785946,30.9020648008935,30.013212616692,30.0405064784882,30
996.9,32.6486901785946,30.9020648008935,30.013212616692,30.0405064784882,30
996.95,32.6486901785946,30.9020648008935,30.013212616692,30.0405064784882,30
997.0,32.6192726446392,30.873255674741,29.984681424287,30.0410018776804,30
997.05,32.6192726446392,30.873255674741,29.984681424287,30.0410018776804,30
997.1,32.6192726446392,30.873255674741,29.984681424287,30.0410018776804,30
997.15,32.6192726446392,30.873255674741,29.984681424287,30.0410018776804,30
997.2,32.6192726446392,30.873255674741,29.984681424287,30.0410018776804,30
997.25,32.6192726446392,30.873255674741,29.984681424287,30.0410018776804,30
997.3,32.6192726446392,30.873255674741,29.984681424287,30.0410018776804,30
997.35,32.6192726446392,30.873255674741,29.984681424287,30.0410018776804,30
997.4,32.6192726446392,30.873255674741,29.984681424287,30.0410018776804,30
997.45,32.6192726446392,30.873255674741,29.984681424287,30.0410018776804,30
997.5,32.6192726446392,30.873255674741,29.984681424287,30.0406945248477,30
997.55,32.6192726446392,30.873255674741,29.984681424287,30.0406945248477,30
997.6,32.6192726446392,30.873255674741,29.984681424287,30.0406945248477,30
997.65,32.6192726446392,30.873255674741,29.984681424287,30.0406945248477,30
997.7,32.6192726446392,30.873255674741,29.984681424287,30.0406945248477,30
997.75,32.6192726446392,30.873255674741,29.984681424287,30.0406945248477,30
997.8,32.6192726446392,30.873255674741,29.984681424287,30.0406945248477,30
997.85,32.6192726446392,30.873255674741,29.984681424287,30.0406945248477,30
997.9,32.6192726446392,30.873255674741,29.984681424287,30.0406945248477,30
997.95,32.6192726446392,30.873255674741,29.984681424287,30.0406945248477,30
998.0,32.5898660473044,30.873255674741,29.9561588022635,30.0403971784528,30
998.05,32.5898660473044,30.873255674741,29.9561588022635,30.0403971784528,30
998.1,32.5898660473044,30.873255674741,29.9561588022635,30.0403971784528,30
998.15,32.5898660473044,30.873255674741,29.9561588022635,30.0403971784528,30
998.2,32.5898660473044,30.873255674741,29.9561588022635,30.0403971784528,30
998.25,32.5898660473044,30.873255674741,29.9561588022635,30.0403971784528,30
998.3,32.5898660473044,30.873255674741,29.9561588022635,30.0403971784528,30
998.35,32.5898660473044,30.873255674741,29.9561588022635,30.0403971784528,30
998.4,32.5898660473044,30.873255674741,29.9561588022635,30.0403971784528,30
998.45,32.5898660473044,30.873255674741,29.9561588022635,30.0403971784528,30
998.5,32.6781186770451,30.9308832938978,30.0417524038476,30.0401089306323,30
998.55,32.6781186770451,30.9308832938978,30.0417524038476,30.0401089306323,30
998.6,32.6781186770451,30.9308832938978,30.0417524038476,30.0401089306323,30
998.65,32.6781186770451,30.9308832938978,30.0417524038476,30.0401089306323,30
998.7,32.6781186770451,30.9308832938978,30.0417524038476,30.0401089306323,30
998.75,32.6781186770451,30.9308832938978,30.0417524038476,30.0401089306323,30
998.8,32.6781186770451,30.9308832938978,30.0417524038476,30.0401089306323,30
998.85,32.6781186770451,30.9308832938978,30.0417524038476,30.0401089306323,30
998.9,32.6781186770451,30.9308832938978,30.0417524038476,30.0401089306323,30
998.95,32.6781186770451,30.9308832938978,30.0417524038476,30.0401089306323,30
999.0,32.5604703587614,30.84445589001,29.927644726284,30.0414021413261,30
999.05,32.5604703587614,30.84445589001,29.927644726284,30.0414021413261,30
999.1,32.5604703587614,30.84445589001,29.927644726284,30.0414021413261,30
999.15,32.5604703587614,30.84445589001,29.927644726284,30.0414021413261,30
999.2,32.5604703587614,30.84445589001,29.927644726284,30.0414021413261,30
999.25,32.5604703587614,30.84445589001,29.927644726284,30.0414021413261,30
999.3,32.5604703587614,30.84445589001,29.927644726284,30.0414021413261,30
999.35,32.5604703587614,30.84445589001,29.927644726284,30.0414021413261,30
999.4,32.5604703587614,30.84445589001,29.927644726284,30.0414021413261,30
999.45,32.5604703587614,30.84445589001,29.927644726284,30.0414021413261,30
999.5,32.5898660473044,30.873255674741,29.984681424287,30.0402932712514,30
999.55,32.5898660473044,30.873255674741,29.984681424287,30.0402932712514,30
999.6,32.5898660473044,30.873255674741,29.984681424287,30.0402932712514,30
999.65,32.5898660473044,30.873255674741,29.984681424287,30.0402932712514,30
999.7,32.5898660473044,30.873255674741,29.984681424287,30.0402932712514,30
999.75,32.5898660473044,30.873255674741,29.984681424287,30.0402932712514,30
999.8,32.5898660473044,30.873255674741,29.984681424287,30.0402932712514,30
999.85,32.5898660473044,30.873255674741,29.984681424287,30.0402932712514,30
999.9,32.5898660473044,30.873255674741,29.984681424287,30.0402932712514,30
999.95,32.5898660473044,30.873255674741,29.984681424287,30.0402932712514,30
1000.0,32.6781186770451,30.9308832938978,30.0417524038476,30.0400057687461,30
