Time,T1Mesure,T2Mesure,T3Mesure,T3Estimation,Consigne
0.0,23.4841028396258,23.4841028396258,23.4841028396258,23.5,20
0.5,23.4841028396258,23.4841028396258,23.4841028396258,23.5,20
1.0,23.4841028396258,23.4841028396258,23.4841028396258,23.5,20
1.5,23.4841028396258,23.4841028396258,23.4841028396258,23.5,20
2.0,23.4841028396258,23.4841028396258,23.4841028396258,23.5,20
2.5,23.4841028396258,23.4841028396258,23.4841028396258,23.5,20
3.0,23.4841028396258,23.4841028396258,23.4841028396258,23.5,20
3.5,23.4841028396258,23.4841028396258,23.4841028396258,23.5,20
4.0,23.4841028396258,23.4841028396258,23.4841028396258,23.5,20
4.5,23.4841028396258,23.4841028396258,23.4841028396258,23.4995661756343,20
5.0,23.4841028396258,23.4841028396258,23.4841028396258,23.4991467098576,20
5.5,23.4841028396258,23.4841028396258,23.4841028396258,23.4987411157014,20
6.0,23.4841028396258,23.4841028396258,23.4841028396258,23.4983489228957,20
6.5,23.4027216305216,23.4841028396258,23.4841028396258,23.4979696772939,20
7.0,23.3213714327248,23.4841028396258,23.4841028396258,23.4976013594872,20
7.5,23.2400517133091,23.4841028396258,23.4841028396258,23.4972404867785,20
8.0,23.1587619399994,23.4569722912994,23.4841028396258,23.4968837407165,20
8.5,23.0775015811526,23.4569722912994,23.4841028396258,23.4957881108195,20
9.0,22.9962701057361,23.4569722912994,23.4841028396258,23.4947159635574,20
9.5,22.9150669833081,23.4298452281856,23.4841028396258,23.4936635561392,20
10.0,22.8338916839971,23.4027216305216,23.4569722912994,23.4918875617815,20
10.5,22.7527436784814,23.3756014785528,23.4569722912994,23.489410189341,20
11.0,22.6716224379688,23.3756014785528,23.4569722912994,23.4862529217477,20
11.5,22.6175562195061,23.3484847525332,23.4298452281856,23.4831760136374,20
12.0,22.5364784136131,23.3213714327248,23.4298452281856,23.4794350159934,20
12.5,22.4554259650463,23.2942614993979,23.4298452281856,23.4750507526376,20
13.0,22.3743983467828,23.2671549328306,23.4027216305216,23.4700428434098,20
13.5,22.2933950322341,23.2400517133091,23.4027216305216,23.4644302691219,20
14.0,22.2124154952277,23.2129518211275,23.3756014785528,23.4582313930963,20
14.5,22.1314592099854,23.1858552365878,23.3756014785528,23.4514639819649,20
15.0,22.0505256511042,23.1316719116797,23.3484847525332,23.4441452257558,20
15.5,21.9965823116423,23.1045851319534,23.3484847525332,23.4355530122198,20
16.0,21.9156854634213,23.0775015811526,23.3213714327248,23.4264682799286,20
16.5,21.8348099421657,23.050421239617,23.3213714327248,23.4169062099151,20
17.0,21.7539552236748,22.9962701057361,23.2942614993979,23.4068809713204,20
17.5,21.673120784029,22.9691992741061,23.2942614993979,23.3956679710659,20
18.0,21.6192421650163,22.9421315731717,23.2671549328306,23.3840443490518,20
18.5,21.5384403598786,22.8880054848975,23.2400517133091,23.3720225963169,20
19.0,21.4576574376875,22.8609470583286,23.2400517133091,23.3588768227985,20
19.5,21.3768928753818,22.8338916839971,23.2129518211275,23.3453817098708,20
20.0,21.3230597755646,22.7797900136615,23.1858552365878,23.3315471930103,20
20.5,21.242324651209,22.7527436784814,23.1858552365878,23.3166457840505,20
21.0,21.1616064927699,22.6986599102041,23.1587619399994,23.301450460488,20
21.5,21.1078035546369,22.6716224379688,23.1316719116797,23.2852319320201,20
22.0,21.0271125117314,22.6175562195061,23.1045851319534,23.2687614855843,20
22.5,20.9733271669747,22.5905274341769,23.1045851319534,23.2513091870486,20
23.0,20.8926617887761,22.5364784136131,23.0775015811526,23.233644700959,20
23.5,20.8120111131523,22.5094581393118,23.050421239617,23.2150369998935,20
24.0,20.7582519063255,22.4554259650463,23.0233440876934,23.1962537010136,20
24.5,20.6776245747267,22.4284140260491,22.9962701057361,23.1765628015283,20
25.0,20.6238804471593,22.3743983467828,22.9962701057361,23.1567310220993,20
25.5,20.5432750093169,22.3473945675127,22.9691992741061,23.1360254272791,20
26.0,20.4895449941551,22.2933950322341,22.9421315731717,23.115211386814,20
26.5,20.4089599997349,22.2663992372551,22.9150669833081,23.093555105376,20
27.0,20.3552431300291,22.2124154952277,22.8880054848975,23.0718206816488,20
27.5,20.2746771284745,22.1854275092376,22.8609470583286,23.0492735279688,20
28.0,20.2209724370746,22.1314592099854,22.8338916839971,23.0266765467504,20
28.5,20.1672723461304,22.1044788578092,22.8068393423052,23.0032944206613,20
29.0,20.0867304969012,22.0505256511042,22.8068393423052,22.9798894474534,20
29.5,20.033041229717,22.0235527576872,22.7797900136615,22.9557256046254,20
30.0,19.9793560210093,21.9696142935356,22.7527436784814,22.9315635923885,20
30.5,19.8988354786899,21.9426486839372,22.7257003171863,22.9066672938313,20
31.0,19.8451597383104,21.8887246125657,22.6986599102041,22.8817963784315,20
31.5,19.7914875140162,21.8617661119521,22.6716224379688,22.856213626407,20
32.0,19.7378186507466,21.8078560837953,22.6445878809208,22.8306782908804,20
32.5,19.6841529933949,21.7809045174332,22.6175562195061,22.8044531216329,20
33.0,19.6036601790476,21.7270081831194,22.5905274341769,22.7782964389857,20
33.5,19.5500018575738,21.7000633763691,22.5635015053912,22.7514699487939,20
34.0,19.4963461987446,21.6461803867076,22.5364784136131,22.7247306053608,20
34.5,19.4426930472134,21.6192421650163,22.5094581393118,22.6973402049495,20
35.0,19.3890422475728,21.5653721709833,22.4824406629627,22.6700554091148,20
35.5,19.3353936443518,21.5384403598786,22.4554259650463,22.6421375703762,20
36.0,19.2817470820133,21.4845830126045,22.4284140260491,22.6143425671661,20
36.5,19.228102404951,21.4576574376875,22.4014048264622,22.5859313452409,20
37.0,19.1744594574866,21.403812388443,22.3743983467828,22.5576590451385,20
37.5,19.1208180838675,21.3768928753818,22.3473945675127,22.5287862400173,20
38.0,19.0671781282635,21.3230597755646,22.3203934691591,22.5000673750261,20
38.5,19.0135394347644,21.2961461500876,22.2933950322341,22.4707626822652,20
39.0,18.9599018473771,21.2692344484209,22.2663992372551,22.4416259514617,20
39.5,18.9330834197042,21.2154167390978,22.2394060647441,22.41265093292,20
40.0,18.8794471988091,21.1885106927351,22.2124154952277,22.3830983420086,20
40.5,18.8258116936619,21.1616064927699,22.1854275092376,22.353721999345,20
41.0,18.7721767479572,21.1078035546369,22.1584420873099,22.3245153760674,20
41.5,18.7453594360244,21.0809047777744,22.1314592099854,22.2947385972131,20
42.0,18.6917250362013,21.0271125117314,22.1044788578092,22.2651450469706,20
42.5,18.6380908046335,21.0002189838634,22.0775010113308,22.2349950475862,20
43.0,18.6112737029957,20.9733271669747,22.0505256511042,22.2050408419708,20
43.5,18.5576394300556,20.946437041724,22.0235527576872,22.175275766936,20
44.0,18.5040049335426,20.8926617887761,21.9965823116423,22.1456933802122,20
44.5,18.4771875524129,20.8657766224002,21.9696142935356,22.1155537457992,20
45.0,18.4235524262792,20.8388930703049,21.9426486839372,22.0856094336325,20
45.5,18.3967346420027,20.7851307316049,21.9156854634213,22.0558537927496,20
46.0,18.3430985327942,20.7582519063255,21.8887246125657,22.025547381462,20
46.5,18.3162801685456,20.7313746179772,21.8617661119521,21.9954423581017,20
47.0,18.2626427224115,20.7044988472232,21.8348099421657,21.9655318683495,20
47.5,18.2358236011638,20.6776245747267,21.8078560837953,21.9358092851538,20
48.0,18.1821844638425,20.6238804471593,21.7809045174332,21.9062682178448,20
48.5,18.1553644083594,20.5970105534146,21.7539552236748,21.87616970571,20
49.0,18.1285440020415,20.5701420805796,21.7270081831194,21.846265891731,20
49.5,18.1017232251637,20.5432750093169,21.7000633763691,21.8165506605935,20
50.0,18.0480804807863,20.5164093202882,21.673120784029,21.7870181000481,20
50.5,18.0212584737947,20.4895449941551,21.6461803867076,21.7576619729695,20
51.0,17.994436017259,20.4626820115785,21.6192421650163,21.7284762652516,20
51.5,17.9676130914117,20.4089599997349,21.5923060995692,21.6994556821495,20
52.0,17.9139657526686,20.3821009317858,21.5653721709833,21.6698626219582,20
52.5,17.8871413001938,20.3552431300291,21.5384403598786,21.6404494001987,20
53.0,17.8603162992492,20.3283865751214,21.5115106468774,21.6112098680475,20
53.5,17.8334907300227,20.3015312477185,21.4845830126045,21.5821386008613,20
54.0,17.8066645726931,20.2746771284745,21.4576574376875,21.5532303534867,20
54.5,17.7798378074297,20.2478241980426,21.4307339027563,21.5244800541441,20
55.0,17.7530104143925,20.2209724370746,21.403812388443,21.495882798522,20
55.5,17.7261823737321,20.194121826221,21.3768928753818,21.4674338440753,20
56.0,17.6993536655893,20.1672723461304,21.3499753442095,21.4391286045202,20
56.5,17.6725242700957,20.1404239774502,21.3230597755646,21.4109626445184,20
57.0,17.6456941673727,20.1135767008258,21.2961461500876,21.3829316745446,20
57.5,17.6188633375318,20.0867304969012,21.2692344484209,21.3550315459309,20
58.0,17.592031760675,20.0867304969012,21.2692344484209,21.3272582460815,20
58.5,17.5651994168939,20.0598853463183,21.242324651209,21.3003399611095,20
59.0,17.5651994168939,20.033041229717,21.2154167390978,21.2735155850885,20
59.5,17.5383662862702,20.0061981277353,21.1885106927351,21.2467828806265,20
60.0,17.511532348875,19.9793560210093,21.1616064927699,21.2201396651564,20
60.5,17.4846975847695,19.9525148901724,21.1347041198531,21.1935833049379,20
61.0,17.4846975847695,19.9256747158563,21.1078035546369,21.1671112506502,20
61.5,17.4578619740043,19.9256747158563,21.0809047777744,21.1407215558307,20
62.0,17.4310254966195,19.8988354786899,21.0809047777744,21.1151442252605,20
62.5,17.4041881326445,19.8719971592999,21.0540077699206,21.0896197154684,20
63.0,17.4041881326445,19.8451597383104,21.0271125117314,21.0641466127935,20
63.5,17.3773498620985,19.8183231963429,21.0002189838634,21.0387240677534,20
64.0,17.350510664989,19.8183231963429,20.9733271669747,21.0133512387099,20
64.5,17.350510664989,19.7914875140162,20.9733271669747,20.9887585964459,20
65.0,17.3236705213135,19.7646526719464,20.946437041724,20.9641882852891,20
65.5,17.3236705213135,19.7646526719464,20.919548588771,20.9396404069919,20
66.0,17.2968294110581,19.7378186507466,20.8926617887761,20.9158468195998,20
66.5,17.2968294110581,19.7109854310271,20.8657766224002,20.8920505618862,20
67.0,17.2699873141977,19.7109854310271,20.8657766224002,20.8682525702717,20
67.5,17.2699873141977,19.6841529933949,20.8388930703049,20.8451854489403,20
68.0,17.2431442106965,19.6573213184543,20.8120111131523,20.8220930619181,20
68.5,17.2431442106965,19.6573213184543,20.7851307316049,20.7989770816077,20
69.0,17.2163000805069,19.630490386806,20.7851307316049,20.7765707991397,20
69.5,17.2163000805069,19.6036601790476,20.7582519063255,20.7541188084145,20
70.0,17.2163000805069,19.6036601790476,20.7313746179772,20.7316234618198,20
70.5,17.1894549035703,19.5768306757732,20.7044988472232,20.7098191729522,20
71.0,17.1894549035703,19.5768306757732,20.7044988472232,20.6879511787322,20
71.5,17.1894549035703,19.5500018575738,20.6776245747267,20.6667540347441,20
72.0,17.1626086598166,19.5500018575738,20.6507517811509,20.6454741948319,20
72.5,17.1626086598166,19.5231737050364,20.6507517811509,20.6248468153079,20
73.0,17.1626086598166,19.5231737050364,20.6238804471593,20.6041184627124,20
73.5,17.135761329164,19.4963461987446,20.5970105534146,20.5840254078338,20
74.0,17.135761329164,19.4963461987446,20.5970105534146,20.5638147921367,20
74.5,17.135761329164,19.4695193192782,20.5701420805796,20.5442229020819,20
75.0,17.135761329164,19.4695193192782,20.5432750093169,20.5244979709882,20
75.5,17.135761329164,19.4426930472134,20.5432750093169,20.5053772899357,20
76.0,17.1089128915191,19.4426930472134,20.5164093202882,20.4861095760326,20
76.5,17.1089128915191,19.4158673631221,20.5164093202882,20.4674320332136,20
77.0,17.1089128915191,19.4158673631221,20.4895449941551,20.4485933430832,20
77.5,17.1089128915191,19.3890422475728,20.4626820115785,20.4303316852611,20
78.0,17.1089128915191,19.3890422475728,20.4626820115785,20.4118966995171,20
78.5,17.1089128915191,19.3890422475728,20.4358203532186,20.3940269397042,20
79.0,17.0820633267768,19.3622176811293,20.4358203532186,20.376703943717,20
79.5,17.0820633267768,19.3622176811293,20.4089599997349,20.3591778441589,20
80.0,17.0820633267768,19.3622176811293,20.4089599997349,20.3421876569803,20
80.5,17.0820633267768,19.3353936443518,20.3821009317858,20.3257159019014,20
81.0,17.0820633267768,19.3353936443518,20.3552431300291,20.3090141958783,20
81.5,17.0820633267768,19.3353936443518,20.3552431300291,20.2928229438856,20
82.0,17.0820633267768,19.308570117796,20.3283865751214,20.277125501468,20
82.5,17.0820633267768,19.308570117796,20.3283865751214,20.2611743070443,20
83.0,17.0820633267768,19.308570117796,20.3015312477185,20.2457105314385,20
83.5,17.0820633267768,19.2817470820133,20.3015312477185,20.2307182840859,20
84.0,17.0820633267768,19.2817470820133,20.2746771284745,20.2154507452129,20
84.5,17.0820633267768,19.2817470820133,20.2746771284745,20.2006497756294,20
85.0,17.0820633267768,19.2817470820133,20.2746771284745,20.1863001648667,20
85.5,17.1089128915191,19.2549245175508,20.2478241980426,20.1723872144955,20
86.0,17.1089128915191,19.2549245175508,20.2478241980426,20.158165790852,20
86.5,17.1089128915191,19.2549245175508,20.2209724370746,20.1443793420405,20
87.0,17.1089128915191,19.2549245175508,20.2209724370746,20.1310136835431,20
87.5,17.1089128915191,19.228102404951,20.194121826221,20.1180551083319,20
88.0,17.1089128915191,19.228102404951,20.194121826221,20.1047589315474,20
88.5,17.1089128915191,19.228102404951,20.194121826221,20.0918690264264,20
89.0,17.1089128915191,19.228102404951,20.1672723461304,20.0793721521741,20
89.5,17.1089128915191,19.228102404951,20.1672723461304,20.0672555135661,20
90.0,17.135761329164,19.228102404951,20.1404239774502,20.055506745731,20
90.5,17.135761329164,19.2012807247518,20.1404239774502,20.0441144209873,20
91.0,17.135761329164,19.2012807247518,20.1404239774502,20.0323360522839,20
91.5,17.135761329164,19.2012807247518,20.1135767008258,20.0209170920883,20
92.0,17.135761329164,19.2012807247518,20.1135767008258,20.0098458372296,20
92.5,17.135761329164,19.2012807247518,20.1135767008258,19.9991109781317,20
93.0,17.1626086598166,19.2012807247518,20.0867304969012,19.9887015853771,20
93.5,17.1626086598166,19.2012807247518,20.0867304969012,19.9786076182415,20
94.0,17.1626086598166,19.1744594574866,20.0598853463183,19.968819357037,20
94.5,17.1626086598166,19.1744594574866,20.0598853463183,19.958595471769,20
95.0,17.1626086598166,19.1744594574866,20.0598853463183,19.9486830309475,20
95.5,17.1894549035703,19.1744594574866,20.0598853463183,19.9390719040958,20
96.0,17.1894549035703,19.1744594574866,20.033041229717,19.9297528226934,20
96.5,17.1894549035703,19.1744594574866,20.033041229717,19.920716813453,20
97.0,17.1894549035703,19.1744594574866,20.033041229717,19.9119546838368,20
97.5,17.2163000805069,19.1744594574866,20.0061981277353,19.9034575499696,20
98.0,17.2163000805069,19.1744594574866,20.0061981277353,19.8952173475811,20
98.5,17.2163000805069,19.1744594574866,20.0061981277353,19.8872262667568,20
99.0,17.2431442106965,19.1744594574866,20.0061981277353,19.8794762388767,20
99.5,17.2431442106965,19.1744594574866,19.9793560210093,19.871959987309,20
100.0,17.2431442106965,19.1744594574866,19.9793560210093,19.8646704631287,20
100.5,17.2431442106965,19.1744594574866,19.9793560210093,19.8576003329897,20
101.0,17.2699873141977,19.1744594574866,19.9793560210093,19.8507425092313,20
101.5,17.2699873141977,19.1744594574866,19.9525148901724,19.8440906629384,20
102.0,17.2699873141977,19.1744594574866,19.9525148901724,19.8376386608203,20
102.5,17.2968294110581,19.1744594574866,19.9525148901724,19.8313800542009,20
103.0,17.2968294110581,19.1744594574866,19.9525148901724,19.8253091315744,20
103.5,17.2968294110581,19.1744594574866,19.9525148901724,19.8194203562421,20
104.0,17.3236705213135,19.1744594574866,19.9256747158563,19.8137078560344,20
104.5,17.3236705213135,19.1744594574866,19.9256747158563,19.8081664765145,20
105.0,17.3236705213135,19.1744594574866,19.9256747158563,19.8027912193006,20
105.5,17.350510664989,19.1744594574866,19.9256747158563,19.7975767324467,20
106.0,17.350510664989,19.1744594574866,19.9256747158563,19.7925183642278,20
106.5,17.350510664989,19.1744594574866,19.8988354786899,19.7876116020791,20
107.0,17.3773498620985,19.1744594574866,19.8988354786899,19.7828515635733,20
107.5,17.3773498620985,19.1744594574866,19.8988354786899,19.7782340507243,20
108.0,17.3773498620985,19.1744594574866,19.8988354786899,19.7737549894855,20
108.5,17.4041881326445,19.1744594574866,19.8988354786899,19.7694099212632,20
109.0,17.4041881326445,19.1744594574866,19.8988354786899,19.7651950576864,20
109.5,17.4041881326445,19.1744594574866,19.8988354786899,19.761106720608,20
110.0,17.4310254966195,19.1744594574866,19.8719971592999,19.7571408341039,20
110.5,17.4310254966195,19.1744594574866,19.8719971592999,19.7532939796585,20
111.0,17.4310254966195,19.1744594574866,19.8719971592999,19.7495628366202,20
111.5,17.4578619740043,19.1744594574866,19.8719971592999,19.7459436746401,20
112.0,17.4578619740043,19.1744594574866,19.8719971592999,19.7424334092273,20
112.5,17.4578619740043,19.1744594574866,19.8719971592999,19.739029042617,20
113.0,17.4846975847695,19.1744594574866,19.8719971592999,19.735727156604,20
113.5,17.4846975847695,19.1744594574866,19.8719971592999,19.7325249684304,20
114.0,17.4846975847695,19.1744594574866,19.8719971592999,19.7294197720251,20
114.5,17.511532348875,19.2012807247518,19.8451597383104,19.7264084311946,20
115.0,17.511532348875,19.2012807247518,19.8451597383104,19.724219851766,20
115.5,17.511532348875,19.2012807247518,19.8451597383104,19.7220949414357,20
116.0,17.5383662862702,19.2012807247518,19.8451597383104,19.7200316894289,20
116.5,17.5383662862702,19.2012807247518,19.8451597383104,19.7180286725356,20
117.0,17.5651994168939,19.2012807247518,19.8451597383104,19.7160844980259,20
117.5,17.5651994168939,19.2012807247518,19.8451597383104,19.7141978196913,20
118.0,17.5651994168939,19.2012807247518,19.8451597383104,19.7123673194254,20
118.5,17.592031760675,19.2012807247518,19.8451597383104,19.7105912021247,20
119.0,17.592031760675,19.2012807247518,19.8451597383104,19.7088682533828,20
119.5,17.592031760675,19.2012807247518,19.8451597383104,19.7071972826661,20
120.0,17.6188633375318,19.228102404951,19.8451597383104,19.7055766183721,20
120.5,17.6188633375318,19.228102404951,19.8451597383104,19.7047365928476,20
121.0,17.6188633375318,19.228102404951,19.8451597383104,19.7039194698171,20
121.5,17.6456941673727,19.228102404951,19.8451597383104,19.7031245602989,20
122.0,17.6456941673727,19.228102404951,19.8183231963429,19.7023517184233,20
122.5,17.6725242700957,19.228102404951,19.8183231963429,19.7016007859282,20
123.0,17.6725242700957,19.228102404951,19.8183231963429,19.7008716096624,20
123.5,17.6725242700957,19.228102404951,19.8183231963429,19.7001640245797,20
124.0,17.6993536655893,19.228102404951,19.8183231963429,19.6994773500615,20
124.5,17.6993536655893,19.228102404951,19.8183231963429,19.6988114488098,20
125.0,17.6993536655893,19.2549245175508,19.8183231963429,19.6981661713566,20
125.5,17.7261823737321,19.2549245175508,19.8183231963429,19.6982722914161,20
126.0,17.7261823737321,19.2549245175508,19.8183231963429,19.6983730130784,20
126.5,17.7530104143925,19.2549245175508,19.8183231963429,19.698469072257,20
127.0,17.7530104143925,19.2549245175508,19.8183231963429,19.6985611798963,20
127.5,17.7530104143925,19.2549245175508,19.8183231963429,19.6986500059928,20
128.0,17.7798378074297,19.2549245175508,19.8183231963429,19.6987356769484,20
128.5,17.7798378074297,19.2549245175508,19.8183231963429,19.6988188353413,20
129.0,17.7798378074297,19.2817470820133,19.8183231963429,19.6989000854019,20
129.5,17.8066645726931,19.2817470820133,19.8183231963429,19.6997109416184,20
130.0,17.8066645726931,19.2817470820133,19.8183231963429,19.7004952993224,20
130.5,17.8066645726931,19.2817470820133,19.8183231963429,19.701254574842,20
131.0,17.8334907300227,19.2817470820133,19.8183231963429,19.7019896156527,20
131.5,17.8334907300227,19.2817470820133,19.8183231963429,19.7027017609636,20
132.0,17.8334907300227,19.2817470820133,19.8183231963429,19.7033922880551,20
132.5,17.8603162992492,19.308570117796,19.8183231963429,19.7040619103816,20
133.0,17.8603162992492,19.308570117796,19.8183231963429,19.7054433021442,20
133.5,17.8871413001938,19.308570117796,19.8183231963429,19.7067809163983,20
134.0,17.8871413001938,19.308570117796,19.8451597383104,19.7080767382904,20
134.5,17.8871413001938,19.308570117796,19.8451597383104,19.7093326691593,20
135.0,17.9139657526686,19.308570117796,19.8451597383104,19.7105500254102,20
135.5,17.9139657526686,19.308570117796,19.8451597383104,19.7117305995795,20
136.0,17.9139657526686,19.308570117796,19.8451597383104,19.7128761072371,20
136.5,17.9407896764765,19.3353936443518,19.8451597383104,19.7139876856309,20
137.0,17.9407896764765,19.3353936443518,19.8451597383104,19.7157984320705,20
137.5,17.9407896764765,19.3353936443518,19.8451597383104,19.7175531819322,20
138.0,17.9407896764765,19.3353936443518,19.8451597383104,19.7192537824015,20
138.5,17.9676130914117,19.3353936443518,19.8451597383104,19.7209020177892,20
139.0,17.9676130914117,19.3353936443518,19.8451597383104,19.7225001327476,20
139.5,17.9676130914117,19.3353936443518,19.8451597383104,19.7240502797306,20
140.0,17.994436017259,19.3353936443518,19.8451597383104,19.7255540181788,20
140.5,17.994436017259,19.3622176811293,19.8451597383104,19.7270133757941,20
141.0,17.994436017259,19.3622176811293,19.8451597383104,19.7291617872181,20
141.5,18.0212584737947,19.3622176811293,19.8451597383104,19.7312438820541,20
142.0,18.0212584737947,19.3622176811293,19.8451597383104,19.7332623638848,20
142.5,18.0212584737947,19.3622176811293,19.8451597383104,19.7352198285942,20
143.0,18.0480804807863,19.3622176811293,19.8451597383104,19.7371182640999,20
143.5,18.0480804807863,19.3622176811293,19.8451597383104,19.7389601121032,20
144.0,18.0480804807863,19.3890422475728,19.8451597383104,19.7407477157968,20
144.5,18.0749020579926,19.3890422475728,19.8451597383104,19.7432143252139,20
145.0,18.0749020579926,19.3890422475728,19.8719971592999,19.7456054039164,20
145.5,18.0749020579926,19.3890422475728,19.8719971592999,19.7479239387799,20
146.0,18.0749020579926,19.3890422475728,19.8719971592999,19.7501722955404,20
146.5,18.1017232251637,19.3890422475728,19.8719971592999,19.7523527599603,20
147.0,18.1017232251637,19.3890422475728,19.8719971592999,19.7544680615778,20
147.5,18.1017232251637,19.3890422475728,19.8719971592999,19.7565208217723,20
148.0,18.1285440020415,19.4158673631221,19.8719971592999,19.7585130535302,20
148.5,18.1285440020415,19.4158673631221,19.8719971592999,19.7611787440547,20
149.0,18.1285440020415,19.4158673631221,19.8719971592999,19.7637635023344,20
149.5,18.1285440020415,19.4158673631221,19.8719971592999,19.7662699669341,20
150.0,18.1553644083594,19.4158673631221,19.8719971592999,19.7687006872897,20
150.5,18.1553644083594,19.4158673631221,19.8719971592999,19.7710586477549,20
151.0,18.1553644083594,19.4158673631221,19.8719971592999,19.773346715983,20
151.5,18.1553644083594,19.4158673631221,19.8719971592999,19.775567142998,20
152.0,18.1821844638425,19.4426930472134,19.8719971592999,19.7777221041754,20
152.5,18.1821844638425,19.4426930472134,19.8988354786899,19.7805457592195,20
153.0,18.1821844638425,19.4426930472134,19.8988354786899,19.7832838528811,20
153.5,18.1821844638425,19.4426930472134,19.8988354786899,19.7859391705378,20
154.0,18.2090041882077,19.4426930472134,19.8988354786899,19.7885144035857,20
154.5,18.2090041882077,19.4426930472134,19.8988354786899,19.7910126736363,20
155.0,18.2090041882077,19.4426930472134,19.8988354786899,19.7934369810706,20
155.5,18.2090041882077,19.4426930472134,19.8988354786899,19.7957897052756,20
156.0,18.2090041882077,19.4426930472134,19.8988354786899,19.7980731457588,20
156.5,18.2358236011638,19.4426930472134,19.8988354786899,19.8002895248834,20
157.0,18.2358236011638,19.4695193192782,19.8988354786899,19.8024415114765,20
157.5,18.2358236011638,19.4695193192782,19.8988354786899,19.8052632212663,20
158.0,18.2358236011638,19.4695193192782,19.8988354786899,19.8079998207047,20
158.5,18.2358236011638,19.4695193192782,19.8988354786899,19.8106540727171,20
159.0,18.2626427224115,19.4695193192782,19.8988354786899,19.8132286471633,20
159.5,18.2626427224115,19.4695193192782,19.9256747158563,19.8157266449868,20
160.0,18.2626427224115,19.4695193192782,19.9256747158563,19.8181510467488,20
160.5,18.2626427224115,19.4695193192782,19.9256747158563,19.8205042128429,20
161.0,18.2894615716438,19.4695193192782,19.9256747158563,19.8227884245661,20
161.5,18.2894615716438,19.4695193192782,19.9256747158563,19.825006407781,20
162.0,18.2894615716438,19.4963461987446,19.9256747158563,19.8271607809877,20
162.5,18.2894615716438,19.4963461987446,19.9256747158563,19.8299851240963,20
163.0,18.2894615716438,19.4963461987446,19.9256747158563,19.8327245729187,20
163.5,18.3162801685456,19.4963461987446,19.9256747158563,19.8353818774738,20
164.0,18.3162801685456,19.4963461987446,19.9256747158563,19.8379602162211,20
164.5,18.3162801685456,19.4963461987446,19.9256747158563,19.8404626446932,20
165.0,18.3162801685456,19.4963461987446,19.9256747158563,19.8428915958057,20
165.5,18.3162801685456,19.4963461987446,19.9256747158563,19.8452494210008,20
166.0,18.3430985327942,19.4963461987446,19.9256747158563,19.8475383930318,20
166.5,18.3430985327942,19.4963461987446,19.9525148901724,19.8497612295992,20
167.0,18.3430985327942,19.4963461987446,19.9525148901724,19.8519205414172,20
167.5,18.3430985327942,19.5231737050364,19.9525148901724,19.8540183319769,20
168.0,18.3430985327942,19.5231737050364,19.9525148901724,19.8567881242499,20
168.5,18.3430985327942,19.5231737050364,19.9525148901724,19.8594749649494,20
169.0,18.3430985327942,19.5231737050364,19.9525148901724,19.8620815352242,20
169.5,18.3699166840591,19.5231737050364,19.9525148901724,19.8646104261472,20
170.0,18.3699166840591,19.5231737050364,19.9525148901724,19.867064662739,20
170.5,18.3699166840591,19.5231737050364,19.9525148901724,19.8694471524172,20
171.0,18.3699166840591,19.5231737050364,19.9525148901724,19.8717601851297,20
171.5,18.3699166840591,19.5231737050364,19.9525148901724,19.8740059743101,20
172.0,18.3699166840591,19.5231737050364,19.9525148901724,19.8761866594898,20
172.5,18.3699166840591,19.5231737050364,19.9525148901724,19.8783043088202,20
173.0,18.3967346420027,19.5231737050364,19.9525148901724,19.8803609215079,20
173.5,18.3967346420027,19.5231737050364,19.9525148901724,19.8823589511051,20
174.0,18.3967346420027,19.5231737050364,19.9793560210093,19.8843007532585,20
174.5,18.3967346420027,19.5500018575738,19.9793560210093,19.8861880851662,20
175.0,18.3967346420027,19.5500018575738,19.9793560210093,19.8887542495922,20
175.5,18.3967346420027,19.5500018575738,19.9793560210093,19.8912440453575,20
176.0,18.3967346420027,19.5500018575738,19.9793560210093,19.8936599318573,20
176.5,18.3967346420027,19.5500018575738,19.9793560210093,19.8960042860238,20
177.0,18.4235524262792,19.5500018575738,19.9793560210093,19.8982794051435,20
177.5,18.4235524262792,19.5500018575738,19.9793560210093,19.9004880305131,20
178.0,18.4235524262792,19.5500018575738,19.9793560210093,19.9026327955487,20
178.5,18.4235524262792,19.5500018575738,19.9793560210093,19.9047157255897,20
179.0,18.4235524262792,19.5500018575738,19.9793560210093,19.906738778522,20
179.5,18.4235524262792,19.5500018575738,19.9793560210093,19.9087038470781,20
180.0,18.4235524262792,19.5500018575738,19.9793560210093,19.9106127610562,20
180.5,18.450370056536,19.5500018575738,19.9793560210093,19.912467289464,20
181.0,18.450370056536,19.5500018575738,19.9793560210093,19.9142696635209,20
181.5,18.450370056536,19.5500018575738,19.9793560210093,19.9160220241423,20
182.0,18.450370056536,19.5500018575738,19.9793560210093,19.9177259211395,20
182.5,18.450370056536,19.5500018575738,19.9793560210093,19.9193828532552,20
183.0,18.450370056536,19.5500018575738,20.0061981277353,19.9209942698972,20
183.5,18.450370056536,19.5768306757732,20.0061981277353,19.9225615728123,20
184.0,18.450370056536,19.5768306757732,20.0061981277353,19.9248177395755,20
184.5,18.450370056536,19.5768306757732,20.0061981277353,19.9270072185792,20
185.0,18.450370056536,19.5768306757732,20.0061981277353,19.9291321488795,20
185.5,18.450370056536,19.5768306757732,20.0061981277353,19.9311945979689,20
186.0,18.4771875524129,19.5768306757732,20.0061981277353,19.933196564218,20
186.5,18.4771875524129,19.5768306757732,20.0061981277353,19.9351405001634,20
187.0,18.4771875524129,19.5768306757732,20.0061981277353,19.9370287602726,20
187.5,18.4771875524129,19.5768306757732,20.0061981277353,19.9388631004159,20
188.0,18.4771875524129,19.5768306757732,20.0061981277353,19.9406452181578,20
188.5,18.4771875524129,19.5768306757732,20.0061981277353,19.9423767547416,20
189.0,18.4771875524129,19.5768306757732,20.0061981277353,19.9440592970051,20
189.5,18.4771875524129,19.5768306757732,20.0061981277353,19.9456943792312,20
190.0,18.4771875524129,19.5768306757732,20.0061981277353,19.9472834849338,20
190.5,18.4771875524129,19.5768306757732,20.0061981277353,19.948828048583,20
191.0,18.4771875524129,19.5768306757732,20.0061981277353,19.950329457271,20
191.5,18.4771875524129,19.5768306757732,20.0061981277353,19.9517890523203,20
192.0,18.4771875524129,19.5768306757732,20.0061981277353,19.9532081308369,20
192.5,18.4771875524129,19.5768306757732,20.0061981277353,19.9545879472102,20
193.0,18.5040049335426,19.5768306757732,20.0061981277353,19.9559297145611,20
193.5,18.5040049335426,19.5768306757732,20.033041229717,19.957235127068,20
194.0,18.5040049335426,19.5768306757732,20.033041229717,19.9585058068085,20
194.5,18.5040049335426,19.5768306757732,20.033041229717,19.9597428023385,20
195.0,18.5040049335426,19.5768306757732,20.033041229717,19.9609471281185,20
195.5,18.5040049335426,19.5768306757732,20.033041229717,19.9621197656641,20
196.0,18.5040049335426,19.5768306757732,20.033041229717,19.9632616646573,20
196.5,18.5040049335426,19.5768306757732,20.033041229717,19.9643737440199,20
197.0,18.5040049335426,19.5768306757732,20.033041229717,19.9654568929492,20
197.5,18.5040049335426,19.5768306757732,20.033041229717,19.9665119719189,20
198.0,18.5040049335426,19.5768306757732,20.033041229717,19.9675398136459,20
198.5,18.5040049335426,19.5768306757732,20.033041229717,19.9685412240228,20
199.0,18.5040049335426,19.5768306757732,20.033041229717,19.9695169830198,20
199.5,18.5040049335426,19.5768306757732,20.033041229717,19.9704678455547,20
200.0,18.5040049335426,19.5768306757732,20.033041229717,19.9713945423339,20
200.5,18.5308222195507,19.6036601790476,20.033041229717,19.9722977806636,20
201.0,18.5308222195507,19.6036601790476,20.033041229717,19.9739104067145,20
201.5,18.5308222195507,19.6036601790476,20.033041229717,19.9754766885094,20
202.0,18.5308222195507,19.6036601790476,20.033041229717,19.9769980896279,20
202.5,18.5308222195507,19.6036601790476,20.033041229717,19.9784760250454,20
203.0,18.5308222195507,19.6036601790476,20.033041229717,19.9799118627863,20
203.5,18.5308222195507,19.6036601790476,20.033041229717,19.98130692552,20
204.0,18.5308222195507,19.6036601790476,20.033041229717,19.9826624921032,20
204.5,18.5308222195507,19.6036601790476,20.033041229717,19.9839797990677,20
205.0,18.5308222195507,19.6036601790476,20.033041229717,19.9852600420583,20
205.5,18.5308222195507,19.6036601790476,20.033041229717,19.9865043772205,20
206.0,18.5308222195507,19.6036601790476,20.033041229717,19.987713922541,20
206.5,18.5308222195507,19.6036601790476,20.033041229717,19.988889759142,20
207.0,18.5308222195507,19.6036601790476,20.033041229717,19.9900329325308,20
207.5,18.5308222195507,19.6036601790476,20.033041229717,19.991144453807,20
208.0,18.5308222195507,19.6036601790476,20.033041229717,19.992225300828,20
208.5,18.5308222195507,19.6036601790476,20.033041229717,19.9932764193344,20
209.0,18.5308222195507,19.6036601790476,20.033041229717,19.9942987240368,20
209.5,18.5308222195507,19.6036601790476,20.033041229717,19.9952930996656,20
210.0,18.5308222195507,19.6036601790476,20.0598853463183,19.9962604019846,20
210.5,18.5308222195507,19.6036601790476,20.0598853463183,19.9972014587695,20
211.0,18.5308222195507,19.6036601790476,20.0598853463183,19.9981170707537,20
211.5,18.5308222195507,19.6036601790476,20.0598853463183,19.9990080125408,20
212.0,18.5308222195507,19.6036601790476,20.0598853463183,19.9998750334865,20
212.5,18.5308222195507,19.6036601790476,20.0598853463183,20.0007188585495,20
213.0,18.5308222195507,19.6036601790476,20.0598853463183,20.0015401891144,20
213.5,18.5308222195507,19.6036601790476,20.0598853463183,20.0023397037852,20
214.0,18.5308222195507,19.6036601790476,20.0598853463183,20.0031180591528,20
214.5,18.5308222195507,19.6036601790476,20.0598853463183,20.0038758905349,20
215.0,18.5308222195507,19.6036601790476,20.0598853463183,20.0046138126919,20
215.5,18.5308222195507,19.6036601790476,20.0598853463183,20.0053324205177,20
216.0,18.5308222195507,19.6036601790476,20.0598853463183,20.0060322897064,20
216.5,18.5308222195507,19.6036601790476,20.0598853463183,20.0067139773973,20
217.0,18.5308222195507,19.6036601790476,20.0598853463183,20.007378022797,20
217.5,18.5308222195507,19.6036601790476,20.0598853463183,20.0080249477806,20
218.0,18.5308222195507,19.6036601790476,20.0598853463183,20.008655257472,20
218.5,18.5308222195507,19.6036601790476,20.0598853463183,20.009269440805,20
219.0,18.5308222195507,19.6036601790476,20.0598853463183,20.0098679710649,20
219.5,18.5308222195507,19.6036601790476,20.0598853463183,20.0104513064112,20
220.0,18.5308222195507,19.6036601790476,20.0598853463183,20.0110198903833,20
220.5,18.5308222195507,19.6036601790476,20.0598853463183,20.0115741523885,20
221.0,18.5308222195507,19.6036601790476,20.0598853463183,20.0121145081731,20
221.5,18.5308222195507,19.6036601790476,20.0598853463183,20.012641360278,20
222.0,18.5308222195507,19.6036601790476,20.0598853463183,20.0131550984784,20
222.5,18.5308222195507,19.6036601790476,20.0598853463183,20.0136561002088,20
223.0,18.5308222195507,19.6036601790476,20.0598853463183,20.014144730973,20
223.5,18.5308222195507,19.6036601790476,20.0598853463183,20.014621344741,20
224.0,18.5308222195507,19.6036601790476,20.0598853463183,20.0150862843316,20
224.5,18.5308222195507,19.6036601790476,20.0598853463183,20.0155398817821,20
225.0,18.5308222195507,19.6036601790476,20.0598853463183,20.0159824587061,20
225.5,18.5308222195507,19.6036601790476,20.0598853463183,20.0164143266385,20
226.0,18.5308222195507,19.6036601790476,20.0598853463183,20.0168357873686,20
226.5,18.5308222195507,19.5768306757732,20.0598853463183,20.0172471332628,20
227.0,18.5308222195507,19.5768306757732,20.0598853463183,20.0169170070211,20
227.5,18.5308222195507,19.5768306757732,20.0598853463183,20.0166025652397,20
228.0,18.5576394300556,19.5768306757732,20.0598853463183,20.0163032030054,20
228.5,18.5576394300556,19.5768306757732,20.0598853463183,20.0160188581327,20
229.0,18.5576394300556,19.5768306757732,20.0598853463183,20.0157494558931,20
229.5,18.5576394300556,19.5768306757732,20.0598853463183,20.0154944055542,20
230.0,18.5576394300556,19.5768306757732,20.0598853463183,20.0152531378302,20
230.5,18.5576394300556,19.5768306757732,20.0598853463183,20.0150251041283,20
231.0,18.5576394300556,19.5768306757732,20.0598853463183,20.0148097758206,20
231.5,18.5576394300556,19.5768306757732,20.0598853463183,20.0146066435423,20
232.0,18.5576394300556,19.5768306757732,20.0598853463183,20.0144152165128,20
232.5,18.5576394300556,19.5768306757732,20.0598853463183,20.014235021882,20
233.0,18.5576394300556,19.5768306757732,20.0598853463183,20.0140656040981,20
233.5,18.5576394300556,19.5768306757732,20.0598853463183,20.0139065242977,20
234.0,18.5576394300556,19.5768306757732,20.0598853463183,20.0137573597172,20
234.5,18.5576394300556,19.5768306757732,20.0598853463183,20.0136177031248,20
235.0,18.5576394300556,19.5768306757732,20.0598853463183,20.0134871622717,20
235.5,18.5576394300556,19.5768306757732,20.0598853463183,20.0133653593625,20
236.0,18.5576394300556,19.5768306757732,20.0598853463183,20.0132519305449,20
236.5,18.5576394300556,19.5768306757732,20.0598853463183,20.0131465254156,20
237.0,18.5576394300556,19.5768306757732,20.0598853463183,20.0130488065447,20
237.5,18.5576394300556,19.5768306757732,20.0598853463183,20.012958449016,20
238.0,18.5576394300556,19.5768306757732,20.0598853463183,20.0128751399836,20
238.5,18.5576394300556,19.5768306757732,20.0598853463183,20.0127985782436,20
239.0,18.5576394300556,19.5768306757732,20.0598853463183,20.0127284738207,20
239.5,18.5576394300556,19.5768306757732,20.0598853463183,20.0126645475699,20
240.0,18.5576394300556,19.5768306757732,20.0598853463183,20.0126065307913,20
240.5,18.5576394300556,19.5768306757732,20.0598853463183,20.0125541648585,20
241.0,18.5576394300556,19.5768306757732,20.0598853463183,20.0125072008599,20
241.5,18.5576394300556,19.5768306757732,20.0598853463183,20.0124653992533,20
242.0,18.5576394300556,19.5768306757732,20.0598853463183,20.012428529531,20
242.5,18.5576394300556,19.5768306757732,20.0598853463183,20.0123963698982,20
243.0,18.5576394300556,19.5768306757732,20.0598853463183,20.0123687069615,20
243.5,18.5576394300556,19.5768306757732,20.0598853463183,20.0123453354287,20
244.0,18.5576394300556,19.5768306757732,20.0598853463183,20.0123260578192,20
244.5,18.5576394300556,19.5768306757732,20.0598853463183,20.0123106841844,20
245.0,18.5576394300556,19.5768306757732,20.0598853463183,20.0122990318376,20
245.5,18.5576394300556,19.5768306757732,20.0598853463183,20.0122909250938,20
246.0,18.5576394300556,19.5768306757732,20.0598853463183,20.0122861950181,20
246.5,18.5576394300556,19.5768306757732,20.0598853463183,20.0122846791837,20
247.0,18.5576394300556,19.5768306757732,20.0598853463183,20.0122862214373,20
247.5,18.5576394300556,19.5768306757732,20.0598853463183,20.0122906716736,20
248.0,18.5576394300556,19.5768306757732,20.0598853463183,20.0122978856174,20
248.5,18.5576394300556,19.5768306757732,20.0598853463183,20.0123077246129,20
249.0,18.5576394300556,19.5768306757732,20.0598853463183,20.0123200554214,20
249.5,18.5576394300556,19.5768306757732,20.0598853463183,20.0123347500248,20
250.0,18.5576394300556,19.5768306757732,20.0598853463183,20.0123516854373,20
250.5,18.5576394300556,19.5768306757732,20.0598853463183,20.0123707435227,20
251.0,18.5576394300556,19.5768306757732,20.0598853463183,20.0123918108187,20
251.5,18.5576394300556,19.5768306757732,20.0598853463183,20.0124147783669,20
252.0,18.5576394300556,19.5768306757732,20.0598853463183,20.0124395415495,20
252.5,18.5576394300556,19.5768306757732,20.0598853463183,20.0124659999309,20
253.0,18.5576394300556,19.5768306757732,20.0598853463183,20.0124940571054,20
253.5,18.5576394300556,19.5768306757732,20.0598853463183,20.0125236205501,20
254.0,18.5576394300556,19.5768306757732,20.0598853463183,20.0125546014832,20
254.5,18.5576394300556,19.5768306757732,20.0598853463183,20.0125869147267,20
255.0,18.5576394300556,19.5768306757732,20.0598853463183,20.0126204785748,20
255.5,18.5576394300556,19.5768306757732,20.0598853463183,20.0126552146662,20
256.0,18.5576394300556,19.5768306757732,20.0598853463183,20.0126910478613,20
256.5,18.5576394300556,19.5768306757732,20.0598853463183,20.0127279061235,20
257.0,18.5576394300556,19.5768306757732,20.0598853463183,20.0127657204049,20
257.5,18.5576394300556,19.5768306757732,20.0598853463183,20.0128044245361,20
258.0,18.5576394300556,19.5768306757732,20.0598853463183,20.0128439551198,20
258.5,18.5576394300556,19.5768306757732,20.0598853463183,20.0128842514275,20
259.0,18.5576394300556,19.5768306757732,20.0598853463183,20.0129252553015,20
259.5,18.5576394300556,19.5768306757732,20.0598853463183,20.0129669110584,20
260.0,18.5576394300556,19.5768306757732,20.0598853463183,20.0130091653979,20
260.5,18.5576394300556,19.5768306757732,20.0598853463183,20.0130519673129,20
261.0,18.5576394300556,19.5768306757732,20.0598853463183,20.0130952680049,20
261.5,18.5576394300556,19.5768306757732,20.0598853463183,20.0131390208005,20
262.0,18.5576394300556,19.5768306757732,20.0598853463183,20.0131831810719,20
262.5,18.5576394300556,19.5768306757732,20.0598853463183,20.0132277061605,20
263.0,18.5576394300556,19.5768306757732,20.0598853463183,20.013272555302,20
263.5,18.5576394300556,19.5768306757732,20.0598853463183,20.0133176895556,20
264.0,18.5576394300556,19.5768306757732,20.0598853463183,20.0133630717344,20
264.5,18.5576394300556,19.5768306757732,20.0598853463183,20.0134086663396,20
265.0,18.5576394300556,19.5768306757732,20.0598853463183,20.0134544394957,20
265.5,18.5576394300556,19.5768306757732,20.0598853463183,20.0135003588895,20
266.0,18.5576394300556,19.5768306757732,20.0598853463183,20.0135463937096,20
266.5,18.5576394300556,19.5768306757732,20.0598853463183,20.0135925145896,20
267.0,18.5576394300556,19.5768306757732,20.0598853463183,20.0136386935524,20
267.5,18.5576394300556,19.5768306757732,20.0598853463183,20.0136849039571,20
268.0,18.5576394300556,19.5768306757732,20.0598853463183,20.0137311204468,20
268.5,18.5576394300556,19.5768306757732,20.0598853463183,20.0137773188999,20
269.0,18.5576394300556,19.5768306757732,20.0598853463183,20.0138234763815,20
269.5,18.5576394300556,19.5768306757732,20.0598853463183,20.0138695710976,20
270.0,18.5576394300556,19.5768306757732,20.0598853463183,20.0139155823507,20
270.5,18.5576394300556,19.5768306757732,20.0598853463183,20.0139614904965,20
271.0,18.5576394300556,19.5768306757732,20.0598853463183,20.0140072769034,20
271.5,18.5576394300556,19.5768306757732,20.0598853463183,20.0140529239117,20
272.0,18.5576394300556,19.5768306757732,20.0598853463183,20.014098414796,20
272.5,18.5576394300556,19.5768306757732,20.0598853463183,20.0141437337279,20
273.0,18.5576394300556,19.5768306757732,20.0598853463183,20.0141888657403,20
273.5,18.5576394300556,19.5768306757732,20.0598853463183,20.0142337966933,20
274.0,18.5576394300556,19.5768306757732,20.0598853463183,20.0142785132408,20
274.5,18.5576394300556,19.5768306757732,20.0598853463183,20.0143230027991,20
275.0,18.5576394300556,19.5768306757732,20.0598853463183,20.0143672535154,20
275.5,18.5576394300556,19.5768306757732,20.0598853463183,20.0144112542391,20
276.0,18.5576394300556,19.5768306757732,20.0598853463183,20.0144549944926,20
276.5,18.5576394300556,19.5768306757732,20.0598853463183,20.0144984644442,20
277.0,18.5576394300556,19.5768306757732,20.0598853463183,20.0145416548815,20
277.5,18.5576394300556,19.5768306757732,20.0598853463183,20.0145845571859,20
278.0,18.5576394300556,19.5768306757732,20.0598853463183,20.0146271633081,20
278.5,18.584456584669,19.5768306757732,20.0598853463183,20.0146694657445,20
279.0,18.584456584669,19.5768306757732,20.0598853463183,20.0147119784376,20
279.5,18.584456584669,19.5768306757732,20.0598853463183,20.0147551822495,20
280.0,18.584456584669,19.5768306757732,20.0598853463183,20.0147990222205,20
280.5,18.584456584669,19.5768306757732,20.0598853463183,20.0148434457112,20
281.0,18.584456584669,19.5768306757732,20.0598853463183,20.014888402317,20
281.5,18.584456584669,19.5768306757732,20.0598853463183,20.0149338437868,20
282.0,18.584456584669,19.5768306757732,20.0598853463183,20.0149797239431,20
282.5,18.584456584669,19.5768306757732,20.0598853463183,20.0150259986064,20
283.0,18.584456584669,19.5768306757732,20.0598853463183,20.0150726255207,20
283.5,18.584456584669,19.5768306757732,20.0598853463183,20.015119564283,20
284.0,18.584456584669,19.5768306757732,20.0598853463183,20.0151667762741,20
284.5,18.584456584669,19.5768306757732,20.0598853463183,20.0152142245928,20
285.0,18.584456584669,19.5768306757732,20.0598853463183,20.0152618739915,20
285.5,18.584456584669,19.5768306757732,20.0598853463183,20.015309690815,20
286.0,18.584456584669,19.5768306757732,20.0598853463183,20.0153576429403,20
286.5,18.584456584669,19.5768306757732,20.0598853463183,20.0154056997199,20
287.0,18.584456584669,19.5768306757732,20.0598853463183,20.0154538319257,20
287.5,18.584456584669,19.5768306757732,20.0598853463183,20.0155020116959,20
288.0,18.584456584669,19.5768306757732,20.0598853463183,20.0155502124832,20
288.5,18.584456584669,19.5768306757732,20.0598853463183,20.0155984090053,20
289.0,18.584456584669,19.5768306757732,20.0598853463183,20.0156465771964,20
289.5,18.584456584669,19.5768306757732,20.0598853463183,20.0156946941612,20
290.0,18.584456584669,19.5768306757732,20.0598853463183,20.0157427381302,20
290.5,18.584456584669,19.5768306757732,20.0598853463183,20.0157906884164,20
291.0,18.584456584669,19.5768306757732,20.0598853463183,20.0158385253738,20
291.5,18.584456584669,19.5768306757732,20.0598853463183,20.0158862303573,20
292.0,18.584456584669,19.5768306757732,20.033041229717,20.0159337856841,20
292.5,18.584456584669,19.5768306757732,20.033041229717,20.0159811745961,20
293.0,18.584456584669,19.5768306757732,20.033041229717,20.016028381224,20
293.5,18.584456584669,19.5768306757732,20.033041229717,20.0160753905529,20
294.0,18.584456584669,19.5768306757732,20.033041229717,20.0161221883883,20
294.5,18.584456584669,19.5768306757732,20.033041229717,20.0161687613244,20
295.0,18.584456584669,19.5768306757732,20.033041229717,20.0162150967123,20
295.5,18.584456584669,19.5768306757732,20.033041229717,20.0162611826308,20
296.0,18.584456584669,19.5500018575738,20.033041229717,20.0163070078567,20
296.5,18.584456584669,19.5500018575738,20.033041229717,20.015620939965,20
297.0,18.584456584669,19.5500018575738,20.033041229717,20.0149598318734,20
297.5,18.584456584669,19.5500018575738,20.033041229717,20.0143228034775,20
298.0,18.584456584669,19.5500018575738,20.033041229717,20.0137090053084,20
298.5,18.584456584669,19.5500018575738,20.033041229717,20.0131176174725,20
299.0,18.584456584669,19.5500018575738,20.033041229717,20.0125478486271,20
299.5,18.584456584669,19.5500018575738,20.033041229717,20.0119989349921,20
300.0,18.584456584669,19.5500018575738,20.033041229717,20.0114701393957,20
300.5,18.584456584669,19.5500018575738,20.033041229717,20.0109607503527,20
301.0,18.584456584669,19.5500018575738,20.033041229717,20.0104700811747,20
301.5,18.584456584669,19.5500018575738,20.033041229717,20.0099974691118,20
302.0,18.584456584669,19.5500018575738,20.033041229717,20.0095422745227,20
302.5,18.584456584669,19.5500018575738,20.033041229717,20.0091038800744,20
303.0,18.584456584669,19.5500018575738,20.033041229717,20.0086816899695,20
303.5,18.584456584669,19.5500018575738,20.033041229717,20.0082751291996,20
304.0,18.584456584669,19.5500018575738,20.033041229717,20.007883642825,20
304.5,18.584456584669,19.5500018575738,20.033041229717,20.0075066952792,20
305.0,18.584456584669,19.5500018575738,20.033041229717,20.0071437696975,20
305.5,18.584456584669,19.5500018575738,20.033041229717,20.0067943672684,20
306.0,18.584456584669,19.5500018575738,20.033041229717,20.0064580066079,20
306.5,18.584456584669,19.5500018575738,20.033041229717,20.006134223155,20
307.0,18.584456584669,19.5500018575738,20.033041229717,20.0058225685889,20
307.5,18.584456584669,19.5500018575738,20.033041229717,20.005522610265,20
308.0,18.584456584669,19.5500018575738,20.033041229717,20.0052339306717,20
308.5,18.584456584669,19.5500018575738,20.033041229717,20.0049561269051,20
309.0,18.584456584669,19.5500018575738,20.033041229717,20.0046888101625,20
309.5,18.584456584669,19.5500018575738,20.033041229717,20.0044316052529,20
310.0,18.584456584669,19.5500018575738,20.033041229717,20.0041841501247,20
310.5,18.584456584669,19.5500018575738,20.033041229717,20.0039460954094,20
311.0,18.584456584669,19.5500018575738,20.033041229717,20.0037171039819,20
311.5,18.584456584669,19.5500018575738,20.033041229717,20.0034968505348,20
312.0,18.584456584669,19.5500018575738,20.033041229717,20.0032850211684,20
312.5,18.584456584669,19.5500018575738,20.033041229717,20.0030813129946,20
313.0,18.584456584669,19.5500018575738,20.033041229717,20.0028854337541,20
313.5,18.584456584669,19.5500018575738,20.033041229717,20.0026971014476,20
314.0,18.584456584669,19.5500018575738,20.033041229717,20.002516043979,20
314.5,18.584456584669,19.5500018575738,20.033041229717,20.0023419988113,20
315.0,18.584456584669,19.5500018575738,20.033041229717,20.0021747126345,20
315.5,18.584456584669,19.5500018575738,20.033041229717,20.0020139410448,20
316.0,18.584456584669,19.5500018575738,20.033041229717,20.0018594482351,20
316.5,18.584456584669,19.5500018575738,20.033041229717,20.0017110066958,20
317.0,18.584456584669,19.5500018575738,20.033041229717,20.0015683969264,20
317.5,18.584456584669,19.5500018575738,20.033041229717,20.0014314071569,20
318.0,18.584456584669,19.5500018575738,20.033041229717,20.0012998330788,20
318.5,18.584456584669,19.5500018575738,20.033041229717,20.0011734775854,20
319.0,18.584456584669,19.5500018575738,20.033041229717,20.0010521505214,20
319.5,18.584456584669,19.5500018575738,20.033041229717,20.0009356684405,20
320.0,18.584456584669,19.5500018575738,20.033041229717,20.0008238543723,20
320.5,18.584456584669,19.5500018575738,20.033041229717,20.0007165375964,20
321.0,18.584456584669,19.5500018575738,20.033041229717,20.0006135534247,20
321.5,18.584456584669,19.5500018575738,20.033041229717,20.0005147429915,20
322.0,18.584456584669,19.5500018575738,20.033041229717,20.0004199530505,20
322.5,18.584456584669,19.5500018575738,20.033041229717,20.0003290357787,20
323.0,18.584456584669,19.5500018575738,20.033041229717,20.0002418485877,20
323.5,18.584456584669,19.5500018575738,20.033041229717,20.0001582539409,20
324.0,18.584456584669,19.5500018575738,20.033041229717,20.0000781191775,20
324.5,18.584456584669,19.5500018575738,20.033041229717,20.0000013163422,20
325.0,18.584456584669,19.5500018575738,20.033041229717,19.999927722021,20
325.5,18.584456584669,19.5500018575738,20.033041229717,19.9998572171829,20
326.0,18.584456584669,19.5500018575738,20.033041229717,19.9997896870269,20
326.5,18.584456584669,19.5500018575738,20.033041229717,19.9997250208338,20
327.0,18.584456584669,19.5500018575738,20.033041229717,19.9996631118241,20
327.5,18.584456584669,19.5500018575738,20.033041229717,19.9996038570202,20
328.0,18.584456584669,19.5500018575738,20.033041229717,19.9995471571137,20
328.5,18.584456584669,19.5500018575738,20.033041229717,19.9994929163365,20
329.0,18.584456584669,19.5500018575738,20.033041229717,19.9994410423378,20
329.5,18.584456584669,19.5500018575738,20.033041229717,19.9993914460641,20
330.0,18.584456584669,19.5500018575738,20.033041229717,19.9993440416438,20
330.5,18.584456584669,19.5500018575738,20.033041229717,19.999298746276,20
331.0,18.584456584669,19.5500018575738,20.033041229717,19.9992554801231,20
331.5,18.584456584669,19.5500018575738,20.033041229717,19.9992141662066,20
332.0,18.584456584669,19.5500018575738,20.033041229717,19.9991747303073,20
332.5,18.584456584669,19.5500018575738,20.033041229717,19.9991371008684,20
333.0,18.584456584669,19.5500018575738,20.033041229717,19.9991012089022,20
333.5,18.584456584669,19.5500018575738,20.033041229717,19.9990669879002,20
334.0,18.584456584669,19.5500018575738,20.033041229717,19.9990343737457,20
334.5,18.584456584669,19.5500018575738,20.033041229717,19.9990033046303,20
335.0,18.584456584669,19.5500018575738,20.033041229717,19.9989737209726,20
335.5,18.584456584669,19.5500018575738,20.033041229717,19.9989455653399,20
336.0,18.584456584669,19.5500018575738,20.033041229717,19.9989187823731,20
336.5,18.584456584669,19.5500018575738,20.033041229717,19.9988933187133,20
337.0,18.584456584669,19.5500018575738,20.033041229717,19.9988691229319,20
337.5,18.584456584669,19.5500018575738,20.033041229717,19.9988461454625,20
338.0,18.584456584669,19.5500018575738,20.033041229717,19.9988243385352,20
338.5,18.584456584669,19.5500018575738,20.033041229717,19.9988036561137,20
339.0,18.584456584669,19.5500018575738,20.033041229717,19.9987840538341,20
339.5,18.584456584669,19.5500018575738,20.033041229717,19.9987654889459,20
340.0,18.584456584669,19.5500018575738,20.033041229717,19.9987479202549,20
340.5,18.584456584669,19.5500018575738,20.033041229717,19.998731308069,20
341.0,18.584456584669,19.5500018575738,20.033041229717,19.9987156141443,20
341.5,18.584456584669,19.5500018575738,20.033041229717,19.9987008016349,20
342.0,18.584456584669,19.5500018575738,20.033041229717,19.9986868350425,20
342.5,18.584456584669,19.5500018575738,20.033041229717,19.9986736801697,20
343.0,18.584456584669,19.5500018575738,20.033041229717,19.9986613040735,20
343.5,18.584456584669,19.5500018575738,20.033041229717,19.9986496750211,20
344.0,18.584456584669,19.5500018575738,20.033041229717,19.9986387624468,20
344.5,18.584456584669,19.5500018575738,20.033041229717,19.998628536911,20
345.0,18.584456584669,19.5500018575738,20.033041229717,19.9986189700603,20
345.5,18.584456584669,19.5500018575738,20.033041229717,19.9986100345886,20
346.0,18.584456584669,19.5500018575738,20.033041229717,19.9986017042003,20
346.5,18.584456584669,19.5500018575738,20.033041229717,19.9985939535742,20
347.0,18.584456584669,19.5500018575738,20.033041229717,19.9985867583293,20
347.5,18.584456584669,19.5500018575738,20.033041229717,19.9985800949907,20
348.0,18.584456584669,19.5500018575738,20.033041229717,19.9985739409581,20
348.5,18.584456584669,19.5500018575738,20.033041229717,19.9985682744742,20
349.0,18.584456584669,19.5500018575738,20.033041229717,19.9985630745947,20
349.5,18.584456584669,19.5500018575738,20.033041229717,19.9985583211596,20
350.0,18.584456584669,19.5500018575738,20.033041229717,19.9985539947649,20
350.5,18.584456584669,19.5500018575738,20.033041229717,19.9985500767361,20
351.0,18.584456584669,19.5500018575738,20.033041229717,19.9985465491015,20
351.5,18.584456584669,19.5500018575738,20.033041229717,19.9985433945675,20
352.0,18.584456584669,19.5500018575738,20.033041229717,19.9985405964945,20
352.5,18.584456584669,19.5500018575738,20.033041229717,19.9985381388729,20
353.0,18.584456584669,19.5500018575738,20.033041229717,19.9985360063012,20
353.5,18.584456584669,19.5500018575738,20.033041229717,19.9985341839636,20
354.0,18.584456584669,19.5500018575738,20.033041229717,19.9985326576094,20
354.5,18.584456584669,19.5500018575738,20.033041229717,19.9985314135327,20
355.0,18.584456584669,19.5500018575738,20.033041229717,19.9985304385524,20
355.5,18.584456584669,19.5500018575738,20.033041229717,19.9985297199938,20
356.0,18.584456584669,19.5500018575738,20.033041229717,19.9985292456702,20
356.5,18.584456584669,19.5500018575738,20.033041229717,19.9985290038652,20
357.0,18.584456584669,19.5500018575738,20.033041229717,19.9985289833157,20
357.5,18.584456584669,19.5500018575738,20.033041229717,19.9985291731959,20
358.0,18.584456584669,19.5500018575738,20.033041229717,19.9985295631011,20
358.5,18.584456584669,19.5500018575738,20.033041229717,19.9985301430325,20
359.0,18.584456584669,19.5500018575738,20.033041229717,19.9985309033828,20
359.5,18.584456584669,19.5500018575738,20.033041229717,19.9985318349217,20
360.0,18.584456584669,19.5500018575738,20.033041229717,19.9985329287823,20
360.5,18.584456584669,19.5500018575738,20.033041229717,19.9985341764478,20
361.0,18.584456584669,19.5500018575738,20.033041229717,19.9985355697392,20
361.5,18.584456584669,19.5500018575738,20.033041229717,19.9985371008023,20
362.0,18.584456584669,19.5500018575738,20.033041229717,19.9985387620964,20
362.5,18.584456584669,19.5500018575738,20.033041229717,19.9985405463828,20
363.0,18.584456584669,19.5500018575738,20.033041229717,19.9985424467133,20
363.5,18.584456584669,19.5500018575738,20.033041229717,19.9985444564202,20
364.0,18.584456584669,19.5500018575738,20.033041229717,19.9985465691056,20
364.5,18.584456584669,19.5500018575738,20.033041229717,19.9985487786317,20
365.0,18.584456584669,19.5500018575738,20.033041229717,19.9985510791109,20
365.5,18.584456584669,19.5500018575738,20.033041229717,19.9985534648972,20
366.0,18.584456584669,19.5500018575738,20.033041229717,19.9985559305767,20
366.5,18.584456584669,19.5500018575738,20.033041229717,19.9985584709593,20
367.0,18.584456584669,19.5500018575738,20.033041229717,19.9985610810707,20
367.5,18.584456584669,19.5500018575738,20.033041229717,19.9985637561436,20
368.0,18.584456584669,19.5500018575738,20.033041229717,19.998566491611,20
368.5,18.584456584669,19.5500018575738,20.033041229717,19.9985692830981,20
369.0,18.584456584669,19.5500018575738,20.033041229717,19.9985721264154,20
369.5,18.584456584669,19.5500018575738,20.033041229717,19.9985750175516,20
370.0,18.584456584669,19.5500018575738,20.033041229717,19.9985779526674,20
370.5,18.584456584669,19.5500018575738,20.033041229717,19.9985809280884,20
371.0,18.584456584669,19.5500018575738,20.033041229717,19.9985839402996,20
371.5,18.584456584669,19.5500018575738,20.033041229717,19.9985869859389,20
372.0,18.584456584669,19.5500018575738,20.033041229717,19.9985900617917,20
372.5,18.584456584669,19.5500018575738,20.033041229717,19.998593164785,20
373.0,18.584456584669,19.5500018575738,20.033041229717,19.9985962919825,20
373.5,18.584456584669,19.5500018575738,20.033041229717,19.9985994405789,20
374.0,18.584456584669,19.5500018575738,20.033041229717,19.9986026078954,20
374.5,18.584456584669,19.5500018575738,20.033041229717,19.9986057913747,20
375.0,18.584456584669,19.5500018575738,20.033041229717,19.9986089885763,20
375.5,18.584456584669,19.5500018575738,20.033041229717,19.9986121971722,20
376.0,18.584456584669,19.5500018575738,20.033041229717,19.9986154149424,20
376.5,18.584456584669,19.5500018575738,20.033041229717,19.9986186397711,20
377.0,18.584456584669,19.5500018575738,20.033041229717,19.9986218696421,20
377.5,18.584456584669,19.5500018575738,20.033041229717,19.9986251026357,20
378.0,18.584456584669,19.5500018575738,20.033041229717,19.9986283369245,20
378.5,18.584456584669,19.5500018575738,20.033041229717,19.9986315707699,20
379.0,18.584456584669,19.5500018575738,20.033041229717,19.9986348025185,20
379.5,18.584456584669,19.5500018575738,20.033041229717,19.9986380305993,20
380.0,18.584456584669,19.5500018575738,20.033041229717,19.9986412535199,20
380.5,18.584456584669,19.5500018575738,20.033041229717,19.9986444698639,20
381.0,18.584456584669,19.5500018575738,20.033041229717,19.9986476782873,20
381.5,18.584456584669,19.5500018575738,20.033041229717,19.9986508775164,20
382.0,18.584456584669,19.5500018575738,20.033041229717,19.9986540663445,20
382.5,18.584456584669,19.5500018575738,20.033041229717,19.9986572436293,20
383.0,18.584456584669,19.5500018575738,20.033041229717,19.9986604082906,20
383.5,18.584456584669,19.5500018575738,20.033041229717,19.9986635593075,20
384.0,18.584456584669,19.5500018575738,20.033041229717,19.9986666957162,20
384.5,18.584456584669,19.5500018575738,20.033041229717,19.9986698166078,20
385.0,18.584456584669,19.5500018575738,20.033041229717,19.9986729211257,20
385.5,18.584456584669,19.5500018575738,20.033041229717,19.998676008464,20
386.0,18.584456584669,19.5500018575738,20.033041229717,19.9986790778649,20
386.5,18.584456584669,19.5500018575738,20.033041229717,19.9986821286173,20
387.0,18.584456584669,19.5500018575738,20.033041229717,19.9986851600544,20
387.5,18.584456584669,19.5500018575738,20.033041229717,19.9986881715521,20
388.0,18.584456584669,19.5500018575738,20.033041229717,19.9986911625271,20
388.5,18.584456584669,19.5500018575738,20.033041229717,19.9986941324355,20
389.0,18.584456584669,19.5500018575738,20.033041229717,19.9986970807708,20
389.5,18.584456584669,19.5500018575738,20.033041229717,19.9987000070625,20
390.0,18.584456584669,19.5500018575738,20.033041229717,19.9987029108746,20
390.5,18.584456584669,19.5500018575738,20.033041229717,19.9987057918041,20
391.0,18.584456584669,19.5500018575738,20.033041229717,19.9987086494795,20
391.5,18.584456584669,19.5500018575738,20.033041229717,19.9987114835597,20
392.0,18.584456584669,19.5500018575738,20.033041229717,19.9987142937323,20
392.5,18.584456584669,19.5500018575738,20.033041229717,19.9987170797129,20
393.0,18.584456584669,19.5500018575738,20.033041229717,19.9987198412432,20
393.5,18.584456584669,19.5500018575738,20.033041229717,19.9987225780905,20
394.0,18.584456584669,19.5500018575738,20.033041229717,19.9987252900461,20
394.5,18.584456584669,19.5500018575738,20.033041229717,19.9987279769245,20
395.0,18.584456584669,19.5500018575738,20.033041229717,19.9987306385623,20
395.5,18.584456584669,19.5500018575738,20.033041229717,19.9987332748171,20
396.0,18.584456584669,19.5500018575738,20.033041229717,19.9987358855666,20
396.5,18.584456584669,19.5500018575738,20.033041229717,19.9987384707078,20
397.0,18.584456584669,19.5500018575738,20.033041229717,19.998741030156,20
397.5,18.584456584669,19.5500018575738,20.033041229717,19.9987435638439,20
398.0,18.584456584669,19.5500018575738,20.033041229717,19.9987460717208,20
398.5,18.584456584669,19.5500018575738,20.033041229717,19.998748553752,20
399.0,18.584456584669,19.5500018575738,20.033041229717,19.9987510099177,20
399.5,18.584456584669,19.5500018575738,20.033041229717,19.9987534402126,20
400.0,18.584456584669,19.5500018575738,20.033041229717,19.998755844645,20
400.5,18.584456584669,19.5500018575738,20.033041229717,19.9987582232362,20
401.0,18.584456584669,19.5500018575738,20.033041229717,19.9987605760199,20
401.5,18.584456584669,19.5500018575738,20.033041229717,19.9987629030414,20
402.0,18.584456584669,19.5500018575738,20.033041229717,19.9987652043573,20
402.5,18.584456584669,19.5500018575738,20.033041229717,19.9987674800344,20
403.0,18.584456584669,19.5500018575738,20.033041229717,19.99876973015,20
403.5,18.584456584669,19.5500018575738,20.033041229717,19.9987719547904,20
404.0,18.584456584669,19.5500018575738,20.033041229717,19.9987741540512,20
404.5,18.584456584669,19.5500018575738,20.033041229717,19.9987763280362,20
405.0,18.584456584669,19.5500018575738,20.033041229717,19.9987784768573,20
405.5,18.584456584669,19.5500018575738,20.033041229717,19.9987806006342,20
406.0,18.584456584669,19.5500018575738,20.033041229717,19.9987826994932,20
406.5,18.584456584669,19.5500018575738,20.033041229717,19.9987847735678,20
407.0,18.584456584669,19.5500018575738,20.033041229717,19.9987868229976,20
407.5,18.584456584669,19.5500018575738,20.033041229717,19.9987888479281,20
408.0,18.584456584669,19.5500018575738,20.033041229717,19.9987908485104,20
408.5,18.584456584669,19.5500018575738,20.033041229717,19.9987928249007,20
409.0,18.584456584669,19.5500018575738,20.033041229717,19.9987947772604,20
409.5,18.584456584669,19.5500018575738,20.033041229717,19.998796705755,20
410.0,18.584456584669,19.5500018575738,20.033041229717,19.9987986105547,20
410.5,18.584456584669,19.5500018575738,20.033041229717,19.9988004918333,20
411.0,18.584456584669,19.5500018575738,20.033041229717,19.9988023497684,20
411.5,18.584456584669,19.5500018575738,20.033041229717,19.998804184541,20
412.0,18.584456584669,19.5500018575738,20.033041229717,19.9988059963352,20
412.5,18.584456584669,19.5500018575738,20.033041229717,19.9988077853381,20
413.0,18.584456584669,19.5500018575738,20.033041229717,19.9988095517391,20
413.5,18.584456584669,19.5500018575738,20.033041229717,19.9988112957305,20
414.0,18.584456584669,19.5500018575738,20.033041229717,19.9988130175065,20
414.5,18.584456584669,19.5500018575738,20.033041229717,19.9988147172633,20
415.0,18.584456584669,19.5500018575738,20.033041229717,19.998816395199,20
415.5,18.584456584669,19.5500018575738,20.033041229717,19.9988180515133,20
416.0,18.584456584669,19.5500018575738,20.033041229717,19.9988196864071,20
416.5,18.584456584669,19.5500018575738,20.033041229717,19.9988213000828,20
417.0,18.584456584669,19.5500018575738,20.033041229717,19.9988228927439,20
417.5,18.584456584669,19.5500018575738,20.033041229717,19.9988244645946,20
418.0,18.584456584669,19.5500018575738,20.033041229717,19.9988260158401,20
418.5,18.584456584669,19.5500018575738,20.033041229717,19.998827546686,20
419.0,18.584456584669,19.5500018575738,20.033041229717,19.9988290573385,20
419.5,18.584456584669,19.5500018575738,20.033041229717,19.9988305480043,20
420.0,18.584456584669,19.5500018575738,20.033041229717,19.9988320188902,20
420.5,18.584456584669,19.5500018575738,20.033041229717,19.9988334702029,20
421.0,18.584456584669,19.5500018575738,20.033041229717,19.9988349021496,20
421.5,18.584456584669,19.5500018575738,20.033041229717,19.9988363149369,20
422.0,18.584456584669,19.5500018575738,20.033041229717,19.9988377087716,20
422.5,18.584456584669,19.5500018575738,20.033041229717,19.9988390838598,20
423.0,18.584456584669,19.5500018575738,20.033041229717,19.9988404404077,20
423.5,18.584456584669,19.5500018575738,20.033041229717,19.9988417786204,20
424.0,18.584456584669,19.5500018575738,20.033041229717,19.998843098703,20
424.5,18.584456584669,19.5500018575738,20.033041229717,19.9988444008597,20
425.0,18.584456584669,19.5500018575738,20.033041229717,19.998845685294,20
425.5,18.584456584669,19.5500018575738,20.033041229717,19.9988469522085,20
426.0,18.6112737029957,19.5500018575738,20.033041229717,19.9988482018052,20
426.5,18.6112737029957,19.5500018575738,20.033041229717,19.9988499552075,20
427.0,18.6112737029957,19.5500018575738,20.033041229717,19.9988526999568,20
427.5,18.6112737029957,19.5500018575738,20.033041229717,19.9988563872924,20
428.0,18.6112737029957,19.5500018575738,20.033041229717,19.9988609703132,20
428.5,18.6112737029957,19.5500018575738,20.033041229717,19.9988664039121,20
429.0,18.6112737029957,19.5500018575738,20.033041229717,19.9988726447131,20
429.5,18.6112737029957,19.5500018575738,20.033041229717,19.9988796510097,20
430.0,18.6112737029957,19.5500018575738,20.033041229717,19.9988873827065,20
430.5,18.6112737029957,19.5500018575738,20.033041229717,19.998895801262,20
431.0,18.6112737029957,19.5500018575738,20.033041229717,19.9989048696337,20
431.5,18.6112737029957,19.5500018575738,20.033041229717,19.9989145522246,20
432.0,18.6112737029957,19.5500018575738,20.033041229717,19.9989248148323,20
432.5,18.6112737029957,19.5500018575738,20.033041229717,19.9989356245996,20
433.0,18.6112737029957,19.5500018575738,20.033041229717,19.9989469499658,20
433.5,18.6112737029957,19.5500018575738,20.033041229717,19.9989587606215,20
434.0,18.6112737029957,19.5500018575738,20.033041229717,19.9989710274633,20
434.5,18.6112737029957,19.5500018575738,20.033041229717,19.9989837225509,20
435.0,18.6112737029957,19.5500018575738,20.033041229717,19.9989968190655,20
435.5,18.6112737029957,19.5500018575738,20.033041229717,19.9990102912695,20
436.0,18.6112737029957,19.5500018575738,20.033041229717,19.9990241144679,20
436.5,18.6112737029957,19.5500018575738,20.033041229717,19.9990382649704,20
437.0,18.6112737029957,19.5500018575738,20.033041229717,19.9990527200557,20
437.5,18.6112737029957,19.5500018575738,20.033041229717,19.9990674579363,20
438.0,18.6112737029957,19.5500018575738,20.033041229717,19.9990824577247,20
438.5,18.6112737029957,19.5500018575738,20.033041229717,19.999097699401,20
439.0,18.6112737029957,19.5500018575738,20.033041229717,19.9991131637811,20
439.5,18.6112737029957,19.5500018575738,20.033041229717,19.9991288324869,20
440.0,18.6112737029957,19.5500018575738,20.033041229717,19.9991446879164,20
440.5,18.6112737029957,19.5500018575738,20.033041229717,19.9991607132157,20
441.0,18.6112737029957,19.5500018575738,20.033041229717,19.9991768922518,20
441.5,18.6112737029957,19.5500018575738,20.033041229717,19.9991932095857,20
442.0,18.6112737029957,19.5500018575738,20.033041229717,19.9992096504475,20
442.5,18.6112737029957,19.5500018575738,20.033041229717,19.9992262007113,20
443.0,18.6112737029957,19.5500018575738,20.033041229717,19.9992428468721,20
443.5,18.6112737029957,19.5500018575738,20.033041229717,19.9992595760223,20
444.0,18.6112737029957,19.5500018575738,20.033041229717,19.9992763758297,20
444.5,18.6112737029957,19.5500018575738,20.033041229717,19.9992932345165,20
445.0,18.6112737029957,19.5500018575738,20.033041229717,19.9993101408384,20
445.5,18.6112737029957,19.5500018575738,20.033041229717,19.9993270840647,20
446.0,18.6112737029957,19.5500018575738,20.033041229717,19.9993440539592,20
446.5,18.6112737029957,19.5500018575738,20.033041229717,19.9993610407617,20
447.0,18.6112737029957,19.5500018575738,20.033041229717,19.9993780351702,20
447.5,18.6112737029957,19.5500018575738,20.033041229717,19.9993950283234,20
448.0,18.6112737029957,19.5500018575738,20.033041229717,19.9994120117843,20
448.5,18.6112737029957,19.5500018575738,20.033041229717,19.999428977524,20
449.0,18.6112737029957,19.5500018575738,20.033041229717,19.9994459179063,20
449.5,18.6112737029957,19.5500018575738,20.033041229717,19.9994628256727,20
450.0,18.6112737029957,19.5500018575738,20.033041229717,19.9994796939279,20
450.5,18.6112737029957,19.5500018575738,20.033041229717,19.9994965161261,20
451.0,18.6112737029957,19.5500018575738,20.033041229717,19.9995132860573,20
451.5,18.6112737029957,19.5500018575738,20.033041229717,19.9995299978346,20
452.0,18.6112737029957,19.5500018575738,20.033041229717,19.9995466458814,20
452.5,18.6112737029957,19.5500018575738,20.033041229717,19.9995632249199,20
453.0,18.6112737029957,19.5500018575738,20.033041229717,19.9995797299587,20
453.5,18.6112737029957,19.5500018575738,20.033041229717,19.9995961562821,20
454.0,18.6112737029957,19.5500018575738,20.033041229717,19.9996124994394,20
454.5,18.6112737029957,19.5500018575738,20.033041229717,19.9996287552339,20
455.0,18.6112737029957,19.5500018575738,20.033041229717,19.9996449197136,20
455.5,18.6112737029957,19.5500018575738,20.033041229717,19.9996609891606,20
456.0,18.6112737029957,19.5500018575738,20.033041229717,19.9996769600826,20
456.5,18.6112737029957,19.5500018575738,20.033041229717,19.9996928292034,20
457.0,18.6112737029957,19.5500018575738,20.033041229717,19.9997085934542,20
457.5,18.6112737029957,19.5500018575738,20.033041229717,19.9997242499655,20
458.0,18.6112737029957,19.5500018575738,20.033041229717,19.9997397960588,20
458.5,18.6112737029957,19.5500018575738,20.033041229717,19.9997552292388,20
459.0,18.6112737029957,19.5500018575738,20.033041229717,19.9997705471859,20
459.5,18.6112737029957,19.5500018575738,20.033041229717,19.9997857477491,20
460.0,18.6112737029957,19.5500018575738,20.033041229717,19.9998008289389,20
460.5,18.6112737029957,19.5500018575738,20.033041229717,19.9998157889205,20
461.0,18.6112737029957,19.5500018575738,20.033041229717,19.9998306260075,20
461.5,18.6112737029957,19.5500018575738,20.033041229717,19.9998453386556,20
462.0,18.6112737029957,19.5500018575738,20.033041229717,19.9998599254564,20
462.5,18.6112737029957,19.5500018575738,20.033041229717,19.9998743851319,20
463.0,18.6112737029957,19.5500018575738,20.033041229717,19.9998887165286,20
463.5,18.6112737029957,19.5500018575738,20.033041229717,19.9999029186125,20
464.0,18.6112737029957,19.5500018575738,20.033041229717,19.9999169904636,20
464.5,18.6112737029957,19.5500018575738,20.0061981277353,19.9999309312707,20
465.0,18.6112737029957,19.5500018575738,20.0061981277353,19.9999447403275,20
465.5,18.6112737029957,19.5500018575738,20.0061981277353,19.9999584170267,20
466.0,18.6112737029957,19.5500018575738,20.0061981277353,19.9999719608568,20
466.5,18.6112737029957,19.5500018575738,20.0061981277353,19.9999853713966,20
467.0,18.6112737029957,19.5500018575738,20.0061981277353,19.9999986483122,20
467.5,18.6112737029957,19.5500018575738,20.0061981277353,20.0000117913523,20
468.0,18.6112737029957,19.5500018575738,20.0061981277353,20.0000248003443,20
468.5,18.6112737029957,19.5500018575738,20.0061981277353,20.0000376751913,20
469.0,18.6112737029957,19.5500018575738,20.0061981277353,20.0000504158678,20
469.5,18.6112737029957,19.5500018575738,20.0061981277353,20.0000630224168,20
470.0,18.6112737029957,19.5500018575738,20.0061981277353,20.0000754949461,20
470.5,18.6112737029957,19.5500018575738,20.0061981277353,20.0000878336255,20
471.0,18.6112737029957,19.5500018575738,20.0061981277353,20.0001000386837,20
471.5,18.6112737029957,19.5500018575738,20.0061981277353,20.0001121104051,20
472.0,18.6112737029957,19.5500018575738,20.0061981277353,20.0001240491273,20
472.5,18.6112737029957,19.5500018575738,20.0061981277353,20.0001358552382,20
473.0,18.6112737029957,19.5500018575738,20.0061981277353,20.0001475291734,20
473.5,18.6112737029957,19.5500018575738,20.0061981277353,20.000159071414,20
474.0,18.6112737029957,19.5500018575738,20.0061981277353,20.0001704824838,20
474.5,18.6112737029957,19.5500018575738,20.0061981277353,20.000181762947,20
475.0,18.6112737029957,19.5500018575738,20.0061981277353,20.0001929134064,20
475.5,18.6112737029957,19.5500018575738,20.0061981277353,20.000203934501,20
476.0,18.6112737029957,19.5500018575738,20.0061981277353,20.0002148269036,20
476.5,18.6112737029957,19.5500018575738,20.0061981277353,20.0002255913196,20
477.0,18.6112737029957,19.5500018575738,20.0061981277353,20.0002362284843,20
477.5,18.6112737029957,19.5500018575738,20.0061981277353,20.0002467391619,20
478.0,18.6112737029957,19.5500018575738,20.0061981277353,20.000257124143,20
478.5,18.6112737029957,19.5500018575738,20.0061981277353,20.0002673842433,20
479.0,18.6112737029957,19.5500018575738,20.0061981277353,20.000277520302,20
479.5,18.6112737029957,19.5500018575738,20.0061981277353,20.0002875331802,20
480.0,18.6112737029957,19.5500018575738,20.0061981277353,20.0002974237596,20
480.5,18.6112737029957,19.5500018575738,20.0061981277353,20.0003071929405,20
481.0,18.6112737029957,19.5500018575738,20.0061981277353,20.0003168416414,20
481.5,18.6112737029957,19.5500018575738,20.0061981277353,20.0003263707966,20
482.0,18.6112737029957,19.5500018575738,20.0061981277353,20.0003357813558,20
482.5,18.6112737029957,19.5500018575738,20.0061981277353,20.0003450742827,20
483.0,18.6112737029957,19.5500018575738,20.0061981277353,20.0003542505535,20
483.5,18.6112737029957,19.5500018575738,20.0061981277353,20.0003633111563,20
484.0,18.6112737029957,19.5500018575738,20.0061981277353,20.0003722570896,20
484.5,18.6112737029957,19.5500018575738,20.0061981277353,20.0003810893617,20
485.0,18.6112737029957,19.5500018575738,20.0061981277353,20.0003898089893,20
485.5,18.6112737029957,19.5500018575738,20.0061981277353,20.000398416997,20
486.0,18.6112737029957,19.5500018575738,20.0061981277353,20.0004069144163,20
486.5,18.6112737029957,19.5500018575738,20.0061981277353,20.0004153022844,20
487.0,18.6112737029957,19.5500018575738,20.0061981277353,20.0004235816441,20
487.5,18.6112737029957,19.5500018575738,20.0061981277353,20.0004317535422,20
488.0,18.6112737029957,19.5500018575738,20.0061981277353,20.0004398190295,20
488.5,18.6112737029957,19.5500018575738,20.0061981277353,20.0004477791597,20
489.0,18.6112737029957,19.5500018575738,20.0061981277353,20.0004556349887,20
489.5,18.6112737029957,19.5500018575738,20.0061981277353,20.0004633875741,20
490.0,18.6112737029957,19.5500018575738,20.0061981277353,20.0004710379748,20
490.5,18.6112737029957,19.5500018575738,20.0061981277353,20.0004785872499,20
491.0,18.6112737029957,19.5500018575738,20.0061981277353,20.0004860364585,20
491.5,18.6112737029957,19.5500018575738,20.0061981277353,20.0004933866592,20
492.0,18.6112737029957,19.5231737050364,20.0061981277353,20.0005006389095,20
492.5,18.6112737029957,19.5231737050364,20.0061981277353,19.9997761905456,20
493.0,18.6112737029957,19.5231737050364,20.0061981277353,19.9990768866693,20
493.5,18.6112737029957,19.5231737050364,20.0061981277353,19.9984018575407,20
494.0,18.6112737029957,19.5231737050364,20.0061981277353,19.9977502634594,20
494.5,18.6112737029957,19.5231737050364,20.0061981277353,19.9971212937274,20
495.0,18.6112737029957,19.5231737050364,20.0061981277353,19.9965141656484,20
495.5,18.6112737029957,19.5231737050364,20.0061981277353,19.995928123561,20
496.0,18.6112737029957,19.5231737050364,20.0061981277353,19.9953624379057,20
496.5,18.6112737029957,19.5231737050364,20.0061981277353,19.9948164043238,20
497.0,18.6112737029957,19.5231737050364,20.0061981277353,19.9942893427876,20
497.5,18.6112737029957,19.5231737050364,20.0061981277353,19.9937805967604,20
498.0,18.6112737029957,19.5231737050364,20.0061981277353,19.9932895323859,20
498.5,18.6112737029957,19.5231737050364,20.0061981277353,19.9928155377049,20
499.0,18.6112737029957,19.5231737050364,20.0061981277353,19.9923580218998,20
499.5,18.6112737029957,19.5231737050364,20.0061981277353,19.9919164145647,20
500.0,18.6112737029957,19.5231737050364,20.0061981277353,19.9914901650004,30
500.5,18.7721767479572,19.5500018575738,20.0061981277353,19.9910787415348,30
501.0,18.9599018473771,19.5500018575738,20.033041229717,19.9914163601267,30
501.5,19.1476385836839,19.5768306757732,20.033041229717,19.9917522517759,30
502.0,19.308570117796,19.5768306757732,20.033041229717,19.9928251952162,30
502.5,19.4963461987446,19.6036601790476,20.033041229717,19.9938846189295,30
503.0,19.6573213184543,19.630490386806,20.0598853463183,19.9956690279258,30
503.5,19.8451597383104,19.6841529933949,20.0598853463183,19.9981597310412,30
504.0,20.0061981277353,19.7109854310271,20.0867304969012,20.0020703042584,30
504.5,20.194121826221,19.7646526719464,20.0867304969012,20.0066262330784,30
505.0,20.3552431300291,19.8183231963429,20.1135767008258,20.0125430921106,30
505.5,20.5164093202882,19.8451597383104,20.1404239774502,20.0197799816832,30
506.0,20.7044988472232,19.8988354786899,20.1404239774502,20.0275649661454,30
506.5,20.8657766224002,19.9793560210093,20.1672723461304,20.0366168577879,30
507.0,21.0271125117314,20.033041229717,20.194121826221,20.0476297348011,30
507.5,21.1885106927351,20.0867304969012,20.2209724370746,20.059809280632,30
508.0,21.3499753442095,20.1672723461304,20.2478241980426,20.0731204227914,30
508.5,21.5384403598786,20.2209724370746,20.2746771284745,20.0882613890061,30
509.0,21.7000633763691,20.3015312477185,20.3015312477185,20.1044425286202,30
509.5,21.8617661119521,20.3552431300291,20.3283865751214,20.1223657635963,30
510.0,22.0235527576872,20.4358203532186,20.3552431300291,20.1412436592428,30
510.5,22.1854275092376,20.5164093202882,20.4089599997349,20.1617806162413,30
511.0,22.3203934691591,20.5701420805796,20.4358203532186,20.1839243721595,30
511.5,22.4824406629627,20.6507517811509,20.4626820115785,20.206891191401,30
512.0,22.6445878809208,20.7313746179772,20.5164093202882,20.2313896338422,30
512.5,22.8068393423052,20.8120111131523,20.5432750093169,20.2573717000866,30
513.0,22.9691992741061,20.8926617887761,20.5701420805796,20.2847910009751,30
513.5,23.1045851319534,20.9733271669747,20.6238804471593,20.3136027029872,30
514.0,23.2671549328306,21.0540077699206,20.6507517811509,20.3437629493546,30
514.5,23.4298452281856,21.1347041198531,20.7044988472232,20.3752293688414,30
515.0,23.5655155936366,21.2154167390978,20.7313746179772,20.407961534361,30
515.5,23.7284378742585,21.3230597755646,20.7851307316049,20.4419198450185,30
516.0,23.8914927554073,21.403812388443,20.8388930703049,20.4777999757441,30
516.5,24.0274762134222,21.4845830126045,20.8657766224002,20.5148063780619,30
517.0,24.1635572299341,21.5653721709833,20.919548588771,20.5529041614104,30
517.5,24.3269867456426,21.6461803867076,20.9733271669747,20.592059087553,30
518.0,24.4632911958012,21.7270081831194,21.0002189838634,20.6322386044538,30
518.5,24.6269961211087,21.8348099421657,21.0540077699206,20.6734112439897,30
519.0,24.7635361720555,21.9156854634213,21.1078035546369,20.716281635127,30
519.5,24.9001873576633,21.9965823116423,21.1616064927699,20.7600601866905,30
520.0,25.0369522159725,22.0775010113308,21.2154167390978,20.8047188442683,30
520.5,25.2012236795485,22.1854275092376,21.242324651209,20.8502305005134,30
521.0,25.3382475923215,22.2663992372551,21.2961461500876,20.8973053875884,30
521.5,25.4753933557284,22.3473945675127,21.3499753442095,20.9451576260063,30
522.0,25.612663543958,22.4554259650463,21.403812388443,20.9937635858504,30
522.5,25.750060740541,22.5364784136131,21.4576574376875,21.0438370497618,30
523.0,25.8875875386354,22.6175562195061,21.5115106468774,21.0945941533573,30
523.5,26.0252465413159,22.6986599102041,21.5653721709833,21.1460144515348,30
524.0,26.1630403618644,22.8068393423052,21.6192421650163,21.1980781880104,30
524.5,26.3009716240628,22.8880054848975,21.673120784029,21.2515039073028,30
525.0,26.4390429624883,22.9691992741061,21.7270081831194,21.3055103264302,30
525.5,26.5772570228114,23.050421239617,21.7809045174332,21.3600804936896,30
526.0,26.7156164620956,23.1587619399994,21.8348099421657,21.4151980278677,30
526.5,26.8264104793805,23.2400517133091,21.8887246125657,21.4715858441624,30
527.0,26.9650383341229,23.3213714327248,21.9696142935356,21.5284641444197,30
527.5,27.1038190708028,23.4027216305216,22.0235527576872,21.585818517215,30
528.0,27.2427553925614,23.5112368929362,22.0775010113308,21.6436355723399,30
528.5,27.3540182959448,23.5926602806124,22.1314592099854,21.702642315261,30
529.0,27.4932415240474,23.6741159257419,22.1854275092376,21.7620605164212,30
529.5,27.6326279755097,23.7556043635723,22.2394060647441,21.8218784603492,30
530.0,27.7442565075434,23.8371261300921,22.3203934691591,21.8820853638592,30
530.5,27.8839437099441,23.9458745912424,22.3743983467828,21.9426702632505,30
531.0,27.9958164360544,24.0274762134222,22.4284140260491,22.0043641274863,30
531.5,28.1358133946584,24.1091129565378,22.4824406629627,22.0663899136891,30
532.0,28.2479375532598,24.1907853600284,22.5364784136131,22.1287386310771,30
532.5,28.3601758014235,24.2724939641853,22.6175562195061,22.1914015872693,30
533.0,28.5006362597983,24.3542393101723,22.6716224379688,22.2543698518924,30
533.5,28.613136521227,24.4632911958012,22.7257003171863,22.3176353533248,30
534.0,28.7539291196762,24.5451243823126,22.7797900136615,22.3819339201729,30
534.5,28.8666988102939,24.6269961211087,22.8609470583286,22.4464890854472,30
535.0,28.9795906478374,24.70890695738,22.9150669833081,22.5112944504957,30
535.5,29.0926061194847,24.7908574373021,22.9691992741061,22.576343298114,30
536.0,29.205746719539,24.8728481080587,23.0233440876934,22.6416291491418,30
536.5,29.3473507196428,24.9548795178615,23.1045851319534,22.7071457544894,30
537.0,29.4607783598793,25.0369522159725,23.1587619399994,22.7728876378784,30
537.5,29.5743360356694,25.1190667527258,23.2129518211275,22.8388495031035,30
538.0,29.6880252729471,25.2012236795485,23.2942614993979,22.9050256956075,30
538.5,29.8018476054133,25.2834235489835,23.3484847525332,22.9714107635604,30
539.0,29.9158045746618,25.3656669147103,23.4027216305216,23.0379994510886,30
539.5,30.0298977303061,25.4479543315679,23.4841028396258,23.1047866917354,30
540.0,30.1441286301095,25.5302863555762,23.5383744710102,23.1717676021438,30
540.5,30.2584988401139,25.612663543958,23.5926602806124,23.2389374759557,30
541.0,30.3730099347719,25.6950864551623,23.6741159257419,23.3062917779177,30
541.5,30.4876634970795,25.7775556488852,23.7284378742585,23.3738261381895,30
542.0,30.6024611187104,25.8600716860932,23.7827745560676,23.4415363468451,30
542.5,30.6886548363224,25.9426351290453,23.8643075513903,23.5094183485619,30
543.0,30.803708418321,25.9977040391247,23.9186817620519,23.5774676790309,30
543.5,30.918910482604,26.0803477446977,23.9730712629071,23.6449289697098,30
544.0,31.0342626546085,26.1630403618644,24.0546845321795,23.7125752036348,30
544.5,31.1208762748672,26.2457824578177,24.1091129565378,23.7804020596159,30
545.0,31.2364950747538,26.3285746011499,24.1635572299341,23.8484048145197,30
545.5,31.3522685008845,26.411417361875,24.2180175124118,23.916578934593,30
546.0,31.4392010428951,26.4943113114527,24.2997383036723,23.98492061197,30
546.5,31.5552490681321,26.5496026656224,24.3542393101723,24.0534256174552,30
547.0,31.671456311755,26.6325832038644,24.4087568872702,24.1213357603081,30
547.5,31.7587172470265,26.7156164620956,24.4905646746649,24.1894273704442,30
548.0,31.8752071925102,26.7987030172757,24.5451243823126,24.2576957778655,30
548.5,31.962682108893,26.8541239491003,24.5997012242892,24.3261365009695,30
549.0,32.0794599835376,26.9373006188969,24.6815989674316,24.3939893096264,30
549.5,32.1671528227209,27.020532131871,24.7362193521701,24.4620315538481,30
550.0,32.2842239107844,27.0760505633444,24.7908574373021,24.5302583535425,30
550.5,32.3721386577329,27.1593747774918,24.8728481080587,24.5979077774801,30
551.0,32.4601497388605,27.2427553925614,24.9275311541499,24.66575817241,30
551.5,32.5776489860096,27.3261929957707,24.9822324691539,24.7338037481157,30
552.0,32.6658877450266,27.3818500154112,25.0643190522774,24.8020395095068,30
552.5,32.7542253310709,27.4653839084336,25.1190667527258,24.8697014951481,30
553.0,32.8721638168982,27.5211056685516,25.1738332931822,24.9375693187211,30
553.5,32.9607349449736,27.6047374953695,25.2560187869497,25.0048776395467,30
554.0,33.0494074339596,27.6884288750039,25.3108331439291,25.0724070574582,30
554.5,33.1381820522494,27.7442565075434,25.3656669147103,25.1401511955743,30
555.0,33.2567084131167,27.828048468604,25.4205202637477,25.2073424370916,30
555.5,33.3457243431385,27.8839437099441,25.5028373568518,25.2747626639438,30
556.0,33.4348449919758,27.9678379182923,25.5577403725541,25.3416434441186,30
556.5,33.5240711451071,28.0238018819126,25.612663543958,25.4087665664937,30
557.0,33.6134035920696,28.1078000121794,25.6676070365908,25.4753616670408,30
557.5,33.7028431265028,28.1638338174729,25.750060740541,25.542211117144,30
558.0,33.7923905461932,28.2479375532598,25.8050557620505,25.6085432258036,30
558.5,33.8820466531196,28.304042325667,25.8600716860932,25.6751409877419,30
559.0,33.9718122534984,28.3882533597481,25.9151086793285,25.7412313938039,30
559.5,34.0616881578296,28.4444302308929,25.9977040391247,25.8075981012538,30
560.0,34.1516751809435,28.5287502654203,26.0527944361882,25.8734667898585,30
560.5,34.2417741420471,28.5850003732468,26.1079064878174,25.9396218171187,30
561.0,34.3319858647724,28.669431119957,26.1630403618644,26.0052875571728,30
561.5,34.4223111772233,28.725755608869,26.2457824578177,26.0712491040533,30
562.0,34.5127509120246,28.8102987892929,26.3009716240628,26.1367295301955,30
562.5,34.6033059063706,28.8666988102939,26.3561832023798,26.2025147011637,30
563.0,34.693977002075,28.9231293679169,26.411417361875,26.2678263901868,30
563.5,34.78476504562,29.0078328668035,26.466674271941,26.3326815236513,30
564.0,34.8453557991567,29.0643405792788,26.5496026656224,26.3978666219427,30
564.5,34.9363406496827,29.1208794801807,26.6049171951213,26.462600586946,30
565.0,35.0274447285472,29.205746719539,26.6602550703715,26.5268990423788,30
565.5,35.0882474455731,29.2623644116661,26.7156164620956,26.59154933013,30
566.0,35.1795521608404,29.3190139495479,26.7710015413205,26.6557681660845,30
566.5,35.2404894410676,29.4040483803877,26.8264104793805,26.7195705470536,30
567.0,35.3014810001447,29.4607783598793,26.909568997344,26.78374414341,30
567.5,35.3930706820939,29.5175408481398,26.9650383341229,26.8475029634755,30
568.0,35.4541990809204,29.5743360356694,27.020532131871,26.9108614947604,30
568.5,35.5153826753391,29.6311641134495,27.0760505633444,26.9738337329362,30
569.0,35.5766217295566,29.6880252729471,27.1315938016232,27.036432624673,30
569.5,35.637916508806,29.7733794604531,27.1871620201157,27.0986706949519,30
570.0,35.7299637448605,29.8303241651334,27.2427553925614,27.1613361588953,30
570.5,35.7913990038915,29.8873026255451,27.2983740930341,27.223638922301,30
571.0,35.8528909244645,29.9443150353883,27.3540182959448,27.2855917980732,30
571.5,35.8836582171458,30.0013615888707,27.4096881760459,27.3472065870855,30
572.0,35.9452356365143,30.0584424807111,27.4653839084336,27.4084941092416,30
572.5,36.0068703942952,30.1155579061435,27.5211056685516,27.4694648524013,30
573.0,36.068562763119,30.1727080609219,27.5768536321941,27.5301295620102,30
573.5,36.130313016704,30.2298931413235,27.6326279755097,27.5904986360772,30
574.0,36.1612099361179,30.2871133441533,27.6884288750039,27.6505821369582,30
574.5,36.2230475324636,30.3157366781257,27.7442565075434,27.7103892022795,30
575.0,36.2849437026741,30.3730099347719,27.8001110503583,27.7691478947388,30
575.5,36.3159138396805,30.4303188081948,27.8559926810467,27.8276746442096,30
576.0,36.3778983915125,30.4876634970795,27.9119015775771,27.8859768164208,30
576.5,36.4089128761564,30.5450442006572,27.9678379182923,27.9440615623454,30
577.0,36.4709864379769,30.5737481203663,28.0238018819126,28.0019358048775,30
577.5,36.5020455853983,30.6311832207489,28.0797936475394,28.0588232634262,30
578.0,36.5331196907763,30.6886548363224,28.1078000121794,28.1155399668697,30
578.5,36.5642087894127,30.7174044001519,28.1638338174729,28.1720907164658,30
579.0,36.626432108029,30.7749311658977,28.2198958742158,28.2276959315181,30
579.5,36.6575663989747,30.8324949508421,28.2759863628702,28.2831715654348,30
580.0,36.6887158251108,30.8612907888043,28.3321054642948,28.3385216876902,30
580.5,36.7198804221028,30.918910482604,28.3601758014235,28.3929641420855,30
581.0,36.7510602256899,30.9477343893086,28.4163381619894,28.4473143137922,30
581.5,36.7822552716848,31.0054104497678,28.4725295892301,28.5007881976856,30
582.0,36.8134655959748,31.0342626546085,28.5287502654203,28.5542009239589,30
582.5,36.8446912345211,31.0919955415043,28.5568716289448,28.606766703476,30
583.0,36.8759322233595,31.1208762748672,28.613136521227,28.6593004866519,30
583.5,36.9071885986008,31.1497665691075,28.669431119957,28.7110147604198,30
584.0,36.9384603964313,31.207575943247,28.6975896166404,28.7619362662526,30
584.5,36.969747653112,31.2364950747538,28.7539291196762,28.8128792116699,30
585.0,36.969747653112,31.2654238703533,28.7821101721219,28.8630532795102,30
585.5,37.0010504049802,31.3233105574628,28.8384949943032,28.9124829363219,30
586.0,37.0323686884489,31.3522685008845,28.8666988102939,28.9619812656723,30
586.5,37.0323686884489,31.3812362122226,28.9231293679169,29.0107553619963,30
587.0,37.0637025400074,31.4102137175292,28.9795906478374,29.0588282437077,30
587.5,37.0950519962215,31.4392010428951,29.0078328668035,29.1062221775948,30
588.0,37.0950519962215,31.4972052583627,29.0360828361725,29.1529592931883,30
588.5,37.1264170937338,31.5262222008409,29.0926061194847,29.1998513931217,30
589.0,37.1264170937338,31.5552490681321,29.1208794801807,29.2461005399908,30
589.5,37.1577978692638,31.5842858865227,29.1774497567463,29.2917270989596,30
590.0,37.1577978692638,31.6133326823394,29.205746719539,29.3367507731977,30
590.5,37.1577978692638,31.6423894819482,29.2623644116661,29.3811906061808,30
591.0,37.1891943596089,31.671456311755,29.2906851880958,29.4250644143358,30
591.5,37.1891943596089,31.7005331982061,29.3190139495479,29.4683900468618,30
592.0,37.1891943596089,31.7296201677877,29.3756955220298,29.5111847559695,30
592.5,37.2206066016434,31.7587172470265,29.4040483803877,29.5534646270802,30
593.0,37.2206066016434,31.7878244624899,29.432409318425,29.5952458371915,30
593.5,37.2206066016434,31.7878244624899,29.4891555285184,29.6365440227852,30
594.0,37.2206066016434,31.8169418407857,29.5175408481398,29.6765796768897,30
594.5,37.2206066016434,31.8460694085625,29.545934342571,29.7161880046266,30
595.0,37.2206066016434,31.8752071925102,29.5743360356694,29.7553816774786,30
595.5,37.2206066016434,31.9043552193596,29.6027459513228,29.7941729640175,30
596.0,37.25203463232,31.9043552193596,29.6595905459979,29.8325737433606,30
596.5,37.25203463232,31.9335135158827,29.6880252729471,29.8698009819115,30
597.0,37.25203463232,31.962682108893,29.7164683183072,29.9066886880851,30
597.5,37.25203463232,31.962682108893,29.7449197061186,29.9432466540135,30
598.0,37.25203463232,31.9918610252459,29.7733794604531,29.978688657235,30
598.5,37.2206066016434,32.021050291838,29.8018476054133,30.0138467676718,30
599.0,37.2206066016434,32.021050291838,29.8303241651334,30.0487283422573,30
599.5,37.2206066016434,32.0502499356083,29.8588091637784,30.08254425915,30
600.0,37.2206066016434,32.0794599835376,29.8873026255451,30.116125525494,30
600.5,37.2206066016434,32.0794599835376,29.9158045746618,30.1494785174063,30
601.0,37.2206066016434,32.1086804626487,29.9443150353883,30.1818125781841,30
601.5,37.2206066016434,32.1086804626487,29.9728340320168,30.2139577577451,30
602.0,37.1891943596089,32.1379114000072,30.0013615888707,30.2451218124563,30
602.5,37.1891943596089,32.1379114000072,30.0298977303061,30.2761332187524,30
603.0,37.1891943596089,32.1671528227209,30.0584424807111,30.3061976609293,30
603.5,37.1577978692638,32.1671528227209,30.0869958645059,30.3361434038985,30
604.0,37.1577978692638,32.1671528227209,30.1155579061435,30.365174726751,30
604.5,37.1577978692638,32.1964047579406,30.1441286301095,30.3933208188465,30
605.0,37.1264170937338,32.1964047579406,30.1727080609219,30.4214081966469,30
605.5,37.1264170937338,32.2256672328596,30.201296223132,30.4486388767852,30
606.0,37.1264170937338,32.2256672328596,30.2298931413235,30.4758381373074,30
606.5,37.0950519962215,32.2256672328596,30.2298931413235,30.5022074410883,30
607.0,37.0950519962215,32.2549402747143,30.2584988401139,30.5277732028256,30
607.5,37.0637025400074,32.2549402747143,30.2871133441533,30.5533592435499,30
608.0,37.0637025400074,32.2549402747143,30.3157366781257,30.5781644325895,30
608.5,37.0323686884489,32.2549402747143,30.3157366781257,30.6022135950516,30
609.0,37.0323686884489,32.2842239107844,30.3443688667482,30.6255307205531,30
609.5,37.0010504049802,32.2842239107844,30.3730099347719,30.6489375758952,30
610.0,37.0010504049802,32.2842239107844,30.4016599069812,30.6716304675587,30
610.5,36.969747653112,32.2842239107844,30.4016599069812,30.693632033447,30
611.0,36.969747653112,32.3135181683926,30.4303188081948,30.7149641497909,30
611.5,36.9384603964313,32.3135181683926,30.4589866632653,30.7364468309265,30
612.0,36.9384603964313,32.3135181683926,30.4589866632653,30.7572741104287,30
612.5,36.9071885986008,32.3135181683926,30.4876634970795,30.7774667197588,30
613.0,36.8759322233595,32.3135181683926,30.4876634970795,30.7970446929132,30
613.5,36.8759322233595,32.3135181683926,30.5163493345582,30.8160268024279,30
614.0,36.8446912345211,32.3135181683926,30.5450442006572,30.834431815552,30
614.5,36.8446912345211,32.3135181683926,30.5450442006572,30.8522778686116,30
615.0,36.8134655959748,32.3428230749055,30.5737481203663,30.8695825078696,30
615.5,36.7822552716848,32.3428230749055,30.5737481203663,30.8871618348659,30
616.0,36.7822552716848,32.3428230749055,30.6024611187104,30.9042049346911,30
616.5,36.7510602256899,32.3428230749055,30.6024611187104,30.9207286533437,30
617.0,36.7198804221028,32.3428230749055,30.6311832207489,30.9367492703049,30
617.5,36.6887158251108,32.3428230749055,30.6311832207489,30.9522819315045,30
618.0,36.6887158251108,32.3428230749055,30.6599144515764,30.9673412927729,30
618.5,36.6575663989747,32.3428230749055,30.6599144515764,30.9819421413847,30
619.0,36.626432108029,32.3428230749055,30.6886548363224,30.9960987675846,30
619.5,36.626432108029,32.3428230749055,30.6886548363224,31.0098243960319,30
620.0,36.5953129166814,32.3428230749055,30.6886548363224,31.0231324305308,30
620.5,36.5642087894127,32.3428230749055,30.7174044001519,31.0360358245302,30
621.0,36.5331196907763,32.3428230749055,30.7174044001519,31.0485465115397,30
621.5,36.5020455853983,32.3135181683926,30.7174044001519,31.0606760432208,30
622.0,36.5020455853983,32.3135181683926,30.7461631682651,31.0716364573502,30
622.5,36.4709864379769,32.3135181683926,30.7461631682651,31.0822658983685,30
623.0,36.4399422132823,32.3135181683926,30.7749311658977,31.0925744602064,30
623.5,36.4089128761564,32.3135181683926,30.7749311658977,31.1025713148573,30
624.0,36.3778983915125,32.3135181683926,30.7749311658977,31.1122653459438,30
624.5,36.3778983915125,32.3135181683926,30.7749311658977,31.1216651582786,30
625.0,36.3468987243355,32.3135181683926,30.803708418321,31.130779689269,30
625.5,36.3159138396805,32.3135181683926,30.803708418321,31.1396175765643,30
626.0,36.2849437026741,32.2842239107844,30.803708418321,31.1481865855665,30
626.5,36.2539882785128,32.2842239107844,30.803708418321,31.1556953857438,30
627.0,36.2230475324636,32.2842239107844,30.8324949508421,31.1629776822891,30
627.5,36.1921214298631,32.2842239107844,30.8324949508421,31.1700395888104,30
628.0,36.1921214298631,32.2842239107844,30.8324949508421,31.176887033288,30
628.5,36.1612099361179,32.2842239107844,30.8324949508421,31.1835263645816,30
629.0,36.130313016704,32.2549402747143,30.8612907888043,31.1899637188297,30
629.5,36.0994306371663,32.2549402747143,30.8612907888043,31.1954058808885,30
630.0,36.068562763119,32.2549402747143,30.8612907888043,31.2006841551601,30
630.5,36.0377093602449,32.2549402747143,30.8612907888043,31.2058026250643,30
631.0,36.0068703942952,32.2256672328596,30.8612907888043,31.2107652565849,30
631.5,36.0068703942952,32.2256672328596,30.8612907888043,31.214777626141,30
632.0,35.9760458310892,32.2256672328596,30.8900959575865,31.2186698910231,30
632.5,35.9452356365143,32.2256672328596,30.8900959575865,31.2224452964906,30
633.0,35.9144397765257,32.2256672328596,30.8900959575865,31.2261064006041,30
633.5,35.8836582171458,32.1964047579406,30.8900959575865,31.2296556952152,30
634.0,35.8528909244645,32.1964047579406,30.8900959575865,31.2322976202496,30
634.5,35.8221378646386,32.1964047579406,30.8900959575865,31.2348600592655,30
635.0,35.7913990038915,32.1671528227209,30.8900959575865,31.2373443672725,30
635.5,35.7606743085134,32.1671528227209,30.8900959575865,31.238954173086,30
636.0,35.7606743085134,32.1671528227209,30.8900959575865,31.240516001406,30
636.5,35.7299637448605,32.1671528227209,30.8900959575865,31.2420307783512,30
637.0,35.6992672793552,32.1379114000072,30.8900959575865,31.2434993998934,30
637.5,35.6685848784859,32.1379114000072,30.8900959575865,31.2441247419924,30
638.0,35.637916508806,32.1379114000072,30.918910482604,31.2447320281776,30
638.5,35.6072621369349,32.1086804626487,30.918910482604,31.2453206174878,30
639.0,35.5766217295566,32.1086804626487,30.918910482604,31.2450927824572,30
639.5,35.54599525342,32.1086804626487,30.918910482604,31.244872591315,30
640.0,35.54599525342,32.1086804626487,30.918910482604,31.2446585727808,30
640.5,35.5153826753391,32.0794599835376,30.918910482604,31.2444499192263,30
641.0,35.4847839621917,32.0794599835376,30.918910482604,31.2434490083156,30
641.5,35.4541990809204,32.0794599835376,30.918910482604,31.2424788450684,30
642.0,35.4236279985311,32.0502499356083,30.918910482604,31.241537216043,30
642.5,35.3930706820939,32.0502499356083,30.918910482604,31.2398254435801,30
643.0,35.3625270987421,32.0502499356083,30.8900959575865,31.238165537591,30
643.5,35.3319972156725,32.021050291838,30.8900959575865,31.2365546075706,30
644.0,35.3319972156725,32.021050291838,30.8900959575865,31.2341936051411,30
644.5,35.3014810001447,32.021050291838,30.8900959575865,31.2319042068946,30
645.0,35.2709784194814,31.9918610252459,30.8900959575865,31.2296834654841,30
645.5,35.2404894410676,31.9918610252459,30.8900959575865,31.2267319685294,30
646.0,35.2100140323507,31.9918610252459,30.8900959575865,31.2238698819357,30
646.5,35.1795521608404,31.962682108893,30.8900959575865,31.2210931003153,30
647.0,35.1795521608404,31.962682108893,30.8900959575865,31.2176019663732,30
647.5,35.1491037941083,31.962682108893,30.8900959575865,31.2142164358329,30
648.0,35.1186688997877,31.9335135158827,30.8900959575865,31.2109324639768,30
648.5,35.0882474455731,31.9335135158827,30.8900959575865,31.2069501428645,30
649.0,35.0578393992205,31.9335135158827,30.8900959575865,31.2030880312814,30
649.5,35.0274447285472,31.9043552193596,30.8900959575865,31.1993410348311,30
650.0,34.9970634014308,31.9043552193596,30.8612907888043,31.1949091025458,30
650.5,34.9970634014308,31.9043552193596,30.8612907888043,31.1906100929208,30
651.0,34.9666953858097,31.8752071925102,30.8612907888043,31.1864391054946,30
651.5,34.9363406496827,31.8752071925102,30.8612907888043,31.1815965380529,30
652.0,34.905999161109,31.8752071925102,30.8612907888043,31.1768995331283,30
652.5,34.8756708882075,31.8460694085625,30.8612907888043,31.1723421887602,30
653.0,34.8756708882075,31.8460694085625,30.8612907888043,31.1671242326595,30
653.5,34.8453557991567,31.8460694085625,30.8612907888043,31.1620627787682,30
654.0,34.815053862195,31.8169418407857,30.8324949508421,31.1571521583692,30
654.5,34.78476504562,31.8169418407857,30.8324949508421,31.1515920149005,30
655.0,34.7544893177881,31.8169418407857,30.8324949508421,31.1461982345198,30
655.5,34.7544893177881,31.7878244624899,30.8324949508421,31.1409642592271,30
656.0,34.7242266471151,31.7878244624899,30.8324949508421,31.1350903267265,30
656.5,34.693977002075,31.7878244624899,30.8324949508421,31.1293923227943,30
657.0,34.6637403512005,31.7587172470265,30.8324949508421,31.1238633799149,30
657.5,34.6637403512005,31.7587172470265,30.803708418321,31.1177031259164,30
658.0,34.6335166630828,31.7587172470265,30.803708418321,31.1117269080992,30
658.5,34.6033059063706,31.7296201677877,30.803708418321,31.1059281845085,30
659.0,34.573108049771,31.7296201677877,30.803708418321,31.0995065874816,30
659.5,34.573108049771,31.7296201677877,30.803708418321,31.0932763284432,30
660.0,34.5429230620483,31.7005331982061,30.803708418321,31.0872306490521,30
660.5,34.5127509120246,31.7005331982061,30.7749311658977,31.0805698160222,30
661.0,34.4825915685789,31.7005331982061,30.7749311658977,31.0741075164273,30
661.5,34.4825915685789,31.671456311755,30.7749311658977,31.0678361747286,30
662.0,34.4524450006475,31.671456311755,30.7749311658977,31.0609561467396,30
662.5,34.4223111772233,31.671456311755,30.7749311658977,31.0542812225265,30
663.0,34.4223111772233,31.6423894819482,30.7461631682651,31.0478036162621,30
663.5,34.392190067356,31.6423894819482,30.7461631682651,31.0407237542127,30
664.0,34.3620816401516,31.6423894819482,30.7461631682651,31.0338549457336,30
664.5,34.3620816401516,31.6133326823394,30.7461631682651,31.0271892153552,30
665.0,34.3319858647724,31.6133326823394,30.7461631682651,31.0199270790244,30
665.5,34.3019027104367,31.6133326823394,30.7174044001519,31.0128813854051,30
666.0,34.3019027104367,31.5842858865227,30.7174044001519,31.0060439880031,30
666.5,34.2718321464184,31.5842858865227,30.7174044001519,30.9986155097158,30
667.0,34.2417741420471,31.5842858865227,30.7174044001519,30.9914083566424,30
667.5,34.2417741420471,31.5552490681321,30.7174044001519,30.9844142280541,30
668.0,34.2117286667083,31.5552490681321,30.7174044001519,30.976833869305,30
668.5,34.1816956898419,31.5552490681321,30.6886548363224,30.9694792603498,30
669.0,34.1816956898419,31.5262222008409,30.6886548363224,30.9623419613691,30
669.5,34.1516751809435,31.5262222008409,30.6886548363224,30.9546228540903,30
670.0,34.121667109563,31.5262222008409,30.6886548363224,30.9471335072065,30
670.5,34.121667109563,31.5262222008409,30.6886548363224,30.9398653554674,30
671.0,34.0916714453053,31.4972052583627,30.6599144515764,30.9328107214798,30
671.5,34.0916714453053,31.4972052583627,30.6599144515764,30.9251708925552,30
672.0,34.0616881578296,31.4972052583627,30.6599144515764,30.9177573061921,30
672.5,34.0317172168492,31.4681982144501,30.6599144515764,30.9105621050758,30
673.0,34.0317172168492,31.4681982144501,30.6311832207489,30.9027861091915,30
673.5,34.0017585921318,31.4681982144501,30.6311832207489,30.8952403457908,30
674.0,34.0017585921318,31.4392010428951,30.6311832207489,30.8879168312263,30
674.5,33.9718122534984,31.4392010428951,30.6311832207489,30.8800171147305,30
675.0,33.9718122534984,31.4392010428951,30.6311832207489,30.8723517894068,30
675.5,33.9418781708241,31.4392010428951,30.6024611187104,30.8649127402886,30
676.0,33.9418781708241,31.4102137175292,30.6024611187104,30.8576921239156,30
676.5,33.9119563140373,31.4102137175292,30.6024611187104,30.8498918932753,30
677.0,33.8820466531196,31.4102137175292,30.6024611187104,30.8423224942023,30
677.5,33.8820466531196,31.4102137175292,30.6024611187104,30.8349753569565,30
678.0,33.8521491581058,31.3812362122226,30.5737481203663,30.82784279732,30
678.5,33.8521491581058,31.3812362122226,30.5737481203663,30.8201271709578,30
679.0,33.8222637990837,31.3812362122226,30.5737481203663,30.8126387954049,30
679.5,33.8222637990837,31.3812362122226,30.5737481203663,30.8053698069851,30
680.0,33.7923905461932,31.3522685008845,30.5737481203663,30.7983126232808,30
680.5,33.7923905461932,31.3522685008845,30.5450442006572,30.7906699652619,30
681.0,33.7625293696275,31.3522685008845,30.5450442006572,30.7832519689258,30
681.5,33.7625293696275,31.3522685008845,30.5450442006572,30.7760508623429,30
682.0,33.7625293696275,31.3233105574628,30.5450442006572,30.7690591516044,30
682.5,33.7326802396316,31.3233105574628,30.5450442006572,30.7614804892697,30
683.0,33.7326802396316,31.3233105574628,30.5163493345582,30.7541247807811,30
683.5,33.7028431265028,31.3233105574628,30.5163493345582,30.7469843166645,30
684.0,33.7028431265028,31.2943623559441,30.5163493345582,30.7400516447066,30
684.5,33.6730180005903,31.2943623559441,30.5163493345582,30.7325301622465,30
685.0,33.6730180005903,31.2943623559441,30.5163493345582,30.7252295755851,30
685.5,33.6432048322951,31.2943623559441,30.4876634970795,30.7181422485764,30
686.0,33.6432048322951,31.2654238703533,30.4876634970795,30.7112607997577,30
686.5,33.6134035920696,31.2654238703533,30.4876634970795,30.7037889596712,30
687.0,33.6134035920696,31.2654238703533,30.4876634970795,30.6965362263741,30
687.5,33.6134035920696,31.2654238703533,30.4876634970795,30.6894950275574,30
688.0,33.583614250418,31.2654238703533,30.4589866632653,30.6826586220088,30
688.5,33.583614250418,31.2364950747538,30.4589866632653,30.6760199148826,30
689.0,33.5538367778951,31.2364950747538,30.4589866632653,30.6687831777272,30
689.5,33.5538367778951,31.2364950747538,30.4589866632653,30.6617579024958,30
690.0,33.5538367778951,31.2364950747538,30.4589866632653,30.6549367752649,30
690.5,33.5240711451071,31.2364950747538,30.4303188081948,30.648313303881,30
691.0,33.5240711451071,31.207575943247,30.4303188081948,30.6418806344738,30
691.5,33.4943173227112,31.207575943247,30.4303188081948,30.6348435348283,30
692.0,33.4943173227112,31.207575943247,30.4303188081948,30.6280114489842,30
692.5,33.4943173227112,31.207575943247,30.4303188081948,30.6213772803339,30
693.0,33.4645752814147,31.207575943247,30.4016599069812,30.6149347461348,30
693.5,33.4645752814147,31.1786664499725,30.4016599069812,30.6086771952119,30
694.0,33.4645752814147,31.1786664499725,30.4016599069812,30.6018098539249,30
694.5,33.4348449919758,31.1786664499725,30.4016599069812,30.5951426609609,30
695.0,33.4348449919758,31.1786664499725,30.4016599069812,30.5886686653513,30
695.5,33.4348449919758,31.1786664499725,30.4016599069812,30.582381165949,30
696.0,33.4051264252029,31.1786664499725,30.3730099347719,30.5762742615115,30
696.5,33.4051264252029,31.1497665691075,30.3730099347719,30.5703416697965,30
697.0,33.4051264252029,31.1497665691075,30.3730099347719,30.5637892356228,30
697.5,33.3754195519543,31.1497665691075,30.3730099347719,30.5574269702217,30
698.0,33.3754195519543,31.1497665691075,30.3730099347719,30.5512482553882,30
698.5,33.3754195519543,31.1497665691075,30.3730099347719,30.5452467113818,30
699.0,33.3754195519543,31.1497665691075,30.3443688667482,30.53941674696,30
699.5,33.3457243431385,31.1208762748672,30.3443688667482,30.5337529566042,30
700.0,33.3457243431385,31.1208762748672,30.3443688667482,30.5274616990443,30
700.5,33.3457243431385,31.1208762748672,30.3443688667482,30.521352400564,30
701.0,33.3160407697137,31.1208762748672,30.3443688667482,30.5154192922384,30
701.5,33.3160407697137,31.1208762748672,30.3443688667482,30.5096562205436,30
702.0,33.3160407697137,31.1208762748672,30.3157366781257,30.5040572545909,30
702.5,33.3160407697137,31.1208762748672,30.3157366781257,30.4986172362683,30
703.0,33.2863688026874,31.0919955415043,30.3157366781257,30.4933311784577,30
703.5,33.2863688026874,31.0919955415043,30.3157366781257,30.4874061052437,30
704.0,33.2863688026874,31.0919955415043,30.3157366781257,30.4816515640561,30
704.5,33.2863688026874,31.0919955415043,30.3157366781257,30.4760621634209,30
705.0,33.2567084131167,31.0919955415043,30.2871133441533,30.4706326910537,30
705.5,33.2567084131167,31.0919955415043,30.2871133441533,30.4653575316076,30
706.0,33.2567084131167,31.0919955415043,30.2871133441533,30.4602312740791,30
706.5,33.2567084131167,31.0631243433089,30.2871133441533,30.4552492621422,30
707.0,33.2270595721078,31.0631243433089,30.2871133441533,30.4496196758627,30
707.5,33.2270595721078,31.0631243433089,30.2871133441533,30.4441520657204,30
708.0,33.2270595721078,31.0631243433089,30.2871133441533,30.4388407458733,30
708.5,33.2270595721078,31.0631243433089,30.2584988401139,30.4336807945511,30
709.0,33.1974222508161,31.0631243433089,30.2584988401139,30.4286674532427,30
709.5,33.1974222508161,31.0631243433089,30.2584988401139,30.4237955454402,30
710.0,33.1974222508161,31.0631243433089,30.2584988401139,30.4190600840951,30
710.5,33.1974222508161,31.0631243433089,30.2584988401139,30.4144568220303,30
711.0,33.1974222508161,31.0342626546085,30.2584988401139,30.4099816521846,30
711.5,33.1677964204457,31.0342626546085,30.2584988401139,30.4048435446076,30
712.0,33.1677964204457,31.0342626546085,30.2584988401139,30.3998522946487,30
712.5,33.1677964204457,31.0342626546085,30.2298931413235,30.3950027125363,30
713.0,33.1677964204457,31.0342626546085,30.2298931413235,30.390290355345,30
713.5,33.1677964204457,31.0342626546085,30.2298931413235,30.3857109272209,30
714.0,33.1381820522494,31.0342626546085,30.2298931413235,30.3812602743847,30
714.5,33.1381820522494,31.0342626546085,30.2298931413235,30.3769338050483,30
715.0,33.1381820522494,31.0342626546085,30.2298931413235,30.3727270970988,30
715.5,33.1381820522494,31.0342626546085,30.2298931413235,30.3686364487577,30
716.0,33.1381820522494,31.0054104497678,30.2298931413235,30.3646582799403,30
716.5,33.1381820522494,31.0054104497678,30.201296223132,30.3600023285068,30
717.0,33.1085791175286,31.0054104497678,30.201296223132,30.3554791897466,30
717.5,33.1085791175286,31.0054104497678,30.201296223132,30.3510841129556,30
718.0,33.1085791175286,31.0054104497678,30.201296223132,30.3468125228412,30
718.5,33.1085791175286,31.0054104497678,30.201296223132,30.3426605697659,30
719.0,33.1085791175286,31.0054104497678,30.201296223132,30.3386245311415,30
719.5,33.1085791175286,31.0054104497678,30.201296223132,30.3347008071197,30
720.0,33.1085791175286,31.0054104497678,30.201296223132,30.3308859164292,30
720.5,33.0789875876327,31.0054104497678,30.201296223132,30.3271764923573,30
721.0,33.0789875876327,31.0054104497678,30.1727080609219,30.3235687040526,30
721.5,33.0789875876327,31.0054104497678,30.1727080609219,30.3200588646478,30
722.0,33.0789875876327,31.0054104497678,30.1727080609219,30.3166439823708,30
722.5,33.0789875876327,31.0054104497678,30.1727080609219,30.3133211632105,30
723.0,33.0789875876327,31.0054104497678,30.1727080609219,30.3100876076147,30
723.5,33.0789875876327,30.9765677031883,30.1727080609219,30.3069406072995,30
724.0,33.0494074339596,30.9765677031883,30.1727080609219,30.3030910004706,30
724.5,33.0494074339596,30.9765677031883,30.1727080609219,30.2993493550396,30
725.0,33.0494074339596,30.9765677031883,30.1727080609219,30.2957117447312,30
725.5,33.0494074339596,30.9765677031883,30.1727080609219,30.2921749466925,30
726.0,33.0494074339596,30.9765677031883,30.1727080609219,30.2887358440898,30
726.5,33.0494074339596,30.9765677031883,30.1441286301095,30.2853914225172,30
727.0,33.0494074339596,30.9765677031883,30.1441286301095,30.2821387665289,30
727.5,33.0494074339596,30.9765677031883,30.1441286301095,30.2789750562904,30
728.0,33.0198386279552,30.9765677031883,30.1441286301095,30.2758975643441,30
728.5,33.0198386279552,30.9765677031883,30.1441286301095,30.2729030781129,30
729.0,33.0198386279552,30.9765677031883,30.1441286301095,30.2699885082845,30
729.5,33.0198386279552,30.9765677031883,30.1441286301095,30.2671514402031,30
730.0,33.0198386279552,30.9765677031883,30.1441286301095,30.2643895376741,30
730.5,33.0198386279552,30.9765677031883,30.1441286301095,30.2617005403203,30
731.0,33.0198386279552,30.9765677031883,30.1441286301095,30.2590822610285,30
731.5,33.0198386279552,30.9765677031883,30.1441286301095,30.2565325834828,30
732.0,33.0198386279552,30.9765677031883,30.1441286301095,30.2540494597838,30
732.5,33.0198386279552,30.9765677031883,30.1441286301095,30.2516309081476,30
733.0,32.9902811411127,30.9765677031883,30.1155579061435,30.2492750106856,30
733.5,32.9902811411127,30.9765677031883,30.1155579061435,30.2469793371038,30
734.0,32.9902811411127,30.9477343893086,30.1155579061435,30.2447415537989,30
734.5,32.9902811411127,30.9477343893086,30.1155579061435,30.2417736914783,30
735.0,32.9902811411127,30.9477343893086,30.1155579061435,30.2388875302961,30
735.5,32.9902811411127,30.9477343893086,30.1155579061435,30.2360805551459,30
736.0,32.9902811411127,30.9477343893086,30.1155579061435,30.2333503333747,30
736.5,32.9902811411127,30.9477343893086,30.1155579061435,30.2306945119946,30
737.0,32.9902811411127,30.9477343893086,30.1155579061435,30.2281108149909,30
737.5,32.9902811411127,30.9477343893086,30.1155579061435,30.2255970407218,30
738.0,32.9902811411127,30.9477343893086,30.1155579061435,30.2231510594079,30
738.5,32.9902811411127,30.9477343893086,30.1155579061435,30.220770810707,30
739.0,32.9902811411127,30.9477343893086,30.1155579061435,30.2184543013727,30
739.5,32.9607349449736,30.9477343893086,30.1155579061435,30.2161996029928,30
740.0,32.9607349449736,30.9477343893086,30.1155579061435,30.21400427587,30
740.5,32.9607349449736,30.9477343893086,30.1155579061435,30.2118659778466,30
741.0,32.9607349449736,30.9477343893086,30.0869958645059,30.2097830161467,30
741.5,32.9607349449736,30.9477343893086,30.0869958645059,30.2077537524807,30
742.0,32.9607349449736,30.9477343893086,30.0869958645059,30.2057766012173,30
742.5,32.9607349449736,30.9477343893086,30.0869958645059,30.2038500276175,30
743.0,32.9607349449736,30.9477343893086,30.0869958645059,30.2019725461302,30
743.5,32.9607349449736,30.9477343893086,30.0869958645059,30.2001427187445,30
744.0,32.9607349449736,30.9477343893086,30.0869958645059,30.1983591533997,30
744.5,32.9607349449736,30.9477343893086,30.0869958645059,30.1966205024487,30
745.0,32.9607349449736,30.9477343893086,30.0869958645059,30.1949254611746,30
745.5,32.9607349449736,30.9477343893086,30.0869958645059,30.1932727663568,30
746.0,32.9607349449736,30.9477343893086,30.0869958645059,30.1916611948878,30
746.5,32.9312000111264,30.9477343893086,30.0869958645059,30.1900895624352,30
747.0,32.9312000111264,30.9477343893086,30.0869958645059,30.1885561484348,30
747.5,32.9312000111264,30.9477343893086,30.0869958645059,30.1870593055436,30
748.0,32.9312000111264,30.9477343893086,30.0869958645059,30.1855980121037,30
748.5,32.9312000111264,30.9477343893086,30.0869958645059,30.1841712782758,30
749.0,32.9312000111264,30.9477343893086,30.0869958645059,30.1827781449875,30
749.5,32.9312000111264,30.9477343893086,30.0869958645059,30.1814176829166,30
750.0,32.9312000111264,30.9477343893086,30.0869958645059,30.1800889915094,30
750.5,32.9312000111264,30.9477343893086,30.0869958645059,30.1787911980322,30
751.0,32.9312000111264,30.9477343893086,30.0869958645059,30.1775234566556,30
751.5,32.9312000111264,30.9477343893086,30.0869958645059,30.1762849475686,30
752.0,32.9312000111264,30.9477343893086,30.0869958645059,30.1750748761245,30
752.5,32.9312000111264,30.9477343893086,30.0584424807111,30.1738924720143,30
753.0,32.9312000111264,30.9477343893086,30.0584424807111,30.172736988469,30
753.5,32.9312000111264,30.9477343893086,30.0584424807111,30.1716077014888,30
754.0,32.9016763112069,30.9477343893086,30.0584424807111,30.1705039090981,30
754.5,32.9016763112069,30.9477343893086,30.0584424807111,30.1694243571281,30
755.0,32.9016763112069,30.9477343893086,30.0584424807111,30.1683678489902,30
755.5,32.9016763112069,30.9477343893086,30.0584424807111,30.1673337984617,30
756.0,32.9016763112069,30.9477343893086,30.0584424807111,30.1663216365607,30
756.5,32.9016763112069,30.9477343893086,30.0584424807111,30.1653308109908,30
757.0,32.9016763112069,30.9477343893086,30.0584424807111,30.1643607856043,30
757.5,32.9016763112069,30.9477343893086,30.0584424807111,30.1634110398848,30
758.0,32.9016763112069,30.9477343893086,30.0584424807111,30.1624810684456,30
758.5,32.9016763112069,30.9477343893086,30.0584424807111,30.1615703805462,30
759.0,32.9016763112069,30.9477343893086,30.0584424807111,30.1606784996246,30
759.5,32.9016763112069,30.9477343893086,30.0584424807111,30.1598049628452,30
760.0,32.9016763112069,30.9477343893086,30.0584424807111,30.158949320662,30
760.5,32.9016763112069,30.9477343893086,30.0584424807111,30.1581111363966,30
761.0,32.9016763112069,30.9477343893086,30.0584424807111,30.15728998583,30
761.5,32.9016763112069,30.9477343893086,30.0584424807111,30.1564854568085,30
762.0,32.9016763112069,30.9477343893086,30.0584424807111,30.1556971488625,30
762.5,32.8721638168982,30.9477343893086,30.0584424807111,30.1549246728379,30
763.0,32.8721638168982,30.9477343893086,30.0584424807111,30.15416707726,30
763.5,32.8721638168982,30.9477343893086,30.0584424807111,30.153423458226,30
764.0,32.8721638168982,30.9477343893086,30.0584424807111,30.1526935123197,30
764.5,32.8721638168982,30.9477343893086,30.0584424807111,30.1519769440385,30
765.0,32.8721638168982,30.9477343893086,30.0584424807111,30.1512734655537,30
765.5,32.8721638168982,30.9477343893086,30.0584424807111,30.1505827964802,30
766.0,32.8721638168982,30.918910482604,30.0584424807111,30.1499046636521,30
766.5,32.8721638168982,30.918910482604,30.0584424807111,30.1484527729715,30
767.0,32.8721638168982,30.918910482604,30.0584424807111,30.1470400109701,30
767.5,32.8721638168982,30.918910482604,30.0584424807111,30.1456651893023,30
768.0,32.8721638168982,30.918910482604,30.0584424807111,30.1443271582965,30
768.5,32.8721638168982,30.918910482604,30.0584424807111,30.1430248056519,30
769.0,32.8721638168982,30.918910482604,30.0584424807111,30.1417570551803,30
769.5,32.8721638168982,30.918910482604,30.0584424807111,30.1405228655912,30
770.0,32.8721638168982,30.918910482604,30.0584424807111,30.1393212293181,30
770.5,32.8721638168982,30.918910482604,30.0584424807111,30.1381511713851,30
771.0,32.8721638168982,30.918910482604,30.0584424807111,30.1370117483123,30
771.5,32.8721638168982,30.918910482604,30.0584424807111,30.1359020470582,30
772.0,32.8721638168982,30.918910482604,30.0584424807111,30.134821183999,30
772.5,32.8721638168982,30.918910482604,30.0298977303061,30.133768303942,30
773.0,32.8721638168982,30.918910482604,30.0298977303061,30.1327425791733,30
773.5,32.8721638168982,30.918910482604,30.0298977303061,30.1317432085375,30
774.0,32.8721638168982,30.918910482604,30.0298977303061,30.1307694165493,30
774.5,32.8721638168982,30.918910482604,30.0298977303061,30.1298204525351,30
775.0,32.8721638168982,30.918910482604,30.0298977303061,30.1288955898036,30
775.5,32.8721638168982,30.918910482604,30.0298977303061,30.1279941248458,30
776.0,32.8721638168982,30.918910482604,30.0298977303061,30.1271153765608,30
776.5,32.8721638168982,30.918910482604,30.0298977303061,30.1262586855089,30
777.0,32.8721638168982,30.918910482604,30.0298977303061,30.1254234131904,30
777.5,32.8721638168982,30.918910482604,30.0298977303061,30.1246089413476,30
778.0,32.8721638168982,30.918910482604,30.0298977303061,30.1238146712923,30
778.5,32.8721638168982,30.9477343893086,30.0298977303061,30.123040023255,30
779.0,32.8721638168982,30.9477343893086,30.0298977303061,30.1230704636923,30
779.5,32.8721638168982,30.9477343893086,30.0298977303061,30.123092302909,30
780.0,32.8721638168982,30.9477343893086,30.0298977303061,30.1231059497763,30
780.5,32.8721638168982,30.9477343893086,30.0298977303061,30.123111797419,30
781.0,32.8721638168982,30.9477343893086,30.0298977303061,30.1231102237821,30
781.5,32.8721638168982,30.9477343893086,30.0298977303061,30.123101592177,30
782.0,32.8721638168982,30.9477343893086,30.0298977303061,30.1230862518093,30
782.5,32.8721638168982,30.9477343893086,30.0298977303061,30.1230645382874,30
783.0,32.8721638168982,30.9477343893086,30.0298977303061,30.1230367741139,30
783.5,32.8721638168982,30.9477343893086,30.0298977303061,30.1230032691591,30
784.0,32.8426624999303,30.9477343893086,30.0298977303061,30.1229643211187,30
784.5,32.8426624999303,30.9477343893086,30.0298977303061,30.1229196428913,30
785.0,32.8426624999303,30.9477343893086,30.0298977303061,30.1228689730101,30
785.5,32.8426624999303,30.9477343893086,30.0298977303061,30.1228126290914,30
786.0,32.8426624999303,30.9477343893086,30.0298977303061,30.1227509162039,30
786.5,32.8426624999303,30.9477343893086,30.0298977303061,30.1226841273227,30
787.0,32.8426624999303,30.9477343893086,30.0298977303061,30.1226125437671,30
787.5,32.8426624999303,30.9477343893086,30.0298977303061,30.1225364356246,30
788.0,32.8426624999303,30.9477343893086,30.0298977303061,30.1224560621582,30
788.5,32.8426624999303,30.9477343893086,30.0298977303061,30.1223716722007,30
789.0,32.8426624999303,30.9477343893086,30.0298977303061,30.1222835045346,30
789.5,32.8426624999303,30.9477343893086,30.0298977303061,30.1221917882586,30
790.0,32.8426624999303,30.9477343893086,30.0298977303061,30.1220967431418,30
790.5,32.8426624999303,30.9477343893086,30.0298977303061,30.1219985799647,30
791.0,32.8426624999303,30.9477343893086,30.0298977303061,30.121897500849,30
791.5,32.8426624999303,30.9477343893086,30.0298977303061,30.1217936995746,30
792.0,32.8426624999303,30.9477343893086,30.0298977303061,30.121687361887,30
792.5,32.8426624999303,30.9477343893086,30.0298977303061,30.1215786657928,30
793.0,32.8426624999303,30.9477343893086,30.0298977303061,30.1214677818447,30
793.5,32.8426624999303,30.9477343893086,30.0298977303061,30.1213548734173,30
794.0,32.8426624999303,30.9477343893086,30.0298977303061,30.1212400969723,30
794.5,32.8426624999303,30.9477343893086,30.0298977303061,30.1211236023151,30
795.0,32.8426624999303,30.9477343893086,30.0298977303061,30.1210055328414,30
795.5,32.8426624999303,30.9477343893086,30.0298977303061,30.1208860257761,30
796.0,32.8426624999303,30.9477343893086,30.0298977303061,30.1207652124027,30
796.5,32.8131723320798,30.9477343893086,30.0298977303061,30.1206432182858,30
797.0,32.8131723320798,30.9477343893086,30.0298977303061,30.120519590638,30
797.5,32.8131723320798,30.9477343893086,30.0298977303061,30.1203939083013,30
798.0,32.8131723320798,30.9477343893086,30.0298977303061,30.1202663347757,30
798.5,32.8131723320798,30.9477343893086,30.0298977303061,30.1201370266072,30
799.0,32.8131723320798,30.9477343893086,30.0298977303061,30.1200061336446,30
799.5,32.8131723320798,30.9477343893086,30.0298977303061,30.119873799288,30
800.0,32.8131723320798,30.9477343893086,30.0298977303061,30.1197401607275,30
800.5,32.8131723320798,30.9477343893086,30.0298977303061,30.1196053491743,30
801.0,32.8131723320798,30.9477343893086,30.0298977303061,30.1194694900838,30
801.5,32.8131723320798,30.9477343893086,30.0298977303061,30.1193327033697,30
802.0,32.8131723320798,30.9477343893086,30.0298977303061,30.1191951036119,30
802.5,32.8131723320798,30.9477343893086,30.0298977303061,30.1190568002559,30
803.0,32.8131723320798,30.9477343893086,30.0298977303061,30.1189178978065,30
803.5,32.8131723320798,30.9477343893086,30.0298977303061,30.118778496013,30
804.0,32.8131723320798,30.9477343893086,30.0298977303061,30.118638690049,30
804.5,32.8131723320798,30.9477343893086,30.0298977303061,30.1184985706858,30
805.0,32.8131723320798,30.9477343893086,30.0298977303061,30.1183582244589,30
805.5,32.8131723320798,30.9477343893086,30.0298977303061,30.1182177338293,30
806.0,32.8131723320798,30.9477343893086,30.0298977303061,30.1180771773388,30
806.5,32.8131723320798,30.9477343893086,30.0298977303061,30.1179366297597,30
807.0,32.8131723320798,30.9477343893086,30.0298977303061,30.1177961622392,30
807.5,32.8131723320798,30.9477343893086,30.0298977303061,30.1176558424389,30
808.0,32.8131723320798,30.9477343893086,30.0298977303061,30.1175157346691,30
808.5,32.78369328517,30.9477343893086,30.0298977303061,30.1173759000182,30
809.0,32.78369328517,30.9477343893086,30.0298977303061,30.1172358238471,30
809.5,32.78369328517,30.9477343893086,30.0298977303061,30.1170950254547,30
810.0,32.78369328517,30.9477343893086,30.0298977303061,30.1169536108151,30
810.5,32.78369328517,30.9477343893086,30.0298977303061,30.1168116811086,30
811.0,32.78369328517,30.9477343893086,30.0298977303061,30.1166693329013,30
811.5,32.78369328517,30.9477343893086,30.0298977303061,30.1165266583193,30
812.0,32.78369328517,30.9477343893086,30.0298977303061,30.1163837452151,30
812.5,32.78369328517,30.9477343893086,30.0298977303061,30.1162406773299,30
813.0,32.78369328517,30.918910482604,30.0298977303061,30.1160975344489,30
813.5,32.78369328517,30.918910482604,30.0298977303061,30.1151683646156,30
814.0,32.78369328517,30.918910482604,30.0298977303061,30.1142663860486,30
814.5,32.78369328517,30.918910482604,30.0298977303061,30.113390731976,30
815.0,32.78369328517,30.918910482604,30.0298977303061,30.112540564517,30
815.5,32.78369328517,30.918910482604,30.0298977303061,30.1117150736984,30
816.0,32.78369328517,30.918910482604,30.0298977303061,30.110913476505,30
816.5,32.78369328517,30.918910482604,30.0298977303061,30.1101350159622,30
817.0,32.78369328517,30.918910482604,30.0298977303061,30.1093789602508,30
817.5,32.78369328517,30.918910482604,30.0298977303061,30.1086446018517,30
818.0,32.78369328517,30.918910482604,30.0298977303061,30.1079312567201,30
818.5,32.78369328517,30.918910482604,30.0298977303061,30.1072382634881,30
819.0,32.78369328517,30.918910482604,30.0298977303061,30.1065649826945,30
819.5,32.78369328517,30.918910482604,30.0298977303061,30.1059107960417,30
820.0,32.78369328517,30.918910482604,30.0298977303061,30.1052751056769,30
820.5,32.78369328517,30.918910482604,30.0298977303061,30.1046573334991,30
821.0,32.78369328517,30.918910482604,30.0298977303061,30.1040569204895,30
821.5,32.78369328517,30.918910482604,30.0298977303061,30.1034733260645,30
822.0,32.78369328517,30.918910482604,30.0298977303061,30.1029060274514,30
822.5,32.7542253310709,30.918910482604,30.0298977303061,30.1023545190853,30
823.0,32.7542253310709,30.918910482604,30.0298977303061,30.1018177396115,30
823.5,32.7542253310709,30.918910482604,30.0298977303061,30.101294680639,30
824.0,32.7542253310709,30.918910482604,30.0298977303061,30.1007849386099,30
824.5,32.7542253310709,30.918910482604,30.0298977303061,30.1002881229172,30
825.0,32.7542253310709,30.918910482604,30.0298977303061,30.0998038554695,30
825.5,32.7542253310709,30.918910482604,30.0298977303061,30.0993317702717,30
826.0,32.7542253310709,30.918910482604,30.0298977303061,30.098871513019,30
826.5,32.7542253310709,30.918910482604,30.0298977303061,30.0984227407059,30
827.0,32.7542253310709,30.918910482604,30.0298977303061,30.0979851212476,30
827.5,32.7542253310709,30.918910482604,30.0298977303061,30.0975583331149,30
828.0,32.7542253310709,30.918910482604,30.0298977303061,30.0971420649818,30
828.5,32.7542253310709,30.918910482604,30.0298977303061,30.0967360153844,30
829.0,32.7542253310709,30.918910482604,30.0298977303061,30.0963398923921,30
829.5,32.7542253310709,30.918910482604,30.0298977303061,30.09595341329,30
830.0,32.7542253310709,30.918910482604,30.0298977303061,30.0955763042715,30
830.5,32.7542253310709,30.918910482604,30.0298977303061,30.0952083001428,30
831.0,32.7542253310709,30.918910482604,30.0298977303061,30.0948491440356,30
831.5,32.7542253310709,30.918910482604,30.0298977303061,30.0944985871311,30
832.0,32.7542253310709,30.918910482604,30.0298977303061,30.0941563883932,30
832.5,32.7542253310709,30.918910482604,30.0298977303061,30.0938223143096,30
833.0,32.7542253310709,30.918910482604,30.0298977303061,30.0934961386437,30
833.5,32.7542253310709,30.918910482604,30.0298977303061,30.0931776421932,30
834.0,32.7542253310709,30.918910482604,30.0298977303061,30.0928666125576,30
834.5,32.7542253310709,30.918910482604,30.0298977303061,30.0925628439142,30
835.0,32.7542253310709,30.918910482604,30.0298977303061,30.0922661368004,30
835.5,32.7542253310709,30.918910482604,30.0298977303061,30.0919762979047,30
836.0,32.7542253310709,30.918910482604,30.0298977303061,30.0916931398639,30
836.5,32.7542253310709,30.918910482604,30.0298977303061,30.0914164810681,30
837.0,32.7542253310709,30.918910482604,30.0298977303061,30.0911461454708,30
837.5,32.7542253310709,30.918910482604,30.0298977303061,30.0908819624074,30
838.0,32.7542253310709,30.918910482604,30.0298977303061,30.0906237664182,30
838.5,32.7542253310709,30.918910482604,30.0298977303061,30.0903713970785,30
839.0,32.7247684416981,30.918910482604,30.0298977303061,30.0901246988336,30
839.5,32.7247684416981,30.918910482604,30.0298977303061,30.0898829486403,30
840.0,32.7247684416981,30.918910482604,30.0298977303061,30.0896454648993,30
840.5,32.7247684416981,30.918910482604,30.0298977303061,30.0894121595132,30
841.0,32.7247684416981,30.918910482604,30.0298977303061,30.0891829466066,30
841.5,32.7247684416981,30.918910482604,30.0298977303061,30.0889577424592,30
842.0,32.7247684416981,30.918910482604,30.0298977303061,30.0887364654417,30
842.5,32.7247684416981,30.918910482604,30.0298977303061,30.0885190359533,30
843.0,32.7247684416981,30.918910482604,30.0298977303061,30.0883053763611,30
843.5,32.7247684416981,30.918910482604,30.0298977303061,30.0880954109423,30
844.0,32.7247684416981,30.918910482604,30.0298977303061,30.0878890658279,30
844.5,32.7247684416981,30.918910482604,30.0298977303061,30.0876862689477,30
845.0,32.7247684416981,30.918910482604,30.0298977303061,30.087486949978,30
845.5,32.7247684416981,30.918910482604,30.0298977303061,30.0872910402909,30
846.0,32.7247684416981,30.918910482604,30.0298977303061,30.0870984729044,30
846.5,32.7247684416981,30.918910482604,30.0298977303061,30.0869091824355,30
847.0,32.7247684416981,30.918910482604,30.0298977303061,30.0867231050536,30
847.5,32.7247684416981,30.918910482604,30.0298977303061,30.086540178436,30
848.0,32.7247684416981,30.918910482604,30.0298977303061,30.0863603417252,30
848.5,32.7247684416981,30.918910482604,30.0298977303061,30.0861835354865,30
849.0,32.7247684416981,30.918910482604,30.0298977303061,30.0860097016685,30
849.5,32.7247684416981,30.918910482604,30.0298977303061,30.0858387835631,30
850.0,32.7247684416981,30.918910482604,30.0298977303061,30.0856707257687,30
850.5,32.7247684416981,30.918910482604,30.0298977303061,30.0855054741528,30
851.0,32.7247684416981,30.918910482604,30.0298977303061,30.085342975817,30
851.5,32.7247684416981,30.918910482604,30.0298977303061,30.085183179063,30
852.0,32.7247684416981,30.918910482604,30.0298977303061,30.0850260333588,30
852.5,32.7247684416981,30.918910482604,30.0298977303061,30.0848714893071,30
853.0,32.7247684416981,30.918910482604,30.0298977303061,30.0847194986142,30
853.5,32.7247684416981,30.918910482604,30.0298977303061,30.0845700140597,30
854.0,32.7247684416981,30.918910482604,30.0298977303061,30.0844229894673,30
854.5,32.7247684416981,30.918910482604,30.0298977303061,30.0842783796772,30
855.0,32.7247684416981,30.918910482604,30.0298977303061,30.0841361405178,30
855.5,32.7247684416981,30.918910482604,30.0298977303061,30.08399622878,30
856.0,32.7247684416981,30.918910482604,30.0298977303061,30.0838586021915,30
856.5,32.7247684416981,30.918910482604,30.0298977303061,30.0837232193915,30
857.0,32.7247684416981,30.918910482604,30.0298977303061,30.0835900399069,30
857.5,32.7247684416981,30.918910482604,30.0298977303061,30.0834590241292,30
858.0,32.7247684416981,30.918910482604,30.0013615888707,30.0833301332916,30
858.5,32.7247684416981,30.918910482604,30.0013615888707,30.0832033294472,30
859.0,32.7247684416981,30.918910482604,30.0013615888707,30.0830785754476,30
859.5,32.7247684416981,30.918910482604,30.0013615888707,30.0829558349227,30
860.0,32.6953225890141,30.918910482604,30.0013615888707,30.0828350722605,30
860.5,32.6953225890141,30.918910482604,30.0013615888707,30.0827156806021,30
861.0,32.6953225890141,30.918910482604,30.0013615888707,30.0825970906814,30
861.5,32.6953225890141,30.918910482604,30.0013615888707,30.082479322806,30
862.0,32.6953225890141,30.918910482604,30.0013615888707,30.0823623959245,30
862.5,32.6953225890141,30.918910482604,30.0013615888707,30.0822463276815,30
863.0,32.6953225890141,30.918910482604,30.0013615888707,30.0821311344702,30
863.5,32.6953225890141,30.918910482604,30.0013615888707,30.0820168314834,30
864.0,32.6953225890141,30.918910482604,30.0013615888707,30.0819034327624,30
864.5,32.6953225890141,30.918910482604,30.0013615888707,30.0817909512443,30
865.0,32.6953225890141,30.918910482604,30.0013615888707,30.0816793988082,30
865.5,32.6953225890141,30.918910482604,30.0013615888707,30.0815687863182,30
866.0,32.6953225890141,30.918910482604,30.0013615888707,30.0814591236669,30
866.5,32.6953225890141,30.918910482604,30.0013615888707,30.0813504198156,30
867.0,32.6953225890141,30.918910482604,30.0013615888707,30.081242682834,30
867.5,32.6953225890141,30.918910482604,30.0013615888707,30.0811359199383,30
868.0,32.6953225890141,30.918910482604,30.0013615888707,30.0810301375277,30
868.5,32.6953225890141,30.918910482604,30.0013615888707,30.0809253412198,30
869.0,32.6953225890141,30.918910482604,30.0013615888707,30.0808215358846,30
869.5,32.6953225890141,30.918910482604,30.0013615888707,30.0807187256774,30
870.0,32.6953225890141,30.918910482604,30.0013615888707,30.0806169140705,30
870.5,32.6953225890141,30.918910482604,30.0013615888707,30.0805161038834,30
871.0,32.6953225890141,30.918910482604,30.0013615888707,30.0804162973124,30
871.5,32.6953225890141,30.918910482604,30.0013615888707,30.0803174959586,30
872.0,32.6953225890141,30.918910482604,30.0013615888707,30.0802197008555,30
872.5,32.6953225890141,30.918910482604,30.0013615888707,30.080122912495,30
873.0,32.6953225890141,30.918910482604,30.0013615888707,30.0800271308526,30
873.5,32.6953225890141,30.918910482604,30.0013615888707,30.079932355412,30
874.0,32.6953225890141,30.918910482604,30.0013615888707,30.0798385851883,30
874.5,32.6953225890141,30.918910482604,30.0013615888707,30.0797458187504,30
875.0,32.6953225890141,30.918910482604,30.0013615888707,30.0796540542433,30
875.5,32.6953225890141,30.918910482604,30.0013615888707,30.0795632894081,30
876.0,32.6953225890141,30.918910482604,30.0013615888707,30.0794735216031,30
876.5,32.6953225890141,30.918910482604,30.0013615888707,30.0793847478223,30
877.0,32.6953225890141,30.918910482604,30.0013615888707,30.0792969647145,30
877.5,32.6953225890141,30.918910482604,30.0013615888707,30.0792101686011,30
878.0,32.6953225890141,30.918910482604,30.0013615888707,30.0791243554932,30
878.5,32.6953225890141,30.918910482604,30.0013615888707,30.0790395211084,30
879.0,32.6953225890141,30.918910482604,30.0013615888707,30.0789556608863,30
879.5,32.6953225890141,30.918910482604,30.0013615888707,30.0788727700046,30
880.0,32.6953225890141,30.918910482604,30.0013615888707,30.0787908433928,30
880.5,32.6953225890141,30.918910482604,30.0013615888707,30.0787098757471,30
881.0,32.6953225890141,30.918910482604,30.0013615888707,30.078629861544,30
881.5,32.6953225890141,30.918910482604,30.0013615888707,30.0785507950527,30
882.0,32.6953225890141,30.918910482604,30.0013615888707,30.0784726703484,30
882.5,32.6953225890141,30.918910482604,30.0013615888707,30.078395481324,30
883.0,32.6953225890141,30.918910482604,30.0013615888707,30.0783192217017,30
883.5,32.6953225890141,30.918910482604,30.0013615888707,30.0782438850441,30
884.0,32.6953225890141,30.918910482604,30.0013615888707,30.0781694647649,30
884.5,32.6953225890141,30.918910482604,30.0013615888707,30.0780959541393,30
885.0,32.6953225890141,30.918910482604,30.0013615888707,30.0780233463135,30
885.5,32.6953225890141,30.918910482604,30.0013615888707,30.0779516343145,30
886.0,32.6953225890141,30.918910482604,30.0013615888707,30.0778808110588,30
886.5,32.6953225890141,30.918910482604,30.0013615888707,30.0778108693613,30
887.0,32.6953225890141,30.918910482604,30.0013615888707,30.0777418019434,30
887.5,32.6953225890141,30.918910482604,30.0013615888707,30.0776736014414,30
888.0,32.6953225890141,30.918910482604,30.0013615888707,30.0776062604134,30
888.5,32.6658877450266,30.918910482604,30.0013615888707,30.0775397713474,30
889.0,32.6658877450266,30.918910482604,30.0013615888707,30.0774735548959,30
889.5,32.6658877450266,30.918910482604,30.0013615888707,30.0774070685139,30
890.0,32.6658877450266,30.918910482604,30.0013615888707,30.0773403582574,30
890.5,32.6658877450266,30.918910482604,30.0013615888707,30.077273468096,30
891.0,32.6658877450266,30.918910482604,30.0013615888707,30.0772064399906,30
891.5,32.6658877450266,30.8900959575865,30.0013615888707,30.0771393139682,30
892.0,32.6658877450266,30.8900959575865,30.0013615888707,30.0762863560968,30
892.5,32.6658877450266,30.8900959575865,30.0013615888707,30.0754604839847,30
893.0,32.6658877450266,30.8900959575865,30.0013615888707,30.074660797016,30
893.5,32.6658877450266,30.8900959575865,30.0013615888707,30.0738864251821,30
894.0,32.6658877450266,30.8900959575865,30.0013615888707,30.0731365280311,30
894.5,32.6658877450266,30.8900959575865,30.0013615888707,30.0724102936537,30
895.0,32.6658877450266,30.8900959575865,30.0013615888707,30.0717069377041,30
895.5,32.6658877450266,30.8900959575865,30.0013615888707,30.0710257024538,30
896.0,32.6658877450266,30.8900959575865,30.0013615888707,30.0703658558794,30
896.5,32.6658877450266,30.8900959575865,30.0013615888707,30.0697266907806,30
897.0,32.6658877450266,30.8900959575865,30.0013615888707,30.0691075239294,30
897.5,32.6658877450266,30.8900959575865,30.0013615888707,30.0685076952479,30
898.0,32.6658877450266,30.8900959575865,30.0013615888707,30.0679265670153,30
898.5,32.6658877450266,30.8900959575865,30.0013615888707,30.0673635231012,30
899.0,32.6658877450266,30.8900959575865,30.0013615888707,30.0668179682262,30
899.5,32.6658877450266,30.8900959575865,30.0013615888707,30.0662893272477,30
900.0,32.6658877450266,30.8900959575865,30.0013615888707,30.0657770444698,30
900.5,32.6658877450266,30.8900959575865,30.0013615888707,30.0652805829779,30
901.0,32.6658877450266,30.8900959575865,30.0013615888707,30.064799423995,30
901.5,32.6658877450266,30.8900959575865,30.0013615888707,30.0643330662617,30
902.0,32.6658877450266,30.8900959575865,30.0013615888707,30.0638810254359,30
902.5,32.6658877450266,30.8900959575865,30.0013615888707,30.0634428335146,30
903.0,32.6658877450266,30.8900959575865,30.0013615888707,30.0630180382746,30
903.5,32.6658877450266,30.8900959575865,30.0013615888707,30.0626062027327,30
904.0,32.6658877450266,30.8900959575865,30.0013615888707,30.0622069046251,30
904.5,32.6658877450266,30.8900959575865,30.0013615888707,30.0618197359039,30
905.0,32.6658877450266,30.8900959575865,30.0013615888707,30.0614443022511,30
905.5,32.6658877450266,30.8900959575865,30.0013615888707,30.0610802226096,30
906.0,32.6658877450266,30.8900959575865,30.0013615888707,30.0607271287305,30
906.5,32.6658877450266,30.8900959575865,30.0013615888707,30.0603846647351,30
907.0,32.6658877450266,30.8900959575865,30.0013615888707,30.060052486693,30
907.5,32.6658877450266,30.8900959575865,30.0013615888707,30.0597302622139,30
908.0,32.6658877450266,30.8900959575865,30.0013615888707,30.059417670054,30
908.5,32.6658877450266,30.8900959575865,30.0013615888707,30.0591143997359,30
909.0,32.6658877450266,30.8900959575865,30.0013615888707,30.0588201511807,30
909.5,32.6658877450266,30.8900959575865,30.0013615888707,30.0585346343541,30
910.0,32.6658877450266,30.8900959575865,30.0013615888707,30.0582575689239,30
910.5,32.6658877450266,30.8900959575865,30.0013615888707,30.0579886839289,30
911.0,32.6658877450266,30.8900959575865,30.0013615888707,30.0577277174602,30
911.5,32.6658877450266,30.8900959575865,30.0013615888707,30.0574744163526,30
912.0,32.6658877450266,30.8900959575865,30.0013615888707,30.0572285358868,30
912.5,32.6658877450266,30.8900959575865,30.0013615888707,30.0569898395024,30
913.0,32.6658877450266,30.8900959575865,30.0013615888707,30.0567580985196,30
913.5,32.6658877450266,30.8900959575865,30.0013615888707,30.0565330918716,30
914.0,32.6658877450266,30.8900959575865,30.0013615888707,30.0563146058457,30
914.5,32.6658877450266,30.8900959575865,30.0013615888707,30.0561024338332,30
915.0,32.6658877450266,30.8900959575865,30.0013615888707,30.0558963760879,30
915.5,32.6658877450266,30.8900959575865,30.0013615888707,30.0556962394932,30
916.0,32.6658877450266,30.8900959575865,30.0013615888707,30.0555018373369,30
916.5,32.6658877450266,30.8900959575865,30.0013615888707,30.0553129890936,30
917.0,32.6658877450266,30.8900959575865,30.0013615888707,30.0551295202152,30
917.5,32.6658877450266,30.8900959575865,30.0013615888707,30.0549512619278,30
918.0,32.6658877450266,30.8900959575865,30.0013615888707,30.0547780510359,30
918.5,32.6658877450266,30.8900959575865,30.0013615888707,30.0546097297338,30
919.0,32.6658877450266,30.8900959575865,30.0013615888707,30.0544461454222,30
919.5,32.6658877450266,30.8900959575865,30.0013615888707,30.0542871505328,30
920.0,32.6658877450266,30.8900959575865,30.0013615888707,30.054132602357,30
920.5,32.6658877450266,30.8900959575865,30.0013615888707,30.0539823628826,30
921.0,32.6658877450266,30.8900959575865,30.0013615888707,30.0538362986338,30
921.5,32.6658877450266,30.8900959575865,30.0013615888707,30.0536942805187,30
922.0,32.6658877450266,30.8900959575865,30.0013615888707,30.0535561836808,30
922.5,32.6658877450266,30.8900959575865,30.0013615888707,30.053421887356,30
923.0,32.6658877450266,30.8900959575865,30.0013615888707,30.0532912747342,30
923.5,32.6658877450266,30.8900959575865,30.0013615888707,30.0531642328264,30
924.0,32.6658877450266,30.8900959575865,30.0013615888707,30.0530406523354,30
924.5,32.6658877450266,30.8900959575865,30.0013615888707,30.0529204275314,30
925.0,32.6658877450266,30.8900959575865,30.0013615888707,30.0528034561319,30
925.5,32.6658877450266,30.8900959575865,30.0013615888707,30.0526896391857,30
926.0,32.6658877450266,30.8900959575865,30.0013615888707,30.0525788809603,30
926.5,32.6658877450266,30.8900959575865,30.0013615888707,30.0524710888342,30
927.0,32.6658877450266,30.8900959575865,30.0013615888707,30.0523661731921,30
927.5,32.6658877450266,30.8900959575865,30.0013615888707,30.0522640473237,30
928.0,32.6658877450266,30.8900959575865,30.0013615888707,30.0521646273262,30
928.5,32.6658877450266,30.8900959575865,30.0013615888707,30.0520678320101,30
929.0,32.6658877450266,30.8900959575865,30.0013615888707,30.0519735828085,30
929.5,32.6658877450266,30.8900959575865,30.0013615888707,30.0518818036885,30
930.0,32.6658877450266,30.8900959575865,30.0013615888707,30.0517924210669,30
930.5,32.6658877450266,30.8900959575865,30.0013615888707,30.0517053637277,30
931.0,32.6658877450266,30.8900959575865,30.0013615888707,30.0516205627434,30
931.5,32.6364638817896,30.8900959575865,30.0013615888707,30.051537951398,30
932.0,32.6364638817896,30.8900959575865,30.0013615888707,30.0514568935546,30
932.5,32.6364638817896,30.8900959575865,30.0013615888707,30.0513767919885,30
933.0,32.6364638817896,30.8900959575865,30.0013615888707,30.0512976399037,30
933.5,32.6364638817896,30.8900959575865,30.0013615888707,30.0512194303939,30
934.0,32.6364638817896,30.8900959575865,30.0013615888707,30.0511421564493,30
934.5,32.6364638817896,30.8900959575865,30.0013615888707,30.0510658109641,30
935.0,32.6364638817896,30.8900959575865,30.0013615888707,30.050990386743,30
935.5,32.6364638817896,30.8900959575865,30.0013615888707,30.0509158765083,30
936.0,32.6364638817896,30.8900959575865,30.0013615888707,30.050842272906,30
936.5,32.6364638817896,30.8900959575865,30.0013615888707,30.0507695685119,30
937.0,32.6364638817896,30.8900959575865,30.0013615888707,30.0506977558379,30
937.5,32.6364638817896,30.8900959575865,30.0013615888707,30.0506268273377,30
938.0,32.6364638817896,30.8900959575865,30.0013615888707,30.0505567754119,30
938.5,32.6364638817896,30.8900959575865,30.0013615888707,30.0504875924138,30
939.0,32.6364638817896,30.8900959575865,30.0013615888707,30.0504192706546,30
939.5,32.6364638817896,30.8900959575865,30.0013615888707,30.0503518024079,30
940.0,32.6364638817896,30.8900959575865,30.0013615888707,30.0502851799146,30
940.5,32.6364638817896,30.8900959575865,30.0013615888707,30.050219395388,30
941.0,32.6364638817896,30.8900959575865,30.0013615888707,30.0501544410173,30
941.5,32.6364638817896,30.8900959575865,30.0013615888707,30.0500903089727,30
942.0,32.6364638817896,30.8900959575865,30.0013615888707,30.050026991409,30
942.5,32.6364638817896,30.8900959575865,30.0013615888707,30.0499644804694,30
943.0,32.6364638817896,30.8900959575865,30.0013615888707,30.0499027682897,30
943.5,32.6364638817896,30.8900959575865,30.0013615888707,30.0498418470015,30
944.0,32.6364638817896,30.8900959575865,30.0013615888707,30.049781708736,30
944.5,32.6364638817896,30.8900959575865,30.0013615888707,30.049722345627,30
945.0,32.6364638817896,30.8900959575865,30.0013615888707,30.0496637498142,30
945.5,32.6364638817896,30.8900959575865,30.0013615888707,30.0496059134464,30
946.0,32.6364638817896,30.8900959575865,30.0013615888707,30.0495488286839,30
946.5,32.6364638817896,30.8900959575865,30.0013615888707,30.0494924877022,30
947.0,32.6364638817896,30.8900959575865,30.0013615888707,30.0494368826937,30
947.5,32.6364638817896,30.8900959575865,30.0013615888707,30.0493820058708,30
948.0,32.6364638817896,30.8900959575865,30.0013615888707,30.0493278494684,30
948.5,32.6364638817896,30.8900959575865,30.0013615888707,30.0492744057457,30
949.0,32.6364638817896,30.8900959575865,30.0013615888707,30.0492216669891,30
949.5,32.6364638817896,30.8900959575865,30.0013615888707,30.0491696255138,30
950.0,32.6364638817896,30.8900959575865,30.0013615888707,30.049118273666,30
950.5,32.6364638817896,30.8900959575865,30.0013615888707,30.0490676038249,30
951.0,32.6364638817896,30.8900959575865,30.0013615888707,30.0490176084044,30
951.5,32.6364638817896,30.8900959575865,30.0013615888707,30.0489682798549,30
952.0,32.6364638817896,30.8900959575865,30.0013615888707,30.0489196106648,30
952.5,32.6364638817896,30.8900959575865,30.0013615888707,30.0488715933624,30
953.0,32.6364638817896,30.8900959575865,30.0013615888707,30.0488242205172,30
953.5,32.6364638817896,30.8900959575865,30.0013615888707,30.0487774847409,30
954.0,32.6364638817896,30.8900959575865,30.0013615888707,30.0487313786897,30
954.5,32.6364638817896,30.8900959575865,30.0013615888707,30.0486858950644,30
955.0,32.6364638817896,30.8900959575865,30.0013615888707,30.0486410266125,30
955.5,32.6364638817896,30.8900959575865,30.0013615888707,30.0485967661288,30
956.0,32.6364638817896,30.8900959575865,30.0013615888707,30.0485531064566,30
956.5,32.6364638817896,30.8900959575865,30.0013615888707,30.0485100404888,30
957.0,32.6364638817896,30.8900959575865,30.0013615888707,30.0484675611685,30
957.5,32.6364638817896,30.8900959575865,30.0013615888707,30.0484256614903,30
958.0,32.6364638817896,30.8900959575865,30.0013615888707,30.0483843345007,30
958.5,32.6364638817896,30.8900959575865,30.0013615888707,30.048343573299,30
959.0,32.6364638817896,30.8900959575865,30.0013615888707,30.0483033710381,30
959.5,32.6364638817896,30.8900959575865,30.0013615888707,30.0482637209249,30
960.0,32.6364638817896,30.8900959575865,30.0013615888707,30.0482246162212,30
960.5,32.6364638817896,30.8900959575865,30.0013615888707,30.0481860502439,30
961.0,32.6364638817896,30.8900959575865,30.0013615888707,30.0481480163659,30
961.5,32.6364638817896,30.8900959575865,30.0013615888707,30.048110508016,30
962.0,32.6364638817896,30.8900959575865,30.0013615888707,30.04807351868,30
962.5,32.6364638817896,30.8900959575865,30.0013615888707,30.0480370419003,30
963.0,32.6364638817896,30.8900959575865,30.0013615888707,30.0480010712771,30
963.5,32.6364638817896,30.8900959575865,30.0013615888707,30.0479656004677,30
964.0,32.6364638817896,30.8900959575865,30.0013615888707,30.0479306231876,30
964.5,32.6364638817896,30.8900959575865,30.0013615888707,30.0478961332104,30
965.0,32.6364638817896,30.8900959575865,30.0013615888707,30.0478621243678,30
965.5,32.6364638817896,30.8900959575865,30.0013615888707,30.0478285905499,30
966.0,32.6364638817896,30.8900959575865,30.0013615888707,30.0477955257055,30
966.5,32.6070509714023,30.8900959575865,30.0013615888707,30.047762923842,30
967.0,32.6070509714023,30.8900959575865,30.0013615888707,30.0477302076796,30
967.5,32.6070509714023,30.8900959575865,30.0013615888707,30.047696836829,30
968.0,32.6070509714023,30.8900959575865,30.0013615888707,30.0476628591724,30
968.5,32.6070509714023,30.8900959575865,30.0013615888707,30.0476283206098,30
969.0,32.6070509714023,30.8900959575865,30.0013615888707,30.0475932651313,30
969.5,32.6070509714023,30.8900959575865,30.0013615888707,30.0475577348856,30
970.0,32.6070509714023,30.8900959575865,30.0013615888707,30.047521770247,30
970.5,32.6070509714023,30.8900959575865,30.0013615888707,30.0474854098802,30
971.0,32.6070509714023,30.8900959575865,30.0013615888707,30.0474486908023,30
971.5,32.6070509714023,30.8900959575865,30.0013615888707,30.0474116484432,30
972.0,32.6070509714023,30.8900959575865,30.0013615888707,30.0473743167035,30
972.5,32.6070509714023,30.8900959575865,30.0013615888707,30.0473367280103,30
973.0,32.6070509714023,30.8900959575865,30.0013615888707,30.047298913372,30
973.5,32.6070509714023,30.8900959575865,30.0013615888707,30.0472609024298,30
974.0,32.6070509714023,30.8900959575865,30.0013615888707,30.0472227235088,30
974.5,32.6070509714023,30.8900959575865,29.9728340320168,30.0471844036661,30
975.0,32.6070509714023,30.8900959575865,29.9728340320168,30.0471459687381,30
975.5,32.6070509714023,30.8900959575865,29.9728340320168,30.0471074433859,30
976.0,32.6070509714023,30.8900959575865,29.9728340320168,30.047068851139,30
976.5,32.6070509714023,30.8900959575865,29.9728340320168,30.0470302144375,30
977.0,32.6070509714023,30.8612907888043,29.9728340320168,30.0469915546729,30
977.5,32.6070509714023,30.8612907888043,29.9728340320168,30.0461673752749,30
978.0,32.6070509714023,30.8612907888043,29.9728340320168,30.0453703129422,30
978.5,32.5776489860096,30.8612907888043,29.9728340320168,30.0445994511898,30
979.0,32.5776489860096,30.8612907888043,29.9728340320168,30.0438533337562,30
979.5,32.5776489860096,30.8612907888043,29.9728340320168,30.0431305714761,30
980.0,32.5776489860096,30.8612907888043,29.9728340320168,30.0424303924153,30
980.5,32.5776489860096,30.8612907888043,29.9728340320168,30.0417520508311,30
981.0,32.5776489860096,30.8612907888043,29.9728340320168,30.0410948262724,30
981.5,32.5776489860096,30.8612907888043,29.9728340320168,30.0404580227122,30
982.0,32.5776489860096,30.8612907888043,29.9728340320168,30.039840967709,30
982.5,32.5776489860096,30.8612907888043,29.9728340320168,30.0392430115976,30
983.0,32.5776489860096,30.8612907888043,29.9728340320168,30.0386635267074,30
983.5,32.5776489860096,30.8612907888043,29.9728340320168,30.0381019066086,30
984.0,32.5776489860096,30.8612907888043,29.9728340320168,30.0375575653831,30
984.5,32.5776489860096,30.8612907888043,29.9728340320168,30.0370299369217,30
985.0,32.5776489860096,30.8612907888043,29.9728340320168,30.0365184742449,30
985.5,32.5776489860096,30.8612907888043,29.9728340320168,30.0360226488473,30
986.0,32.5776489860096,30.8612907888043,29.9728340320168,30.0355419500644,30
986.5,32.5776489860096,30.8612907888043,29.9728340320168,30.035075884462,30
987.0,32.5776489860096,30.8612907888043,29.9728340320168,30.0346239752453,30
987.5,32.5776489860096,30.8612907888043,29.9728340320168,30.0341857616898,30
988.0,32.5776489860096,30.8612907888043,29.9728340320168,30.033760798591,30
988.5,32.5776489860096,30.8612907888043,29.9728340320168,30.0333486557329,30
989.0,32.5776489860096,30.8612907888043,29.9728340320168,30.0329489173756,30
989.5,32.5776489860096,30.8612907888043,29.9728340320168,30.0325611817601,30
990.0,32.5776489860096,30.8612907888043,29.9728340320168,30.0321850606298,30
990.5,32.5776489860096,30.8612907888043,29.9728340320168,30.0318201787691,30
991.0,32.5776489860096,30.8612907888043,29.9728340320168,30.0314661735578,30
991.5,32.5776489860096,30.8612907888043,29.9728340320168,30.0311226945404,30
992.0,32.5776489860096,30.8612907888043,29.9728340320168,30.0307894030108,30
992.5,32.5776489860096,30.8612907888043,29.9728340320168,30.0304659716108,30
993.0,32.5776489860096,30.8612907888043,29.9728340320168,30.0301520839431,30
993.5,32.5776489860096,30.8612907888043,29.9728340320168,30.0298474341965,30
994.0,32.5776489860096,30.8612907888043,29.9728340320168,30.0295517267854,30
994.5,32.5776489860096,30.8612907888043,29.9728340320168,30.0292646760005,30
995.0,32.5776489860096,30.8612907888043,29.9728340320168,30.0289860056723,30
995.5,32.5776489860096,30.8612907888043,29.9728340320168,30.0287154488458,30
996.0,32.5776489860096,30.8612907888043,29.9728340320168,30.0284527474664,30
996.5,32.5776489860096,30.8612907888043,29.9728340320168,30.0281976520769,30
997.0,32.5776489860096,30.8612907888043,29.9728340320168,30.0279499215247,30
997.5,32.5776489860096,30.8612907888043,29.9728340320168,30.0277093226787,30
998.0,32.5776489860096,30.8612907888043,29.9728340320168,30.027475630157,30
998.5,32.5776489860096,30.8612907888043,29.9728340320168,30.0272486260626,30
999.0,32.5776489860096,30.8612907888043,29.9728340320168,30.0270280997293,30
999.5,32.5776489860096,30.8612907888043,29.9728340320168,30.0268138474759,30
1000.0,32.5776489860096,30.8612907888043,29.9728340320168,30.0266056723685,30
