Time,Temp1,Temp2,Temp3,Temp4,Erreur,Commande PWM,Setpoint,Stabilité atteinte (s)
1485.6751475334167,18.34,19.57,19.96,19.71,0.04,103,20.00,1148.4679505825043
1486.1975994110107,18.36,19.59,19.96,19.73,0.04,103,20.00,1148.4679505825043
1486.817890405655,18.34,19.57,19.96,19.73,0.04,103,20.00,1148.4679505825043
1487.2258067131042,18.36,19.59,19.96,19.73,0.04,103,20.00,1148.4679505825043
1487.7424147129059,18.28,19.55,19.96,19.71,0.04,103,20.00,1148.4679505825043
1488.2038087844849,18.34,19.57,19.96,19.73,0.04,103,20.00,1148.4679505825043
1488.8779401779175,18.34,19.59,19.96,19.73,0.04,103,20.00,1148.4679505825043
1489.2146427631378,18.36,19.59,19.96,19.73,0.04,103,20.00,1148.4679505825043
1489.7717108726501,18.32,19.57,19.96,19.71,0.04,103,20.00,1148.4679505825043
1490.225238084793,18.36,19.59,19.96,19.73,0.04,103,20.00,1148.4679505825043
1490.8692572116852,18.34,19.57,19.96,19.73,0.04,103,20.00,1148.4679505825043
1491.2367191314697,18.34,19.57,19.96,19.73,0.04,103,20.00,1148.4679505825043
1491.7768321037292,18.34,19.57,19.96,19.71,0.04,103,20.00,1148.4679505825043
1492.2484078407288,18.34,19.57,19.97,19.73,0.04,103,20.00,1148.4679505825043
1492.8820869922638,18.32,19.55,19.97,19.71,5.03,200,25.00,1148.4679505825043
1493.2596189975739,18.59,19.77,19.96,19.92,5.03,200,25.00,
1493.8107571601868,18.61,19.77,19.97,19.89,5.03,200,25.00,
1494.2711236476898,18.73,19.77,19.97,19.94,5.03,200,25.00,
1494.9415125846863,18.92,19.77,19.98,19.94,5.03,201,25.00,
1495.2818403244019,19.12,19.77,19.98,19.92,5.03,201,25.00,
1495.8372614383698,19.36,19.77,19.99,19.94,5.03,201,25.00,
1496.2938199043274,19.63,19.79,19.99,19.92,5.03,201,25.00,
1496.9663264751434,19.83,19.73,19.99,19.89,5.01,202,25.00,
1497.304829120636,20.12,19.79,20.00,19.94,5.01,202,25.00,
1497.8578143119812,20.36,19.79,20.00,19.94,5.01,202,25.00,
1498.3143544197083,20.57,19.81,20.01,19.92,5.01,202,25.00,
1498.9765298366547,20.81,19.79,20.01,19.89,4.99,203,25.00,
1499.327070236206,21.02,19.83,20.02,19.94,4.99,203,25.00,
1499.8899555206299,21.22,19.83,20.02,19.89,4.99,203,25.00,
1500.3363418579102,21.41,19.85,20.03,19.92,4.99,203,25.00,
1501.0038540363312,21.55,19.89,20.03,19.94,4.97,204,25.00,
1501.3484811782837,21.76,19.89,20.04,19.89,4.97,204,25.00,
1501.9015448093414,21.90,19.94,20.05,19.96,4.97,204,25.00,
1502.3599390983582,22.06,19.96,20.06,19.94,4.97,204,25.00,
1503.0327129364014,22.27,20.00,20.07,19.96,4.94,205,25.00,
1503.3714752197266,22.45,20.02,20.08,19.94,4.94,205,25.00,
1503.9292089939117,22.62,20.08,20.09,19.96,4.94,205,25.00,
1504.3813171386719,22.76,20.12,20.10,19.98,4.94,205,25.00,
1505.0459244251251,22.90,20.14,20.11,19.96,4.90,205,25.00,
1505.3931396007538,23.03,20.18,20.12,19.98,4.90,205,25.00,
1505.9577758312225,23.15,20.22,20.14,20.00,4.90,205,25.00,
1506.4035830497742,23.30,20.22,20.15,20.00,4.90,205,25.00,
1507.0758740901947,23.44,20.28,20.17,20.00,4.85,206,25.00,
1507.415694952011,23.58,20.32,20.18,19.98,4.85,206,25.00,
1507.971881389618,23.71,20.41,20.20,20.02,4.85,206,25.00,
1508.4251554012299,23.83,20.43,20.22,20.02,4.85,206,25.00,
1509.0906672477722,23.96,20.47,20.24,20.02,4.78,206,25.00,
1509.4383420944214,24.06,20.53,20.26,20.02,4.78,206,25.00,
1509.9955503940582,24.16,20.57,20.28,20.02,4.78,206,25.00,
1510.4480664730072,24.31,20.61,20.30,20.04,4.78,206,25.00,
1511.1173360347748,24.41,20.65,20.32,20.04,4.70,206,25.00,
1511.4598999023438,24.53,20.71,20.34,20.04,4.70,206,25.00,
1512.0099539756775,24.64,20.75,20.37,20.06,4.70,206,25.00,
1512.471785068512,24.72,20.81,20.39,20.06,4.70,206,25.00,
1513.148347377777,24.85,20.83,20.42,20.06,4.61,206,25.00,
1513.4816002845764,24.95,20.90,20.44,20.10,4.61,206,25.00,
1514.0354571342468,25.07,20.98,20.47,20.12,4.61,206,25.00,
1514.4939978122711,25.16,21.00,20.50,20.10,4.61,206,25.00,
1515.1594529151917,25.26,21.06,20.52,20.12,4.50,205,25.00,
1515.5052270889282,25.34,21.12,20.55,20.16,4.50,205,25.00,
1516.0659420490265,25.43,21.14,20.58,20.16,4.50,205,25.00,
1516.5149095058441,25.53,21.20,20.61,20.18,4.50,205,25.00,
1517.1844546794891,25.62,21.24,20.64,20.20,4.39,204,25.00,
1517.5265460014343,25.70,21.30,20.67,20.20,4.39,204,25.00,
1518.0761258602142,25.78,21.37,20.70,20.24,4.39,204,25.00,
1518.5376706123352,25.87,21.43,20.74,20.28,4.39,204,25.00,
1519.2121016979218,25.93,21.43,20.77,20.24,4.26,203,25.00,
1519.551528453827,26.01,21.53,20.80,20.30,4.26,203,25.00,
1520.111521244049,26.10,21.57,20.84,20.32,4.26,203,25.00,
1520.5595517158508,26.18,21.61,20.87,20.34,4.26,203,25.00,
1521.2284739017487,26.24,21.67,20.91,20.38,4.13,202,25.00,
1521.5712008476257,26.31,21.71,20.94,20.38,4.13,202,25.00,
1522.1344230175018,26.37,21.78,20.98,20.41,4.13,202,25.00,
1522.5817255973816,26.45,21.82,21.01,20.43,4.13,202,25.00,
1523.2532575130463,26.54,21.88,21.05,20.49,3.99,200,25.00,
1523.5937764644623,26.58,21.92,21.09,20.51,3.99,200,25.00,
1524.1462121009827,26.60,21.96,21.13,20.53,3.99,200,25.00,
1524.6049282550812,26.72,22.04,21.16,20.57,3.99,200,25.00,
1525.2782237529755,26.75,22.06,21.20,20.59,3.84,199,25.00,
1525.6162886619568,26.77,22.08,21.24,20.61,3.84,199,25.00,
1526.1703634262085,26.87,22.19,21.28,20.65,3.84,199,25.00,
1526.6268107891083,26.91,22.21,21.32,20.69,3.84,199,25.00,
1527.3070220947266,26.96,22.27,21.36,20.71,3.68,197,25.00,
1527.6421337127686,27.02,22.33,21.40,20.75,3.68,197,25.00,
1528.200508594513,27.06,22.37,21.44,20.77,3.68,197,25.00,
1528.6490919589996,27.10,22.41,21.48,20.81,3.68,197,25.00,
1529.316344499588,27.15,22.45,21.52,20.83,3.52,195,25.00,
1529.6591703891754,27.19,22.49,21.56,20.85,3.52,195,25.00,
1530.193698644638,27.23,22.56,21.60,20.92,3.52,195,25.00,
1530.6723284721375,27.27,22.60,21.64,20.94,3.52,195,25.00,
1531.3482358455658,27.27,22.62,21.68,20.96,3.36,193,25.00,
1531.6825504302979,27.36,22.70,21.72,21.00,3.36,193,25.00,
1532.2419888973236,27.38,22.74,21.76,21.02,3.36,193,25.00,
1532.693922996521,27.42,22.78,21.80,21.06,3.36,193,25.00,
1533.356065750122,27.46,22.82,21.84,21.10,3.20,191,25.00,
1533.7049767971039,27.44,22.86,21.88,21.14,3.20,191,25.00,
1534.269280910492,27.50,22.90,21.93,21.16,3.20,191,25.00,
1534.715089082718,27.57,22.97,21.97,21.20,3.20,191,25.00,
1535.38716340065,27.57,23.01,22.01,21.24,3.03,189,25.00,
1535.7266464233398,27.57,23.03,22.05,21.24,3.03,189,25.00,
1536.2837975025177,27.59,23.09,22.09,21.28,3.03,189,25.00,
1536.7385704517365,27.61,23.13,22.13,21.35,3.03,189,25.00,
1537.3687591552734,27.65,23.17,22.17,21.37,2.87,187,25.00,
1537.7484385967255,27.67,23.21,22.21,21.41,2.87,187,25.00,
1538.2951831817627,27.70,23.25,22.26,21.43,2.87,187,25.00,
1538.760351896286,27.70,23.27,22.30,21.43,2.87,187,25.00,
1539.4323906898499,27.70,23.34,22.34,21.49,2.70,185,25.00,
1539.7709991931915,27.72,23.38,22.38,21.53,2.70,185,25.00,
1540.3263483047485,27.74,23.42,22.42,21.57,2.70,185,25.00,
1540.7821798324585,27.76,23.46,22.46,21.61,2.70,185,25.00,
1541.446607351303,27.76,23.48,22.50,21.63,2.54,182,25.00,
1541.7941126823425,27.76,23.54,22.54,21.67,2.54,182,25.00,
1542.3545460700989,27.78,23.58,22.58,21.71,2.54,182,25.00,
1542.8038167953491,27.76,23.60,22.62,21.73,2.54,182,25.00,
1543.4764688014984,27.78,23.65,22.66,21.80,2.38,180,25.00,
1543.8165385723114,27.78,23.67,22.70,21.80,2.38,180,25.00,
1544.3684935569763,27.82,23.71,22.74,21.86,2.38,180,25.00,
1544.8271968364716,27.80,23.77,22.78,21.90,2.38,180,25.00,
1545.5041716098785,27.80,23.77,22.82,21.94,2.22,178,25.00,
1545.838695526123,27.82,23.83,22.86,21.96,2.22,178,25.00,
1546.396901845932,27.78,23.83,22.90,21.96,2.22,178,25.00,
1546.8491673469543,27.80,23.87,22.94,22.02,2.22,178,25.00,
1547.5204901695251,27.82,23.89,22.98,22.04,2.06,176,25.00,
1547.858832359314,27.78,23.91,23.01,22.10,2.06,176,25.00,
1548.410092830658,27.80,24.00,23.05,22.14,2.06,176,25.00,
1548.8717012405396,27.80,24.00,23.09,22.14,2.06,176,25.00,
1549.5464568138123,27.80,24.04,23.13,22.21,1.91,174,25.00,
1549.8844423294067,27.80,24.06,23.16,22.23,1.91,174,25.00,
1550.4369025230408,27.80,24.12,23.20,22.29,1.91,174,25.00,
1550.8940722942352,27.76,24.10,23.24,22.33,1.91,174,25.00,
1551.5738368034363,27.80,24.14,23.27,22.35,1.76,171,25.00,
1551.9100227355957,27.78,24.20,23.31,22.39,1.76,171,25.00,
1552.4650571346283,27.78,24.20,23.35,22.43,1.76,171,25.00,
1552.9204776287079,27.76,24.24,23.38,22.43,1.76,171,25.00,
1553.5803380012512,27.76,24.27,23.42,22.49,1.62,169,25.00,
1553.9273858070374,27.76,24.31,23.45,22.53,1.62,169,25.00,
1554.477745294571,27.74,24.33,23.49,22.56,1.62,169,25.00,
1554.9385192394257,27.72,24.35,23.52,22.58,1.62,169,25.00,
1555.6101124286652,27.72,24.37,23.55,22.62,1.48,167,25.00,
1555.9497244358063,27.72,24.41,23.59,22.66,1.48,167,25.00,
1556.5056285858154,27.72,24.43,23.62,22.68,1.48,167,25.00,
1556.9599602222443,27.70,24.45,23.65,22.70,1.48,167,25.00,
1557.58873128891,27.67,24.47,23.69,22.76,1.35,165,25.00,
1558.0236468315125,27.65,24.49,23.72,22.78,1.35,165,25.00,
1558.4757261276245,27.65,24.53,23.75,22.82,1.35,165,25.00,
1559.0285127162933,27.61,24.53,23.78,22.86,1.35,165,25.00,
1559.620451450348,27.61,24.56,23.81,22.84,1.22,163,25.00,
1559.9940330982208,27.59,24.56,23.84,22.88,1.22,163,25.00,
1560.5327816009521,27.59,24.62,23.87,22.95,1.22,163,25.00,
1561.003570318222,27.57,24.66,23.90,22.97,1.22,163,25.00,
1561.6658577919006,27.57,24.68,23.93,23.01,1.10,161,25.00,
1562.0162370204926,27.53,24.68,23.96,23.01,1.10,161,25.00,
1562.5785763263702,27.48,24.68,23.99,23.05,1.10,161,25.00,
1563.0268456935883,27.48,24.70,24.02,23.03,1.10,161,25.00,
1563.6984734535217,27.46,24.72,24.05,23.09,0.98,160,25.00,
1564.038831949234,27.46,24.76,24.08,23.13,0.98,160,25.00,
1564.593026638031,27.44,24.78,24.10,23.17,0.98,160,25.00,
1565.049702167511,27.40,24.78,24.13,23.15,0.98,160,25.00,
1565.7265005111694,27.42,24.83,24.16,23.21,0.87,158,25.00,
1566.0588674545288,27.40,24.87,24.19,23.23,0.87,158,25.00,
1566.618575811386,27.34,24.85,24.21,23.27,0.87,158,25.00,
1567.0710027217865,27.36,24.89,24.24,23.30,0.87,158,25.00,
1567.732604265213,27.34,24.89,24.26,23.34,0.76,156,25.00,
1568.0822200775146,27.31,24.91,24.29,23.36,0.76,156,25.00,
1568.6447756290436,27.29,24.91,24.31,23.38,0.76,156,25.00,
1569.0922899246216,27.27,24.93,24.34,23.40,0.76,156,25.00,
1569.763381242752,27.23,24.95,24.36,23.42,0.66,155,25.00,
1570.10400390625,27.23,24.95,24.39,23.46,0.66,155,25.00,
1570.6560018062592,27.19,24.95,24.41,23.46,0.66,155,25.00,
1571.1167297363281,27.19,24.97,24.43,23.50,0.66,155,25.00,
1571.7882323265076,27.19,24.99,24.45,23.52,0.57,153,25.00,
1572.128254890442,27.15,25.01,24.48,23.54,0.57,153,25.00,
1572.6772668361664,27.12,25.03,24.50,23.58,0.57,153,25.00,
1573.1378757953644,27.12,25.03,24.52,23.60,0.57,153,25.00,
1573.8081793785095,27.06,25.05,24.54,23.60,0.48,152,25.00,
1574.149691104889,27.02,25.03,24.56,23.67,0.48,152,25.00,
1574.7164824008942,27.02,25.05,24.58,23.67,0.48,152,25.00,
1575.1639466285706,27.02,25.07,24.60,23.69,0.48,152,25.00,
1575.8366949558258,27.02,25.10,24.62,23.71,0.40,150,25.00,
1576.1711513996124,27.00,25.12,24.64,23.73,0.40,150,25.00,
1576.7241613864899,26.98,25.12,24.66,23.75,0.40,150,25.00,
1577.1832659244537,26.94,25.12,24.68,23.77,0.40,150,25.00,
1577.8606281280518,26.91,25.14,24.70,23.81,0.32,149,25.00,
1578.1969532966614,26.87,25.12,24.72,23.81,0.32,149,25.00,
1578.7563865184784,26.83,25.14,24.73,23.85,0.32,149,25.00,
1579.2044382095337,26.83,25.16,24.75,23.85,0.32,149,25.00,
1579.8586671352386,26.83,25.16,24.77,23.87,0.25,148,25.00,
1580.2167179584503,26.77,25.14,24.78,23.89,0.25,148,25.00,
1580.7681322097778,26.77,25.18,24.80,23.87,0.25,148,25.00,
1581.2275576591492,26.75,25.18,24.81,23.91,0.25,148,25.00,
1581.9006388187408,26.75,25.18,24.83,23.96,0.19,147,25.00,
1582.237731218338,26.72,25.20,24.84,23.98,0.19,147,25.00,
1582.7947099208832,26.70,25.22,24.86,24.00,0.19,147,25.00,
1583.2489500045776,26.68,25.22,24.87,24.02,0.19,147,25.00,
1583.9105777740479,26.66,25.22,24.89,24.02,0.13,146,25.00,
1584.2609844207764,26.64,25.22,24.90,24.04,0.13,146,25.00,
1584.8201773166656,26.60,25.22,24.92,24.06,0.13,146,25.00,
1585.2710602283478,26.58,25.22,24.93,24.08,0.13,146,25.00,
1585.9450454711914,26.58,25.24,24.94,24.08,0.07,145,25.00,
1586.2833757400513,26.54,25.24,24.95,24.10,0.07,145,25.00,
1586.83846616745,26.54,25.24,24.97,24.12,0.07,145,25.00,
1587.29248046875,26.51,25.24,24.98,24.12,0.07,145,25.00,
1587.9557349681854,26.49,25.26,24.99,24.14,0.02,144,25.00,
1588.3059122562408,26.45,25.24,25.00,24.16,0.02,144,25.00,
1588.8662691116333,26.45,25.26,25.01,24.18,0.02,144,25.00,
1589.3166003227234,26.43,25.26,25.02,24.18,0.02,144,25.00,
1589.9814083576202,26.41,25.24,25.03,24.18,-0.02,143,25.00,
1590.3272149562836,26.37,25.26,25.04,24.22,-0.02,143,25.00,
1590.8773076534271,26.39,25.28,25.05,24.22,-0.02,143,25.00,
1591.3399324417114,26.39,25.30,25.06,24.24,-0.02,143,25.00,
1592.0106363296509,26.33,25.28,25.07,24.27,-0.06,142,25.00,
1592.3502938747406,26.31,25.28,25.08,24.24,-0.06,142,25.00,
1592.9035646915436,26.28,25.30,25.09,24.29,-0.06,142,25.00,
1593.3609113693237,26.28,25.30,25.10,24.29,-0.06,142,25.00,
1594.0388226509094,26.22,25.26,25.11,24.27,-0.10,142,25.00,
1594.3716626167297,26.26,25.32,25.12,24.33,-0.10,142,25.00,
1594.9351978302002,26.24,25.30,25.12,24.33,-0.10,142,25.00,
1595.3827950954437,26.20,25.30,25.13,24.33,-0.10,142,25.00,
1596.0514645576477,26.20,25.30,25.14,24.37,-0.13,141,25.00,
1596.3955142498016,26.18,25.32,25.15,24.37,-0.13,141,25.00,
1596.962382555008,26.18,25.30,25.15,24.37,-0.13,141,25.00,
1597.4099342823029,26.16,25.34,25.16,24.39,-0.13,141,25.00,
1598.0797424316406,26.10,25.28,25.17,24.37,-0.16,141,25.00,
1598.4171388149261,26.05,25.30,25.17,24.39,-0.16,141,25.00,
1598.9767105579376,26.08,25.30,25.18,24.41,-0.16,141,25.00,
1599.4273626804352,26.05,25.30,25.19,24.39,-0.16,141,25.00,
1600.0943007469177,26.05,25.30,25.19,24.43,-0.19,140,25.00,
1600.4382627010345,26.03,25.32,25.20,24.45,-0.19,140,25.00,
1601.0002436637878,26.01,25.30,25.20,24.41,-0.19,140,25.00,
1601.4509015083313,25.99,25.30,25.21,24.45,-0.19,140,25.00,
1602.1159467697144,25.93,25.30,25.21,24.45,-0.21,140,25.00,
1602.4620161056519,25.93,25.28,25.22,24.43,-0.21,140,25.00,
1603.0250494480133,25.93,25.32,25.22,24.47,-0.21,140,25.00,
1603.4724354743958,25.93,25.32,25.22,24.47,-0.21,140,25.00,
1604.145759344101,25.91,25.30,25.23,24.49,-0.22,139,25.00,
1604.4840579032898,25.91,25.32,25.23,24.51,-0.22,139,25.00,
1605.0419890880585,25.91,25.32,25.24,24.51,-0.22,139,25.00,
1605.4950342178345,25.85,25.28,25.24,24.51,-0.22,139,25.00,
1606.155634880066,25.85,25.26,25.24,24.49,-0.24,139,25.00,
1606.5061311721802,25.80,25.32,25.24,24.53,-0.24,139,25.00,
1607.0674982070923,25.85,25.32,25.25,24.56,-0.24,139,25.00,
1607.51717877388,25.82,25.30,25.25,24.53,-0.24,139,25.00,
1608.1832826137543,25.78,25.30,25.25,24.53,-0.25,139,25.00,
1608.5283052921295,25.80,25.32,25.26,24.58,-0.25,139,25.00,
1609.079525232315,25.78,25.32,25.26,24.58,-0.25,139,25.00,
1609.5393171310425,25.74,25.30,25.26,24.56,-0.25,139,25.00,
1610.2162251472473,25.76,25.30,25.26,24.58,-0.26,139,25.00,
1610.5543022155762,25.74,25.30,25.26,24.58,-0.26,139,25.00,
1611.1084377765656,25.74,25.30,25.27,24.58,-0.26,139,25.00,
1611.5612230300903,25.68,25.32,25.27,24.58,-0.26,139,25.00,
1612.2264611721039,25.70,25.28,25.27,24.58,-0.27,138,25.00,
1612.5727722644806,25.68,25.30,25.27,24.60,-0.27,138,25.00,
1613.137268781662,25.68,25.28,25.27,24.60,-0.27,138,25.00,
1613.5826637744904,25.66,25.26,25.27,24.56,-0.27,138,25.00,
1614.2549464702606,25.66,25.26,25.27,24.58,-0.27,138,25.00,
1614.5953102111816,25.64,25.26,25.27,24.58,-0.27,138,25.00,
1615.1506867408752,25.66,25.30,25.27,24.62,-0.27,138,25.00,
1615.6064629554749,25.66,25.28,25.27,24.60,-0.27,138,25.00,
1616.2419888973236,25.62,25.28,25.27,24.62,-0.27,138,25.00,
1616.61652135849,25.59,25.30,25.27,24.64,-0.27,138,25.00,
1617.1777839660645,25.59,25.28,25.27,24.62,-0.27,138,25.00,
1617.628705739975,25.57,25.24,25.28,24.58,-0.27,138,25.00,
1618.295592546463,25.55,25.28,25.27,24.62,-0.28,138,25.00,
1618.6406497955322,25.57,25.28,25.27,24.64,-0.28,138,25.00,1618.295592546463
1619.176169872284,25.55,25.26,25.27,24.62,-0.28,138,25.00,1618.295592546463
1619.7104318141937,25.49,25.26,25.27,24.64,-0.28,138,25.00,1618.295592546463
1620.290120601654,25.55,25.26,25.27,24.64,-0.27,138,25.00,1618.295592546463
1620.6621828079224,25.53,25.28,25.27,24.64,-0.27,138,25.00,1618.295592546463
1621.2159051895142,25.51,25.22,25.27,24.68,-0.27,138,25.00,1618.295592546463
1621.672883272171,25.55,25.28,25.27,24.66,-0.27,138,25.00,1618.295592546463
1622.3371276855469,25.49,25.22,25.27,24.62,-0.27,138,25.00,1618.295592546463
1622.684821844101,25.49,25.26,25.27,24.64,-0.27,138,25.00,1618.295592546463
1623.2453711032867,25.47,25.20,25.27,24.62,-0.27,138,25.00,1618.295592546463
1623.695335149765,25.49,25.24,25.27,24.64,-0.27,138,25.00,1618.295592546463
1624.3585753440857,25.51,25.24,25.26,24.66,-0.27,138,25.00,1618.295592546463
1624.706592798233,25.47,25.24,25.26,24.64,-0.27,138,25.00,1618.295592546463
1625.2711453437805,25.49,25.24,25.26,24.66,-0.27,138,25.00,1618.295592546463
1625.7167763710022,25.47,25.24,25.26,24.68,-0.27,138,25.00,1618.295592546463
1626.3875441551208,25.47,25.22,25.26,24.66,-0.26,138,25.00,1618.295592546463
1626.727386713028,25.41,25.24,25.26,24.64,-0.26,138,25.00,1618.295592546463
1627.2808599472046,25.41,25.20,25.26,24.60,-0.26,138,25.00,1618.295592546463
1627.7397298812866,25.45,25.24,25.25,24.66,-0.26,138,25.00,1618.295592546463
1628.4172513484955,25.43,25.20,25.25,24.62,-0.25,138,25.00,1618.295592546463
1628.751605272293,25.43,25.22,25.25,24.66,-0.25,138,25.00,1618.295592546463
1629.3118195533752,25.41,25.18,25.25,24.66,-0.25,138,25.00,1618.295592546463
1629.7618005275726,25.43,25.22,25.25,24.66,-0.25,138,25.00,1618.295592546463
1630.429024219513,25.39,25.16,25.24,24.66,-0.25,138,25.00,1618.295592546463
1630.7722325325012,25.41,25.22,25.24,24.68,-0.25,138,25.00,1618.295592546463
1631.3255169391632,25.41,25.22,25.24,24.68,-0.25,138,25.00,1618.295592546463
1631.7853441238403,25.39,25.22,25.24,24.66,-0.25,138,25.00,1618.295592546463
1632.4547035694122,25.39,25.20,25.24,24.66,-0.24,138,25.00,1618.295592546463
1632.7949764728546,25.39,25.20,25.23,24.64,-0.24,138,25.00,1618.295592546463
1633.3521029949188,25.41,25.22,25.23,24.68,-0.24,138,25.00,1618.295592546463
1633.8062064647675,25.37,25.20,25.23,24.66,-0.24,138,25.00,1618.295592546463
1634.486055612564,25.39,25.20,25.23,24.66,-0.23,138,25.00,1618.295592546463
1634.816439151764,25.37,25.20,25.23,24.66,-0.23,138,25.00,1618.295592546463
1635.380009174347,25.39,25.22,25.22,24.68,-0.23,138,25.00,1618.295592546463
1635.8289153575897,25.37,25.20,25.22,24.66,-0.23,138,25.00,1618.295592546463
1636.4973273277283,25.37,25.18,25.22,24.66,-0.22,139,25.00,1618.295592546463
1636.8392524719238,25.37,25.20,25.22,24.68,-0.22,139,25.00,1618.295592546463
1637.3748693466187,25.34,25.18,25.22,24.66,-0.22,139,25.00,1618.295592546463
1637.8516080379486,25.30,25.20,25.21,24.68,-0.22,139,25.00,1618.295592546463
1638.5268812179565,25.34,25.18,25.21,24.66,-0.21,139,25.00,1618.295592546463
1638.862565279007,25.37,25.18,25.21,24.66,-0.21,139,25.00,1618.295592546463
1639.4168167114258,25.34,25.20,25.21,24.68,-0.21,139,25.00,1618.295592546463
1639.8725221157074,25.32,25.20,25.20,24.66,-0.21,139,25.00,1618.295592546463
1640.5516984462738,25.28,25.16,25.20,24.68,-0.20,139,25.00,1618.295592546463
1640.8850481510162,25.32,25.18,25.20,24.66,-0.20,139,25.00,1618.295592546463
1641.4430921077728,25.30,25.14,25.20,24.62,-0.20,139,25.00,1618.295592546463
1641.8951885700226,25.34,25.18,25.19,24.66,-0.20,139,25.00,1618.295592546463
1642.5618777275085,25.32,25.16,25.19,24.68,-0.19,139,25.00,1618.295592546463
1642.9058406352997,25.34,25.18,25.19,24.66,-0.19,139,25.00,1618.295592546463
1643.4578850269318,25.32,25.18,25.19,24.66,-0.19,139,25.00,1618.295592546463
1643.9191708564758,25.34,25.18,25.19,24.68,-0.19,139,25.00,1618.295592546463
1644.5935325622559,25.34,25.18,25.18,24.68,-0.19,139,25.00,1618.295592546463
1644.931062221527,25.32,25.18,25.18,24.68,-0.19,139,25.00,1618.295592546463
1645.4854757785797,25.32,25.16,25.18,24.66,-0.19,139,25.00,1618.295592546463
1645.9400260448456,25.34,25.16,25.18,24.68,-0.19,139,25.00,1618.295592546463
1646.6061918735504,25.32,25.16,25.17,24.66,-0.18,139,25.00,1618.295592546463
1646.9511845111847,25.34,25.16,25.17,24.66,-0.18,139,25.00,1618.295592546463
1647.512380361557,25.28,25.16,25.17,24.66,-0.18,139,25.00,1618.295592546463
1647.9635093212128,25.32,25.16,25.17,24.66,-0.18,139,25.00,1618.295592546463
1648.6345500946045,25.32,25.16,25.16,24.66,-0.17,139,25.00,1618.295592546463
1648.9725549221039,25.30,25.16,25.16,24.64,-0.17,139,25.00,1618.295592546463
1649.5286185741425,25.30,25.16,25.16,24.66,-0.17,139,25.00,1618.295592546463
1649.9830973148346,25.32,25.16,25.16,24.68,-0.17,139,25.00,1618.295592546463
1650.6420121192932,25.32,25.16,25.16,24.66,-0.16,139,25.00,1618.295592546463
1650.9955787658691,25.30,25.16,25.15,24.64,-0.16,139,25.00,1618.295592546463
1651.55602145195,25.30,25.12,25.15,24.64,-0.16,139,25.00,1618.295592546463
1652.0065941810608,25.32,25.14,25.15,24.64,-0.16,139,25.00,1618.295592546463
1652.6714143753052,25.32,25.14,25.15,24.66,-0.15,139,25.00,1618.295592546463
1653.0171620845795,25.32,25.16,25.14,24.66,-0.15,139,25.00,1618.295592546463
1653.5493726730347,25.32,25.14,25.14,24.64,-0.15,139,25.00,1618.295592546463
1654.0289959907532,25.30,25.14,25.14,24.66,-0.15,139,25.00,1618.295592546463
1654.7040572166443,25.30,25.14,25.14,24.66,-0.14,140,25.00,1618.295592546463
1655.0395550727844,25.30,25.14,25.14,24.64,-0.14,140,25.00,1618.295592546463
1655.5991082191467,25.28,25.12,25.13,24.64,-0.14,140,25.00,1618.295592546463
1656.049513578415,25.30,25.14,25.13,24.66,-0.14,140,25.00,1618.295592546463
1656.7163453102112,25.30,25.12,25.13,24.64,-0.13,140,25.00,1618.295592546463
1657.0625593662262,25.32,25.14,25.13,24.64,-0.13,140,25.00,1618.295592546463
1657.6240494251251,25.30,25.12,25.12,24.64,-0.13,140,25.00,1618.295592546463
1658.0731210708618,25.30,25.12,25.12,24.64,-0.13,140,25.00,1618.295592546463
1658.7407383918762,25.30,25.12,25.12,24.64,-0.12,140,25.00,1618.295592546463
1659.0843713283539,25.30,25.12,25.12,24.64,-0.12,140,25.00,1618.295592546463
1659.651950120926,25.30,25.12,25.11,24.64,-0.12,140,25.00,1618.295592546463
1660.0971689224243,25.30,25.14,25.11,24.64,-0.12,140,25.00,1618.295592546463
1660.7696449756622,25.28,25.07,25.11,24.58,-0.11,140,25.00,1618.295592546463
1661.1061344146729,25.30,25.10,25.11,24.58,-0.11,140,25.00,1618.295592546463
1661.6657083034515,25.30,25.10,25.11,24.62,-0.11,140,25.00,1618.295592546463
1662.1171214580536,25.30,25.12,25.10,24.62,-0.11,140,25.00,1618.295592546463
1662.7792694568634,25.32,25.12,25.10,24.64,-0.10,140,25.00,1618.295592546463
1663.128336429596,25.30,25.10,25.10,24.64,-0.10,140,25.00,1618.295592546463
1663.692810535431,25.32,25.12,25.10,24.62,-0.10,140,25.00,1618.295592546463
1664.1385128498077,25.32,25.10,25.09,24.62,-0.10,140,25.00,1618.295592546463
1664.8132593631744,25.30,25.10,25.09,24.62,-0.09,140,25.00,1618.295592546463
1665.150279045105,25.26,25.07,25.09,24.64,-0.09,140,25.00,1618.295592546463
1665.7086322307587,25.30,25.10,25.09,24.62,-0.09,140,25.00,1618.295592546463
1666.1612985134125,25.30,25.10,25.09,24.62,-0.09,140,25.00,1618.295592546463
1666.8249914646149,25.30,25.10,25.08,24.62,-0.09,140,25.00,1618.295592546463
1667.1720669269562,25.32,25.10,25.08,24.62,-0.09,140,25.00,1618.295592546463
1667.7256309986115,25.32,25.10,25.08,24.62,-0.09,140,25.00,1618.295592546463
1668.183699131012,25.26,25.10,25.08,24.62,-0.09,140,25.00,1618.295592546463
1668.8549308776855,25.30,25.07,25.08,24.58,-0.08,141,25.00,1618.295592546463
1669.1941590309143,25.28,25.05,25.07,24.56,-0.08,141,25.00,1618.295592546463
1669.744351863861,25.30,25.10,25.07,24.60,-0.08,141,25.00,1618.295592546463
1670.2059817314148,25.34,25.10,25.07,24.62,-0.08,141,25.00,1618.295592546463
1670.8807723522186,25.30,25.07,25.07,24.60,-0.07,141,25.00,1618.295592546463
1671.2169952392578,25.28,25.05,25.07,24.56,-0.07,141,25.00,1618.295592546463
1671.7764627933502,25.32,25.07,25.06,24.60,-0.07,141,25.00,1618.295592546463
1672.229304075241,25.34,25.10,25.06,24.60,-0.07,141,25.00,1618.295592546463
1672.9042921066284,25.32,25.10,25.06,24.60,-0.06,141,25.00,1618.295592546463
1673.2481672763824,25.32,25.10,25.06,24.60,-0.06,141,25.00,1618.295592546463
1673.8049609661102,25.32,25.10,25.06,24.60,-0.06,141,25.00,1618.295592546463
1674.2509670257568,25.34,25.10,25.06,24.60,-0.06,141,25.00,1618.295592546463
1674.9224138259888,25.32,25.07,25.05,24.60,-0.06,141,25.00,1618.295592546463
1675.2623839378357,25.32,25.12,25.05,24.60,-0.06,141,25.00,1618.295592546463
1675.7978794574738,25.34,25.12,25.05,24.62,-0.06,141,25.00,1618.295592546463
1676.274085521698,25.34,25.10,25.05,24.62,-0.06,141,25.00,1618.295592546463
1676.9411926269531,25.34,25.07,25.05,24.58,-0.05,141,25.00,1618.295592546463
1677.2830247879028,25.34,25.10,25.05,24.60,-0.05,141,25.00,1618.295592546463
1677.8479335308075,25.37,25.10,25.05,24.60,-0.05,141,25.00,1618.295592546463
1678.295816898346,25.37,25.07,25.05,24.60,-0.05,141,25.00,1618.295592546463
1678.964914560318,25.34,25.10,25.04,24.64,-0.05,141,25.00,1618.295592546463
1679.3069686889648,25.30,25.10,25.04,24.62,-0.05,141,25.00,1618.295592546463
1679.8605332374573,25.30,25.10,25.04,24.62,-0.05,141,25.00,1618.295592546463
1680.3187561035156,25.32,25.05,25.04,24.62,-0.05,141,25.00,1618.295592546463
1680.993126153946,25.34,25.07,25.04,24.60,-0.04,141,25.00,1618.295592546463
1681.3284087181091,25.39,25.10,25.04,24.60,-0.04,141,25.00,1618.295592546463
1681.8859734535217,25.37,25.10,25.04,24.60,-0.04,141,25.00,1618.295592546463
1682.3402259349823,25.37,25.10,25.04,24.62,-0.04,141,25.00,1618.295592546463
1683.00226187706,25.37,25.07,25.03,24.60,-0.04,141,25.00,1618.295592546463
1683.3520140647888,25.34,25.05,25.03,24.58,-0.04,141,25.00,1618.295592546463
1683.912044286728,25.34,25.05,25.03,24.56,-0.04,141,25.00,1618.295592546463
1684.362374305725,25.37,25.07,25.03,24.60,-0.04,141,25.00,1618.295592546463
1685.029469013214,25.37,25.07,25.03,24.60,-0.03,141,25.00,1618.295592546463
1685.3719041347504,25.37,25.10,25.03,24.60,-0.03,141,25.00,1618.295592546463
1685.9238436222076,25.37,25.07,25.03,24.60,-0.03,141,25.00,1618.295592546463
1686.3848271369934,25.37,25.10,25.03,24.62,-0.03,141,25.00,1618.295592546463
1687.0632600784302,25.37,25.07,25.02,24.60,-0.03,141,25.00,1618.295592546463
1687.3982050418854,25.32,25.03,25.02,24.60,-0.03,141,25.00,1618.295592546463
1687.9539103507996,25.34,25.05,25.02,24.58,-0.03,141,25.00,1618.295592546463
1688.4069547653198,25.34,25.07,25.02,24.56,-0.03,141,25.00,1618.295592546463
1689.0716536045074,25.37,25.07,25.02,24.60,-0.02,141,25.00,1618.295592546463
1689.418305158615,25.37,25.07,25.02,24.60,-0.02,141,25.00,1618.295592546463
1689.9858503341675,25.37,25.10,25.02,24.60,-0.02,141,25.00,1618.295592546463
1690.4339377880096,25.37,25.07,25.02,24.60,-0.02,141,25.00,1618.295592546463
1691.1030242443085,25.37,25.07,25.02,24.60,-0.02,142,25.00,1618.295592546463
1691.4401535987854,25.37,25.12,25.02,24.62,-0.02,142,25.00,1618.295592546463
1691.9978427886963,25.39,25.10,25.02,24.62,-0.02,142,25.00,1618.295592546463
1692.4508397579193,25.39,25.07,25.01,24.60,-0.02,142,25.00,1618.295592546463
1693.1120088100433,25.39,25.10,25.01,24.62,-0.01,142,25.00,1618.295592546463
1693.4619071483612,25.37,25.07,25.01,24.58,-0.01,142,25.00,1618.295592546463
1694.0243873596191,25.34,25.07,25.01,24.60,-0.01,142,25.00,1618.295592546463
1694.4735035896301,25.34,25.10,25.01,24.60,-0.01,142,25.00,1618.295592546463
1695.147240638733,25.39,25.07,25.01,24.60,-0.01,142,25.00,1618.295592546463
1695.4861035346985,25.39,25.07,25.01,24.60,-0.01,142,25.00,1618.295592546463
1696.0368344783783,25.39,25.07,25.01,24.60,-0.01,142,25.00,1618.295592546463
1696.4965081214905,25.37,25.05,25.01,24.58,-0.01,142,25.00,1618.295592546463
1697.1267523765564,25.39,25.05,25.01,24.58,-0.01,142,25.00,1618.295592546463
1697.5076518058777,25.39,25.07,25.01,24.60,-0.01,142,25.00,1618.295592546463
1698.0711832046509,25.39,25.07,25.01,24.58,-0.01,142,25.00,1618.295592546463
1698.5175385475159,25.39,25.07,25.01,24.60,-0.01,142,25.00,1618.295592546463
1699.1871376037598,25.41,25.07,25.01,24.58,-0.01,142,25.00,1618.295592546463
1699.5291471481323,25.39,25.07,25.00,24.60,-0.01,142,25.00,1618.295592546463
1700.0801503658295,25.39,25.05,25.00,24.60,-0.01,142,25.00,1618.295592546463
1700.5410389900208,25.34,25.10,25.00,24.60,-0.01,142,25.00,1618.295592546463
1701.2129538059235,25.41,25.07,25.00,24.60,-0.00,142,25.00,1618.295592546463
1701.5510578155518,25.41,25.05,25.00,24.56,-0.00,142,25.00,1618.295592546463
1702.1136448383331,25.41,25.05,25.00,24.53,-0.00,142,25.00,1618.295592546463
1702.5621185302734,25.41,25.05,25.00,24.56,-0.00,142,25.00,1618.295592546463
1703.2303359508514,25.41,25.05,25.00,24.60,-0.00,142,25.00,1618.295592546463
1703.572321176529,25.41,25.05,25.00,24.56,-0.00,142,25.00,1618.295592546463
1704.126033782959,25.41,25.07,25.00,24.56,-0.00,142,25.00,1618.295592546463
1704.583858013153,25.37,25.03,25.00,24.56,-0.00,142,25.00,1618.295592546463
1705.2574305534363,25.41,25.07,25.00,24.58,0.00,142,25.00,1618.295592546463
1705.5942795276642,25.41,25.10,25.00,24.60,0.00,142,25.00,1618.295592546463
1706.1526296138763,25.41,25.10,25.00,24.60,0.00,142,25.00,1618.295592546463
1706.604809999466,25.39,25.07,25.00,24.58,0.00,142,25.00,1618.295592546463
1707.2677638530731,25.39,25.10,25.00,24.58,0.00,142,25.00,1618.295592546463
1707.6166243553162,25.41,25.10,25.00,24.58,0.00,142,25.00,1618.295592546463
1708.1810891628265,25.39,25.07,25.00,24.58,0.00,142,25.00,1618.295592546463
1708.6280193328857,25.41,25.10,25.00,24.58,0.00,142,25.00,1618.295592546463
1709.2978134155273,25.37,25.03,25.00,24.60,0.00,142,25.00,1618.295592546463
1709.6392531394958,25.41,25.07,25.00,24.53,0.00,142,25.00,1618.295592546463
1710.19872879982,25.41,25.05,24.99,24.56,0.00,142,25.00,1618.295592546463
1710.651121377945,25.41,25.07,24.99,24.58,0.00,142,25.00,1618.295592546463
1711.2839646339417,25.39,25.10,24.99,24.58,0.01,142,25.00,1618.295592546463
1711.662845134735,25.39,25.03,24.99,24.53,0.01,142,25.00,1618.295592546463
1712.2210609912872,25.43,25.07,24.99,24.58,0.01,142,25.00,1618.295592546463
1712.673327445984,25.43,25.10,24.99,24.58,0.01,142,25.00,1618.295592546463
1713.338940858841,25.43,25.07,24.99,24.56,0.01,142,25.00,1618.295592546463
1713.6845288276672,25.43,25.10,24.99,24.56,0.01,142,25.00,1618.295592546463
1714.2468655109406,25.41,25.07,24.99,24.56,0.01,142,25.00,1618.295592546463
1714.6955108642578,25.43,25.07,24.99,24.53,0.01,142,25.00,1618.295592546463
1715.3687613010406,25.45,25.07,24.99,24.58,0.01,142,25.00,1618.295592546463
1715.705777168274,25.43,25.07,24.99,24.58,0.01,142,25.00,1618.295592546463
1716.2623088359833,25.45,25.07,24.99,24.53,0.01,142,25.00,1618.295592546463
1716.717086315155,25.45,25.07,24.99,24.56,0.01,142,25.00,1618.295592546463
1717.3846554756165,25.43,25.07,24.99,24.53,0.01,142,25.00,1618.295592546463
1717.7267076969147,25.45,25.10,24.99,24.56,0.01,142,25.00,1618.295592546463
1718.292495250702,25.43,25.05,24.99,24.51,0.01,142,25.00,1618.295592546463
1718.7392859458923,25.43,25.10,24.99,24.56,0.01,142,25.00,1618.295592546463
1719.4103384017944,25.45,25.07,24.99,24.56,0.01,142,25.00,1618.295592546463
1719.749647140503,25.47,25.07,24.99,24.56,0.01,142,25.00,1618.295592546463
1720.301995754242,25.47,25.10,24.99,24.56,0.01,142,25.00,1618.295592546463
1720.760593175888,25.45,25.10,24.99,24.53,0.01,142,25.00,1618.295592546463
1721.4377341270447,25.47,25.10,24.99,24.56,0.01,142,25.00,1618.295592546463
1721.7745978832245,25.45,25.10,24.99,24.56,0.01,142,25.00,1618.295592546463
1722.3297526836395,25.43,25.05,24.99,24.51,0.01,142,25.00,1618.295592546463
1722.784509897232,25.45,25.10,24.99,24.56,0.01,142,25.00,1618.295592546463
1723.4522840976715,25.45,25.07,24.99,24.53,0.01,142,25.00,1618.295592546463
1723.795443534851,25.41,25.05,24.99,24.56,0.01,142,25.00,1618.295592546463
1724.3673124313354,25.45,25.10,24.99,24.56,0.01,142,25.00,1618.295592546463
1724.8115944862366,25.41,25.05,24.99,24.51,0.01,142,25.00,1618.295592546463
1725.4818902015686,25.47,25.10,24.99,24.53,0.01,142,25.00,1618.295592546463
1725.8177354335785,25.47,25.12,24.99,24.56,0.01,142,25.00,1618.295592546463
1726.3587310314178,25.43,25.12,24.99,24.53,0.01,142,25.00,1618.295592546463
1726.8278279304504,25.47,25.12,24.99,24.56,0.01,142,25.00,1618.295592546463
1727.499980688095,25.47,25.10,24.99,24.53,0.01,142,25.00,1618.295592546463
1727.8395338058472,25.41,25.07,24.99,24.56,0.01,142,25.00,1618.295592546463
1728.4087100028992,25.47,25.10,24.99,24.56,0.01,142,25.00,1618.295592546463
1728.8556587696075,25.47,25.10,24.99,24.58,0.01,142,25.00,1618.295592546463
1729.5262110233307,25.45,25.10,24.99,24.53,0.01,142,25.00,1618.295592546463
1729.8609273433685,25.49,25.10,25.00,24.53,0.01,142,25.00,1618.295592546463
1730.4199578762054,25.47,25.10,25.00,24.56,0.01,142,25.00,1618.295592546463
1730.873321056366,25.49,25.12,25.00,24.56,0.01,142,25.00,1618.295592546463
1731.540521621704,25.47,25.10,25.00,24.56,0.00,142,25.00,1618.295592546463
1731.883537530899,25.45,25.10,25.00,24.53,0.00,142,25.00,1618.295592546463
1732.433914899826,25.49,25.12,25.00,24.56,0.00,142,25.00,1618.295592546463
1732.894846200943,25.47,25.07,25.00,24.51,0.00,142,25.00,1618.295592546463
1733.5629196166992,25.47,25.10,25.00,24.56,0.00,142,25.00,1618.295592546463
1733.9064693450928,25.47,25.10,25.00,24.56,0.00,142,25.00,1618.295592546463
1734.456782579422,25.49,25.10,25.00,24.56,0.00,142,25.00,1618.295592546463
1734.9175441265106,25.43,25.10,25.00,24.56,0.00,142,25.00,1618.295592546463
1735.5910840034485,25.45,25.10,25.00,24.53,0.00,142,25.00,1618.295592546463
1735.9278764724731,25.47,25.10,25.00,24.53,0.00,142,25.00,1618.295592546463
1736.4911386966705,25.49,25.12,25.00,24.56,0.00,142,25.00,1618.295592546463
1736.9388234615326,25.49,25.07,25.00,24.51,0.00,142,25.00,1618.295592546463
1737.608516216278,25.49,25.10,25.00,24.56,0.00,142,25.00,1618.295592546463
1737.9496757984161,25.47,25.10,25.00,24.53,0.00,142,25.00,1618.295592546463
1738.4987318515778,25.47,25.10,25.00,24.56,0.00,142,25.00,1618.295592546463
1738.9623787403107,25.47,25.10,25.00,24.56,0.00,142,25.00,1618.295592546463
1739.6366167068481,25.47,25.07,25.00,24.53,0.00,142,25.00,1618.295592546463
1739.972826242447,25.45,25.12,25.00,24.56,0.00,142,25.00,1618.295592546463
1740.5291090011597,25.49,25.10,25.00,24.56,0.00,142,25.00,1618.295592546463
1740.9849472045898,25.49,25.10,25.00,24.53,0.00,142,25.00,1618.295592546463
1741.637023448944,25.49,25.10,25.00,24.56,-0.00,142,25.00,1618.295592546463
1741.9955496788025,25.47,25.12,25.00,24.56,-0.00,142,25.00,1618.295592546463
1742.5435309410095,25.49,25.10,25.00,24.53,-0.00,142,25.00,1618.295592546463
1743.0061566829681,25.49,25.10,25.00,24.56,-0.00,142,25.00,1618.295592546463
1743.6496224403381,25.49,25.10,25.00,24.56,-0.00,142,25.00,1618.295592546463
1744.017688035965,25.49,25.10,25.00,24.56,-0.00,142,25.00,1618.295592546463
1744.5477080345154,25.51,25.10,25.00,24.53,-0.00,142,25.00,1618.295592546463
1745.028305053711,25.47,25.10,25.00,24.53,-0.00,142,25.00,1618.295592546463
1745.6597394943237,25.49,25.10,25.00,24.56,-0.00,142,25.00,1618.295592546463
1746.094923734665,25.49,25.10,25.00,24.56,-0.00,142,25.00,1618.295592546463
1746.5446767807007,25.47,25.07,25.00,24.51,-0.00,142,25.00,1618.295592546463
1747.0830957889557,25.49,25.10,25.00,24.56,-0.00,142,25.00,1618.295592546463
1747.674063205719,25.47,25.10,25.00,24.53,-0.00,142,25.00,1618.295592546463
1748.1081659793854,25.49,25.10,25.00,24.53,-0.00,142,25.00,1618.295592546463
1748.5680344104767,25.49,25.10,25.00,24.56,-0.00,142,25.00,1618.295592546463
1749.0960891246796,25.47,25.07,25.00,24.51,-0.00,142,25.00,1618.295592546463
1749.7051582336426,25.49,25.10,25.00,24.56,-0.00,142,25.00,1618.295592546463
1750.0857863426208,25.49,25.10,25.00,24.56,-0.00,142,25.00,1618.295592546463
1750.6484394073486,25.49,25.12,25.00,24.56,-0.00,142,25.00,1618.295592546463
1751.0950174331665,25.51,25.12,25.00,24.58,-0.00,142,25.00,1618.295592546463
1751.7622327804565,25.45,25.12,25.00,24.58,-0.00,142,25.00,1618.295592546463
1752.1077122688293,25.49,25.12,25.00,24.56,-0.00,142,25.00,1618.295592546463
1752.6771652698517,25.49,25.12,25.01,24.58,-0.00,142,25.00,1618.295592546463
1753.1226167678833,25.49,25.10,25.01,24.53,-0.00,142,25.00,1618.295592546463
1753.790070772171,25.49,25.12,25.01,24.58,-0.01,142,25.00,1618.295592546463
1754.1288189888,25.49,25.12,25.01,24.58,-0.01,142,25.00,1618.295592546463
1754.6884660720825,25.51,25.14,25.01,24.58,-0.01,142,25.00,1618.295592546463
1755.1411817073822,25.51,25.12,25.01,24.58,-0.01,142,25.00,1618.295592546463
1755.8020117282867,25.49,25.12,25.01,24.58,-0.01,142,25.00,1618.295592546463
1756.1524310112,25.49,25.10,25.01,24.56,-0.01,142,25.00,1618.295592546463
1756.7123775482178,25.45,25.10,25.01,24.58,-0.01,142,25.00,1618.295592546463
1757.1647415161133,25.51,25.12,25.01,24.58,-0.01,142,25.00,1618.295592546463
1757.8353054523468,25.49,25.12,25.01,24.58,-0.01,142,25.00,1618.295592546463
1758.174392938614,25.47,25.07,25.01,24.58,-0.01,142,25.00,1618.295592546463
1758.7265622615814,25.51,25.12,25.01,24.58,-0.01,142,25.00,1618.295592546463
1759.1850728988647,25.49,25.12,25.01,24.58,-0.01,142,25.00,1618.295592546463
1759.8626487255096,25.51,25.12,25.01,24.58,-0.01,142,25.00,1618.295592546463
1760.1975727081299,25.49,25.12,25.01,24.58,-0.01,142,25.00,1618.295592546463
1760.7555975914001,25.49,25.12,25.01,24.58,-0.01,142,25.00,1618.295592546463
1761.2080473899841,25.49,25.14,25.01,24.60,-0.01,142,25.00,1618.295592546463
1761.876041650772,25.49,25.12,25.01,24.60,-0.01,142,25.00,1618.295592546463
1762.217776298523,25.49,25.10,25.01,24.56,-0.01,142,25.00,1618.295592546463
1762.783046245575,25.49,25.14,25.01,24.60,-0.01,142,25.00,1618.295592546463
1763.2342536449432,25.47,25.12,25.01,24.60,-0.01,142,25.00,1618.295592546463
1763.903571844101,25.49,25.12,25.01,24.60,-0.01,141,25.00,1618.295592546463
1764.24072599411,25.47,25.14,25.01,24.60,-0.01,141,25.00,1618.295592546463
1764.7980756759644,25.47,25.12,25.02,24.60,-0.01,141,25.00,1618.295592546463
1765.25226187706,25.47,25.12,25.02,24.60,-0.01,141,25.00,1618.295592546463
1765.917251110077,25.45,25.12,25.02,24.60,-0.02,141,25.00,1618.295592546463
1766.262817144394,25.45,25.12,25.02,24.60,-0.02,141,25.00,1618.295592546463
1766.829698562622,25.45,25.12,25.02,24.60,-0.02,141,25.00,1618.295592546463
1767.272982597351,25.45,25.14,25.02,24.60,-0.02,141,25.00,1618.295592546463
1767.945116519928,25.45,25.12,25.02,24.58,-0.02,141,25.00,1618.295592546463
1768.2851457595825,25.45,25.12,25.02,24.58,-0.02,141,25.00,1618.295592546463
1768.8402671813965,25.43,25.12,25.02,24.60,-0.02,141,25.00,1618.295592546463
1769.296510219574,25.43,25.12,25.02,24.58,-0.02,141,25.00,1618.295592546463
1769.9624063968658,25.45,25.12,25.02,24.62,-0.02,141,25.00,1618.295592546463
1770.307113647461,25.43,25.12,25.02,24.60,-0.02,141,25.00,1618.295592546463
1770.8620536327362,25.41,25.12,25.02,24.60,-0.02,141,25.00,1618.295592546463
1771.3182954788208,25.43,25.12,25.02,24.60,-0.02,141,25.00,1618.295592546463
1771.9876120090485,25.41,25.10,25.02,24.58,-0.02,141,25.00,1618.295592546463
1772.329335451126,25.43,25.14,25.02,24.62,-0.02,141,25.00,1618.295592546463
1772.880676984787,25.41,25.14,25.02,24.60,-0.02,141,25.00,1618.295592546463
1773.3400955200195,25.41,25.14,25.02,24.60,-0.02,141,25.00,1618.295592546463
1774.0156259536743,25.41,25.12,25.02,24.62,-0.02,141,25.00,1618.295592546463
1774.3514485359192,25.41,25.12,25.02,24.62,-0.02,141,25.00,1618.295592546463
1774.908414363861,25.43,25.12,25.02,24.62,-0.02,141,25.00,1618.295592546463
1775.3623678684235,25.43,25.12,25.02,24.62,-0.02,141,25.00,1618.295592546463
1776.0275444984436,25.41,25.12,25.02,24.62,-0.02,141,25.00,1618.295592546463
1776.3746151924133,25.41,25.12,25.02,24.60,-0.02,141,25.00,1618.295592546463
1776.9369888305664,25.41,25.12,25.02,24.62,-0.02,141,25.00,1618.295592546463
1777.3841714859009,25.41,25.12,25.02,24.62,-0.02,141,25.00,1618.295592546463
1778.055703163147,25.43,25.12,25.02,24.60,-0.02,141,25.00,1618.295592546463
1778.3955767154694,25.41,25.10,25.02,24.58,-0.02,141,25.00,1618.295592546463
1778.9509377479553,25.43,25.14,25.02,24.64,-0.02,141,25.00,1618.295592546463
1779.407751083374,25.41,25.10,25.02,24.56,-0.02,141,25.00,1618.295592546463
1780.0838072299957,25.43,25.12,25.02,24.62,-0.02,141,25.00,1618.295592546463
1780.4202389717102,25.43,25.12,25.02,24.60,-0.02,141,25.00,1618.295592546463
1780.973551750183,25.43,25.12,25.02,24.62,-0.02,141,25.00,1618.295592546463
1781.4305472373962,25.43,25.12,25.02,24.62,-0.02,141,25.00,1618.295592546463
1782.0963876247406,25.43,25.12,25.02,24.60,-0.02,141,25.00,1618.295592546463
1782.4415249824524,25.45,25.12,25.02,24.62,-0.02,141,25.00,1618.295592546463
1782.9941453933716,25.45,25.10,25.02,24.60,-0.02,141,25.00,1618.295592546463
1783.452672958374,25.41,25.07,25.02,24.56,-0.02,141,25.00,1618.295592546463
1784.1285274028778,25.43,25.12,25.02,24.62,-0.02,141,25.00,1618.295592546463
1784.4670078754425,25.41,25.12,25.02,24.62,-0.02,141,25.00,1618.295592546463
1785.0244536399841,25.43,25.12,25.02,24.62,-0.02,141,25.00,1618.295592546463
1785.474594593048,25.43,25.10,25.02,24.62,-0.02,141,25.00,1618.295592546463
1786.135503768921,25.43,25.10,25.02,24.60,-0.02,141,25.00,1618.295592546463
1786.485731601715,25.39,25.12,25.02,24.60,-0.02,141,25.00,1618.295592546463
1787.0466585159302,25.41,25.12,25.02,24.60,-0.02,141,25.00,1618.295592546463
1787.4961681365967,25.39,25.07,25.02,24.56,-0.02,141,25.00,1618.295592546463
1788.1729114055634,25.43,25.12,25.02,24.60,-0.02,141,25.00,1618.295592546463
1788.5061271190643,25.43,25.10,25.02,24.60,-0.02,141,25.00,1618.295592546463
1789.0637879371643,25.41,25.12,25.02,24.60,-0.02,141,25.00,1618.295592546463
1789.5191822052002,25.41,25.12,25.02,24.60,-0.02,141,25.00,1618.295592546463
1790.1524095535278,25.39,25.07,25.02,24.56,-0.02,141,25.00,1618.295592546463
1790.5295445919037,25.41,25.10,25.02,24.58,-0.02,141,25.00,1618.295592546463
1791.0980474948883,25.39,25.07,25.02,24.56,-0.02,141,25.00,1618.295592546463
1791.5410814285278,25.41,25.12,25.02,24.60,-0.02,141,25.00,1618.295592546463
1792.2137989997864,25.43,25.12,25.02,24.60,-0.02,141,25.00,1618.295592546463
1792.5523726940155,25.41,25.12,25.02,24.58,-0.02,141,25.00,1618.295592546463
1793.1098353862762,25.41,25.10,25.02,24.58,-0.02,141,25.00,1618.295592546463
1793.5626640319824,25.43,25.10,25.02,24.58,-0.02,141,25.00,1618.295592546463
1794.2257635593414,25.41,25.10,25.02,24.58,-0.02,141,25.00,1618.295592546463
1794.5740673542023,25.41,25.12,25.02,24.60,-0.02,141,25.00,1618.295592546463
1795.1316120624542,25.41,25.10,25.02,24.56,-0.02,141,25.00,1618.295592546463
1795.5858507156372,25.41,25.12,25.01,24.58,-0.02,141,25.00,1618.295592546463
1796.2537069320679,25.41,25.10,25.01,24.58,-0.01,141,25.00,1618.295592546463
1796.5960342884064,25.43,25.10,25.01,24.56,-0.01,141,25.00,1618.295592546463
1797.1536185741425,25.43,25.10,25.01,24.58,-0.01,141,25.00,1618.295592546463
1797.607654094696,25.41,25.10,25.01,24.56,-0.01,141,25.00,1618.295592546463
1798.281982421875,25.43,25.12,25.01,24.60,-0.01,141,25.00,1618.295592546463
1798.6186969280243,25.41,25.10,25.01,24.58,-0.01,141,25.00,1618.295592546463
1799.1720128059387,25.43,25.12,25.01,24.58,-0.01,141,25.00,1618.295592546463
1799.6302480697632,25.39,25.12,25.01,24.58,-0.01,141,25.00,1618.295592546463
1800.2619042396545,25.41,25.10,25.01,24.56,-0.01,141,25.00,1618.295592546463
1800.6420090198517,25.43,25.10,25.01,24.58,-0.01,141,25.00,1618.295592546463
1801.2027823925018,25.41,25.10,25.01,24.58,-0.01,141,25.00,1618.295592546463
1801.6522550582886,25.41,25.10,25.01,24.58,-0.01,141,25.00,1618.295592546463
1802.3214178085327,25.43,25.10,25.01,24.60,-0.01,141,25.00,1618.295592546463
1802.6644461154938,25.43,25.12,25.01,24.58,-0.01,141,25.00,1618.295592546463
1803.2156281471252,25.41,25.07,25.01,24.53,-0.01,141,25.00,1618.295592546463
1803.6746683120728,25.37,25.10,25.01,24.58,-0.01,141,25.00,1618.295592546463
1804.3465802669525,25.41,25.10,25.01,24.60,-0.01,141,25.00,1618.295592546463
1804.6854093074799,25.39,25.07,25.01,24.53,-0.01,141,25.00,1618.295592546463
1805.241173028946,25.37,25.07,25.01,24.53,-0.01,141,25.00,1618.295592546463
1805.6969730854034,25.39,25.10,25.01,24.60,-0.01,141,25.00,1618.295592546463
1806.3613362312317,25.34,25.07,25.01,24.60,-0.01,141,25.00,1618.295592546463
1806.7070996761322,25.41,25.10,25.01,24.58,-0.01,141,25.00,1618.295592546463
1807.271445274353,25.37,25.07,25.01,24.62,-0.01,141,25.00,1618.295592546463
1807.7190599441528,25.39,25.10,25.01,24.58,-0.01,141,25.00,1618.295592546463
1808.3885567188263,25.41,25.10,25.01,24.58,-0.01,141,25.00,1618.295592546463
1808.7301785945892,25.41,25.12,25.01,24.60,-0.01,141,25.00,1618.295592546463
1809.2811670303345,25.39,25.07,25.01,24.58,-0.01,141,25.00,1618.295592546463
1809.7396597862244,25.41,25.12,25.01,24.62,-0.01,141,25.00,1618.295592546463
1810.4169735908508,25.39,25.10,25.01,24.60,-0.01,142,25.00,1618.295592546463
1810.752788066864,25.41,25.12,25.01,24.60,-0.01,142,25.00,1618.295592546463
1811.3076717853546,25.41,25.10,25.01,24.56,-0.01,142,25.00,1618.295592546463
1811.7622649669647,25.41,25.10,25.01,24.58,-0.01,142,25.00,1618.295592546463
1812.4284706115723,25.39,25.10,25.01,24.56,-0.01,141,25.00,1618.295592546463
1812.7745847702026,25.41,25.07,25.01,24.56,-0.01,141,25.00,1618.295592546463
1813.3357229232788,25.43,25.12,25.01,24.60,-0.01,141,25.00,1618.295592546463
1813.78626704216,25.39,25.05,25.01,24.56,-0.01,141,25.00,1618.295592546463
1814.4547641277313,25.39,25.05,25.01,24.53,-0.01,142,25.00,1618.295592546463
1814.7972621917725,25.37,25.05,25.00,24.53,-0.01,142,25.00,1618.295592546463
1815.3511786460876,25.41,25.10,25.00,24.58,-0.01,142,25.00,1618.295592546463
1815.8080468177795,25.41,25.10,25.00,24.58,-0.01,142,25.00,1618.295592546463
1816.482854127884,25.43,25.10,25.00,24.58,-0.00,142,25.00,1618.295592546463
1816.8195388317108,25.43,25.12,25.00,24.58,-0.00,142,25.00,1618.295592546463
1817.3787524700165,25.45,25.10,25.00,24.58,-0.00,142,25.00,1618.295592546463
1817.8304657936096,25.43,25.12,25.00,24.58,-0.00,142,25.00,1618.295592546463
1818.4790642261505,25.43,25.10,25.00,24.58,-0.00,142,25.00,1618.295592546463
1818.8413953781128,25.45,25.10,25.00,24.58,-0.00,142,25.00,1618.295592546463
1819.4081161022186,25.45,25.10,25.00,24.58,-0.00,142,25.00,1618.295592546463
1819.855031967163,25.43,25.10,25.00,24.56,-0.00,142,25.00,1618.295592546463
1820.522032737732,25.41,25.10,25.00,24.58,-0.00,142,25.00,1618.295592546463
1820.8637611865997,25.43,25.07,25.00,24.53,-0.00,142,25.00,1618.295592546463
1821.4127938747406,25.43,25.07,25.00,24.51,-0.00,142,25.00,1618.295592546463
1821.874925851822,25.39,25.07,25.00,24.60,-0.00,142,25.00,1618.295592546463
1822.552452802658,25.47,25.10,25.00,24.58,-0.00,142,25.00,1618.295592546463
1822.8861057758331,25.43,25.10,25.00,24.58,-0.00,142,25.00,1618.295592546463
1823.4416842460632,25.45,25.12,25.00,24.58,-0.00,142,25.00,1618.295592546463
1823.8970696926117,25.43,25.12,25.00,24.58,-0.00,142,25.00,1618.295592546463
1824.5237131118774,25.41,25.05,25.00,24.56,-0.00,142,25.00,1618.295592546463
1824.9080572128296,25.47,25.10,25.00,24.56,-0.00,142,25.00,1618.295592546463
1825.4668374061584,25.45,25.10,25.00,24.56,-0.00,142,25.00,1618.295592546463
1825.9191370010376,25.43,25.07,25.00,24.56,-0.00,142,25.00,1618.295592546463
1826.583664894104,25.41,25.10,25.00,24.56,-0.00,142,25.00,1618.295592546463
1826.9305987358093,25.45,25.07,25.00,24.53,-0.00,142,25.00,1618.295592546463
1827.4364216327667,25.41,25.12,25.00,24.56,-0.00,142,25.00,1618.295592546463
1827.9939603805542,25.45,25.10,25.00,24.56,-0.00,142,25.00,1618.295592546463
1828.566888809204,25.45,25.10,25.00,24.56,-0.00,142,25.00,1618.295592546463
1828.9514870643616,25.43,25.07,25.00,24.51,-0.00,142,25.00,1618.295592546463
1829.511310338974,25.43,25.12,25.00,24.56,-0.00,142,25.00,1618.295592546463
1829.9639480113983,25.45,25.10,25.00,24.56,-0.00,142,25.00,1618.295592546463
1830.6310470104218,25.45,25.10,25.00,24.53,-0.00,142,25.00,1618.295592546463
1830.9735538959503,25.45,25.10,25.00,24.56,-0.00,142,25.00,1618.295592546463
1831.527593612671,25.45,25.10,25.00,24.56,-0.00,142,25.00,1618.295592546463
1831.9850325584412,25.45,25.10,25.00,24.56,-0.00,142,25.00,1618.295592546463
1832.659529209137,25.43,25.05,25.00,24.51,-0.00,142,25.00,1618.295592546463
1833.0009484291077,25.45,25.10,25.00,24.56,-0.00,142,25.00,1618.295592546463
1833.5599162578583,25.45,25.10,25.00,24.56,-0.00,142,25.00,1618.295592546463
1834.0077710151672,25.45,25.12,25.00,24.56,-0.00,142,25.00,1618.295592546463
1834.6769757270813,25.45,25.10,25.00,24.58,-0.00,142,25.00,1618.295592546463
1835.0181677341461,25.45,25.12,25.00,24.58,-0.00,142,25.00,1618.295592546463
1835.5554728507996,25.45,25.10,25.00,24.56,-0.00,142,25.00,1618.295592546463
1836.0306582450867,25.45,25.10,25.00,24.56,-0.00,142,25.00,1618.295592546463
1836.7076601982117,25.47,25.10,25.00,24.56,-0.00,142,25.00,1618.295592546463
1837.0430216789246,25.45,25.10,25.00,24.56,-0.00,142,25.00,1618.295592546463
1837.6026539802551,25.47,25.12,25.00,24.58,-0.00,142,25.00,1618.295592546463
1838.051685810089,25.45,25.05,25.00,24.58,-0.00,142,25.00,1618.295592546463
1838.721042394638,25.45,25.07,25.00,24.53,-0.00,142,25.00,1618.295592546463
1839.0634746551514,25.47,25.10,25.00,24.53,-0.00,142,25.00,1618.295592546463
1839.6146161556244,25.43,25.12,25.00,24.56,-0.00,142,25.00,1618.295592546463
1840.0754039287567,25.45,25.10,25.00,24.53,-0.00,142,25.00,1618.295592546463
1840.7526226043701,25.47,25.07,25.00,24.53,-0.00,142,25.00,1618.295592546463
1841.087527513504,25.49,25.12,25.00,24.56,-0.00,142,25.00,1618.295592546463
1841.6276712417603,25.49,25.12,25.00,24.58,-0.00,142,25.00,1618.295592546463
1842.097417831421,25.47,25.12,25.00,24.56,-0.00,142,25.00,1618.295592546463
1842.7657022476196,25.47,25.12,25.00,24.58,-0.00,142,25.00,1618.295592546463
1843.1086258888245,25.45,25.12,25.00,24.56,-0.00,142,25.00,1618.295592546463
1843.6730046272278,25.49,25.14,25.00,24.58,-0.00,142,25.00,1618.295592546463
1844.1219379901886,25.47,25.10,25.01,24.53,-0.00,142,25.00,1618.295592546463
1844.7889657020569,25.45,25.10,25.01,24.56,-0.01,142,25.00,1618.295592546463
1845.1306788921356,25.47,25.10,25.01,24.51,-0.01,142,25.00,1618.295592546463
1845.6862235069275,25.45,25.07,25.01,24.53,-0.01,142,25.00,1618.295592546463
1846.141723394394,25.43,25.12,25.00,24.56,-0.01,142,25.00,1618.295592546463
1846.7732183933258,25.49,25.12,25.01,24.56,-0.00,142,25.00,1618.295592546463
1847.1528267860413,25.45,25.12,25.01,24.56,-0.00,142,25.00,1618.295592546463
1847.7159049510956,25.49,25.12,25.01,24.58,-0.00,142,25.00,1618.295592546463
1848.1643271446228,25.49,25.12,25.01,24.58,-0.00,142,25.00,1618.295592546463
1848.8375108242035,25.47,25.10,25.01,24.58,-0.01,141,25.00,1618.295592546463
1849.1755638122559,25.47,25.12,25.01,24.56,-0.01,141,25.00,1618.295592546463
1849.7281968593597,25.45,25.10,25.01,24.56,-0.01,141,25.00,1618.295592546463
1850.185340166092,25.47,25.10,25.01,24.58,-0.01,141,25.00,1618.295592546463
1850.8609948158264,25.49,25.12,25.01,24.58,-0.01,141,25.00,1618.295592546463
1851.1970384120941,25.45,25.12,25.01,24.58,-0.01,141,25.00,1618.295592546463
1851.757452249527,25.47,25.12,25.01,24.58,-0.01,141,25.00,1618.295592546463
1852.2070665359497,25.47,25.12,25.01,24.58,-0.01,141,25.00,1618.295592546463
1852.8729221820831,25.47,25.10,25.01,24.58,-0.01,141,25.00,1618.295592546463
1853.2197189331055,25.47,25.10,25.01,24.60,-0.01,141,25.00,1618.295592546463
1853.7803559303284,25.45,25.12,25.01,24.60,-0.01,141,25.00,1618.295592546463
1854.230402469635,25.47,25.12,25.01,24.60,-0.01,141,25.00,1618.295592546463
1854.9022924900055,25.45,25.10,25.01,24.56,-0.01,141,25.00,1618.295592546463
1855.2415399551392,25.47,25.14,25.01,24.60,-0.01,141,25.00,1618.295592546463
1855.7956471443176,25.43,25.14,25.01,24.60,-0.01,141,25.00,1618.295592546463
1856.252887248993,25.45,25.10,25.01,24.56,-0.01,141,25.00,1618.295592546463
1856.8848147392273,25.41,25.14,25.01,24.60,-0.01,141,25.00,1618.295592546463
1857.2639000415802,25.43,25.12,25.01,24.60,-0.01,141,25.00,1618.295592546463
1857.8208878040314,25.43,25.12,25.01,24.60,-0.01,141,25.00,1618.295592546463
1858.2758197784424,25.45,25.12,25.01,24.60,-0.01,141,25.00,1618.295592546463
1858.9449710845947,25.45,25.12,25.01,24.60,-0.01,141,25.00,1618.295592546463
1859.285745382309,25.45,25.12,25.01,24.60,-0.01,141,25.00,1618.295592546463
1859.8520216941833,25.45,25.12,25.01,24.60,-0.01,141,25.00,1618.295592546463
1860.2999532222748,25.45,25.12,25.01,24.60,-0.01,141,25.00,1618.295592546463
1860.9672093391418,25.45,25.14,25.01,24.60,-0.01,141,25.00,1618.295592546463
1861.3088262081146,25.43,25.12,25.01,24.60,-0.01,141,25.00,1618.295592546463
1861.8619883060455,25.47,25.14,25.01,24.62,-0.01,141,25.00,1618.295592546463
1862.3198957443237,25.41,25.10,25.01,24.62,-0.01,141,25.00,1618.295592546463
1862.993373632431,25.43,25.10,25.01,24.56,-0.01,141,25.00,1618.295592546463
1863.332124710083,25.45,25.12,25.01,24.58,-0.01,141,25.00,1618.295592546463
1863.8937556743622,25.43,25.12,25.01,24.58,-0.01,141,25.00,1618.295592546463
1864.3413710594177,25.43,25.12,25.01,24.58,-0.01,141,25.00,1618.295592546463
1865.0071358680725,25.45,25.12,25.01,24.60,-0.01,141,25.00,1618.295592546463
1865.3524596691132,25.45,25.12,25.02,24.58,-0.01,141,25.00,1618.295592546463
1865.9184935092926,25.45,25.14,25.02,24.60,-0.01,141,25.00,1618.295592546463
1866.363083600998,25.41,25.07,25.02,24.58,-0.01,141,25.00,1618.295592546463
1867.0306570529938,25.41,25.07,25.02,24.53,-0.02,141,25.00,1618.295592546463
1867.374323129654,25.41,25.07,25.01,24.60,-0.02,141,25.00,1618.295592546463
1867.9305322170258,25.43,25.12,25.01,24.60,-0.02,141,25.00,1618.295592546463
1868.3862805366516,25.41,25.10,25.01,24.58,-0.02,141,25.00,1618.295592546463
1869.0632228851318,25.39,25.10,25.01,24.56,-0.01,141,25.00,1618.295592546463
1869.3982388973236,25.45,25.12,25.01,24.58,-0.01,141,25.00,1618.295592546463
1869.9535238742828,25.45,25.12,25.01,24.58,-0.01,141,25.00,1618.295592546463
1870.4078297615051,25.39,25.07,25.01,24.53,-0.01,141,25.00,1618.295592546463
1871.0715329647064,25.45,25.12,25.01,24.58,-0.01,141,25.00,1618.295592546463
1871.4181349277496,25.43,25.12,25.01,24.56,-0.01,141,25.00,1618.295592546463
1871.9830329418182,25.43,25.10,25.01,24.53,-0.01,141,25.00,1618.295592546463
1872.4310986995697,25.45,25.14,25.01,24.58,-0.01,141,25.00,1618.295592546463
1873.1026496887207,25.43,25.10,25.01,24.56,-0.01,141,25.00,1618.295592546463
1873.4417526721954,25.45,25.12,25.01,24.58,-0.01,141,25.00,1618.295592546463
1873.9907388687134,25.39,25.05,25.01,24.56,-0.01,141,25.00,1618.295592546463
1874.451611995697,25.41,25.10,25.01,24.56,-0.01,141,25.00,1618.295592546463
1875.1129441261292,25.43,25.07,25.01,24.51,-0.01,141,25.00,1618.295592546463
1875.4623601436615,25.45,25.12,25.01,24.58,-0.01,141,25.00,1618.295592546463
1876.0235908031464,25.43,25.10,25.01,24.53,-0.01,141,25.00,1618.295592546463
1876.4736623764038,25.41,25.07,25.01,24.53,-0.01,141,25.00,1618.295592546463
1877.1405670642853,25.43,25.10,25.01,24.56,-0.01,141,25.00,1618.295592546463
1877.4866859912872,25.41,25.10,25.01,24.53,-0.01,141,25.00,1618.295592546463
1877.9917106628418,25.43,25.10,25.01,24.56,-0.01,141,25.00,1618.295592546463
1878.5514287948608,25.43,25.10,25.01,24.56,-0.01,141,25.00,1618.295592546463
1879.1246724128723,25.41,25.10,25.01,24.53,-0.01,141,25.00,1618.295592546463
1879.50856590271,25.45,25.12,25.01,24.56,-0.01,141,25.00,1618.295592546463
1880.0695686340332,25.45,25.12,25.01,24.56,-0.01,141,25.00,1618.295592546463
1880.5195572376251,25.43,25.10,25.01,24.56,-0.01,141,25.00,1618.295592546463
1881.1900730133057,25.41,25.10,25.01,24.56,-0.01,141,25.00,1618.295592546463
1881.5304787158966,25.45,25.10,25.01,24.53,-0.01,141,25.00,1618.295592546463
1882.0766670703888,25.43,25.10,25.01,24.58,-0.01,141,25.00,1618.295592546463
1882.5410854816437,25.41,25.10,25.01,24.51,-0.01,141,25.00,1618.295592546463
1883.212771654129,25.43,25.10,25.01,24.58,-0.01,141,25.00,1618.295592546463
1883.5514380931854,25.43,25.10,25.01,24.56,-0.01,141,25.00,1618.295592546463
1884.1081104278564,25.43,25.10,25.01,24.56,-0.01,141,25.00,1618.295592546463
1884.5626182556152,25.41,25.10,25.01,24.56,-0.01,141,25.00,1618.295592546463
1885.199461698532,25.43,25.12,25.01,24.60,-0.01,141,25.00,1618.295592546463
1885.573884010315,25.39,25.07,25.01,24.56,-0.01,141,25.00,1618.295592546463
1886.1204590797424,25.41,25.10,25.01,24.56,-0.01,141,25.00,1618.295592546463
1886.5849022865295,25.41,25.10,25.01,24.56,-0.01,141,25.00,1618.295592546463
1887.23681306839,25.39,25.10,25.01,24.58,-0.01,141,25.00,1618.295592546463
1887.5962986946106,25.41,25.12,25.01,24.58,-0.01,141,25.00,1618.295592546463
1888.1370418071747,25.39,25.12,25.01,24.60,-0.01,141,25.00,1618.295592546463
1888.6712713241577,25.39,25.12,25.01,24.60,-0.01,141,25.00,1618.295592546463
1889.2382819652557,25.41,25.10,25.01,24.56,-0.01,141,25.00,1618.295592546463
1889.66921377182,25.41,25.12,25.01,24.60,-0.01,141,25.00,1618.295592546463
1890.1241836547852,25.41,25.12,25.01,24.60,-0.01,141,25.00,1618.295592546463
1890.6581687927246,25.39,25.07,25.01,24.56,-0.01,141,25.00,1618.295592546463
1891.2546064853668,25.39,25.10,25.01,24.58,-0.01,141,25.00,1618.295592546463
1891.6419641971588,25.39,25.10,25.01,24.58,-0.01,141,25.00,1618.295592546463
1892.203643321991,25.41,25.10,25.01,24.58,-0.01,141,25.00,1618.295592546463
1892.6517043113708,25.39,25.07,25.01,24.53,-0.01,141,25.00,1618.295592546463
1893.3076124191284,25.41,25.10,25.01,24.58,-0.01,141,25.00,1618.295592546463
1893.6641776561737,25.43,25.10,25.01,24.58,-0.01,141,25.00,1618.295592546463
1894.2214493751526,25.39,25.10,25.01,24.58,-0.01,141,25.00,1618.295592546463
1894.6740827560425,25.41,25.10,25.01,24.58,-0.01,141,25.00,1618.295592546463
1895.3291280269623,25.39,25.10,25.01,24.60,-0.01,141,25.00,1618.295592546463
1895.6863446235657,25.37,25.10,25.01,24.58,-0.01,141,25.00,1618.295592546463
1896.245129108429,25.37,25.12,25.01,24.60,-0.01,141,25.00,1618.295592546463
1896.698159456253,25.32,25.07,25.01,24.60,-0.01,141,25.00,1618.295592546463
1897.3324420452118,25.32,25.05,25.01,24.53,-0.01,141,25.00,1618.295592546463
1897.7080447673798,25.39,25.10,25.01,24.58,-0.01,141,25.00,1618.295592546463
1898.270982503891,25.34,25.07,25.01,24.56,-0.01,141,25.00,1618.295592546463
1898.7189478874207,25.34,25.10,25.00,24.58,-0.01,141,25.00,1618.295592546463
1899.3933534622192,25.37,25.10,25.00,24.58,-0.00,141,25.00,1618.295592546463
1899.7300050258636,25.34,25.10,25.00,24.58,-0.00,141,25.00,1618.295592546463
1900.2857563495636,25.37,25.10,25.00,24.56,-0.00,141,25.00,1618.295592546463
1900.7426662445068,25.37,25.12,25.00,24.60,-0.00,141,25.00,1618.295592546463
1901.371860742569,25.32,25.07,25.00,24.58,-0.00,141,25.00,1618.295592546463
1901.7534763813019,25.32,25.10,25.00,24.56,-0.00,141,25.00,1618.295592546463
1902.3184280395508,25.34,25.10,25.00,24.58,-0.00,141,25.00,1618.295592546463
1902.7664639949799,25.32,25.07,25.00,24.58,-0.00,141,25.00,1618.295592546463
1903.4188146591187,25.34,25.07,25.00,24.58,-0.00,141,25.00,1618.295592546463
1903.7758824825287,25.39,25.07,25.00,24.58,-0.00,141,25.00,1618.295592546463
1904.3275725841522,25.34,25.07,25.00,24.58,-0.00,141,25.00,1618.295592546463
1904.7865278720856,25.37,25.07,25.00,24.58,-0.00,141,25.00,1618.295592546463
1905.4497122764587,25.34,25.10,25.00,24.58,-0.00,141,25.00,1618.295592546463
1905.7981841564178,25.34,25.10,25.00,24.58,-0.00,141,25.00,1618.295592546463
1906.360152721405,25.32,25.05,25.00,24.53,-0.00,141,25.00,1618.295592546463
1906.8091707229614,25.34,25.07,25.00,24.58,-0.00,141,25.00,1618.295592546463
1907.4717428684235,25.34,25.07,25.00,24.58,0.00,142,25.00,1618.295592546463
1907.8191294670105,25.34,25.07,25.00,24.56,0.00,142,25.00,1618.295592546463
1908.3867514133453,25.37,25.07,25.00,24.58,0.00,142,25.00,1618.295592546463
1908.8353374004364,25.34,25.07,25.00,24.58,0.00,142,25.00,1618.295592546463
1909.5051255226135,25.37,25.05,25.00,24.56,0.00,142,25.00,1618.295592546463
1909.8406529426575,25.34,25.07,25.00,24.56,0.00,142,25.00,1618.295592546463
1910.4001636505127,25.34,25.05,25.00,24.53,0.00,142,25.00,1618.295592546463
1910.850840330124,25.39,25.10,25.00,24.60,0.00,142,25.00,1618.295592546463
1911.519305229187,25.37,25.07,25.00,24.58,0.00,142,25.00,1618.295592546463
1911.863468170166,25.34,25.05,24.99,24.53,0.00,142,25.00,1618.295592546463
1912.4277846813202,25.37,25.10,24.99,24.58,0.00,142,25.00,1618.295592546463
1912.8765044212341,25.34,25.07,24.99,24.56,0.00,142,25.00,1618.295592546463
1913.5499789714813,25.34,25.07,24.99,24.58,0.01,142,25.00,1618.295592546463
1913.8844859600067,25.34,25.05,24.99,24.56,0.01,142,25.00,1618.295592546463
1914.4412806034088,25.34,25.05,24.99,24.53,0.01,142,25.00,1618.295592546463
1914.8964591026306,25.37,25.07,24.99,24.56,0.01,142,25.00,1618.295592546463
1915.5605881214142,25.37,25.05,24.99,24.56,0.01,142,25.00,1618.295592546463
1915.9078454971313,25.39,25.07,24.99,24.56,0.01,142,25.00,1618.295592546463
1916.4720764160156,25.34,25.05,24.99,24.53,0.01,142,25.00,1618.295592546463
1916.918212890625,25.37,25.05,24.99,24.56,0.01,142,25.00,1618.295592546463
1917.5892639160156,25.34,25.05,24.99,24.58,0.01,142,25.00,1618.295592546463
1917.9293503761292,25.37,25.03,24.99,24.51,0.01,142,25.00,1618.295592546463
1918.4856007099152,25.39,25.07,24.99,24.56,0.01,142,25.00,1618.295592546463
1918.9418768882751,25.37,25.01,24.99,24.56,0.01,142,25.00,1618.295592546463
1919.5971598625183,25.37,25.03,24.99,24.49,0.01,142,25.00,1618.295592546463
1920.0038905143738,25.37,25.03,24.98,24.49,0.01,142,25.00,1618.295592546463
1920.4563930034637,25.39,25.05,24.98,24.56,0.01,142,25.00,1618.295592546463
1921.0228533744812,25.41,25.07,24.98,24.56,0.01,142,25.00,1618.295592546463
1921.5913772583008,25.39,25.07,24.98,24.56,0.02,142,25.00,1618.295592546463
1921.9743535518646,25.43,25.07,24.98,24.53,0.02,142,25.00,1618.295592546463
1922.5160927772522,25.43,25.07,24.98,24.56,0.02,142,25.00,1618.295592546463
1922.9857778549194,25.39,25.05,24.98,24.51,0.02,142,25.00,1618.295592546463
1923.6157052516937,25.39,25.05,24.98,24.51,0.02,142,25.00,1618.295592546463
1923.9956638813019,25.37,25.05,24.98,24.51,0.02,142,25.00,1618.295592546463
1924.5186729431152,25.39,25.10,24.98,24.58,0.02,142,25.00,1618.295592546463
1925.0499348640442,25.37,25.05,24.98,24.51,0.02,142,25.00,1618.295592546463
1925.6376552581787,25.37,25.07,24.98,24.53,0.02,142,25.00,1618.295592546463
1926.0176832675934,25.39,25.07,24.98,24.53,0.02,142,25.00,1618.295592546463
1926.5438182353973,25.37,25.07,24.98,24.56,0.02,142,25.00,1618.295592546463
1927.0289633274078,25.34,25.05,24.98,24.51,0.02,142,25.00,1618.295592546463
1927.6697344779968,25.39,25.07,24.98,24.56,5.02,239,30.00,1618.295592546463
1928.0396676063538,25.62,25.32,24.98,24.80,5.02,239,30.00,
1928.5928242206573,25.66,25.34,24.99,24.83,5.02,239,30.00,
1929.0510396957397,25.80,25.34,24.99,24.83,5.02,239,30.00,
1929.6796724796295,25.99,25.30,25.00,24.78,5.01,240,30.00,
1930.123296737671,26.20,25.28,25.00,24.80,5.01,240,30.00,
1930.568623304367,26.51,25.34,25.01,24.83,5.01,240,30.00,
1931.1344530582428,26.79,25.30,25.01,24.80,5.01,240,30.00,
1931.7083275318146,27.10,25.32,25.02,24.78,4.99,241,30.00,
1932.0841717720032,27.40,25.34,25.02,24.80,4.99,241,30.00,
1932.6490807533264,27.67,25.32,25.03,24.76,4.99,241,30.00,
1933.0971443653107,27.93,25.32,25.03,24.80,4.99,241,30.00,
1933.7584981918335,28.23,25.39,25.04,24.83,4.97,242,30.00,
1934.1082623004913,28.48,25.39,25.04,24.80,4.97,242,30.00,
1934.661547422409,28.67,25.43,25.05,24.80,4.97,242,30.00,
1935.133047580719,28.91,25.39,25.06,24.80,4.97,242,30.00,
1935.8290433883667,29.17,25.45,25.06,24.83,4.94,243,30.00,
1936.1435997486115,29.34,25.47,25.07,24.78,4.94,243,30.00,
1936.6340050697327,29.57,25.49,25.08,24.78,4.94,243,30.00,
1937.2323694229126,29.77,25.53,25.09,24.80,4.94,243,30.00,
1937.8253231048584,29.98,25.57,25.10,24.80,4.91,244,30.00,
1938.179818868637,30.18,25.64,25.11,24.85,4.91,244,30.00,
1938.708726644516,30.35,25.66,25.12,24.85,4.91,244,30.00,
1939.3083846569061,30.50,25.68,25.14,24.80,4.91,244,30.00,
1939.8427720069885,30.66,25.72,25.15,24.85,4.86,244,30.00,
1940.2220299243927,30.85,25.78,25.16,24.83,4.86,244,30.00,
1940.6848514080048,31.01,25.80,25.18,24.83,4.86,244,30.00,
1941.186200618744,31.18,25.89,25.20,24.87,4.86,244,30.00,
1941.813669204712,31.33,25.93,25.22,24.87,4.80,244,30.00,
1942.1964223384857,31.49,25.99,25.23,24.87,4.80,244,30.00,
1942.8130416870117,31.64,26.03,25.25,24.87,4.80,244,30.00,
1943.2994151115417,31.73,26.05,25.28,24.89,4.80,244,30.00,
1943.8574969768524,31.91,26.12,25.30,24.89,4.72,244,30.00,
1944.2772958278656,32.02,26.16,25.32,24.89,4.72,244,30.00,
1944.723601102829,32.19,26.26,25.34,24.91,4.72,244,30.00,
1945.2813301086426,32.33,26.31,25.37,24.91,4.72,244,30.00,
1945.8672680854797,32.46,26.37,25.39,24.95,4.63,244,30.00,
1946.2841053009033,32.57,26.41,25.42,24.95,4.63,244,30.00,
1946.7461168766022,32.68,26.47,25.45,24.97,4.63,244,30.00,
1947.284303188324,32.82,26.54,25.48,24.99,4.63,244,30.00,
1947.883679151535,32.95,26.58,25.51,24.99,4.52,243,30.00,
1948.2653632164001,33.02,26.64,25.54,25.01,4.52,243,30.00,
1948.8222501277924,33.18,26.70,25.57,25.03,4.52,243,30.00,
1949.2754173278809,33.27,26.75,25.60,25.03,4.52,243,30.00,
1949.9444799423218,33.38,26.79,25.63,25.03,4.40,242,30.00,
1950.285055398941,33.47,26.87,25.66,25.07,4.40,242,30.00,
1950.837553024292,33.60,26.94,25.70,25.12,4.40,242,30.00,
1951.296993970871,33.67,27.00,25.73,25.14,4.40,242,30.00,
1951.9749603271484,33.81,27.04,25.77,25.16,4.27,241,30.00,
1952.3090152740479,33.92,27.12,25.81,25.20,4.27,241,30.00,
1952.8677973747253,34.01,27.17,25.84,25.22,4.27,241,30.00,
1953.3182945251465,34.10,27.25,25.88,25.24,4.27,241,30.00,
1953.9915299415588,34.19,27.29,25.92,25.26,4.12,240,30.00,
1954.3298161029816,34.24,27.36,25.96,25.30,4.12,240,30.00,
1954.8951961994171,34.35,27.42,26.00,25.30,4.12,240,30.00,
1955.3448839187622,34.44,27.48,26.04,25.34,4.12,240,30.00,
1956.0032320022583,34.51,27.50,26.08,25.34,3.96,238,30.00,
1956.3515899181366,34.58,27.57,26.12,25.41,3.96,238,30.00,
1956.8742909431458,34.67,27.63,26.16,25.41,3.96,238,30.00,
1957.4209146499634,34.79,27.72,26.20,25.49,3.96,238,30.00,
1957.9937574863434,34.85,27.78,26.25,25.51,3.80,236,30.00,
1958.3750348091125,34.88,27.80,26.29,25.53,3.80,236,30.00,
1958.9339427947998,34.92,27.89,26.33,25.53,3.80,236,30.00,
1959.3844532966614,34.92,27.95,26.38,25.59,3.80,236,30.00,
1960.0513525009155,35.04,28.03,26.42,25.64,3.62,234,30.00,
1960.3953747749329,35.04,28.08,26.47,25.66,3.62,234,30.00,
1960.9402780532837,35.11,28.16,26.51,25.70,3.62,234,30.00,
1961.4066579341888,35.15,28.23,26.56,25.74,3.62,234,30.00,
1962.0540189743042,35.22,28.27,26.61,25.76,3.44,231,30.00,
1962.4182858467102,35.25,28.31,26.65,25.78,3.44,231,30.00,
1962.9732851982117,35.31,28.40,26.70,25.85,3.44,231,30.00,
1963.4286887645721,35.34,28.44,26.75,25.89,3.44,231,30.00,
1964.102283000946,35.41,28.50,26.79,25.93,3.25,229,30.00,
1964.4398691654205,35.41,28.55,26.84,25.93,3.25,229,30.00,
1964.9937047958374,35.48,28.57,26.89,25.95,3.25,229,30.00,
1965.451164007187,35.50,28.63,26.94,26.03,3.25,229,30.00,
1966.089051246643,35.55,28.72,26.98,26.08,3.06,226,30.00,
1966.4624967575073,35.55,28.76,27.03,26.10,3.06,226,30.00,
1967.0165376663208,35.55,28.82,27.08,26.14,3.06,226,30.00,
1967.474131345749,35.55,28.89,27.13,26.20,3.06,226,30.00,
1968.1034688949585,35.55,28.93,27.18,26.20,2.87,224,30.00,
1968.4857835769653,35.55,28.97,27.22,26.24,2.87,224,30.00,
1969.0301213264465,35.55,28.99,27.27,26.26,2.87,224,30.00,
1969.5028400421143,35.55,29.08,27.32,26.37,2.87,224,30.00,
1970.12526345253,35.55,29.12,27.37,26.37,2.68,221,30.00,
1970.5078785419464,35.57,29.17,27.42,26.43,2.68,221,30.00,
1971.0137722492218,35.55,29.23,27.46,26.47,2.68,221,30.00,
1971.6324381828308,35.55,29.27,27.51,26.51,2.68,221,30.00,
1972.3022947311401,35.57,29.32,27.56,26.56,2.49,218,30.00,
1972.5626718997955,35.57,29.36,27.61,26.60,2.49,218,30.00,
1973.125682592392,35.55,29.38,27.66,26.60,2.49,218,30.00,
1973.6216683387756,35.55,29.47,27.70,26.68,2.49,218,30.00,
1974.1978948116302,35.57,29.44,27.75,26.68,2.30,215,30.00,
1974.5939598083496,35.55,29.53,27.80,26.77,2.30,215,30.00,
1975.0568206310272,35.55,29.57,27.84,26.77,2.30,215,30.00,
1975.563692331314,35.55,29.60,27.89,26.83,2.30,215,30.00,
1976.2339227199554,35.57,29.66,27.94,26.87,2.11,213,30.00,
1976.5733349323273,35.55,29.72,27.98,26.91,2.11,213,30.00,
1977.100937128067,35.55,29.70,28.03,26.91,2.11,213,30.00,
1977.6228682994843,35.57,29.77,28.07,27.00,2.11,213,30.00,
1978.3616807460785,35.57,29.81,28.12,27.04,1.93,210,30.00,
1978.5955469608307,35.57,29.85,28.16,27.08,1.93,210,30.00,
1979.1580021381378,35.55,29.90,28.21,27.12,1.93,210,30.00,
1979.6349194049835,35.57,29.92,28.25,27.17,1.93,210,30.00,
1980.3452734947205,35.57,29.98,28.29,27.21,1.75,207,30.00,
1980.722481250763,35.55,30.01,28.34,27.25,1.75,207,30.00,
1981.1751716136932,35.57,30.05,28.38,27.25,1.75,207,30.00,
1981.6308555603027,35.55,30.09,28.42,27.31,1.75,207,30.00,
1982.3613803386688,35.57,30.11,28.47,27.36,1.58,204,30.00,
1982.810162305832,35.55,30.16,28.51,27.40,1.58,204,30.00,
1983.146961927414,35.57,30.18,28.55,27.44,1.58,204,30.00,
1983.652944803238,35.55,30.22,28.59,27.46,1.58,204,30.00,
1984.2835652828217,35.57,30.22,28.63,27.50,1.41,202,30.00,
1984.8111844062805,35.57,30.29,28.67,27.55,1.41,202,30.00,
1985.169000864029,35.55,30.31,28.72,27.59,1.41,202,30.00,
1985.72549533844,35.55,30.33,28.76,27.63,1.41,202,30.00,
1986.4539923667908,35.55,30.40,28.79,27.67,1.24,199,30.00,
1986.7307286262512,35.55,30.42,28.83,27.70,1.24,199,30.00,
1987.283816576004,35.55,30.44,28.87,27.74,1.24,199,30.00,
1987.7177422046661,35.57,30.50,28.91,27.80,1.24,199,30.00,
1988.3914630413055,35.55,30.48,28.95,27.80,1.09,197,30.00,
1988.7282674312592,35.55,30.53,28.99,27.84,1.09,197,30.00,
1989.2137167453766,35.55,30.57,29.03,27.89,1.09,197,30.00,
1989.720034122467,35.55,30.55,29.06,27.91,1.09,197,30.00,
1990.3710486888885,35.55,30.59,29.10,27.93,0.94,194,30.00,
1990.7310435771942,35.55,30.66,29.14,27.99,0.94,194,30.00,
1991.4107484817505,35.55,30.66,29.17,28.01,0.94,194,30.00,
1991.7532939910889,35.55,30.70,29.21,28.06,0.94,194,30.00,
1992.5504682064056,35.52,30.66,29.24,28.06,0.79,192,30.00,
1992.8995044231415,35.52,30.72,29.28,28.12,0.79,192,30.00,
1993.2576570510864,35.52,30.74,29.31,28.16,0.79,192,30.00,
1993.7644884586334,35.50,30.77,29.34,28.18,0.79,192,30.00,
1994.4174463748932,35.45,30.79,29.38,28.23,0.66,189,30.00,
1994.8355724811554,35.45,30.79,29.41,28.23,0.66,189,30.00,
1995.3631341457367,35.38,30.85,29.44,28.29,0.66,189,30.00,
1995.8023471832275,35.38,30.85,29.48,28.31,0.66,189,30.00,
1996.4569599628448,35.36,30.85,29.51,28.31,0.52,187,30.00,
1996.882556438446,35.36,30.90,29.54,28.35,0.52,187,30.00,
1997.3111913204193,35.31,30.90,29.57,28.40,0.52,187,30.00,
1997.8826429843903,35.27,30.90,29.60,28.44,0.52,187,30.00,
1998.533152103424,35.27,30.94,29.63,28.46,0.40,185,30.00,
1998.9585936069489,35.25,30.94,29.66,28.48,0.40,185,30.00,
1999.3513855934143,35.22,30.94,29.69,28.48,0.40,185,30.00,
1999.8437995910645,35.15,30.98,29.71,28.55,0.40,185,30.00,
2000.455994129181,35.15,30.98,29.74,28.57,0.29,183,30.00,
2000.843697309494,35.11,30.98,29.77,28.61,0.29,183,30.00,
2001.386093378067,35.06,31.01,29.79,28.63,0.29,183,30.00,
2001.851726770401,35.06,31.01,29.82,28.67,0.29,183,30.00,
2002.4869837760925,35.02,31.01,29.85,28.67,0.18,181,30.00,
2003.0084578990936,34.95,30.98,29.87,28.67,0.18,181,30.00,
2003.369108915329,34.97,31.05,29.89,28.76,0.18,181,30.00,
2003.8752686977386,34.92,31.07,29.92,28.80,0.18,181,30.00,
2004.6184966564178,34.88,31.05,29.94,28.78,0.08,180,30.00,
2004.970079421997,34.85,31.09,29.96,28.82,0.08,180,30.00,
2005.4374475479126,34.83,31.09,29.99,28.87,0.08,180,30.00,
2005.9175162315369,34.81,31.12,30.01,28.87,0.08,180,30.00,
2006.6985521316528,34.79,31.12,30.03,28.91,-0.01,178,30.00,
2006.992075920105,34.74,31.12,30.05,28.93,-0.01,178,30.00,
2007.510681629181,34.74,31.16,30.07,28.95,-0.01,178,30.00,
2007.9204461574554,34.69,31.16,30.10,28.97,-0.01,178,30.00,
2008.6268682479858,34.63,31.16,30.12,28.99,-0.10,176,30.00,
2009.0524673461914,34.63,31.18,30.14,29.02,-0.10,176,30.00,
2009.437192440033,34.63,31.20,30.16,29.04,-0.10,176,30.00,
2009.9428541660309,34.56,31.20,30.18,29.06,-0.10,176,30.00,
2010.5906584262848,34.53,31.20,30.19,29.10,-0.18,175,30.00,
2011.0500936508179,34.49,31.20,30.21,29.10,-0.18,175,30.00,
2011.4913232326508,34.47,31.22,30.23,29.12,-0.18,175,30.00,
2012.0276033878326,34.44,31.22,30.25,29.14,-0.18,175,30.00,
2012.5882949829102,34.37,31.20,30.27,29.12,-0.25,173,30.00,
2013.0573735237122,34.35,31.22,30.28,29.17,-0.25,173,30.00,
2013.4823660850525,34.33,31.25,30.30,29.19,-0.25,173,30.00,
2014.0203301906586,34.26,31.20,30.32,29.19,-0.25,173,30.00,
2014.7348341941833,34.26,31.25,30.33,29.23,-0.32,172,30.00,
2015.070907831192,34.21,31.27,30.35,29.25,-0.32,172,30.00,
2015.503170967102,34.21,31.27,30.36,29.25,-0.32,172,30.00,
2016.0657622814178,34.19,31.29,30.37,29.29,-0.32,172,30.00,
2016.6732597351074,34.15,31.25,30.39,29.29,-0.37,171,30.00,
2017.0211007595062,34.10,31.27,30.40,29.32,-0.37,171,30.00,
2017.5268790721893,34.03,31.22,30.42,29.29,-0.37,171,30.00,
2018.1602141857147,34.06,31.27,30.43,29.38,-0.37,171,30.00,
2018.6664843559265,33.99,31.22,30.44,29.40,-0.43,170,30.00,
2019.0436606407166,33.99,31.27,30.45,29.40,-0.43,170,30.00,
2019.6745529174805,33.94,31.27,30.46,29.40,-0.43,170,30.00,
2020.053073167801,33.92,31.27,30.47,29.42,-0.43,170,30.00,
2020.677745103836,33.87,31.27,30.48,29.44,-0.47,169,30.00,
2021.0658061504364,33.83,31.29,30.50,29.44,-0.47,169,30.00,
2021.5708603858948,33.83,31.29,30.51,29.47,-0.47,169,30.00,
2022.0769679546356,33.76,31.27,30.52,29.49,-0.47,169,30.00,
2022.8617157936096,33.76,31.27,30.53,29.49,-0.52,168,30.00,
2023.0878176689148,33.72,31.29,30.53,29.51,-0.52,168,30.00,
2023.6808972358704,33.69,31.27,30.54,29.51,-0.52,168,30.00,
2024.107914686203,33.65,31.27,30.55,29.51,-0.52,168,30.00,
2024.7225000858307,33.65,31.27,30.56,29.53,-0.55,167,30.00,
2025.1264340877533,33.60,31.27,30.57,29.53,-0.55,167,30.00,
2025.636957168579,33.60,31.27,30.57,29.55,-0.55,167,30.00,
2026.1773962974548,33.58,31.29,30.58,29.57,-0.55,167,30.00,
2026.7542805671692,33.49,31.22,30.59,29.60,-0.58,167,30.00,
2027.217467546463,33.49,31.29,30.59,29.60,-0.58,167,30.00,
2027.6697571277618,33.47,31.27,30.60,29.60,-0.58,167,30.00,
2028.194349527359,33.45,31.27,30.61,29.60,-0.58,167,30.00,
2028.8953897953033,33.45,31.27,30.61,29.62,-0.61,166,30.00,
2029.154700756073,33.40,31.27,30.62,29.62,-0.61,166,30.00,
2029.6712427139282,33.36,31.27,30.62,29.62,-0.61,166,30.00,
2030.1657707691193,33.33,31.27,30.63,29.64,-0.61,166,30.00,
2030.8624951839447,33.33,31.27,30.63,29.66,-0.63,165,30.00,
2031.1939680576324,33.24,31.25,30.64,29.66,-0.63,165,30.00,
2031.6986944675446,33.29,31.25,30.64,29.66,-0.63,165,30.00,
2032.2263684272766,33.22,31.25,30.64,29.66,-0.63,165,30.00,
2032.8833758831024,33.24,31.25,30.65,29.68,-0.64,165,30.00,
2033.2985122203827,33.22,31.25,30.65,29.68,-0.64,165,30.00,
2033.7026908397675,33.13,31.20,30.65,29.70,-0.64,165,30.00,
2034.2120923995972,33.11,31.20,30.66,29.66,-0.64,165,30.00,
2034.8945484161377,33.13,31.22,30.66,29.72,-0.66,165,30.00,
2035.332429409027,33.09,31.22,30.66,29.72,-0.66,165,30.00,
2035.7261691093445,33.06,31.22,30.66,29.75,-0.66,165,30.00,
2036.2787296772003,33.06,31.22,30.66,29.77,-0.66,165,30.00,
2036.8637528419495,33.04,31.20,30.66,29.75,-0.66,164,30.00,
2037.2428805828094,33.02,31.20,30.67,29.75,-0.66,164,30.00,
2037.8062813282013,32.95,31.16,30.67,29.70,-0.66,164,30.00,
2038.3688278198242,32.97,31.18,30.67,29.75,-0.66,164,30.00,
2038.8763003349304,32.95,31.18,30.67,29.77,-0.67,164,30.00,
2039.265546798706,32.93,31.20,30.67,29.79,-0.67,164,30.00,
2039.7955343723297,32.93,31.20,30.67,29.81,-0.67,164,30.00,
2040.3145616054535,32.88,31.20,30.67,29.81,-0.67,164,30.00,
2040.951060295105,32.88,31.18,30.67,29.79,-0.67,164,30.00,
2041.2873990535736,32.84,31.18,30.67,29.79,-0.67,164,30.00,
2041.8366179466248,32.82,31.18,30.67,29.79,-0.67,164,30.00,
2042.3945798873901,32.82,31.18,30.67,29.81,-0.67,164,30.00,
2042.924327135086,32.80,31.18,30.67,29.83,-0.67,164,30.00,
2043.3648145198822,32.77,31.16,30.66,29.81,-0.67,164,30.00,
2043.8846209049225,32.75,31.16,30.66,29.83,-0.67,164,30.00,
2044.3205122947693,32.75,31.16,30.66,29.83,-0.67,164,30.00,
2045.0176849365234,32.75,31.16,30.66,29.85,-0.66,164,30.00,
2045.3702447414398,32.71,31.16,30.66,29.85,-0.66,164,30.00,
2045.8381843566895,32.71,31.16,30.66,29.85,-0.66,164,30.00,
2046.4607758522034,32.68,31.16,30.66,29.85,-0.66,164,30.00,
2047.0459480285645,32.64,31.16,30.65,29.85,-0.66,163,30.00,
2047.3530638217926,32.68,31.14,30.65,29.85,-0.66,163,30.00,
2047.860251903534,32.66,31.14,30.65,29.85,-0.66,163,30.00,
2048.379838705063,32.64,31.14,30.65,29.85,-0.66,163,30.00,
2049.0015428066254,32.64,31.12,30.65,29.85,-0.65,163,30.00,
2049.375892162323,32.59,31.14,30.64,29.90,-0.65,163,30.00,
2050.1272706985474,32.55,31.12,30.64,29.88,-0.65,163,30.00,
2050.539337873459,32.55,31.09,30.64,29.88,-0.65,163,30.00,
2051.098016500473,32.55,31.09,30.64,29.88,-0.64,163,30.00,
2051.398131608963,32.53,31.09,30.63,29.90,-0.64,163,30.00,
2051.963909626007,32.51,31.09,30.63,29.90,-0.64,163,30.00,
2052.468546628952,32.51,31.09,30.63,29.90,-0.64,163,30.00,
2053.030184984207,32.48,31.05,30.62,29.88,-0.63,163,30.00,
2053.4621963500977,32.46,31.05,30.62,29.85,-0.63,163,30.00,
2054.0053055286407,32.42,31.07,30.62,29.88,-0.63,163,30.00,
2054.5406703948975,32.42,31.05,30.61,29.88,-0.63,163,30.00,
2055.09743475914,32.42,31.07,30.61,29.88,-0.61,164,30.00,
2055.470843076706,32.39,31.03,30.60,29.85,-0.61,164,30.00,
2055.949200153351,32.33,30.98,30.60,29.88,-0.61,164,30.00,
2056.454151391983,32.37,31.03,30.59,29.85,-0.61,164,30.00,
2057.146755218506,32.35,31.01,30.59,29.83,-0.59,164,30.00,
2057.4638345241547,32.33,31.01,30.59,29.85,-0.59,164,30.00,
2057.971270799637,32.33,31.01,30.58,29.83,-0.59,164,30.00,
2058.491550207138,32.31,31.01,30.58,29.85,-0.59,164,30.00,
2059.2550773620605,32.33,30.98,30.57,29.83,-0.58,164,30.00,
2059.543276786804,32.31,31.01,30.57,29.85,-0.58,164,30.00,
2059.992151260376,32.28,31.01,30.56,29.85,-0.58,164,30.00,
2060.6098623275757,32.31,30.98,30.56,29.88,-0.58,164,30.00,
2061.2623188495636,32.24,30.98,30.55,29.85,-0.56,164,30.00,
2061.5098218917847,32.28,30.98,30.55,29.85,-0.56,164,30.00,
2062.0976123809814,32.26,30.96,30.54,29.88,-0.56,164,30.00,
2062.521624326706,32.26,30.96,30.54,29.88,-0.56,164,30.00,
2063.370522737503,32.28,30.96,30.53,29.85,-0.54,164,30.00,
2063.6318476200104,32.26,30.96,30.53,29.85,-0.54,164,30.00,
2064.0588595867157,32.22,30.90,30.52,29.88,-0.54,164,30.00,
2064.5749661922455,32.26,30.94,30.52,29.85,-0.54,164,30.00,
2065.2612092494965,32.24,30.92,30.51,29.85,-0.52,165,30.00,
2065.552765607834,32.17,30.87,30.51,29.88,-0.52,165,30.00,
2066.146427154541,32.22,30.94,30.50,29.90,-0.52,165,30.00,
2066.5641193389893,32.17,30.94,30.49,29.85,-0.52,165,30.00,
2067.207636833191,32.13,30.87,30.49,29.88,-0.49,165,30.00,
2067.576527118683,32.13,30.94,30.48,29.88,-0.49,165,30.00,
2068.0822134017944,32.17,30.92,30.48,29.88,-0.49,165,30.00,
2068.7095062732697,32.13,30.85,30.47,29.88,-0.49,165,30.00,
2069.261726617813,32.13,30.92,30.47,29.88,-0.47,165,30.00,
2069.597643136978,32.15,30.90,30.46,29.85,-0.47,165,30.00,
2070.1036608219147,32.15,30.90,30.46,29.85,-0.47,165,30.00,
2070.632743358612,32.13,30.87,30.45,29.85,-0.47,165,30.00,
2071.372805595398,32.13,30.85,30.45,29.85,-0.45,165,30.00,
2071.6876397132874,32.13,30.87,30.44,29.83,-0.45,165,30.00,
2072.143545627594,32.15,30.85,30.44,29.81,-0.45,165,30.00,
2072.630755186081,32.15,30.87,30.43,29.83,-0.45,165,30.00,
2073.3149964809418,32.13,30.81,30.42,29.81,-0.43,166,30.00,
2073.7351672649384,32.13,30.85,30.42,29.81,-0.43,166,30.00,
2074.1672558784485,32.15,30.85,30.41,29.81,-0.43,166,30.00,
2074.7628824710846,32.13,30.81,30.41,29.77,-0.43,166,30.00,
2075.3647553920746,32.17,30.83,30.40,29.79,-0.41,166,30.00,
2075.664922952652,32.15,30.83,30.40,29.79,-0.41,166,30.00,
2076.1717970371246,32.13,30.81,30.39,29.77,-0.41,166,30.00,
2076.779941558838,32.13,30.79,30.38,29.75,-0.41,166,30.00,
2077.3067710399628,32.15,30.79,30.38,29.75,-0.38,166,30.00,
2077.715926170349,32.17,30.81,30.37,29.75,-0.38,166,30.00,
2078.3531329631805,32.17,30.81,30.37,29.75,-0.38,166,30.00,
2078.7214024066925,32.13,30.77,30.36,29.70,-0.38,166,30.00,
2079.409449338913,32.15,30.77,30.36,29.72,-0.36,166,30.00,
2079.738580942154,32.15,30.77,30.35,29.70,-0.36,166,30.00,
2080.33203458786,32.15,30.77,30.34,29.72,-0.36,166,30.00,
2080.7601561546326,32.17,30.77,30.34,29.72,-0.36,166,30.00,
2081.5547828674316,32.17,30.77,30.33,29.72,-0.34,167,30.00,
2081.7325196266174,32.13,30.72,30.33,29.66,-0.34,167,30.00,
2082.305095434189,32.17,30.77,30.32,29.72,-0.34,167,30.00,
2082.7786979675293,32.15,30.74,30.32,29.70,-0.34,167,30.00,
2083.528549194336,32.17,30.74,30.31,29.70,-0.32,167,30.00,
2083.805286169052,32.17,30.74,30.31,29.70,-0.32,167,30.00,
2084.3298740386963,32.17,30.74,30.30,29.70,-0.32,167,30.00,
2084.84192442894,32.15,30.74,30.29,29.68,-0.32,167,30.00,
2085.458754301071,32.17,30.74,30.29,29.70,-0.29,167,30.00,
2085.9051780700684,32.13,30.70,30.28,29.66,-0.29,167,30.00,
2086.3133454322815,32.15,30.70,30.28,29.66,-0.29,167,30.00,
2086.805627346039,32.15,30.70,30.27,29.66,-0.29,167,30.00,
2087.465446949005,32.17,30.72,30.27,29.66,-0.27,168,30.00,
2087.8228533267975,32.17,30.72,30.26,29.66,-0.27,168,30.00,
2088.3033072948456,32.17,30.72,30.26,29.68,-0.27,168,30.00,
2088.8992552757263,32.17,30.72,30.25,29.66,-0.27,168,30.00,
2089.683339357376,32.15,30.68,30.25,29.62,-0.25,168,30.00,
2089.8199672698975,32.15,30.70,30.24,29.64,-0.25,168,30.00,
2090.3929204940796,32.15,30.70,30.24,29.64,-0.25,168,30.00,
2090.8320076465607,32.15,30.68,30.23,29.62,-0.25,168,30.00,
2091.4880588054657,32.15,30.70,30.23,29.64,-0.23,168,30.00,
2091.8787472248077,32.13,30.68,30.23,29.62,-0.23,168,30.00,
2092.4179227352142,32.15,30.68,30.22,29.64,-0.23,168,30.00,
2092.853753089905,32.15,30.66,30.22,29.60,-0.23,168,30.00,
2093.6209490299225,32.13,30.66,30.21,29.62,-0.22,169,30.00,
2093.885359287262,32.06,30.66,30.21,29.60,-0.22,169,30.00,
2094.456737756729,32.13,30.64,30.20,29.55,-0.22,169,30.00,
2094.876733779907,32.15,30.66,30.20,29.60,-0.22,169,30.00,
2095.496919631958,32.15,30.64,30.19,29.60,-0.20,169,30.00,
2095.8982017040253,32.17,30.66,30.19,29.60,-0.20,169,30.00,
2096.3926589488983,32.11,30.64,30.18,29.57,-0.20,169,30.00,
2096.8992891311646,32.13,30.59,30.18,29.53,-0.20,169,30.00,
2097.5919642448425,32.17,30.64,30.17,29.55,-0.18,169,30.00,
2097.910857439041,32.17,30.64,30.17,29.55,-0.18,169,30.00,
2098.487245321274,32.17,30.66,30.16,29.55,-0.18,169,30.00,
2098.921246290207,32.17,30.64,30.16,29.55,-0.18,169,30.00,
2099.5503017902374,32.17,30.61,30.16,29.53,-0.16,169,30.00,
2100.0118000507355,32.22,30.64,30.15,29.55,-0.16,169,30.00,
2100.5146119594574,32.15,30.64,30.15,29.53,-0.16,169,30.00,
2101.0348765850067,32.19,30.64,30.14,29.55,-0.16,169,30.00,
2101.595848798752,32.22,30.66,30.14,29.55,-0.14,170,30.00,
2102.0365324020386,32.19,30.64,30.14,29.55,-0.14,170,30.00,
2102.519706726074,32.22,30.64,30.13,29.53,-0.14,170,30.00,
2103.0145649909973,32.24,30.66,30.13,29.55,-0.14,170,30.00,
2103.7109050750732,32.22,30.64,30.13,29.53,-0.13,170,30.00,
2103.978534936905,32.22,30.64,30.12,29.55,-0.13,170,30.00,
2104.502829313278,32.24,30.61,30.12,29.53,-0.13,170,30.00,
2104.995210170746,32.19,30.59,30.12,29.53,-0.13,170,30.00,
2105.6855833530426,32.24,30.61,30.11,29.51,-0.12,170,30.00,
2105.9979450702667,32.26,30.64,30.11,29.53,-0.12,170,30.00,
2106.504967689514,32.26,30.61,30.11,29.51,-0.12,170,30.00,
2107.0091485977173,32.26,30.61,30.10,29.51,-0.12,170,30.00,
2107.642441511154,32.24,30.61,30.10,29.51,-0.10,170,30.00,
2108.0216500759125,32.22,30.61,30.10,29.49,-0.10,170,30.00,
2108.6154181957245,32.26,30.61,30.09,29.51,-0.10,170,30.00,
2109.0595183372498,32.22,30.59,30.09,29.51,-0.10,170,30.00,
2109.6654572486877,32.26,30.61,30.09,29.51,-0.09,170,30.00,
2110.0554604530334,32.28,30.61,30.09,29.51,-0.09,170,30.00,
2110.6071021556854,32.26,30.59,30.08,29.51,-0.09,170,30.00,
2111.054540872574,32.28,30.61,30.08,29.53,-0.09,170,30.00,
2111.8097310066223,32.31,30.61,30.08,29.51,-0.08,171,30.00,
2112.1344883441925,32.28,30.61,30.08,29.51,-0.08,171,30.00,
2112.571762561798,32.26,30.57,30.07,29.44,-0.08,171,30.00,
2113.111761569977,32.28,30.59,30.07,29.49,-0.08,171,30.00,
2113.911221265793,32.31,30.59,30.07,29.49,-0.07,171,30.00,
2114.1191041469574,32.28,30.57,30.07,29.47,-0.07,171,30.00,
2114.593948364258,32.26,30.61,30.06,29.49,-0.07,171,30.00,
2115.1810858249664,32.31,30.59,30.06,29.47,-0.07,171,30.00,
2115.7837092876434,32.31,30.59,30.06,29.49,-0.06,171,30.00,
2116.1965498924255,32.28,30.59,30.06,29.47,-0.06,171,30.00,
2116.707709312439,32.31,30.59,30.05,29.47,-0.06,171,30.00,
2117.12185382843,32.28,30.59,30.05,29.47,-0.06,171,30.00,
2117.787071466446,32.28,30.57,30.05,29.44,-0.05,171,30.00,
2118.132543563843,32.26,30.53,30.05,29.40,-0.05,171,30.00,
2118.6467695236206,32.28,30.57,30.04,29.44,-0.05,171,30.00,
2119.1420381069183,32.31,30.59,30.04,29.47,-0.05,171,30.00,
2119.940008163452,32.28,30.59,30.04,29.44,-0.04,171,30.00,
2120.2227997779846,32.31,30.59,30.04,29.44,-0.04,171,30.00,
2120.6922624111176,32.28,30.57,30.04,29.42,-0.04,171,30.00,
2121.190500497818,32.28,30.55,30.03,29.40,-0.04,171,30.00,
2121.8776535987854,32.28,30.57,30.03,29.40,-0.03,171,30.00,
2122.1943476200104,32.31,30.57,30.03,29.40,-0.03,171,30.00,
2122.73619055748,32.31,30.57,30.03,29.42,-0.03,171,30.00,
2123.188809156418,32.31,30.55,30.03,29.42,-0.03,171,30.00,
2123.8780086040497,32.33,30.55,30.02,29.42,-0.03,172,30.00,
2124.3033039569855,32.33,30.55,30.02,29.40,-0.03,172,30.00,
2124.7051944732666,32.33,30.57,30.02,29.42,-0.03,172,30.00,
2125.302078485489,32.35,30.57,30.02,29.40,-0.03,172,30.00,
2125.9268107414246,32.35,30.57,30.02,29.42,-0.02,172,30.00,2125.302078485489
2126.2393124103546,32.35,30.57,30.01,29.42,-0.02,172,30.00,2125.302078485489
2126.7924299240112,32.35,30.59,30.01,29.42,-0.02,172,30.00,2125.302078485489
2127.233013153076,32.37,30.55,30.01,29.38,-0.02,172,30.00,2125.302078485489
2128.074003458023,32.39,30.57,30.01,29.40,-0.01,172,30.00,2125.302078485489
2128.2792932987213,32.39,30.55,30.01,29.40,-0.01,172,30.00,2125.302078485489
2128.8050997257233,32.35,30.59,30.01,29.40,-0.01,172,30.00,2125.302078485489
2129.3565475940704,32.39,30.57,30.01,29.40,-0.01,172,30.00,2125.302078485489
2129.926785469055,32.39,30.55,30.01,29.38,-0.01,172,30.00,2125.302078485489
2130.2658517360687,32.42,30.57,30.00,29.40,-0.01,172,30.00,2125.302078485489
2130.7906658649445,32.44,30.57,30.00,29.40,-0.01,172,30.00,2125.302078485489
2131.401078224182,32.42,30.57,30.00,29.36,-0.01,172,30.00,2125.302078485489
2132.061538219452,32.44,30.57,30.00,29.40,-0.00,172,30.00,2125.302078485489
2132.324609041214,32.44,30.57,30.00,29.40,-0.00,172,30.00,2125.302078485489
2132.834036588669,32.44,30.57,30.00,29.36,-0.00,172,30.00,2125.302078485489
2133.2994306087494,32.44,30.57,30.00,29.38,-0.00,172,30.00,2125.302078485489
2134.029392004013,32.42,30.57,30.00,29.38,0.00,172,30.00,2125.302078485489
2134.309257507324,32.46,30.57,30.00,29.38,0.00,172,30.00,2125.302078485489
2134.8147253990173,32.39,30.57,30.00,29.38,0.00,172,30.00,2125.302078485489
2135.4171211719513,32.44,30.55,30.00,29.36,0.00,172,30.00,2125.302078485489
2135.986745595932,32.39,30.53,29.99,29.38,0.00,172,30.00,2125.302078485489
2136.3518953323364,32.44,30.57,29.99,29.38,0.00,172,30.00,2125.302078485489
2136.891683101654,32.44,30.57,29.99,29.36,0.00,172,30.00,2125.302078485489
2137.3829584121704,32.46,30.57,29.99,29.36,0.00,172,30.00,2125.302078485489
2137.99565577507,32.46,30.57,29.99,29.38,0.01,172,30.00,2125.302078485489
2138.3537282943726,32.46,30.55,29.99,29.32,0.01,172,30.00,2125.302078485489
2138.9497561454773,32.46,30.55,29.99,29.34,0.01,172,30.00,2125.302078485489
2139.4062552452087,32.46,30.57,29.99,29.34,0.01,172,30.00,2125.302078485489
2140.136664390564,32.48,30.55,29.99,29.34,0.01,172,30.00,2125.302078485489
2140.4731121063232,32.44,30.57,29.99,29.34,0.01,172,30.00,2125.302078485489
2140.9656825065613,32.48,30.55,29.99,29.34,0.01,172,30.00,2125.302078485489
2141.522720813751,32.46,30.53,29.99,29.34,0.01,172,30.00,2125.302078485489
2142.025501728058,32.48,30.55,29.99,29.36,0.01,172,30.00,2125.302078485489
2142.398642063141,32.48,30.55,29.98,29.32,0.01,172,30.00,2125.302078485489
2142.903470516205,32.48,30.57,29.98,29.36,0.01,172,30.00,2125.302078485489
2143.409292459488,32.46,30.53,29.98,29.29,0.01,172,30.00,2125.302078485489
2144.208663225174,32.48,30.55,29.98,29.34,0.02,172,30.00,2125.302078485489
2144.5024197101593,32.51,30.57,29.98,29.34,0.02,172,30.00,2125.302078485489
2144.948264360428,32.48,30.55,29.98,29.34,0.02,172,30.00,2125.302078485489
2145.489053964615,32.51,30.57,29.98,29.34,0.02,172,30.00,2125.302078485489
2146.170832157135,32.46,30.55,29.98,29.34,0.02,172,30.00,2125.302078485489
2146.4420602321625,32.48,30.55,29.98,29.32,0.02,172,30.00,2125.302078485489
2146.9748833179474,32.46,30.59,29.98,29.36,0.02,172,30.00,2125.302078485489
2147.5242400169373,32.48,30.57,29.98,29.36,0.02,172,30.00,2125.302078485489
2148.1314589977264,32.51,30.57,29.98,29.32,0.02,172,30.00,2125.302078485489
2148.467764377594,32.51,30.59,29.98,29.36,0.02,172,30.00,2125.302078485489
2149.011378288269,32.46,30.55,29.98,29.36,0.02,172,30.00,2125.302078485489
2149.486086845398,32.48,30.57,29.98,29.36,0.02,172,30.00,2125.302078485489
2150.1411547660828,32.53,30.57,29.98,29.36,0.02,172,30.00,2125.302078485489
2150.485681772232,32.48,30.59,29.98,29.36,0.02,172,30.00,2125.302078485489
2151.0164666175842,32.51,30.59,29.98,29.34,0.02,172,30.00,2125.302078485489
2151.5445177555084,32.48,30.59,29.98,29.36,0.02,172,30.00,2125.302078485489
2152.1254312992096,32.51,30.57,29.98,29.36,0.02,172,30.00,2125.302078485489
2152.5691225528717,32.51,30.57,29.98,29.34,0.02,172,30.00,2125.302078485489
2153.014089345932,32.51,30.57,29.98,29.36,0.02,172,30.00,2125.302078485489
2153.570252895355,32.51,30.57,29.98,29.36,0.02,172,30.00,2125.302078485489
2154.162827730179,32.46,30.55,29.98,29.36,0.02,172,30.00,2125.302078485489
2154.5311629772186,32.46,30.55,29.98,29.36,0.02,172,30.00,2125.302078485489
2155.0921206474304,32.53,30.59,29.98,29.36,0.02,172,30.00,2125.302078485489
2155.541023015976,32.48,30.55,29.98,29.29,0.02,172,30.00,2125.302078485489
2156.318422317505,32.51,30.55,29.98,29.34,0.02,172,30.00,2125.302078485489
2156.5707910060883,32.51,30.57,29.98,29.34,0.02,172,30.00,2125.302078485489
2157.057772874832,32.48,30.55,29.98,29.34,0.02,172,30.00,2125.302078485489
2157.6007335186005,32.53,30.57,29.98,29.36,0.02,172,30.00,2125.302078485489
2158.191644191742,32.53,30.57,29.98,29.36,0.02,172,30.00,2125.302078485489
2158.6232690811157,32.53,30.55,29.98,29.32,0.02,172,30.00,2125.302078485489
2159.0802624225616,32.53,30.57,29.98,29.36,0.02,172,30.00,2125.302078485489
2159.6458926200867,32.46,30.57,29.98,29.36,0.02,172,30.00,2125.302078485489
2160.217424631119,32.53,30.57,29.98,29.36,0.02,172,30.00,2125.302078485489
2160.5974509716034,32.53,30.59,29.98,29.36,0.02,172,30.00,2125.302078485489
2161.146458864212,32.53,30.59,29.98,29.36,0.02,172,30.00,2125.302078485489
2161.6081783771515,32.53,30.59,29.98,29.36,0.02,172,30.00,2125.302078485489
2162.281233549118,32.53,30.55,29.99,29.32,0.02,172,30.00,2125.302078485489
2162.6208250522614,32.53,30.57,29.98,29.34,0.02,172,30.00,2125.302078485489
2163.1745092868805,32.51,30.59,29.98,29.36,0.02,172,30.00,2125.302078485489
2163.6312532424927,32.53,30.57,29.99,29.34,0.02,172,30.00,2125.302078485489
2164.296184539795,32.53,30.55,29.99,29.32,0.01,172,30.00,2125.302078485489
2164.6419353485107,32.53,30.57,29.99,29.36,0.01,172,30.00,2125.302078485489
2165.2081558704376,32.53,30.55,29.99,29.32,0.01,172,30.00,2125.302078485489
2165.6555275917053,32.55,30.59,29.99,29.36,0.01,172,30.00,2125.302078485489
2166.3079409599304,32.55,30.59,29.99,29.36,0.01,172,30.00,2125.302078485489
2166.664086341858,32.53,30.57,29.99,29.32,0.01,172,30.00,2125.302078485489
2167.223848581314,32.55,30.57,29.99,29.34,0.01,172,30.00,2125.302078485489
2167.6750037670135,32.53,30.55,29.99,29.32,0.01,172,30.00,2125.302078485489
2168.35143494606,32.51,30.53,29.99,29.34,0.01,172,30.00,2125.302078485489
2168.6856768131256,32.55,30.57,29.99,29.34,0.01,172,30.00,2125.302078485489
2169.2268102169037,32.57,30.57,29.99,29.34,0.01,172,30.00,2125.302078485489
2169.69774889946,32.53,30.55,29.99,29.32,0.01,172,30.00,2125.302078485489
2170.3646075725555,32.53,30.55,29.99,29.34,0.01,172,30.00,2125.302078485489
2170.7083823680878,32.55,30.57,29.99,29.32,0.01,172,30.00,2125.302078485489
2171.273257493973,32.55,30.55,29.99,29.32,0.01,172,30.00,2125.302078485489
2171.7221071720123,32.55,30.57,29.99,29.34,0.01,172,30.00,2125.302078485489
2172.392980337143,32.55,30.57,29.99,29.34,0.01,172,30.00,2125.302078485489
2172.7312693595886,32.57,30.57,29.99,29.34,0.01,172,30.00,2125.302078485489
2173.2859649658203,32.53,30.57,29.99,29.34,0.01,172,30.00,2125.302078485489
2173.7432951927185,32.55,30.57,29.99,29.36,0.01,172,30.00,2125.302078485489
2174.420159339905,32.57,30.59,29.99,29.36,0.01,172,30.00,2125.302078485489
2174.755648612976,32.57,30.59,29.99,29.36,0.01,172,30.00,2125.302078485489
2175.3136303424835,32.53,30.55,29.99,29.36,0.01,172,30.00,2125.302078485489
2175.7641050815582,32.57,30.59,29.99,29.36,0.01,172,30.00,2125.302078485489
2176.4331336021423,32.57,30.57,29.99,29.36,0.01,172,30.00,2125.302078485489
2176.7760825157166,32.51,30.61,29.99,29.36,0.01,172,30.00,2125.302078485489
2177.345477581024,32.55,30.59,29.99,29.36,0.01,172,30.00,2125.302078485489
2177.790729045868,32.53,30.61,29.99,29.36,0.01,172,30.00,2125.302078485489
2178.4625124931335,32.57,30.61,29.99,29.36,0.01,172,30.00,2125.302078485489
2178.797907114029,32.55,30.61,29.99,29.38,0.01,172,30.00,2125.302078485489
2179.3535764217377,32.55,30.57,30.00,29.36,0.01,172,30.00,2125.302078485489
2179.8097579479218,32.57,30.61,30.00,29.36,0.01,172,30.00,2125.302078485489
2180.4427757263184,32.57,30.61,30.00,29.36,0.00,172,30.00,2125.302078485489
2180.8204736709595,32.55,30.59,30.00,29.34,0.00,172,30.00,2125.302078485489
2181.3866200447083,32.55,30.61,30.00,29.36,0.00,172,30.00,2125.302078485489
2181.834317922592,32.53,30.59,30.00,29.34,0.00,172,30.00,2125.302078485489
2182.5001044273376,32.55,30.57,30.00,29.36,0.00,172,30.00,2125.302078485489
2182.841219186783,32.57,30.59,30.00,29.36,0.00,172,30.00,2125.302078485489
2183.397267818451,32.57,30.59,30.00,29.34,0.00,172,30.00,2125.302078485489
2183.8533942699432,32.55,30.59,30.00,29.34,0.00,172,30.00,2125.302078485489
2184.517486810684,32.55,30.57,30.00,29.32,-0.00,172,30.00,2125.302078485489
2184.8648006916046,32.57,30.59,30.00,29.36,-0.00,172,30.00,2125.302078485489
2185.4224808216095,32.55,30.59,30.00,29.34,-0.00,172,30.00,2125.302078485489
2185.8774361610413,32.53,30.57,30.00,29.38,-0.00,172,30.00,2125.302078485489
2186.5477001667023,32.57,30.61,30.00,29.38,-0.00,172,30.00,2125.302078485489
2186.8888313770294,32.55,30.59,30.00,29.38,-0.00,172,30.00,2125.302078485489
2187.442589521408,32.55,30.61,30.00,29.38,-0.00,172,30.00,2125.302078485489
2187.8982808589935,32.55,30.61,30.00,29.38,-0.00,172,30.00,2125.302078485489
2188.5593070983887,32.57,30.59,30.01,29.38,-0.00,172,30.00,2125.302078485489
2188.910539150238,32.53,30.57,30.01,29.34,-0.00,172,30.00,2125.302078485489
2189.4560668468475,32.53,30.57,30.01,29.36,-0.00,172,30.00,2125.302078485489
2189.921427965164,32.57,30.59,30.01,29.38,-0.00,172,30.00,2125.302078485489
2190.5881707668304,32.55,30.61,30.01,29.40,-0.01,172,30.00,2125.302078485489
2190.9325177669525,32.53,30.61,30.01,29.38,-0.01,172,30.00,2125.302078485489
2191.497050523758,32.51,30.57,30.01,29.40,-0.01,172,30.00,2125.302078485489
2191.9450540542603,32.55,30.64,30.01,29.42,-0.01,172,30.00,2125.302078485489
2192.6182613372803,32.57,30.61,30.01,29.40,-0.01,172,30.00,2125.302078485489
2192.955418586731,32.55,30.64,30.01,29.40,-0.01,172,30.00,2125.302078485489
2193.511855363846,32.53,30.59,30.01,29.42,-0.01,172,30.00,2125.302078485489
2193.9647085666656,32.55,30.61,30.01,29.40,-0.01,172,30.00,2125.302078485489
2194.63129901886,32.55,30.61,30.01,29.38,-0.01,172,30.00,2125.302078485489
2194.9776618480682,32.55,30.61,30.01,29.40,-0.01,172,30.00,2125.302078485489
2195.5413377285004,32.55,30.64,30.01,29.40,-0.01,172,30.00,2125.302078485489
2195.9872076511383,32.51,30.59,30.01,29.36,-0.01,172,30.00,2125.302078485489
2196.6625525951385,32.55,30.61,30.01,29.40,-0.01,172,30.00,2125.302078485489
2196.9985115528107,32.55,30.64,30.02,29.40,-0.01,172,30.00,2125.302078485489
2197.5533409118652,32.55,30.61,30.02,29.40,-0.01,172,30.00,2125.302078485489
2198.0095267295837,32.55,30.64,30.02,29.42,-0.01,172,30.00,2125.302078485489
2198.672718524933,32.55,30.64,30.02,29.42,-0.02,172,30.00,2125.302078485489
2199.0203166007996,32.55,30.64,30.02,29.42,-0.02,172,30.00,2125.302078485489
2199.5840685367584,32.55,30.61,30.02,29.38,-0.02,172,30.00,2125.302078485489
2200.0325181484222,32.57,30.64,30.02,29.42,-0.02,172,30.00,2125.302078485489
2200.7002482414246,32.57,30.64,30.02,29.40,-0.02,172,30.00,2125.302078485489
2201.0437848567963,32.57,30.64,30.02,29.40,-0.02,172,30.00,2125.302078485489
2201.608387708664,32.57,30.66,30.02,29.40,-0.02,172,30.00,2125.302078485489
2202.0546832084656,32.57,30.66,30.02,29.40,-0.02,172,30.00,2125.302078485489
2202.727566719055,32.55,30.59,30.03,29.42,-0.02,171,30.00,2125.302078485489
2203.065239906311,32.55,30.61,30.03,29.42,-0.02,171,30.00,2125.302078485489
2203.620947599411,32.59,30.68,30.03,29.42,-0.02,171,30.00,2125.302078485489
2204.0779304504395,32.55,30.68,30.03,29.42,-0.02,171,30.00,2125.302078485489
2204.7534849643707,32.57,30.66,30.03,29.42,-0.03,171,30.00,2125.302078485489
2205.089351415634,32.57,30.66,30.03,29.40,-0.03,171,30.00,2125.302078485489
2205.651203393936,32.55,30.64,30.03,29.42,-0.03,171,30.00,2125.302078485489
2206.0980446338654,32.55,30.64,30.03,29.40,-0.03,171,30.00,2125.302078485489
2206.768581867218,32.57,30.66,30.03,29.40,-0.03,171,30.00,2125.302078485489
2207.110947370529,32.55,30.66,30.03,29.42,-0.03,171,30.00,2125.302078485489
2207.6629292964935,32.53,30.66,30.03,29.40,-0.03,171,30.00,2125.302078485489
2208.1224360466003,32.55,30.66,30.04,29.42,-0.03,171,30.00,2125.302078485489
2208.7972660064697,32.51,30.61,30.04,29.40,-0.04,171,30.00,2125.302078485489
2209.131276369095,32.53,30.64,30.04,29.38,-0.04,171,30.00,2125.302078485489
2209.693627357483,32.53,30.64,30.04,29.38,-0.04,171,30.00,2125.302078485489
2210.144528865814,32.53,30.66,30.04,29.40,-0.04,171,30.00,2125.302078485489
2210.8128564357758,32.53,30.64,30.04,29.38,-0.04,171,30.00,2125.302078485489
2211.154471874237,32.51,30.64,30.04,29.40,-0.04,171,30.00,2125.302078485489
2211.7072460651398,32.53,30.64,30.04,29.38,-0.04,171,30.00,2125.302078485489
2212.166402578354,32.51,30.64,30.04,29.38,-0.04,171,30.00,2125.302078485489
2212.8223192691803,32.55,30.66,30.04,29.38,-0.04,171,30.00,2125.302078485489
2213.178006887436,32.51,30.61,30.04,29.36,-0.04,171,30.00,2125.302078485489
2213.7377700805664,32.53,30.66,30.04,29.40,-0.04,171,30.00,2125.302078485489
2214.1879930496216,32.53,30.66,30.04,29.38,-0.04,171,30.00,2125.302078485489
2214.853455066681,32.51,30.66,30.04,29.40,-0.04,171,30.00,2125.302078485489
2215.2001507282257,32.51,30.64,30.04,29.40,-0.04,171,30.00,2125.302078485489
2215.7358005046844,32.48,30.64,30.04,29.38,-0.04,171,30.00,2125.302078485489
2216.211281776428,32.53,30.66,30.04,29.40,-0.04,171,30.00,2125.302078485489
2216.881553173065,32.55,30.66,30.04,29.42,-0.04,171,30.00,2125.302078485489
2217.221666574478,32.51,30.66,30.04,29.42,-0.04,171,30.00,2125.302078485489
2217.777202606201,32.53,30.66,30.05,29.40,-0.04,171,30.00,2125.302078485489
2218.2325026988983,32.53,30.66,30.05,29.40,-0.04,171,30.00,2125.302078485489
2218.910744190216,32.51,30.66,30.05,29.42,-0.05,171,30.00,2125.302078485489
2219.24583029747,32.53,30.66,30.05,29.42,-0.05,171,30.00,2125.302078485489
2219.7989687919617,32.53,30.68,30.05,29.42,-0.05,171,30.00,2125.302078485489
2220.255158662796,32.53,30.68,30.05,29.42,-0.05,171,30.00,2125.302078485489
2220.9219303131104,32.53,30.66,30.05,29.40,-0.05,171,30.00,2125.302078485489
2221.268964767456,32.53,30.66,30.05,29.38,-0.05,171,30.00,2125.302078485489
2221.832585334778,32.55,30.68,30.05,29.40,-0.05,171,30.00,2125.302078485489
2222.2771005630493,32.53,30.64,30.05,29.40,-0.05,171,30.00,2125.302078485489
2222.948098421097,32.53,30.66,30.05,29.40,-0.05,171,30.00,2125.302078485489
2223.288492679596,32.53,30.64,30.05,29.38,-0.05,171,30.00,2125.302078485489
2223.840256690979,32.53,30.66,30.05,29.38,-0.05,171,30.00,2125.302078485489
2224.2985043525696,32.51,30.61,30.05,29.34,-0.05,171,30.00,2125.302078485489
2224.9571039676666,32.53,30.64,30.05,29.38,-0.05,171,30.00,2125.302078485489
2225.311199426651,32.51,30.59,30.05,29.34,-0.05,171,30.00,2125.302078485489
2225.869101047516,32.51,30.61,30.05,29.36,-0.05,171,30.00,2125.302078485489
2226.32252573967,32.53,30.64,30.05,29.38,-0.05,171,30.00,2125.302078485489
2226.985500574112,32.53,30.61,30.05,29.38,-0.05,171,30.00,2125.302078485489
2227.3316378593445,32.53,30.61,30.05,29.38,-0.05,171,30.00,2125.302078485489
2227.898111104965,32.53,30.64,30.05,29.40,-0.05,171,30.00,2125.302078485489
2228.3460705280304,32.53,30.61,30.05,29.40,-0.05,171,30.00,2125.302078485489
2229.016563653946,32.51,30.59,30.05,29.38,-0.05,171,30.00,2125.302078485489
2229.3550395965576,32.48,30.59,30.05,29.38,-0.05,171,30.00,2125.302078485489
2229.909844636917,32.51,30.61,30.05,29.38,-0.05,171,30.00,2125.302078485489
2230.364846467972,32.51,30.61,30.05,29.38,-0.05,171,30.00,2125.302078485489
2231.045092821121,32.53,30.61,30.05,29.40,-0.05,171,30.00,2125.302078485489
2231.3850359916687,32.51,30.59,30.05,29.38,-0.05,171,30.00,2125.302078485489
2231.918524503708,32.51,30.61,30.04,29.36,-0.05,171,30.00,2125.302078485489
2232.38898229599,32.53,30.61,30.04,29.38,-0.05,171,30.00,2125.302078485489
2233.0620760917664,32.51,30.61,30.04,29.38,-0.04,171,30.00,2125.302078485489
2233.400159597397,32.46,30.57,30.04,29.34,-0.04,171,30.00,2125.302078485489
2233.9536855220795,32.46,30.57,30.04,29.38,-0.04,171,30.00,2125.302078485489
2234.4109411239624,32.48,30.57,30.04,29.32,-0.04,171,30.00,2125.302078485489
2235.0729355812073,32.48,30.59,30.04,29.36,-0.04,171,30.00,2125.302078485489
2235.422205686569,32.48,30.59,30.04,29.36,-0.04,171,30.00,2125.302078485489
2235.978184223175,32.48,30.57,30.04,29.32,-0.04,171,30.00,2125.302078485489
2236.432388782501,32.51,30.61,30.04,29.38,-0.04,171,30.00,2125.302078485489
2237.101478099823,32.53,30.59,30.04,29.38,-0.04,171,30.00,2125.302078485489
2237.4440195560455,32.51,30.59,30.04,29.36,-0.04,171,30.00,2125.302078485489
2238.009730577469,32.48,30.59,30.04,29.38,-0.04,171,30.00,2125.302078485489
2238.456990480423,32.46,30.57,30.04,29.38,-0.04,171,30.00,2125.302078485489
2239.127712726593,32.48,30.59,30.04,29.36,-0.04,171,30.00,2125.302078485489
2239.46568441391,32.51,30.61,30.03,29.36,-0.04,171,30.00,2125.302078485489
2240.022417783737,32.48,30.59,30.03,29.36,-0.04,171,30.00,2125.302078485489
2240.477563858032,32.46,30.59,30.03,29.34,-0.04,171,30.00,2125.302078485489
2241.1351177692413,32.51,30.57,30.03,29.34,-0.03,171,30.00,2125.302078485489
2241.4883522987366,32.51,30.59,30.03,29.36,-0.03,171,30.00,2125.302078485489
2242.0491828918457,32.51,30.59,30.03,29.36,-0.03,171,30.00,2125.302078485489
2242.499008655548,32.53,30.61,30.03,29.36,-0.03,171,30.00,2125.302078485489
2243.163668870926,32.48,30.59,30.03,29.36,-0.03,171,30.00,2125.302078485489
2243.5112833976746,32.51,30.61,30.03,29.38,-0.03,171,30.00,2125.302078485489
2244.0774717330933,32.48,30.59,30.03,29.36,-0.03,171,30.00,2125.302078485489
2244.5246710777283,32.48,30.59,30.03,29.36,-0.03,171,30.00,2125.302078485489
2245.197571516037,32.51,30.61,30.03,29.36,-0.03,171,30.00,2125.302078485489
2245.5368704795837,32.53,30.61,30.03,29.36,-0.03,171,30.00,2125.302078485489
2246.0903408527374,32.48,30.57,30.03,29.36,-0.03,171,30.00,2125.302078485489
2246.5425868034363,32.51,30.59,30.03,29.34,-0.03,171,30.00,2125.302078485489
2247.2127635478973,32.51,30.59,30.03,29.36,-0.03,171,30.00,2125.302078485489
2247.555426120758,32.51,30.61,30.03,29.36,-0.03,171,30.00,2125.302078485489
2248.123789548874,32.51,30.59,30.03,29.36,-0.03,171,30.00,2125.302078485489
2248.568991422653,32.51,30.61,30.03,29.36,-0.03,171,30.00,2125.302078485489
2249.2432024478912,32.51,30.59,30.03,29.36,-0.03,171,30.00,2125.302078485489
2249.578080892563,32.51,30.61,30.03,29.38,-0.03,171,30.00,2125.302078485489
2250.133420228958,32.51,30.61,30.03,29.38,-0.03,171,30.00,2125.302078485489
2250.587916612625,32.48,30.61,30.03,29.36,-0.03,171,30.00,2125.302078485489
2251.2618861198425,32.51,30.59,30.03,29.36,-0.03,171,30.00,2125.302078485489
2251.59862947464,32.46,30.55,30.03,29.34,-0.03,171,30.00,2125.302078485489
2252.1546306610107,32.48,30.59,30.03,29.36,-0.03,171,30.00,2125.302078485489
2252.6100125312805,32.51,30.59,30.03,29.36,-0.03,171,30.00,2125.302078485489
2253.273294687271,32.51,30.59,30.03,29.36,-0.03,171,30.00,2125.302078485489
2253.6221630573273,32.46,30.57,30.03,29.36,-0.03,171,30.00,2125.302078485489
2254.185290336609,32.51,30.61,30.03,29.34,-0.03,171,30.00,2125.302078485489
2254.633684396744,32.48,30.61,30.03,29.34,-0.03,171,30.00,2125.302078485489
2255.3033442497253,32.51,30.59,30.03,29.34,-0.03,171,30.00,2125.302078485489
2255.6439254283905,32.48,30.59,30.03,29.34,-0.03,171,30.00,2125.302078485489
2256.199796438217,32.51,30.61,30.03,29.36,-0.03,171,30.00,2125.302078485489
2256.6556878089905,32.46,30.61,30.03,29.34,-0.03,171,30.00,2125.302078485489
2257.328269004822,32.46,30.55,30.03,29.38,-0.03,171,30.00,2125.302078485489
2257.6669759750366,32.46,30.61,30.03,29.36,-0.03,171,30.00,2125.302078485489
2258.2277250289917,32.51,30.61,30.03,29.38,-0.03,171,30.00,2125.302078485489
2258.6782641410828,32.48,30.57,30.03,29.32,-0.03,171,30.00,2125.302078485489
2259.3432722091675,32.53,30.61,30.03,29.36,-0.03,171,30.00,2125.302078485489
2259.689300775528,32.51,30.61,30.03,29.38,-0.03,171,30.00,2125.302078485489
2260.1944365501404,32.46,30.57,30.03,29.38,-0.03,171,30.00,2125.302078485489
2260.7525250911713,32.51,30.61,30.03,29.38,-0.03,171,30.00,2125.302078485489
2261.324678659439,32.51,30.61,30.03,29.40,-0.03,171,30.00,2125.302078485489
2261.77400970459,32.51,30.64,30.03,29.38,-0.03,171,30.00,2125.302078485489
2262.2163767814636,32.51,30.61,30.03,29.38,-0.03,171,30.00,2125.302078485489
2262.7747132778168,32.51,30.64,30.03,29.38,-0.03,171,30.00,2125.302078485489
2263.3518810272217,32.51,30.61,30.03,29.38,-0.03,171,30.00,2125.302078485489
2263.731632709503,32.48,30.61,30.03,29.38,-0.03,171,30.00,2125.302078485489
2264.2894229888916,32.46,30.61,30.03,29.38,-0.03,171,30.00,2125.302078485489
2264.744862318039,32.51,30.61,30.03,29.38,-0.03,171,30.00,2125.302078485489
2265.4112315177917,32.53,30.61,30.03,29.38,-0.03,171,30.00,2125.302078485489
2265.7554931640625,32.51,30.61,30.03,29.38,-0.03,171,30.00,2125.302078485489
2266.324385166168,32.48,30.61,30.03,29.38,-0.03,171,30.00,2125.302078485489
2266.771221637726,32.51,30.61,30.03,29.38,-0.03,171,30.00,2125.302078485489
2267.391825437546,32.51,30.61,30.03,29.38,-0.03,171,30.00,2125.302078485489
2267.777678489685,32.51,30.61,30.03,29.38,-0.03,171,30.00,2125.302078485489
2268.323356151581,32.48,30.61,30.03,29.36,-0.03,171,30.00,2125.302078485489
2268.7894299030304,32.51,30.61,30.03,29.36,-0.03,171,30.00,2125.302078485489
2269.4570503234863,32.46,30.57,30.03,29.34,-0.03,171,30.00,2125.302078485489
2269.8005831241608,32.53,30.61,30.03,29.38,-0.03,171,30.00,2125.302078485489
2270.3685200214386,32.51,30.59,30.03,29.36,-0.03,171,30.00,2125.302078485489
2270.8107092380524,32.51,30.61,30.03,29.38,-0.03,171,30.00,2125.302078485489
2271.482241630554,32.48,30.59,30.03,29.38,-0.03,171,30.00,2125.302078485489
2271.821293592453,32.48,30.59,30.03,29.36,-0.03,171,30.00,2125.302078485489
2272.37588596344,32.48,30.59,30.03,29.36,-0.03,171,30.00,2125.302078485489
2272.8328216075897,32.51,30.59,30.03,29.36,-0.03,171,30.00,2125.302078485489
2273.4635014533997,32.46,30.57,30.03,29.38,-0.03,171,30.00,2125.302078485489
2273.844900369644,32.48,30.57,30.03,29.34,-0.03,171,30.00,2125.302078485489
2274.406450510025,32.48,30.59,30.03,29.36,-0.03,171,30.00,2125.302078485489
2274.8539850711823,32.51,30.61,30.02,29.38,-0.03,171,30.00,2125.302078485489
2275.508574962616,32.51,30.61,30.03,29.38,-0.02,171,30.00,2125.302078485489
2275.8671338558197,32.51,30.61,30.03,29.38,-0.02,171,30.00,2125.302078485489
2276.439528465271,32.48,30.61,30.03,29.38,-0.02,171,30.00,2125.302078485489
2276.8817279338837,32.48,30.61,30.03,29.38,-0.02,171,30.00,2125.302078485489
2277.5532743930817,32.48,30.61,30.03,29.36,-0.03,171,30.00,2125.302078485489
2277.888432264328,32.46,30.61,30.03,29.36,-0.03,171,30.00,2125.302078485489
2278.4458544254303,32.51,30.64,30.03,29.38,-0.03,171,30.00,2125.302078485489
2278.900520801544,32.44,30.61,30.03,29.38,-0.03,171,30.00,2125.302078485489
2279.531331539154,32.48,30.61,30.03,29.36,-0.03,171,30.00,2125.302078485489
2279.9115958213806,32.48,30.64,30.03,29.36,-0.03,171,30.00,2125.302078485489
2280.474212884903,32.48,30.64,30.03,29.38,-0.03,171,30.00,2125.302078485489
2280.9207949638367,32.44,30.61,30.03,29.38,-0.03,171,30.00,2125.302078485489
2281.5963406562805,32.46,30.61,30.03,29.36,-0.03,171,30.00,2125.302078485489
2281.932841062546,32.46,30.64,30.03,29.36,-0.03,171,30.00,2125.302078485489
2282.491593837738,32.46,30.61,30.03,29.36,-0.03,171,30.00,2125.302078485489
2282.944921016693,32.44,30.57,30.03,29.32,-0.03,171,30.00,2125.302078485489
2283.58868765831,32.44,30.55,30.03,29.38,-0.03,171,30.00,2125.302078485489
2284.0184683799744,32.48,30.61,30.03,29.38,-0.03,171,30.00,2125.302078485489
2284.460299730301,32.48,30.64,30.03,29.38,-0.03,171,30.00,2125.302078485489
2284.969604730606,32.46,30.59,30.03,29.36,-0.03,171,30.00,2125.302078485489
2285.611892938614,32.44,30.64,30.03,29.38,-0.03,171,30.00,2125.302078485489
2286.0388073921204,32.44,30.61,30.03,29.34,-0.03,171,30.00,2125.302078485489
2286.482856273651,32.46,30.61,30.03,29.36,-0.03,171,30.00,2125.302078485489
2287.042046546936,32.42,30.64,30.03,29.36,-0.03,171,30.00,2125.302078485489
2287.6128969192505,32.39,30.59,30.03,29.38,-0.03,171,30.00,2125.302078485489
2288.0455598831177,32.42,30.61,30.03,29.36,-0.03,171,30.00,2125.302078485489
2288.5039064884186,32.46,30.61,30.03,29.38,-0.03,171,30.00,2125.302078485489
2289.0147716999054,32.48,30.61,30.03,29.36,-0.03,171,30.00,2125.302078485489
2289.656198978424,32.46,30.61,30.03,29.36,-0.03,171,30.00,2125.302078485489
2290.020771741867,32.46,30.57,30.03,29.36,-0.03,171,30.00,2125.302078485489
2290.5609154701233,32.46,30.55,30.03,29.34,-0.03,171,30.00,2125.302078485489
2291.03355717659,32.48,30.59,30.03,29.38,-0.03,171,30.00,2125.302078485489
2291.6866912841797,32.44,30.57,30.03,29.36,-0.03,171,30.00,2125.302078485489
2292.0447261333466,32.48,30.57,30.02,29.38,-0.03,171,30.00,2125.302078485489
2292.5500485897064,32.46,30.57,30.02,29.36,-0.03,171,30.00,2125.302078485489
2293.1097989082336,32.46,30.57,30.02,29.34,-0.03,171,30.00,2125.302078485489
2293.6792817115784,32.46,30.55,30.02,29.36,-0.02,171,30.00,2125.302078485489
2294.098028898239,32.48,30.59,30.02,29.38,-0.02,171,30.00,2125.302078485489
2294.5713827610016,32.46,30.57,30.02,29.36,-0.02,171,30.00,2125.302078485489
2295.136167049408,32.46,30.57,30.02,29.36,-0.02,171,30.00,2125.302078485489
2295.714667081833,32.46,30.57,30.02,29.38,-0.02,171,30.00,2125.302078485489
2296.0882704257965,32.46,30.57,30.02,29.36,-0.02,171,30.00,2125.302078485489
2296.6429648399353,32.44,30.57,30.02,29.36,-0.02,171,30.00,2125.302078485489
2297.100377559662,32.42,30.53,30.02,29.34,-0.02,171,30.00,2125.302078485489
2297.7657911777496,32.46,30.57,30.02,29.36,-0.02,171,30.00,2125.302078485489
2298.1111903190613,32.46,30.59,30.02,29.36,-0.02,171,30.00,2125.302078485489
2298.669994354248,32.44,30.59,30.02,29.36,-0.02,171,30.00,2125.302078485489
2299.1207480430603,32.46,30.59,30.02,29.36,-0.02,171,30.00,2125.302078485489
2299.793397665024,32.48,30.59,30.02,29.36,-0.02,171,30.00,2125.302078485489
2300.133256673813,32.44,30.59,30.01,29.34,-0.02,171,30.00,2125.302078485489
2300.68559718132,32.42,30.57,30.01,29.34,-0.02,171,30.00,2125.302078485489
2301.144468307495,32.46,30.59,30.01,29.36,-0.02,171,30.00,2125.302078485489
2301.8186202049255,32.46,30.57,30.01,29.36,-0.01,171,30.00,2125.302078485489
2302.157551050186,32.46,30.57,30.01,29.34,-0.01,171,30.00,2125.302078485489
2302.712559700012,32.44,30.59,30.01,29.38,-0.01,171,30.00,2125.302078485489
2303.1660544872284,32.44,30.59,30.01,29.38,-0.01,171,30.00,2125.302078485489
2303.830556154251,32.46,30.57,30.01,29.38,-0.01,171,30.00,2125.302078485489
2304.178921699524,32.46,30.59,30.01,29.38,-0.01,171,30.00,2125.302078485489
2304.741124391556,32.42,30.59,30.01,29.36,-0.01,171,30.00,2125.302078485489
2305.1895740032196,32.46,30.59,30.01,29.38,-0.01,171,30.00,2125.302078485489
2305.8585999011993,32.46,30.57,30.01,29.38,-0.01,171,30.00,2125.302078485489
2306.1998312473297,32.46,30.59,30.01,29.38,-0.01,171,30.00,2125.302078485489
2306.748488664627,32.39,30.53,30.01,29.38,-0.01,171,30.00,2125.302078485489
2307.2114753723145,32.46,30.59,30.01,29.38,-0.01,171,30.00,2125.302078485489
2307.840305328369,32.46,30.57,30.01,29.36,-0.01,171,30.00,2125.302078485489
2308.247913122177,32.48,30.59,30.01,29.36,-0.01,171,30.00,2125.302078485489
2308.778158426285,32.44,30.55,30.01,29.32,-0.01,171,30.00,2125.302078485489
2309.23197722435,32.46,30.57,30.01,29.36,-0.01,171,30.00,2125.302078485489
2309.8676993846893,32.46,30.57,30.01,29.36,-0.01,171,30.00,2125.302078485489
2310.2440798282623,32.46,30.57,30.01,29.36,-0.01,171,30.00,2125.302078485489
2310.77982544899,32.48,30.59,30.01,29.38,-0.01,171,30.00,2125.302078485489
2311.2560455799103,32.46,30.57,30.01,29.36,-0.01,171,30.00,2125.302078485489
2311.8822014331818,32.42,30.57,30.01,29.36,-0.01,171,30.00,2125.302078485489
2312.266677379608,32.48,30.57,30.01,29.38,-0.01,171,30.00,2125.302078485489
2312.8271634578705,32.46,30.57,30.01,29.36,-0.01,171,30.00,2125.302078485489
2313.2778141498566,32.46,30.57,30.01,29.36,-0.01,171,30.00,2125.302078485489
2313.9441990852356,32.48,30.59,30.01,29.38,-0.01,171,30.00,2125.302078485489
2314.2893257141113,32.46,30.57,30.01,29.34,-0.01,171,30.00,2125.302078485489
2314.856340408325,32.46,30.57,30.01,29.36,-0.01,171,30.00,2125.302078485489
2315.3049745559692,32.48,30.57,30.01,29.36,-0.01,171,30.00,2125.302078485489
2315.973085165024,32.46,30.57,30.01,29.36,-0.01,171,30.00,2125.302078485489
2316.3116340637207,32.44,30.59,30.01,29.38,-0.01,171,30.00,2125.302078485489
2316.8712270259857,32.46,30.59,30.01,29.36,-0.01,171,30.00,2125.302078485489
2317.3231985569,32.46,30.59,30.01,29.38,-0.01,171,30.00,2125.302078485489
2317.9566650390625,32.46,30.59,30.01,29.38,-0.01,171,30.00,2125.302078485489
2318.3341991901398,32.46,30.61,30.01,29.38,-0.01,171,30.00,2125.302078485489
2318.8828308582306,32.46,30.59,30.01,29.38,-0.01,171,30.00,2125.302078485489
2319.343192100525,32.44,30.57,30.01,29.38,-0.01,171,30.00,2125.302078485489
2320.0046751499176,32.44,30.59,30.01,29.40,-0.01,171,30.00,2125.302078485489
2320.354718208313,32.44,30.61,30.01,29.40,-0.01,171,30.00,2125.302078485489
2320.910166978836,32.46,30.61,30.01,29.40,-0.01,171,30.00,2125.302078485489
2321.366678714752,32.44,30.59,30.01,29.38,-0.01,171,30.00,2125.302078485489
2322.0430731773376,32.44,30.59,30.01,29.38,-0.01,171,30.00,2125.302078485489
2322.37651515007,32.46,30.59,30.01,29.38,-0.01,171,30.00,2125.302078485489
2322.9344840049744,32.46,30.59,30.01,29.38,-0.01,171,30.00,2125.302078485489
2323.389610528946,32.46,30.59,30.01,29.38,-0.01,171,30.00,2125.302078485489
2324.0533168315887,32.48,30.59,30.01,29.38,-0.01,171,30.00,2125.302078485489
2324.3997354507446,32.46,30.57,30.01,29.38,-0.01,171,30.00,2125.302078485489
2324.963903427124,32.44,30.57,30.01,29.38,-0.01,171,30.00,2125.302078485489
2325.4134805202484,32.46,30.59,30.01,29.38,-0.01,171,30.00,2125.302078485489
2326.0801615715027,32.42,30.57,30.01,29.38,-0.01,171,30.00,2125.302078485489
2326.423094511032,32.46,30.55,30.01,29.38,-0.01,171,30.00,2125.302078485489
2326.9790127277374,32.44,30.57,30.01,29.36,-0.01,171,30.00,2125.302078485489
2327.433281183243,32.44,30.55,30.01,29.36,-0.01,171,30.00,2125.302078485489
2328.0937099456787,32.39,30.55,30.01,29.38,-0.01,171,30.00,2125.302078485489
2328.4449548721313,32.44,30.57,30.00,29.36,-0.01,171,30.00,2125.302078485489
2329.0077307224274,32.44,30.57,30.00,29.36,-0.01,171,30.00,2125.302078485489
2329.4564793109894,32.42,30.57,30.00,29.38,-0.01,171,30.00,2125.302078485489
2330.1270747184753,32.37,30.55,30.00,29.36,-0.00,171,30.00,2125.302078485489
2330.4676053524017,32.33,30.53,30.00,29.29,-0.00,171,30.00,2125.302078485489
2331.0150413513184,32.33,30.50,30.00,29.36,-0.00,171,30.00,2125.302078485489
2331.4780638217926,32.31,30.55,30.00,29.36,-0.00,171,30.00,2125.302078485489
2332.152112722397,32.33,30.55,30.00,29.36,-0.00,171,30.00,2125.302078485489
2332.488010406494,32.33,30.55,30.00,29.34,-0.00,171,30.00,2125.302078485489
2333.047697544098,32.31,30.55,30.00,29.34,-0.00,171,30.00,2125.302078485489
2333.5004556179047,32.31,30.53,30.00,29.34,-0.00,171,30.00,2125.302078485489
2334.1666028499603,32.31,30.50,30.00,29.32,0.00,171,30.00,2125.302078485489
2334.5102984905243,32.33,30.53,29.99,29.32,0.00,171,30.00,2125.302078485489
2335.073847055435,32.33,30.55,29.99,29.34,0.00,171,30.00,2125.302078485489
2335.52317237854,32.28,30.53,29.99,29.32,0.00,171,30.00,2125.302078485489
2336.1940472126007,32.31,30.55,29.99,29.32,0.01,172,30.00,2125.302078485489
2336.5329535007477,32.28,30.53,29.99,29.29,0.01,172,30.00,2125.302078485489
2337.091700077057,32.28,30.55,29.99,29.32,0.01,172,30.00,2125.302078485489
2337.5421113967896,32.26,30.53,29.99,29.29,0.01,172,30.00,2125.302078485489
2338.2055258750916,32.28,30.53,29.99,29.29,0.01,172,30.00,2125.302078485489
2338.554691553116,32.31,30.53,29.99,29.29,0.01,172,30.00,2125.302078485489
2339.1177570819855,32.31,30.55,29.99,29.32,0.01,172,30.00,2125.302078485489
2339.570214509964,32.31,30.50,29.99,29.27,0.01,172,30.00,2125.302078485489
2340.239810228348,32.31,30.53,29.99,29.29,0.01,172,30.00,2125.302078485489
2340.577257156372,32.31,30.50,29.98,29.27,0.01,172,30.00,2125.302078485489
2341.1306931972504,32.28,30.50,29.98,29.25,0.01,172,30.00,2125.302078485489
2341.5871307849884,32.26,30.50,29.98,29.32,0.01,172,30.00,2125.302078485489
2342.248415708542,32.35,30.55,29.98,29.32,0.02,172,30.00,2125.302078485489
2342.5992465019226,32.33,30.53,29.98,29.32,0.02,172,30.00,2125.302078485489
2343.162312746048,32.35,30.53,29.98,29.29,0.02,172,30.00,2125.302078485489
2343.610116958618,32.31,30.48,29.98,29.29,0.02,172,30.00,2125.302078485489
2344.2735979557037,32.35,30.55,29.98,29.34,0.02,172,30.00,2125.302078485489
2344.6218588352203,32.35,30.57,29.98,29.34,0.02,172,30.00,2125.302078485489
2345.171727657318,32.35,30.57,29.98,29.34,0.02,172,30.00,2125.302078485489
2345.631644487381,32.35,30.57,29.98,29.32,0.02,172,30.00,2125.302078485489
2346.3074634075165,32.35,30.57,29.98,29.34,0.02,172,30.00,2125.302078485489
2346.64226102829,32.35,30.55,29.98,29.36,0.02,172,30.00,2125.302078485489
2347.200068473816,32.33,30.57,29.98,29.38,0.02,172,30.00,2125.302078485489
2347.65452170372,32.31,30.55,29.98,29.36,0.02,172,30.00,2125.302078485489
2348.313892841339,32.31,30.55,29.98,29.38,0.02,172,30.00,2125.302078485489
2348.6644701957703,32.26,30.50,29.98,29.32,0.02,172,30.00,2125.302078485489
2349.2290995121,32.28,30.55,29.98,29.34,0.02,172,30.00,2125.302078485489
2349.6768782138824,32.28,30.57,29.98,29.38,0.02,172,30.00,2125.302078485489
2350.349834918976,32.26,30.55,29.98,29.36,0.02,172,30.00,2125.302078485489
2350.6893429756165,32.26,30.55,29.98,29.36,0.02,172,30.00,2125.302078485489
2351.2474200725555,32.19,30.55,29.97,29.34,0.02,172,30.00,2125.302078485489
2351.6998941898346,32.22,30.55,29.97,29.34,0.02,172,30.00,2125.302078485489
2352.3322212696075,32.24,30.53,29.97,29.34,0.03,172,30.00,2125.302078485489
2352.711174726486,32.22,30.53,29.97,29.34,0.03,172,30.00,2125.302078485489
2353.2719893455505,32.24,30.53,29.97,29.34,0.03,172,30.00,2125.302078485489
2353.719961643219,32.24,30.50,29.97,29.29,0.03,172,30.00,2125.302078485489
2354.389630317688,32.22,30.48,29.97,29.29,0.03,172,30.00,2125.302078485489
2354.7328855991364,32.19,30.53,29.97,29.34,0.03,172,30.00,2125.302078485489
2355.288087129593,32.26,30.53,29.97,29.34,0.03,172,30.00,2125.302078485489
2355.7422666549683,32.28,30.50,29.97,29.34,0.03,172,30.00,2125.302078485489
2356.42028093338,32.28,30.48,29.97,29.32,0.03,172,30.00,2125.302078485489
2356.755208969116,32.31,30.53,29.96,29.34,0.03,172,30.00,2125.302078485489
2357.3107991218567,32.31,30.48,29.96,29.32,0.03,172,30.00,2125.302078485489
2357.7662127017975,32.33,30.48,29.96,29.29,0.03,172,30.00,2125.302078485489
2358.4314806461334,32.33,30.50,29.96,29.32,0.04,172,30.00,2125.302078485489
2358.7770726680756,32.33,30.50,29.96,29.32,0.04,172,30.00,2125.302078485489
2359.336371898651,32.35,30.50,29.96,29.32,0.04,172,30.00,2125.302078485489
2359.787866830826,32.37,30.50,29.96,29.32,0.04,172,30.00,2125.302078485489
2360.4590167999268,32.35,30.48,29.96,29.29,0.04,172,30.00,2125.302078485489
2360.7994282245636,32.33,30.48,29.96,29.32,0.04,172,30.00,2125.302078485489
2361.3500571250916,32.37,30.50,29.95,29.32,0.04,172,30.00,2125.302078485489
2361.8098006248474,32.35,30.53,29.95,29.29,0.04,172,30.00,2125.302078485489
2362.4903955459595,32.37,30.53,29.95,29.29,0.05,172,30.00,2125.302078485489
2362.8199639320374,32.35,30.50,29.95,29.29,0.05,172,30.00,2125.302078485489
2363.3787817955017,32.33,30.50,29.95,29.25,0.05,172,30.00,2125.302078485489
2363.8326025009155,32.37,30.53,29.95,29.29,0.05,172,30.00,2125.302078485489
2364.497911453247,32.39,30.53,29.95,29.32,0.05,172,30.00,2125.302078485489
2364.8432726860046,32.37,30.50,29.95,29.29,0.05,172,30.00,2125.302078485489
2365.386265039444,32.39,30.53,29.95,29.29,0.05,172,30.00,2125.302078485489
2365.8555738925934,32.39,30.50,29.95,29.25,0.05,172,30.00,2125.302078485489
2366.530577659607,32.42,30.53,29.95,29.29,0.05,172,30.00,2125.302078485489
2366.86439538002,32.39,30.50,29.95,29.23,0.05,172,30.00,2125.302078485489
2367.4187598228455,32.39,30.50,29.95,29.27,0.05,172,30.00,2125.302078485489
2367.875659942627,32.44,30.53,29.95,29.27,0.05,172,30.00,2125.302078485489
2368.5397005081177,32.44,30.53,29.95,29.27,0.05,172,30.00,2125.302078485489
2368.8868322372437,32.44,30.53,29.95,29.29,0.05,172,30.00,2125.302078485489
2369.444951057434,32.44,30.55,29.95,29.29,0.05,172,30.00,2125.302078485489
2369.897830247879,32.46,30.55,29.95,29.32,0.05,172,30.00,2125.302078485489
2370.5721266269684,32.44,30.55,29.95,29.29,0.05,172,30.00,2125.302078485489
2370.90966629982,32.46,30.57,29.95,29.32,0.05,172,30.00,2125.302078485489
2371.464658498764,32.46,30.53,29.95,29.27,0.05,172,30.00,2125.302078485489
2371.921852350235,32.44,30.55,29.95,29.32,0.05,172,30.00,2125.302078485489
2372.5910806655884,32.44,30.55,29.95,29.29,0.05,172,30.00,2125.302078485489
2372.9329726696014,32.42,30.55,29.95,29.29,0.05,172,30.00,2125.302078485489
2373.481233358383,32.46,30.57,29.95,29.32,0.05,172,30.00,2125.302078485489
2373.943740129471,32.48,30.55,29.95,29.29,0.05,172,30.00,2125.302078485489
2374.610906124115,32.46,30.55,29.95,29.29,0.05,172,30.00,2125.302078485489
2374.954228401184,32.48,30.55,29.95,29.32,0.05,172,30.00,2125.302078485489
2375.5120425224304,32.46,30.57,29.95,29.32,0.05,172,30.00,2125.302078485489
2375.965958595276,32.44,30.50,29.95,29.32,0.05,172,30.00,2125.302078485489
2376.639389038086,32.48,30.55,29.95,29.29,0.05,172,30.00,2125.302078485489
2376.977441549301,32.46,30.57,29.95,29.34,0.05,172,30.00,2125.302078485489
2377.531309604645,32.46,30.55,29.96,29.29,0.05,172,30.00,2125.302078485489
2377.9887561798096,32.42,30.53,29.96,29.25,0.05,172,30.00,2125.302078485489
2378.639593601227,32.44,30.57,29.96,29.32,0.04,172,30.00,2125.302078485489
2378.9999735355377,32.37,30.55,29.96,29.29,0.04,172,30.00,2125.302078485489
2379.548701763153,32.39,30.57,29.96,29.32,0.04,172,30.00,2125.302078485489
2380.0103850364685,32.37,30.59,29.96,29.34,0.04,172,30.00,2125.302078485489
2380.6826367378235,32.37,30.59,29.96,29.32,0.04,172,30.00,2125.302078485489
2381.020497083664,32.33,30.57,29.96,29.32,0.04,172,30.00,2125.302078485489
2381.5830936431885,32.31,30.57,29.96,29.32,0.04,172,30.00,2125.302078485489
2382.032946586609,32.28,30.61,29.96,29.34,0.04,172,30.00,2125.302078485489
2382.6976459026337,32.33,30.59,29.96,29.36,0.04,172,30.00,2125.302078485489
2383.0445523262024,32.28,30.59,29.96,29.34,0.04,172,30.00,2125.302078485489
2383.6074748039246,32.33,30.59,29.96,29.34,0.04,172,30.00,2125.302078485489
2384.0586647987366,32.33,30.59,29.97,29.34,0.04,172,30.00,2125.302078485489
2384.729249715805,32.33,30.57,29.97,29.32,0.03,172,30.00,2125.302078485489
2385.0649964809418,32.37,30.59,29.97,29.36,0.03,172,30.00,2125.302078485489
2385.6204335689545,32.39,30.61,29.97,29.36,0.03,172,30.00,2125.302078485489
2386.0771946907043,32.37,30.59,29.97,29.36,0.03,172,30.00,2125.302078485489
2386.7429909706116,32.39,30.59,29.97,29.38,0.03,172,30.00,2125.302078485489
2387.088985681534,32.39,30.59,29.97,29.38,0.03,172,30.00,2125.302078485489
2387.654965877533,32.37,30.57,29.97,29.36,0.03,172,30.00,2125.302078485489
2388.104121208191,32.39,30.57,29.97,29.36,0.03,172,30.00,2125.302078485489
2388.7706356048584,32.37,30.55,29.97,29.32,0.03,172,30.00,2125.302078485489
2389.1091096401215,32.35,30.55,29.97,29.38,0.03,172,30.00,2125.302078485489
2389.6650669574738,32.37,30.57,29.97,29.34,0.03,172,30.00,2125.302078485489
2390.121341228485,32.39,30.57,29.97,29.36,0.03,172,30.00,2125.302078485489
2390.7858839035034,32.39,30.55,29.97,29.36,0.03,172,30.00,2125.302078485489
2391.133243083954,32.39,30.59,29.97,29.36,0.03,172,30.00,2125.302078485489
2391.696761608124,32.42,30.57,29.97,29.36,0.03,172,30.00,2125.302078485489
2392.1437497138977,32.39,30.57,29.97,29.36,0.03,172,30.00,2125.302078485489
2392.81476688385,32.35,30.55,29.97,29.34,0.03,172,30.00,2125.302078485489
2393.1540575027466,32.39,30.57,29.97,29.34,0.03,172,30.00,2125.302078485489
2393.706222295761,32.42,30.57,29.97,29.34,0.03,172,30.00,2125.302078485489
2394.165418624878,32.42,30.57,29.97,29.34,0.03,172,30.00,2125.302078485489
2394.825463294983,32.42,30.55,29.97,29.32,0.03,172,30.00,2125.302078485489
2395.1777625083923,32.44,30.55,29.97,29.34,0.03,172,30.00,2125.302078485489
2395.74147939682,32.39,30.55,29.97,29.34,0.03,172,30.00,2125.302078485489
2396.187005519867,32.46,30.55,29.97,29.32,0.03,172,30.00,2125.302078485489
2396.8561449050903,32.46,30.55,29.97,29.34,0.03,172,30.00,2125.302078485489
2397.199729681015,32.46,30.57,29.97,29.34,0.03,172,30.00,2125.302078485489
2397.7642838954926,32.42,30.50,29.97,29.27,0.03,172,30.00,2125.302078485489
2398.2139101028442,32.46,30.55,29.97,29.32,0.03,172,30.00,2125.302078485489
2398.8813421726227,32.46,30.55,29.97,29.32,0.03,172,30.00,2125.302078485489
2399.2221426963806,32.44,30.50,29.97,29.27,0.03,172,30.00,2125.302078485489
2399.7578480243683,32.48,30.55,29.97,29.32,0.03,172,30.00,2125.302078485489
2400.2333776950836,32.46,30.53,29.97,29.29,0.03,172,30.00,2125.302078485489
2400.909278154373,32.48,30.53,29.97,29.32,0.03,172,30.00,2125.302078485489
2401.243943452835,32.46,30.53,29.97,29.32,0.03,172,30.00,2125.302078485489
2401.798732280731,32.48,30.53,29.97,29.32,0.03,172,30.00,2125.302078485489
2402.2538113594055,32.48,30.55,29.97,29.32,0.03,172,30.00,2125.302078485489
2402.920178413391,32.46,30.50,29.97,29.29,0.03,172,30.00,2125.302078485489
2403.26469874382,32.48,30.53,29.97,29.32,0.03,172,30.00,2125.302078485489
2403.8185708522797,32.48,30.53,29.97,29.32,0.03,172,30.00,2125.302078485489
2404.275650024414,32.42,30.48,29.96,29.29,0.03,172,30.00,2125.302078485489
2404.9299528598785,32.44,30.53,29.96,29.34,0.04,172,30.00,2125.302078485489
2405.2871532440186,32.42,30.53,29.96,29.36,0.04,172,30.00,2125.302078485489
2405.8369467258453,32.39,30.50,29.96,29.32,0.04,172,30.00,2125.302078485489
2406.299624443054,32.37,30.53,29.96,29.36,0.04,172,30.00,2125.302078485489
2406.9696950912476,32.35,30.50,29.96,29.34,0.04,172,30.00,2125.302078485489
2407.309906721115,32.31,30.53,29.96,29.34,0.04,172,30.00,2125.302078485489
2407.8505589962006,32.31,30.53,29.96,29.34,0.04,172,30.00,2125.302078485489
2408.321839570999,32.31,30.53,29.96,29.36,0.04,172,30.00,2125.302078485489
2408.9881031513214,32.26,30.48,29.96,29.29,0.04,173,30.00,2125.302078485489
2409.333572626114,32.31,30.55,29.96,29.38,0.04,173,30.00,2125.302078485489
2409.8951823711395,32.28,30.53,29.96,29.36,0.04,173,30.00,2125.302078485489
2410.34605550766,32.22,30.50,29.96,29.36,0.04,173,30.00,2125.302078485489
2411.016136407852,32.26,30.50,29.96,29.34,0.04,173,30.00,2125.302078485489
2411.3555686473846,32.26,30.50,29.96,29.34,0.04,173,30.00,2125.302078485489
2411.9093103408813,32.26,30.50,29.96,29.36,0.04,173,30.00,2125.302078485489
2412.366188287735,32.24,30.48,29.96,29.36,0.04,173,30.00,2125.302078485489
2413.041283607483,32.26,30.48,29.96,29.36,0.04,173,30.00,2125.302078485489
2413.376696586609,32.26,30.50,29.95,29.38,0.04,173,30.00,2125.302078485489
2413.934721469879,32.24,30.50,29.95,29.36,0.04,173,30.00,2125.302078485489
2414.3888947963715,32.22,30.48,29.95,29.36,0.04,173,30.00,2125.302078485489
2415.038482904434,32.24,30.50,29.95,29.36,0.05,173,30.00,2125.302078485489
2415.3999931812286,32.22,30.50,29.95,29.36,0.05,173,30.00,2125.302078485489
2415.96080827713,32.17,30.46,29.95,29.34,0.05,173,30.00,2125.302078485489
2416.4119684696198,32.22,30.50,29.95,29.36,0.05,173,30.00,2125.302078485489
2417.0791466236115,32.19,30.50,29.95,29.36,0.05,173,30.00,2125.302078485489
